#
# A fatal error has been detected by the Java Runtime Environment:
#
#  SIGSEGV (0xb) at pc=0x0000fffea439c670, pid=314011, tid=314033
#
# JRE version: OpenJDK Runtime Environment JBR-25.0.3+9-480.61-nomod (25.0.3+9) (build 25.0.3+9-b480.61)
# Java VM: OpenJDK 64-Bit Server VM JBR-25.0.3+9-480.61-nomod (25.0.3+9-b480.61, mixed mode, sharing, tiered, compressed oops, compressed class ptrs, g1 gc, linux-aarch64)
# Problematic frame:
# C  [libopenal.so+0x9c670]
#
# Core dump will be written. Default location: Determined by the following: "/usr/lib/systemd/systemd-coredump %P %u %g %s %t %c %h %d %F" (alternatively, falling back to /home/anguscrump/Documents/Coding/ribbon-world/run/core.314011)
#
# If you would like to submit a bug report, please visit:
#   https://youtrack.jetbrains.com/issues/JBR
#

---------------  S U M M A R Y ------------

Command Line: -Dfabric.dli.config=/home/anguscrump/Documents/Coding/ribbon-world/.gradle/loom-cache/launch.cfg -Dfabric.dli.env=client -Dfabric.dli.main=net.fabricmc.loader.impl.launch.knot.KnotClient --sun-misc-unsafe-memory-access=allow --enable-native-access=ALL-UNNAMED --sun-misc-unsafe-memory-access=allow --enable-native-access=ALL-UNNAMED -Dfile.encoding=UTF-8 -Duser.country=AU -Duser.language=en -Duser.variant -Dawt.toolkit.name=XToolkit net.fabricmc.devlaunchinjector.Main

Host: AArch64, 10 cores, 15G, Fedora Asahi Remix release 44 (Forty Four)
Time: Tue May 19 22:16:13 2026 AEST elapsed time: 143.691925 seconds (0d 0h 2m 23s)

---------------  T H R E A D  ---------------

Current thread (0x0000ffff7020da80):  VMThread "VM Thread"          [id=314033, stack(0x0000ffff74654000,0x0000ffff74854000) (2048K)]

Stack: [0x0000ffff74654000,0x0000ffff74854000],  sp=0x0000ffff748521b0,  free space=2040k
Native frames: (J=compiled Java code, j=interpreted, Vv=VM code, C=native code)
C  [libopenal.so+0x9c670]
C  [libc.so.6+0x3eb2c]  __run_exit_handlers+0x1ac
C  [libc.so.6+0x3ec20]  internal_addseverity+0x0
V  [libjvm.so+0xc7c05c]
V  [libjvm.so+0x88dad0]  vm_exit(int)+0x0
V  [libjvm.so+0xf8e1c4]  VM_Operation::evaluate()+0xf4
V  [libjvm.so+0xf91550]  VMThread::evaluate_operation(VM_Operation*)+0xb0
V  [libjvm.so+0xf92138]  VMThread::inner_execute(VM_Operation*)+0x2d8
V  [libjvm.so+0xf92450]  VMThread::run()+0xac
V  [libjvm.so+0xef92b8]  Thread::call_run()+0xa8
V  [libjvm.so+0xc71af4]  thread_native_entry(Thread*)+0xe0
C  [libc.so.6+0x8f81c]  start_thread+0x3bc

siginfo: si_signo: 11 (SIGSEGV), si_code: 1 (SEGV_MAPERR), si_addr: 0x0000000000000000

Registers:
R0=0x0000fffea44b4c38
R1=0x0000000000000000
R2=0x0000000000000000
R3=0x0000000000000000
R4=0x0000fffe90000030
R5=0x0000000042600dfc
R6=0x0000000000000400
R7=0x0000ffff38000980
R8=0x0000fffe900020f0
R9=0x0d9d3b6288964615
R10=0x0000000000000054
R11=0x0000ffff796f66e8
R12=0x0000000000000030
R13=0x0000ffff74853880
R14=0x0000000000000000
R15=0x0000ffff38065860
R16=0x0000000000000001
R17=0x0000ffff795d1b40
R18=0x0000000000000003
R19=0x0000fffe900020f0
R20=0x0000fffe900021a0
R21=0x0000fffea44b4be8
R22=0x0000fffe900020d0
R23=0x0000fffea44b4b58
R24=0x0000fffea44b4c68
R25=0x0000ffff72996670
R26=0x0000000000000b2b
R27=0x0000fffea439c5a4
R28=0x0000fffea44b4be8
R29=0x0000ffff748521b0
R30=0x0000fffea439c660


Register to memory mapping:

R0 =0x0000fffea44b4c38: <offset 0x00000000001b4c38> in /tmp/lwjgl_anguscrump/3.4.1-snapshot/arm64/libopenal.so at 0x0000fffea4300000
R1 =0x0 is null
R2 =0x0 is null
R3 =0x0 is null
R4 =0x0000fffe90000030 points into unknown readable memory: 0x0000000200000000 | 00 00 00 00 02 00 00 00
R5 =0x0000000042600dfc is an unknown value
R6 =0x0000000000000400 is an unknown value
R7 =0x0000ffff38000980 points into unknown readable memory: 0x0000000200000002 | 02 00 00 00 02 00 00 00
R8 =0x0000fffe900020f0 points into unknown readable memory: 0x0000000000000000 | 00 00 00 00 00 00 00 00
R9 =0x0d9d3b6288964615 is an unknown value
R10=0x0000000000000054 is an unknown value
R11=0x0000ffff796f66e8: <offset 0x00000000001c66e8> in /lib64/libc.so.6 at 0x0000ffff79530000
R12=0x0000000000000030 is an unknown value
R13=0x0000ffff74853880 points into unknown readable memory: 0x0000ffff40002e10 | 10 2e 00 40 ff ff 00 00
R14=0x0 is null
R15=0x0000ffff38065860 points into unknown readable memory: 0x0000000000000040 | 40 00 00 00 00 00 00 00
R16=0x0000000000000001 is an unknown value
R17=0x0000ffff795d1b40: __libc_free+0x0000000000000000 in /lib64/libc.so.6 at 0x0000ffff79530000
R18=0x0000000000000003 is an unknown value
R19=0x0000fffe900020f0 points into unknown readable memory: 0x0000000000000000 | 00 00 00 00 00 00 00 00
R20=0x0000fffe900021a0 points into unknown readable memory: 0x0000fffe900000d8 | d8 00 00 90 fe ff 00 00
R21=0x0000fffea44b4be8: <offset 0x00000000001b4be8> in /tmp/lwjgl_anguscrump/3.4.1-snapshot/arm64/libopenal.so at 0x0000fffea4300000
R22=0x0000fffe900020d0 points into unknown readable memory: 0x0000fffe90001ee0 | e0 1e 00 90 fe ff 00 00
R23=0x0000fffea44b4b58: <offset 0x00000000001b4b58> in /tmp/lwjgl_anguscrump/3.4.1-snapshot/arm64/libopenal.so at 0x0000fffea4300000
R24=0x0000fffea44b4c68: <offset 0x00000000001b4c68> in /tmp/lwjgl_anguscrump/3.4.1-snapshot/arm64/libopenal.so at 0x0000fffea4300000
R25=0x0000ffff72996670 points into unknown readable memory: 0x0000ffff729565d0 | d0 65 95 72 ff ff 00 00
R26=0x0000000000000b2b is an unknown value
R27=0x0000fffea439c5a4: <offset 0x000000000009c5a4> in /tmp/lwjgl_anguscrump/3.4.1-snapshot/arm64/libopenal.so at 0x0000fffea4300000
R28=0x0000fffea44b4be8: <offset 0x00000000001b4be8> in /tmp/lwjgl_anguscrump/3.4.1-snapshot/arm64/libopenal.so at 0x0000fffea4300000
R29=0x0000ffff748521b0 points into unknown readable memory: 0x0000ffff748521f0 | f0 21 85 74 ff ff 00 00
R30=0x0000fffea439c660: <offset 0x000000000009c660> in /tmp/lwjgl_anguscrump/3.4.1-snapshot/arm64/libopenal.so at 0x0000fffea4300000

Top of Stack: (sp=0x0000ffff748521b0)
0x0000ffff748521b0:   0000ffff748521f0 0000ffff7956eb2c   .!.t....,.Vy....
0x0000ffff748521c0:   0000ffff796f1000 0000ffff796f2210   ..oy....."oy....
0x0000ffff748521d0:   0000ffff797b3c78 0000000000000000   x<{y............
0x0000ffff748521e0:   0000ffff796f0658 0000ffff796f2000   X.oy..... oy....
0x0000ffff748521f0:   0000ffff74852260 001affff7956ec20   `".t.... .Vy....
0x0000ffff74852200:   0000000000000000 0000ffff77e3b938   ........8..w....
0x0000ffff74852210:   0000ffff77e3b938 0000ffff400023c0   8..w.....#.@....
0x0000ffff74852220:   0000ffff400023d8 0000ffff400027b0   .#.@.....'.@....
0x0000ffff74852230:   00000000000003d8 0000ffff7947fc18   ..........Gy....
0x0000ffff74852240:   00000000000003d8 0000ffff7947fc18   ..........Gy....
0x0000ffff74852250:   0000ffff7020e050 0000ffff00000001   P. p............
0x0000ffff74852260:   0000ffff74852270 0067ffff78bbc05c   p".t....\..x..g.
0x0000ffff74852270:   0000ffff74852280 0000ffff787cdad0   .".t......|x....
0x0000ffff74852280:   0000ffff748522a0 0000ffff78ece1c4   .".t.......x....
0x0000ffff74852290:   0000ffff7020e050 0000ffff78501e60   P. p....`.Px....
0x0000ffff748522a0:   0000ffff748523b0 0000ffff78ed1550   .#.t....P..x....
0x0000ffff748522b0:   0000ffff7020e050 0000ffff793ad000   P. p......:y....
0x0000ffff748522c0:   0000ffff77e3b938 0000ffff74853880   8..w.....8.t....
0x0000ffff748522d0:   0000ffff400023c0 0000ffff7020da80   .#.@...... p....
0x0000ffff748522e0:   0000ffff400023d8 0000ffff400027b0   .#.@.....'.@....
0x0000ffff748522f0:   00000000000003d8 0000ffff793a7000   .........p:y....
0x0000ffff74852300:   ffffff0f00000000 0000000000000000   ................
0x0000ffff74852310:   0000000000000014 0000000000000000   ................
0x0000ffff74852320:   3fc9ba5e353f7cee 0000000000000000   .|?5^..?........
0x0000ffff74852330:   0000ffff74852350 0000ffff78c5f3f8   P#.t.......x....
0x0000ffff74852340:   0000ffff74852380 0000000000000000   .#.t............
0x0000ffff74852350:   0000ffff74852360 0045ffff795f8b04   `#.t......_y..E.
0x0000ffff74852360:   0000ffff74852370 0001ffff78bbcd64   p#.t....d..x....
0x0000ffff74852370:   0000ffff74852390 0000ffff78e494c0   .#.t.......x....
0x0000ffff74852380:   0000000000005844 000000000b09228b   DX......."......
0x0000ffff74852390:   0000ffff748523b0 0000ffff78ed152c   .#.t....,..x....
0x0000ffff748523a0:   0000ffff7020e050 b7ab7a826606ac00   P. p.......f.z..

Instructions: (pc=0x0000fffea439c670)
  0x0000fffea439c570:   80 08 00 90 00 e0 44 f9 e2 27 40 f9 01 00 40 f9
  0x0000fffea439c580:   42 00 01 eb 01 00 80 d2 61 00 00 54 fd 7b c5 a8
  0x0000fffea439c590:   c0 03 5f d6 df d8 fd 97 fa d8 fd 97 0d db fd 97
  0x0000fffea439c5a0:   f4 ff ff 17 fd 7b bc a9 fd 03 00 91 f5 5b 02 a9
  0x0000fffea439c5b0:   f5 03 00 aa 00 00 40 f9 f3 53 01 a9 f7 63 03 a9
  0x0000fffea439c5c0:   80 00 00 b4 c1 08 00 90 21 bc 45 f9 20 00 3f d6
  0x0000fffea439c5d0:   a0 62 43 39 80 09 00 35 b3 42 40 f9 b8 02 02 91
  0x0000fffea439c5e0:   16 07 40 f9 7f 02 16 eb 20 03 00 54 d7 08 00 90
  0x0000fffea439c5f0:   f7 62 2d 91 1f 20 03 d5 74 02 40 f9 14 02 00 b4
  0x0000fffea439c600:   e0 03 14 aa 82 0e 40 f9 01 0c 41 f8 03 10 40 f9
  0x0000fffea439c610:   41 00 00 f9 22 04 00 f9 43 00 00 b4 60 00 3f d6
  0x0000fffea439c620:   80 06 40 f9 60 00 00 b4 e1 16 40 f9 20 00 3f d6
  0x0000fffea439c630:   e0 03 14 aa 01 08 80 d2 ca d9 fd 97 73 22 00 91
  0x0000fffea439c640:   df 02 13 eb a1 fd ff 54 b6 42 40 f9 b6 00 00 b4
  0x0000fffea439c650:   01 0b 40 f9 e0 03 16 aa 21 00 16 cb c1 d9 fd 97
  0x0000fffea439c660:   e0 03 15 aa a2 2e 40 f9 01 0c 45 f8 03 10 40 f9
=>0x0000fffea439c670:   41 00 00 f9 22 04 00 f9 43 00 00 b4 60 00 3f d6
  0x0000fffea439c680:   e0 03 15 aa a2 16 40 f9 01 0c 42 f8 03 10 40 f9
  0x0000fffea439c690:   41 00 00 f9 22 04 00 f9 43 00 00 b4 60 00 3f d6
  0x0000fffea439c6a0:   a0 0e 40 f9 80 00 00 b4 c1 08 00 90 21 c0 45 f9
  0x0000fffea439c6b0:   20 00 3f d6 a0 0a 40 f9 80 00 00 b4 c1 08 00 90
  0x0000fffea439c6c0:   21 c4 45 f9 20 00 3f d6 a0 06 40 f9 80 00 00 b4
  0x0000fffea439c6d0:   c1 08 00 90 21 c8 45 f9 20 00 3f d6 a0 02 40 f9
  0x0000fffea439c6e0:   80 00 00 b4 c1 08 00 90 21 cc 45 f9 20 00 3f d6
  0x0000fffea439c6f0:   f3 53 41 a9 f5 5b 42 a9 f7 63 43 a9 fd 7b c4 a8
  0x0000fffea439c700:   c0 03 5f d6 e0 03 15 aa bf 62 03 39 a2 5a 40 f9
  0x0000fffea439c710:   01 8c 4a f8 03 10 40 f9 41 00 00 f9 22 04 00 f9
  0x0000fffea439c720:   43 00 00 b4 60 00 3f d6 a0 52 40 f9 60 f5 ff b4
  0x0000fffea439c730:   c1 08 00 90 21 c0 45 f9 20 00 3f d6 a7 ff ff 17
  0x0000fffea439c740:   fd 7b bd a9 fd 03 00 91 f3 53 01 a9 53 00 01 cb
  0x0000fffea439c750:   f4 03 00 aa f5 13 00 f9 f5 03 01 aa 7f 3e 00 f1
  0x0000fffea439c760:   08 03 00 54 00 00 40 f9 7f 06 00 f1 41 01 00 54


Stack slot to memory mapping:

stack at sp + 0 slots: 0x0000ffff748521f0 points into unknown readable memory: 0x0000ffff74852260 | 60 22 85 74 ff ff 00 00
stack at sp + 1 slots: 0x0000ffff7956eb2c: <offset 0x000000000003eb2c> in /lib64/libc.so.6 at 0x0000ffff79530000
stack at sp + 2 slots: 0x0000ffff796f1000: <offset 0x00000000001c1000> in /lib64/libc.so.6 at 0x0000ffff79530000
stack at sp + 3 slots: 0x0000ffff796f2210: <offset 0x00000000001c2210> in /lib64/libc.so.6 at 0x0000ffff79530000
stack at sp + 4 slots: 0x0000ffff797b3c78: __pointer_chk_guard+0x0000000000000000 in /lib/ld-linux-aarch64.so.1 at 0x0000ffff79774000
stack at sp + 5 slots: 0x0 is null
stack at sp + 6 slots: 0x0000ffff796f0658: <offset 0x00000000001c0658> in /lib64/libc.so.6 at 0x0000ffff79530000
stack at sp + 7 slots: 0x0000ffff796f2000: <offset 0x00000000001c2000> in /lib64/libc.so.6 at 0x0000ffff79530000

VM_Operation (0x0000ffff77e3b938): Exit, mode: safepoint, requested by thread 0x0000ffff700316d0


---------------  P R O C E S S  ---------------

Threads class SMR info:
_java_thread_list=0x0000fffe14930af0, length=20, elements={
0x0000ffff700316d0, 0x0000ffff70215690, 0x0000ffff70218ed0, 0x0000ffff7021a7b0,
0x0000ffff7021c230, 0x0000ffff7021db90, 0x0000ffff7021f440, 0x0000ffff70221200,
0x0000ffff70222c20, 0x0000ffff7025c410, 0x0000ffff7188cb80, 0x0000ffff72362ab0,
0x0000ffff725a1d40, 0x0000ffff725adaa0, 0x0000fffe483b1da0, 0x0000ffff71776c90,
0x0000fffe283b6740, 0x0000fffe48663cc0, 0x0000fffe4865f0c0, 0x0000ffff709f97e0
}

Java Threads: ( => current thread )
  0x0000ffff700316d0 JavaThread "Render thread"                     [_thread_blocked, id=314023, stack(0x0000ffff77c40000,0x0000ffff77e3e000) (2040K)]
  0x0000ffff70215690 JavaThread "Common-Cleaner"             daemon [_thread_blocked, id=314034, stack(0x0000ffff74854000,0x0000ffff74a64000) (2112K)]
  0x0000ffff70218ed0 JavaThread "Reference Handler"          daemon [_thread_blocked, id=314035, stack(0x0000ffff74248000,0x0000ffff74448000) (2048K)]
  0x0000ffff7021a7b0 JavaThread "Finalizer"                  daemon [_thread_blocked, id=314036, stack(0x0000ffff74048000,0x0000ffff74248000) (2048K)]
  0x0000ffff7021c230 JavaThread "Signal Dispatcher"          daemon [_thread_blocked, id=314037, stack(0x0000ffff591dc000,0x0000ffff593dc000) (2048K)]
  0x0000ffff7021db90 JavaThread "Service Thread"             daemon [_thread_blocked, id=314038, stack(0x0000ffff58fdc000,0x0000ffff591dc000) (2048K)]
  0x0000ffff7021f440 JavaThread "Monitor Deflation Thread"   daemon [_thread_blocked, id=314039, stack(0x0000ffff58ddc000,0x0000ffff58fdc000) (2048K)]
  0x0000ffff70221200 JavaThread "C2 CompilerThread0"         daemon [_thread_blocked, id=314040, stack(0x0000ffff58bdc000,0x0000ffff58ddc000) (2048K)]
  0x0000ffff70222c20 JavaThread "C1 CompilerThread0"         daemon [_thread_blocked, id=314041, stack(0x0000ffff589dc000,0x0000ffff58bdc000) (2048K)]
  0x0000ffff7025c410 JavaThread "Notification Thread"        daemon [_thread_blocked, id=314042, stack(0x0000ffff587dc000,0x0000ffff589dc000) (2048K)]
  0x0000ffff7188cb80 JavaThread "JNA Cleaner"                daemon [_thread_blocked, id=314082, stack(0x0000ffff4c5c0000,0x0000ffff4c7c0000) (2048K)]
  0x0000ffff72362ab0 JavaThread "Timer hack thread"          daemon [_thread_blocked, id=314117, stack(0x0000ffff4c9c0000,0x0000ffff4cbc0000) (2048K)]
  0x0000ffff725a1d40 JavaThread "Yggdrasil Key Fetcher"      daemon [_thread_blocked, id=314118, stack(0x0000ffff4d3c0000,0x0000ffff4d5c0000) (2048K)]
  0x0000ffff725adaa0 JavaThread "Download-1"                 daemon [_thread_blocked, id=314119, stack(0x0000ffff58290000,0x0000ffff58490000) (2048K)]
  0x0000fffe483b1da0 JavaThread "Netty Local IO #0"          daemon [_thread_blocked, id=314317, stack(0x0000fffe59080000,0x0000fffe59280000) (2048K)]
  0x0000ffff71776c90 JavaThread "Netty Local IO #1"          daemon [_thread_blocked, id=314318, stack(0x0000fffe426f0000,0x0000fffe428f0000) (2048K)]
  0x0000fffe283b6740 JavaThread "Netty Local IO #2"          daemon [_thread_blocked, id=314319, stack(0x0000fffe424f0000,0x0000fffe426f0000) (2048K)]
  0x0000fffe48663cc0 JavaThread "Download-3"                 daemon [_thread_blocked, id=315168, stack(0x0000fffe65e00000,0x0000fffe66000000) (2048K)]
  0x0000fffe4865f0c0 JavaThread "Download-4"                 daemon [_thread_blocked, id=315169, stack(0x0000ffff4cbc0000,0x0000ffff4cdc0000) (2048K)]
  0x0000ffff709f97e0 JavaThread "Sound engine"               daemon [_thread_blocked, id=315733, stack(0x0000fffe59a80000,0x0000fffe59c80000) (2048K)]
Total: 20

Other Threads:
=>0x0000ffff7020da80 VMThread "VM Thread"                           [id=314033, stack(0x0000ffff74654000,0x0000ffff74854000) (2048K)]
  0x0000ffff70186740 WorkerThread "GC Thread#0"                     [id=314024, stack(0x0000ffff75e58000,0x0000ffff76058000) (2048K)]
  0x0000ffff38007be0 WorkerThread "GC Thread#1"                     [id=314047, stack(0x0000ffff58090000,0x0000ffff58290000) (2048K)]
  0x0000ffff380086a0 WorkerThread "GC Thread#2"                     [id=314048, stack(0x0000ffff4de00000,0x0000ffff4e000000) (2048K)]
  0x0000ffff38009260 WorkerThread "GC Thread#3"                     [id=314049, stack(0x0000ffff4dbf0000,0x0000ffff4ddf0000) (2048K)]
  0x0000ffff38009fd0 WorkerThread "GC Thread#4"                     [id=314050, stack(0x0000ffff4d9e0000,0x0000ffff4dbe0000) (2048K)]
  0x0000ffff3800ad40 WorkerThread "GC Thread#5"                     [id=314051, stack(0x0000ffff4d7d0000,0x0000ffff4d9d0000) (2048K)]
  0x0000ffff38015cf0 WorkerThread "GC Thread#6"                     [id=314069, stack(0x0000ffff4c3c0000,0x0000ffff4c5c0000) (2048K)]
  0x0000ffff3800e990 WorkerThread "GC Thread#7"                     [id=314074, stack(0x0000ffff4c1b0000,0x0000ffff4c3b0000) (2048K)]
  0x0000ffff38017fa0 WorkerThread "GC Thread#8"                     [id=314075, stack(0x0000ffff21e00000,0x0000ffff22000000) (2048K)]
  0x0000ffff7019e8c0 ConcurrentGCThread "G1 Main Marker"            terminated
  0x0000ffff7019fab0 WorkerThread "G1 Conc#0"                       [id=314026, stack(0x0000ffff75a38000,0x0000ffff75c38000) (2048K)]
  0x0000ffff54000c80 WorkerThread "G1 Conc#1"                       [id=314076, stack(0x0000ffff21bf0000,0x0000ffff21df0000) (2048K)]
  0x0000ffff701ed410 ConcurrentGCThread "G1 Refine#0"               terminated
  0x0000ffff701ee620 ConcurrentGCThread "G1 Service"                terminated
Total: 15

Threads with active compile tasks:
C1 CompilerThread0  143717 40390  s    3       java.io.FileDescriptor::unregisterCleanup (20 bytes)
Total: 1

VM state: at safepoint (shutting down)

VM Mutex/Monitor currently owned by a thread:  ([mutex/lock_event])
[0x0000ffff79449558] Threads_lock - owner thread: 0x0000ffff7020da80
[0x0000ffff794496f0] Heap_lock - owner thread: 0x0000ffff700316d0

Heap address: 0x000000070f800000, size: 3848 MB, Compressed Oops mode: Zero based, Oop shift amount: 3

CDS archive(s) mapped at: [0x000003ff00000000-0x000003ff01d00000-0x000003ff01d00000), size 30408704, SharedBaseAddress: 0x000003ff00000000, ArchiveRelocationMode: 1.
Compressed class space mapped at: 0x000003ff02000000-0x000003ff42000000, reserved size: 1073741824
UseCompressedClassPointers 1, UseCompactObjectHeaders 0
Narrow klass pointer bits 32, Max shift 3
Narrow klass base: 0x000003ff00000000, Narrow klass shift: 0
Encoding Range: [0x000003ff00000000 - 0x0000040000000000), (4294967296 bytes)
Klass Range:    [0x000003ff00010000 - 0x000003ff42000000), (1107230720 bytes)
Klass ID Range:  [65536 - 1107296249) (1107230713)
Protection zone: [0x000003ff00000000 - 0x000003ff00010000), (65536 bytes)

GC Precious Log:
 CardTable entry size: 512
 Card Set container configuration: InlinePtr #cards 4 size 8 Array Of Cards #cards 16 size 48 Howl #buckets 8 coarsen threshold 3686 Howl Bitmap #cards 512 size 80 coarsen threshold 460 Card regions per heap region 1 cards per card region 4096
 CPUs: 10 total, 10 available
 Memory: 15385M
 Large Page Support: Disabled
 NUMA Support: Disabled
 Compressed Oops: Enabled (Zero based)
 Heap Region Size: 2M
 Heap Min Capacity: 8M
 Heap Initial Capacity: 248M
 Heap Max Capacity: 3848M
 Pre-touch: Disabled
 Parallel Workers: 9
 Concurrent Workers: 2
 Concurrent Refinement Workers: 9
 Periodic GC: Disabled

Heap:
 garbage-first heap   total reserved 3940352K, committed 1495040K, used 948948K [0x000000070f800000, 0x0000000800000000)
  region size 2048K, 55 young (112640K), 27 survivors (55296K)

Heap Regions: E=young(eden), S=young(survivor), O=old, HS=humongous(starts), HC=humongous(continues), CS=collection set, F=free, TAMS=top-at-mark-start, PB=parsable bottom
|   0|0x000000070f800000, 0x000000070fa00000, 0x000000070fa00000|100%|HS|  |TAMS 0x000000070f800000| PB 0x000000070f800000| Complete |  0
|   1|0x000000070fa00000, 0x000000070fc00000, 0x000000070fc00000|100%|HS|  |TAMS 0x000000070fa00000| PB 0x000000070fa00000| Complete |  0
|   2|0x000000070fc00000, 0x000000070fe00000, 0x000000070fe00000|100%|HS|  |TAMS 0x000000070fc00000| PB 0x000000070fc00000| Complete |  0
|   3|0x000000070fe00000, 0x0000000710000000, 0x0000000710000000|100%| O|  |TAMS 0x000000070fe00000| PB 0x000000070fe00000| Untracked |  0
|   4|0x0000000710000000, 0x0000000710200000, 0x0000000710200000|100%| O|  |TAMS 0x0000000710000000| PB 0x0000000710000000| Untracked |  0
|   5|0x0000000710200000, 0x0000000710400000, 0x0000000710400000|100%| O|  |TAMS 0x0000000710200000| PB 0x0000000710200000| Untracked |  0
|   6|0x0000000710400000, 0x0000000710600000, 0x0000000710600000|100%| O|  |TAMS 0x0000000710400000| PB 0x0000000710400000| Untracked |  0
|   7|0x0000000710600000, 0x0000000710800000, 0x0000000710800000|100%| O|  |TAMS 0x0000000710600000| PB 0x0000000710600000| Untracked |  0
|   8|0x0000000710800000, 0x0000000710a00000, 0x0000000710a00000|100%| O|  |TAMS 0x0000000710800000| PB 0x0000000710800000| Untracked |  0
|   9|0x0000000710a00000, 0x0000000710c00000, 0x0000000710c00000|100%| O|  |TAMS 0x0000000710a00000| PB 0x0000000710a00000| Untracked |  0
|  10|0x0000000710c00000, 0x0000000710e00000, 0x0000000710e00000|100%| O|  |TAMS 0x0000000710c00000| PB 0x0000000710c00000| Untracked |  0
|  11|0x0000000710e00000, 0x0000000711000000, 0x0000000711000000|100%| O|  |TAMS 0x0000000710e00000| PB 0x0000000710e00000| Untracked |  0
|  12|0x0000000711000000, 0x0000000711200000, 0x0000000711200000|100%| O|  |TAMS 0x0000000711000000| PB 0x0000000711000000| Untracked |  0
|  13|0x0000000711200000, 0x0000000711400000, 0x0000000711400000|100%| O|  |TAMS 0x0000000711200000| PB 0x0000000711200000| Untracked |  0
|  14|0x0000000711400000, 0x0000000711600000, 0x0000000711600000|100%| O|  |TAMS 0x0000000711400000| PB 0x0000000711400000| Untracked |  0
|  15|0x0000000711600000, 0x0000000711800000, 0x0000000711800000|100%| O|  |TAMS 0x0000000711600000| PB 0x0000000711600000| Untracked |  0
|  16|0x0000000711800000, 0x0000000711a00000, 0x0000000711a00000|100%| O|  |TAMS 0x0000000711800000| PB 0x0000000711800000| Untracked |  0
|  17|0x0000000711a00000, 0x0000000711c00000, 0x0000000711c00000|100%| O|  |TAMS 0x0000000711a00000| PB 0x0000000711a00000| Untracked |  0
|  18|0x0000000711c00000, 0x0000000711e00000, 0x0000000711e00000|100%| O|  |TAMS 0x0000000711c00000| PB 0x0000000711c00000| Untracked |  0
|  19|0x0000000711e00000, 0x0000000712000000, 0x0000000712000000|100%| O|  |TAMS 0x0000000711e00000| PB 0x0000000711e00000| Untracked |  0
|  20|0x0000000712000000, 0x0000000712200000, 0x0000000712200000|100%| O|  |TAMS 0x0000000712000000| PB 0x0000000712000000| Untracked |  0
|  21|0x0000000712200000, 0x0000000712400000, 0x0000000712400000|100%| O|  |TAMS 0x0000000712200000| PB 0x0000000712200000| Untracked |  0
|  22|0x0000000712400000, 0x0000000712600000, 0x0000000712600000|100%| O|  |TAMS 0x0000000712400000| PB 0x0000000712400000| Untracked |  0
|  23|0x0000000712600000, 0x0000000712800000, 0x0000000712800000|100%| O|  |TAMS 0x0000000712600000| PB 0x0000000712600000| Untracked |  0
|  24|0x0000000712800000, 0x0000000712a00000, 0x0000000712a00000|100%| O|  |TAMS 0x0000000712800000| PB 0x0000000712800000| Untracked |  0
|  25|0x0000000712a00000, 0x0000000712c00000, 0x0000000712c00000|100%|HS|  |TAMS 0x0000000712a00000| PB 0x0000000712a00000| Complete |  0
|  26|0x0000000712c00000, 0x0000000712e00000, 0x0000000712e00000|100%|HC|  |TAMS 0x0000000712c00000| PB 0x0000000712c00000| Complete |  0
|  27|0x0000000712e00000, 0x0000000713000000, 0x0000000713000000|100%|HC|  |TAMS 0x0000000712e00000| PB 0x0000000712e00000| Complete |  0
|  28|0x0000000713000000, 0x0000000713200000, 0x0000000713200000|100%|HC|  |TAMS 0x0000000713000000| PB 0x0000000713000000| Complete |  0
|  29|0x0000000713200000, 0x0000000713400000, 0x0000000713400000|100%|HC|  |TAMS 0x0000000713200000| PB 0x0000000713200000| Complete |  0
|  30|0x0000000713400000, 0x0000000713600000, 0x0000000713600000|100%|HC|  |TAMS 0x0000000713400000| PB 0x0000000713400000| Complete |  0
|  31|0x0000000713600000, 0x0000000713800000, 0x0000000713800000|100%| O|  |TAMS 0x0000000713600000| PB 0x0000000713600000| Untracked |  0
|  32|0x0000000713800000, 0x0000000713a00000, 0x0000000713a00000|100%| O|  |TAMS 0x0000000713800000| PB 0x0000000713800000| Untracked |  0
|  33|0x0000000713a00000, 0x0000000713c00000, 0x0000000713c00000|100%| O|  |TAMS 0x0000000713a00000| PB 0x0000000713a00000| Untracked |  0
|  34|0x0000000713c00000, 0x0000000713e00000, 0x0000000713e00000|100%| O|  |TAMS 0x0000000713c00000| PB 0x0000000713c00000| Untracked |  0
|  35|0x0000000713e00000, 0x0000000714000000, 0x0000000714000000|100%| O|  |TAMS 0x0000000713e00000| PB 0x0000000713e00000| Untracked |  0
|  36|0x0000000714000000, 0x0000000714200000, 0x0000000714200000|100%| O|  |TAMS 0x0000000714000000| PB 0x0000000714000000| Untracked |  0
|  37|0x0000000714200000, 0x0000000714400000, 0x0000000714400000|100%| O|  |TAMS 0x0000000714200000| PB 0x0000000714200000| Untracked |  0
|  38|0x0000000714400000, 0x0000000714600000, 0x0000000714600000|100%| O|  |TAMS 0x0000000714400000| PB 0x0000000714400000| Untracked |  0
|  39|0x0000000714600000, 0x0000000714800000, 0x0000000714800000|100%| O|  |TAMS 0x0000000714600000| PB 0x0000000714600000| Untracked |  0
|  40|0x0000000714800000, 0x0000000714a00000, 0x0000000714a00000|100%| O|  |TAMS 0x0000000714800000| PB 0x0000000714800000| Untracked |  0
|  41|0x0000000714a00000, 0x0000000714c00000, 0x0000000714c00000|100%| O|  |TAMS 0x0000000714a00000| PB 0x0000000714a00000| Untracked |  0
|  42|0x0000000714c00000, 0x0000000714e00000, 0x0000000714e00000|100%| O|  |TAMS 0x0000000714c00000| PB 0x0000000714c00000| Untracked |  0
|  43|0x0000000714e00000, 0x0000000715000000, 0x0000000715000000|100%| O|  |TAMS 0x0000000714e00000| PB 0x0000000714e00000| Untracked |  0
|  44|0x0000000715000000, 0x0000000715200000, 0x0000000715200000|100%| O|  |TAMS 0x0000000715000000| PB 0x0000000715000000| Untracked |  0
|  45|0x0000000715200000, 0x0000000715400000, 0x0000000715400000|100%| O|  |TAMS 0x0000000715200000| PB 0x0000000715200000| Untracked |  0
|  46|0x0000000715400000, 0x0000000715600000, 0x0000000715600000|100%| O|  |TAMS 0x0000000715400000| PB 0x0000000715400000| Untracked |  0
|  47|0x0000000715600000, 0x0000000715800000, 0x0000000715800000|100%| O|  |TAMS 0x0000000715600000| PB 0x0000000715600000| Untracked |  0
|  48|0x0000000715800000, 0x0000000715a00000, 0x0000000715a00000|100%| O|  |TAMS 0x0000000715800000| PB 0x0000000715800000| Untracked |  0
|  49|0x0000000715a00000, 0x0000000715c00000, 0x0000000715c00000|100%| O|  |TAMS 0x0000000715a00000| PB 0x0000000715a00000| Untracked |  0
|  50|0x0000000715c00000, 0x0000000715e00000, 0x0000000715e00000|100%|HS|  |TAMS 0x0000000715c00000| PB 0x0000000715c00000| Complete |  0
|  51|0x0000000715e00000, 0x0000000716000000, 0x0000000716000000|100%|HS|  |TAMS 0x0000000715e00000| PB 0x0000000715e00000| Complete |  0
|  52|0x0000000716000000, 0x0000000716200000, 0x0000000716200000|100%| O|  |TAMS 0x0000000716000000| PB 0x0000000716000000| Untracked |  0
|  53|0x0000000716200000, 0x0000000716400000, 0x0000000716400000|100%| O|  |TAMS 0x0000000716200000| PB 0x0000000716200000| Untracked |  0
|  54|0x0000000716400000, 0x0000000716600000, 0x0000000716600000|100%| O|  |TAMS 0x0000000716400000| PB 0x0000000716400000| Untracked |  0
|  55|0x0000000716600000, 0x0000000716800000, 0x0000000716800000|100%| O|  |TAMS 0x0000000716600000| PB 0x0000000716600000| Untracked |  0
|  56|0x0000000716800000, 0x0000000716a00000, 0x0000000716a00000|100%| O|  |TAMS 0x0000000716800000| PB 0x0000000716800000| Untracked |  0
|  57|0x0000000716a00000, 0x0000000716c00000, 0x0000000716c00000|100%| O|  |TAMS 0x0000000716a00000| PB 0x0000000716a00000| Untracked |  0
|  58|0x0000000716c00000, 0x0000000716e00000, 0x0000000716e00000|100%| O|  |TAMS 0x0000000716c00000| PB 0x0000000716c00000| Untracked |  0
|  59|0x0000000716e00000, 0x0000000717000000, 0x0000000717000000|100%| O|  |TAMS 0x0000000716e00000| PB 0x0000000716e00000| Untracked |  0
|  60|0x0000000717000000, 0x0000000717200000, 0x0000000717200000|100%| O|  |TAMS 0x0000000717000000| PB 0x0000000717000000| Untracked |  0
|  61|0x0000000717200000, 0x0000000717400000, 0x0000000717400000|100%| O|  |TAMS 0x0000000717200000| PB 0x0000000717200000| Untracked |  0
|  62|0x0000000717400000, 0x0000000717600000, 0x0000000717600000|100%| O|  |TAMS 0x0000000717400000| PB 0x0000000717400000| Untracked |  0
|  63|0x0000000717600000, 0x0000000717800000, 0x0000000717800000|100%| O|  |TAMS 0x0000000717600000| PB 0x0000000717600000| Untracked |  0
|  64|0x0000000717800000, 0x0000000717a00000, 0x0000000717a00000|100%| O|  |TAMS 0x0000000717800000| PB 0x0000000717800000| Untracked |  0
|  65|0x0000000717a00000, 0x0000000717c00000, 0x0000000717c00000|100%| O|  |TAMS 0x0000000717a00000| PB 0x0000000717a00000| Untracked |  0
|  66|0x0000000717c00000, 0x0000000717e00000, 0x0000000717e00000|100%| O|  |TAMS 0x0000000717c00000| PB 0x0000000717c00000| Untracked |  0
|  67|0x0000000717e00000, 0x0000000718000000, 0x0000000718000000|100%| O|  |TAMS 0x0000000717e00000| PB 0x0000000717e00000| Untracked |  0
|  68|0x0000000718000000, 0x0000000718200000, 0x0000000718200000|100%| O|  |TAMS 0x0000000718000000| PB 0x0000000718000000| Untracked |  0
|  69|0x0000000718200000, 0x0000000718400000, 0x0000000718400000|100%| O|  |TAMS 0x0000000718200000| PB 0x0000000718200000| Untracked |  0
|  70|0x0000000718400000, 0x0000000718600000, 0x0000000718600000|100%| O|  |TAMS 0x0000000718400000| PB 0x0000000718400000| Untracked |  0
|  71|0x0000000718600000, 0x0000000718800000, 0x0000000718800000|100%| O|  |TAMS 0x0000000718600000| PB 0x0000000718600000| Untracked |  0
|  72|0x0000000718800000, 0x0000000718a00000, 0x0000000718a00000|100%| O|  |TAMS 0x0000000718800000| PB 0x0000000718800000| Untracked |  0
|  73|0x0000000718a00000, 0x0000000718c00000, 0x0000000718c00000|100%| O|  |TAMS 0x0000000718a00000| PB 0x0000000718a00000| Untracked |  0
|  74|0x0000000718c00000, 0x0000000718e00000, 0x0000000718e00000|100%| O|  |TAMS 0x0000000718c00000| PB 0x0000000718c00000| Untracked |  0
|  75|0x0000000718e00000, 0x0000000719000000, 0x0000000719000000|100%| O|  |TAMS 0x0000000718e00000| PB 0x0000000718e00000| Untracked |  0
|  76|0x0000000719000000, 0x0000000719200000, 0x0000000719200000|100%| O|  |TAMS 0x0000000719000000| PB 0x0000000719000000| Untracked |  0
|  77|0x0000000719200000, 0x0000000719400000, 0x0000000719400000|100%| O|  |TAMS 0x0000000719200000| PB 0x0000000719200000| Untracked |  0
|  78|0x0000000719400000, 0x0000000719600000, 0x0000000719600000|100%| O|  |TAMS 0x0000000719400000| PB 0x0000000719400000| Untracked |  0
|  79|0x0000000719600000, 0x0000000719800000, 0x0000000719800000|100%| O|Cm|TAMS 0x0000000719600000| PB 0x0000000719600000| Complete |  0
|  80|0x0000000719800000, 0x0000000719a00000, 0x0000000719a00000|100%| O|  |TAMS 0x0000000719800000| PB 0x0000000719800000| Untracked |  0
|  81|0x0000000719a00000, 0x0000000719c00000, 0x0000000719c00000|100%| O|  |TAMS 0x0000000719a00000| PB 0x0000000719a00000| Untracked |  0
|  82|0x0000000719c00000, 0x0000000719e00000, 0x0000000719e00000|100%| O|  |TAMS 0x0000000719c00000| PB 0x0000000719c00000| Untracked |  0
|  83|0x0000000719e00000, 0x000000071a000000, 0x000000071a000000|100%| O|  |TAMS 0x0000000719e00000| PB 0x0000000719e00000| Untracked |  0
|  84|0x000000071a000000, 0x000000071a200000, 0x000000071a200000|100%| O|  |TAMS 0x000000071a000000| PB 0x000000071a000000| Untracked |  0
|  85|0x000000071a200000, 0x000000071a400000, 0x000000071a400000|100%| O|  |TAMS 0x000000071a200000| PB 0x000000071a200000| Untracked |  0
|  86|0x000000071a400000, 0x000000071a600000, 0x000000071a600000|100%| O|  |TAMS 0x000000071a400000| PB 0x000000071a400000| Untracked |  0
|  87|0x000000071a600000, 0x000000071a800000, 0x000000071a800000|100%| O|  |TAMS 0x000000071a600000| PB 0x000000071a600000| Untracked |  0
|  88|0x000000071a800000, 0x000000071aa00000, 0x000000071aa00000|100%| O|  |TAMS 0x000000071a800000| PB 0x000000071a800000| Untracked |  0
|  89|0x000000071aa00000, 0x000000071ac00000, 0x000000071ac00000|100%| O|  |TAMS 0x000000071aa00000| PB 0x000000071aa00000| Untracked |  0
|  90|0x000000071ac00000, 0x000000071ae00000, 0x000000071ae00000|100%| O|  |TAMS 0x000000071ac00000| PB 0x000000071ac00000| Untracked |  0
|  91|0x000000071ae00000, 0x000000071b000000, 0x000000071b000000|100%| O|  |TAMS 0x000000071ae00000| PB 0x000000071ae00000| Untracked |  0
|  92|0x000000071b000000, 0x000000071b200000, 0x000000071b200000|100%| O|  |TAMS 0x000000071b000000| PB 0x000000071b000000| Untracked |  0
|  93|0x000000071b200000, 0x000000071b400000, 0x000000071b400000|100%| O|  |TAMS 0x000000071b200000| PB 0x000000071b200000| Untracked |  0
|  94|0x000000071b400000, 0x000000071b600000, 0x000000071b600000|100%| O|  |TAMS 0x000000071b400000| PB 0x000000071b400000| Untracked |  0
|  95|0x000000071b600000, 0x000000071b800000, 0x000000071b800000|100%| O|  |TAMS 0x000000071b600000| PB 0x000000071b600000| Untracked |  0
|  96|0x000000071b800000, 0x000000071ba00000, 0x000000071ba00000|100%| O|  |TAMS 0x000000071b800000| PB 0x000000071b800000| Untracked |  0
|  97|0x000000071ba00000, 0x000000071bc00000, 0x000000071bc00000|100%| O|  |TAMS 0x000000071ba00000| PB 0x000000071ba00000| Untracked |  0
|  98|0x000000071bc00000, 0x000000071be00000, 0x000000071be00000|100%| O|  |TAMS 0x000000071bc00000| PB 0x000000071bc00000| Untracked |  0
|  99|0x000000071be00000, 0x000000071c000000, 0x000000071c000000|100%| O|  |TAMS 0x000000071be00000| PB 0x000000071be00000| Untracked |  0
| 100|0x000000071c000000, 0x000000071c200000, 0x000000071c200000|100%| O|  |TAMS 0x000000071c000000| PB 0x000000071c000000| Untracked |  0
| 101|0x000000071c200000, 0x000000071c400000, 0x000000071c400000|100%| O|  |TAMS 0x000000071c200000| PB 0x000000071c200000| Untracked |  0
| 102|0x000000071c400000, 0x000000071c600000, 0x000000071c600000|100%| O|  |TAMS 0x000000071c400000| PB 0x000000071c400000| Untracked |  0
| 103|0x000000071c600000, 0x000000071c800000, 0x000000071c800000|100%| O|  |TAMS 0x000000071c600000| PB 0x000000071c600000| Untracked |  0
| 104|0x000000071c800000, 0x000000071ca00000, 0x000000071ca00000|100%| O|  |TAMS 0x000000071c800000| PB 0x000000071c800000| Untracked |  0
| 105|0x000000071ca00000, 0x000000071cc00000, 0x000000071cc00000|100%| O|  |TAMS 0x000000071ca00000| PB 0x000000071ca00000| Untracked |  0
| 106|0x000000071cc00000, 0x000000071ce00000, 0x000000071ce00000|100%| O|  |TAMS 0x000000071cc00000| PB 0x000000071cc00000| Untracked |  0
| 107|0x000000071ce00000, 0x000000071d000000, 0x000000071d000000|100%| O|  |TAMS 0x000000071ce00000| PB 0x000000071ce00000| Untracked |  0
| 108|0x000000071d000000, 0x000000071d200000, 0x000000071d200000|100%| O|Cm|TAMS 0x000000071d000000| PB 0x000000071d000000| Complete |  0
| 109|0x000000071d200000, 0x000000071d400000, 0x000000071d400000|100%| O|  |TAMS 0x000000071d200000| PB 0x000000071d200000| Untracked |  0
| 110|0x000000071d400000, 0x000000071d600000, 0x000000071d600000|100%| O|  |TAMS 0x000000071d400000| PB 0x000000071d400000| Untracked |  0
| 111|0x000000071d600000, 0x000000071d800000, 0x000000071d800000|100%| O|  |TAMS 0x000000071d600000| PB 0x000000071d600000| Untracked |  0
| 112|0x000000071d800000, 0x000000071da00000, 0x000000071da00000|100%| O|  |TAMS 0x000000071d800000| PB 0x000000071d800000| Untracked |  0
| 113|0x000000071da00000, 0x000000071dc00000, 0x000000071dc00000|100%| O|  |TAMS 0x000000071da00000| PB 0x000000071da00000| Untracked |  0
| 114|0x000000071dc00000, 0x000000071de00000, 0x000000071de00000|100%| O|  |TAMS 0x000000071dc00000| PB 0x000000071dc00000| Untracked |  0
| 115|0x000000071de00000, 0x000000071e000000, 0x000000071e000000|100%| O|  |TAMS 0x000000071de00000| PB 0x000000071de00000| Untracked |  0
| 116|0x000000071e000000, 0x000000071e200000, 0x000000071e200000|100%| O|  |TAMS 0x000000071e000000| PB 0x000000071e000000| Untracked |  0
| 117|0x000000071e200000, 0x000000071e400000, 0x000000071e400000|100%| O|Cm|TAMS 0x000000071e200000| PB 0x000000071e200000| Complete |  0
| 118|0x000000071e400000, 0x000000071e600000, 0x000000071e600000|100%| O|  |TAMS 0x000000071e400000| PB 0x000000071e400000| Untracked |  0
| 119|0x000000071e600000, 0x000000071e800000, 0x000000071e800000|100%| O|  |TAMS 0x000000071e600000| PB 0x000000071e600000| Untracked |  0
| 120|0x000000071e800000, 0x000000071ea00000, 0x000000071ea00000|100%| O|  |TAMS 0x000000071e800000| PB 0x000000071e800000| Untracked |  0
| 121|0x000000071ea00000, 0x000000071ec00000, 0x000000071ec00000|100%| O|  |TAMS 0x000000071ea00000| PB 0x000000071ea00000| Untracked |  0
| 122|0x000000071ec00000, 0x000000071ee00000, 0x000000071ee00000|100%| O|  |TAMS 0x000000071ec00000| PB 0x000000071ec00000| Untracked |  0
| 123|0x000000071ee00000, 0x000000071f000000, 0x000000071f000000|100%| O|  |TAMS 0x000000071ee00000| PB 0x000000071ee00000| Untracked |  0
| 124|0x000000071f000000, 0x000000071f200000, 0x000000071f200000|100%| O|  |TAMS 0x000000071f000000| PB 0x000000071f000000| Untracked |  0
| 125|0x000000071f200000, 0x000000071f400000, 0x000000071f400000|100%| O|  |TAMS 0x000000071f200000| PB 0x000000071f200000| Untracked |  0
| 126|0x000000071f400000, 0x000000071f600000, 0x000000071f600000|100%| O|  |TAMS 0x000000071f400000| PB 0x000000071f400000| Untracked |  0
| 127|0x000000071f600000, 0x000000071f800000, 0x000000071f800000|100%| O|  |TAMS 0x000000071f600000| PB 0x000000071f600000| Untracked |  0
| 128|0x000000071f800000, 0x000000071fa00000, 0x000000071fa00000|100%| O|  |TAMS 0x000000071f800000| PB 0x000000071f800000| Untracked |  0
| 129|0x000000071fa00000, 0x000000071fc00000, 0x000000071fc00000|100%| O|  |TAMS 0x000000071fa00000| PB 0x000000071fa00000| Untracked |  0
| 130|0x000000071fc00000, 0x000000071fe00000, 0x000000071fe00000|100%| O|  |TAMS 0x000000071fc00000| PB 0x000000071fc00000| Untracked |  0
| 131|0x000000071fe00000, 0x0000000720000000, 0x0000000720000000|100%| O|  |TAMS 0x000000071fe00000| PB 0x000000071fe00000| Untracked |  0
| 132|0x0000000720000000, 0x0000000720200000, 0x0000000720200000|100%| O|  |TAMS 0x0000000720000000| PB 0x0000000720000000| Untracked |  0
| 133|0x0000000720200000, 0x0000000720400000, 0x0000000720400000|100%| O|  |TAMS 0x0000000720200000| PB 0x0000000720200000| Untracked |  0
| 134|0x0000000720400000, 0x0000000720600000, 0x0000000720600000|100%| O|  |TAMS 0x0000000720400000| PB 0x0000000720400000| Untracked |  0
| 135|0x0000000720600000, 0x0000000720800000, 0x0000000720800000|100%| O|  |TAMS 0x0000000720600000| PB 0x0000000720600000| Untracked |  0
| 136|0x0000000720800000, 0x0000000720a00000, 0x0000000720a00000|100%| O|  |TAMS 0x0000000720800000| PB 0x0000000720800000| Untracked |  0
| 137|0x0000000720a00000, 0x0000000720c00000, 0x0000000720c00000|100%| O|  |TAMS 0x0000000720a00000| PB 0x0000000720a00000| Untracked |  0
| 138|0x0000000720c00000, 0x0000000720e00000, 0x0000000720e00000|100%| O|  |TAMS 0x0000000720c00000| PB 0x0000000720c00000| Untracked |  0
| 139|0x0000000720e00000, 0x0000000721000000, 0x0000000721000000|100%| O|Cm|TAMS 0x0000000720e00000| PB 0x0000000720e00000| Complete |  0
| 140|0x0000000721000000, 0x0000000721200000, 0x0000000721200000|100%| O|Cm|TAMS 0x0000000721000000| PB 0x0000000721000000| Complete |  0
| 141|0x0000000721200000, 0x0000000721400000, 0x0000000721400000|100%| O|  |TAMS 0x0000000721200000| PB 0x0000000721200000| Untracked |  0
| 142|0x0000000721400000, 0x0000000721600000, 0x0000000721600000|100%| O|  |TAMS 0x0000000721400000| PB 0x0000000721400000| Untracked |  0
| 143|0x0000000721600000, 0x0000000721800000, 0x0000000721800000|100%| O|  |TAMS 0x0000000721600000| PB 0x0000000721600000| Untracked |  0
| 144|0x0000000721800000, 0x0000000721a00000, 0x0000000721a00000|100%| O|  |TAMS 0x0000000721800000| PB 0x0000000721800000| Untracked |  0
| 145|0x0000000721a00000, 0x0000000721c00000, 0x0000000721c00000|100%| O|  |TAMS 0x0000000721a00000| PB 0x0000000721a00000| Untracked |  0
| 146|0x0000000721c00000, 0x0000000721e00000, 0x0000000721e00000|100%| O|  |TAMS 0x0000000721c00000| PB 0x0000000721c00000| Untracked |  0
| 147|0x0000000721e00000, 0x0000000722000000, 0x0000000722000000|100%| O|  |TAMS 0x0000000721e00000| PB 0x0000000721e00000| Untracked |  0
| 148|0x0000000722000000, 0x0000000722200000, 0x0000000722200000|100%| O|  |TAMS 0x0000000722000000| PB 0x0000000722000000| Untracked |  0
| 149|0x0000000722200000, 0x0000000722400000, 0x0000000722400000|100%| O|Cm|TAMS 0x0000000722200000| PB 0x0000000722200000| Complete |  0
| 150|0x0000000722400000, 0x0000000722600000, 0x0000000722600000|100%| O|  |TAMS 0x0000000722400000| PB 0x0000000722400000| Untracked |  0
| 151|0x0000000722600000, 0x0000000722800000, 0x0000000722800000|100%| O|  |TAMS 0x0000000722600000| PB 0x0000000722600000| Untracked |  0
| 152|0x0000000722800000, 0x0000000722a00000, 0x0000000722a00000|100%| O|  |TAMS 0x0000000722800000| PB 0x0000000722800000| Untracked |  0
| 153|0x0000000722a00000, 0x0000000722c00000, 0x0000000722c00000|100%| O|  |TAMS 0x0000000722a00000| PB 0x0000000722a00000| Untracked |  0
| 154|0x0000000722c00000, 0x0000000722e00000, 0x0000000722e00000|100%| O|  |TAMS 0x0000000722c00000| PB 0x0000000722c00000| Untracked |  0
| 155|0x0000000722e00000, 0x0000000723000000, 0x0000000723000000|100%| O|  |TAMS 0x0000000722e00000| PB 0x0000000722e00000| Untracked |  0
| 156|0x0000000723000000, 0x0000000723200000, 0x0000000723200000|100%| O|  |TAMS 0x0000000723000000| PB 0x0000000723000000| Untracked |  0
| 157|0x0000000723200000, 0x0000000723200000, 0x0000000723400000|  0%| F|  |TAMS 0x0000000723200000| PB 0x0000000723200000| Untracked |  0
| 158|0x0000000723400000, 0x0000000723600000, 0x0000000723600000|100%| O|Cm|TAMS 0x0000000723400000| PB 0x0000000723400000| Complete |  0
| 159|0x0000000723600000, 0x0000000723800000, 0x0000000723800000|100%| O|Cm|TAMS 0x0000000723600000| PB 0x0000000723600000| Complete |  0
| 160|0x0000000723800000, 0x0000000723a00000, 0x0000000723a00000|100%|HS|  |TAMS 0x0000000723800000| PB 0x0000000723800000| Complete |  0
| 161|0x0000000723a00000, 0x0000000723c00000, 0x0000000723c00000|100%| O|  |TAMS 0x0000000723a00000| PB 0x0000000723a00000| Untracked |  0
| 162|0x0000000723c00000, 0x0000000723e00000, 0x0000000723e00000|100%| O|  |TAMS 0x0000000723c00000| PB 0x0000000723c00000| Untracked |  0
| 163|0x0000000723e00000, 0x0000000724000000, 0x0000000724000000|100%| O|  |TAMS 0x0000000723e00000| PB 0x0000000723e00000| Untracked |  0
| 164|0x0000000724000000, 0x0000000724200000, 0x0000000724200000|100%| O|  |TAMS 0x0000000724000000| PB 0x0000000724000000| Untracked |  0
| 165|0x0000000724200000, 0x0000000724400000, 0x0000000724400000|100%| O|  |TAMS 0x0000000724200000| PB 0x0000000724200000| Untracked |  0
| 166|0x0000000724400000, 0x0000000724600000, 0x0000000724600000|100%| O|  |TAMS 0x0000000724400000| PB 0x0000000724400000| Untracked |  0
| 167|0x0000000724600000, 0x0000000724800000, 0x0000000724800000|100%| O|  |TAMS 0x0000000724600000| PB 0x0000000724600000| Untracked |  0
| 168|0x0000000724800000, 0x0000000724a00000, 0x0000000724a00000|100%| O|  |TAMS 0x0000000724800000| PB 0x0000000724800000| Untracked |  0
| 169|0x0000000724a00000, 0x0000000724c00000, 0x0000000724c00000|100%| O|  |TAMS 0x0000000724a00000| PB 0x0000000724a00000| Untracked |  0
| 170|0x0000000724c00000, 0x0000000724e00000, 0x0000000724e00000|100%| O|  |TAMS 0x0000000724c00000| PB 0x0000000724c00000| Untracked |  0
| 171|0x0000000724e00000, 0x0000000725000000, 0x0000000725000000|100%| O|  |TAMS 0x0000000724e00000| PB 0x0000000724e00000| Untracked |  0
| 172|0x0000000725000000, 0x0000000725200000, 0x0000000725200000|100%| O|Cm|TAMS 0x0000000725000000| PB 0x0000000725000000| Complete |  0
| 173|0x0000000725200000, 0x0000000725400000, 0x0000000725400000|100%| O|  |TAMS 0x0000000725200000| PB 0x0000000725200000| Untracked |  0
| 174|0x0000000725400000, 0x0000000725400000, 0x0000000725600000|  0%| F|  |TAMS 0x0000000725400000| PB 0x0000000725400000| Untracked |  0
| 175|0x0000000725600000, 0x0000000725800000, 0x0000000725800000|100%| O|  |TAMS 0x0000000725600000| PB 0x0000000725600000| Untracked |  0
| 176|0x0000000725800000, 0x0000000725800000, 0x0000000725a00000|  0%| F|  |TAMS 0x0000000725800000| PB 0x0000000725800000| Untracked |  0
| 177|0x0000000725a00000, 0x0000000725c00000, 0x0000000725c00000|100%| O|  |TAMS 0x0000000725a00000| PB 0x0000000725a00000| Untracked |  0
| 178|0x0000000725c00000, 0x0000000725e00000, 0x0000000725e00000|100%| O|  |TAMS 0x0000000725c00000| PB 0x0000000725c00000| Untracked |  0
| 179|0x0000000725e00000, 0x0000000726000000, 0x0000000726000000|100%| O|  |TAMS 0x0000000725e00000| PB 0x0000000725e00000| Untracked |  0
| 180|0x0000000726000000, 0x0000000726000000, 0x0000000726200000|  0%| F|  |TAMS 0x0000000726000000| PB 0x0000000726000000| Untracked |  0
| 181|0x0000000726200000, 0x0000000726400000, 0x0000000726400000|100%| O|  |TAMS 0x0000000726200000| PB 0x0000000726200000| Untracked |  0
| 182|0x0000000726400000, 0x0000000726600000, 0x0000000726600000|100%| O|  |TAMS 0x0000000726400000| PB 0x0000000726400000| Untracked |  0
| 183|0x0000000726600000, 0x0000000726600000, 0x0000000726800000|  0%| F|  |TAMS 0x0000000726600000| PB 0x0000000726600000| Untracked |  0
| 184|0x0000000726800000, 0x0000000726a00000, 0x0000000726a00000|100%| O|  |TAMS 0x0000000726800000| PB 0x0000000726800000| Untracked |  0
| 185|0x0000000726a00000, 0x0000000726c00000, 0x0000000726c00000|100%| O|  |TAMS 0x0000000726a00000| PB 0x0000000726a00000| Untracked |  0
| 186|0x0000000726c00000, 0x0000000726e00000, 0x0000000726e00000|100%| O|  |TAMS 0x0000000726c00000| PB 0x0000000726c00000| Untracked |  0
| 187|0x0000000726e00000, 0x0000000726e00000, 0x0000000727000000|  0%| F|  |TAMS 0x0000000726e00000| PB 0x0000000726e00000| Untracked |  0
| 188|0x0000000727000000, 0x0000000727200000, 0x0000000727200000|100%| O|  |TAMS 0x0000000727000000| PB 0x0000000727000000| Untracked |  0
| 189|0x0000000727200000, 0x0000000727400000, 0x0000000727400000|100%| O|  |TAMS 0x0000000727200000| PB 0x0000000727200000| Untracked |  0
| 190|0x0000000727400000, 0x0000000727600000, 0x0000000727600000|100%| O|Cm|TAMS 0x0000000727400000| PB 0x0000000727400000| Complete |  0
| 191|0x0000000727600000, 0x0000000727800000, 0x0000000727800000|100%| O|Cm|TAMS 0x0000000727600000| PB 0x0000000727600000| Complete |  0
| 192|0x0000000727800000, 0x0000000727a00000, 0x0000000727a00000|100%| O|  |TAMS 0x0000000727800000| PB 0x0000000727800000| Untracked |  0
| 193|0x0000000727a00000, 0x0000000727c00000, 0x0000000727c00000|100%| O|  |TAMS 0x0000000727a00000| PB 0x0000000727a00000| Untracked |  0
| 194|0x0000000727c00000, 0x0000000727e00000, 0x0000000727e00000|100%| O|  |TAMS 0x0000000727c00000| PB 0x0000000727c00000| Untracked |  0
| 195|0x0000000727e00000, 0x0000000728000000, 0x0000000728000000|100%| O|  |TAMS 0x0000000727e00000| PB 0x0000000727e00000| Untracked |  0
| 196|0x0000000728000000, 0x0000000728000000, 0x0000000728200000|  0%| F|  |TAMS 0x0000000728000000| PB 0x0000000728000000| Untracked |  0
| 197|0x0000000728200000, 0x0000000728400000, 0x0000000728400000|100%| O|  |TAMS 0x0000000728200000| PB 0x0000000728200000| Untracked |  0
| 198|0x0000000728400000, 0x0000000728600000, 0x0000000728600000|100%| O|Cm|TAMS 0x0000000728400000| PB 0x0000000728400000| Complete |  0
| 199|0x0000000728600000, 0x0000000728800000, 0x0000000728800000|100%| O|  |TAMS 0x0000000728600000| PB 0x0000000728600000| Untracked |  0
| 200|0x0000000728800000, 0x0000000728a00000, 0x0000000728a00000|100%| O|  |TAMS 0x0000000728800000| PB 0x0000000728800000| Untracked |  0
| 201|0x0000000728a00000, 0x0000000728c00000, 0x0000000728c00000|100%| O|  |TAMS 0x0000000728a00000| PB 0x0000000728a00000| Untracked |  0
| 202|0x0000000728c00000, 0x0000000728e00000, 0x0000000728e00000|100%| O|  |TAMS 0x0000000728c00000| PB 0x0000000728c00000| Untracked |  0
| 203|0x0000000728e00000, 0x0000000729000000, 0x0000000729000000|100%| O|  |TAMS 0x0000000728e00000| PB 0x0000000728e00000| Untracked |  0
| 204|0x0000000729000000, 0x0000000729200000, 0x0000000729200000|100%| O|Cm|TAMS 0x0000000729000000| PB 0x0000000729000000| Complete |  0
| 205|0x0000000729200000, 0x0000000729400000, 0x0000000729400000|100%| O|  |TAMS 0x0000000729200000| PB 0x0000000729200000| Untracked |  0
| 206|0x0000000729400000, 0x0000000729600000, 0x0000000729600000|100%| O|  |TAMS 0x0000000729400000| PB 0x0000000729400000| Untracked |  0
| 207|0x0000000729600000, 0x0000000729800000, 0x0000000729800000|100%| O|  |TAMS 0x0000000729600000| PB 0x0000000729600000| Untracked |  0
| 208|0x0000000729800000, 0x0000000729a00000, 0x0000000729a00000|100%| O|  |TAMS 0x0000000729800000| PB 0x0000000729800000| Untracked |  0
| 209|0x0000000729a00000, 0x0000000729a00000, 0x0000000729c00000|  0%| F|  |TAMS 0x0000000729a00000| PB 0x0000000729a00000| Untracked |  0
| 210|0x0000000729c00000, 0x0000000729e00000, 0x0000000729e00000|100%| O|Cm|TAMS 0x0000000729c00000| PB 0x0000000729c00000| Complete |  0
| 211|0x0000000729e00000, 0x0000000729e00000, 0x000000072a000000|  0%| F|  |TAMS 0x0000000729e00000| PB 0x0000000729e00000| Untracked |  0
| 212|0x000000072a000000, 0x000000072a000000, 0x000000072a200000|  0%| F|  |TAMS 0x000000072a000000| PB 0x000000072a000000| Untracked |  0
| 213|0x000000072a200000, 0x000000072a400000, 0x000000072a400000|100%| O|Cm|TAMS 0x000000072a200000| PB 0x000000072a200000| Complete |  0
| 214|0x000000072a400000, 0x000000072a400000, 0x000000072a600000|  0%| F|  |TAMS 0x000000072a400000| PB 0x000000072a400000| Untracked |  0
| 215|0x000000072a600000, 0x000000072a800000, 0x000000072a800000|100%| O|  |TAMS 0x000000072a600000| PB 0x000000072a600000| Untracked |  0
| 216|0x000000072a800000, 0x000000072aa00000, 0x000000072aa00000|100%| O|Cm|TAMS 0x000000072a800000| PB 0x000000072a800000| Complete |  0
| 217|0x000000072aa00000, 0x000000072ac00000, 0x000000072ac00000|100%| O|  |TAMS 0x000000072aa00000| PB 0x000000072aa00000| Untracked |  0
| 218|0x000000072ac00000, 0x000000072ae00000, 0x000000072ae00000|100%| O|  |TAMS 0x000000072ac00000| PB 0x000000072ac00000| Untracked |  0
| 219|0x000000072ae00000, 0x000000072b000000, 0x000000072b000000|100%| O|  |TAMS 0x000000072ae00000| PB 0x000000072ae00000| Untracked |  0
| 220|0x000000072b000000, 0x000000072b200000, 0x000000072b200000|100%| O|  |TAMS 0x000000072b000000| PB 0x000000072b000000| Untracked |  0
| 221|0x000000072b200000, 0x000000072b400000, 0x000000072b400000|100%| O|  |TAMS 0x000000072b200000| PB 0x000000072b200000| Untracked |  0
| 222|0x000000072b400000, 0x000000072b600000, 0x000000072b600000|100%| O|  |TAMS 0x000000072b400000| PB 0x000000072b400000| Untracked |  0
| 223|0x000000072b600000, 0x000000072b800000, 0x000000072b800000|100%| O|Cm|TAMS 0x000000072b600000| PB 0x000000072b600000| Complete |  0
| 224|0x000000072b800000, 0x000000072ba00000, 0x000000072ba00000|100%| O|  |TAMS 0x000000072b800000| PB 0x000000072b800000| Untracked |  0
| 225|0x000000072ba00000, 0x000000072bc00000, 0x000000072bc00000|100%| O|  |TAMS 0x000000072ba00000| PB 0x000000072ba00000| Untracked |  0
| 226|0x000000072bc00000, 0x000000072be00000, 0x000000072be00000|100%| O|  |TAMS 0x000000072bc00000| PB 0x000000072bc00000| Untracked |  0
| 227|0x000000072be00000, 0x000000072c000000, 0x000000072c000000|100%| O|  |TAMS 0x000000072be00000| PB 0x000000072be00000| Untracked |  0
| 228|0x000000072c000000, 0x000000072c200000, 0x000000072c200000|100%| O|  |TAMS 0x000000072c000000| PB 0x000000072c000000| Untracked |  0
| 229|0x000000072c200000, 0x000000072c400000, 0x000000072c400000|100%| O|  |TAMS 0x000000072c200000| PB 0x000000072c200000| Untracked |  0
| 230|0x000000072c400000, 0x000000072c600000, 0x000000072c600000|100%| O|  |TAMS 0x000000072c400000| PB 0x000000072c400000| Untracked |  0
| 231|0x000000072c600000, 0x000000072c600000, 0x000000072c800000|  0%| F|  |TAMS 0x000000072c600000| PB 0x000000072c600000| Untracked |  0
| 232|0x000000072c800000, 0x000000072ca00000, 0x000000072ca00000|100%| O|  |TAMS 0x000000072c800000| PB 0x000000072c800000| Untracked |  0
| 233|0x000000072ca00000, 0x000000072cc00000, 0x000000072cc00000|100%| O|  |TAMS 0x000000072ca00000| PB 0x000000072ca00000| Untracked |  0
| 234|0x000000072cc00000, 0x000000072ce00000, 0x000000072ce00000|100%| O|  |TAMS 0x000000072cc00000| PB 0x000000072cc00000| Untracked |  0
| 235|0x000000072ce00000, 0x000000072d000000, 0x000000072d000000|100%| O|  |TAMS 0x000000072ce00000| PB 0x000000072ce00000| Untracked |  0
| 236|0x000000072d000000, 0x000000072d200000, 0x000000072d200000|100%| O|  |TAMS 0x000000072d000000| PB 0x000000072d000000| Untracked |  0
| 237|0x000000072d200000, 0x000000072d400000, 0x000000072d400000|100%| O|  |TAMS 0x000000072d200000| PB 0x000000072d200000| Untracked |  0
| 238|0x000000072d400000, 0x000000072d600000, 0x000000072d600000|100%| O|  |TAMS 0x000000072d400000| PB 0x000000072d400000| Untracked |  0
| 239|0x000000072d600000, 0x000000072d800000, 0x000000072d800000|100%| O|  |TAMS 0x000000072d600000| PB 0x000000072d600000| Untracked |  0
| 240|0x000000072d800000, 0x000000072da00000, 0x000000072da00000|100%| O|  |TAMS 0x000000072d800000| PB 0x000000072d800000| Untracked |  0
| 241|0x000000072da00000, 0x000000072dc00000, 0x000000072dc00000|100%| O|  |TAMS 0x000000072da00000| PB 0x000000072da00000| Untracked |  0
| 242|0x000000072dc00000, 0x000000072de00000, 0x000000072de00000|100%| O|  |TAMS 0x000000072dc00000| PB 0x000000072dc00000| Untracked |  0
| 243|0x000000072de00000, 0x000000072e000000, 0x000000072e000000|100%| O|  |TAMS 0x000000072de00000| PB 0x000000072de00000| Untracked |  0
| 244|0x000000072e000000, 0x000000072e200000, 0x000000072e200000|100%| O|  |TAMS 0x000000072e000000| PB 0x000000072e000000| Untracked |  0
| 245|0x000000072e200000, 0x000000072e400000, 0x000000072e400000|100%| O|Cm|TAMS 0x000000072e200000| PB 0x000000072e200000| Complete |  0
| 246|0x000000072e400000, 0x000000072e600000, 0x000000072e600000|100%| O|  |TAMS 0x000000072e400000| PB 0x000000072e400000| Untracked |  0
| 247|0x000000072e600000, 0x000000072e600000, 0x000000072e800000|  0%| F|  |TAMS 0x000000072e600000| PB 0x000000072e600000| Untracked |  0
| 248|0x000000072e800000, 0x000000072ea00000, 0x000000072ea00000|100%| O|  |TAMS 0x000000072e800000| PB 0x000000072e800000| Untracked |  0
| 249|0x000000072ea00000, 0x000000072ec00000, 0x000000072ec00000|100%| O|  |TAMS 0x000000072ea00000| PB 0x000000072ea00000| Untracked |  0
| 250|0x000000072ec00000, 0x000000072ee00000, 0x000000072ee00000|100%| O|  |TAMS 0x000000072ec00000| PB 0x000000072ec00000| Untracked |  0
| 251|0x000000072ee00000, 0x000000072f000000, 0x000000072f000000|100%| O|Cm|TAMS 0x000000072ee00000| PB 0x000000072ee00000| Complete |  0
| 252|0x000000072f000000, 0x000000072f000000, 0x000000072f200000|  0%| F|  |TAMS 0x000000072f000000| PB 0x000000072f000000| Untracked |  0
| 253|0x000000072f200000, 0x000000072f400000, 0x000000072f400000|100%| O|  |TAMS 0x000000072f200000| PB 0x000000072f200000| Untracked |  0
| 254|0x000000072f400000, 0x000000072f600000, 0x000000072f600000|100%| O|Cm|TAMS 0x000000072f400000| PB 0x000000072f400000| Complete |  0
| 255|0x000000072f600000, 0x000000072f800000, 0x000000072f800000|100%| O|  |TAMS 0x000000072f600000| PB 0x000000072f600000| Untracked |  0
| 256|0x000000072f800000, 0x000000072fa00000, 0x000000072fa00000|100%| O|  |TAMS 0x000000072f800000| PB 0x000000072f800000| Untracked |  0
| 257|0x000000072fa00000, 0x000000072fc00000, 0x000000072fc00000|100%| O|Cm|TAMS 0x000000072fa00000| PB 0x000000072fa00000| Complete |  0
| 258|0x000000072fc00000, 0x000000072fe00000, 0x000000072fe00000|100%| O|  |TAMS 0x000000072fc00000| PB 0x000000072fc00000| Untracked |  0
| 259|0x000000072fe00000, 0x0000000730000000, 0x0000000730000000|100%| O|Cm|TAMS 0x000000072fe00000| PB 0x000000072fe00000| Complete |  0
| 260|0x0000000730000000, 0x0000000730200000, 0x0000000730200000|100%| O|  |TAMS 0x0000000730000000| PB 0x0000000730000000| Untracked |  0
| 261|0x0000000730200000, 0x0000000730400000, 0x0000000730400000|100%| O|  |TAMS 0x0000000730200000| PB 0x0000000730200000| Untracked |  0
| 262|0x0000000730400000, 0x0000000730600000, 0x0000000730600000|100%| O|  |TAMS 0x0000000730400000| PB 0x0000000730400000| Untracked |  0
| 263|0x0000000730600000, 0x0000000730800000, 0x0000000730800000|100%| O|  |TAMS 0x0000000730600000| PB 0x0000000730600000| Untracked |  0
| 264|0x0000000730800000, 0x0000000730a00000, 0x0000000730a00000|100%| O|  |TAMS 0x0000000730800000| PB 0x0000000730800000| Untracked |  0
| 265|0x0000000730a00000, 0x0000000730a00000, 0x0000000730c00000|  0%| F|  |TAMS 0x0000000730a00000| PB 0x0000000730a00000| Untracked |  0
| 266|0x0000000730c00000, 0x0000000730c00000, 0x0000000730e00000|  0%| F|  |TAMS 0x0000000730c00000| PB 0x0000000730c00000| Untracked |  0
| 267|0x0000000730e00000, 0x0000000731000000, 0x0000000731000000|100%| O|  |TAMS 0x0000000730e00000| PB 0x0000000730e00000| Untracked |  0
| 268|0x0000000731000000, 0x0000000731200000, 0x0000000731200000|100%| O|  |TAMS 0x0000000731000000| PB 0x0000000731000000| Untracked |  0
| 269|0x0000000731200000, 0x0000000731400000, 0x0000000731400000|100%| O|  |TAMS 0x0000000731200000| PB 0x0000000731200000| Untracked |  0
| 270|0x0000000731400000, 0x0000000731600000, 0x0000000731600000|100%| O|  |TAMS 0x0000000731400000| PB 0x0000000731400000| Untracked |  0
| 271|0x0000000731600000, 0x0000000731800000, 0x0000000731800000|100%| O|  |TAMS 0x0000000731600000| PB 0x0000000731600000| Untracked |  0
| 272|0x0000000731800000, 0x0000000731a00000, 0x0000000731a00000|100%| O|  |TAMS 0x0000000731800000| PB 0x0000000731800000| Untracked |  0
| 273|0x0000000731a00000, 0x0000000731c00000, 0x0000000731c00000|100%| O|  |TAMS 0x0000000731a00000| PB 0x0000000731a00000| Untracked |  0
| 274|0x0000000731c00000, 0x0000000731e00000, 0x0000000731e00000|100%| O|Cm|TAMS 0x0000000731c00000| PB 0x0000000731c00000| Complete |  0
| 275|0x0000000731e00000, 0x0000000732000000, 0x0000000732000000|100%| O|  |TAMS 0x0000000731e00000| PB 0x0000000731e00000| Untracked |  0
| 276|0x0000000732000000, 0x0000000732200000, 0x0000000732200000|100%| O|  |TAMS 0x0000000732000000| PB 0x0000000732000000| Untracked |  0
| 277|0x0000000732200000, 0x0000000732400000, 0x0000000732400000|100%| O|  |TAMS 0x0000000732200000| PB 0x0000000732200000| Untracked |  0
| 278|0x0000000732400000, 0x0000000732600000, 0x0000000732600000|100%| O|  |TAMS 0x0000000732400000| PB 0x0000000732400000| Untracked |  0
| 279|0x0000000732600000, 0x0000000732800000, 0x0000000732800000|100%| O|  |TAMS 0x0000000732600000| PB 0x0000000732600000| Untracked |  0
| 280|0x0000000732800000, 0x0000000732a00000, 0x0000000732a00000|100%| O|  |TAMS 0x0000000732800000| PB 0x0000000732800000| Untracked |  0
| 281|0x0000000732a00000, 0x0000000732a00000, 0x0000000732c00000|  0%| F|  |TAMS 0x0000000732a00000| PB 0x0000000732a00000| Untracked |  0
| 282|0x0000000732c00000, 0x0000000732e00000, 0x0000000732e00000|100%| O|Cm|TAMS 0x0000000732c00000| PB 0x0000000732c00000| Complete |  0
| 283|0x0000000732e00000, 0x0000000733000000, 0x0000000733000000|100%| O|  |TAMS 0x0000000732e00000| PB 0x0000000732e00000| Untracked |  0
| 284|0x0000000733000000, 0x0000000733000000, 0x0000000733200000|  0%| F|  |TAMS 0x0000000733000000| PB 0x0000000733000000| Untracked |  0
| 285|0x0000000733200000, 0x0000000733400000, 0x0000000733400000|100%| O|  |TAMS 0x0000000733200000| PB 0x0000000733200000| Untracked |  0
| 286|0x0000000733400000, 0x0000000733600000, 0x0000000733600000|100%| O|  |TAMS 0x0000000733400000| PB 0x0000000733400000| Untracked |  0
| 287|0x0000000733600000, 0x0000000733800000, 0x0000000733800000|100%| O|  |TAMS 0x0000000733600000| PB 0x0000000733600000| Untracked |  0
| 288|0x0000000733800000, 0x0000000733a00000, 0x0000000733a00000|100%| O|Cm|TAMS 0x0000000733800000| PB 0x0000000733800000| Complete |  0
| 289|0x0000000733a00000, 0x0000000733c00000, 0x0000000733c00000|100%| O|Cm|TAMS 0x0000000733a00000| PB 0x0000000733a00000| Complete |  0
| 290|0x0000000733c00000, 0x0000000733e00000, 0x0000000733e00000|100%| O|  |TAMS 0x0000000733c00000| PB 0x0000000733c00000| Untracked |  0
| 291|0x0000000733e00000, 0x0000000733e00000, 0x0000000734000000|  0%| F|  |TAMS 0x0000000733e00000| PB 0x0000000733e00000| Untracked |  0
| 292|0x0000000734000000, 0x0000000734000000, 0x0000000734200000|  0%| F|  |TAMS 0x0000000734000000| PB 0x0000000734000000| Untracked |  0
| 293|0x0000000734200000, 0x0000000734400000, 0x0000000734400000|100%| O|  |TAMS 0x0000000734200000| PB 0x0000000734200000| Untracked |  0
| 294|0x0000000734400000, 0x0000000734600000, 0x0000000734600000|100%| O|  |TAMS 0x0000000734400000| PB 0x0000000734400000| Untracked |  0
| 295|0x0000000734600000, 0x0000000734800000, 0x0000000734800000|100%| O|  |TAMS 0x0000000734600000| PB 0x0000000734600000| Untracked |  0
| 296|0x0000000734800000, 0x0000000734a00000, 0x0000000734a00000|100%| O|  |TAMS 0x0000000734800000| PB 0x0000000734800000| Untracked |  0
| 297|0x0000000734a00000, 0x0000000734c00000, 0x0000000734c00000|100%| O|  |TAMS 0x0000000734a00000| PB 0x0000000734a00000| Untracked |  0
| 298|0x0000000734c00000, 0x0000000734e00000, 0x0000000734e00000|100%| O|  |TAMS 0x0000000734c00000| PB 0x0000000734c00000| Untracked |  0
| 299|0x0000000734e00000, 0x0000000735000000, 0x0000000735000000|100%| O|  |TAMS 0x0000000734e00000| PB 0x0000000734e00000| Untracked |  0
| 300|0x0000000735000000, 0x0000000735200000, 0x0000000735200000|100%| O|  |TAMS 0x0000000735000000| PB 0x0000000735000000| Untracked |  0
| 301|0x0000000735200000, 0x0000000735400000, 0x0000000735400000|100%| O|  |TAMS 0x0000000735200000| PB 0x0000000735200000| Untracked |  0
| 302|0x0000000735400000, 0x0000000735600000, 0x0000000735600000|100%| O|  |TAMS 0x0000000735400000| PB 0x0000000735400000| Untracked |  0
| 303|0x0000000735600000, 0x0000000735800000, 0x0000000735800000|100%| O|  |TAMS 0x0000000735600000| PB 0x0000000735600000| Untracked |  0
| 304|0x0000000735800000, 0x0000000735a00000, 0x0000000735a00000|100%| O|Cm|TAMS 0x0000000735800000| PB 0x0000000735800000| Complete |  0
| 305|0x0000000735a00000, 0x0000000735c00000, 0x0000000735c00000|100%| O|  |TAMS 0x0000000735a00000| PB 0x0000000735a00000| Untracked |  0
| 306|0x0000000735c00000, 0x0000000735e00000, 0x0000000735e00000|100%| O|  |TAMS 0x0000000735c00000| PB 0x0000000735c00000| Untracked |  0
| 307|0x0000000735e00000, 0x0000000736000000, 0x0000000736000000|100%| O|  |TAMS 0x0000000735e00000| PB 0x0000000735e00000| Untracked |  0
| 308|0x0000000736000000, 0x0000000736200000, 0x0000000736200000|100%| O|Cm|TAMS 0x0000000736000000| PB 0x0000000736000000| Complete |  0
| 309|0x0000000736200000, 0x0000000736400000, 0x0000000736400000|100%| O|  |TAMS 0x0000000736200000| PB 0x0000000736200000| Untracked |  0
| 310|0x0000000736400000, 0x0000000736600000, 0x0000000736600000|100%| O|  |TAMS 0x0000000736400000| PB 0x0000000736400000| Untracked |  0
| 311|0x0000000736600000, 0x0000000736800000, 0x0000000736800000|100%| O|  |TAMS 0x0000000736600000| PB 0x0000000736600000| Untracked |  0
| 312|0x0000000736800000, 0x0000000736a00000, 0x0000000736a00000|100%| O|Cm|TAMS 0x0000000736800000| PB 0x0000000736800000| Complete |  0
| 313|0x0000000736a00000, 0x0000000736c00000, 0x0000000736c00000|100%| O|  |TAMS 0x0000000736a00000| PB 0x0000000736a00000| Untracked |  0
| 314|0x0000000736c00000, 0x0000000736e00000, 0x0000000736e00000|100%| O|  |TAMS 0x0000000736c00000| PB 0x0000000736c00000| Untracked |  0
| 315|0x0000000736e00000, 0x0000000737000000, 0x0000000737000000|100%| O|  |TAMS 0x0000000736e00000| PB 0x0000000736e00000| Untracked |  0
| 316|0x0000000737000000, 0x0000000737200000, 0x0000000737200000|100%| O|  |TAMS 0x0000000737000000| PB 0x0000000737000000| Untracked |  0
| 317|0x0000000737200000, 0x0000000737400000, 0x0000000737400000|100%| O|  |TAMS 0x0000000737200000| PB 0x0000000737200000| Untracked |  0
| 318|0x0000000737400000, 0x0000000737400000, 0x0000000737600000|  0%| F|  |TAMS 0x0000000737400000| PB 0x0000000737400000| Untracked |  0
| 319|0x0000000737600000, 0x0000000737800000, 0x0000000737800000|100%| O|  |TAMS 0x0000000737600000| PB 0x0000000737600000| Untracked |  0
| 320|0x0000000737800000, 0x0000000737a00000, 0x0000000737a00000|100%| O|  |TAMS 0x0000000737800000| PB 0x0000000737800000| Untracked |  0
| 321|0x0000000737a00000, 0x0000000737c00000, 0x0000000737c00000|100%| O|  |TAMS 0x0000000737a00000| PB 0x0000000737a00000| Untracked |  0
| 322|0x0000000737c00000, 0x0000000737e00000, 0x0000000737e00000|100%| O|  |TAMS 0x0000000737c00000| PB 0x0000000737c00000| Untracked |  0
| 323|0x0000000737e00000, 0x0000000738000000, 0x0000000738000000|100%| O|  |TAMS 0x0000000737e00000| PB 0x0000000737e00000| Untracked |  0
| 324|0x0000000738000000, 0x0000000738200000, 0x0000000738200000|100%| O|Cm|TAMS 0x0000000738000000| PB 0x0000000738000000| Complete |  0
| 325|0x0000000738200000, 0x0000000738400000, 0x0000000738400000|100%| O|  |TAMS 0x0000000738200000| PB 0x0000000738200000| Untracked |  0
| 326|0x0000000738400000, 0x0000000738600000, 0x0000000738600000|100%| O|  |TAMS 0x0000000738400000| PB 0x0000000738400000| Untracked |  0
| 327|0x0000000738600000, 0x0000000738800000, 0x0000000738800000|100%| O|  |TAMS 0x0000000738600000| PB 0x0000000738600000| Untracked |  0
| 328|0x0000000738800000, 0x0000000738a00000, 0x0000000738a00000|100%| O|  |TAMS 0x0000000738800000| PB 0x0000000738800000| Untracked |  0
| 329|0x0000000738a00000, 0x0000000738c00000, 0x0000000738c00000|100%| O|  |TAMS 0x0000000738a00000| PB 0x0000000738a00000| Untracked |  0
| 330|0x0000000738c00000, 0x0000000738e00000, 0x0000000738e00000|100%| O|  |TAMS 0x0000000738c00000| PB 0x0000000738c00000| Untracked |  0
| 331|0x0000000738e00000, 0x0000000739000000, 0x0000000739000000|100%| O|Cm|TAMS 0x0000000738e00000| PB 0x0000000738e00000| Complete |  0
| 332|0x0000000739000000, 0x0000000739000000, 0x0000000739200000|  0%| F|  |TAMS 0x0000000739000000| PB 0x0000000739000000| Untracked |  0
| 333|0x0000000739200000, 0x0000000739400000, 0x0000000739400000|100%| O|  |TAMS 0x0000000739200000| PB 0x0000000739200000| Untracked |  0
| 334|0x0000000739400000, 0x0000000739600000, 0x0000000739600000|100%| O|  |TAMS 0x0000000739400000| PB 0x0000000739400000| Untracked |  0
| 335|0x0000000739600000, 0x0000000739800000, 0x0000000739800000|100%| O|Cm|TAMS 0x0000000739600000| PB 0x0000000739600000| Complete |  0
| 336|0x0000000739800000, 0x0000000739a00000, 0x0000000739a00000|100%| O|  |TAMS 0x0000000739800000| PB 0x0000000739800000| Untracked |  0
| 337|0x0000000739a00000, 0x0000000739c00000, 0x0000000739c00000|100%| O|  |TAMS 0x0000000739a00000| PB 0x0000000739a00000| Untracked |  0
| 338|0x0000000739c00000, 0x0000000739e00000, 0x0000000739e00000|100%| O|  |TAMS 0x0000000739c00000| PB 0x0000000739c00000| Untracked |  0
| 339|0x0000000739e00000, 0x000000073a000000, 0x000000073a000000|100%| O|  |TAMS 0x0000000739e00000| PB 0x0000000739e00000| Untracked |  0
| 340|0x000000073a000000, 0x000000073a200000, 0x000000073a200000|100%| O|  |TAMS 0x000000073a000000| PB 0x000000073a000000| Untracked |  0
| 341|0x000000073a200000, 0x000000073a400000, 0x000000073a400000|100%| O|  |TAMS 0x000000073a200000| PB 0x000000073a200000| Untracked |  0
| 342|0x000000073a400000, 0x000000073a600000, 0x000000073a600000|100%| O|  |TAMS 0x000000073a400000| PB 0x000000073a400000| Untracked |  0
| 343|0x000000073a600000, 0x000000073a800000, 0x000000073a800000|100%| O|Cm|TAMS 0x000000073a600000| PB 0x000000073a600000| Complete |  0
| 344|0x000000073a800000, 0x000000073aa00000, 0x000000073aa00000|100%| O|  |TAMS 0x000000073a800000| PB 0x000000073a800000| Untracked |  0
| 345|0x000000073aa00000, 0x000000073ac00000, 0x000000073ac00000|100%| O|  |TAMS 0x000000073aa00000| PB 0x000000073aa00000| Untracked |  0
| 346|0x000000073ac00000, 0x000000073ae00000, 0x000000073ae00000|100%| O|  |TAMS 0x000000073ac00000| PB 0x000000073ac00000| Untracked |  0
| 347|0x000000073ae00000, 0x000000073b000000, 0x000000073b000000|100%| O|  |TAMS 0x000000073ae00000| PB 0x000000073ae00000| Untracked |  0
| 348|0x000000073b000000, 0x000000073b200000, 0x000000073b200000|100%| O|  |TAMS 0x000000073b000000| PB 0x000000073b000000| Untracked |  0
| 349|0x000000073b200000, 0x000000073b400000, 0x000000073b400000|100%| O|  |TAMS 0x000000073b200000| PB 0x000000073b200000| Untracked |  0
| 350|0x000000073b400000, 0x000000073b600000, 0x000000073b600000|100%| O|  |TAMS 0x000000073b400000| PB 0x000000073b400000| Untracked |  0
| 351|0x000000073b600000, 0x000000073b800000, 0x000000073b800000|100%| O|  |TAMS 0x000000073b600000| PB 0x000000073b600000| Untracked |  0
| 352|0x000000073b800000, 0x000000073ba00000, 0x000000073ba00000|100%| O|  |TAMS 0x000000073b800000| PB 0x000000073b800000| Untracked |  0
| 353|0x000000073ba00000, 0x000000073bc00000, 0x000000073bc00000|100%| O|  |TAMS 0x000000073ba00000| PB 0x000000073ba00000| Untracked |  0
| 354|0x000000073bc00000, 0x000000073be00000, 0x000000073be00000|100%| O|  |TAMS 0x000000073bc00000| PB 0x000000073bc00000| Untracked |  0
| 355|0x000000073be00000, 0x000000073c000000, 0x000000073c000000|100%| O|  |TAMS 0x000000073be00000| PB 0x000000073be00000| Untracked |  0
| 356|0x000000073c000000, 0x000000073c200000, 0x000000073c200000|100%| O|  |TAMS 0x000000073c000000| PB 0x000000073c000000| Untracked |  0
| 357|0x000000073c200000, 0x000000073c400000, 0x000000073c400000|100%| O|Cm|TAMS 0x000000073c200000| PB 0x000000073c200000| Complete |  0
| 358|0x000000073c400000, 0x000000073c600000, 0x000000073c600000|100%| O|  |TAMS 0x000000073c400000| PB 0x000000073c400000| Untracked |  0
| 359|0x000000073c600000, 0x000000073c800000, 0x000000073c800000|100%| O|  |TAMS 0x000000073c600000| PB 0x000000073c600000| Untracked |  0
| 360|0x000000073c800000, 0x000000073c800000, 0x000000073ca00000|  0%| F|  |TAMS 0x000000073c800000| PB 0x000000073c800000| Untracked |  0
| 361|0x000000073ca00000, 0x000000073cc00000, 0x000000073cc00000|100%| O|  |TAMS 0x000000073ca00000| PB 0x000000073ca00000| Untracked |  0
| 362|0x000000073cc00000, 0x000000073ce00000, 0x000000073ce00000|100%| O|  |TAMS 0x000000073cc00000| PB 0x000000073cc00000| Untracked |  0
| 363|0x000000073ce00000, 0x000000073d000000, 0x000000073d000000|100%| O|  |TAMS 0x000000073ce00000| PB 0x000000073ce00000| Untracked |  0
| 364|0x000000073d000000, 0x000000073d200000, 0x000000073d200000|100%| O|  |TAMS 0x000000073d000000| PB 0x000000073d000000| Untracked |  0
| 365|0x000000073d200000, 0x000000073d400000, 0x000000073d400000|100%| O|Cm|TAMS 0x000000073d200000| PB 0x000000073d200000| Complete |  0
| 366|0x000000073d400000, 0x000000073d400000, 0x000000073d600000|  0%| F|  |TAMS 0x000000073d400000| PB 0x000000073d400000| Untracked |  0
| 367|0x000000073d600000, 0x000000073d600000, 0x000000073d800000|  0%| F|  |TAMS 0x000000073d600000| PB 0x000000073d600000| Untracked |  0
| 368|0x000000073d800000, 0x000000073d800000, 0x000000073da00000|  0%| F|  |TAMS 0x000000073d800000| PB 0x000000073d800000| Untracked |  0
| 369|0x000000073da00000, 0x000000073da00000, 0x000000073dc00000|  0%| F|  |TAMS 0x000000073da00000| PB 0x000000073da00000| Untracked |  0
| 370|0x000000073dc00000, 0x000000073dc00000, 0x000000073de00000|  0%| F|  |TAMS 0x000000073dc00000| PB 0x000000073dc00000| Untracked |  0
| 371|0x000000073de00000, 0x000000073de00000, 0x000000073e000000|  0%| F|  |TAMS 0x000000073de00000| PB 0x000000073de00000| Untracked |  0
| 372|0x000000073e000000, 0x000000073e000000, 0x000000073e200000|  0%| F|  |TAMS 0x000000073e000000| PB 0x000000073e000000| Untracked |  0
| 373|0x000000073e200000, 0x000000073e200000, 0x000000073e400000|  0%| F|  |TAMS 0x000000073e200000| PB 0x000000073e200000| Untracked |  0
| 374|0x000000073e400000, 0x000000073e400000, 0x000000073e600000|  0%| F|  |TAMS 0x000000073e400000| PB 0x000000073e400000| Untracked |  0
| 375|0x000000073e600000, 0x000000073e600000, 0x000000073e800000|  0%| F|  |TAMS 0x000000073e600000| PB 0x000000073e600000| Untracked |  0
| 376|0x000000073e800000, 0x000000073e800000, 0x000000073ea00000|  0%| F|  |TAMS 0x000000073e800000| PB 0x000000073e800000| Untracked |  0
| 377|0x000000073ea00000, 0x000000073ec00000, 0x000000073ec00000|100%| O|  |TAMS 0x000000073ea00000| PB 0x000000073ea00000| Untracked |  0
| 378|0x000000073ec00000, 0x000000073ee00000, 0x000000073ee00000|100%| O|  |TAMS 0x000000073ec00000| PB 0x000000073ec00000| Untracked |  0
| 379|0x000000073ee00000, 0x000000073f000000, 0x000000073f000000|100%| O|Cm|TAMS 0x000000073ee00000| PB 0x000000073ee00000| Complete |  0
| 380|0x000000073f000000, 0x000000073f200000, 0x000000073f200000|100%| O|  |TAMS 0x000000073f000000| PB 0x000000073f000000| Untracked |  0
| 381|0x000000073f200000, 0x000000073f400000, 0x000000073f400000|100%| O|  |TAMS 0x000000073f200000| PB 0x000000073f200000| Untracked |  0
| 382|0x000000073f400000, 0x000000073f600000, 0x000000073f600000|100%| O|  |TAMS 0x000000073f400000| PB 0x000000073f400000| Untracked |  0
| 383|0x000000073f600000, 0x000000073f800000, 0x000000073f800000|100%| O|  |TAMS 0x000000073f600000| PB 0x000000073f600000| Untracked |  0
| 384|0x000000073f800000, 0x000000073fa00000, 0x000000073fa00000|100%| O|  |TAMS 0x000000073f800000| PB 0x000000073f800000| Untracked |  0
| 385|0x000000073fa00000, 0x000000073fc00000, 0x000000073fc00000|100%| O|  |TAMS 0x000000073fa00000| PB 0x000000073fa00000| Untracked |  0
| 386|0x000000073fc00000, 0x000000073fe00000, 0x000000073fe00000|100%| O|  |TAMS 0x000000073fc00000| PB 0x000000073fc00000| Untracked |  0
| 387|0x000000073fe00000, 0x000000073fe00000, 0x0000000740000000|  0%| F|  |TAMS 0x000000073fe00000| PB 0x000000073fe00000| Untracked |  0
| 388|0x0000000740000000, 0x0000000740000000, 0x0000000740200000|  0%| F|  |TAMS 0x0000000740000000| PB 0x0000000740000000| Untracked |  0
| 389|0x0000000740200000, 0x0000000740400000, 0x0000000740400000|100%| O|  |TAMS 0x0000000740200000| PB 0x0000000740200000| Untracked |  0
| 390|0x0000000740400000, 0x0000000740600000, 0x0000000740600000|100%| O|  |TAMS 0x0000000740400000| PB 0x0000000740400000| Untracked |  0
| 391|0x0000000740600000, 0x0000000740800000, 0x0000000740800000|100%| O|  |TAMS 0x0000000740600000| PB 0x0000000740600000| Untracked |  0
| 392|0x0000000740800000, 0x0000000740a00000, 0x0000000740a00000|100%| O|  |TAMS 0x0000000740800000| PB 0x0000000740800000| Untracked |  0
| 393|0x0000000740a00000, 0x0000000740c00000, 0x0000000740c00000|100%| O|  |TAMS 0x0000000740a00000| PB 0x0000000740a00000| Untracked |  0
| 394|0x0000000740c00000, 0x0000000740e00000, 0x0000000740e00000|100%| O|  |TAMS 0x0000000740c00000| PB 0x0000000740c00000| Untracked |  0
| 395|0x0000000740e00000, 0x0000000741000000, 0x0000000741000000|100%| O|  |TAMS 0x0000000740e00000| PB 0x0000000740e00000| Untracked |  0
| 396|0x0000000741000000, 0x0000000741200000, 0x0000000741200000|100%| O|  |TAMS 0x0000000741000000| PB 0x0000000741000000| Untracked |  0
| 397|0x0000000741200000, 0x0000000741400000, 0x0000000741400000|100%| S|CS|TAMS 0x0000000741200000| PB 0x0000000741200000| Complete |  0
| 398|0x0000000741400000, 0x0000000741600000, 0x0000000741600000|100%| S|CS|TAMS 0x0000000741400000| PB 0x0000000741400000| Complete |  0
| 399|0x0000000741600000, 0x0000000741800000, 0x0000000741800000|100%| S|CS|TAMS 0x0000000741600000| PB 0x0000000741600000| Complete |  0
| 400|0x0000000741800000, 0x0000000741a00000, 0x0000000741a00000|100%| S|CS|TAMS 0x0000000741800000| PB 0x0000000741800000| Complete |  0
| 401|0x0000000741a00000, 0x0000000741c00000, 0x0000000741c00000|100%| S|CS|TAMS 0x0000000741a00000| PB 0x0000000741a00000| Complete |  0
| 402|0x0000000741c00000, 0x0000000741e00000, 0x0000000741e00000|100%| S|CS|TAMS 0x0000000741c00000| PB 0x0000000741c00000| Complete |  0
| 403|0x0000000741e00000, 0x0000000742000000, 0x0000000742000000|100%| S|CS|TAMS 0x0000000741e00000| PB 0x0000000741e00000| Complete |  0
| 404|0x0000000742000000, 0x0000000742200000, 0x0000000742200000|100%| S|CS|TAMS 0x0000000742000000| PB 0x0000000742000000| Complete |  0
| 405|0x0000000742200000, 0x0000000742400000, 0x0000000742400000|100%| S|CS|TAMS 0x0000000742200000| PB 0x0000000742200000| Complete |  0
| 406|0x0000000742400000, 0x0000000742600000, 0x0000000742600000|100%| S|CS|TAMS 0x0000000742400000| PB 0x0000000742400000| Complete |  0
| 407|0x0000000742600000, 0x0000000742800000, 0x0000000742800000|100%| S|CS|TAMS 0x0000000742600000| PB 0x0000000742600000| Complete |  0
| 408|0x0000000742800000, 0x0000000742a00000, 0x0000000742a00000|100%| S|CS|TAMS 0x0000000742800000| PB 0x0000000742800000| Complete |  0
| 409|0x0000000742a00000, 0x0000000742c00000, 0x0000000742c00000|100%| S|CS|TAMS 0x0000000742a00000| PB 0x0000000742a00000| Complete |  0
| 410|0x0000000742c00000, 0x0000000742e00000, 0x0000000742e00000|100%| S|CS|TAMS 0x0000000742c00000| PB 0x0000000742c00000| Complete |  0
| 411|0x0000000742e00000, 0x0000000743000000, 0x0000000743000000|100%| S|CS|TAMS 0x0000000742e00000| PB 0x0000000742e00000| Complete |  0
| 412|0x0000000743000000, 0x0000000743200000, 0x0000000743200000|100%| S|CS|TAMS 0x0000000743000000| PB 0x0000000743000000| Complete |  0
| 413|0x0000000743200000, 0x0000000743400000, 0x0000000743400000|100%| S|CS|TAMS 0x0000000743200000| PB 0x0000000743200000| Complete |  0
| 414|0x0000000743400000, 0x0000000743400000, 0x0000000743600000|  0%| F|  |TAMS 0x0000000743400000| PB 0x0000000743400000| Untracked |  0
| 415|0x0000000743600000, 0x0000000743600000, 0x0000000743800000|  0%| F|  |TAMS 0x0000000743600000| PB 0x0000000743600000| Untracked |  0
| 416|0x0000000743800000, 0x0000000743800000, 0x0000000743a00000|  0%| F|  |TAMS 0x0000000743800000| PB 0x0000000743800000| Untracked |  0
| 417|0x0000000743a00000, 0x0000000743a00000, 0x0000000743c00000|  0%| F|  |TAMS 0x0000000743a00000| PB 0x0000000743a00000| Untracked |  0
| 418|0x0000000743c00000, 0x0000000743c00000, 0x0000000743e00000|  0%| F|  |TAMS 0x0000000743c00000| PB 0x0000000743c00000| Untracked |  0
| 419|0x0000000743e00000, 0x0000000743e00000, 0x0000000744000000|  0%| F|  |TAMS 0x0000000743e00000| PB 0x0000000743e00000| Untracked |  0
| 420|0x0000000744000000, 0x0000000744000000, 0x0000000744200000|  0%| F|  |TAMS 0x0000000744000000| PB 0x0000000744000000| Untracked |  0
| 421|0x0000000744200000, 0x0000000744200000, 0x0000000744400000|  0%| F|  |TAMS 0x0000000744200000| PB 0x0000000744200000| Untracked |  0
| 422|0x0000000744400000, 0x0000000744400000, 0x0000000744600000|  0%| F|  |TAMS 0x0000000744400000| PB 0x0000000744400000| Untracked |  0
| 423|0x0000000744600000, 0x0000000744600000, 0x0000000744800000|  0%| F|  |TAMS 0x0000000744600000| PB 0x0000000744600000| Untracked |  0
| 424|0x0000000744800000, 0x0000000744800000, 0x0000000744a00000|  0%| F|  |TAMS 0x0000000744800000| PB 0x0000000744800000| Untracked |  0
| 425|0x0000000744a00000, 0x0000000744a00000, 0x0000000744c00000|  0%| F|  |TAMS 0x0000000744a00000| PB 0x0000000744a00000| Untracked |  0
| 426|0x0000000744c00000, 0x0000000744c00000, 0x0000000744e00000|  0%| F|  |TAMS 0x0000000744c00000| PB 0x0000000744c00000| Untracked |  0
| 427|0x0000000744e00000, 0x0000000744e00000, 0x0000000745000000|  0%| F|  |TAMS 0x0000000744e00000| PB 0x0000000744e00000| Untracked |  0
| 428|0x0000000745000000, 0x0000000745000000, 0x0000000745200000|  0%| F|  |TAMS 0x0000000745000000| PB 0x0000000745000000| Untracked |  0
| 429|0x0000000745200000, 0x0000000745200000, 0x0000000745400000|  0%| F|  |TAMS 0x0000000745200000| PB 0x0000000745200000| Untracked |  0
| 430|0x0000000745400000, 0x0000000745400000, 0x0000000745600000|  0%| F|  |TAMS 0x0000000745400000| PB 0x0000000745400000| Untracked |  0
| 431|0x0000000745600000, 0x0000000745600000, 0x0000000745800000|  0%| F|  |TAMS 0x0000000745600000| PB 0x0000000745600000| Untracked |  0
| 432|0x0000000745800000, 0x0000000745800000, 0x0000000745a00000|  0%| F|  |TAMS 0x0000000745800000| PB 0x0000000745800000| Untracked |  0
| 433|0x0000000745a00000, 0x0000000745a00000, 0x0000000745c00000|  0%| F|  |TAMS 0x0000000745a00000| PB 0x0000000745a00000| Untracked |  0
| 434|0x0000000745c00000, 0x0000000745c00000, 0x0000000745e00000|  0%| F|  |TAMS 0x0000000745c00000| PB 0x0000000745c00000| Untracked |  0
| 435|0x0000000745e00000, 0x0000000745e00000, 0x0000000746000000|  0%| F|  |TAMS 0x0000000745e00000| PB 0x0000000745e00000| Untracked |  0
| 436|0x0000000746000000, 0x0000000746000000, 0x0000000746200000|  0%| F|  |TAMS 0x0000000746000000| PB 0x0000000746000000| Untracked |  0
| 437|0x0000000746200000, 0x0000000746200000, 0x0000000746400000|  0%| F|  |TAMS 0x0000000746200000| PB 0x0000000746200000| Untracked |  0
| 438|0x0000000746400000, 0x0000000746400000, 0x0000000746600000|  0%| F|  |TAMS 0x0000000746400000| PB 0x0000000746400000| Untracked |  0
| 439|0x0000000746600000, 0x0000000746600000, 0x0000000746800000|  0%| F|  |TAMS 0x0000000746600000| PB 0x0000000746600000| Untracked |  0
| 440|0x0000000746800000, 0x0000000746800000, 0x0000000746a00000|  0%| F|  |TAMS 0x0000000746800000| PB 0x0000000746800000| Untracked |  0
| 441|0x0000000746a00000, 0x0000000746a00000, 0x0000000746c00000|  0%| F|  |TAMS 0x0000000746a00000| PB 0x0000000746a00000| Untracked |  0
| 442|0x0000000746c00000, 0x0000000746c00000, 0x0000000746e00000|  0%| F|  |TAMS 0x0000000746c00000| PB 0x0000000746c00000| Untracked |  0
| 443|0x0000000746e00000, 0x0000000746e00000, 0x0000000747000000|  0%| F|  |TAMS 0x0000000746e00000| PB 0x0000000746e00000| Untracked |  0
| 444|0x0000000747000000, 0x0000000747000000, 0x0000000747200000|  0%| F|  |TAMS 0x0000000747000000| PB 0x0000000747000000| Untracked |  0
| 445|0x0000000747200000, 0x0000000747200000, 0x0000000747400000|  0%| F|  |TAMS 0x0000000747200000| PB 0x0000000747200000| Untracked |  0
| 446|0x0000000747400000, 0x0000000747400000, 0x0000000747600000|  0%| F|  |TAMS 0x0000000747400000| PB 0x0000000747400000| Untracked |  0
| 447|0x0000000747600000, 0x0000000747600000, 0x0000000747800000|  0%| F|  |TAMS 0x0000000747600000| PB 0x0000000747600000| Untracked |  0
| 448|0x0000000747800000, 0x0000000747800000, 0x0000000747a00000|  0%| F|  |TAMS 0x0000000747800000| PB 0x0000000747800000| Untracked |  0
| 449|0x0000000747a00000, 0x0000000747a00000, 0x0000000747c00000|  0%| F|  |TAMS 0x0000000747a00000| PB 0x0000000747a00000| Untracked |  0
| 450|0x0000000747c00000, 0x0000000747c00000, 0x0000000747e00000|  0%| F|  |TAMS 0x0000000747c00000| PB 0x0000000747c00000| Untracked |  0
| 451|0x0000000747e00000, 0x0000000747e00000, 0x0000000748000000|  0%| F|  |TAMS 0x0000000747e00000| PB 0x0000000747e00000| Untracked |  0
| 452|0x0000000748000000, 0x0000000748000000, 0x0000000748200000|  0%| F|  |TAMS 0x0000000748000000| PB 0x0000000748000000| Untracked |  0
| 453|0x0000000748200000, 0x0000000748200000, 0x0000000748400000|  0%| F|  |TAMS 0x0000000748200000| PB 0x0000000748200000| Untracked |  0
| 454|0x0000000748400000, 0x0000000748400000, 0x0000000748600000|  0%| F|  |TAMS 0x0000000748400000| PB 0x0000000748400000| Untracked |  0
| 455|0x0000000748600000, 0x0000000748600000, 0x0000000748800000|  0%| F|  |TAMS 0x0000000748600000| PB 0x0000000748600000| Untracked |  0
| 456|0x0000000748800000, 0x0000000748800000, 0x0000000748a00000|  0%| F|  |TAMS 0x0000000748800000| PB 0x0000000748800000| Untracked |  0
| 457|0x0000000748a00000, 0x0000000748a00000, 0x0000000748c00000|  0%| F|  |TAMS 0x0000000748a00000| PB 0x0000000748a00000| Untracked |  0
| 458|0x0000000748c00000, 0x0000000748c00000, 0x0000000748e00000|  0%| F|  |TAMS 0x0000000748c00000| PB 0x0000000748c00000| Untracked |  0
| 459|0x0000000748e00000, 0x0000000748e00000, 0x0000000749000000|  0%| F|  |TAMS 0x0000000748e00000| PB 0x0000000748e00000| Untracked |  0
| 460|0x0000000749000000, 0x0000000749000000, 0x0000000749200000|  0%| F|  |TAMS 0x0000000749000000| PB 0x0000000749000000| Untracked |  0
| 461|0x0000000749200000, 0x0000000749200000, 0x0000000749400000|  0%| F|  |TAMS 0x0000000749200000| PB 0x0000000749200000| Untracked |  0
| 462|0x0000000749400000, 0x0000000749400000, 0x0000000749600000|  0%| F|  |TAMS 0x0000000749400000| PB 0x0000000749400000| Untracked |  0
| 463|0x0000000749600000, 0x0000000749600000, 0x0000000749800000|  0%| F|  |TAMS 0x0000000749600000| PB 0x0000000749600000| Untracked |  0
| 464|0x0000000749800000, 0x0000000749800000, 0x0000000749a00000|  0%| F|  |TAMS 0x0000000749800000| PB 0x0000000749800000| Untracked |  0
| 465|0x0000000749a00000, 0x0000000749a00000, 0x0000000749c00000|  0%| F|  |TAMS 0x0000000749a00000| PB 0x0000000749a00000| Untracked |  0
| 466|0x0000000749c00000, 0x0000000749c00000, 0x0000000749e00000|  0%| F|  |TAMS 0x0000000749c00000| PB 0x0000000749c00000| Untracked |  0
| 467|0x0000000749e00000, 0x0000000749e00000, 0x000000074a000000|  0%| F|  |TAMS 0x0000000749e00000| PB 0x0000000749e00000| Untracked |  0
| 468|0x000000074a000000, 0x000000074a000000, 0x000000074a200000|  0%| F|  |TAMS 0x000000074a000000| PB 0x000000074a000000| Untracked |  0
| 469|0x000000074a200000, 0x000000074a200000, 0x000000074a400000|  0%| F|  |TAMS 0x000000074a200000| PB 0x000000074a200000| Untracked |  0
| 470|0x000000074a400000, 0x000000074a400000, 0x000000074a600000|  0%| F|  |TAMS 0x000000074a400000| PB 0x000000074a400000| Untracked |  0
| 471|0x000000074a600000, 0x000000074a600000, 0x000000074a800000|  0%| F|  |TAMS 0x000000074a600000| PB 0x000000074a600000| Untracked |  0
| 472|0x000000074a800000, 0x000000074a800000, 0x000000074aa00000|  0%| F|  |TAMS 0x000000074a800000| PB 0x000000074a800000| Untracked |  0
| 473|0x000000074aa00000, 0x000000074aa00000, 0x000000074ac00000|  0%| F|  |TAMS 0x000000074aa00000| PB 0x000000074aa00000| Untracked |  0
| 474|0x000000074ac00000, 0x000000074ac00000, 0x000000074ae00000|  0%| F|  |TAMS 0x000000074ac00000| PB 0x000000074ac00000| Untracked |  0
| 475|0x000000074ae00000, 0x000000074ae00000, 0x000000074b000000|  0%| F|  |TAMS 0x000000074ae00000| PB 0x000000074ae00000| Untracked |  0
| 476|0x000000074b000000, 0x000000074b000000, 0x000000074b200000|  0%| F|  |TAMS 0x000000074b000000| PB 0x000000074b000000| Untracked |  0
| 477|0x000000074b200000, 0x000000074b200000, 0x000000074b400000|  0%| F|  |TAMS 0x000000074b200000| PB 0x000000074b200000| Untracked |  0
| 478|0x000000074b400000, 0x000000074b400000, 0x000000074b600000|  0%| F|  |TAMS 0x000000074b400000| PB 0x000000074b400000| Untracked |  0
| 479|0x000000074b600000, 0x000000074b600000, 0x000000074b800000|  0%| F|  |TAMS 0x000000074b600000| PB 0x000000074b600000| Untracked |  0
| 480|0x000000074b800000, 0x000000074b800000, 0x000000074ba00000|  0%| F|  |TAMS 0x000000074b800000| PB 0x000000074b800000| Untracked |  0
| 481|0x000000074ba00000, 0x000000074ba00000, 0x000000074bc00000|  0%| F|  |TAMS 0x000000074ba00000| PB 0x000000074ba00000| Untracked |  0
| 482|0x000000074bc00000, 0x000000074bc00000, 0x000000074be00000|  0%| F|  |TAMS 0x000000074bc00000| PB 0x000000074bc00000| Untracked |  0
| 483|0x000000074be00000, 0x000000074be00000, 0x000000074c000000|  0%| F|  |TAMS 0x000000074be00000| PB 0x000000074be00000| Untracked |  0
| 484|0x000000074c000000, 0x000000074c000000, 0x000000074c200000|  0%| F|  |TAMS 0x000000074c000000| PB 0x000000074c000000| Untracked |  0
| 485|0x000000074c200000, 0x000000074c200000, 0x000000074c400000|  0%| F|  |TAMS 0x000000074c200000| PB 0x000000074c200000| Untracked |  0
| 486|0x000000074c400000, 0x000000074c400000, 0x000000074c600000|  0%| F|  |TAMS 0x000000074c400000| PB 0x000000074c400000| Untracked |  0
| 487|0x000000074c600000, 0x000000074c600000, 0x000000074c800000|  0%| F|  |TAMS 0x000000074c600000| PB 0x000000074c600000| Untracked |  0
| 488|0x000000074c800000, 0x000000074c800000, 0x000000074ca00000|  0%| F|  |TAMS 0x000000074c800000| PB 0x000000074c800000| Untracked |  0
| 489|0x000000074ca00000, 0x000000074ca00000, 0x000000074cc00000|  0%| F|  |TAMS 0x000000074ca00000| PB 0x000000074ca00000| Untracked |  0
| 490|0x000000074cc00000, 0x000000074cc00000, 0x000000074ce00000|  0%| F|  |TAMS 0x000000074cc00000| PB 0x000000074cc00000| Untracked |  0
| 491|0x000000074ce00000, 0x000000074ce00000, 0x000000074d000000|  0%| F|  |TAMS 0x000000074ce00000| PB 0x000000074ce00000| Untracked |  0
| 492|0x000000074d000000, 0x000000074d000000, 0x000000074d200000|  0%| F|  |TAMS 0x000000074d000000| PB 0x000000074d000000| Untracked |  0
| 493|0x000000074d200000, 0x000000074d200000, 0x000000074d400000|  0%| F|  |TAMS 0x000000074d200000| PB 0x000000074d200000| Untracked |  0
| 494|0x000000074d400000, 0x000000074d400000, 0x000000074d600000|  0%| F|  |TAMS 0x000000074d400000| PB 0x000000074d400000| Untracked |  0
| 495|0x000000074d600000, 0x000000074d600000, 0x000000074d800000|  0%| F|  |TAMS 0x000000074d600000| PB 0x000000074d600000| Untracked |  0
| 496|0x000000074d800000, 0x000000074d800000, 0x000000074da00000|  0%| F|  |TAMS 0x000000074d800000| PB 0x000000074d800000| Untracked |  0
| 497|0x000000074da00000, 0x000000074da00000, 0x000000074dc00000|  0%| F|  |TAMS 0x000000074da00000| PB 0x000000074da00000| Untracked |  0
| 498|0x000000074dc00000, 0x000000074dc00000, 0x000000074de00000|  0%| F|  |TAMS 0x000000074dc00000| PB 0x000000074dc00000| Untracked |  0
| 499|0x000000074de00000, 0x000000074de00000, 0x000000074e000000|  0%| F|  |TAMS 0x000000074de00000| PB 0x000000074de00000| Untracked |  0
| 500|0x000000074e000000, 0x000000074e000000, 0x000000074e200000|  0%| F|  |TAMS 0x000000074e000000| PB 0x000000074e000000| Untracked |  0
| 501|0x000000074e200000, 0x000000074e200000, 0x000000074e400000|  0%| F|  |TAMS 0x000000074e200000| PB 0x000000074e200000| Untracked |  0
| 502|0x000000074e400000, 0x000000074e400000, 0x000000074e600000|  0%| F|  |TAMS 0x000000074e400000| PB 0x000000074e400000| Untracked |  0
| 503|0x000000074e600000, 0x000000074e600000, 0x000000074e800000|  0%| F|  |TAMS 0x000000074e600000| PB 0x000000074e600000| Untracked |  0
| 504|0x000000074e800000, 0x000000074e800000, 0x000000074ea00000|  0%| F|  |TAMS 0x000000074e800000| PB 0x000000074e800000| Untracked |  0
| 505|0x000000074ea00000, 0x000000074ea00000, 0x000000074ec00000|  0%| F|  |TAMS 0x000000074ea00000| PB 0x000000074ea00000| Untracked |  0
| 506|0x000000074ec00000, 0x000000074ec00000, 0x000000074ee00000|  0%| F|  |TAMS 0x000000074ec00000| PB 0x000000074ec00000| Untracked |  0
| 507|0x000000074ee00000, 0x000000074ee00000, 0x000000074f000000|  0%| F|  |TAMS 0x000000074ee00000| PB 0x000000074ee00000| Untracked |  0
| 508|0x000000074f000000, 0x000000074f000000, 0x000000074f200000|  0%| F|  |TAMS 0x000000074f000000| PB 0x000000074f000000| Untracked |  0
| 509|0x000000074f200000, 0x000000074f200000, 0x000000074f400000|  0%| F|  |TAMS 0x000000074f200000| PB 0x000000074f200000| Untracked |  0
| 510|0x000000074f400000, 0x000000074f400000, 0x000000074f600000|  0%| F|  |TAMS 0x000000074f400000| PB 0x000000074f400000| Untracked |  0
| 511|0x000000074f600000, 0x000000074f600000, 0x000000074f800000|  0%| F|  |TAMS 0x000000074f600000| PB 0x000000074f600000| Untracked |  0
| 512|0x000000074f800000, 0x000000074f800000, 0x000000074fa00000|  0%| F|  |TAMS 0x000000074f800000| PB 0x000000074f800000| Untracked |  0
| 513|0x000000074fa00000, 0x000000074fa00000, 0x000000074fc00000|  0%| F|  |TAMS 0x000000074fa00000| PB 0x000000074fa00000| Untracked |  0
| 514|0x000000074fc00000, 0x000000074fc00000, 0x000000074fe00000|  0%| F|  |TAMS 0x000000074fc00000| PB 0x000000074fc00000| Untracked |  0
| 515|0x000000074fe00000, 0x000000074fe00000, 0x0000000750000000|  0%| F|  |TAMS 0x000000074fe00000| PB 0x000000074fe00000| Untracked |  0
| 516|0x0000000750000000, 0x0000000750000000, 0x0000000750200000|  0%| F|  |TAMS 0x0000000750000000| PB 0x0000000750000000| Untracked |  0
| 517|0x0000000750200000, 0x0000000750200000, 0x0000000750400000|  0%| F|  |TAMS 0x0000000750200000| PB 0x0000000750200000| Untracked |  0
| 518|0x0000000750400000, 0x0000000750400000, 0x0000000750600000|  0%| F|  |TAMS 0x0000000750400000| PB 0x0000000750400000| Untracked |  0
| 519|0x0000000750600000, 0x0000000750600000, 0x0000000750800000|  0%| F|  |TAMS 0x0000000750600000| PB 0x0000000750600000| Untracked |  0
| 520|0x0000000750800000, 0x0000000750800000, 0x0000000750a00000|  0%| F|  |TAMS 0x0000000750800000| PB 0x0000000750800000| Untracked |  0
| 521|0x0000000750a00000, 0x0000000750a00000, 0x0000000750c00000|  0%| F|  |TAMS 0x0000000750a00000| PB 0x0000000750a00000| Untracked |  0
| 522|0x0000000750c00000, 0x0000000750c00000, 0x0000000750e00000|  0%| F|  |TAMS 0x0000000750c00000| PB 0x0000000750c00000| Untracked |  0
| 523|0x0000000750e00000, 0x0000000750e00000, 0x0000000751000000|  0%| F|  |TAMS 0x0000000750e00000| PB 0x0000000750e00000| Untracked |  0
| 524|0x0000000751000000, 0x0000000751000000, 0x0000000751200000|  0%| F|  |TAMS 0x0000000751000000| PB 0x0000000751000000| Untracked |  0
| 525|0x0000000751200000, 0x0000000751200000, 0x0000000751400000|  0%| F|  |TAMS 0x0000000751200000| PB 0x0000000751200000| Untracked |  0
| 526|0x0000000751400000, 0x0000000751400000, 0x0000000751600000|  0%| F|  |TAMS 0x0000000751400000| PB 0x0000000751400000| Untracked |  0
| 527|0x0000000751600000, 0x0000000751600000, 0x0000000751800000|  0%| F|  |TAMS 0x0000000751600000| PB 0x0000000751600000| Untracked |  0
| 528|0x0000000751800000, 0x0000000751800000, 0x0000000751a00000|  0%| F|  |TAMS 0x0000000751800000| PB 0x0000000751800000| Untracked |  0
| 529|0x0000000751a00000, 0x0000000751a00000, 0x0000000751c00000|  0%| F|  |TAMS 0x0000000751a00000| PB 0x0000000751a00000| Untracked |  0
| 530|0x0000000751c00000, 0x0000000751c00000, 0x0000000751e00000|  0%| F|  |TAMS 0x0000000751c00000| PB 0x0000000751c00000| Untracked |  0
| 531|0x0000000751e00000, 0x0000000751e00000, 0x0000000752000000|  0%| F|  |TAMS 0x0000000751e00000| PB 0x0000000751e00000| Untracked |  0
| 532|0x0000000752000000, 0x0000000752000000, 0x0000000752200000|  0%| F|  |TAMS 0x0000000752000000| PB 0x0000000752000000| Untracked |  0
| 533|0x0000000752200000, 0x0000000752200000, 0x0000000752400000|  0%| F|  |TAMS 0x0000000752200000| PB 0x0000000752200000| Untracked |  0
| 534|0x0000000752400000, 0x0000000752400000, 0x0000000752600000|  0%| F|  |TAMS 0x0000000752400000| PB 0x0000000752400000| Untracked |  0
| 535|0x0000000752600000, 0x0000000752600000, 0x0000000752800000|  0%| F|  |TAMS 0x0000000752600000| PB 0x0000000752600000| Untracked |  0
| 536|0x0000000752800000, 0x0000000752800000, 0x0000000752a00000|  0%| F|  |TAMS 0x0000000752800000| PB 0x0000000752800000| Untracked |  0
| 537|0x0000000752a00000, 0x0000000752a00000, 0x0000000752c00000|  0%| F|  |TAMS 0x0000000752a00000| PB 0x0000000752a00000| Untracked |  0
| 538|0x0000000752c00000, 0x0000000752c00000, 0x0000000752e00000|  0%| F|  |TAMS 0x0000000752c00000| PB 0x0000000752c00000| Untracked |  0
| 539|0x0000000752e00000, 0x0000000752e00000, 0x0000000753000000|  0%| F|  |TAMS 0x0000000752e00000| PB 0x0000000752e00000| Untracked |  0
| 540|0x0000000753000000, 0x0000000753000000, 0x0000000753200000|  0%| F|  |TAMS 0x0000000753000000| PB 0x0000000753000000| Untracked |  0
| 541|0x0000000753200000, 0x0000000753200000, 0x0000000753400000|  0%| F|  |TAMS 0x0000000753200000| PB 0x0000000753200000| Untracked |  0
| 542|0x0000000753400000, 0x0000000753400000, 0x0000000753600000|  0%| F|  |TAMS 0x0000000753400000| PB 0x0000000753400000| Untracked |  0
| 543|0x0000000753600000, 0x0000000753600000, 0x0000000753800000|  0%| F|  |TAMS 0x0000000753600000| PB 0x0000000753600000| Untracked |  0
| 544|0x0000000753800000, 0x0000000753800000, 0x0000000753a00000|  0%| F|  |TAMS 0x0000000753800000| PB 0x0000000753800000| Untracked |  0
| 545|0x0000000753a00000, 0x0000000753a00000, 0x0000000753c00000|  0%| F|  |TAMS 0x0000000753a00000| PB 0x0000000753a00000| Untracked |  0
| 546|0x0000000753c00000, 0x0000000753c00000, 0x0000000753e00000|  0%| F|  |TAMS 0x0000000753c00000| PB 0x0000000753c00000| Untracked |  0
| 547|0x0000000753e00000, 0x0000000753e00000, 0x0000000754000000|  0%| F|  |TAMS 0x0000000753e00000| PB 0x0000000753e00000| Untracked |  0
| 548|0x0000000754000000, 0x0000000754000000, 0x0000000754200000|  0%| F|  |TAMS 0x0000000754000000| PB 0x0000000754000000| Untracked |  0
| 549|0x0000000754200000, 0x0000000754200000, 0x0000000754400000|  0%| F|  |TAMS 0x0000000754200000| PB 0x0000000754200000| Untracked |  0
| 550|0x0000000754400000, 0x0000000754400000, 0x0000000754600000|  0%| F|  |TAMS 0x0000000754400000| PB 0x0000000754400000| Untracked |  0
| 551|0x0000000754600000, 0x0000000754600000, 0x0000000754800000|  0%| F|  |TAMS 0x0000000754600000| PB 0x0000000754600000| Untracked |  0
| 552|0x0000000754800000, 0x0000000754800000, 0x0000000754a00000|  0%| F|  |TAMS 0x0000000754800000| PB 0x0000000754800000| Untracked |  0
| 553|0x0000000754a00000, 0x0000000754a00000, 0x0000000754c00000|  0%| F|  |TAMS 0x0000000754a00000| PB 0x0000000754a00000| Untracked |  0
| 554|0x0000000754c00000, 0x0000000754c00000, 0x0000000754e00000|  0%| F|  |TAMS 0x0000000754c00000| PB 0x0000000754c00000| Untracked |  0
| 555|0x0000000754e00000, 0x0000000754e00000, 0x0000000755000000|  0%| F|  |TAMS 0x0000000754e00000| PB 0x0000000754e00000| Untracked |  0
| 556|0x0000000755000000, 0x0000000755000000, 0x0000000755200000|  0%| F|  |TAMS 0x0000000755000000| PB 0x0000000755000000| Untracked |  0
| 557|0x0000000755200000, 0x0000000755200000, 0x0000000755400000|  0%| F|  |TAMS 0x0000000755200000| PB 0x0000000755200000| Untracked |  0
| 558|0x0000000755400000, 0x0000000755400000, 0x0000000755600000|  0%| F|  |TAMS 0x0000000755400000| PB 0x0000000755400000| Untracked |  0
| 559|0x0000000755600000, 0x0000000755600000, 0x0000000755800000|  0%| F|  |TAMS 0x0000000755600000| PB 0x0000000755600000| Untracked |  0
| 560|0x0000000755800000, 0x0000000755800000, 0x0000000755a00000|  0%| F|  |TAMS 0x0000000755800000| PB 0x0000000755800000| Untracked |  0
| 561|0x0000000755a00000, 0x0000000755a00000, 0x0000000755c00000|  0%| F|  |TAMS 0x0000000755a00000| PB 0x0000000755a00000| Untracked |  0
| 562|0x0000000755c00000, 0x0000000755c00000, 0x0000000755e00000|  0%| F|  |TAMS 0x0000000755c00000| PB 0x0000000755c00000| Untracked |  0
| 563|0x0000000755e00000, 0x0000000755e00000, 0x0000000756000000|  0%| F|  |TAMS 0x0000000755e00000| PB 0x0000000755e00000| Untracked |  0
| 564|0x0000000756000000, 0x0000000756000000, 0x0000000756200000|  0%| F|  |TAMS 0x0000000756000000| PB 0x0000000756000000| Untracked |  0
| 565|0x0000000756200000, 0x0000000756200000, 0x0000000756400000|  0%| F|  |TAMS 0x0000000756200000| PB 0x0000000756200000| Untracked |  0
| 566|0x0000000756400000, 0x0000000756400000, 0x0000000756600000|  0%| F|  |TAMS 0x0000000756400000| PB 0x0000000756400000| Untracked |  0
| 567|0x0000000756600000, 0x0000000756600000, 0x0000000756800000|  0%| F|  |TAMS 0x0000000756600000| PB 0x0000000756600000| Untracked |  0
| 568|0x0000000756800000, 0x0000000756800000, 0x0000000756a00000|  0%| F|  |TAMS 0x0000000756800000| PB 0x0000000756800000| Untracked |  0
| 569|0x0000000756a00000, 0x0000000756a00000, 0x0000000756c00000|  0%| F|  |TAMS 0x0000000756a00000| PB 0x0000000756a00000| Untracked |  0
| 570|0x0000000756c00000, 0x0000000756c00000, 0x0000000756e00000|  0%| F|  |TAMS 0x0000000756c00000| PB 0x0000000756c00000| Untracked |  0
| 571|0x0000000756e00000, 0x0000000756e00000, 0x0000000757000000|  0%| F|  |TAMS 0x0000000756e00000| PB 0x0000000756e00000| Untracked |  0
| 572|0x0000000757000000, 0x0000000757000000, 0x0000000757200000|  0%| F|  |TAMS 0x0000000757000000| PB 0x0000000757000000| Untracked |  0
| 573|0x0000000757200000, 0x0000000757200000, 0x0000000757400000|  0%| F|  |TAMS 0x0000000757200000| PB 0x0000000757200000| Untracked |  0
| 574|0x0000000757400000, 0x0000000757400000, 0x0000000757600000|  0%| F|  |TAMS 0x0000000757400000| PB 0x0000000757400000| Untracked |  0
| 575|0x0000000757600000, 0x0000000757600000, 0x0000000757800000|  0%| F|  |TAMS 0x0000000757600000| PB 0x0000000757600000| Untracked |  0
| 576|0x0000000757800000, 0x0000000757800000, 0x0000000757a00000|  0%| F|  |TAMS 0x0000000757800000| PB 0x0000000757800000| Untracked |  0
| 577|0x0000000757a00000, 0x0000000757a00000, 0x0000000757c00000|  0%| F|  |TAMS 0x0000000757a00000| PB 0x0000000757a00000| Untracked |  0
| 578|0x0000000757c00000, 0x0000000757c00000, 0x0000000757e00000|  0%| F|  |TAMS 0x0000000757c00000| PB 0x0000000757c00000| Untracked |  0
| 579|0x0000000757e00000, 0x0000000757e00000, 0x0000000758000000|  0%| F|  |TAMS 0x0000000757e00000| PB 0x0000000757e00000| Untracked |  0
| 580|0x0000000758000000, 0x0000000758000000, 0x0000000758200000|  0%| F|  |TAMS 0x0000000758000000| PB 0x0000000758000000| Untracked |  0
| 581|0x0000000758200000, 0x0000000758200000, 0x0000000758400000|  0%| F|  |TAMS 0x0000000758200000| PB 0x0000000758200000| Untracked |  0
| 582|0x0000000758400000, 0x0000000758400000, 0x0000000758600000|  0%| F|  |TAMS 0x0000000758400000| PB 0x0000000758400000| Untracked |  0
| 583|0x0000000758600000, 0x0000000758600000, 0x0000000758800000|  0%| F|  |TAMS 0x0000000758600000| PB 0x0000000758600000| Untracked |  0
| 584|0x0000000758800000, 0x0000000758800000, 0x0000000758a00000|  0%| F|  |TAMS 0x0000000758800000| PB 0x0000000758800000| Untracked |  0
| 585|0x0000000758a00000, 0x0000000758a00000, 0x0000000758c00000|  0%| F|  |TAMS 0x0000000758a00000| PB 0x0000000758a00000| Untracked |  0
| 586|0x0000000758c00000, 0x0000000758c00000, 0x0000000758e00000|  0%| F|  |TAMS 0x0000000758c00000| PB 0x0000000758c00000| Untracked |  0
| 587|0x0000000758e00000, 0x0000000758e00000, 0x0000000759000000|  0%| F|  |TAMS 0x0000000758e00000| PB 0x0000000758e00000| Untracked |  0
| 588|0x0000000759000000, 0x0000000759000000, 0x0000000759200000|  0%| F|  |TAMS 0x0000000759000000| PB 0x0000000759000000| Untracked |  0
| 589|0x0000000759200000, 0x0000000759200000, 0x0000000759400000|  0%| F|  |TAMS 0x0000000759200000| PB 0x0000000759200000| Untracked |  0
| 590|0x0000000759400000, 0x0000000759600000, 0x0000000759600000|100%| S|CS|TAMS 0x0000000759400000| PB 0x0000000759400000| Complete |  0
| 591|0x0000000759600000, 0x0000000759800000, 0x0000000759800000|100%| S|CS|TAMS 0x0000000759600000| PB 0x0000000759600000| Complete |  0
| 592|0x0000000759800000, 0x0000000759a00000, 0x0000000759a00000|100%| S|CS|TAMS 0x0000000759800000| PB 0x0000000759800000| Complete |  0
| 593|0x0000000759a00000, 0x0000000759c00000, 0x0000000759c00000|100%| S|CS|TAMS 0x0000000759a00000| PB 0x0000000759a00000| Complete |  0
| 594|0x0000000759c00000, 0x0000000759e00000, 0x0000000759e00000|100%| S|CS|TAMS 0x0000000759c00000| PB 0x0000000759c00000| Complete |  0
| 595|0x0000000759e00000, 0x000000075a000000, 0x000000075a000000|100%| S|CS|TAMS 0x0000000759e00000| PB 0x0000000759e00000| Complete |  0
| 596|0x000000075a000000, 0x000000075a200000, 0x000000075a200000|100%| S|CS|TAMS 0x000000075a000000| PB 0x000000075a000000| Complete |  0
| 597|0x000000075a200000, 0x000000075a400000, 0x000000075a400000|100%| S|CS|TAMS 0x000000075a200000| PB 0x000000075a200000| Complete |  0
| 598|0x000000075a400000, 0x000000075a600000, 0x000000075a600000|100%| S|CS|TAMS 0x000000075a400000| PB 0x000000075a400000| Complete |  0
| 599|0x000000075a600000, 0x000000075a700000, 0x000000075a800000| 50%| S|CS|TAMS 0x000000075a600000| PB 0x000000075a600000| Complete |  0
| 600|0x000000075a800000, 0x000000075a800000, 0x000000075aa00000|  0%| F|  |TAMS 0x000000075a800000| PB 0x000000075a800000| Untracked |  0
| 601|0x000000075aa00000, 0x000000075aa00000, 0x000000075ac00000|  0%| F|  |TAMS 0x000000075aa00000| PB 0x000000075aa00000| Untracked |  0
| 602|0x000000075ac00000, 0x000000075ac00000, 0x000000075ae00000|  0%| F|  |TAMS 0x000000075ac00000| PB 0x000000075ac00000| Untracked |  0
| 603|0x000000075ae00000, 0x000000075ae00000, 0x000000075b000000|  0%| F|  |TAMS 0x000000075ae00000| PB 0x000000075ae00000| Untracked |  0
| 604|0x000000075b000000, 0x000000075b000000, 0x000000075b200000|  0%| F|  |TAMS 0x000000075b000000| PB 0x000000075b000000| Untracked |  0
| 605|0x000000075b200000, 0x000000075b200000, 0x000000075b400000|  0%| F|  |TAMS 0x000000075b200000| PB 0x000000075b200000| Untracked |  0
| 606|0x000000075b400000, 0x000000075b400000, 0x000000075b600000|  0%| F|  |TAMS 0x000000075b400000| PB 0x000000075b400000| Untracked |  0
| 607|0x000000075b600000, 0x000000075b600000, 0x000000075b800000|  0%| F|  |TAMS 0x000000075b600000| PB 0x000000075b600000| Untracked |  0
| 608|0x000000075b800000, 0x000000075b800000, 0x000000075ba00000|  0%| F|  |TAMS 0x000000075b800000| PB 0x000000075b800000| Untracked |  0
| 609|0x000000075ba00000, 0x000000075ba00000, 0x000000075bc00000|  0%| F|  |TAMS 0x000000075ba00000| PB 0x000000075ba00000| Untracked |  0
| 610|0x000000075bc00000, 0x000000075bc00000, 0x000000075be00000|  0%| F|  |TAMS 0x000000075bc00000| PB 0x000000075bc00000| Untracked |  0
|1805|0x00000007f1200000, 0x00000007f13b5220, 0x00000007f1400000| 85%| O|  |TAMS 0x00000007f1200000| PB 0x00000007f1200000| Untracked |  0
|1806|0x00000007f1400000, 0x00000007f1600000, 0x00000007f1600000|100%| O|  |TAMS 0x00000007f1400000| PB 0x00000007f1400000| Untracked |  0
|1807|0x00000007f1600000, 0x00000007f1800000, 0x00000007f1800000|100%| O|  |TAMS 0x00000007f1600000| PB 0x00000007f1600000| Untracked |  0
|1808|0x00000007f1800000, 0x00000007f1a00000, 0x00000007f1a00000|100%| O|  |TAMS 0x00000007f1800000| PB 0x00000007f1800000| Untracked |  0
|1809|0x00000007f1a00000, 0x00000007f1c00000, 0x00000007f1c00000|100%| O|  |TAMS 0x00000007f1a00000| PB 0x00000007f1a00000| Untracked |  0
|1810|0x00000007f1c00000, 0x00000007f1e00000, 0x00000007f1e00000|100%| O|  |TAMS 0x00000007f1c00000| PB 0x00000007f1c00000| Untracked |  0
|1811|0x00000007f1e00000, 0x00000007f2000000, 0x00000007f2000000|100%| O|  |TAMS 0x00000007f1e00000| PB 0x00000007f1e00000| Untracked |  0
|1812|0x00000007f2000000, 0x00000007f2200000, 0x00000007f2200000|100%| O|  |TAMS 0x00000007f2000000| PB 0x00000007f2000000| Untracked |  0
|1813|0x00000007f2200000, 0x00000007f2400000, 0x00000007f2400000|100%| O|  |TAMS 0x00000007f2200000| PB 0x00000007f2200000| Untracked |  0
|1814|0x00000007f2400000, 0x00000007f2600000, 0x00000007f2600000|100%| O|  |TAMS 0x00000007f2400000| PB 0x00000007f2400000| Untracked |  0
|1815|0x00000007f2600000, 0x00000007f2800000, 0x00000007f2800000|100%| O|  |TAMS 0x00000007f2600000| PB 0x00000007f2600000| Untracked |  0
|1816|0x00000007f2800000, 0x00000007f2800000, 0x00000007f2a00000|  0%| F|  |TAMS 0x00000007f2800000| PB 0x00000007f2800000| Untracked |  0
|1817|0x00000007f2a00000, 0x00000007f2a00000, 0x00000007f2c00000|  0%| F|  |TAMS 0x00000007f2a00000| PB 0x00000007f2a00000| Untracked |  0
|1818|0x00000007f2c00000, 0x00000007f2e00000, 0x00000007f2e00000|100%| O|  |TAMS 0x00000007f2c00000| PB 0x00000007f2c00000| Untracked |  0
|1819|0x00000007f2e00000, 0x00000007f2e00000, 0x00000007f3000000|  0%| F|  |TAMS 0x00000007f2e00000| PB 0x00000007f2e00000| Untracked |  0
|1820|0x00000007f3000000, 0x00000007f3200000, 0x00000007f3200000|100%| O|  |TAMS 0x00000007f3000000| PB 0x00000007f3000000| Untracked |  0
|1821|0x00000007f3200000, 0x00000007f3400000, 0x00000007f3400000|100%| O|  |TAMS 0x00000007f3200000| PB 0x00000007f3200000| Untracked |  0
|1822|0x00000007f3400000, 0x00000007f3600000, 0x00000007f3600000|100%| O|Cm|TAMS 0x00000007f3400000| PB 0x00000007f3400000| Complete |  0
|1823|0x00000007f3600000, 0x00000007f3800000, 0x00000007f3800000|100%| O|  |TAMS 0x00000007f3600000| PB 0x00000007f3600000| Untracked |  0
|1824|0x00000007f3800000, 0x00000007f3a00000, 0x00000007f3a00000|100%| O|  |TAMS 0x00000007f3800000| PB 0x00000007f3800000| Untracked |  0
|1825|0x00000007f3a00000, 0x00000007f3c00000, 0x00000007f3c00000|100%| O|  |TAMS 0x00000007f3a00000| PB 0x00000007f3a00000| Untracked |  0
|1826|0x00000007f3c00000, 0x00000007f3e00000, 0x00000007f3e00000|100%| O|  |TAMS 0x00000007f3c00000| PB 0x00000007f3c00000| Untracked |  0
|1827|0x00000007f3e00000, 0x00000007f4000000, 0x00000007f4000000|100%| O|  |TAMS 0x00000007f3e00000| PB 0x00000007f3e00000| Untracked |  0
|1828|0x00000007f4000000, 0x00000007f4200000, 0x00000007f4200000|100%| O|  |TAMS 0x00000007f4000000| PB 0x00000007f4000000| Untracked |  0
|1829|0x00000007f4200000, 0x00000007f4400000, 0x00000007f4400000|100%| O|  |TAMS 0x00000007f4200000| PB 0x00000007f4200000| Untracked |  0
|1830|0x00000007f4400000, 0x00000007f4600000, 0x00000007f4600000|100%| O|  |TAMS 0x00000007f4400000| PB 0x00000007f4400000| Untracked |  0
|1831|0x00000007f4600000, 0x00000007f4800000, 0x00000007f4800000|100%| O|  |TAMS 0x00000007f4600000| PB 0x00000007f4600000| Untracked |  0
|1832|0x00000007f4800000, 0x00000007f4a00000, 0x00000007f4a00000|100%| O|  |TAMS 0x00000007f4800000| PB 0x00000007f4800000| Untracked |  0
|1833|0x00000007f4a00000, 0x00000007f4c00000, 0x00000007f4c00000|100%| O|  |TAMS 0x00000007f4a00000| PB 0x00000007f4a00000| Untracked |  0
|1834|0x00000007f4c00000, 0x00000007f4e00000, 0x00000007f4e00000|100%| O|  |TAMS 0x00000007f4c00000| PB 0x00000007f4c00000| Untracked |  0
|1835|0x00000007f4e00000, 0x00000007f5000000, 0x00000007f5000000|100%| O|  |TAMS 0x00000007f4e00000| PB 0x00000007f4e00000| Untracked |  0
|1836|0x00000007f5000000, 0x00000007f5000000, 0x00000007f5200000|  0%| F|  |TAMS 0x00000007f5000000| PB 0x00000007f5000000| Untracked |  0
|1837|0x00000007f5200000, 0x00000007f5200000, 0x00000007f5400000|  0%| F|  |TAMS 0x00000007f5200000| PB 0x00000007f5200000| Untracked |  0
|1838|0x00000007f5400000, 0x00000007f5600000, 0x00000007f5600000|100%| O|  |TAMS 0x00000007f5400000| PB 0x00000007f5400000| Untracked |  0
|1839|0x00000007f5600000, 0x00000007f5600000, 0x00000007f5800000|  0%| F|  |TAMS 0x00000007f5600000| PB 0x00000007f5600000| Untracked |  0
|1840|0x00000007f5800000, 0x00000007f5800000, 0x00000007f5a00000|  0%| F|  |TAMS 0x00000007f5800000| PB 0x00000007f5800000| Untracked |  0
|1841|0x00000007f5a00000, 0x00000007f5a00000, 0x00000007f5c00000|  0%| F|  |TAMS 0x00000007f5a00000| PB 0x00000007f5a00000| Untracked |  0
|1842|0x00000007f5c00000, 0x00000007f5e00000, 0x00000007f5e00000|100%| O|Cm|TAMS 0x00000007f5c00000| PB 0x00000007f5c00000| Complete |  0
|1843|0x00000007f5e00000, 0x00000007f5e00000, 0x00000007f6000000|  0%| F|  |TAMS 0x00000007f5e00000| PB 0x00000007f5e00000| Untracked |  0
|1844|0x00000007f6000000, 0x00000007f6200000, 0x00000007f6200000|100%| O|Cm|TAMS 0x00000007f6000000| PB 0x00000007f6000000| Complete |  0
|1845|0x00000007f6200000, 0x00000007f6200000, 0x00000007f6400000|  0%| F|  |TAMS 0x00000007f6200000| PB 0x00000007f6200000| Untracked |  0
|1846|0x00000007f6400000, 0x00000007f6400000, 0x00000007f6600000|  0%| F|  |TAMS 0x00000007f6400000| PB 0x00000007f6400000| Untracked |  0
|1847|0x00000007f6600000, 0x00000007f6800000, 0x00000007f6800000|100%| O|Cm|TAMS 0x00000007f6600000| PB 0x00000007f6600000| Complete |  0
|1848|0x00000007f6800000, 0x00000007f6800000, 0x00000007f6a00000|  0%| F|  |TAMS 0x00000007f6800000| PB 0x00000007f6800000| Untracked |  0
|1849|0x00000007f6a00000, 0x00000007f6a00000, 0x00000007f6c00000|  0%| F|  |TAMS 0x00000007f6a00000| PB 0x00000007f6a00000| Untracked |  0
|1850|0x00000007f6c00000, 0x00000007f6c00000, 0x00000007f6e00000|  0%| F|  |TAMS 0x00000007f6c00000| PB 0x00000007f6c00000| Untracked |  0
|1851|0x00000007f6e00000, 0x00000007f6e00000, 0x00000007f7000000|  0%| F|  |TAMS 0x00000007f6e00000| PB 0x00000007f6e00000| Untracked |  0
|1852|0x00000007f7000000, 0x00000007f7000000, 0x00000007f7200000|  0%| F|  |TAMS 0x00000007f7000000| PB 0x00000007f7000000| Untracked |  0
|1853|0x00000007f7200000, 0x00000007f7400000, 0x00000007f7400000|100%| O|  |TAMS 0x00000007f7200000| PB 0x00000007f7200000| Untracked |  0
|1854|0x00000007f7400000, 0x00000007f7600000, 0x00000007f7600000|100%| O|  |TAMS 0x00000007f7400000| PB 0x00000007f7400000| Untracked |  0
|1855|0x00000007f7600000, 0x00000007f7600000, 0x00000007f7800000|  0%| F|  |TAMS 0x00000007f7600000| PB 0x00000007f7600000| Untracked |  0
|1856|0x00000007f7800000, 0x00000007f7800000, 0x00000007f7a00000|  0%| F|  |TAMS 0x00000007f7800000| PB 0x00000007f7800000| Untracked |  0
|1857|0x00000007f7a00000, 0x00000007f7a00000, 0x00000007f7c00000|  0%| F|  |TAMS 0x00000007f7a00000| PB 0x00000007f7a00000| Untracked |  0
|1858|0x00000007f7c00000, 0x00000007f7c00000, 0x00000007f7e00000|  0%| F|  |TAMS 0x00000007f7c00000| PB 0x00000007f7c00000| Untracked |  0
|1859|0x00000007f7e00000, 0x00000007f7e00000, 0x00000007f8000000|  0%| F|  |TAMS 0x00000007f7e00000| PB 0x00000007f7e00000| Untracked |  0
|1860|0x00000007f8000000, 0x00000007f8000000, 0x00000007f8200000|  0%| F|  |TAMS 0x00000007f8000000| PB 0x00000007f8000000| Untracked |  0
|1861|0x00000007f8200000, 0x00000007f8200000, 0x00000007f8400000|  0%| F|  |TAMS 0x00000007f8200000| PB 0x00000007f8200000| Untracked |  0
|1862|0x00000007f8400000, 0x00000007f8400000, 0x00000007f8600000|  0%| F|  |TAMS 0x00000007f8400000| PB 0x00000007f8400000| Untracked |  0
|1863|0x00000007f8600000, 0x00000007f8600000, 0x00000007f8800000|  0%| F|  |TAMS 0x00000007f8600000| PB 0x00000007f8600000| Untracked |  0
|1864|0x00000007f8800000, 0x00000007f8800000, 0x00000007f8a00000|  0%| F|  |TAMS 0x00000007f8800000| PB 0x00000007f8800000| Untracked |  0
|1865|0x00000007f8a00000, 0x00000007f8c00000, 0x00000007f8c00000|100%| O|Cm|TAMS 0x00000007f8a00000| PB 0x00000007f8a00000| Complete |  0
|1866|0x00000007f8c00000, 0x00000007f8c00000, 0x00000007f8e00000|  0%| F|  |TAMS 0x00000007f8c00000| PB 0x00000007f8c00000| Untracked |  0
|1867|0x00000007f8e00000, 0x00000007f8e00000, 0x00000007f9000000|  0%| F|  |TAMS 0x00000007f8e00000| PB 0x00000007f8e00000| Untracked |  0
|1868|0x00000007f9000000, 0x00000007f9000000, 0x00000007f9200000|  0%| F|  |TAMS 0x00000007f9000000| PB 0x00000007f9000000| Untracked |  0
|1869|0x00000007f9200000, 0x00000007f9400000, 0x00000007f9400000|100%| O|  |TAMS 0x00000007f9200000| PB 0x00000007f9200000| Untracked |  0
|1870|0x00000007f9400000, 0x00000007f9400000, 0x00000007f9600000|  0%| F|  |TAMS 0x00000007f9400000| PB 0x00000007f9400000| Untracked |  0
|1871|0x00000007f9600000, 0x00000007f9600000, 0x00000007f9800000|  0%| F|  |TAMS 0x00000007f9600000| PB 0x00000007f9600000| Untracked |  0
|1872|0x00000007f9800000, 0x00000007f9800000, 0x00000007f9a00000|  0%| F|  |TAMS 0x00000007f9800000| PB 0x00000007f9800000| Untracked |  0
|1873|0x00000007f9a00000, 0x00000007f9c00000, 0x00000007f9c00000|100%| O|  |TAMS 0x00000007f9a00000| PB 0x00000007f9a00000| Untracked |  0
|1874|0x00000007f9c00000, 0x00000007f9c00000, 0x00000007f9e00000|  0%| F|  |TAMS 0x00000007f9c00000| PB 0x00000007f9c00000| Untracked |  0
|1875|0x00000007f9e00000, 0x00000007f9e00000, 0x00000007fa000000|  0%| F|  |TAMS 0x00000007f9e00000| PB 0x00000007f9e00000| Untracked |  0
|1876|0x00000007fa000000, 0x00000007fa000000, 0x00000007fa200000|  0%| F|  |TAMS 0x00000007fa000000| PB 0x00000007fa000000| Untracked |  0
|1877|0x00000007fa200000, 0x00000007fa200000, 0x00000007fa400000|  0%| F|  |TAMS 0x00000007fa200000| PB 0x00000007fa200000| Untracked |  0
|1878|0x00000007fa400000, 0x00000007fa400000, 0x00000007fa600000|  0%| F|  |TAMS 0x00000007fa400000| PB 0x00000007fa400000| Untracked |  0
|1879|0x00000007fa600000, 0x00000007fa600000, 0x00000007fa800000|  0%| F|  |TAMS 0x00000007fa600000| PB 0x00000007fa600000| Untracked |  0
|1880|0x00000007fa800000, 0x00000007fa800000, 0x00000007faa00000|  0%| F|  |TAMS 0x00000007fa800000| PB 0x00000007fa800000| Untracked |  0
|1881|0x00000007faa00000, 0x00000007fac00000, 0x00000007fac00000|100%| O|  |TAMS 0x00000007faa00000| PB 0x00000007faa00000| Untracked |  0
|1882|0x00000007fac00000, 0x00000007fac00000, 0x00000007fae00000|  0%| F|  |TAMS 0x00000007fac00000| PB 0x00000007fac00000| Untracked |  0
|1883|0x00000007fae00000, 0x00000007fae00000, 0x00000007fb000000|  0%| F|  |TAMS 0x00000007fae00000| PB 0x00000007fae00000| Untracked |  0
|1884|0x00000007fb000000, 0x00000007fb200000, 0x00000007fb200000|100%| O|  |TAMS 0x00000007fb000000| PB 0x00000007fb000000| Untracked |  0
|1885|0x00000007fb200000, 0x00000007fb400000, 0x00000007fb400000|100%| E|  |TAMS 0x00000007fb200000| PB 0x00000007fb200000| Complete |  0
|1886|0x00000007fb400000, 0x00000007fb600000, 0x00000007fb600000|100%| E|CS|TAMS 0x00000007fb400000| PB 0x00000007fb400000| Complete |  0
|1887|0x00000007fb600000, 0x00000007fb800000, 0x00000007fb800000|100%| E|CS|TAMS 0x00000007fb600000| PB 0x00000007fb600000| Complete |  0
|1888|0x00000007fb800000, 0x00000007fba00000, 0x00000007fba00000|100%| E|CS|TAMS 0x00000007fb800000| PB 0x00000007fb800000| Complete |  0
|1889|0x00000007fba00000, 0x00000007fbc00000, 0x00000007fbc00000|100%| O|  |TAMS 0x00000007fba00000| PB 0x00000007fba00000| Untracked |  0
|1890|0x00000007fbc00000, 0x00000007fbe00000, 0x00000007fbe00000|100%| O|  |TAMS 0x00000007fbc00000| PB 0x00000007fbc00000| Untracked |  0
|1891|0x00000007fbe00000, 0x00000007fc000000, 0x00000007fc000000|100%| O|Cm|TAMS 0x00000007fbe00000| PB 0x00000007fbe00000| Complete |  0
|1892|0x00000007fc000000, 0x00000007fc200000, 0x00000007fc200000|100%| E|CS|TAMS 0x00000007fc000000| PB 0x00000007fc000000| Complete |  0
|1893|0x00000007fc200000, 0x00000007fc400000, 0x00000007fc400000|100%| E|CS|TAMS 0x00000007fc200000| PB 0x00000007fc200000| Complete |  0
|1894|0x00000007fc400000, 0x00000007fc600000, 0x00000007fc600000|100%| E|CS|TAMS 0x00000007fc400000| PB 0x00000007fc400000| Complete |  0
|1895|0x00000007fc600000, 0x00000007fc800000, 0x00000007fc800000|100%| O|  |TAMS 0x00000007fc600000| PB 0x00000007fc600000| Untracked |  0
|1896|0x00000007fc800000, 0x00000007fca00000, 0x00000007fca00000|100%| E|CS|TAMS 0x00000007fc800000| PB 0x00000007fc800000| Complete |  0
|1897|0x00000007fca00000, 0x00000007fcc00000, 0x00000007fcc00000|100%| E|CS|TAMS 0x00000007fca00000| PB 0x00000007fca00000| Complete |  0
|1898|0x00000007fcc00000, 0x00000007fce00000, 0x00000007fce00000|100%| E|CS|TAMS 0x00000007fcc00000| PB 0x00000007fcc00000| Complete |  0
|1899|0x00000007fce00000, 0x00000007fd000000, 0x00000007fd000000|100%| E|  |TAMS 0x00000007fce00000| PB 0x00000007fce00000| Complete |  0
|1900|0x00000007fd000000, 0x00000007fd200000, 0x00000007fd200000|100%| E|CS|TAMS 0x00000007fd000000| PB 0x00000007fd000000| Complete |  0
|1901|0x00000007fd200000, 0x00000007fd400000, 0x00000007fd400000|100%| E|CS|TAMS 0x00000007fd200000| PB 0x00000007fd200000| Complete |  0
|1902|0x00000007fd400000, 0x00000007fd600000, 0x00000007fd600000|100%| E|CS|TAMS 0x00000007fd400000| PB 0x00000007fd400000| Complete |  0
|1903|0x00000007fd600000, 0x00000007fd800000, 0x00000007fd800000|100%| E|CS|TAMS 0x00000007fd600000| PB 0x00000007fd600000| Complete |  0
|1904|0x00000007fd800000, 0x00000007fda00000, 0x00000007fda00000|100%| E|CS|TAMS 0x00000007fd800000| PB 0x00000007fd800000| Complete |  0
|1905|0x00000007fda00000, 0x00000007fdc00000, 0x00000007fdc00000|100%| E|CS|TAMS 0x00000007fda00000| PB 0x00000007fda00000| Complete |  0
|1906|0x00000007fdc00000, 0x00000007fde00000, 0x00000007fde00000|100%| E|CS|TAMS 0x00000007fdc00000| PB 0x00000007fdc00000| Complete |  0
|1907|0x00000007fde00000, 0x00000007fe000000, 0x00000007fe000000|100%| E|CS|TAMS 0x00000007fde00000| PB 0x00000007fde00000| Complete |  0
|1908|0x00000007fe000000, 0x00000007fe200000, 0x00000007fe200000|100%| E|CS|TAMS 0x00000007fe000000| PB 0x00000007fe000000| Complete |  0
|1909|0x00000007fe200000, 0x00000007fe400000, 0x00000007fe400000|100%| E|CS|TAMS 0x00000007fe200000| PB 0x00000007fe200000| Complete |  0
|1910|0x00000007fe400000, 0x00000007fe600000, 0x00000007fe600000|100%| E|CS|TAMS 0x00000007fe400000| PB 0x00000007fe400000| Complete |  0
|1911|0x00000007fe600000, 0x00000007fe800000, 0x00000007fe800000|100%| E|CS|TAMS 0x00000007fe600000| PB 0x00000007fe600000| Complete |  0
|1912|0x00000007fe800000, 0x00000007fea00000, 0x00000007fea00000|100%| E|CS|TAMS 0x00000007fe800000| PB 0x00000007fe800000| Complete |  0
|1913|0x00000007fea00000, 0x00000007fec00000, 0x00000007fec00000|100%| E|CS|TAMS 0x00000007fea00000| PB 0x00000007fea00000| Complete |  0
|1914|0x00000007fec00000, 0x00000007fee00000, 0x00000007fee00000|100%| E|CS|TAMS 0x00000007fec00000| PB 0x00000007fec00000| Complete |  0
|1915|0x00000007fee00000, 0x00000007ff000000, 0x00000007ff000000|100%| E|CS|TAMS 0x00000007fee00000| PB 0x00000007fee00000| Complete |  0
|1916|0x00000007ff000000, 0x00000007ff200000, 0x00000007ff200000|100%| O|  |TAMS 0x00000007ff000000| PB 0x00000007ff000000| Untracked |  0
|1917|0x00000007ff200000, 0x00000007ff400000, 0x00000007ff400000|100%| O|  |TAMS 0x00000007ff200000| PB 0x00000007ff200000| Untracked |  0
|1918|0x00000007ff400000, 0x00000007ff600000, 0x00000007ff600000|100%| O|  |TAMS 0x00000007ff400000| PB 0x00000007ff400000| Untracked |  0
|1919|0x00000007ff600000, 0x00000007ff800000, 0x00000007ff800000|100%| O|  |TAMS 0x00000007ff600000| PB 0x00000007ff600000| Untracked |  0
|1920|0x00000007ff800000, 0x00000007ffa00000, 0x00000007ffa00000|100%| O|  |TAMS 0x00000007ff800000| PB 0x00000007ff800000| Untracked |  0
|1921|0x00000007ffa00000, 0x00000007ffc00000, 0x00000007ffc00000|100%| O|  |TAMS 0x00000007ffa00000| PB 0x00000007ffa00000| Untracked |  0
|1922|0x00000007ffc00000, 0x00000007ffe00000, 0x00000007ffe00000|100%| O|  |TAMS 0x00000007ffc00000| PB 0x00000007ffc00000| Untracked |  0
|1923|0x00000007ffe00000, 0x0000000800000000, 0x0000000800000000|100%| E|CS|TAMS 0x00000007ffe00000| PB 0x00000007ffe00000| Complete |  0

Card table byte_map: [0x0000ffff760d8000,0x0000ffff7685c000] _byte_map_base: 0x0000ffff7285c000

Marking Bits: (CMBitMap*) 0x0000ffff701874a0
 Bits: [0x0000ffff593dc000, 0x0000ffff5cffc000)

Polling page: 0x0000ffff79758000

Metaspace:
Metaspace        used 146246K, committed 148032K, reserved 1179648K
 class space     used 25074K, committed 25792K, reserved 1048576K

Usage:
  Non-class:    118.33 MB used.
      Class:     24.49 MB used.
       Both:    142.82 MB used.

Virtual space:
  Non-class space:      128.00 MB reserved,     119.38 MB ( 93%) committed,  2 nodes.
      Class space:        1.00 GB reserved,      25.19 MB (  2%) committed,  1 nodes.
             Both:        1.12 GB reserved,     144.56 MB ( 13%) committed. 

Chunk freelists:
   Non-Class:  8.38 MB
       Class:  6.64 MB
        Both:  15.02 MB

MaxMetaspaceSize: unlimited
CompressedClassSpaceSize: 1.00 GB
Initial GC threshold: 21.00 MB
Current GC threshold: 240.88 MB
CDS: on
 - commit_granule_bytes: 65536.
 - commit_granule_words: 8192.
 - virtual_space_node_default_size: 8388608.
 - enlarge_chunks_in_place: 1.
UseCompressedClassPointers 1, UseCompactObjectHeaders 0
Narrow klass pointer bits 32, Max shift 3
Narrow klass base: 0x000003ff00000000, Narrow klass shift: 0
Encoding Range: [0x000003ff00000000 - 0x0000040000000000), (4294967296 bytes)
Klass Range:    [0x000003ff00010000 - 0x000003ff42000000), (1107230720 bytes)
Klass ID Range:  [65536 - 1107296249) (1107230713)
Protection zone: [0x000003ff00000000 - 0x000003ff00010000), (65536 bytes)


Internal statistics:

num_allocs_failed_limit: 27.
num_arena_births: 3076.
num_arena_deaths: 24.
num_vsnodes_births: 3.
num_vsnodes_deaths: 0.
num_space_committed: 2308.
num_space_uncommitted: 0.
num_chunks_returned_to_freelist: 60.
num_chunks_taken_from_freelist: 9749.
num_chunk_merges: 41.
num_chunk_splits: 6438.
num_chunks_enlarged: 4782.
num_inconsistent_stats: 0.

CodeHeap 'non-profiled nmethods': size=120032Kb used=19253Kb max_used=19279Kb free=100778Kb
 bounds [0x0000ffff64ac8000, 0x0000ffff65da8000, 0x0000ffff6c000000]
CodeHeap 'profiled nmethods': size=120032Kb used=26711Kb max_used=35853Kb free=93320Kb
 bounds [0x0000ffff5cffc000, 0x0000ffff5f30c000, 0x0000ffff64534000]
CodeHeap 'non-nmethods': size=5712Kb used=3361Kb max_used=3548Kb free=2350Kb
 bounds [0x0000ffff64534000, 0x0000ffff648c4000, 0x0000ffff64ac8000]
CodeCache: size=245776Kb, used=49325Kb, max_used=58680Kb, free=196448Kb
 total_blobs=27647, nmethods=24799, adapters=2702, full_count=0
Compilation: enabled, stopped_count=0, restarted_count=0

Compilation events (20 events):
Event: 143.598 Thread 0x0000ffff70222c20 nmethod 40379 0x0000ffff5e9b9348 code [0x0000ffff5e9b9440, 0x0000ffff5e9b9720]
Event: 143.598 Thread 0x0000ffff70222c20 40380       3       com.mojang.blaze3d.opengl.Uniform::close (1 bytes)
Event: 143.598 Thread 0x0000ffff70222c20 nmethod 40380 0x0000ffff5d481548 code [0x0000ffff5d481640, 0x0000ffff5d481760]
Event: 143.685 Thread 0x0000ffff70222c20 40381       1       java.util.concurrent.CopyOnWriteArrayList::getArray (5 bytes)
Event: 143.685 Thread 0x0000ffff70222c20 nmethod 40381 0x0000ffff65d077c8 code [0x0000ffff65d078c0, 0x0000ffff65d079a8]
Event: 143.685 Thread 0x0000ffff70222c20 40382       3       java.lang.Character::toUpperCase (9 bytes)
Event: 143.686 Thread 0x0000ffff70222c20 nmethod 40382 0x0000ffff5e243508 code [0x0000ffff5e243600, 0x0000ffff5e243828]
Event: 143.686 Thread 0x0000ffff70222c20 40383       3       org.apache.logging.log4j.core.util.internal.InternalLoggerRegistry$$Lambda/0x000003ff02119ee8::apply (8 bytes)
Event: 143.687 Thread 0x0000ffff70222c20 nmethod 40383 0x0000ffff5ea77988 code [0x0000ffff5ea77a80, 0x0000ffff5ea78228]
Event: 143.687 Thread 0x0000ffff70222c20 40384       3       org.apache.logging.log4j.core.util.internal.InternalLoggerRegistry::lambda$getLoggers$2 (23 bytes)
Event: 143.687 Thread 0x0000ffff70222c20 nmethod 40384 0x0000ffff5e242d88 code [0x0000ffff5e242e80, 0x0000ffff5e2434c0]
Event: 143.687 Thread 0x0000ffff70222c20 40385       3       org.apache.logging.log4j.core.Logger$PrivateConfig::<init> (67 bytes)
Event: 143.688 Thread 0x0000ffff70222c20 nmethod 40385 0x0000ffff5e806f88 code [0x0000ffff5e807080, 0x0000ffff5e807910]
Event: 143.688 Thread 0x0000ffff70222c20 40386       3       org.apache.logging.log4j.core.config.LoggerConfig::getLevel (35 bytes)
Event: 143.688 Thread 0x0000ffff70222c20 nmethod 40386 0x0000ffff5e8069c8 code [0x0000ffff5e806ac0, 0x0000ffff5e806f08]
Event: 143.688 Thread 0x0000ffff70222c20 40387       3       org.apache.logging.log4j.core.LoggerContext$$Lambda/0x000003ff0211a168::accept (12 bytes)
Event: 143.688 Thread 0x0000ffff70222c20 nmethod 40387 0x0000ffff5ea77588 code [0x0000ffff5ea77680, 0x0000ffff5ea77948]
Event: 143.688 Thread 0x0000ffff70222c20 40388       3       org.apache.logging.log4j.core.LoggerContext::lambda$updateLoggers$3 (6 bytes)
Event: 143.689 Thread 0x0000ffff70222c20 nmethod 40388 0x0000ffff5d087a48 code [0x0000ffff5d087b40, 0x0000ffff5d087ca0]
Event: 143.689 Thread 0x0000ffff70222c20 40390  s    3       java.io.FileDescriptor::unregisterCleanup (20 bytes)

GC Heap Usage History (20 events):
Event: 119.076 {heap Before GC invocations=137 (full 0):
 garbage-first heap   total reserved 3940352K, committed 1355776K, used 1270784K [0x000000070f800000, 0x0000000800000000)
  region size 2048K, 248 young (507904K), 12 survivors (24576K)
}
Event: 119.092 {heap After GC invocations=138 (full 0):
 garbage-first heap   total reserved 3940352K, committed 1355776K, used 799384K [0x000000070f800000, 0x0000000800000000)
  region size 2048K, 17 young (34816K), 17 survivors (34816K)
}
Event: 119.636 {heap Before GC invocations=138 (full 0):
 garbage-first heap   total reserved 3940352K, committed 1355776K, used 1276568K [0x000000070f800000, 0x0000000800000000)
  region size 2048K, 251 young (514048K), 17 survivors (34816K)
}
Event: 119.666 {heap After GC invocations=139 (full 0):
 garbage-first heap   total reserved 3940352K, committed 1370112K, used 801589K [0x000000070f800000, 0x0000000800000000)
  region size 2048K, 24 young (49152K), 24 survivors (49152K)
}
Event: 120.616 {heap Before GC invocations=139 (full 0):
 garbage-first heap   total reserved 3940352K, committed 1370112K, used 1291061K [0x000000070f800000, 0x0000000800000000)
  region size 2048K, 264 young (540672K), 24 survivors (49152K)
}
Event: 120.638 {heap After GC invocations=140 (full 0):
 garbage-first heap   total reserved 3940352K, committed 1370112K, used 815984K [0x000000070f800000, 0x0000000800000000)
  region size 2048K, 22 young (45056K), 22 survivors (45056K)
}
Event: 121.385 {heap Before GC invocations=141 (full 0):
 garbage-first heap   total reserved 3940352K, committed 1370112K, used 1295216K [0x000000070f800000, 0x0000000800000000)
  region size 2048K, 257 young (526336K), 22 survivors (45056K)
}
Event: 121.408 {heap After GC invocations=142 (full 0):
 garbage-first heap   total reserved 3940352K, committed 1370112K, used 833074K [0x000000070f800000, 0x0000000800000000)
  region size 2048K, 24 young (49152K), 24 survivors (49152K)
}
Event: 122.211 {heap Before GC invocations=142 (full 0):
 garbage-first heap   total reserved 3940352K, committed 1370112K, used 1297970K [0x000000070f800000, 0x0000000800000000)
  region size 2048K, 252 young (516096K), 24 survivors (49152K)
}
Event: 122.243 {heap After GC invocations=143 (full 0):
 garbage-first heap   total reserved 3940352K, committed 1429504K, used 813034K [0x000000070f800000, 0x0000000800000000)
  region size 2048K, 22 young (45056K), 22 survivors (45056K)
}
Event: 126.075 {heap Before GC invocations=143 (full 0):
 garbage-first heap   total reserved 3940352K, committed 1429504K, used 1345514K [0x000000070f800000, 0x0000000800000000)
  region size 2048K, 283 young (579584K), 22 survivors (45056K)
}
Event: 126.088 {heap After GC invocations=144 (full 0):
 garbage-first heap   total reserved 3940352K, committed 1429504K, used 821042K [0x000000070f800000, 0x0000000800000000)
  region size 2048K, 18 young (36864K), 18 survivors (36864K)
}
Event: 134.465 {heap Before GC invocations=145 (full 0):
 garbage-first heap   total reserved 3940352K, committed 1429504K, used 1353522K [0x000000070f800000, 0x0000000800000000)
  region size 2048K, 279 young (571392K), 18 survivors (36864K)
}
Event: 134.494 {heap After GC invocations=146 (full 0):
 garbage-first heap   total reserved 3940352K, committed 1429504K, used 822541K [0x000000070f800000, 0x0000000800000000)
  region size 2048K, 19 young (38912K), 19 survivors (38912K)
}
Event: 141.939 {heap Before GC invocations=146 (full 0):
 garbage-first heap   total reserved 3940352K, committed 1429504K, used 1352973K [0x000000070f800000, 0x0000000800000000)
  region size 2048K, 279 young (571392K), 19 survivors (38912K)
}
Event: 141.972 {heap After GC invocations=147 (full 0):
 garbage-first heap   total reserved 3940352K, committed 1429504K, used 804700K [0x000000070f800000, 0x0000000800000000)
  region size 2048K, 18 young (36864K), 18 survivors (36864K)
}
Event: 142.612 {heap Before GC invocations=147 (full 0):
 garbage-first heap   total reserved 3940352K, committed 1429504K, used 1353564K [0x000000070f800000, 0x0000000800000000)
  region size 2048K, 287 young (587776K), 18 survivors (36864K)
}
Event: 142.625 {heap After GC invocations=148 (full 0):
 garbage-first heap   total reserved 3940352K, committed 1447936K, used 858565K [0x000000070f800000, 0x0000000800000000)
  region size 2048K, 36 young (73728K), 36 survivors (73728K)
}
Event: 142.676 {heap Before GC invocations=148 (full 0):
 garbage-first heap   total reserved 3940352K, committed 1447936K, used 1358277K [0x000000070f800000, 0x0000000800000000)
  region size 2048K, 281 young (575488K), 36 survivors (73728K)
}
Event: 142.691 {heap After GC invocations=149 (full 0):
 garbage-first heap   total reserved 3940352K, committed 1472512K, used 895700K [0x000000070f800000, 0x0000000800000000)
  region size 2048K, 27 young (55296K), 27 survivors (55296K)
}

Metaspace Usage History (20 events):
Event: 119.076 {metaspace Before GC invocations=137 (full 0):
 Metaspace       used 145583K, committed 147328K, reserved 1179648K
  class space    used 24963K, committed 25664K, reserved 1048576K
}
Event: 119.092 {metaspace After GC invocations=138 (full 0):
 Metaspace       used 145583K, committed 147328K, reserved 1179648K
  class space    used 24963K, committed 25664K, reserved 1048576K
}
Event: 119.636 {metaspace Before GC invocations=138 (full 0):
 Metaspace       used 145600K, committed 147328K, reserved 1179648K
  class space    used 24963K, committed 25664K, reserved 1048576K
}
Event: 119.666 {metaspace After GC invocations=139 (full 0):
 Metaspace       used 145600K, committed 147328K, reserved 1179648K
  class space    used 24963K, committed 25664K, reserved 1048576K
}
Event: 120.616 {metaspace Before GC invocations=139 (full 0):
 Metaspace       used 145601K, committed 147328K, reserved 1179648K
  class space    used 24963K, committed 25664K, reserved 1048576K
}
Event: 120.638 {metaspace After GC invocations=140 (full 0):
 Metaspace       used 145601K, committed 147328K, reserved 1179648K
  class space    used 24963K, committed 25664K, reserved 1048576K
}
Event: 121.385 {metaspace Before GC invocations=141 (full 0):
 Metaspace       used 145611K, committed 147392K, reserved 1179648K
  class space    used 24964K, committed 25664K, reserved 1048576K
}
Event: 121.408 {metaspace After GC invocations=142 (full 0):
 Metaspace       used 145611K, committed 147392K, reserved 1179648K
  class space    used 24964K, committed 25664K, reserved 1048576K
}
Event: 122.211 {metaspace Before GC invocations=142 (full 0):
 Metaspace       used 145631K, committed 147392K, reserved 1179648K
  class space    used 24967K, committed 25664K, reserved 1048576K
}
Event: 122.243 {metaspace After GC invocations=143 (full 0):
 Metaspace       used 145631K, committed 147392K, reserved 1179648K
  class space    used 24967K, committed 25664K, reserved 1048576K
}
Event: 126.075 {metaspace Before GC invocations=143 (full 0):
 Metaspace       used 145660K, committed 147456K, reserved 1179648K
  class space    used 24968K, committed 25728K, reserved 1048576K
}
Event: 126.088 {metaspace After GC invocations=144 (full 0):
 Metaspace       used 145660K, committed 147456K, reserved 1179648K
  class space    used 24968K, committed 25728K, reserved 1048576K
}
Event: 134.465 {metaspace Before GC invocations=145 (full 0):
 Metaspace       used 145710K, committed 147520K, reserved 1179648K
  class space    used 24970K, committed 25728K, reserved 1048576K
}
Event: 134.494 {metaspace After GC invocations=146 (full 0):
 Metaspace       used 145710K, committed 147520K, reserved 1179648K
  class space    used 24970K, committed 25728K, reserved 1048576K
}
Event: 141.939 {metaspace Before GC invocations=146 (full 0):
 Metaspace       used 146042K, committed 147904K, reserved 1179648K
  class space    used 25039K, committed 25792K, reserved 1048576K
}
Event: 141.972 {metaspace After GC invocations=147 (full 0):
 Metaspace       used 146042K, committed 147904K, reserved 1179648K
  class space    used 25039K, committed 25792K, reserved 1048576K
}
Event: 142.612 {metaspace Before GC invocations=147 (full 0):
 Metaspace       used 146140K, committed 147968K, reserved 1179648K
  class space    used 25058K, committed 25792K, reserved 1048576K
}
Event: 142.625 {metaspace After GC invocations=148 (full 0):
 Metaspace       used 146140K, committed 147968K, reserved 1179648K
  class space    used 25058K, committed 25792K, reserved 1048576K
}
Event: 142.676 {metaspace Before GC invocations=148 (full 0):
 Metaspace       used 146140K, committed 147968K, reserved 1179648K
  class space    used 25058K, committed 25792K, reserved 1048576K
}
Event: 142.691 {metaspace After GC invocations=149 (full 0):
 Metaspace       used 146140K, committed 147968K, reserved 1179648K
  class space    used 25058K, committed 25792K, reserved 1048576K
}

Dll operation events (14 events):
Event: 0.001 Loaded shared library /home/anguscrump/.jdks/jbr-25.0.3/lib/libjava.so
Event: 0.015 Loaded shared library /home/anguscrump/.jdks/jbr-25.0.3/lib/libnio.so
Event: 0.020 Loaded shared library /home/anguscrump/.jdks/jbr-25.0.3/lib/libzip.so
Event: 0.025 Loaded shared library /home/anguscrump/.jdks/jbr-25.0.3/lib/libnet.so
Event: 0.030 Loaded shared library /home/anguscrump/.jdks/jbr-25.0.3/lib/libzip.so
Event: 0.051 Loaded shared library /home/anguscrump/.jdks/jbr-25.0.3/lib/libjimage.so
Event: 0.226 Loaded shared library /home/anguscrump/.jdks/jbr-25.0.3/lib/libmanagement.so
Event: 0.227 Loaded shared library /home/anguscrump/.jdks/jbr-25.0.3/lib/libmanagement_ext.so
Event: 0.352 Loaded shared library /home/anguscrump/.jdks/jbr-25.0.3/lib/libverify.so
Event: 1.347 Loaded shared library /home/anguscrump/.cache/JNA/temp/jna373295415341205745.tmp
Event: 3.905 Loaded shared library /home/anguscrump/.jdks/jbr-25.0.3/lib/libextnet.so
Event: 4.109 Loaded shared library /tmp/lwjgl_anguscrump/3.4.1-snapshot/arm64/liblwjgl.so
Event: 4.333 Loaded shared library /tmp/lwjgl_anguscrump/3.4.1-snapshot/arm64/liblwjgl_opengl.so
Event: 4.557 Loaded shared library /tmp/lwjgl_anguscrump/3.4.1-snapshot/arm64/liblwjgl_stb.so

Deoptimization events (20 events):
Event: 143.594 Thread 0x0000fffed82839a0 Uncommon trap: trap_request=0x0000002f fr.pc=0x0000ffff64f1ad00 relative=0x0000000000000440
Event: 143.594 Thread 0x0000fffed82839a0 Uncommon trap: reason=unloaded action=reinterpret pc=0x0000ffff64f1ad00 method=java.util.concurrent.SynchronousQueue.poll(JLjava/util/concurrent/TimeUnit;)Ljava/lang/Object; @ 33 c2
Event: 143.594 Thread 0x0000fffed82839a0 DEOPT PACKING pc=0x0000ffff64f1ad00 sp=0x0000fffe5967e180
Event: 143.594 Thread 0x0000fffed82839a0 DEOPT UNPACKING pc=0x0000ffff6464945c sp=0x0000fffe5967e060 mode 2
Event: 143.595 Thread 0x0000fffe30007000 Uncommon trap: trap_request=0xffffff45 fr.pc=0x0000ffff65421aa8 relative=0x0000000000000868
Event: 143.595 Thread 0x0000fffe30007000 Uncommon trap: reason=unstable_if action=reinterpret pc=0x0000ffff65421aa8 method=java.util.concurrent.LinkedTransferQueue$DualNode.await(Ljava/lang/Object;JLjava/lang/Object;Z)Ljava/lang/Object; @ 143 c2
Event: 143.595 Thread 0x0000fffe30007000 DEOPT PACKING pc=0x0000ffff65421aa8 sp=0x0000fffe42aee100
Event: 143.595 Thread 0x0000fffe30007000 DEOPT UNPACKING pc=0x0000ffff6464945c sp=0x0000fffe42aedfb0 mode 2
Event: 143.595 Thread 0x0000fffe30007000 Uncommon trap: trap_request=0x0000002f fr.pc=0x0000ffff64f1ad00 relative=0x0000000000000440
Event: 143.595 Thread 0x0000fffe30007000 Uncommon trap: reason=unloaded action=reinterpret pc=0x0000ffff64f1ad00 method=java.util.concurrent.SynchronousQueue.poll(JLjava/util/concurrent/TimeUnit;)Ljava/lang/Object; @ 33 c2
Event: 143.595 Thread 0x0000fffe30007000 DEOPT PACKING pc=0x0000ffff64f1ad00 sp=0x0000fffe42aee180
Event: 143.595 Thread 0x0000fffe30007000 DEOPT UNPACKING pc=0x0000ffff6464945c sp=0x0000fffe42aee060 mode 2
Event: 143.595 Thread 0x0000fffe300078d0 Uncommon trap: trap_request=0xffffff45 fr.pc=0x0000ffff65421aa8 relative=0x0000000000000868
Event: 143.595 Thread 0x0000fffe300078d0 Uncommon trap: reason=unstable_if action=reinterpret pc=0x0000ffff65421aa8 method=java.util.concurrent.LinkedTransferQueue$DualNode.await(Ljava/lang/Object;JLjava/lang/Object;Z)Ljava/lang/Object; @ 143 c2
Event: 143.595 Thread 0x0000fffe300078d0 DEOPT PACKING pc=0x0000ffff65421aa8 sp=0x0000fffe5947e100
Event: 143.595 Thread 0x0000fffe300078d0 DEOPT UNPACKING pc=0x0000ffff6464945c sp=0x0000fffe5947dfb0 mode 2
Event: 143.595 Thread 0x0000fffe300078d0 Uncommon trap: trap_request=0x0000002f fr.pc=0x0000ffff64f1ad00 relative=0x0000000000000440
Event: 143.595 Thread 0x0000fffe300078d0 Uncommon trap: reason=unloaded action=reinterpret pc=0x0000ffff64f1ad00 method=java.util.concurrent.SynchronousQueue.poll(JLjava/util/concurrent/TimeUnit;)Ljava/lang/Object; @ 33 c2
Event: 143.595 Thread 0x0000fffe300078d0 DEOPT PACKING pc=0x0000ffff64f1ad00 sp=0x0000fffe5947e180
Event: 143.595 Thread 0x0000fffe300078d0 DEOPT UNPACKING pc=0x0000ffff6464945c sp=0x0000fffe5947e060 mode 2

Classes loaded (20 events):
Event: 16.972 Loading class java/util/IdentityHashMap$ValueSpliterator
Event: 16.972 Loading class java/util/IdentityHashMap$ValueSpliterator done
Event: 18.818 Loading class java/util/Spliterators$LongIteratorSpliterator
Event: 18.818 Loading class java/util/Spliterators$LongIteratorSpliterator done
Event: 18.907 Loading class java/util/zip/CRC32C
Event: 18.908 Loading class java/util/zip/CRC32C done
Event: 19.406 Loading class java/lang/runtime/SwitchBootstraps$StaticHolders
Event: 19.406 Loading class java/lang/runtime/SwitchBootstraps$StaticHolders done
Event: 19.406 Loading class java/lang/runtime/SwitchBootstraps$MappedEnumCache
Event: 19.406 Loading class java/lang/runtime/SwitchBootstraps$MappedEnumCache done
Event: 20.150 Loading class java/util/ReverseOrderListView
Event: 20.150 Loading class java/util/ReverseOrderListView done
Event: 20.151 Loading class java/util/ReverseOrderListView$Rand
Event: 20.151 Loading class java/util/ReverseOrderListView$Rand done
Event: 20.151 Loading class java/util/ReverseOrderListView$DescendingIterator
Event: 20.151 Loading class java/util/ReverseOrderListView$DescendingIterator done
Event: 30.114 Loading class java/util/DualPivotQuicksort$Sorter
Event: 30.114 Loading class java/util/DualPivotQuicksort$Sorter done
Event: 34.116 Loading class java/nio/channels/Channels$WritableByteChannelImpl
Event: 34.116 Loading class java/nio/channels/Channels$WritableByteChannelImpl done

Classes unloaded (12 events):
Event: 20.055 Thread 0x0000ffff7020da80 Unloading class 0x000003ff03555400 'java/lang/invoke/LambdaForm$DMH+0x000003ff03555400'
Event: 20.055 Thread 0x0000ffff7020da80 Unloading class 0x000003ff03555000 'java/lang/invoke/LambdaForm$DMH+0x000003ff03555000'
Event: 20.055 Thread 0x0000ffff7020da80 Unloading class 0x000003ff03554800 'java/lang/invoke/LambdaForm$DMH+0x000003ff03554800'
Event: 20.055 Thread 0x0000ffff7020da80 Unloading class 0x000003ff0354c400 'java/lang/invoke/LambdaForm$DMH+0x000003ff0354c400'
Event: 20.055 Thread 0x0000ffff7020da80 Unloading class 0x000003ff03554000 'java/lang/invoke/LambdaForm$DMH+0x000003ff03554000'
Event: 20.055 Thread 0x0000ffff7020da80 Unloading class 0x000003ff03554400 'java/lang/invoke/LambdaForm$DMH+0x000003ff03554400'
Event: 20.055 Thread 0x0000ffff7020da80 Unloading class 0x000003ff0326d800 'java/lang/invoke/LambdaForm$DMH+0x000003ff0326d800'
Event: 20.055 Thread 0x0000ffff7020da80 Unloading class 0x000003ff0326d000 'java/lang/invoke/LambdaForm$DMH+0x000003ff0326d000'
Event: 20.055 Thread 0x0000ffff7020da80 Unloading class 0x000003ff0326d400 'java/lang/invoke/LambdaForm$DMH+0x000003ff0326d400'
Event: 20.055 Thread 0x0000ffff7020da80 Unloading class 0x000003ff0326cc00 'java/lang/invoke/LambdaForm$DMH+0x000003ff0326cc00'
Event: 20.055 Thread 0x0000ffff7020da80 Unloading class 0x000003ff0326c800 'java/lang/invoke/LambdaForm$DMH+0x000003ff0326c800'
Event: 20.055 Thread 0x0000ffff7020da80 Unloading class 0x000003ff0326c000 'java/lang/invoke/LambdaForm$DMH+0x000003ff0326c000'

Classes redefined (0 events):
No events

Internal exceptions (20 events):
Event: 142.977 Thread 0x0000ffff0065e190 Exception <a 'sun/nio/fs/UnixException'{0x00000007fc4addf8}> (0x00000007fc4addf8) 
thrown [src/hotspot/share/prims/jni.cpp, line 535]
Event: 142.977 Thread 0x0000fffe30007000 Exception <a 'sun/nio/fs/UnixException'{0x00000007fc4a08a0}> (0x00000007fc4a08a0) 
thrown [src/hotspot/share/prims/jni.cpp, line 535]
Event: 142.977 Thread 0x0000ffff0065e190 Exception <a 'sun/nio/fs/UnixException'{0x00000007fc4ae4e0}> (0x00000007fc4ae4e0) 
thrown [src/hotspot/share/prims/jni.cpp, line 535]
Event: 142.977 Thread 0x0000fffe30007000 Exception <a 'sun/nio/fs/UnixException'{0x00000007fc4cae10}> (0x00000007fc4cae10) 
thrown [src/hotspot/share/prims/jni.cpp, line 535]
Event: 142.977 Thread 0x0000ffff0065e190 Exception <a 'sun/nio/fs/UnixException'{0x00000007fc4cf4e8}> (0x00000007fc4cf4e8) 
thrown [src/hotspot/share/prims/jni.cpp, line 535]
Event: 142.978 Thread 0x0000fffe30007000 Exception <a 'sun/nio/fs/UnixException'{0x00000007fc4cb5e8}> (0x00000007fc4cb5e8) 
thrown [src/hotspot/share/prims/jni.cpp, line 535]
Event: 142.978 Thread 0x0000ffff0065e190 Exception <a 'sun/nio/fs/UnixException'{0x00000007fc4cfbd0}> (0x00000007fc4cfbd0) 
thrown [src/hotspot/share/prims/jni.cpp, line 535]
Event: 142.978 Thread 0x0000fffe30007000 Exception <a 'sun/nio/fs/UnixException'{0x00000007fc4cbd90}> (0x00000007fc4cbd90) 
thrown [src/hotspot/share/prims/jni.cpp, line 535]
Event: 142.978 Thread 0x0000ffff0065e190 Exception <a 'sun/nio/fs/UnixException'{0x00000007fc4d0388}> (0x00000007fc4d0388) 
thrown [src/hotspot/share/prims/jni.cpp, line 535]
Event: 142.978 Thread 0x0000fffe30007000 Exception <a 'sun/nio/fs/UnixException'{0x00000007fc4cc538}> (0x00000007fc4cc538) 
thrown [src/hotspot/share/prims/jni.cpp, line 535]
Event: 142.978 Thread 0x0000ffff0065e190 Exception <a 'sun/nio/fs/UnixException'{0x00000007fc4eac48}> (0x00000007fc4eac48) 
thrown [src/hotspot/share/prims/jni.cpp, line 535]
Event: 142.978 Thread 0x0000fffe30007000 Exception <a 'sun/nio/fs/UnixException'{0x00000007fc4f0928}> (0x00000007fc4f0928) 
thrown [src/hotspot/share/prims/jni.cpp, line 535]
Event: 142.978 Thread 0x0000ffff0065e190 Exception <a 'sun/nio/fs/UnixException'{0x00000007fc4eb340}> (0x00000007fc4eb340) 
thrown [src/hotspot/share/prims/jni.cpp, line 535]
Event: 142.981 Thread 0x0000ffff0065e190 Exception <a 'sun/nio/fs/UnixException'{0x00000007fc4ec158}> (0x00000007fc4ec158) 
thrown [src/hotspot/share/prims/jni.cpp, line 535]
Event: 142.982 Thread 0x0000ffff0065e190 Exception <a 'sun/nio/fs/UnixException'{0x00000007fc4f9f58}> (0x00000007fc4f9f58) 
thrown [src/hotspot/share/prims/jni.cpp, line 535]
Event: 142.983 Thread 0x0000ffff709f97e0 Exception <a 'sun/nio/fs/UnixException'{0x00000007fc96a568}> (0x00000007fc96a568) 
thrown [src/hotspot/share/prims/jni.cpp, line 535]
Event: 142.983 Thread 0x0000ffff709f97e0 Exception <a 'sun/nio/fs/UnixException'{0x00000007fc96a7f8}> (0x00000007fc96a7f8) 
thrown [src/hotspot/share/prims/jni.cpp, line 535]
Event: 142.983 Thread 0x0000ffff709f97e0 Exception <a 'sun/nio/fs/UnixException'{0x00000007fc96aaa8}> (0x00000007fc96aaa8) 
thrown [src/hotspot/share/prims/jni.cpp, line 535]
Event: 143.018 Thread 0x0000ffff700316d0 Implicit null exception at 0x0000ffff64c286d8 to 0x0000ffff64c29020
Event: 143.686 Thread 0x0000ffff700316d0 Exception <a 'sun/nio/fs/UnixException'{0x00000007fb89eee0}> (0x00000007fb89eee0) 
thrown [src/hotspot/share/prims/jni.cpp, line 535]

VM Operations (20 events):
Event: 122.243 Executing safepoint VM operation: G1CollectForAllocation (G1 Evacuation Pause) done
Event: 126.075 Executing safepoint VM operation: G1CollectForAllocation (G1 Evacuation Pause)
Event: 126.088 Executing safepoint VM operation: G1CollectForAllocation (G1 Evacuation Pause) done
Event: 126.311 Executing safepoint VM operation: G1PauseRemark
Event: 126.318 Executing safepoint VM operation: G1PauseRemark done
Event: 126.410 Executing safepoint VM operation: G1PauseCleanup
Event: 126.410 Executing safepoint VM operation: G1PauseCleanup done
Event: 134.465 Executing safepoint VM operation: G1CollectForAllocation (G1 Evacuation Pause)
Event: 134.494 Executing safepoint VM operation: G1CollectForAllocation (G1 Evacuation Pause) done
Event: 141.939 Executing safepoint VM operation: G1CollectForAllocation (G1 Evacuation Pause)
Event: 141.975 Executing safepoint VM operation: G1CollectForAllocation (G1 Evacuation Pause) done
Event: 142.611 Executing safepoint VM operation: G1CollectForAllocation (G1 Evacuation Pause)
Event: 142.625 Executing safepoint VM operation: G1CollectForAllocation (G1 Evacuation Pause) done
Event: 142.676 Executing safepoint VM operation: G1CollectForAllocation (G1 Evacuation Pause)
Event: 142.691 Executing safepoint VM operation: G1CollectForAllocation (G1 Evacuation Pause) done
Event: 142.883 Executing safepoint VM operation: G1PauseRemark
Event: 142.890 Executing safepoint VM operation: G1PauseRemark done
Event: 142.990 Executing safepoint VM operation: G1PauseCleanup
Event: 142.990 Executing safepoint VM operation: G1PauseCleanup done
Event: 143.689 Executing safepoint VM operation: Exit

Memory protections (20 events):
Event: 113.746 Protecting memory [0x0000ffff4cfc0000,0x0000ffff4cfcc000] with protection modes 0
Event: 117.851 Protecting memory [0x0000fffe42af0000,0x0000fffe42afc000] with protection modes 0
Event: 117.861 Protecting memory [0x0000ffff4cfc0000,0x0000ffff4cfcc000] with protection modes 0
Event: 117.890 Protecting memory [0x0000fffe428f0000,0x0000fffe428fc000] with protection modes 0
Event: 117.891 Protecting memory [0x0000fffe59280000,0x0000fffe5928c000] with protection modes 0
Event: 118.260 Protecting memory [0x0000ffff4cfc0000,0x0000ffff4cfcc000] with protection modes 0
Event: 120.648 Protecting memory [0x0000ffff4cfc0000,0x0000ffff4cfcc000] with protection modes 0
Event: 120.648 Protecting memory [0x0000fffe42af0000,0x0000fffe42afc000] with protection modes 0
Event: 126.640 Protecting memory [0x0000ffff4cfc0000,0x0000ffff4cfcc000] with protection modes 0
Event: 126.640 Protecting memory [0x0000fffe42af0000,0x0000fffe42afc000] with protection modes 0
Event: 141.883 Protecting memory [0x0000ffff4cfc0000,0x0000ffff4cfcc000] with protection modes 0
Event: 142.496 Protecting memory [0x0000ffff4cfc0000,0x0000ffff4cfcc000] with protection modes 0
Event: 142.511 Protecting memory [0x0000fffe42af0000,0x0000fffe42afc000] with protection modes 0
Event: 142.972 Protecting memory [0x0000fffe42af0000,0x0000fffe42afc000] with protection modes 0
Event: 143.008 Protecting memory [0x0000fffe59a80000,0x0000fffe59a8c000] with protection modes 0
Event: 143.559 Protecting memory [0x0000fffe59a80000,0x0000fffe59a8c000] with protection modes 0
Event: 143.575 Protecting memory [0x0000fffe59a80000,0x0000fffe59a8c000] with protection modes 0
Event: 143.685 Protecting memory [0x0000fffe59280000,0x0000fffe5928c000] with protection modes 0
Event: 143.685 Protecting memory [0x0000fffe428f0000,0x0000fffe428fc000] with protection modes 0
Event: 143.685 Protecting memory [0x0000fffe59680000,0x0000fffe5968c000] with protection modes 0

Nmethod flushes (20 events):
Event: 142.888 Thread 0x0000ffff7020da80 flushing  nmethod 0x0000ffff5e5a4048
Event: 142.888 Thread 0x0000ffff7020da80 flushing  nmethod 0x0000ffff5e72d0c8
Event: 142.888 Thread 0x0000ffff7020da80 flushing  nmethod 0x0000ffff65cfdb88
Event: 142.888 Thread 0x0000ffff7020da80 flushing  nmethod 0x0000ffff65d074c8
Event: 142.888 Thread 0x0000ffff7020da80 flushing  nmethod 0x0000ffff5d151e88
Event: 142.888 Thread 0x0000ffff7020da80 flushing  nmethod 0x0000ffff5da3a0c8
Event: 142.888 Thread 0x0000ffff7020da80 flushing  nmethod 0x0000ffff5dcef148
Event: 142.888 Thread 0x0000ffff7020da80 flushing  nmethod 0x0000ffff5e67e748
Event: 142.888 Thread 0x0000ffff7020da80 flushing  nmethod 0x0000ffff5e7b1cc8
Event: 142.888 Thread 0x0000ffff7020da80 flushing  nmethod 0x0000ffff5e88cac8
Event: 142.888 Thread 0x0000ffff7020da80 flushing  nmethod 0x0000ffff6570e5c8
Event: 142.888 Thread 0x0000ffff7020da80 flushing  nmethod 0x0000ffff65b28088
Event: 142.888 Thread 0x0000ffff7020da80 flushing  nmethod 0x0000ffff5d516ac8
Event: 142.888 Thread 0x0000ffff7020da80 flushing  nmethod 0x0000ffff5e19d108
Event: 142.888 Thread 0x0000ffff7020da80 flushing  nmethod 0x0000ffff5e735e08
Event: 142.888 Thread 0x0000ffff7020da80 flushing  nmethod 0x0000ffff5e737148
Event: 142.888 Thread 0x0000ffff7020da80 flushing  nmethod 0x0000ffff5e75c788
Event: 142.888 Thread 0x0000ffff7020da80 flushing  nmethod 0x0000ffff5e763a88
Event: 142.888 Thread 0x0000ffff7020da80 flushing  nmethod 0x0000ffff5eaaf088
Event: 142.888 Thread 0x0000ffff7020da80 flushing  nmethod 0x0000ffff5f180ec8

Events (20 events):
Event: 143.592 Thread 0x0000ffff7382e7b0 Thread exited: 0x0000ffff7382e7b0
Event: 143.592 Thread 0x0000fffe88000ee0 Thread exited: 0x0000fffe88000ee0
Event: 143.592 Thread 0x0000ffff73864140 Thread exited: 0x0000ffff73864140
Event: 143.593 Thread 0x0000fffe7c021090 Thread exited: 0x0000fffe7c021090
Event: 143.594 Thread 0x0000ffff738696d0 Thread exited: 0x0000ffff738696d0
Event: 143.594 Thread 0x0000fffe7c06d270 Thread exited: 0x0000fffe7c06d270
Event: 143.594 Thread 0x0000fffed82839a0 Thread exited: 0x0000fffed82839a0
Event: 143.594 Thread 0x0000fffe30004e70 Thread exited: 0x0000fffe30004e70
Event: 143.595 Thread 0x0000ffff0065e190 Thread exited: 0x0000ffff0065e190
Event: 143.595 Thread 0x0000fffe484f18f0 Thread exited: 0x0000fffe484f18f0
Event: 143.595 Thread 0x0000fffe30007000 Thread exited: 0x0000fffe30007000
Event: 143.595 Thread 0x0000fffe3c02b5d0 Thread exited: 0x0000fffe3c02b5d0
Event: 143.595 Thread 0x0000fffe300078d0 Thread exited: 0x0000fffe300078d0
Event: 143.685 Thread 0x0000ffff700316d0 Thread added: 0x0000fffe4810c6c0
Event: 143.685 Thread 0x0000ffff700316d0 Thread added: 0x0000fffe4812fa80
Event: 143.685 Thread 0x0000ffff700316d0 Thread added: 0x0000fffe4810d060
Event: 143.685 Thread 0x0000fffe4810c6c0 Thread exited: 0x0000fffe4810c6c0
Event: 143.685 Thread 0x0000fffe4812fa80 Thread exited: 0x0000fffe4812fa80
Event: 143.686 Thread 0x0000fffe4810d060 Thread exited: 0x0000fffe4810d060
Event: 143.686 Thread 0x0000ffff700316d0 Before exit entered


Dynamic libraries:
70f800000-75be00000 rw-p 00000000 00:00 0 
75be00000-7f1200000 ---p 00000000 00:00 0 
7f1200000-7ffc00000 rw-p 00000000 00:00 0 
7ffc00000-7ffe50000 rw-p 01d70000 00:25 8789750                          /home/anguscrump/.jdks/jbr-25.0.3/lib/server/classes.jsa
7ffe50000-800000000 rw-p 00000000 00:00 0 
3ff00000000-3ff00010000 ---p 00000000 00:00 0 
3ff00010000-3ff01d00000 rw-p 00010000 00:25 8789750                      /home/anguscrump/.jdks/jbr-25.0.3/lib/server/classes.jsa
3ff01d00000-3ff02000000 ---p 00000000 00:00 0 
3ff02000000-3ff02040000 rw-p 00000000 00:00 0 
3ff02040000-3ff020e0000 rw-p 00000000 00:00 0 
3ff020e0000-3ff02e40000 rw-p 00000000 00:00 0 
3ff02e40000-3ff02e80000 rw-p 00000000 00:00 0 
3ff02e80000-3ff03160000 rw-p 00000000 00:00 0 
3ff03160000-3ff03180000 rw-p 00000000 00:00 0 
3ff03180000-3ff035c0000 rw-p 00000000 00:00 0 
3ff035c0000-3ff035d0000 rw-p 00000000 00:00 0 
3ff035d0000-3ff03600000 ---p 00000000 00:00 0 
3ff03600000-3ff03960000 rw-p 00000000 00:00 0 
3ff03960000-3ff42000000 ---p 00000000 00:00 0 
aaab452b0000-aaab452b4000 r-xp 00000000 00:25 8789212                    /home/anguscrump/.jdks/jbr-25.0.3/bin/java
aaab452cc000-aaab452d0000 r--p 0000c000 00:25 8789212                    /home/anguscrump/.jdks/jbr-25.0.3/bin/java
aaab452d0000-aaab452d4000 rw-p 00010000 00:25 8789212                    /home/anguscrump/.jdks/jbr-25.0.3/bin/java
aaab79428000-aaab79600000 rw-p 00000000 00:00 0                          [heap]
fffde9280000-fffde9a00000 rw-p 00000000 00:00 0 
fffe03000000-fffe0c000000 rw-p 00000000 00:00 0 
fffe0c000000-fffe0c200000 rw-p 00000000 00:00 0 
fffe0c200000-fffe10000000 ---p 00000000 00:00 0 
fffe10000000-fffe10200000 rw-p 00000000 00:00 0 
fffe10200000-fffe11a00000 rw-p 00000000 00:00 0 
fffe11a00000-fffe14000000 ---p 00000000 00:00 0 
fffe14000000-fffe14200000 rw-p 00000000 00:00 0 
fffe14200000-fffe15600000 rw-p 00000000 00:00 0 
fffe15600000-fffe18000000 ---p 00000000 00:00 0 
fffe18000000-fffe18200000 rw-p 00000000 00:00 0 
fffe18200000-fffe1c000000 ---p 00000000 00:00 0 
fffe1c000000-fffe1c200000 rw-p 00000000 00:00 0 
fffe1c200000-fffe20000000 ---p 00000000 00:00 0 
fffe20000000-fffe20200000 rw-p 00000000 00:00 0 
fffe20200000-fffe20c00000 rw-p 00000000 00:00 0 
fffe20c00000-fffe24000000 ---p 00000000 00:00 0 
fffe24000000-fffe24200000 rw-p 00000000 00:00 0 
fffe24200000-fffe25e00000 rw-p 00000000 00:00 0 
fffe25e00000-fffe28000000 ---p 00000000 00:00 0 
fffe28000000-fffe28200000 rw-p 00000000 00:00 0 
fffe28200000-fffe29000000 rw-p 00000000 00:00 0 
fffe29000000-fffe2c000000 ---p 00000000 00:00 0 
fffe2c000000-fffe2c200000 rw-p 00000000 00:00 0 
fffe2c200000-fffe30000000 ---p 00000000 00:00 0 
fffe30000000-fffe30200000 rw-p 00000000 00:00 0 
fffe30200000-fffe34000000 ---p 00000000 00:00 0 
fffe34000000-fffe34200000 rw-p 00000000 00:00 0 
fffe34200000-fffe34400000 rw-p 00000000 00:00 0 
fffe34400000-fffe38000000 ---p 00000000 00:00 0 
fffe38000000-fffe38200000 rw-p 00000000 00:00 0 
fffe38200000-fffe3c000000 ---p 00000000 00:00 0 
fffe3c000000-fffe3c200000 rw-p 00000000 00:00 0 
fffe3c200000-fffe40000000 ---p 00000000 00:00 0 
fffe400f0000-fffe402f0000 rw-p 00000000 00:00 0 
fffe424f0000-fffe424fc000 ---p 00000000 00:00 0 
fffe424fc000-fffe426f0000 rw-p 00000000 00:00 0 
fffe426f0000-fffe426fc000 ---p 00000000 00:00 0 
fffe426fc000-fffe428f0000 rw-p 00000000 00:00 0 
fffe428f0000-fffe428fc000 ---p 00000000 00:00 0 
fffe428fc000-fffe42af0000 rw-p 00000000 00:00 0 
fffe42d3c000-fffe42d48000 ---p 00000000 00:00 0 
fffe42d48000-fffe42f3c000 rw-p 00000000 00:00 0 
fffe42ff4000-fffe43000000 ---p 00000000 00:00 0 
fffe43000000-fffe431f4000 rw-p 00000000 00:00 0 
fffe48000000-fffe48200000 rw-p 00000000 00:00 0 
fffe48200000-fffe48800000 rw-p 00000000 00:00 0 
fffe48800000-fffe4c000000 ---p 00000000 00:00 0 
fffe50000000-fffe50200000 rw-p 00000000 00:00 0 
fffe50200000-fffe54000000 ---p 00000000 00:00 0 
fffe54000000-fffe54200000 rw-p 00000000 00:00 0 
fffe54200000-fffe58000000 ---p 00000000 00:00 0 
fffe59080000-fffe5908c000 ---p 00000000 00:00 0 
fffe5908c000-fffe59280000 rw-p 00000000 00:00 0 
fffe59280000-fffe5928c000 ---p 00000000 00:00 0 
fffe5928c000-fffe59480000 rw-p 00000000 00:00 0 
fffe59680000-fffe5968c000 ---p 00000000 00:00 0 
fffe5968c000-fffe59880000 rw-p 00000000 00:00 0 
fffe59880000-fffe5988c000 ---p 00000000 00:00 0 
fffe5988c000-fffe59a80000 rw-p 00000000 00:00 0 
fffe59a80000-fffe59a8c000 ---p 00000000 00:00 0 
fffe59a8c000-fffe59c80000 rw-p 00000000 00:00 0 
fffe59c80000-fffe5c000000 rw-p 00000000 00:00 0 
fffe5c000000-fffe5c200000 rw-p 00000000 00:00 0 
fffe5c200000-fffe5c400000 rw-p 00000000 00:00 0 
fffe5c400000-fffe60000000 ---p 00000000 00:00 0 
fffe60000000-fffe60200000 rw-p 00000000 00:00 0 
fffe60200000-fffe64000000 ---p 00000000 00:00 0 
fffe64200000-fffe65e00000 rw-p 00000000 00:00 0 
fffe65e00000-fffe65e0c000 ---p 00000000 00:00 0 
fffe65e0c000-fffe66000000 rw-p 00000000 00:00 0 
fffe66000000-fffe68000000 rw-p 00000000 00:00 0 
fffe68000000-fffe68200000 rw-p 00000000 00:00 0 
fffe68200000-fffe6c000000 ---p 00000000 00:00 0 
fffe6c000000-fffe6c200000 rw-p 00000000 00:00 0 
fffe6c200000-fffe70000000 ---p 00000000 00:00 0 
fffe70080000-fffe71600000 rw-p 00000000 00:00 0 
fffe71a80000-fffe72280000 rw-p 00000000 00:00 0 
fffe72480000-fffe74000000 rw-p 00000000 00:00 0 
fffe74000000-fffe74200000 rw-p 00000000 00:00 0 
fffe74200000-fffe78000000 ---p 00000000 00:00 0 
fffe78000000-fffe78200000 rw-p 00000000 00:00 0 
fffe78200000-fffe7c000000 ---p 00000000 00:00 0 
fffe7c000000-fffe7c200000 rw-p 00000000 00:00 0 
fffe7c200000-fffe80000000 ---p 00000000 00:00 0 
fffe80000000-fffe80200000 rw-p 00000000 00:00 0 
fffe80200000-fffe84000000 ---p 00000000 00:00 0 
fffe84000000-fffe84200000 rw-p 00000000 00:00 0 
fffe84200000-fffe88000000 ---p 00000000 00:00 0 
fffe88000000-fffe88200000 rw-p 00000000 00:00 0 
fffe88200000-fffe8c000000 ---p 00000000 00:00 0 
fffe8c810000-fffe8cbd8000 r-xp 00000000 00:25 3200159                    /usr/lib64/libflite_cmu_us_kal16.so.2.2
fffe8cbd8000-fffe8cbe8000 ---p 003c8000 00:25 3200159                    /usr/lib64/libflite_cmu_us_kal16.so.2.2
fffe8cbe8000-fffe8cbf0000 r--p 003c8000 00:25 3200159                    /usr/lib64/libflite_cmu_us_kal16.so.2.2
fffe8cbf0000-fffe8cbf4000 rw-p 003d0000 00:25 3200159                    /usr/lib64/libflite_cmu_us_kal16.so.2.2
fffe8cc00000-fffe90000000 rw-p 00000000 00:00 0 
fffe90000000-fffe90200000 rw-p 00000000 00:00 0 
fffe90200000-fffe94000000 ---p 00000000 00:00 0 
fffe94200000-fffe98000000 rw-p 00000000 00:00 0 
fffe98000000-fffe98200000 rw-p 00000000 00:00 0 
fffe98200000-fffe9c000000 ---p 00000000 00:00 0 
fffe9c000000-fffe9c200000 rw-p 00000000 00:00 0 
fffe9c200000-fffe9ce00000 rw-p 00000000 00:00 0 
fffe9ce00000-fffea0000000 ---p 00000000 00:00 0 
fffea00d0000-fffea0160000 r-xp 00000000 00:25 3200165                    /usr/lib64/libflite_cmulex.so.2.2
fffea0160000-fffea016c000 ---p 00090000 00:25 3200165                    /usr/lib64/libflite_cmulex.so.2.2
fffea016c000-fffea0170000 r--p 0008c000 00:25 3200165                    /usr/lib64/libflite_cmulex.so.2.2
fffea0170000-fffea0174000 rw-p 00000000 00:00 0 
fffea0180000-fffea0190000 r-xp 00000000 00:25 3200167                    /usr/lib64/libflite_usenglish.so.2.2
fffea0190000-fffea0194000 ---p 00010000 00:25 3200167                    /usr/lib64/libflite_usenglish.so.2.2
fffea0194000-fffea01a0000 r--p 00014000 00:25 3200167                    /usr/lib64/libflite_usenglish.so.2.2
fffea01a0000-fffea01a4000 rw-p 00000000 00:00 0 
fffea01b0000-fffea01f4000 r-xp 00000000 00:25 3101837                    /usr/lib64/libmp3lame.so.0.0.0
fffea01f4000-fffea020c000 ---p 00044000 00:25 3101837                    /usr/lib64/libmp3lame.so.0.0.0
fffea020c000-fffea0210000 r--p 0004c000 00:25 3101837                    /usr/lib64/libmp3lame.so.0.0.0
fffea0210000-fffea0240000 rw-p 00000000 00:00 0 
fffea0250000-fffea02a0000 r-xp 00000000 00:25 3105171                    /usr/lib64/libmpg123.so.0.48.3
fffea02a0000-fffea02ac000 ---p 00050000 00:25 3105171                    /usr/lib64/libmpg123.so.0.48.3
fffea02ac000-fffea02b0000 r--p 0004c000 00:25 3105171                    /usr/lib64/libmpg123.so.0.48.3
fffea02b0000-fffea02b4000 rw-p 00050000 00:25 3105171                    /usr/lib64/libmpg123.so.0.48.3
fffea02c0000-fffea02c8000 r-xp 00000000 00:25 3101183                    /usr/lib64/libogg.so.0.8.6
fffea02c8000-fffea02dc000 ---p 00008000 00:25 3101183                    /usr/lib64/libogg.so.0.8.6
fffea02dc000-fffea02e0000 r--p 0000c000 00:25 3101183                    /usr/lib64/libogg.so.0.8.6
fffea02e0000-fffea02e4000 rw-p 00000000 00:00 0 
fffea02f0000-fffea0358000 r-xp 00000000 00:25 3101166                    /usr/lib64/libopus.so.0.11.0
fffea0358000-fffea036c000 ---p 00068000 00:25 3101166                    /usr/lib64/libopus.so.0.11.0
fffea036c000-fffea0370000 r--p 0006c000 00:25 3101166                    /usr/lib64/libopus.so.0.11.0
fffea0370000-fffea0374000 rw-p 00000000 00:00 0 
fffea0380000-fffea03f8000 r-xp 00000000 00:25 3101194                    /usr/lib64/libvorbisenc.so.2.0.12
fffea03f8000-fffea0408000 ---p 00078000 00:25 3101194                    /usr/lib64/libvorbisenc.so.2.0.12
fffea0408000-fffea0420000 r--p 00078000 00:25 3101194                    /usr/lib64/libvorbisenc.so.2.0.12
fffea0420000-fffea0424000 rw-p 00090000 00:25 3101194                    /usr/lib64/libvorbisenc.so.2.0.12
fffea0430000-fffea045c000 r-xp 00000000 00:25 3101192                    /usr/lib64/libvorbis.so.0.4.9
fffea045c000-fffea046c000 ---p 0002c000 00:25 3101192                    /usr/lib64/libvorbis.so.0.4.9
fffea046c000-fffea0470000 r--p 0002c000 00:25 3101192                    /usr/lib64/libvorbis.so.0.4.9
fffea0470000-fffea0474000 rw-p 00000000 00:00 0 
fffea0480000-fffea04c0000 r-xp 00000000 00:25 3101748                    /usr/lib64/libFLAC.so.14.0.0
fffea04c0000-fffea04cc000 ---p 00040000 00:25 3101748                    /usr/lib64/libFLAC.so.14.0.0
fffea04cc000-fffea04d0000 r--p 0004c000 00:25 3101748                    /usr/lib64/libFLAC.so.14.0.0
fffea04d0000-fffea04d4000 rw-p 00050000 00:25 3101748                    /usr/lib64/libFLAC.so.14.0.0
fffea04e0000-fffea04ec000 r-xp 00000000 00:25 3104966                    /usr/lib64/libgsm.so.1.0.24
fffea04ec000-fffea04fc000 ---p 0000c000 00:25 3104966                    /usr/lib64/libgsm.so.1.0.24
fffea04fc000-fffea0500000 r--p 0000c000 00:25 3104966                    /usr/lib64/libgsm.so.1.0.24
fffea0500000-fffea0504000 rw-p 00010000 00:25 3104966                    /usr/lib64/libgsm.so.1.0.24
fffea0510000-fffea0518000 r-xp 00000000 00:25 3200036                    /usr/lib64/libasyncns.so.0.3.1
fffea0518000-fffea052c000 ---p 00008000 00:25 3200036                    /usr/lib64/libasyncns.so.0.3.1
fffea052c000-fffea0530000 r--p 0000c000 00:25 3200036                    /usr/lib64/libasyncns.so.0.3.1
fffea0530000-fffea0534000 rw-p 00000000 00:00 0 
fffea0540000-fffea05b8000 r-xp 00000000 00:25 3105180                    /usr/lib64/libsndfile.so.1.0.37
fffea05b8000-fffea05cc000 ---p 00078000 00:25 3105180                    /usr/lib64/libsndfile.so.1.0.37
fffea05cc000-fffea05d0000 r--p 0007c000 00:25 3105180                    /usr/lib64/libsndfile.so.1.0.37
fffea05d0000-fffea05d4000 rw-p 00080000 00:25 3105180                    /usr/lib64/libsndfile.so.1.0.37
fffea05e0000-fffea065c000 r-xp 00000000 00:25 3200048                    /usr/lib64/pulseaudio/libpulsecommon-17.0.so
fffea065c000-fffea066c000 ---p 0007c000 00:25 3200048                    /usr/lib64/pulseaudio/libpulsecommon-17.0.so
fffea066c000-fffea0670000 r--p 0007c000 00:25 3200048                    /usr/lib64/pulseaudio/libpulsecommon-17.0.so
fffea0670000-fffea0674000 rw-p 00080000 00:25 3200048                    /usr/lib64/pulseaudio/libpulsecommon-17.0.so
fffea0680000-fffea06cc000 r-xp 00000000 00:25 3200047                    /usr/lib64/libpulse.so.0.24.3
fffea06cc000-fffea06dc000 ---p 0004c000 00:25 3200047                    /usr/lib64/libpulse.so.0.24.3
fffea06dc000-fffea06e0000 r--p 0004c000 00:25 3200047                    /usr/lib64/libpulse.so.0.24.3
fffea06e0000-fffea06e4000 rw-p 00050000 00:25 3200047                    /usr/lib64/libpulse.so.0.24.3
fffea06f0000-fffea06f4000 r-xp 00000000 00:25 3200045                    /usr/lib64/libpulse-simple.so.0.1.1
fffea06f4000-fffea070c000 ---p 00004000 00:25 3200045                    /usr/lib64/libpulse-simple.so.0.1.1
fffea070c000-fffea0710000 r--p 0000c000 00:25 3200045                    /usr/lib64/libpulse-simple.so.0.1.1
fffea0710000-fffea0714000 rw-p 00000000 00:00 0 
fffea0740000-fffea077c000 r-xp 00000000 00:25 3200143                    /usr/lib64/libflite.so.2.2
fffea077c000-fffea078c000 ---p 0003c000 00:25 3200143                    /usr/lib64/libflite.so.2.2
fffea078c000-fffea0790000 r--p 0003c000 00:25 3200143                    /usr/lib64/libflite.so.2.2
fffea0790000-fffea0794000 rw-p 00040000 00:25 3200143                    /usr/lib64/libflite.so.2.2
fffea08d0000-fffea2cd0000 rw-p 00000000 00:00 0 
fffea2cd0000-fffea34e0000 rw-p 00000000 00:00 0 
fffea34e0000-fffea3504000 r-xp 00000000 00:25 3826951                    /usr/lib64/pipewire-0.3/libpipewire-module-session-manager.so
fffea3504000-fffea351c000 ---p 00024000 00:25 3826951                    /usr/lib64/pipewire-0.3/libpipewire-module-session-manager.so
fffea351c000-fffea3520000 r--p 0002c000 00:25 3826951                    /usr/lib64/pipewire-0.3/libpipewire-module-session-manager.so
fffea3520000-fffea3524000 rw-p 00000000 00:00 0 
fffea3530000-fffea353c000 r-xp 00000000 00:25 3826933                    /usr/lib64/pipewire-0.3/libpipewire-module-metadata.so
fffea353c000-fffea354c000 ---p 0000c000 00:25 3826933                    /usr/lib64/pipewire-0.3/libpipewire-module-metadata.so
fffea354c000-fffea3550000 r--p 0000c000 00:25 3826933                    /usr/lib64/pipewire-0.3/libpipewire-module-metadata.so
fffea3550000-fffea3554000 rw-p 00010000 00:25 3826933                    /usr/lib64/pipewire-0.3/libpipewire-module-metadata.so
fffea3560000-fffea3568000 r-xp 00000000 00:25 3826923                    /usr/lib64/pipewire-0.3/libpipewire-module-adapter.so
fffea3568000-fffea357c000 ---p 00008000 00:25 3826923                    /usr/lib64/pipewire-0.3/libpipewire-module-adapter.so
fffea357c000-fffea3580000 r--p 0000c000 00:25 3826923                    /usr/lib64/pipewire-0.3/libpipewire-module-adapter.so
fffea3580000-fffea3584000 rw-p 00010000 00:25 3826923                    /usr/lib64/pipewire-0.3/libpipewire-module-adapter.so
fffea3590000-fffea35a0000 r-xp 00000000 00:25 3826925                    /usr/lib64/pipewire-0.3/libpipewire-module-client-device.so
fffea35a0000-fffea35ac000 ---p 00010000 00:25 3826925                    /usr/lib64/pipewire-0.3/libpipewire-module-client-device.so
fffea35ac000-fffea35b0000 r--p 0000c000 00:25 3826925                    /usr/lib64/pipewire-0.3/libpipewire-module-client-device.so
fffea35b0000-fffea35b4000 rw-p 00010000 00:25 3826925                    /usr/lib64/pipewire-0.3/libpipewire-module-client-device.so
fffea35c0000-fffea35e4000 r-xp 00000000 00:25 3826926                    /usr/lib64/pipewire-0.3/libpipewire-module-client-node.so
fffea35e4000-fffea35fc000 ---p 00024000 00:25 3826926                    /usr/lib64/pipewire-0.3/libpipewire-module-client-node.so
fffea35fc000-fffea3600000 r--p 0002c000 00:25 3826926                    /usr/lib64/pipewire-0.3/libpipewire-module-client-node.so
fffea3600000-fffea3604000 rw-p 00030000 00:25 3826926                    /usr/lib64/pipewire-0.3/libpipewire-module-client-node.so
fffea3610000-fffea36ac000 r-xp 00000000 00:25 3099166                    /usr/lib64/libpcre2-8.so.0.15.0
fffea36ac000-fffea36bc000 ---p 0009c000 00:25 3099166                    /usr/lib64/libpcre2-8.so.0.15.0
fffea36bc000-fffea36c0000 r--p 0009c000 00:25 3099166                    /usr/lib64/libpcre2-8.so.0.15.0
fffea36c0000-fffea36c4000 rw-p 000a0000 00:25 3099166                    /usr/lib64/libpcre2-8.so.0.15.0
fffea36d0000-fffea3700000 r-xp 00000000 00:25 3102648                    /usr/lib64/libselinux.so.1
fffea3700000-fffea370c000 ---p 00030000 00:25 3102648                    /usr/lib64/libselinux.so.1
fffea370c000-fffea3710000 r--p 0002c000 00:25 3102648                    /usr/lib64/libselinux.so.1
fffea3710000-fffea3714000 rw-p 00030000 00:25 3102648                    /usr/lib64/libselinux.so.1
fffea3720000-fffea374c000 r-xp 00000000 00:25 3826940                    /usr/lib64/pipewire-0.3/libpipewire-module-protocol-native.so
fffea374c000-fffea3754000 ---p 0002c000 00:25 3826940                    /usr/lib64/pipewire-0.3/libpipewire-module-protocol-native.so
fffea3754000-fffea3760000 r--p 00034000 00:25 3826940                    /usr/lib64/pipewire-0.3/libpipewire-module-protocol-native.so
fffea3760000-fffea3764000 rw-p 00040000 00:25 3826940                    /usr/lib64/pipewire-0.3/libpipewire-module-protocol-native.so
fffea3770000-fffea3f80000 rw-p 00000000 00:00 0 
fffea3f80000-fffea3f88000 r-xp 00000000 00:25 3826945                    /usr/lib64/pipewire-0.3/libpipewire-module-rt.so
fffea3f88000-fffea3f9c000 ---p 00008000 00:25 3826945                    /usr/lib64/pipewire-0.3/libpipewire-module-rt.so
fffea3f9c000-fffea3fa0000 r--p 0000c000 00:25 3826945                    /usr/lib64/pipewire-0.3/libpipewire-module-rt.so
fffea3fa0000-fffea3fa4000 rw-p 00010000 00:25 3826945                    /usr/lib64/pipewire-0.3/libpipewire-module-rt.so
fffea3fb0000-fffea4004000 r-xp 00000000 00:25 3098658                    /usr/lib64/libdbus-1.so.3.38.3
fffea4004000-fffea401c000 ---p 00054000 00:25 3098658                    /usr/lib64/libdbus-1.so.3.38.3
fffea401c000-fffea4020000 r--p 0005c000 00:25 3098658                    /usr/lib64/libdbus-1.so.3.38.3
fffea4020000-fffea4024000 rw-p 00060000 00:25 3098658                    /usr/lib64/libdbus-1.so.3.38.3
fffea4030000-fffea4038000 r-xp 00000000 00:25 3826985                    /usr/lib64/spa-0.2/support/libspa-dbus.so
fffea4038000-fffea404c000 ---p 00008000 00:25 3826985                    /usr/lib64/spa-0.2/support/libspa-dbus.so
fffea404c000-fffea4050000 r--p 0000c000 00:25 3826985                    /usr/lib64/spa-0.2/support/libspa-dbus.so
fffea4050000-fffea4054000 rw-p 00010000 00:25 3826985                    /usr/lib64/spa-0.2/support/libspa-dbus.so
fffea4060000-fffea417c000 r-xp 00000000 00:25 3098609                    /usr/lib64/libsystemd.so.0.42.0
fffea417c000-fffea4184000 ---p 0011c000 00:25 3098609                    /usr/lib64/libsystemd.so.0.42.0
fffea4184000-fffea4190000 r--p 00124000 00:25 3098609                    /usr/lib64/libsystemd.so.0.42.0
fffea4190000-fffea4194000 rw-p 00130000 00:25 3098609                    /usr/lib64/libsystemd.so.0.42.0
fffea41a0000-fffea41a4000 r-xp 00000000 00:25 3826986                    /usr/lib64/spa-0.2/support/libspa-journal.so
fffea41a4000-fffea41bc000 ---p 00004000 00:25 3826986                    /usr/lib64/spa-0.2/support/libspa-journal.so
fffea41bc000-fffea41c0000 r--p 0000c000 00:25 3826986                    /usr/lib64/spa-0.2/support/libspa-journal.so
fffea41c0000-fffea41c4000 rw-p 00010000 00:25 3826986                    /usr/lib64/spa-0.2/support/libspa-journal.so
fffea41d0000-fffea41f4000 r-xp 00000000 00:25 3826987                    /usr/lib64/spa-0.2/support/libspa-support.so
fffea41f4000-fffea4208000 ---p 00024000 00:25 3826987                    /usr/lib64/spa-0.2/support/libspa-support.so
fffea4208000-fffea4210000 r--p 00028000 00:25 3826987                    /usr/lib64/spa-0.2/support/libspa-support.so
fffea4210000-fffea4214000 rw-p 00030000 00:25 3826987                    /usr/lib64/spa-0.2/support/libspa-support.so
fffea4220000-fffea42cc000 r-xp 00000000 00:25 3826921                    /usr/lib64/libpipewire-0.3.so.0.1605.0
fffea42cc000-fffea42d4000 ---p 000ac000 00:25 3826921                    /usr/lib64/libpipewire-0.3.so.0.1605.0
fffea42d4000-fffea42f0000 r--p 000b4000 00:25 3826921                    /usr/lib64/libpipewire-0.3.so.0.1605.0
fffea42f0000-fffea42f4000 rw-p 000d0000 00:25 3826921                    /usr/lib64/libpipewire-0.3.so.0.1605.0
fffea4300000-fffea4494000 r-xp 00000000 00:2b 2584                       /tmp/lwjgl_anguscrump/3.4.1-snapshot/arm64/libopenal.so
fffea4494000-fffea44a0000 ---p 00194000 00:2b 2584                       /tmp/lwjgl_anguscrump/3.4.1-snapshot/arm64/libopenal.so
fffea44a0000-fffea44ac000 r--p 00190000 00:2b 2584                       /tmp/lwjgl_anguscrump/3.4.1-snapshot/arm64/libopenal.so
fffea44ac000-fffea44b0000 rw-p 0019c000 00:2b 2584                       /tmp/lwjgl_anguscrump/3.4.1-snapshot/arm64/libopenal.so
fffea44b0000-fffea4594000 rw-p 00000000 00:00 0 
fffea46a0000-fffea4920000 rw-p 00000000 00:00 0 
fffea4920000-fffea499c000 r-xp 00000000 00:2b 2583                       /tmp/lwjgl_anguscrump/3.4.1-snapshot/arm64/liblwjgl_stb.so
fffea499c000-fffea49a8000 ---p 0007c000 00:2b 2583                       /tmp/lwjgl_anguscrump/3.4.1-snapshot/arm64/liblwjgl_stb.so
fffea49a8000-fffea49ac000 r--p 00078000 00:2b 2583                       /tmp/lwjgl_anguscrump/3.4.1-snapshot/arm64/liblwjgl_stb.so
fffea49ac000-fffea49b0000 rw-p 0007c000 00:2b 2583                       /tmp/lwjgl_anguscrump/3.4.1-snapshot/arm64/liblwjgl_stb.so
fffea49c0000-fffea49d0000 r-xp 00000000 00:25 3115554                    /usr/lib64/libEGL.so.1.1.0
fffea49d0000-fffea49dc000 ---p 00010000 00:25 3115554                    /usr/lib64/libEGL.so.1.1.0
fffea49dc000-fffea49e0000 r--p 0000c000 00:25 3115554                    /usr/lib64/libEGL.so.1.1.0
fffea49e0000-fffea49e4000 rw-p 00010000 00:25 3115554                    /usr/lib64/libEGL.so.1.1.0
fffea49f0000-fffea4a48000 r-xp 00000000 00:2b 2582                       /tmp/lwjgl_anguscrump/3.4.1-snapshot/arm64/liblwjgl_opengl.so
fffea4a48000-fffea4a58000 ---p 00058000 00:2b 2582                       /tmp/lwjgl_anguscrump/3.4.1-snapshot/arm64/liblwjgl_opengl.so
fffea4a58000-fffea4a5c000 rw-p 00058000 00:2b 2582                       /tmp/lwjgl_anguscrump/3.4.1-snapshot/arm64/liblwjgl_opengl.so
fffea4a60000-fffea5270000 rw-p 00000000 00:00 0 
fffea5270000-fffea9558000 r--p 00000000 00:25 3827814                    /usr/lib64/libLLVM.so.22.1
fffea9558000-fffea9564000 ---p 042e8000 00:25 3827814                    /usr/lib64/libLLVM.so.22.1
fffea9564000-fffead598000 r-xp 042e4000 00:25 3827814                    /usr/lib64/libLLVM.so.22.1
fffead598000-fffead5a4000 ---p 08328000 00:25 3827814                    /usr/lib64/libLLVM.so.22.1
fffead5a4000-fffead7c8000 r--p 08314000 00:25 3827814                    /usr/lib64/libLLVM.so.22.1
fffead7c8000-fffead7cc000 rw-p 08538000 00:25 3827814                    /usr/lib64/libLLVM.so.22.1
fffead7cc000-fffead7d8000 ---p 0855c000 00:25 3827814                    /usr/lib64/libLLVM.so.22.1
fffead7d8000-fffead7e4000 rw-p 08538000 00:25 3827814                    /usr/lib64/libLLVM.so.22.1
fffead7e4000-fffead890000 rw-p 00000000 00:00 0 
fffeb0000000-fffeb0200000 rw-p 00000000 00:00 0 
fffeb0200000-fffeb4000000 ---p 00000000 00:00 0 
fffeb4000000-fffeb4200000 rw-p 00000000 00:00 0 
fffeb4200000-fffeb8000000 ---p 00000000 00:00 0 
fffeb8000000-fffeb8100000 rw-p 00000000 00:00 0 
fffeb8100000-fffeb8200000 rw-p 00000000 00:00 0 
fffeb8200000-fffeb86e0000 rw-p 00000000 00:00 0 
fffeb86e0000-fffeb8800000 rw-p 00000000 00:00 0 
fffeb8800000-fffeb9dc0000 rw-p 00000000 00:00 0 
fffeb9dc0000-fffeb9f00000 rw-p 00000000 00:00 0 
fffeb9f00000-fffeb9fc0000 rw-p 00000000 00:00 0 
fffeb9fc0000-fffeba000000 ---p 00000000 00:00 0 
fffeba000000-fffebb7a0000 rw-p 00000000 00:00 0 
fffebb7a0000-fffebc000000 ---p 00000000 00:00 0 
fffebc000000-fffebc200000 rw-p 00000000 00:00 0 
fffebc200000-fffec0000000 ---p 00000000 00:00 0 
fffec0000000-fffec0200000 rw-p 00000000 00:00 0 
fffec0200000-fffec0800000 rw-p 00000000 00:00 0 
fffec0800000-fffec4000000 ---p 00000000 00:00 0 
fffec4000000-fffec4200000 rw-p 00000000 00:00 0 
fffec4200000-fffec8000000 ---p 00000000 00:00 0 
fffec8000000-fffec8200000 rw-p 00000000 00:00 0 
fffec8200000-fffecc000000 ---p 00000000 00:00 0 
fffecc000000-fffecc200000 rw-p 00000000 00:00 0 
fffecc200000-fffed0000000 ---p 00000000 00:00 0 
fffed0000000-fffed0200000 rw-p 00000000 00:00 0 
fffed0200000-fffed4000000 ---p 00000000 00:00 0 
fffed4000000-fffed4200000 rw-p 00000000 00:00 0 
fffed4200000-fffed8000000 ---p 00000000 00:00 0 
fffed8000000-fffed8200000 rw-p 00000000 00:00 0 
fffed8200000-fffeda200000 rw-p 00000000 00:00 0 
fffeda200000-fffedc000000 ---p 00000000 00:00 0 
fffedc000000-fffedc200000 rw-p 00000000 00:00 0 
fffedc200000-fffedc400000 rw-p 00000000 00:00 0 
fffedc400000-fffee0000000 ---p 00000000 00:00 0 
fffee0000000-fffee0200000 rw-p 00000000 00:00 0 
fffee0200000-fffee4000000 ---p 00000000 00:00 0 
fffee4000000-fffee4200000 rw-p 00000000 00:00 0 
fffee4200000-fffee8000000 ---p 00000000 00:00 0 
fffee8000000-fffee8200000 rw-p 00000000 00:00 0 
fffee8200000-fffeec000000 ---p 00000000 00:00 0 
fffeec000000-fffeec200000 rw-p 00000000 00:00 0 
fffeec200000-fffef0000000 ---p 00000000 00:00 0 
fffef0000000-fffef0200000 rw-p 00000000 00:00 0 
fffef0200000-fffef4000000 ---p 00000000 00:00 0 
fffef4000000-fffef4200000 rw-p 00000000 00:00 0 
fffef4200000-fffef8000000 ---p 00000000 00:00 0 
fffef8000000-fffef8200000 rw-p 00000000 00:00 0 
fffef8200000-fffefc000000 ---p 00000000 00:00 0 
fffefc000000-fffefc200000 rw-p 00000000 00:00 0 
fffefc200000-ffff00000000 ---p 00000000 00:00 0 
ffff00000000-ffff00200000 rw-p 00000000 00:00 0 
ffff00200000-ffff01c00000 rw-p 00000000 00:00 0 
ffff01c00000-ffff04000000 ---p 00000000 00:00 0 
ffff04000000-ffff04200000 rw-p 00000000 00:00 0 
ffff04200000-ffff07200000 rw-p 00000000 00:00 0 
ffff07200000-ffff08000000 ---p 00000000 00:00 0 
ffff08000000-ffff08200000 rw-p 00000000 00:00 0 
ffff08200000-ffff0a600000 rw-p 00000000 00:00 0 
ffff0a600000-ffff0c000000 ---p 00000000 00:00 0 
ffff0c000000-ffff0c200000 rw-p 00000000 00:00 0 
ffff0c200000-ffff10000000 ---p 00000000 00:00 0 
ffff10000000-ffff10200000 rw-p 00000000 00:00 0 
ffff10200000-ffff14000000 ---p 00000000 00:00 0 
ffff14000000-ffff14200000 rw-p 00000000 00:00 0 
ffff14200000-ffff18000000 ---p 00000000 00:00 0 
ffff18000000-ffff18200000 rw-p 00000000 00:00 0 
ffff18200000-ffff1c000000 ---p 00000000 00:00 0 
ffff1c000000-ffff1c200000 rw-p 00000000 00:00 0 
ffff1c200000-ffff20000000 ---p 00000000 00:00 0 
ffff20660000-ffff20690000 r-xp 00000000 00:25 3098672                    /usr/lib64/liblzma.so.5.8.2
ffff20690000-ffff2069c000 ---p 00030000 00:25 3098672                    /usr/lib64/liblzma.so.5.8.2
ffff2069c000-ffff206a0000 r--p 0003c000 00:25 3098672                    /usr/lib64/liblzma.so.5.8.2
ffff206a0000-ffff206a4000 rw-p 00000000 00:00 0 
ffff206b0000-ffff206d8000 r-xp 00000000 00:25 3098080                    /usr/lib64/libtinfo.so.6.6
ffff206d8000-ffff206ec000 ---p 00028000 00:25 3098080                    /usr/lib64/libtinfo.so.6.6
ffff206ec000-ffff206f0000 r--p 0002c000 00:25 3098080                    /usr/lib64/libtinfo.so.6.6
ffff206f0000-ffff206f4000 rw-p 00030000 00:25 3098080                    /usr/lib64/libtinfo.so.6.6
ffff20700000-ffff2085c000 r-xp 00000000 00:25 3098680                    /usr/lib64/libxml2.so.2.12.10
ffff2085c000-ffff20864000 ---p 0015c000 00:25 3098680                    /usr/lib64/libxml2.so.2.12.10
ffff20864000-ffff20870000 r--p 00164000 00:25 3098680                    /usr/lib64/libxml2.so.2.12.10
ffff20870000-ffff20874000 rw-p 00170000 00:25 3098680                    /usr/lib64/libxml2.so.2.12.10
ffff20880000-ffff208b4000 r-xp 00000000 00:25 3859435                    /usr/lib64/libedit.so.0.0.78
ffff208b4000-ffff208cc000 ---p 00034000 00:25 3859435                    /usr/lib64/libedit.so.0.0.78
ffff208cc000-ffff208d0000 r--p 0003c000 00:25 3859435                    /usr/lib64/libedit.so.0.0.78
ffff208d0000-ffff208d4000 rw-p 00040000 00:25 3859435                    /usr/lib64/libedit.so.0.0.78
ffff208e0000-ffff208f8000 r-xp 00000000 00:25 3099018                    /usr/lib64/libffi.so.8.2.0
ffff208f8000-ffff2090c000 ---p 00018000 00:25 3099018                    /usr/lib64/libffi.so.8.2.0
ffff2090c000-ffff20910000 r--p 0001c000 00:25 3099018                    /usr/lib64/libffi.so.8.2.0
ffff20910000-ffff20914000 rw-p 00020000 00:25 3099018                    /usr/lib64/libffi.so.8.2.0
ffff20920000-ffff20b9c000 r-xp 00000000 00:25 3565243                    /usr/lib64/libstdc++.so.6.0.35
ffff20b9c000-ffff20bac000 ---p 0027c000 00:25 3565243                    /usr/lib64/libstdc++.so.6.0.35
ffff20bac000-ffff20bc0000 r--p 0027c000 00:25 3565243                    /usr/lib64/libstdc++.so.6.0.35
ffff20bc0000-ffff20bc4000 rw-p 00290000 00:25 3565243                    /usr/lib64/libstdc++.so.6.0.35
ffff20bc4000-ffff20bc8000 rw-p 00000000 00:00 0 
ffff20ea0000-ffff20f64000 r-xp 00000000 00:25 3098619                    /usr/lib64/libzstd.so.1.5.7
ffff20f64000-ffff20f7c000 ---p 000c4000 00:25 3098619                    /usr/lib64/libzstd.so.1.5.7
ffff20f7c000-ffff20f80000 r--p 000cc000 00:25 3098619                    /usr/lib64/libzstd.so.1.5.7
ffff20f80000-ffff20f84000 rw-p 000d0000 00:25 3098619                    /usr/lib64/libzstd.so.1.5.7
ffff21190000-ffff212a8000 r-xp 00000000 00:25 3105144                    /usr/lib64/libGLdispatch.so.0.0.0
ffff212a8000-ffff212b4000 ---p 00118000 00:25 3105144                    /usr/lib64/libGLdispatch.so.0.0.0
ffff212b4000-ffff212d0000 r--p 00124000 00:25 3105144                    /usr/lib64/libGLdispatch.so.0.0.0
ffff212d0000-ffff212d4000 rw-p 00140000 00:25 3105144                    /usr/lib64/libGLdispatch.so.0.0.0
ffff212d4000-ffff212dc000 rw-p 00000000 00:00 0 
ffff21390000-ffff21398000 r-xp 00000000 00:25 3101940                    /usr/lib64/libXfixes.so.3.1.0
ffff21398000-ffff213ac000 ---p 00008000 00:25 3101940                    /usr/lib64/libXfixes.so.3.1.0
ffff213ac000-ffff213b0000 r--p 0000c000 00:25 3101940                    /usr/lib64/libXfixes.so.3.1.0
ffff213b0000-ffff213b4000 rw-p 00010000 00:25 3101940                    /usr/lib64/libXfixes.so.3.1.0
ffff213c0000-ffff213cc000 r-xp 00000000 00:25 3101960                    /usr/lib64/libXcursor.so.1.0.2
ffff213cc000-ffff213dc000 ---p 0000c000 00:25 3101960                    /usr/lib64/libXcursor.so.1.0.2
ffff213dc000-ffff213e0000 r--p 0000c000 00:25 3101960                    /usr/lib64/libXcursor.so.1.0.2
ffff213e0000-ffff213e4000 rw-p 00000000 00:00 0 
ffff213f0000-ffff213fc000 r-xp 00000000 00:25 3101950                    /usr/lib64/libXrender.so.1.3.0
ffff213fc000-ffff2140c000 ---p 0000c000 00:25 3101950                    /usr/lib64/libXrender.so.1.3.0
ffff2140c000-ffff21410000 r--p 0000c000 00:25 3101950                    /usr/lib64/libXrender.so.1.3.0
ffff21410000-ffff21414000 rw-p 00010000 00:25 3101950                    /usr/lib64/libXrender.so.1.3.0
ffff21450000-ffff21464000 r-xp 00000000 00:25 3101935                    /usr/lib64/libXext.so.6.4.0
ffff21464000-ffff2147c000 ---p 00014000 00:25 3101935                    /usr/lib64/libXext.so.6.4.0
ffff2147c000-ffff21480000 r--p 0001c000 00:25 3101935                    /usr/lib64/libXext.so.6.4.0
ffff21480000-ffff21484000 rw-p 00020000 00:25 3101935                    /usr/lib64/libXext.so.6.4.0
ffff21490000-ffff215d8000 r-xp 00000000 00:25 3101932                    /usr/lib64/libX11.so.6.4.0
ffff215d8000-ffff215ec000 ---p 00148000 00:25 3101932                    /usr/lib64/libX11.so.6.4.0
ffff215ec000-ffff215f0000 r--p 0014c000 00:25 3101932                    /usr/lib64/libX11.so.6.4.0
ffff215f0000-ffff215f4000 rw-p 00150000 00:25 3101932                    /usr/lib64/libX11.so.6.4.0
ffff21600000-ffff21a00000 rw-p 00000000 00:00 0 
ffff21a70000-ffff21a9c000 r-xp 00000000 00:25 3101927                    /usr/lib64/libxcb.so.1.1.0
ffff21a9c000-ffff21aac000 ---p 0002c000 00:25 3101927                    /usr/lib64/libxcb.so.1.1.0
ffff21aac000-ffff21ab0000 r--p 0002c000 00:25 3101927                    /usr/lib64/libxcb.so.1.1.0
ffff21ab0000-ffff21ab4000 rw-p 00030000 00:25 3101927                    /usr/lib64/libxcb.so.1.1.0
ffff21ac0000-ffff21b34000 r-xp 00000000 00:2b 2581                       /tmp/lwjgl_anguscrump/3.4.1-snapshot/arm64/libjemalloc.so
ffff21b34000-ffff21b40000 ---p 00074000 00:2b 2581                       /tmp/lwjgl_anguscrump/3.4.1-snapshot/arm64/libjemalloc.so
ffff21b40000-ffff21b44000 r--p 00070000 00:2b 2581                       /tmp/lwjgl_anguscrump/3.4.1-snapshot/arm64/libjemalloc.so
ffff21b44000-ffff21b48000 rw-p 00074000 00:2b 2581                       /tmp/lwjgl_anguscrump/3.4.1-snapshot/arm64/libjemalloc.so
ffff21b48000-ffff21bd4000 rw-p 00000000 00:00 0 
ffff21be0000-ffff22000000 rw-p 00000000 00:00 0 
ffff22000000-ffff2fe94000 r--p 00000000 00:25 3810908                    /usr/lib/locale/locale-archive
ffff2fea0000-ffff2ff14000 r-xp 00000000 00:2b 2580                       /tmp/lwjgl_anguscrump/3.4.1-snapshot/arm64/libglfw.so
ffff2ff14000-ffff2ff24000 ---p 00074000 00:2b 2580                       /tmp/lwjgl_anguscrump/3.4.1-snapshot/arm64/libglfw.so
ffff2ff24000-ffff2ff2c000 rw-p 00074000 00:2b 2580                       /tmp/lwjgl_anguscrump/3.4.1-snapshot/arm64/libglfw.so
ffff2ff2c000-ffff2ff50000 rw-p 00000000 00:00 0 
ffff2ff60000-ffff2ffe4000 r-xp 00000000 00:2b 2579                       /tmp/lwjgl_anguscrump/3.4.1-snapshot/arm64/liblwjgl.so
ffff2ffe4000-ffff2fff0000 ---p 00084000 00:2b 2579                       /tmp/lwjgl_anguscrump/3.4.1-snapshot/arm64/liblwjgl.so
ffff2fff0000-ffff2fff4000 r--p 00080000 00:2b 2579                       /tmp/lwjgl_anguscrump/3.4.1-snapshot/arm64/liblwjgl.so
ffff2fff4000-ffff2fff8000 rw-p 00084000 00:2b 2579                       /tmp/lwjgl_anguscrump/3.4.1-snapshot/arm64/liblwjgl.so
ffff30000000-ffff30400000 rw-p 00000000 00:00 0 
ffff30400000-ffff30c00000 rw-p 00000000 00:00 0 
ffff30c00000-ffff31ce0000 rw-p 00000000 00:00 0 
ffff31ce0000-ffff31dc0000 rw-p 00000000 00:00 0 
ffff31dc0000-ffff327a0000 rw-p 00000000 00:00 0 
ffff327a0000-ffff33980000 rw-p 00000000 00:00 0 
ffff33980000-ffff33a00000 rw-p 00000000 00:00 0 
ffff33a00000-ffff34000000 rw-p 00000000 00:00 0 
ffff34000000-ffff34200000 rw-p 00000000 00:00 0 
ffff34200000-ffff38000000 ---p 00000000 00:00 0 
ffff38000000-ffff38200000 rw-p 00000000 00:00 0 
ffff38200000-ffff38600000 rw-p 00000000 00:00 0 
ffff38600000-ffff3c000000 ---p 00000000 00:00 0 
ffff3c000000-ffff3c200000 rw-p 00000000 00:00 0 
ffff3c200000-ffff40000000 ---p 00000000 00:00 0 
ffff40000000-ffff40200000 rw-p 00000000 00:00 0 
ffff40200000-ffff44000000 ---p 00000000 00:00 0 
ffff44000000-ffff44200000 rw-p 00000000 00:00 0 
ffff44200000-ffff48000000 ---p 00000000 00:00 0 
ffff48000000-ffff48200000 rw-p 00000000 00:00 0 
ffff48200000-ffff4c000000 ---p 00000000 00:00 0 
ffff4c020000-ffff4c024000 r-xp 00000000 00:25 3101844                    /usr/lib64/libXau.so.6.0.0
ffff4c024000-ffff4c03c000 ---p 00004000 00:25 3101844                    /usr/lib64/libXau.so.6.0.0
ffff4c03c000-ffff4c040000 r--p 0000c000 00:25 3101844                    /usr/lib64/libXau.so.6.0.0
ffff4c040000-ffff4c044000 rw-p 00000000 00:00 0 
ffff4c050000-ffff4c054000 r-xp 00000000 00:25 8789711                    /home/anguscrump/.jdks/jbr-25.0.3/lib/libextnet.so
ffff4c054000-ffff4c06c000 ---p 00004000 00:25 8789711                    /home/anguscrump/.jdks/jbr-25.0.3/lib/libextnet.so
ffff4c06c000-ffff4c070000 r--p 0000c000 00:25 8789711                    /home/anguscrump/.jdks/jbr-25.0.3/lib/libextnet.so
ffff4c070000-ffff4c074000 rw-p 00000000 00:00 0 
ffff4c080000-ffff4c0b0000 r-xp 00000000 00:25 3098606                    /usr/lib64/libnss_resolve.so.2
ffff4c0b0000-ffff4c0bc000 ---p 00030000 00:25 3098606                    /usr/lib64/libnss_resolve.so.2
ffff4c0bc000-ffff4c0c0000 r--p 0003c000 00:25 3098606                    /usr/lib64/libnss_resolve.so.2
ffff4c0c0000-ffff4c0c4000 rw-p 00040000 00:25 3098606                    /usr/lib64/libnss_resolve.so.2
ffff4c0d0000-ffff4c0d4000 r-xp 00000000 00:25 3115273                    /usr/lib64/libnss_mdns4_minimal.so.2
ffff4c0d4000-ffff4c0ec000 ---p 00004000 00:25 3115273                    /usr/lib64/libnss_mdns4_minimal.so.2
ffff4c0ec000-ffff4c0f0000 r--p 0000c000 00:25 3115273                    /usr/lib64/libnss_mdns4_minimal.so.2
ffff4c0f0000-ffff4c0f4000 rw-p 00000000 00:00 0 
ffff4c100000-ffff4c144000 r-xp 00000000 00:25 3098611                    /usr/lib64/libudev.so.1.7.12
ffff4c144000-ffff4c158000 ---p 00044000 00:25 3098611                    /usr/lib64/libudev.so.1.7.12
ffff4c158000-ffff4c160000 r--p 00048000 00:25 3098611                    /usr/lib64/libudev.so.1.7.12
ffff4c160000-ffff4c164000 rw-p 00050000 00:25 3098611                    /usr/lib64/libudev.so.1.7.12
ffff4c1a0000-ffff4c5c0000 rw-p 00000000 00:00 0 
ffff4c5c0000-ffff4c5cc000 ---p 00000000 00:00 0 
ffff4c5cc000-ffff4c7c0000 rw-p 00000000 00:00 0 
ffff4c9c0000-ffff4c9cc000 ---p 00000000 00:00 0 
ffff4c9cc000-ffff4cbc0000 rw-p 00000000 00:00 0 
ffff4cbc0000-ffff4cbcc000 ---p 00000000 00:00 0 
ffff4cbcc000-ffff4cdc0000 rw-p 00000000 00:00 0 
ffff4d3c0000-ffff4d3cc000 ---p 00000000 00:00 0 
ffff4d3cc000-ffff4d5c0000 rw-p 00000000 00:00 0 
ffff4d7c0000-ffff4e000000 rw-p 00000000 00:00 0 
ffff4e000000-ffff50000000 rw-p 00000000 00:00 0 
ffff50000000-ffff50200000 rw-p 00000000 00:00 0 
ffff50200000-ffff54000000 ---p 00000000 00:00 0 
ffff54000000-ffff54200000 rw-p 00000000 00:00 0 
ffff54200000-ffff58000000 ---p 00000000 00:00 0 
ffff58010000-ffff58034000 r-xp 00000000 00:25 8815249                    /home/anguscrump/.cache/JNA/temp/jna373295415341205745.tmp (deleted)
ffff58034000-ffff58040000 ---p 00024000 00:25 8815249                    /home/anguscrump/.cache/JNA/temp/jna373295415341205745.tmp (deleted)
ffff58040000-ffff58044000 r--p 00020000 00:25 8815249                    /home/anguscrump/.cache/JNA/temp/jna373295415341205745.tmp (deleted)
ffff58044000-ffff58048000 rw-p 00024000 00:25 8815249                    /home/anguscrump/.cache/JNA/temp/jna373295415341205745.tmp (deleted)
ffff58050000-ffff58060000 r-xp 00000000 00:25 8789741                    /home/anguscrump/.jdks/jbr-25.0.3/lib/libverify.so
ffff58060000-ffff5806c000 ---p 00010000 00:25 8789741                    /home/anguscrump/.jdks/jbr-25.0.3/lib/libverify.so
ffff5806c000-ffff58070000 r--p 0000c000 00:25 8789741                    /home/anguscrump/.jdks/jbr-25.0.3/lib/libverify.so
ffff58070000-ffff58074000 rw-p 00000000 00:00 0 
ffff58080000-ffff58290000 rw-p 00000000 00:00 0 
ffff58290000-ffff5829c000 ---p 00000000 00:00 0 
ffff5829c000-ffff58490000 rw-p 00000000 00:00 0 
ffff58490000-ffff584b0000 r-xp 00000000 00:25 3565233                    /usr/lib64/libgcc_s-16-20260501.so.1
ffff584b0000-ffff584bc000 ---p 00020000 00:25 3565233                    /usr/lib64/libgcc_s-16-20260501.so.1
ffff584bc000-ffff584c0000 r--p 0001c000 00:25 3565233                    /usr/lib64/libgcc_s-16-20260501.so.1
ffff584c0000-ffff584c4000 rw-p 00000000 00:00 0 
ffff584d0000-ffff584fc000 r-xp 00000000 00:25 3098605                    /usr/lib64/libnss_myhostname.so.2
ffff584fc000-ffff58508000 ---p 0002c000 00:25 3098605                    /usr/lib64/libnss_myhostname.so.2
ffff58508000-ffff58510000 r--p 00028000 00:25 3098605                    /usr/lib64/libnss_myhostname.so.2
ffff58510000-ffff58514000 rw-p 00030000 00:25 3098605                    /usr/lib64/libnss_myhostname.so.2
ffff58520000-ffff58528000 r-xp 00000000 00:25 8789729                    /home/anguscrump/.jdks/jbr-25.0.3/lib/libmanagement_ext.so
ffff58528000-ffff5853c000 ---p 00008000 00:25 8789729                    /home/anguscrump/.jdks/jbr-25.0.3/lib/libmanagement_ext.so
ffff5853c000-ffff58540000 r--p 0000c000 00:25 8789729                    /home/anguscrump/.jdks/jbr-25.0.3/lib/libmanagement_ext.so
ffff58540000-ffff58544000 rw-p 00000000 00:00 0 
ffff58550000-ffff58554000 r-xp 00000000 00:25 8789728                    /home/anguscrump/.jdks/jbr-25.0.3/lib/libmanagement.so
ffff58554000-ffff5856c000 ---p 00004000 00:25 8789728                    /home/anguscrump/.jdks/jbr-25.0.3/lib/libmanagement.so
ffff5856c000-ffff58570000 r--p 0000c000 00:25 8789728                    /home/anguscrump/.jdks/jbr-25.0.3/lib/libmanagement.so
ffff58570000-ffff58574000 rw-p 00000000 00:00 0 
ffff58580000-ffff5858c000 ---p 00000000 00:00 0 
ffff5858c000-ffff58780000 rw-p 00000000 00:00 0 
ffff58780000-ffff58788000 r-xp 00000000 00:25 8789743                    /home/anguscrump/.jdks/jbr-25.0.3/lib/libzip.so
ffff58788000-ffff5879c000 ---p 00008000 00:25 8789743                    /home/anguscrump/.jdks/jbr-25.0.3/lib/libzip.so
ffff5879c000-ffff587a0000 r--p 0000c000 00:25 8789743                    /home/anguscrump/.jdks/jbr-25.0.3/lib/libzip.so
ffff587a0000-ffff587a4000 rw-p 00000000 00:00 0 
ffff587b0000-ffff587bc000 r-xp 00000000 00:25 8789731                    /home/anguscrump/.jdks/jbr-25.0.3/lib/libnet.so
ffff587bc000-ffff587cc000 ---p 0000c000 00:25 8789731                    /home/anguscrump/.jdks/jbr-25.0.3/lib/libnet.so
ffff587cc000-ffff587d0000 r--p 0000c000 00:25 8789731                    /home/anguscrump/.jdks/jbr-25.0.3/lib/libnet.so
ffff587d0000-ffff587d4000 rw-p 00000000 00:00 0 
ffff587dc000-ffff587e8000 ---p 00000000 00:00 0 
ffff587e8000-ffff589dc000 rw-p 00000000 00:00 0 
ffff589dc000-ffff589e8000 ---p 00000000 00:00 0 
ffff589e8000-ffff58bdc000 rw-p 00000000 00:00 0 
ffff58bdc000-ffff58be8000 ---p 00000000 00:00 0 
ffff58be8000-ffff58ddc000 rw-p 00000000 00:00 0 
ffff58ddc000-ffff58de8000 ---p 00000000 00:00 0 
ffff58de8000-ffff58fdc000 rw-p 00000000 00:00 0 
ffff58fdc000-ffff58fe8000 ---p 00000000 00:00 0 
ffff58fe8000-ffff591dc000 rw-p 00000000 00:00 0 
ffff591dc000-ffff591e8000 ---p 00000000 00:00 0 
ffff591e8000-ffff593dc000 rw-p 00000000 00:00 0 
ffff593dc000-ffff5a6f4000 rw-p 00000000 00:00 0 
ffff5a6f4000-ffff5cc44000 ---p 00000000 00:00 0 
ffff5cc44000-ffff5cffc000 rw-p 00000000 00:00 0 
ffff5cffc000-ffff5f30c000 rwxp 00000000 00:00 0 
ffff5f30c000-ffff64534000 ---p 00000000 00:00 0 
ffff64534000-ffff648c4000 rwxp 00000000 00:00 0 
ffff648c4000-ffff64ac8000 ---p 00000000 00:00 0 
ffff64ac8000-ffff65da8000 rwxp 00000000 00:00 0 
ffff65da8000-ffff6c000000 ---p 00000000 00:00 0 
ffff6c000000-ffff6fff4000 r--s 00000000 00:25 8789745                    /home/anguscrump/.jdks/jbr-25.0.3/lib/modules
ffff70000000-ffff70200000 rw-p 00000000 00:00 0 
ffff70200000-ffff74000000 rw-p 00000000 00:00 0 
ffff74010000-ffff74024000 r-xp 00000000 00:25 8789733                    /home/anguscrump/.jdks/jbr-25.0.3/lib/libnio.so
ffff74024000-ffff7403c000 ---p 00014000 00:25 8789733                    /home/anguscrump/.jdks/jbr-25.0.3/lib/libnio.so
ffff7403c000-ffff74040000 r--p 0001c000 00:25 8789733                    /home/anguscrump/.jdks/jbr-25.0.3/lib/libnio.so
ffff74040000-ffff74044000 rw-p 00020000 00:25 8789733                    /home/anguscrump/.jdks/jbr-25.0.3/lib/libnio.so
ffff74044000-ffff74048000 rw-p 00000000 00:00 0 
ffff74048000-ffff74054000 ---p 00000000 00:00 0 
ffff74054000-ffff74248000 rw-p 00000000 00:00 0 
ffff74248000-ffff74254000 ---p 00000000 00:00 0 
ffff74254000-ffff74448000 rw-p 00000000 00:00 0 
ffff74448000-ffff74644000 rw-p 00000000 00:00 0 
ffff74644000-ffff74854000 rw-p 00000000 00:00 0 
ffff74854000-ffff74860000 ---p 00000000 00:00 0 
ffff74860000-ffff74c74000 rw-p 00000000 00:00 0 
ffff74c74000-ffff74c78000 r-xp 00000000 00:2b 9262                       /tmp/#9262 (deleted)
ffff74c78000-ffff74c7c000 rw-p 00000000 00:00 0 
ffff74ce4000-ffff75104000 rw-p 00000000 00:00 0 
ffff75104000-ffff75a28000 rw-p 00000000 00:00 0 
ffff75a28000-ffff76058000 rw-p 00000000 00:00 0 
ffff76058000-ffff7633c000 rw-p 00000000 00:00 0 
ffff7633c000-ffff767e4000 ---p 00000000 00:00 0 
ffff767e4000-ffff76ac0000 rw-p 00000000 00:00 0 
ffff76ac0000-ffff76f68000 ---p 00000000 00:00 0 
ffff76f68000-ffff7784c000 rw-p 00000000 00:00 0 
ffff7784c000-ffff779d8000 ---p 00000000 00:00 0 
ffff779d8000-ffff77a68000 rw-p 00000000 00:00 0 
ffff77a68000-ffff77bb0000 ---p 00000000 00:00 0 
ffff77bb0000-ffff77bd4000 r-xp 00000000 00:25 8789719                    /home/anguscrump/.jdks/jbr-25.0.3/lib/libjava.so
ffff77bd4000-ffff77bec000 ---p 00024000 00:25 8789719                    /home/anguscrump/.jdks/jbr-25.0.3/lib/libjava.so
ffff77bec000-ffff77bf0000 r--p 0002c000 00:25 8789719                    /home/anguscrump/.jdks/jbr-25.0.3/lib/libjava.so
ffff77bf0000-ffff77bf4000 rw-p 00030000 00:25 8789719                    /home/anguscrump/.jdks/jbr-25.0.3/lib/libjava.so
ffff77c00000-ffff77c1c000 r-xp 00000000 00:25 8789723                    /home/anguscrump/.jdks/jbr-25.0.3/lib/libjimage.so
ffff77c1c000-ffff77c2c000 ---p 0001c000 00:25 8789723                    /home/anguscrump/.jdks/jbr-25.0.3/lib/libjimage.so
ffff77c2c000-ffff77c30000 r--p 0001c000 00:25 8789723                    /home/anguscrump/.jdks/jbr-25.0.3/lib/libjimage.so
ffff77c30000-ffff77c34000 rw-p 00020000 00:25 8789723                    /home/anguscrump/.jdks/jbr-25.0.3/lib/libjimage.so
ffff77c40000-ffff77c4c000 ---p 00000000 00:00 0 
ffff77c4c000-ffff77e40000 rw-p 00000000 00:00 0 
ffff77e40000-ffff77ef0000 r-xp 00000000 00:25 3800671                    /usr/lib64/libm.so.6
ffff77ef0000-ffff77efc000 ---p 000b0000 00:25 3800671                    /usr/lib64/libm.so.6
ffff77efc000-ffff77f00000 r--p 000ac000 00:25 3800671                    /usr/lib64/libm.so.6
ffff77f00000-ffff77f04000 rw-p 000b0000 00:25 3800671                    /usr/lib64/libm.so.6
ffff77f10000-ffff77f14000 r-xp 00000000 00:25 3800679                    /usr/lib64/librt.so.1
ffff77f14000-ffff77f2c000 ---p 00004000 00:25 3800679                    /usr/lib64/librt.so.1
ffff77f2c000-ffff77f30000 r--p 0000c000 00:25 3800679                    /usr/lib64/librt.so.1
ffff77f30000-ffff77f34000 rw-p 00000000 00:00 0 
ffff77f40000-ffff792c0000 r-xp 00000000 00:25 8789753                    /home/anguscrump/.jdks/jbr-25.0.3/lib/server/libjvm.so
ffff792c0000-ffff792d0000 ---p 01380000 00:25 8789753                    /home/anguscrump/.jdks/jbr-25.0.3/lib/server/libjvm.so
ffff792d0000-ffff793b0000 r--p 01380000 00:25 8789753                    /home/anguscrump/.jdks/jbr-25.0.3/lib/server/libjvm.so
ffff793b0000-ffff793e0000 rw-p 01460000 00:25 8789753                    /home/anguscrump/.jdks/jbr-25.0.3/lib/server/libjvm.so
ffff793e0000-ffff79488000 rw-p 00000000 00:00 0 
ffff79490000-ffff79494000 r-xp 00000000 00:25 3800677                    /usr/lib64/libpthread.so.0
ffff79494000-ffff794ac000 ---p 00004000 00:25 3800677                    /usr/lib64/libpthread.so.0
ffff794ac000-ffff794b0000 r--p 0000c000 00:25 3800677                    /usr/lib64/libpthread.so.0
ffff794b0000-ffff794b4000 rw-p 00000000 00:00 0 
ffff794c0000-ffff794c4000 r-xp 00000000 00:25 3800670                    /usr/lib64/libdl.so.2
ffff794c4000-ffff794dc000 ---p 00004000 00:25 3800670                    /usr/lib64/libdl.so.2
ffff794dc000-ffff794e0000 r--p 0000c000 00:25 3800670                    /usr/lib64/libdl.so.2
ffff794e0000-ffff794e4000 rw-p 00000000 00:00 0 
ffff794f0000-ffff79510000 r-xp 00000000 00:25 3098599                    /usr/lib64/libz.so.1.3.1.zlib-ng
ffff79510000-ffff7951c000 ---p 00020000 00:25 3098599                    /usr/lib64/libz.so.1.3.1.zlib-ng
ffff7951c000-ffff79520000 r--p 0001c000 00:25 3098599                    /usr/lib64/libz.so.1.3.1.zlib-ng
ffff79520000-ffff79524000 rw-p 00020000 00:25 3098599                    /usr/lib64/libz.so.1.3.1.zlib-ng
ffff79530000-ffff796d8000 r-xp 00000000 00:25 3800669                    /usr/lib64/libc.so.6
ffff796d8000-ffff796ec000 ---p 001a8000 00:25 3800669                    /usr/lib64/libc.so.6
ffff796ec000-ffff796f0000 r--p 001ac000 00:25 3800669                    /usr/lib64/libc.so.6
ffff796f0000-ffff796f4000 rw-p 001b0000 00:25 3800669                    /usr/lib64/libc.so.6
ffff796f4000-ffff796fc000 rw-p 00000000 00:00 0 
ffff79704000-ffff79708000 r--p 00000000 00:00 0 
ffff79708000-ffff79710000 r--s 00000000 00:25 3811701                    /usr/lib64/gconv/gconv-modules.cache
ffff79710000-ffff79720000 rw-p 00000000 00:00 0 
ffff79720000-ffff79728000 ---p 00000000 00:00 0 
ffff79728000-ffff79730000 rw-s 00000000 00:2b 9260                       /tmp/hsperfdata_anguscrump/314011 (deleted)
ffff79730000-ffff79740000 r-xp 00000000 00:25 8789724                    /home/anguscrump/.jdks/jbr-25.0.3/lib/libjli.so
ffff79740000-ffff7974c000 ---p 00010000 00:25 8789724                    /home/anguscrump/.jdks/jbr-25.0.3/lib/libjli.so
ffff7974c000-ffff79750000 r--p 0000c000 00:25 8789724                    /home/anguscrump/.jdks/jbr-25.0.3/lib/libjli.so
ffff79750000-ffff79754000 rw-p 00010000 00:25 8789724                    /home/anguscrump/.jdks/jbr-25.0.3/lib/libjli.so
ffff79754000-ffff79758000 rw-p 00000000 00:00 0 
ffff79758000-ffff7975c000 ---p 00000000 00:00 0 
ffff7975c000-ffff79760000 r--p 00000000 00:00 0 
ffff79760000-ffff79770000 r--p 00000000 00:00 0                          [vvar]
ffff79770000-ffff79774000 r-xp 00000000 00:00 0                          [vdso]
ffff79774000-ffff797a0000 r-xp 00000000 00:25 3800657                    /usr/lib/ld-linux-aarch64.so.1
ffff797a0000-ffff797a4000 rw-p 00000000 00:00 0 
ffff797a4000-ffff797a8000 ---p 00000000 00:00 0 
ffff797a8000-ffff797b0000 rw-p 00000000 00:00 0 
ffff797b0000-ffff797b4000 r--p 0002c000 00:25 3800657                    /usr/lib/ld-linux-aarch64.so.1
ffff797b4000-ffff797b8000 rw-p 00030000 00:25 3800657                    /usr/lib/ld-linux-aarch64.so.1
ffffe8018000-ffffe803c000 rw-p 00000000 00:00 0                          [stack]
Total number of mappings: 629

JVMTI agents: none


VM Arguments:
jvm_args: -Dfabric.dli.config=/home/anguscrump/Documents/Coding/ribbon-world/.gradle/loom-cache/launch.cfg -Dfabric.dli.env=client -Dfabric.dli.main=net.fabricmc.loader.impl.launch.knot.KnotClient --sun-misc-unsafe-memory-access=allow --enable-native-access=ALL-UNNAMED --sun-misc-unsafe-memory-access=allow --enable-native-access=ALL-UNNAMED -Dfile.encoding=UTF-8 -Duser.country=AU -Duser.language=en -Duser.variant -Dawt.toolkit.name=XToolkit 
java_command: net.fabricmc.devlaunchinjector.Main
java_class_path (initial): /home/anguscrump/Documents/Coding/ribbon-world/build/classes/java/client:/home/anguscrump/Documents/Coding/ribbon-world/build/resources/client:/home/anguscrump/.gradle/caches/modules-2/files-2.1/net.fabricmc/fabric-loader/0.19.2/cc647a5b22dbc49b9a3267cebcee25fc4882b108/fabric-loader-0.19.2.jar:/home/anguscrump/.gradle/caches/modules-2/files-2.1/net.fabricmc.fabric-api/fabric-api/0.149.0+26.1.2/1d3aa9049af831d4d7ed7fbf1b5f0fbb37d7fab4/fabric-api-0.149.0+26.1.2.jar:/home/anguscrump/.gradle/caches/modules-2/files-2.1/org.ow2.asm/asm/9.9/c29635c8a7afa03d74b33c1884df8abb2b3f3dcc/asm-9.9.jar:/home/anguscrump/.gradle/caches/modules-2/files-2.1/org.ow2.asm/asm-analysis/9.9/bf4fa6e66638851c1cd22c2caea0c3ee5d5f437/asm-analysis-9.9.jar:/home/anguscrump/.gradle/caches/modules-2/files-2.1/org.ow2.asm/asm-commons/9.9/db9165a3bf908ded6b08612d583a15d1d0c7bda0/asm-commons-9.9.jar:/home/anguscrump/.gradle/caches/modules-2/files-2.1/org.ow2.asm/asm-tree/9.9/f8de6eead6d24dd0f45bd065bbe112b2cda6ea21/asm-tree-9.9.jar:/home/anguscrump/.gradle/caches/modules-2/files-2.1/org.ow2.asm/asm-util/9.9/42fdfc0508b43807c8078d6e82ecff2ce2112ae8/asm-util-9.9.jar:/home/anguscrump/.gradle/caches/modules-2/files-2.1/net.fabricmc/sponge-mixin/0.17.2+mixin.0.8.7/edf98d1d98229e46e36c61774ae2b54dcd852981/sponge-mixin-0.17.2+mixin.0.8.7.jar:/home/anguscrump/.gradle/caches/modules-2/files-2.1/io.github.llamalad7/mixinextras-fabric/0.5.4/5e167154bcb9942111313a5e186e16cd7265f858/mixinextras-fabric-0.5.4.jar:/home/anguscrump/.gradle/caches/modules-2/files-2.1/net.fabricmc/dev-launch-injector/0.2.1+build.8/da8bef7e6e2f952da707f282bdb46882a0fce5e3/dev-launch-injector-0.2.1+build.8.jar:/home/anguscrump/.gradle/caches/modules-2/files-2.1/net.fabricmc/fabric-log4j-util/1.0.2/ef0b3fb613356feb75a67d54f2fad6f03a006648/fabric-log4j-util-1.0.2.jar:/home/anguscrump/.gradle/caches/modules-2/files-2.1/at.yawk.lz4/lz4-java/1.10.1/f541d7f910fe3d76f38f799c507c48cc81b12ecb/lz4-java-1.10.1.jar:/home/anguscrump/.gradle/caches/modules-2/files-2.1/com.azure/azure-json/1.4.0/fcc1d354dbc3e0300e5276b1bf124d0247799cd8/azure-json-1.4.0.jar:/home/anguscrump/.gradle/caches/modules-2/files-2.1/com.github.oshi/oshi-core/6.9.0/3224870731860cfcd7744581a05b559e94291e7/oshi-core-6.9.0.jar:/home/anguscrump/.gradle/caches/modules-2/files-2.1/com.google.code.gson/gson/2.13.2/48b8230771e573b54ce6e867a9001e75977fe78e/gson-2.13.2.jar:/home/anguscrump/.gradle/caches/modules-2/files-2.1/com.google.guava/failureaccess/1.0.3/aeaffd00d57023a2c947393ed251f0354f0985fc/failureaccess-1.0.3.jar:/home/anguscrump/.gradle/caches/modules-2/files-2.1/com.google.guava/guava/33.5.0-jre/8699de25f2f979108d6c1b804a7ba38cda1116bc/guava-33.5.0-jre.jar:/home/anguscrump/.gradle/caches/modules-2/files-2.1/com.ibm.icu/icu4j/77.1/38693cf0b1d7362a8b726af74dc06026a7c23809/icu4j-77.1.jar:/home/anguscrump/.gradle/caches/modules-2/files-2.1/com.microsoft.azure/msal4j/1.23.1/6c722b514873b24a4e1ce9c22dca36ea3c22bdbe/msal4j-1.23.1.jar:/home/anguscrump/.gradle/caches/modules-2/files-2.1/com.mojang/authlib/7.0.63/54895b4e25e8b9b4cbbbe25f24eccf2b71b1ac2b/authlib-7.0.63.jar:/home/anguscrump/.gradle/caches/modules-2/files-2.1/com.mojang/blocklist/1.0.10/5c685c5ffa94c4cd39496c7184c1d122e515ecef/blocklist-1.0.10.jar:/home/anguscrump/.gradle/caches/modules-2/files-2.1/com.mojang/brigadier/1.3.10/d15b53a14cf20fdcaa98f731af5dda654452c010/brigadier-1.3.10.jar:/home/anguscrump/.gradle/caches/modules-2/files-2.1/com.mojang/datafixerupper/9.0.19/4e91f9712fa1e83231d1501625381b0210a977da/datafixerupper-9.0.19.jar:/home/anguscrump/.gradle/caches/modules-2/files-2.1/com.mojang/jtracy/1.0.37/a3fb649b2e2b2288d2978f0b0bc3d83f62809d1e/jtracy-1.0.37.jar:/home/anguscrump/.gradle/caches/modules-2/files-2.1/com.mojang/jtracy/1.0.37/e1b4395227af41195da9e2ead13c48ee0b7d31cd/jtracy-1.0.37-natives-linux.jar:/home/anguscrump/.gradle/caches/modules-2/files-2.1/com.mojang/logging/1.6.11/fd147240733010c158249d986323f9ef98977fe/logging-1.6.11.jar:/home/anguscrump/.gradle/caches/modules-2/files-2.1/com.mojang/patchy/2.2.10/da05971b07cbb379d002cf7eaec6a2048211fefc/patchy-2.2.10.jar:/home/anguscrump/.gradle/caches/modules-2/files-2.1/com.mojang/text2speech/1.18.11/e853a12cdd6ba4f4836e8f4bf3b37844a13482b6/text2speech-1.18.11.jar:/home/anguscrump/.gradle/caches/modules-2/files-2.1/commons-codec/commons-codec/1.19.0/8c0dbe3ae883fceda9b50a6c76e745e548073388/commons-codec-1.19.0.jar:/home/anguscrump/.gradle/caches/modules-2/files-2.1/commons-io/commons-io/2.20.0/36f3474daec2849c149e877614e7f979b2082cd2/commons-io-2.20.0.jar:/home/anguscrump/.gradle/caches/modules-2/files-2.1/io.netty/netty-buffer/4.2.7.Final/5555ff561643bf2f8430fb57c24403c0efe15994/netty-buffer-4.2.7.Final.jar:/home/anguscrump/.gradle/caches/modules-2/files-2.1/io.netty/netty-codec-base/4.2.7.Final/915e381ebabcf115f1c7ff7032d55c48afb50210/netty-codec-base-4.2.7.Final.jar:/home/anguscrump/.gradle/caches/modules-2/files-2.1/io.netty/netty-codec-compression/4.2.7.Final/572341bc1ca90fd9d6e47f1d2694aab5258566e9/netty-codec-compression-4.2.7.Final.jar:/home/anguscrump/.gradle/caches/modules-2/files-2.1/io.netty/netty-codec-http/4.2.7.Final/b734c108854099c421fd94d92d9f865e4d4da853/netty-codec-http-4.2.7.Final.jar:/home/anguscrump/.gradle/caches/modules-2/files-2.1/io.netty/netty-common/4.2.7.Final/11aa30df26af4fca3239ac1917f303a280f301e1/netty-common-4.2.7.Final.jar:/home/anguscrump/.gradle/caches/modules-2/files-2.1/io.netty/netty-handler/4.2.7.Final/7ad8a1f851e2e6fe93cdd091871fda2b81c03b5b/netty-handler-4.2.7.Final.jar:/home/anguscrump/.gradle/caches/modules-2/files-2.1/io.netty/netty-resolver/4.2.7.Final/5f3e5ef8de03992cd4fb46960dc0085ec1a12a12/netty-resolver-4.2.7.Final.jar:/home/anguscrump/.gradle/caches/modules-2/files-2.1/io.netty/netty-transport-classes-epoll/4.2.7.Final/1075c09f48a78eef9d819fbfd9096b903fdd362a/netty-transport-classes-epoll-4.2.7.Final.jar:/home/anguscrump/.gradle/caches/modules-2/files-2.1/io.netty/netty-transport-classes-kqueue/4.2.7.Final/bdec7c23c75caabd848426d073c09568e8d5f94e/netty-transport-classes-kqueue-4.2.7.Final.jar:/home/anguscrump/.gradle/caches/modules-2/files-2.1/io.netty/netty-transport-native-epoll/4.2.7.Final/98d02251c98c8f07a23ac5ea27657d9e0ef57614/netty-transport-native-epoll-4.2.7.Final-linux-aarch_64.jar:/home/anguscrump/.gradle/caches/modules-2/files-2.1/io.netty/netty-transport-native-epoll/4.2.7.Final/e83998bfc10b5289d9bcbe807c4079ef0eed8e6f/netty-transport-native-epoll-4.2.7.Final-linux-x86_64.jar:/home/anguscrump/.gradle/caches/modules-2/files-2.1/io.netty/netty-transport-native-unix-common/4.2.7.Final/89953f04259ea7502cffb313630dd51e00e60669/netty-transport-native-unix-common-4.2.7.Final.jar:/home/anguscrump/.gradle/caches/modules-2/files-2.1/io.netty/netty-transport/4.2.7.Final/83ea548981d0d8c4a98027cc1a6f9624f902e142/netty-transport-4.2.7.Final.jar:/home/anguscrump/.gradle/caches/modules-2/files-2.1/it.unimi.dsi/fastutil/8.5.18/a6cff377eecc19c2037bf31568a6d7106b50ba1f/fastutil-8.5.18.jar:/home/anguscrump/.gradle/caches/modules-2/files-2.1/net.java.dev.jna/jna-platform/5.17.0/a4934c44d25a9d8c2ddf4203affd20330cb3426f/jna-platform-5.17.0.jar:/home/anguscrump/.gradle/caches/modules-2/files-2.1/net.java.dev.jna/jna/5.17.0/33d12735bef894440780fce64f9758d420c7bae2/jna-5.17.0.jar:/home/anguscrump/.gradle/caches/modules-2/files-2.1/net.sf.jopt-simple/jopt-simple/5.0.4/4fdac2fbe92dfad86aa6e9301736f6b4342a3f5c/jopt-simple-5.0.4.jar:/home/anguscrump/.gradle/caches/modules-2/files-2.1/org.apache.commons/commons-compress/1.28.0/e482f2c7a88dac3c497e96aa420b6a769f59c8d7/commons-compress-1.28.0.jar:/home/anguscrump/.gradle/caches/modules-2/files-2.1/org.apache.commons/commons-lang3/3.19.0/d6524b169a6574cd253760c472d419b47bfd37e6/commons-lang3-3.19.0.jar:/home/anguscrump/.gradle/caches/modules-2/files-2.1/org.apache.logging.log4j/log4j-api/2.25.2/292c1a2b1702f1e1e3adb13e1c57e5bff60335ff/log4j-api-2.25.2.jar:/home/anguscrump/.gradle/caches/modules-2/files-2.1/org.apache.logging.log4j/log4j-core/2.25.2/d4d0ad2e51e03e531f784891fbfff1bae1e13a12/log4j-core-2.25.2.jar:/home/anguscrump/.gradle/caches/modules-2/files-2.1/org.apache.logging.log4j/log4j-slf4j2-impl/2.25.2/5eec0c392661dee8a366baec17e8896900dd978f/log4j-slf4j2-impl-2.25.2.jar:/home/anguscrump/.gradle/caches/modules-2/files-2.1/org.jcraft/jorbis/0.0.17/8872d22b293e8f5d7d56ff92be966e6dc28ebdc6/jorbis-0.0.17.jar:/home/anguscrump/.gradle/caches/modules-2/files-2.1/org.joml/joml/1.10.8/fc0a71dad90a2cf41d82a76156a0e700af8e4f8d/joml-1.10.8.jar:/home/anguscrump/.gradle/caches/modules-2/files-2.1/org.jspecify/jspecify/1.0.0/7425a601c1c7ec76645a78d22b8c6a627edee507/jspecify-1.0.0.jar:/home/anguscrump/.gradle/caches/modules-2/files-2.1/org.lwjgl/lwjgl-freetype/3.4.1/caa75a37e857efc9b0686e434d708d6420c5b6ea/lwjgl-freetype-3.4.1.jar:/home/anguscrump/.gradle/caches/modules-2/files-2.1/org.lwjgl/lwjgl-freetype/3.4.1/8f37d0da3386ff602ec54cd06626881895711041/lwjgl-freetype-3.4.1-natives-linux-arm64.jar:/home/anguscrump/.gradle/caches/modules-2/files-2.1/org.lwjgl/lwjgl-freetype/3.4.1/40a29a29b1549c4cad073ccd682e3776ffb454fa/lwjgl-freetype-3.4.1-natives-linux.jar:/home/anguscrump/.gradle/caches/modules-2/files-2.1/org.lwjgl/lwjgl-glfw/3.4.1/a782b1ddd175c9107bf300fd92920579ea65e2a4/lwjgl-glfw-3.4.1.jar:/home/anguscrump/.gradle/caches/modules-2/files-2.1/org.lwjgl/lwjgl-glfw/3.4.1/e5e87034c47118960746077dba46280e8de864b3/lwjgl-glfw-3.4.1-natives-linux-arm64.jar:/home/anguscrump/.gradle/caches/modules-2/files-2.1/org.lwjgl/lwjgl-glfw/3.4.1/23cdf7655ce9f3b27ad90f08e73345e0d5b46362/lwjgl-glfw-3.4.1-natives-linux.jar:/home/anguscrump/.gradle/caches/modules-2/files-2.1/org.lwjgl/lwjgl-jemalloc/3.4.1/16b663092854fc6adfe0a941e61cae2bb2e437b6/lwjgl-jemalloc-3.4.1.jar:/home/anguscrump/.gradle/caches/modules-2/files-2.1/org.lwjgl/lwjgl-jemalloc/3.4.1/7891964dfb723209c6d02b0401432348fb707cc0/lwjgl-jemalloc-3.4.1-natives-linux-arm64.jar:/home/anguscrump/.gradle/caches/modules-2/files-2.1/org.lwjgl/lwjgl-jemalloc/3.4.1/b83c82d941f2e624d150d6d1e2efcf4ea49ff8ea/lwjgl-jemalloc-3.4.1-natives-linux.jar:/home/anguscrump/.gradle/caches/modules-2/files-2.1/org.lwjgl/lwjgl-openal/3.4.1/8508bd60589de0539aa465b78fcf838efd07ae9a/lwjgl-openal-3.4.1.jar:/home/anguscrump/.gradle/caches/modules-2/files-2.1/org.lwjgl/lwjgl-openal/3.4.1/3729b70cdd42df5571b075e051fa2fc8586dc538/lwjgl-openal-3.4.1-natives-linux-arm64.jar:/home/anguscrump/.gradle/caches/modules-2/files-2.1/org.lwjgl/lwjgl-openal/3.4.1/dbff577119266cd4312e4eb9cc2b171407c56360/lwjgl-openal-3.4.1-natives-linux.jar:/home/anguscrump/.gradle/caches/modules-2/files-2.1/org.lwjgl/lwjgl-opengl/3.4.1/830412cab823c029cda6b9729f9d2ed36cf79959/lwjgl-opengl-3.4.1.jar:/home/anguscrump/.gradle/caches/modules-2/files-2.1/org.lwjgl/lwjgl-opengl/3.4.1/61a4103e56bbaeb74ad3f19ec14299fd6891c4b0/lwjgl-opengl-3.4.1-natives-linux-arm64.jar:/home/anguscrump/.gradle/caches/modules-2/files-2.1/org.lwjgl/lwjgl-opengl/3.4.1/b750599f0e75ddb19f1d0fe993f3011334b710ae/lwjgl-opengl-3.4.1-natives-linux.jar:/home/anguscrump/.gradle/caches/modules-2/files-2.1/org.lwjgl/lwjgl-stb/3.4.1/f077c3dafc31924fbe8acb0b913f08977ba27f8e/lwjgl-stb-3.4.1.jar:/home/anguscrump/.gradle/caches/modules-2/files-2.1/org.lwjgl/lwjgl-stb/3.4.1/3bc107f901f931fea07cb0d80b1d74a34b806a2b/lwjgl-stb-3.4.1-natives-linux-arm64.jar:/home/anguscrump/.gradle/caches/modules-2/files-2.1/org.lwjgl/lwjgl-stb/3.4.1/7e1cfae909da6c68f3cb6073a9bfeb6c90e82a57/lwjgl-stb-3.4.1-natives-linux.jar:/home/anguscrump/.gradle/caches/modules-2/files-2.1/org.lwjgl/lwjgl-tinyfd/3.4.1/562697d40dbd2ed0424bf24dcf65d51170f81adf/lwjgl-tinyfd-3.4.1.jar:/home/anguscrump/.gradle/caches/modules-2/files-2.1/org.lwjgl/lwjgl-tinyfd/3.4.1/20771d2b4e01f5295156912ab62e170508aef618/lwjgl-tinyfd-3.4.1-natives-linux-arm64.jar:/home/anguscrump/.gradle/caches/modules-2/files-2.1/org.lwjgl/lwjgl-tinyfd/3.4.1/fc6a72690afc8defb60d82ad1de64dd8f537154c/lwjgl-tinyfd-3.4.1-natives-linux.jar:/home/anguscrump/.gradle/caches/modules-2/files-2.1/org.lwjgl/lwjgl/3.4.1/6105690714874b995aa7812e4f7732a21109276c/lwjgl-3.4.1.jar:/home/anguscrump/.gradle/caches/modules-2/files-2.1/org.lwjgl/lwjgl/3.4.1/46883f3b622d8b4d7f27b627ca3360cda3db0e0e/lwjgl-3.4.1-natives-linux-arm64.jar:/home/anguscrump/.gradle/caches/modules-2/files-2.1/org.lwjgl/lwjgl/3.4.1/2734e106bd95db49fe0da8cf8bf7fd96475c436c/lwjgl-3.4.1-natives-linux.jar:/home/anguscrump/.gradle/caches/modules-2/files-2.1/org.slf4j/slf4j-api/2.0.17/d9e58ac9c7779ba3bf8142aff6c830617a7fe60f/slf4j-api-2.0.17.jar:/home/anguscrump/Documents/Coding/ribbon-world/.gradle/loom-cache/minecraftMaven/net/minecraft/minecraft-clientOnly-52430b475d/26.1.2/minecraft-clientOnly-52430b475d-26.1.2.jar:/home/anguscrump/Documents/Coding/ribbon-world/.gradle/loom-cache/minecraftMaven/net/minecraft/minecraft-common-52430b475d/26.1.2/minecraft-common-52430b475d-26.1.2.jar:/home/anguscrump/.gradle/caches/modules-2/files-2.1/io.netty/netty-transport-native-kqueue/4.2.7.Final/40868fd4e43bce2798245f790624b58803dc26b6/netty-transport-native-kqueue-4.2.7.Final-osx-x86_64.jar:/home/anguscrump/.gradle/caches/modules-2/files-2.1/io.netty/netty-transport-native-kqueue/4.2.7.Final/e5a0feef41410c8a5ae00c6cb4e0c99bd0aded6a/netty-transport-native-kqueue-4.2.7.Final-osx-aarch_64.jar:/home/anguscrump/.gradle/caches/modules-2/files-2.1/net.fabricmc.fabric-api/fabric-transfer-api-v1/8.0.5+357ea7334c/2aff9d7c8e917d2a69c71aa18e28c915e0040a8e/fabric-transfer-api-v1-8.0.5+357ea7334c.jar:/home/anguscrump/.gradle/caches/modules-2/files-2.1/net.fabricmc.fabric-api/fabric-api-lookup-api-v1/2.0.11+d5a053b64c/dbb4489647b411352b735654440311d7560dc1f4/fabric-api-lookup-api-v1-2.0.11+d5a053b64c.jar:/home/anguscrump/.gradle/caches/modules-2/files-2.1/net.fabricmc.fabric-api/fabric-command-api-v2/3.0.5+e2bdee784c/d2bfa62e2f489900be2210dfb84458dcdecb75b6/fabric-command-api-v2-3.0.5+e2bdee784c.jar:/home/anguscrump/.gradle/caches/modules-2/files-2.1/net.fabricmc.fabric-api/fabric-content-registries-v0/11.1.1+1a3b26974c/8761c4bd7f8feb484746055f6ff22e387cd84e9f/fabric-content-registries-v0-11.1.1+1a3b26974c.jar:/home/anguscrump/.gradle/caches/modules-2/files-2.1/net.fabricmc.fabric-api/fabric-data-generation-api-v1/24.2.0+73b1f9054c/d5dcd98301b93a9b2470d354d150327e264797c5/fabric-data-generation-api-v1-24.2.0+73b1f9054c.jar:/home/anguscrump/.gradle/caches/modules-2/files-2.1/net.fabricmc.fabric-api/fabric-convention-tags-v2/4.6.0+e47fb87c4c/40a40554e3e4d37b5640c0198bc81a1b94735f2c/fabric-convention-tags-v2-4.6.0+e47fb87c4c.jar:/home/anguscrump/.gradle/caches/modules-2/files-2.1/net.fabricmc.fabric-api/fabric-creative-tab-api-v1/5.0.11+d871b99e4c/9e6937cef2aa7955d2ff66c9d2415118c58ec15c/fabric-creative-tab-api-v1-5.0.11+d871b99e4c.jar:/home/anguscrump/.gradle/caches/modules-2/files-2.1/net.fabricmc.fabric-api/fabric-data-attachment-api-v1/2.2.6+d602a8964c/91d2f002a7431a412cef7016c5ca7ee2b3c67718/fabric-data-attachment-api-v1-2.2.6+d602a8964c.jar:/home/anguscrump/.gradle/caches/modules-2/files-2.1/net.fabricmc.fabric-api/fabric-debug-api-v1/1.0.1+c792624d4c/3e65954340d5153face34ee7d2f9b114271bca38/fabric-debug-api-v1-1.0.1+c792624d4c.jar:/home/anguscrump/.gradle/caches/modules-2/files-2.1/net.fabricmc.fabric-api/fabric-dimensions-v1/5.1.5+9cbf5da54c/53c66317546644a3915ec20df2d77f4e3093ffab/fabric-dimensions-v1-5.1.5+9cbf5da54c.jar:/home/anguscrump/.gradle/caches/modules-2/files-2.1/net.fabricmc.fabric-api/fabric-entity-events-v1/5.0.2+e2bdee784c/3f15c7b85c55f03b5d5fa89a48a0eb1dc6461465/fabric-entity-events-v1-5.0.2+e2bdee784c.jar:/home/anguscrump/.gradle/caches/modules-2/files-2.1/net.fabricmc.fabric-api/fabric-events-interaction-v0/5.2.1+a67251b84c/cf25f4932ae4d3df49bf5ad0c69be40f8abda289/fabric-events-interaction-v0-5.2.1+a67251b84c.jar:/home/anguscrump/.gradle/caches/modules-2/files-2.1/net.fabricmc.fabric-api/fabric-game-rule-api-v1/4.0.5+d871b99e4c/8b1189ddbfe446bf9468920526ed668db253da65/fabric-game-rule-api-v1-4.0.5+d871b99e4c.jar:/home/anguscrump/.gradle/caches/modules-2/files-2.1/net.fabricmc.fabric-api/fabric-gametest-api-v1/4.0.15+00a1fba64c/99dddf025652afece2f37a5f857c6ee5f7feedb1/fabric-gametest-api-v1-4.0.15+00a1fba64c.jar:/home/anguscrump/.gradle/caches/modules-2/files-2.1/net.fabricmc.fabric-api/fabric-item-api-v1/14.1.2+73d134684c/cb7fd76b622fbc467cb65f067c212fc256d3809f/fabric-item-api-v1-14.1.2+73d134684c.jar:/home/anguscrump/.gradle/caches/modules-2/files-2.1/net.fabricmc.fabric-api/fabric-recipe-api-v1/9.0.15+be4b75ae4c/c3510ef358ce97ea4fc804cd2f75f30c574ec947/fabric-recipe-api-v1-9.0.15+be4b75ae4c.jar:/home/anguscrump/.gradle/caches/modules-2/files-2.1/net.fabricmc.fabric-api/fabric-model-loading-api-v1/8.0.6+c80601bb4c/733d4b6475fa49b58125b0b1a6a9070cc5faa8c8/fabric-model-loading-api-v1-8.0.6+c80601bb4c.jar:/home/anguscrump/.gradle/caches/modules-2/files-2.1/net.fabricmc.fabric-api/fabric-renderer-indigo/8.1.0+1403e82c4c/2a11c1c6826ec7e4254d1cfa20f2f9b50da0ec7f/fabric-renderer-indigo-8.1.0+1403e82c4c.jar:/home/anguscrump/.gradle/caches/modules-2/files-2.1/net.fabricmc.fabric-api/fabric-renderer-api-v1/13.0.3+c80601bb4c/15b7e69feefe6e4157134633f96c62a80b41f44a/fabric-renderer-api-v1-13.0.3+c80601bb4c.jar:/home/anguscrump/.gradle/caches/modules-2/files-2.1/net.fabricmc.fabric-api/fabric-rendering-v1/23.1.0+1403e82c4c/96b6c53c0f9e4497597a4a06509b143c9e345efe/fabric-rendering-v1-23.1.0+1403e82c4c.jar:/home/anguscrump/.gradle/caches/modules-2/files-2.1/net.fabricmc.fabric-api/fabric-lifecycle-events-v1/4.1.0+6d50a0854c/52281bf82f04922d65a30d3f91975feb00911826/fabric-lifecycle-events-v1-4.1.0+6d50a0854c.jar:/home/anguscrump/.gradle/caches/modules-2/files-2.1/net.fabricmc.fabric-api/fabric-loot-api-v3/3.0.12+00a1fba64c/58ffa00757774d7060115afa05742753ff26c769/fabric-loot-api-v3-3.0.12+00a1fba64c.jar:/home/anguscrump/.gradle/caches/modules-2/files-2.1/net.fabricmc.fabric-api/fabric-menu-api-v1/2.0.13+d871b99e4c/e59c4c081a5dc1afb27c0167d6e1480c670c4d29/fabric-menu-api-v1-2.0.13+d871b99e4c.jar:/home/anguscrump/.gradle/caches/modules-2/files-2.1/net.fabricmc.fabric-api/fabric-message-api-v1/7.0.5+dae8ce3e4c/6211835e1348e8b9b89defb98a616adb483b8284/fabric-message-api-v1-7.0.5+dae8ce3e4c.jar:/home/anguscrump/.gradle/caches/modules-2/files-2.1/net.fabricmc.fabric-api/fabric-particles-v1/5.0.15+b61fef434c/e9659d152cefb7255056f432234a11621ab00945/fabric-particles-v1-5.0.15+b61fef434c.jar:/home/anguscrump/.gradle/caches/modules-2/files-2.1/net.fabricmc.fabric-api/fabric-object-builder-api-v1/23.0.16+b95dd56e4c/64b623486a5962dada51cb3e8a114ee49a6ba9de/fabric-object-builder-api-v1-23.0.16+b95dd56e4c.jar:/home/anguscrump/.gradle/caches/modules-2/files-2.1/net.fabricmc.fabric-api/fabric-registry-sync-v0/7.0.13+b61fef434c/b7cd637ba58adacb2abfd54f5f438211e5c3210d/fabric-registry-sync-v0-7.0.13+b61fef434c.jar:/home/anguscrump/.gradle/caches/modules-2/files-2.1/net.fabricmc.fabric-api/fabric-networking-api-v1/6.3.1+554860db4c/38ac77944d5e0fc623a163cde9b3eca04f791296/fabric-networking-api-v1-6.3.1+554860db4c.jar:/home/anguscrump/.gradle/caches/modules-2/files-2.1/net.fabricmc.fabric-api/fabric-permission-api-v1/1.0.0+f3e738be4c/67222d8951d4e68a26f7e42697ce7fdb3c4e8ce9/fabric-permission-api-v1-1.0.0+f3e738be4c.jar:/home/anguscrump/.gradle/caches/modules-2/files-2.1/net.fabricmc.fabric-api/fabric-rendering-fluids-v1/6.0.1+d871b99e4c/fe53bab501b2a582517f39ede3e1514074e8de7/fabric-rendering-fluids-v1-6.0.1+d871b99e4c.jar:/home/anguscrump/.gradle/caches/modules-2/files-2.1/net.fabricmc.fabric-api/fabric-tag-api-v1/2.1.0+73b1f9054c/5467b88af064043d14a1cbc32ebc65bf86a4898b/fabric-tag-api-v1-2.1.0+73b1f9054c.jar:/home/anguscrump/.gradle/caches/modules-2/files-2.1/net.fabricmc.fabric-api/fabric-resource-loader-v0/3.3.17+4fc5413f4c/c2e496d77853c7fd1f2b3bd00b44e355dc6ba576/fabric-resource-loader-v0-3.3.17+4fc5413f4c.jar:/home/anguscrump/.gradle/caches/modules-2/files-2.1/net.fabricmc.fabric-api/fabric-resource-loader-v1/2.0.10+7c44c7324c/bb44ca7ae64fe82666c2cd99920cdc017b15f368/fabric-resource-loader-v1-2.0.10+7c44c7324c.jar:/home/anguscrump/.gradle/caches/modules-2/files-2.1/net.fabricmc.fabric-api/fabric-screen-api-v1/5.0.1+d871b99e4c/fecba1d91754428c2d1f5f2e4d25685de3a8f71f/fabric-screen-api-v1-5.0.1+d871b99e4c.jar:/home/anguscrump/.gradle/caches/modules-2/files-2.1/net.fabricmc.fabric-api/fabric-api-base/2.0.3+ece063234c/bdf802883d0f9c1034c436367ab2c7e04ce34ca6/fabric-api-base-2.0.3+ece063234c.jar:/home/anguscrump/.gradle/caches/modules-2/files-2.1/net.fabricmc.fabric-api/fabric-biome-api-v1/18.0.4+35c80edc4c/c82be6aa7922f3212e1bac9441b25a7faa21c057/fabric-biome-api-v1-18.0.4+35c80edc4c.jar:/home/anguscrump/.gradle/caches/modules-2/files-2.1/net.fabricmc.fabric-api/fabric-block-api-v1/3.0.2+ec56b6014c/f5f91f5b317b7acd3014677dd909b55ebc4097b2/fabric-block-api-v1-3.0.2+ec56b6014c.jar:/home/anguscrump/.gradle/caches/modules-2/files-2.1/net.fabricmc.fabric-api/fabric-block-getter-api-v2/2.0.6+ec56b6014c/caabc9eb2f3823864682da5a1c5381a035c00d5f/fabric-block-getter-api-v2-2.0.6+ec56b6014c.jar:/home/anguscrump/.gradle/caches/modules-2/files-2.1/net.fabricmc.fabric-api/fabric-client-gametest-api-v1/5.0.16+cef2a4834c/3f63763d1230c87b2c43aa84c88916fce323687a/fabric-client-gametest-api-v1-5.0.16+cef2a4834c.jar:/home/anguscrump/.gradle/caches/modules-2/files-2.1/net.fabricmc.fabric-api/fabric-crash-report-info-v1/1.0.3+9f78a5a84c/8af0277ba9afc03c6882490db447d40d55ebcedb/fabric-crash-report-info-v1-1.0.3+9f78a5a84c.jar:/home/anguscrump/.gradle/caches/modules-2/files-2.1/net.fabricmc.fabric-api/fabric-key-mapping-api-v1/2.0.4+e2bdee784c/b098e3e06b71a0fec9d18843ba9327f038b7cd5/fabric-key-mapping-api-v1-2.0.4+e2bdee784c.jar:/home/anguscrump/.gradle/caches/modules-2/files-2.1/net.fabricmc.fabric-api/fabric-resource-conditions-api-v1/6.0.5+00a1fba64c/a8ca3e526e0825ee71a36a317cf5c33f0cda0e96/fabric-resource-conditions-api-v1-6.0.5+00a1fba64c.jar:/home/anguscrump/.gradle/caches/modules-2/files-2.1/net.fabricmc.fabric-api/fabric-serialization-api-v1/2.0.3+11a26f314c/55fc25d96a2a848b93a02f48220dff0181ec3056/fabric-serialization-api-v1-2.0.3+11a26f314c.jar:/home/anguscrump/.gradle/caches/modules-2/files-2.1/net.fabricmc.fabric-api/fabric-sound-api-v1/2.0.4+11a26f314c/b63ce87810bc5aa495cb39be7efd2b07e6772822/fabric-sound-api-v1-2.0.4+11a26f314c.jar:/home/anguscrump/.gradle/caches/modules-2/files-2.1/net.fabricmc.fabric-api/fabric-transitive-access-wideners-v1/8.1.0+acd9108d4c/d03c3735d4057a1d574c6e8d51fec7d21ab63b5c/fabric-transitive-access-wideners-v1-8.1.0+acd9108d4c.jar:/home/anguscrump/Documents/Coding/ribbon-world/build/classes/java/main:/home/anguscrump/Documents/Coding/ribbon-world/build/resources/main
Launcher Type: SUN_STANDARD

[Global flags]
     intx CICompilerCount                          = 4                                         {product} {ergonomic}
     uint ConcGCThreads                            = 2                                         {product} {ergonomic}
     uint G1ConcRefinementThreads                  = 9                                         {product} {ergonomic}
   size_t G1HeapRegionSize                         = 2097152                                   {product} {ergonomic}
   size_t InitialHeapSize                          = 260046848                                 {product} {ergonomic}
   size_t MarkStackSize                            = 4194304                                   {product} {ergonomic}
   size_t MarkStackSizeMax                         = 536870912                                 {product} {ergonomic}
   size_t MaxHeapSize                              = 4034920448                                {product} {ergonomic}
   size_t MaxNewSize                               = 2420113408                                {product} {ergonomic}
   size_t MinHeapDeltaBytes                        = 2097152                                   {product} {ergonomic}
   size_t MinHeapSize                              = 8388608                                   {product} {ergonomic}
    uintx NonNMethodCodeHeapSize                   = 5849088                                {pd product} {ergonomic}
    uintx NonProfiledCodeHeapSize                  = 122912768                              {pd product} {ergonomic}
    uintx ProfiledCodeHeapSize                     = 122912768                              {pd product} {ergonomic}
    uintx ReservedCodeCacheSize                    = 251674624                              {pd product} {ergonomic}
     bool SegmentedCodeCache                       = true                                      {product} {ergonomic}
   size_t SoftMaxHeapSize                          = 4034920448                             {manageable} {ergonomic}
     bool UseCompressedOops                        = true                           {product lp64_product} {ergonomic}
     bool UseG1GC                                  = true                                      {product} {ergonomic}

Logging:
Log output configuration:
 #0: 
[error occurred during error reporting (printing log configuration), id 0xb, SIGSEGV (0xb) at pc=0x0000ffff78a505b8]
Release file:
JAVA_VERSION="25.0.3"
MODULES="java.base java.compiler java.datatransfer java.xml java.prefs java.desktop java.instrument java.logging java.management java.security.sasl java.naming java.rmi java.management.rmi java.net.http java.scripting java.security.jgss java.transaction.xa java.sql java.sql.rowset java.xml.crypto java.se java.smartcardio jdk.accessibility jdk.internal.jvmstat jdk.attach jdk.charsets jdk.internal.opt jdk.zipfs jdk.compiler jdk.crypto.cryptoki jdk.crypto.ec jdk.dynalink jdk.internal.ed jdk.editpad jdk.internal.vm.ci jdk.graal.compiler jdk.graal.compiler.management jdk.hotspot.agent jdk.httpserver jdk.incubator.vector jdk.internal.le jdk.internal.md jdk.jartool jdk.javadoc jdk.jcmd jdk.management jdk.management.agent jdk.jconsole jdk.jdeps jdk.jdwp.agent jdk.jdi jdk.jfr jdk.jlink jdk.jpackage jdk.jshell jdk.jsobject jdk.jstatd jdk.localedata jdk.management.jfr jdk.naming.dns jdk.naming.rmi jdk.net jdk.nio.mapmode jdk.sctp jdk.security.auth jdk.security.jgss jdk.unsupported jdk.unsupported.desktop jdk.xml.dom"
IMPLEMENTOR="JetBrains s.r.o."
IMPLEMENTOR_VERSION="JBRSDK-25.0.3+9-480.61-nomod"
JAVA_RUNTIME_VERSION="25.0.3+9-b480.61"
LIBC="gnu"
OS_ARCH="aarch64"
OS_NAME="Linux"
SOURCE=".:git:52b04970adc8+"

Environment Variables:
PATH=/home/anguscrump/.local/bin:/home/anguscrump/bin:/usr/local/sbin:/usr/local/bin:/usr/sbin:/usr/bin:/sbin:/bin:/var/lib/snapd/snap/bin:/home/anguscrump/.cargo/bin
XDG_CACHE_HOME=/home/anguscrump/.cache
XDG_CONFIG_HOME=/home/anguscrump/.config
SHELL=/bin/bash
DISPLAY=:0
WAYLAND_DISPLAY=wayland-1
LANG=en_AU.UTF-8

Active Locale:
LC_ALL=en_AU.UTF-8
LC_COLLATE=en_AU.UTF-8
LC_CTYPE=en_AU.UTF-8
LC_MESSAGES=en_AU.UTF-8
LC_MONETARY=en_AU.UTF-8
LC_NUMERIC=en_AU.UTF-8
LC_TIME=en_AU.UTF-8

Signal Handlers:
   SIGSEGV: crash_handler in libjvm.so, mask=11100100010111111101111111111110, flags=SA_RESTART|SA_SIGINFO, unblocked
    SIGBUS: crash_handler in libjvm.so, mask=11100100010111111101111111111110, flags=SA_RESTART|SA_SIGINFO, unblocked
    SIGFPE: crash_handler in libjvm.so, mask=11100100010111111101111111111110, flags=SA_RESTART|SA_SIGINFO, unblocked
   SIGPIPE: javaSignalHandler in libjvm.so, mask=11100100010111111101111111111110, flags=SA_RESTART|SA_SIGINFO, blocked
   SIGXFSZ: javaSignalHandler in libjvm.so, mask=11100100010111111101111111111110, flags=SA_RESTART|SA_SIGINFO, blocked
    SIGILL: crash_handler in libjvm.so, mask=11100100010111111101111111111110, flags=SA_RESTART|SA_SIGINFO, unblocked
   SIGUSR2: SR_handler in libjvm.so, mask=00000000000000000000000000000000, flags=SA_RESTART|SA_SIGINFO, blocked
    SIGHUP: UserHandler in libjvm.so, mask=11100100010111111101111111111110, flags=SA_RESTART|SA_SIGINFO, blocked
    SIGINT: UserHandler in libjvm.so, mask=11100100010111111101111111111110, flags=SA_RESTART|SA_SIGINFO, blocked
   SIGTERM: UserHandler in libjvm.so, mask=11100100010111111101111111111110, flags=SA_RESTART|SA_SIGINFO, blocked
   SIGQUIT: UserHandler in libjvm.so, mask=11100100010111111101111111111110, flags=SA_RESTART|SA_SIGINFO, blocked
   SIGTRAP: crash_handler in libjvm.so, mask=11100100010111111101111111111110, flags=SA_RESTART|SA_SIGINFO, unblocked


Compilation memory statistics disabled.

Periodic native trim disabled

JNI global refs:
JNI global refs: 63, weak refs: 45

JNI global refs memory usage: 1491, weak refs: 857

Process memory usage:
Resident Set Size: 2033152K (12% of 15755056K total physical memory with 5278928K free physical memory)

OOME stack traces (most recent first):
Classloader memory used:
Loader net.fabricmc.loader.impl.launch.knot.KnotClassLoader                            : 123 M
Loader bootstrap                                                                       : 12459 K
Loader jdk.internal.loader.ClassLoaders$AppClassLoader                                 : 6987 K
Loader jdk.internal.loader.ClassLoaders$PlatformClassLoader                            : 499 K

---------------  S Y S T E M  ---------------

OS:
Fedora Asahi Remix release 44 (Forty Four)
uname: Linux 7.0.8-fairydust+ #1 SMP PREEMPT_DYNAMIC Sun May 17 15:02:15 AEST 2026 aarch64
OS uptime: 0 days 6:16 hours
libc: glibc 2.43 NPTL 2.43 
rlimit (soft/hard): STACK 8192k/infinity , CORE infinity/infinity , NPROC 31098/31098 , NOFILE 524288/524288 , AS infinity/infinity , CPU infinity/infinity , DATA infinity/infinity , FSIZE infinity/infinity , MEMLOCK 8192k/8192k
load average: 3.09 2.12 2.13

/proc/meminfo:
MemTotal:       15755056 kB
MemFree:         2408096 kB
MemAvailable:    5279216 kB
Buffers:             480 kB
Cached:          4655344 kB
SwapCached:      1896624 kB
Active:          5708640 kB
Inactive:        5095920 kB
Active(anon):    4935120 kB
Inactive(anon):  2159248 kB
Active(file):     773520 kB
Inactive(file):  2936672 kB
Unevictable:      817472 kB
Mlocked:             688 kB
SwapTotal:      33554336 kB
SwapFree:       30111408 kB
Zswap:            512896 kB
Zswapped:        1010400 kB
Dirty:              3136 kB
Writeback:             0 kB
AnonPages:       6677312 kB
Mapped:           631472 kB
Shmem:            946512 kB
KReclaimable:     305344 kB
Slab:             685472 kB
SReclaimable:     305344 kB
SUnreclaim:       380128 kB
KernelStack:       45840 kB
PageTables:        63664 kB
SecPageTables:      1744 kB
NFS_Unstable:          0 kB
Bounce:                0 kB
WritebackTmp:          0 kB
CommitLimit:    41431856 kB
Committed_AS:   25487440 kB
VmallocTotal:   136898928640 kB
VmallocUsed:       95280 kB
VmallocChunk:          0 kB
Percpu:             7200 kB
HardwareCorrupted:     0 kB
AnonHugePages:     98304 kB
ShmemHugePages:        0 kB
ShmemPmdMapped:        0 kB
FileHugePages:         0 kB
FilePmdMapped:         0 kB
CmaTotal:          65536 kB
CmaFree:           28640 kB
Balloon:               0 kB
HugePages_Total:       0
HugePages_Free:        0
HugePages_Rsvd:        0
HugePages_Surp:        0
Hugepagesize:      32768 kB
Hugetlb:               0 kB

/sys/kernel/mm/transparent_hugepage/enabled: always [madvise] never
/sys/kernel/mm/transparent_hugepage/hpage_pmd_size: 33554432
/sys/kernel/mm/transparent_hugepage/shmem_enabled: always within_size advise [never] deny force
/sys/kernel/mm/transparent_hugepage/defrag (defrag/compaction efforts parameter): always defer defer+madvise [madvise] never

Process Memory:
Virtual Size: 10871984K (peak: 11745440K)
Resident Set Size: 2034896K (peak: 2209520K) (anon: 1962336K, file: 69008K, shmem: 3552K)
Swapped out: 0K
C-Heap outstanding allocations: 151147K, retained: 338308K
glibc malloc tunables: (default)

/proc/sys/kernel/threads-max (system-wide limit on the number of threads): 62196
/proc/sys/vm/max_map_count (maximum number of memory map areas a process may have): 1048576
/proc/sys/vm/swappiness (control to define how aggressively the kernel swaps out anonymous memory): 60
/proc/sys/kernel/pid_max (system-wide limit on number of process identifiers): 4194304

container information not found.
Steal ticks since vm start: 0
Steal ticks percentage since vm start:  0.000

CPU: total 10 (initial active 10) 0x61:0x2:0x025:0(0x024), fp, asimd, evtstrm, aes, pmull, sha1, sha256, crc32, lse, fphp, asimdhp, dcpop, sha3, sha512, paca
/proc/cpuinfo:
processor	: 0
BogoMIPS	: 48.00
Features	: fp asimd evtstrm aes pmull sha1 sha2 crc32 atomics fphp asimdhp cpuid asimdrdm jscvt fcma lrcpc dcpop sha3 asimddp sha512 asimdfhm dit uscat ilrcpc flagm ssbs sb paca pacg dcpodp flagm2 frint
CPU implementer	: 0x61
CPU architecture: 8
CPU variant	: 0x2
CPU part	: 0x024
CPU revision	: 0

processor	: 1
BogoMIPS	: 48.00
Features	: fp asimd evtstrm aes pmull sha1 sha2 crc32 atomics fphp asimdhp cpuid asimdrdm jscvt fcma lrcpc dcpop sha3 asimddp sha512 asimdfhm dit uscat ilrcpc flagm ssbs sb paca pacg dcpodp flagm2 frint
CPU implementer	: 0x61
CPU architecture: 8
CPU variant	: 0x2
CPU part	: 0x024
CPU revision	: 0

processor	: 2
BogoMIPS	: 48.00
Features	: fp asimd evtstrm aes pmull sha1 sha2 crc32 atomics fphp asimdhp cpuid asimdrdm jscvt fcma lrcpc dcpop sha3 asimddp sha512 asimdfhm dit uscat ilrcpc flagm ssbs sb paca pacg dcpodp flagm2 frint
CPU implementer	: 0x61
CPU architecture: 8
CPU variant	: 0x2
CPU part	: 0x025
CPU revision	: 0

processor	: 3
BogoMIPS	: 48.00
Features	: fp asimd evtstrm aes pmull sha1 sha2 crc32 atomics fphp asimdhp cpuid asimdrdm jscvt fcma lrcpc dcpop sha3 asimddp sha512 asimdfhm dit uscat ilrcpc flagm ssbs sb paca pacg dcpodp flagm2 frint
CPU implementer	: 0x61
CPU architecture: 8
CPU variant	: 0x2
CPU part	: 0x025
CPU revision	: 0

processor	: 4
BogoMIPS	: 48.00
Features	: fp asimd evtstrm aes pmull sha1 sha2 crc32 atomics fphp asimdhp cpuid asimdrdm jscvt fcma lrcpc dcpop sha3 asimddp sha512 asimdfhm dit uscat ilrcpc flagm ssbs sb paca pacg dcpodp flagm2 frint
CPU implementer	: 0x61
CPU architecture: 8
CPU variant	: 0x2
CPU part	: 0x025
CPU revision	: 0

processor	: 5
BogoMIPS	: 48.00
Features	: fp asimd evtstrm aes pmull sha1 sha2 crc32 atomics fphp asimdhp cpuid asimdrdm jscvt fcma lrcpc dcpop sha3 asimddp sha512 asimdfhm dit uscat ilrcpc flagm ssbs sb paca pacg dcpodp flagm2 frint
CPU implementer	: 0x61
CPU architecture: 8
CPU variant	: 0x2
CPU part	: 0x025
CPU revision	: 0

processor	: 6
BogoMIPS	: 48.00
Features	: fp asimd evtstrm aes pmull sha1 sha2 crc32 atomics fphp asimdhp cpuid asimdrdm jscvt fcma lrcpc dcpop sha3 asimddp sha512 asimdfhm dit uscat ilrcpc flagm ssbs sb paca pacg dcpodp flagm2 frint
CPU implementer	: 0x61
CPU architecture: 8
CPU variant	: 0x2
CPU part	: 0x025
CPU revision	: 0

processor	: 7
BogoMIPS	: 48.00
Features	: fp asimd evtstrm aes pmull sha1 sha2 crc32 atomics fphp asimdhp cpuid asimdrdm jscvt fcma lrcpc dcpop sha3 asimddp sha512 asimdfhm dit uscat ilrcpc flagm ssbs sb paca pacg dcpodp flagm2 frint
CPU implementer	: 0x61
CPU architecture: 8
CPU variant	: 0x2
CPU part	: 0x025
CPU revision	: 0

processor	: 8
BogoMIPS	: 48.00
Features	: fp asimd evtstrm aes pmull sha1 sha2 crc32 atomics fphp asimdhp cpuid asimdrdm jscvt fcma lrcpc dcpop sha3 asimddp sha512 asimdfhm dit uscat ilrcpc flagm ssbs sb paca pacg dcpodp flagm2 frint
CPU implementer	: 0x61
CPU architecture: 8
CPU variant	: 0x2
CPU part	: 0x025
CPU revision	: 0

processor	: 9
BogoMIPS	: 48.00
Features	: fp asimd evtstrm aes pmull sha1 sha2 crc32 atomics fphp asimdhp cpuid asimdrdm jscvt fcma lrcpc dcpop sha3 asimddp sha512 asimdfhm dit uscat ilrcpc flagm ssbs sb paca pacg dcpodp flagm2 frint
CPU implementer	: 0x61
CPU architecture: 8
CPU variant	: 0x2
CPU part	: 0x025
CPU revision	: 0


Online cpus: 0-9
Offline cpus: 

Memory: 16k page, physical 15755056k(5279216k free), swap 33554336k(30111408k free)
Page Sizes: 16k

vm_info: OpenJDK 64-Bit Server VM (25.0.3+9-b480.61) for linux-aarch64 JRE (25.0.3+9-b480.61), built on 2026-05-12 with gcc 10.3.1 20210422 (Red Hat 10.3.1-1.2.0.1)

END.
