#
# A fatal error has been detected by the Java Runtime Environment:
#
#  SIGSEGV (0xb) at pc=0x0000fffeefc0c670, pid=6987, tid=7004
#
# JRE version: OpenJDK Runtime Environment JBR-25.0.3+9-480.61-nomod (25.0.3+9) (build 25.0.3+9-b480.61)
# Java VM: OpenJDK 64-Bit Server VM JBR-25.0.3+9-480.61-nomod (25.0.3+9-b480.61, mixed mode, sharing, tiered, compressed oops, compressed class ptrs, g1 gc, linux-aarch64)
# Problematic frame:
# C  [libopenal.so+0x9c670]
#
# Core dump will be written. Default location: Determined by the following: "/usr/lib/systemd/systemd-coredump %P %u %g %s %t %c %h %d %F" (alternatively, falling back to /home/anguscrump/Documents/Coding/ribbon-world/run/core.6987)
#
# If you would like to submit a bug report, please visit:
#   https://youtrack.jetbrains.com/issues/JBR
#

---------------  S U M M A R Y ------------

Command Line: -Dfabric.dli.config=/home/anguscrump/Documents/Coding/ribbon-world/.gradle/loom-cache/launch.cfg -Dfabric.dli.env=client -Dfabric.dli.main=net.fabricmc.loader.impl.launch.knot.KnotClient --sun-misc-unsafe-memory-access=allow --enable-native-access=ALL-UNNAMED --sun-misc-unsafe-memory-access=allow --enable-native-access=ALL-UNNAMED -Dfile.encoding=UTF-8 -Duser.country=AU -Duser.language=en -Duser.variant -Dawt.toolkit.name=XToolkit net.fabricmc.devlaunchinjector.Main

Host: AArch64, 10 cores, 15G, Fedora Asahi Remix release 44 (Forty Four)
Time: Wed May 20 09:13:47 2026 AEST elapsed time: 142.269217 seconds (0d 0h 2m 22s)

---------------  T H R E A D  ---------------

Current thread (0x0000ffffb420dac0):  VMThread "VM Thread"          [id=7004, stack(0x0000ffffb8514000,0x0000ffffb8714000) (2048K)]

Stack: [0x0000ffffb8514000,0x0000ffffb8714000],  sp=0x0000ffffb87121b0,  free space=2040k
Native frames: (J=compiled Java code, j=interpreted, Vv=VM code, C=native code)
C  [libopenal.so+0x9c670]
C  [libc.so.6+0x3eb2c]  __run_exit_handlers+0x1ac
C  [libc.so.6+0x3ec20]  internal_addseverity+0x0
V  [libjvm.so+0xc7c05c]
V  [libjvm.so+0x88dad0]  vm_exit(int)+0x0
V  [libjvm.so+0xf8e1c4]  VM_Operation::evaluate()+0xf4
V  [libjvm.so+0xf91550]  VMThread::evaluate_operation(VM_Operation*)+0xb0
V  [libjvm.so+0xf92138]  VMThread::inner_execute(VM_Operation*)+0x2d8
V  [libjvm.so+0xf92450]  VMThread::run()+0xac
V  [libjvm.so+0xef92b8]  Thread::call_run()+0xa8
V  [libjvm.so+0xc71af4]  thread_native_entry(Thread*)+0xe0
C  [libc.so.6+0x8f81c]  start_thread+0x3bc

siginfo: si_signo: 11 (SIGSEGV), si_code: 1 (SEGV_MAPERR), si_addr: 0x0000000000000000

Registers:
R0=0x0000fffeefd24c38
R1=0x0000000000000000
R2=0x0000000000000000
R3=0x0000000000000000
R4=0x0000fffee0000030
R5=0x00000000424104fc
R6=0x0000000000000400
R7=0x0000ffff84001db0
R8=0x0000fffee00020f0
R9=0xc635d7a701dd589f
R10=0x0000000000000054
R11=0x0000ffffbd1966e8
R12=0x0000000000000030
R13=0x0000ffffb8713880
R14=0x0000000000000000
R15=0x0000ffff84057320
R16=0x0000000000000001
R17=0x0000ffffbd071b40
R18=0x0000000000000012
R19=0x0000fffee00020f0
R20=0x0000fffee00021a0
R21=0x0000fffeefd24be8
R22=0x0000fffee00020d0
R23=0x0000fffeefd24b58
R24=0x0000fffeefd24c68
R25=0x0000ffffb68d4890
R26=0x0000000000000b2b
R27=0x0000fffeefc0c5a4
R28=0x0000fffeefd24be8
R29=0x0000ffffb87121b0
R30=0x0000fffeefc0c660


Register to memory mapping:

R0 =0x0000fffeefd24c38: <offset 0x00000000001b4c38> in /tmp/lwjgl_anguscrump/3.4.1-snapshot/arm64/libopenal.so at 0x0000fffeefb70000
R1 =0x0 is null
R2 =0x0 is null
R3 =0x0 is null
R4 =0x0000fffee0000030 points into unknown readable memory: 0x0000000200000000 | 00 00 00 00 02 00 00 00
R5 =0x00000000424104fc is an unknown value
R6 =0x0000000000000400 is an unknown value
R7 =0x0000ffff84001db0 points into unknown readable memory: 0x0000000200000002 | 02 00 00 00 02 00 00 00
R8 =0x0000fffee00020f0 points into unknown readable memory: 0x0000000000000000 | 00 00 00 00 00 00 00 00
R9 =0xc635d7a701dd589f is an unknown value
R10=0x0000000000000054 is an unknown value
R11=0x0000ffffbd1966e8: <offset 0x00000000001c66e8> in /lib64/libc.so.6 at 0x0000ffffbcfd0000
R12=0x0000000000000030 is an unknown value
R13=0x0000ffffb8713880 points into unknown readable memory: 0x0000ffffb41f5930 | 30 59 1f b4 ff ff 00 00
R14=0x0 is null
R15=0x0000ffff84057320 points into unknown readable memory: 0x0000000000000040 | 40 00 00 00 00 00 00 00
R16=0x0000000000000001 is an unknown value
R17=0x0000ffffbd071b40: __libc_free+0x0000000000000000 in /lib64/libc.so.6 at 0x0000ffffbcfd0000
R18=0x0000000000000012 is an unknown value
R19=0x0000fffee00020f0 points into unknown readable memory: 0x0000000000000000 | 00 00 00 00 00 00 00 00
R20=0x0000fffee00021a0 points into unknown readable memory: 0x0000fffee00000c8 | c8 00 00 e0 fe ff 00 00
R21=0x0000fffeefd24be8: <offset 0x00000000001b4be8> in /tmp/lwjgl_anguscrump/3.4.1-snapshot/arm64/libopenal.so at 0x0000fffeefb70000
R22=0x0000fffee00020d0 points into unknown readable memory: 0x0000fffee0001ee0 | e0 1e 00 e0 fe ff 00 00
R23=0x0000fffeefd24b58: <offset 0x00000000001b4b58> in /tmp/lwjgl_anguscrump/3.4.1-snapshot/arm64/libopenal.so at 0x0000fffeefb70000
R24=0x0000fffeefd24c68: <offset 0x00000000001b4c68> in /tmp/lwjgl_anguscrump/3.4.1-snapshot/arm64/libopenal.so at 0x0000fffeefb70000
R25=0x0000ffffb68d4890 points into unknown readable memory: 0x0000ffffb6894700 | 00 47 89 b6 ff ff 00 00
R26=0x0000000000000b2b is an unknown value
R27=0x0000fffeefc0c5a4: <offset 0x000000000009c5a4> in /tmp/lwjgl_anguscrump/3.4.1-snapshot/arm64/libopenal.so at 0x0000fffeefb70000
R28=0x0000fffeefd24be8: <offset 0x00000000001b4be8> in /tmp/lwjgl_anguscrump/3.4.1-snapshot/arm64/libopenal.so at 0x0000fffeefb70000
R29=0x0000ffffb87121b0 points into unknown readable memory: 0x0000ffffb87121f0 | f0 21 71 b8 ff ff 00 00
R30=0x0000fffeefc0c660: <offset 0x000000000009c660> in /tmp/lwjgl_anguscrump/3.4.1-snapshot/arm64/libopenal.so at 0x0000fffeefb70000

Top of Stack: (sp=0x0000ffffb87121b0)
0x0000ffffb87121b0:   0000ffffb87121f0 0000ffffbd00eb2c   .!q.....,.......
0x0000ffffb87121c0:   0000ffffbd191000 0000ffffbd192210   ........."......
0x0000ffffb87121d0:   0000ffffbd24fc78 0000000000000000   x.$.............
0x0000ffffb87121e0:   0000ffffbd190658 0000ffffbd192000   X........ ......
0x0000ffffb87121f0:   0000ffffb8712260 0005ffffbd00ec20   `"q..... .......
0x0000ffffb8712200:   0000000000000000 0000ffffbb8db938   ........8.......
0x0000ffffb8712210:   0000ffffbb8db938 0000ffffb41f4f20   8....... O......
0x0000ffffb8712220:   0000ffffb41f4f38 0000ffffb41f5310   8O.......S......
0x0000ffffb8712230:   00000000000003d8 0000ffffbcf1fc18   ................
0x0000ffffb8712240:   00000000000003d8 0000ffffbcf1fc18   ................
0x0000ffffb8712250:   0000ffffb420e090 0000ffff00000001   .. .............
0x0000ffffb8712260:   0000ffffb8712270 003effffbc65c05c   p"q.....\.e...>.
0x0000ffffb8712270:   0000ffffb8712280 0000ffffbc26dad0   ."q.......&.....
0x0000ffffb8712280:   0000ffffb87122a0 0000ffffbc96e1c4   ."q.............
0x0000ffffb8712290:   0000ffffb420e090 0000ffffbbfa1e60   .. .....`.......
0x0000ffffb87122a0:   0000ffffb87123b0 0000ffffbc971550   .#q.....P.......
0x0000ffffb87122b0:   0000ffffb420e090 0000ffffbce4d000   .. .............
0x0000ffffb87122c0:   0000ffffbb8db938 0000ffffb8713880   8........8q.....
0x0000ffffb87122d0:   0000ffffb41f4f20 0000ffffb420dac0    O........ .....
0x0000ffffb87122e0:   0000ffffb41f4f38 0000ffffb41f5310   8O.......S......
0x0000ffffb87122f0:   00000000000003d8 0000ffffbce47000   .........p......
0x0000ffffb8712300:   ffffff0f00000000 0000000000000000   ................
0x0000ffffb8712310:   0000000000000011 0000000000000000   ................
0x0000ffffb8712320:   3fc9ba5e353f7cee 0000000000000000   .|?5^..?........
0x0000ffffb8712330:   0000ffffb8712350 0000ffffbc6ff3f8   P#q.......o.....
0x0000ffffb8712340:   0000ffffb8712380 0000000000000000   .#q.............
0x0000ffffb8712350:   0000ffffb8712360 006affffbd098b04   `#q...........j.
0x0000ffffb8712360:   0000ffffb8712370 0071ffffbc65cd64   p#q.....d.e...q.
0x0000ffffb8712370:   0000ffffb8712390 0000ffffbc8e94c0   .#q.............
0x0000ffffb8712380:   000000000000011d 0000000036611ae7   ..........a6....
0x0000ffffb8712390:   0000ffffb87123b0 0000ffffbc97152c   .#q.....,.......
0x0000ffffb87123a0:   0000ffffb420e090 13d561076e885400   .. ......T.n.a..

Instructions: (pc=0x0000fffeefc0c670)
  0x0000fffeefc0c570:   80 08 00 90 00 e0 44 f9 e2 27 40 f9 01 00 40 f9
  0x0000fffeefc0c580:   42 00 01 eb 01 00 80 d2 61 00 00 54 fd 7b c5 a8
  0x0000fffeefc0c590:   c0 03 5f d6 df d8 fd 97 fa d8 fd 97 0d db fd 97
  0x0000fffeefc0c5a0:   f4 ff ff 17 fd 7b bc a9 fd 03 00 91 f5 5b 02 a9
  0x0000fffeefc0c5b0:   f5 03 00 aa 00 00 40 f9 f3 53 01 a9 f7 63 03 a9
  0x0000fffeefc0c5c0:   80 00 00 b4 c1 08 00 90 21 bc 45 f9 20 00 3f d6
  0x0000fffeefc0c5d0:   a0 62 43 39 80 09 00 35 b3 42 40 f9 b8 02 02 91
  0x0000fffeefc0c5e0:   16 07 40 f9 7f 02 16 eb 20 03 00 54 d7 08 00 90
  0x0000fffeefc0c5f0:   f7 62 2d 91 1f 20 03 d5 74 02 40 f9 14 02 00 b4
  0x0000fffeefc0c600:   e0 03 14 aa 82 0e 40 f9 01 0c 41 f8 03 10 40 f9
  0x0000fffeefc0c610:   41 00 00 f9 22 04 00 f9 43 00 00 b4 60 00 3f d6
  0x0000fffeefc0c620:   80 06 40 f9 60 00 00 b4 e1 16 40 f9 20 00 3f d6
  0x0000fffeefc0c630:   e0 03 14 aa 01 08 80 d2 ca d9 fd 97 73 22 00 91
  0x0000fffeefc0c640:   df 02 13 eb a1 fd ff 54 b6 42 40 f9 b6 00 00 b4
  0x0000fffeefc0c650:   01 0b 40 f9 e0 03 16 aa 21 00 16 cb c1 d9 fd 97
  0x0000fffeefc0c660:   e0 03 15 aa a2 2e 40 f9 01 0c 45 f8 03 10 40 f9
=>0x0000fffeefc0c670:   41 00 00 f9 22 04 00 f9 43 00 00 b4 60 00 3f d6
  0x0000fffeefc0c680:   e0 03 15 aa a2 16 40 f9 01 0c 42 f8 03 10 40 f9
  0x0000fffeefc0c690:   41 00 00 f9 22 04 00 f9 43 00 00 b4 60 00 3f d6
  0x0000fffeefc0c6a0:   a0 0e 40 f9 80 00 00 b4 c1 08 00 90 21 c0 45 f9
  0x0000fffeefc0c6b0:   20 00 3f d6 a0 0a 40 f9 80 00 00 b4 c1 08 00 90
  0x0000fffeefc0c6c0:   21 c4 45 f9 20 00 3f d6 a0 06 40 f9 80 00 00 b4
  0x0000fffeefc0c6d0:   c1 08 00 90 21 c8 45 f9 20 00 3f d6 a0 02 40 f9
  0x0000fffeefc0c6e0:   80 00 00 b4 c1 08 00 90 21 cc 45 f9 20 00 3f d6
  0x0000fffeefc0c6f0:   f3 53 41 a9 f5 5b 42 a9 f7 63 43 a9 fd 7b c4 a8
  0x0000fffeefc0c700:   c0 03 5f d6 e0 03 15 aa bf 62 03 39 a2 5a 40 f9
  0x0000fffeefc0c710:   01 8c 4a f8 03 10 40 f9 41 00 00 f9 22 04 00 f9
  0x0000fffeefc0c720:   43 00 00 b4 60 00 3f d6 a0 52 40 f9 60 f5 ff b4
  0x0000fffeefc0c730:   c1 08 00 90 21 c0 45 f9 20 00 3f d6 a7 ff ff 17
  0x0000fffeefc0c740:   fd 7b bd a9 fd 03 00 91 f3 53 01 a9 53 00 01 cb
  0x0000fffeefc0c750:   f4 03 00 aa f5 13 00 f9 f5 03 01 aa 7f 3e 00 f1
  0x0000fffeefc0c760:   08 03 00 54 00 00 40 f9 7f 06 00 f1 41 01 00 54


Stack slot to memory mapping:

stack at sp + 0 slots: 0x0000ffffb87121f0 points into unknown readable memory: 0x0000ffffb8712260 | 60 22 71 b8 ff ff 00 00
stack at sp + 1 slots: 0x0000ffffbd00eb2c: <offset 0x000000000003eb2c> in /lib64/libc.so.6 at 0x0000ffffbcfd0000
stack at sp + 2 slots: 0x0000ffffbd191000: <offset 0x00000000001c1000> in /lib64/libc.so.6 at 0x0000ffffbcfd0000
stack at sp + 3 slots: 0x0000ffffbd192210: <offset 0x00000000001c2210> in /lib64/libc.so.6 at 0x0000ffffbcfd0000
stack at sp + 4 slots: 0x0000ffffbd24fc78: __pointer_chk_guard+0x0000000000000000 in /lib/ld-linux-aarch64.so.1 at 0x0000ffffbd210000
stack at sp + 5 slots: 0x0 is null
stack at sp + 6 slots: 0x0000ffffbd190658: <offset 0x00000000001c0658> in /lib64/libc.so.6 at 0x0000ffffbcfd0000
stack at sp + 7 slots: 0x0000ffffbd192000: <offset 0x00000000001c2000> in /lib64/libc.so.6 at 0x0000ffffbcfd0000

VM_Operation (0x0000ffffbb8db938): Exit, mode: safepoint, requested by thread 0x0000ffffb40316d0


---------------  P R O C E S S  ---------------

Threads class SMR info:
_java_thread_list=0x0000ffff5c000950, length=17, elements={
0x0000ffffb40316d0, 0x0000ffffb42156d0, 0x0000ffffb4218f10, 0x0000ffffb421a7f0,
0x0000ffffb421dbd0, 0x0000ffffb421f480, 0x0000ffffb4221240, 0x0000ffffb4222c60,
0x0000ffffb425cba0, 0x0000ffffb5813850, 0x0000ffffb62954a0, 0x0000ffffb64d4ff0,
0x0000ffffb53c66c0, 0x0000ffffb53d1dd0, 0x0000fffee4059910, 0x0000ffffb53fd310,
0x0000fffe90690430
}

Java Threads: ( => current thread )
  0x0000ffffb40316d0 JavaThread "Render thread"                     [_thread_blocked, id=6993, stack(0x0000ffffbb6e0000,0x0000ffffbb8de000) (2040K)]
  0x0000ffffb42156d0 JavaThread "Common-Cleaner"             daemon [_thread_blocked, id=7005, stack(0x0000ffffb82f4000,0x0000ffffb8504000) (2112K)]
  0x0000ffffb4218f10 JavaThread "Reference Handler"          daemon [_thread_blocked, id=7006, stack(0x0000ffff9d0c0000,0x0000ffff9d2c0000) (2048K)]
  0x0000ffffb421a7f0 JavaThread "Finalizer"                  daemon [_thread_blocked, id=7007, stack(0x0000ffff9cec0000,0x0000ffff9d0c0000) (2048K)]
  0x0000ffffb421dbd0 JavaThread "Service Thread"             daemon [_thread_blocked, id=7009, stack(0x0000ffff9cac0000,0x0000ffff9ccc0000) (2048K)]
  0x0000ffffb421f480 JavaThread "Monitor Deflation Thread"   daemon [_thread_blocked, id=7010, stack(0x0000ffff9c8c0000,0x0000ffff9cac0000) (2048K)]
  0x0000ffffb4221240 JavaThread "C2 CompilerThread0"         daemon [_thread_blocked, id=7011, stack(0x0000ffff9c6c0000,0x0000ffff9c8c0000) (2048K)]
  0x0000ffffb4222c60 JavaThread "C1 CompilerThread0"         daemon [_thread_blocked, id=7012, stack(0x0000ffff9c4c0000,0x0000ffff9c6c0000) (2048K)]
  0x0000ffffb425cba0 JavaThread "Notification Thread"        daemon [_thread_blocked, id=7013, stack(0x0000ffff9c2c0000,0x0000ffff9c4c0000) (2048K)]
  0x0000ffffb5813850 JavaThread "JNA Cleaner"                daemon [_thread_blocked, id=7051, stack(0x0000ffff90290000,0x0000ffff90490000) (2048K)]
  0x0000ffffb62954a0 JavaThread "Timer hack thread"          daemon [_thread_blocked, id=7089, stack(0x0000ffff90c90000,0x0000ffff90e90000) (2048K)]
  0x0000ffffb64d4ff0 JavaThread "Yggdrasil Key Fetcher"      daemon [_thread_blocked, id=7090, stack(0x0000ffff90a90000,0x0000ffff90c90000) (2048K)]
  0x0000ffffb53c66c0 JavaThread "Netty Local IO #0"          daemon [_thread_blocked, id=7455, stack(0x0000ffff90090000,0x0000ffff90290000) (2048K)]
  0x0000ffffb53d1dd0 JavaThread "Netty Local IO #1"          daemon [_thread_blocked, id=7456, stack(0x0000fffea0c80000,0x0000fffea0e80000) (2048K)]
  0x0000fffee4059910 JavaThread "Netty Local IO #2"          daemon [_thread_blocked, id=7457, stack(0x0000fffe9f050000,0x0000fffe9f250000) (2048K)]
  0x0000ffffb53fd310 JavaThread "Download-3"                 daemon [_thread_blocked, id=8122, stack(0x0000ffff90890000,0x0000ffff90a90000) (2048K)]
  0x0000fffe90690430 JavaThread "Sound engine"               daemon [_thread_blocked, id=8218, stack(0x0000fffeadc00000,0x0000fffeade00000) (2048K)]
Total: 17

Other Threads:
=>0x0000ffffb420dac0 VMThread "VM Thread"                           [id=7004, stack(0x0000ffffb8514000,0x0000ffffb8714000) (2048K)]
  0x0000ffffb4186740 WorkerThread "GC Thread#0"                     [id=6994, stack(0x0000ffffb98f8000,0x0000ffffb9af8000) (2048K)]
  0x0000ffff84008cb0 WorkerThread "GC Thread#1"                     [id=7020, stack(0x0000ffff91b10000,0x0000ffff91d10000) (2048K)]
  0x0000ffff840099b0 WorkerThread "GC Thread#2"                     [id=7021, stack(0x0000ffff91900000,0x0000ffff91b00000) (2048K)]
  0x0000ffff8400a720 WorkerThread "GC Thread#3"                     [id=7022, stack(0x0000ffff916f0000,0x0000ffff918f0000) (2048K)]
  0x0000ffff8400b890 WorkerThread "GC Thread#4"                     [id=7023, stack(0x0000ffff914e0000,0x0000ffff916e0000) (2048K)]
  0x0000ffff8400ca00 WorkerThread "GC Thread#5"                     [id=7024, stack(0x0000ffff912d0000,0x0000ffff914d0000) (2048K)]
  0x0000ffff84017990 WorkerThread "GC Thread#6"                     [id=7039, stack(0x0000ffff65c00000,0x0000ffff65e00000) (2048K)]
  0x0000ffff8400f410 WorkerThread "GC Thread#7"                     [id=7041, stack(0x0000ffff659f0000,0x0000ffff65bf0000) (2048K)]
  0x0000ffff84010770 WorkerThread "GC Thread#8"                     [id=7042, stack(0x0000ffff657e0000,0x0000ffff659e0000) (2048K)]
  0x0000ffffb419e8c0 ConcurrentGCThread "G1 Main Marker"            terminated
  0x0000ffffb419fab0 WorkerThread "G1 Conc#0"                       [id=6996, stack(0x0000ffffb94d8000,0x0000ffffb96d8000) (2048K)]
  0x0000ffff98000c80 WorkerThread "G1 Conc#1"                       [id=7043, stack(0x0000ffff655d0000,0x0000ffff657d0000) (2048K)]
  0x0000ffffb41ed410 ConcurrentGCThread "G1 Refine#0"               terminated
  0x0000ffffb41ee620 ConcurrentGCThread "G1 Service"                terminated
Total: 15

Threads with active compile tasks:
Total: 0

VM state: at safepoint (shutting down)

VM Mutex/Monitor currently owned by a thread:  ([mutex/lock_event])
[0x0000ffffbcee9558] Threads_lock - owner thread: 0x0000ffffb420dac0
[0x0000ffffbcee96f0] Heap_lock - owner thread: 0x0000ffffb40316d0

Heap address: 0x000000070f800000, size: 3848 MB, Compressed Oops mode: Zero based, Oop shift amount: 3

CDS archive(s) mapped at: [0x00003ff800000000-0x00003ff801d00000-0x00003ff801d00000), size 30408704, SharedBaseAddress: 0x00003ff800000000, ArchiveRelocationMode: 1.
Compressed class space mapped at: 0x00003ff802000000-0x00003ff842000000, reserved size: 1073741824
UseCompressedClassPointers 1, UseCompactObjectHeaders 0
Narrow klass pointer bits 32, Max shift 3
Narrow klass base: 0x00003ff800000000, Narrow klass shift: 0
Encoding Range: [0x00003ff800000000 - 0x00003ff900000000), (4294967296 bytes)
Klass Range:    [0x00003ff800010000 - 0x00003ff842000000), (1107230720 bytes)
Klass ID Range:  [65536 - 1107296249) (1107230713)
Protection zone: [0x00003ff800000000 - 0x00003ff800010000), (65536 bytes)

GC Precious Log:
 CardTable entry size: 512
 Card Set container configuration: InlinePtr #cards 4 size 8 Array Of Cards #cards 16 size 48 Howl #buckets 8 coarsen threshold 3686 Howl Bitmap #cards 512 size 80 coarsen threshold 460 Card regions per heap region 1 cards per card region 4096
 CPUs: 10 total, 10 available
 Memory: 15385M
 Large Page Support: Disabled
 NUMA Support: Disabled
 Compressed Oops: Enabled (Zero based)
 Heap Region Size: 2M
 Heap Min Capacity: 8M
 Heap Initial Capacity: 248M
 Heap Max Capacity: 3848M
 Pre-touch: Disabled
 Parallel Workers: 9
 Concurrent Workers: 2
 Concurrent Refinement Workers: 9
 Periodic GC: Disabled

Heap:
 garbage-first heap   total reserved 3940352K, committed 1318912K, used 854778K [0x000000070f800000, 0x0000000800000000)
  region size 2048K, 76 young (155648K), 34 survivors (69632K)

Heap Regions: E=young(eden), S=young(survivor), O=old, HS=humongous(starts), HC=humongous(continues), CS=collection set, F=free, TAMS=top-at-mark-start, PB=parsable bottom
|   0|0x000000070f800000, 0x000000070fa00000, 0x000000070fa00000|100%|HS|  |TAMS 0x000000070f800000| PB 0x000000070f800000| Complete |  0
|   1|0x000000070fa00000, 0x000000070fc00000, 0x000000070fc00000|100%|HS|  |TAMS 0x000000070fa00000| PB 0x000000070fa00000| Complete |  0
|   2|0x000000070fc00000, 0x000000070fe00000, 0x000000070fe00000|100%|HS|  |TAMS 0x000000070fc00000| PB 0x000000070fc00000| Complete |  0
|   3|0x000000070fe00000, 0x0000000710000000, 0x0000000710000000|100%| O|  |TAMS 0x000000070fe00000| PB 0x000000070fe00000| Untracked |  0
|   4|0x0000000710000000, 0x0000000710200000, 0x0000000710200000|100%| O|  |TAMS 0x0000000710000000| PB 0x0000000710000000| Untracked |  0
|   5|0x0000000710200000, 0x0000000710400000, 0x0000000710400000|100%| O|  |TAMS 0x0000000710200000| PB 0x0000000710200000| Untracked |  0
|   6|0x0000000710400000, 0x0000000710600000, 0x0000000710600000|100%| O|  |TAMS 0x0000000710400000| PB 0x0000000710400000| Untracked |  0
|   7|0x0000000710600000, 0x0000000710800000, 0x0000000710800000|100%| O|  |TAMS 0x0000000710600000| PB 0x0000000710600000| Untracked |  0
|   8|0x0000000710800000, 0x0000000710a00000, 0x0000000710a00000|100%| O|  |TAMS 0x0000000710800000| PB 0x0000000710800000| Untracked |  0
|   9|0x0000000710a00000, 0x0000000710c00000, 0x0000000710c00000|100%| O|  |TAMS 0x0000000710a00000| PB 0x0000000710a00000| Untracked |  0
|  10|0x0000000710c00000, 0x0000000710e00000, 0x0000000710e00000|100%| O|  |TAMS 0x0000000710c00000| PB 0x0000000710c00000| Untracked |  0
|  11|0x0000000710e00000, 0x0000000711000000, 0x0000000711000000|100%| O|  |TAMS 0x0000000710e00000| PB 0x0000000710e00000| Untracked |  0
|  12|0x0000000711000000, 0x0000000711200000, 0x0000000711200000|100%| O|  |TAMS 0x0000000711000000| PB 0x0000000711000000| Untracked |  0
|  13|0x0000000711200000, 0x0000000711400000, 0x0000000711400000|100%| O|  |TAMS 0x0000000711200000| PB 0x0000000711200000| Untracked |  0
|  14|0x0000000711400000, 0x0000000711600000, 0x0000000711600000|100%| O|  |TAMS 0x0000000711400000| PB 0x0000000711400000| Untracked |  0
|  15|0x0000000711600000, 0x0000000711800000, 0x0000000711800000|100%| O|  |TAMS 0x0000000711600000| PB 0x0000000711600000| Untracked |  0
|  16|0x0000000711800000, 0x0000000711a00000, 0x0000000711a00000|100%| O|  |TAMS 0x0000000711800000| PB 0x0000000711800000| Untracked |  0
|  17|0x0000000711a00000, 0x0000000711c00000, 0x0000000711c00000|100%| O|  |TAMS 0x0000000711a00000| PB 0x0000000711a00000| Untracked |  0
|  18|0x0000000711c00000, 0x0000000711e00000, 0x0000000711e00000|100%| O|  |TAMS 0x0000000711c00000| PB 0x0000000711c00000| Untracked |  0
|  19|0x0000000711e00000, 0x0000000712000000, 0x0000000712000000|100%| O|  |TAMS 0x0000000711e00000| PB 0x0000000711e00000| Untracked |  0
|  20|0x0000000712000000, 0x0000000712200000, 0x0000000712200000|100%| O|  |TAMS 0x0000000712000000| PB 0x0000000712000000| Untracked |  0
|  21|0x0000000712200000, 0x0000000712400000, 0x0000000712400000|100%| O|  |TAMS 0x0000000712200000| PB 0x0000000712200000| Untracked |  0
|  22|0x0000000712400000, 0x0000000712600000, 0x0000000712600000|100%| O|  |TAMS 0x0000000712400000| PB 0x0000000712400000| Untracked |  0
|  23|0x0000000712600000, 0x0000000712800000, 0x0000000712800000|100%| O|  |TAMS 0x0000000712600000| PB 0x0000000712600000| Untracked |  0
|  24|0x0000000712800000, 0x0000000712a00000, 0x0000000712a00000|100%| O|  |TAMS 0x0000000712800000| PB 0x0000000712800000| Untracked |  0
|  25|0x0000000712a00000, 0x0000000712c00000, 0x0000000712c00000|100%|HS|  |TAMS 0x0000000712a00000| PB 0x0000000712a00000| Complete |  0
|  26|0x0000000712c00000, 0x0000000712e00000, 0x0000000712e00000|100%|HC|  |TAMS 0x0000000712c00000| PB 0x0000000712c00000| Complete |  0
|  27|0x0000000712e00000, 0x0000000713000000, 0x0000000713000000|100%|HC|  |TAMS 0x0000000712e00000| PB 0x0000000712e00000| Complete |  0
|  28|0x0000000713000000, 0x0000000713200000, 0x0000000713200000|100%|HC|  |TAMS 0x0000000713000000| PB 0x0000000713000000| Complete |  0
|  29|0x0000000713200000, 0x0000000713400000, 0x0000000713400000|100%|HC|  |TAMS 0x0000000713200000| PB 0x0000000713200000| Complete |  0
|  30|0x0000000713400000, 0x0000000713600000, 0x0000000713600000|100%|HC|  |TAMS 0x0000000713400000| PB 0x0000000713400000| Complete |  0
|  31|0x0000000713600000, 0x0000000713800000, 0x0000000713800000|100%| O|  |TAMS 0x0000000713600000| PB 0x0000000713600000| Untracked |  0
|  32|0x0000000713800000, 0x0000000713a00000, 0x0000000713a00000|100%| O|  |TAMS 0x0000000713800000| PB 0x0000000713800000| Untracked |  0
|  33|0x0000000713a00000, 0x0000000713c00000, 0x0000000713c00000|100%| O|  |TAMS 0x0000000713a00000| PB 0x0000000713a00000| Untracked |  0
|  34|0x0000000713c00000, 0x0000000713e00000, 0x0000000713e00000|100%| O|  |TAMS 0x0000000713c00000| PB 0x0000000713c00000| Untracked |  0
|  35|0x0000000713e00000, 0x0000000714000000, 0x0000000714000000|100%| O|  |TAMS 0x0000000713e00000| PB 0x0000000713e00000| Untracked |  0
|  36|0x0000000714000000, 0x0000000714200000, 0x0000000714200000|100%| O|  |TAMS 0x0000000714000000| PB 0x0000000714000000| Untracked |  0
|  37|0x0000000714200000, 0x0000000714400000, 0x0000000714400000|100%| O|  |TAMS 0x0000000714200000| PB 0x0000000714200000| Untracked |  0
|  38|0x0000000714400000, 0x0000000714600000, 0x0000000714600000|100%| O|  |TAMS 0x0000000714400000| PB 0x0000000714400000| Untracked |  0
|  39|0x0000000714600000, 0x0000000714800000, 0x0000000714800000|100%| O|  |TAMS 0x0000000714600000| PB 0x0000000714600000| Untracked |  0
|  40|0x0000000714800000, 0x0000000714a00000, 0x0000000714a00000|100%| O|  |TAMS 0x0000000714800000| PB 0x0000000714800000| Untracked |  0
|  41|0x0000000714a00000, 0x0000000714c00000, 0x0000000714c00000|100%| O|  |TAMS 0x0000000714a00000| PB 0x0000000714a00000| Untracked |  0
|  42|0x0000000714c00000, 0x0000000714e00000, 0x0000000714e00000|100%| O|  |TAMS 0x0000000714c00000| PB 0x0000000714c00000| Untracked |  0
|  43|0x0000000714e00000, 0x0000000715000000, 0x0000000715000000|100%| O|  |TAMS 0x0000000714e00000| PB 0x0000000714e00000| Untracked |  0
|  44|0x0000000715000000, 0x0000000715200000, 0x0000000715200000|100%| O|  |TAMS 0x0000000715000000| PB 0x0000000715000000| Untracked |  0
|  45|0x0000000715200000, 0x0000000715400000, 0x0000000715400000|100%| O|  |TAMS 0x0000000715200000| PB 0x0000000715200000| Untracked |  0
|  46|0x0000000715400000, 0x0000000715600000, 0x0000000715600000|100%| O|  |TAMS 0x0000000715400000| PB 0x0000000715400000| Untracked |  0
|  47|0x0000000715600000, 0x0000000715800000, 0x0000000715800000|100%| O|  |TAMS 0x0000000715600000| PB 0x0000000715600000| Untracked |  0
|  48|0x0000000715800000, 0x0000000715a00000, 0x0000000715a00000|100%| O|  |TAMS 0x0000000715800000| PB 0x0000000715800000| Untracked |  0
|  49|0x0000000715a00000, 0x0000000715c00000, 0x0000000715c00000|100%| O|  |TAMS 0x0000000715a00000| PB 0x0000000715a00000| Untracked |  0
|  50|0x0000000715c00000, 0x0000000715e00000, 0x0000000715e00000|100%|HS|  |TAMS 0x0000000715c00000| PB 0x0000000715c00000| Complete |  0
|  51|0x0000000715e00000, 0x0000000716000000, 0x0000000716000000|100%|HS|  |TAMS 0x0000000715e00000| PB 0x0000000715e00000| Complete |  0
|  52|0x0000000716000000, 0x0000000716200000, 0x0000000716200000|100%| O|  |TAMS 0x0000000716000000| PB 0x0000000716000000| Untracked |  0
|  53|0x0000000716200000, 0x0000000716400000, 0x0000000716400000|100%| O|  |TAMS 0x0000000716200000| PB 0x0000000716200000| Untracked |  0
|  54|0x0000000716400000, 0x0000000716600000, 0x0000000716600000|100%| O|  |TAMS 0x0000000716400000| PB 0x0000000716400000| Untracked |  0
|  55|0x0000000716600000, 0x0000000716800000, 0x0000000716800000|100%| O|  |TAMS 0x0000000716600000| PB 0x0000000716600000| Untracked |  0
|  56|0x0000000716800000, 0x0000000716a00000, 0x0000000716a00000|100%| O|  |TAMS 0x0000000716800000| PB 0x0000000716800000| Untracked |  0
|  57|0x0000000716a00000, 0x0000000716c00000, 0x0000000716c00000|100%| O|  |TAMS 0x0000000716a00000| PB 0x0000000716a00000| Untracked |  0
|  58|0x0000000716c00000, 0x0000000716e00000, 0x0000000716e00000|100%| O|  |TAMS 0x0000000716c00000| PB 0x0000000716c00000| Untracked |  0
|  59|0x0000000716e00000, 0x0000000717000000, 0x0000000717000000|100%| O|Cm|TAMS 0x0000000716e00000| PB 0x0000000716e00000| Complete |  0
|  60|0x0000000717000000, 0x0000000717200000, 0x0000000717200000|100%| O|  |TAMS 0x0000000717000000| PB 0x0000000717000000| Untracked |  0
|  61|0x0000000717200000, 0x0000000717400000, 0x0000000717400000|100%| O|  |TAMS 0x0000000717200000| PB 0x0000000717200000| Untracked |  0
|  62|0x0000000717400000, 0x0000000717600000, 0x0000000717600000|100%| O|  |TAMS 0x0000000717400000| PB 0x0000000717400000| Untracked |  0
|  63|0x0000000717600000, 0x0000000717800000, 0x0000000717800000|100%| O|  |TAMS 0x0000000717600000| PB 0x0000000717600000| Untracked |  0
|  64|0x0000000717800000, 0x0000000717a00000, 0x0000000717a00000|100%| O|  |TAMS 0x0000000717800000| PB 0x0000000717800000| Untracked |  0
|  65|0x0000000717a00000, 0x0000000717c00000, 0x0000000717c00000|100%| O|  |TAMS 0x0000000717a00000| PB 0x0000000717a00000| Untracked |  0
|  66|0x0000000717c00000, 0x0000000717e00000, 0x0000000717e00000|100%| O|  |TAMS 0x0000000717c00000| PB 0x0000000717c00000| Untracked |  0
|  67|0x0000000717e00000, 0x0000000718000000, 0x0000000718000000|100%| O|  |TAMS 0x0000000717e00000| PB 0x0000000717e00000| Untracked |  0
|  68|0x0000000718000000, 0x0000000718200000, 0x0000000718200000|100%| O|  |TAMS 0x0000000718000000| PB 0x0000000718000000| Untracked |  0
|  69|0x0000000718200000, 0x0000000718400000, 0x0000000718400000|100%| O|  |TAMS 0x0000000718200000| PB 0x0000000718200000| Untracked |  0
|  70|0x0000000718400000, 0x0000000718600000, 0x0000000718600000|100%| O|  |TAMS 0x0000000718400000| PB 0x0000000718400000| Untracked |  0
|  71|0x0000000718600000, 0x0000000718800000, 0x0000000718800000|100%| O|  |TAMS 0x0000000718600000| PB 0x0000000718600000| Untracked |  0
|  72|0x0000000718800000, 0x0000000718a00000, 0x0000000718a00000|100%| O|  |TAMS 0x0000000718800000| PB 0x0000000718800000| Untracked |  0
|  73|0x0000000718a00000, 0x0000000718c00000, 0x0000000718c00000|100%| O|  |TAMS 0x0000000718a00000| PB 0x0000000718a00000| Untracked |  0
|  74|0x0000000718c00000, 0x0000000718e00000, 0x0000000718e00000|100%| O|  |TAMS 0x0000000718c00000| PB 0x0000000718c00000| Untracked |  0
|  75|0x0000000718e00000, 0x0000000719000000, 0x0000000719000000|100%| O|  |TAMS 0x0000000718e00000| PB 0x0000000718e00000| Untracked |  0
|  76|0x0000000719000000, 0x0000000719200000, 0x0000000719200000|100%| O|  |TAMS 0x0000000719000000| PB 0x0000000719000000| Untracked |  0
|  77|0x0000000719200000, 0x0000000719400000, 0x0000000719400000|100%| O|Cm|TAMS 0x0000000719200000| PB 0x0000000719200000| Complete |  0
|  78|0x0000000719400000, 0x0000000719600000, 0x0000000719600000|100%| O|  |TAMS 0x0000000719400000| PB 0x0000000719400000| Untracked |  0
|  79|0x0000000719600000, 0x0000000719800000, 0x0000000719800000|100%| O|  |TAMS 0x0000000719600000| PB 0x0000000719600000| Untracked |  0
|  80|0x0000000719800000, 0x0000000719a00000, 0x0000000719a00000|100%| O|  |TAMS 0x0000000719800000| PB 0x0000000719800000| Untracked |  0
|  81|0x0000000719a00000, 0x0000000719c00000, 0x0000000719c00000|100%| O|  |TAMS 0x0000000719a00000| PB 0x0000000719a00000| Untracked |  0
|  82|0x0000000719c00000, 0x0000000719e00000, 0x0000000719e00000|100%| O|  |TAMS 0x0000000719c00000| PB 0x0000000719c00000| Untracked |  0
|  83|0x0000000719e00000, 0x000000071a000000, 0x000000071a000000|100%| O|  |TAMS 0x0000000719e00000| PB 0x0000000719e00000| Untracked |  0
|  84|0x000000071a000000, 0x000000071a200000, 0x000000071a200000|100%| O|  |TAMS 0x000000071a000000| PB 0x000000071a000000| Untracked |  0
|  85|0x000000071a200000, 0x000000071a400000, 0x000000071a400000|100%| O|  |TAMS 0x000000071a200000| PB 0x000000071a200000| Untracked |  0
|  86|0x000000071a400000, 0x000000071a600000, 0x000000071a600000|100%| O|  |TAMS 0x000000071a400000| PB 0x000000071a400000| Untracked |  0
|  87|0x000000071a600000, 0x000000071a800000, 0x000000071a800000|100%| O|  |TAMS 0x000000071a600000| PB 0x000000071a600000| Untracked |  0
|  88|0x000000071a800000, 0x000000071aa00000, 0x000000071aa00000|100%| O|  |TAMS 0x000000071a800000| PB 0x000000071a800000| Untracked |  0
|  89|0x000000071aa00000, 0x000000071ac00000, 0x000000071ac00000|100%| O|  |TAMS 0x000000071aa00000| PB 0x000000071aa00000| Untracked |  0
|  90|0x000000071ac00000, 0x000000071ae00000, 0x000000071ae00000|100%| O|  |TAMS 0x000000071ac00000| PB 0x000000071ac00000| Untracked |  0
|  91|0x000000071ae00000, 0x000000071b000000, 0x000000071b000000|100%| O|  |TAMS 0x000000071ae00000| PB 0x000000071ae00000| Untracked |  0
|  92|0x000000071b000000, 0x000000071b200000, 0x000000071b200000|100%| O|  |TAMS 0x000000071b000000| PB 0x000000071b000000| Untracked |  0
|  93|0x000000071b200000, 0x000000071b400000, 0x000000071b400000|100%| O|  |TAMS 0x000000071b200000| PB 0x000000071b200000| Untracked |  0
|  94|0x000000071b400000, 0x000000071b600000, 0x000000071b600000|100%| O|Cm|TAMS 0x000000071b400000| PB 0x000000071b400000| Complete |  0
|  95|0x000000071b600000, 0x000000071b800000, 0x000000071b800000|100%| O|  |TAMS 0x000000071b600000| PB 0x000000071b600000| Untracked |  0
|  96|0x000000071b800000, 0x000000071ba00000, 0x000000071ba00000|100%| O|  |TAMS 0x000000071b800000| PB 0x000000071b800000| Untracked |  0
|  97|0x000000071ba00000, 0x000000071bc00000, 0x000000071bc00000|100%| O|  |TAMS 0x000000071ba00000| PB 0x000000071ba00000| Untracked |  0
|  98|0x000000071bc00000, 0x000000071be00000, 0x000000071be00000|100%| O|  |TAMS 0x000000071bc00000| PB 0x000000071bc00000| Untracked |  0
|  99|0x000000071be00000, 0x000000071c000000, 0x000000071c000000|100%| O|  |TAMS 0x000000071be00000| PB 0x000000071be00000| Untracked |  0
| 100|0x000000071c000000, 0x000000071c200000, 0x000000071c200000|100%| O|  |TAMS 0x000000071c000000| PB 0x000000071c000000| Untracked |  0
| 101|0x000000071c200000, 0x000000071c400000, 0x000000071c400000|100%| O|  |TAMS 0x000000071c200000| PB 0x000000071c200000| Untracked |  0
| 102|0x000000071c400000, 0x000000071c600000, 0x000000071c600000|100%| O|  |TAMS 0x000000071c400000| PB 0x000000071c400000| Untracked |  0
| 103|0x000000071c600000, 0x000000071c800000, 0x000000071c800000|100%| O|  |TAMS 0x000000071c600000| PB 0x000000071c600000| Untracked |  0
| 104|0x000000071c800000, 0x000000071c800000, 0x000000071ca00000|  0%| F|  |TAMS 0x000000071c800000| PB 0x000000071c800000| Untracked |  0
| 105|0x000000071ca00000, 0x000000071cc00000, 0x000000071cc00000|100%| O|  |TAMS 0x000000071ca00000| PB 0x000000071ca00000| Untracked |  0
| 106|0x000000071cc00000, 0x000000071ce00000, 0x000000071ce00000|100%| O|  |TAMS 0x000000071cc00000| PB 0x000000071cc00000| Untracked |  0
| 107|0x000000071ce00000, 0x000000071d000000, 0x000000071d000000|100%| O|  |TAMS 0x000000071ce00000| PB 0x000000071ce00000| Untracked |  0
| 108|0x000000071d000000, 0x000000071d200000, 0x000000071d200000|100%| O|  |TAMS 0x000000071d000000| PB 0x000000071d000000| Untracked |  0
| 109|0x000000071d200000, 0x000000071d400000, 0x000000071d400000|100%| O|  |TAMS 0x000000071d200000| PB 0x000000071d200000| Untracked |  0
| 110|0x000000071d400000, 0x000000071d400000, 0x000000071d600000|  0%| F|  |TAMS 0x000000071d400000| PB 0x000000071d400000| Untracked |  0
| 111|0x000000071d600000, 0x000000071d800000, 0x000000071d800000|100%| O|  |TAMS 0x000000071d600000| PB 0x000000071d600000| Untracked |  0
| 112|0x000000071d800000, 0x000000071da00000, 0x000000071da00000|100%| O|  |TAMS 0x000000071d800000| PB 0x000000071d800000| Untracked |  0
| 113|0x000000071da00000, 0x000000071dc00000, 0x000000071dc00000|100%| O|  |TAMS 0x000000071da00000| PB 0x000000071da00000| Untracked |  0
| 114|0x000000071dc00000, 0x000000071de00000, 0x000000071de00000|100%| O|  |TAMS 0x000000071dc00000| PB 0x000000071dc00000| Untracked |  0
| 115|0x000000071de00000, 0x000000071e000000, 0x000000071e000000|100%| O|  |TAMS 0x000000071de00000| PB 0x000000071de00000| Untracked |  0
| 116|0x000000071e000000, 0x000000071e200000, 0x000000071e200000|100%| O|  |TAMS 0x000000071e000000| PB 0x000000071e000000| Untracked |  0
| 117|0x000000071e200000, 0x000000071e400000, 0x000000071e400000|100%| O|  |TAMS 0x000000071e200000| PB 0x000000071e200000| Untracked |  0
| 118|0x000000071e400000, 0x000000071e600000, 0x000000071e600000|100%| O|  |TAMS 0x000000071e400000| PB 0x000000071e400000| Untracked |  0
| 119|0x000000071e600000, 0x000000071e800000, 0x000000071e800000|100%| O|  |TAMS 0x000000071e600000| PB 0x000000071e600000| Untracked |  0
| 120|0x000000071e800000, 0x000000071ea00000, 0x000000071ea00000|100%| O|  |TAMS 0x000000071e800000| PB 0x000000071e800000| Untracked |  0
| 121|0x000000071ea00000, 0x000000071ec00000, 0x000000071ec00000|100%| O|  |TAMS 0x000000071ea00000| PB 0x000000071ea00000| Untracked |  0
| 122|0x000000071ec00000, 0x000000071ee00000, 0x000000071ee00000|100%| O|  |TAMS 0x000000071ec00000| PB 0x000000071ec00000| Untracked |  0
| 123|0x000000071ee00000, 0x000000071f000000, 0x000000071f000000|100%| O|  |TAMS 0x000000071ee00000| PB 0x000000071ee00000| Untracked |  0
| 124|0x000000071f000000, 0x000000071f200000, 0x000000071f200000|100%| O|  |TAMS 0x000000071f000000| PB 0x000000071f000000| Untracked |  0
| 125|0x000000071f200000, 0x000000071f400000, 0x000000071f400000|100%| O|  |TAMS 0x000000071f200000| PB 0x000000071f200000| Untracked |  0
| 126|0x000000071f400000, 0x000000071f600000, 0x000000071f600000|100%| O|  |TAMS 0x000000071f400000| PB 0x000000071f400000| Untracked |  0
| 127|0x000000071f600000, 0x000000071f800000, 0x000000071f800000|100%| O|  |TAMS 0x000000071f600000| PB 0x000000071f600000| Untracked |  0
| 128|0x000000071f800000, 0x000000071fa00000, 0x000000071fa00000|100%| O|  |TAMS 0x000000071f800000| PB 0x000000071f800000| Untracked |  0
| 129|0x000000071fa00000, 0x000000071fc00000, 0x000000071fc00000|100%|HS|  |TAMS 0x000000071fa00000| PB 0x000000071fa00000| Complete |  0
| 130|0x000000071fc00000, 0x000000071fe00000, 0x000000071fe00000|100%| O|  |TAMS 0x000000071fc00000| PB 0x000000071fc00000| Untracked |  0
| 131|0x000000071fe00000, 0x0000000720000000, 0x0000000720000000|100%| O|Cm|TAMS 0x000000071fe00000| PB 0x000000071fe00000| Complete |  0
| 132|0x0000000720000000, 0x0000000720200000, 0x0000000720200000|100%| O|Cm|TAMS 0x0000000720000000| PB 0x0000000720000000| Complete |  0
| 133|0x0000000720200000, 0x0000000720400000, 0x0000000720400000|100%| O|  |TAMS 0x0000000720200000| PB 0x0000000720200000| Untracked |  0
| 134|0x0000000720400000, 0x0000000720600000, 0x0000000720600000|100%| O|  |TAMS 0x0000000720400000| PB 0x0000000720400000| Untracked |  0
| 135|0x0000000720600000, 0x0000000720800000, 0x0000000720800000|100%| O|  |TAMS 0x0000000720600000| PB 0x0000000720600000| Untracked |  0
| 136|0x0000000720800000, 0x0000000720a00000, 0x0000000720a00000|100%| O|  |TAMS 0x0000000720800000| PB 0x0000000720800000| Untracked |  0
| 137|0x0000000720a00000, 0x0000000720c00000, 0x0000000720c00000|100%| O|  |TAMS 0x0000000720a00000| PB 0x0000000720a00000| Untracked |  0
| 138|0x0000000720c00000, 0x0000000720e00000, 0x0000000720e00000|100%| O|  |TAMS 0x0000000720c00000| PB 0x0000000720c00000| Untracked |  0
| 139|0x0000000720e00000, 0x0000000721000000, 0x0000000721000000|100%| O|  |TAMS 0x0000000720e00000| PB 0x0000000720e00000| Untracked |  0
| 140|0x0000000721000000, 0x0000000721200000, 0x0000000721200000|100%| O|  |TAMS 0x0000000721000000| PB 0x0000000721000000| Untracked |  0
| 141|0x0000000721200000, 0x0000000721200000, 0x0000000721400000|  0%| F|  |TAMS 0x0000000721200000| PB 0x0000000721200000| Untracked |  0
| 142|0x0000000721400000, 0x0000000721600000, 0x0000000721600000|100%| O|  |TAMS 0x0000000721400000| PB 0x0000000721400000| Untracked |  0
| 143|0x0000000721600000, 0x0000000721800000, 0x0000000721800000|100%| O|  |TAMS 0x0000000721600000| PB 0x0000000721600000| Untracked |  0
| 144|0x0000000721800000, 0x0000000721a00000, 0x0000000721a00000|100%| O|Cm|TAMS 0x0000000721800000| PB 0x0000000721800000| Complete |  0
| 145|0x0000000721a00000, 0x0000000721c00000, 0x0000000721c00000|100%| O|  |TAMS 0x0000000721a00000| PB 0x0000000721a00000| Untracked |  0
| 146|0x0000000721c00000, 0x0000000721e00000, 0x0000000721e00000|100%| O|Cm|TAMS 0x0000000721c00000| PB 0x0000000721c00000| Complete |  0
| 147|0x0000000721e00000, 0x0000000722000000, 0x0000000722000000|100%| O|  |TAMS 0x0000000721e00000| PB 0x0000000721e00000| Untracked |  0
| 148|0x0000000722000000, 0x0000000722000000, 0x0000000722200000|  0%| F|  |TAMS 0x0000000722000000| PB 0x0000000722000000| Untracked |  0
| 149|0x0000000722200000, 0x0000000722400000, 0x0000000722400000|100%| O|  |TAMS 0x0000000722200000| PB 0x0000000722200000| Untracked |  0
| 150|0x0000000722400000, 0x0000000722600000, 0x0000000722600000|100%| O|  |TAMS 0x0000000722400000| PB 0x0000000722400000| Untracked |  0
| 151|0x0000000722600000, 0x0000000722800000, 0x0000000722800000|100%| O|  |TAMS 0x0000000722600000| PB 0x0000000722600000| Untracked |  0
| 152|0x0000000722800000, 0x0000000722a00000, 0x0000000722a00000|100%| O|Cm|TAMS 0x0000000722800000| PB 0x0000000722800000| Complete |  0
| 153|0x0000000722a00000, 0x0000000722c00000, 0x0000000722c00000|100%| O|  |TAMS 0x0000000722a00000| PB 0x0000000722a00000| Untracked |  0
| 154|0x0000000722c00000, 0x0000000722e00000, 0x0000000722e00000|100%| O|  |TAMS 0x0000000722c00000| PB 0x0000000722c00000| Untracked |  0
| 155|0x0000000722e00000, 0x0000000723000000, 0x0000000723000000|100%| O|  |TAMS 0x0000000722e00000| PB 0x0000000722e00000| Untracked |  0
| 156|0x0000000723000000, 0x0000000723200000, 0x0000000723200000|100%|HS|  |TAMS 0x0000000723000000| PB 0x0000000723000000| Complete |  0
| 157|0x0000000723200000, 0x0000000723400000, 0x0000000723400000|100%| O|  |TAMS 0x0000000723200000| PB 0x0000000723200000| Untracked |  0
| 158|0x0000000723400000, 0x0000000723600000, 0x0000000723600000|100%| O|  |TAMS 0x0000000723400000| PB 0x0000000723400000| Untracked |  0
| 159|0x0000000723600000, 0x0000000723800000, 0x0000000723800000|100%| O|  |TAMS 0x0000000723600000| PB 0x0000000723600000| Untracked |  0
| 160|0x0000000723800000, 0x0000000723a00000, 0x0000000723a00000|100%| O|  |TAMS 0x0000000723800000| PB 0x0000000723800000| Untracked |  0
| 161|0x0000000723a00000, 0x0000000723c00000, 0x0000000723c00000|100%| O|  |TAMS 0x0000000723a00000| PB 0x0000000723a00000| Untracked |  0
| 162|0x0000000723c00000, 0x0000000723e00000, 0x0000000723e00000|100%| O|  |TAMS 0x0000000723c00000| PB 0x0000000723c00000| Untracked |  0
| 163|0x0000000723e00000, 0x0000000724000000, 0x0000000724000000|100%| O|  |TAMS 0x0000000723e00000| PB 0x0000000723e00000| Untracked |  0
| 164|0x0000000724000000, 0x0000000724200000, 0x0000000724200000|100%| O|  |TAMS 0x0000000724000000| PB 0x0000000724000000| Untracked |  0
| 165|0x0000000724200000, 0x0000000724400000, 0x0000000724400000|100%| O|  |TAMS 0x0000000724200000| PB 0x0000000724200000| Untracked |  0
| 166|0x0000000724400000, 0x0000000724600000, 0x0000000724600000|100%| O|  |TAMS 0x0000000724400000| PB 0x0000000724400000| Untracked |  0
| 167|0x0000000724600000, 0x0000000724800000, 0x0000000724800000|100%| O|  |TAMS 0x0000000724600000| PB 0x0000000724600000| Untracked |  0
| 168|0x0000000724800000, 0x0000000724a00000, 0x0000000724a00000|100%| O|  |TAMS 0x0000000724800000| PB 0x0000000724800000| Untracked |  0
| 169|0x0000000724a00000, 0x0000000724c00000, 0x0000000724c00000|100%| O|  |TAMS 0x0000000724a00000| PB 0x0000000724a00000| Untracked |  0
| 170|0x0000000724c00000, 0x0000000724e00000, 0x0000000724e00000|100%| O|  |TAMS 0x0000000724c00000| PB 0x0000000724c00000| Untracked |  0
| 171|0x0000000724e00000, 0x0000000725000000, 0x0000000725000000|100%| O|  |TAMS 0x0000000724e00000| PB 0x0000000724e00000| Untracked |  0
| 172|0x0000000725000000, 0x0000000725200000, 0x0000000725200000|100%| O|  |TAMS 0x0000000725000000| PB 0x0000000725000000| Untracked |  0
| 173|0x0000000725200000, 0x0000000725400000, 0x0000000725400000|100%| O|  |TAMS 0x0000000725200000| PB 0x0000000725200000| Untracked |  0
| 174|0x0000000725400000, 0x0000000725600000, 0x0000000725600000|100%| O|  |TAMS 0x0000000725400000| PB 0x0000000725400000| Untracked |  0
| 175|0x0000000725600000, 0x0000000725800000, 0x0000000725800000|100%| O|  |TAMS 0x0000000725600000| PB 0x0000000725600000| Untracked |  0
| 176|0x0000000725800000, 0x0000000725a00000, 0x0000000725a00000|100%| O|  |TAMS 0x0000000725800000| PB 0x0000000725800000| Untracked |  0
| 177|0x0000000725a00000, 0x0000000725c00000, 0x0000000725c00000|100%| O|  |TAMS 0x0000000725a00000| PB 0x0000000725a00000| Untracked |  0
| 178|0x0000000725c00000, 0x0000000725c00000, 0x0000000725e00000|  0%| F|  |TAMS 0x0000000725c00000| PB 0x0000000725c00000| Untracked |  0
| 179|0x0000000725e00000, 0x0000000726000000, 0x0000000726000000|100%| O|  |TAMS 0x0000000725e00000| PB 0x0000000725e00000| Untracked |  0
| 180|0x0000000726000000, 0x0000000726200000, 0x0000000726200000|100%| O|  |TAMS 0x0000000726000000| PB 0x0000000726000000| Untracked |  0
| 181|0x0000000726200000, 0x0000000726400000, 0x0000000726400000|100%| O|  |TAMS 0x0000000726200000| PB 0x0000000726200000| Untracked |  0
| 182|0x0000000726400000, 0x0000000726600000, 0x0000000726600000|100%| O|  |TAMS 0x0000000726400000| PB 0x0000000726400000| Untracked |  0
| 183|0x0000000726600000, 0x0000000726800000, 0x0000000726800000|100%| O|  |TAMS 0x0000000726600000| PB 0x0000000726600000| Untracked |  0
| 184|0x0000000726800000, 0x0000000726a00000, 0x0000000726a00000|100%| O|  |TAMS 0x0000000726800000| PB 0x0000000726800000| Untracked |  0
| 185|0x0000000726a00000, 0x0000000726c00000, 0x0000000726c00000|100%| O|  |TAMS 0x0000000726a00000| PB 0x0000000726a00000| Untracked |  0
| 186|0x0000000726c00000, 0x0000000726e00000, 0x0000000726e00000|100%| O|  |TAMS 0x0000000726c00000| PB 0x0000000726c00000| Untracked |  0
| 187|0x0000000726e00000, 0x0000000727000000, 0x0000000727000000|100%| O|  |TAMS 0x0000000726e00000| PB 0x0000000726e00000| Untracked |  0
| 188|0x0000000727000000, 0x0000000727200000, 0x0000000727200000|100%| O|  |TAMS 0x0000000727000000| PB 0x0000000727000000| Untracked |  0
| 189|0x0000000727200000, 0x0000000727400000, 0x0000000727400000|100%| O|  |TAMS 0x0000000727200000| PB 0x0000000727200000| Untracked |  0
| 190|0x0000000727400000, 0x0000000727400000, 0x0000000727600000|  0%| F|  |TAMS 0x0000000727400000| PB 0x0000000727400000| Untracked |  0
| 191|0x0000000727600000, 0x0000000727800000, 0x0000000727800000|100%| O|  |TAMS 0x0000000727600000| PB 0x0000000727600000| Untracked |  0
| 192|0x0000000727800000, 0x0000000727a00000, 0x0000000727a00000|100%| O|  |TAMS 0x0000000727800000| PB 0x0000000727800000| Untracked |  0
| 193|0x0000000727a00000, 0x0000000727c00000, 0x0000000727c00000|100%| O|  |TAMS 0x0000000727a00000| PB 0x0000000727a00000| Untracked |  0
| 194|0x0000000727c00000, 0x0000000727e00000, 0x0000000727e00000|100%| O|  |TAMS 0x0000000727c00000| PB 0x0000000727c00000| Untracked |  0
| 195|0x0000000727e00000, 0x0000000728000000, 0x0000000728000000|100%| O|Cm|TAMS 0x0000000727e00000| PB 0x0000000727e00000| Complete |  0
| 196|0x0000000728000000, 0x0000000728200000, 0x0000000728200000|100%| O|  |TAMS 0x0000000728000000| PB 0x0000000728000000| Untracked |  0
| 197|0x0000000728200000, 0x0000000728400000, 0x0000000728400000|100%| O|  |TAMS 0x0000000728200000| PB 0x0000000728200000| Untracked |  0
| 198|0x0000000728400000, 0x0000000728400000, 0x0000000728600000|  0%| F|  |TAMS 0x0000000728400000| PB 0x0000000728400000| Untracked |  0
| 199|0x0000000728600000, 0x0000000728800000, 0x0000000728800000|100%| O|  |TAMS 0x0000000728600000| PB 0x0000000728600000| Untracked |  0
| 200|0x0000000728800000, 0x0000000728a00000, 0x0000000728a00000|100%| O|  |TAMS 0x0000000728800000| PB 0x0000000728800000| Untracked |  0
| 201|0x0000000728a00000, 0x0000000728c00000, 0x0000000728c00000|100%| O|  |TAMS 0x0000000728a00000| PB 0x0000000728a00000| Untracked |  0
| 202|0x0000000728c00000, 0x0000000728e00000, 0x0000000728e00000|100%| O|  |TAMS 0x0000000728c00000| PB 0x0000000728c00000| Untracked |  0
| 203|0x0000000728e00000, 0x0000000729000000, 0x0000000729000000|100%| O|  |TAMS 0x0000000728e00000| PB 0x0000000728e00000| Untracked |  0
| 204|0x0000000729000000, 0x0000000729000000, 0x0000000729200000|  0%| F|  |TAMS 0x0000000729000000| PB 0x0000000729000000| Untracked |  0
| 205|0x0000000729200000, 0x0000000729400000, 0x0000000729400000|100%| O|  |TAMS 0x0000000729200000| PB 0x0000000729200000| Untracked |  0
| 206|0x0000000729400000, 0x0000000729600000, 0x0000000729600000|100%| O|  |TAMS 0x0000000729400000| PB 0x0000000729400000| Untracked |  0
| 207|0x0000000729600000, 0x0000000729800000, 0x0000000729800000|100%| O|  |TAMS 0x0000000729600000| PB 0x0000000729600000| Untracked |  0
| 208|0x0000000729800000, 0x0000000729a00000, 0x0000000729a00000|100%| O|  |TAMS 0x0000000729800000| PB 0x0000000729800000| Untracked |  0
| 209|0x0000000729a00000, 0x0000000729c00000, 0x0000000729c00000|100%| O|Cm|TAMS 0x0000000729a00000| PB 0x0000000729a00000| Complete |  0
| 210|0x0000000729c00000, 0x0000000729e00000, 0x0000000729e00000|100%| O|  |TAMS 0x0000000729c00000| PB 0x0000000729c00000| Untracked |  0
| 211|0x0000000729e00000, 0x000000072a000000, 0x000000072a000000|100%| O|  |TAMS 0x0000000729e00000| PB 0x0000000729e00000| Untracked |  0
| 212|0x000000072a000000, 0x000000072a200000, 0x000000072a200000|100%| O|  |TAMS 0x000000072a000000| PB 0x000000072a000000| Untracked |  0
| 213|0x000000072a200000, 0x000000072a400000, 0x000000072a400000|100%| O|  |TAMS 0x000000072a200000| PB 0x000000072a200000| Untracked |  0
| 214|0x000000072a400000, 0x000000072a600000, 0x000000072a600000|100%| O|Cm|TAMS 0x000000072a400000| PB 0x000000072a400000| Complete |  0
| 215|0x000000072a600000, 0x000000072a800000, 0x000000072a800000|100%| O|  |TAMS 0x000000072a600000| PB 0x000000072a600000| Untracked |  0
| 216|0x000000072a800000, 0x000000072aa00000, 0x000000072aa00000|100%| O|  |TAMS 0x000000072a800000| PB 0x000000072a800000| Untracked |  0
| 217|0x000000072aa00000, 0x000000072ac00000, 0x000000072ac00000|100%| O|Cm|TAMS 0x000000072aa00000| PB 0x000000072aa00000| Complete |  0
| 218|0x000000072ac00000, 0x000000072ae00000, 0x000000072ae00000|100%| O|  |TAMS 0x000000072ac00000| PB 0x000000072ac00000| Untracked |  0
| 219|0x000000072ae00000, 0x000000072b000000, 0x000000072b000000|100%| O|  |TAMS 0x000000072ae00000| PB 0x000000072ae00000| Untracked |  0
| 220|0x000000072b000000, 0x000000072b200000, 0x000000072b200000|100%| O|  |TAMS 0x000000072b000000| PB 0x000000072b000000| Untracked |  0
| 221|0x000000072b200000, 0x000000072b400000, 0x000000072b400000|100%| O|  |TAMS 0x000000072b200000| PB 0x000000072b200000| Untracked |  0
| 222|0x000000072b400000, 0x000000072b600000, 0x000000072b600000|100%| O|  |TAMS 0x000000072b400000| PB 0x000000072b400000| Untracked |  0
| 223|0x000000072b600000, 0x000000072b800000, 0x000000072b800000|100%| O|  |TAMS 0x000000072b600000| PB 0x000000072b600000| Untracked |  0
| 224|0x000000072b800000, 0x000000072ba00000, 0x000000072ba00000|100%| O|  |TAMS 0x000000072b800000| PB 0x000000072b800000| Untracked |  0
| 225|0x000000072ba00000, 0x000000072bc00000, 0x000000072bc00000|100%| O|  |TAMS 0x000000072ba00000| PB 0x000000072ba00000| Untracked |  0
| 226|0x000000072bc00000, 0x000000072be00000, 0x000000072be00000|100%| O|  |TAMS 0x000000072bc00000| PB 0x000000072bc00000| Untracked |  0
| 227|0x000000072be00000, 0x000000072c000000, 0x000000072c000000|100%| O|Cm|TAMS 0x000000072be00000| PB 0x000000072be00000| Complete |  0
| 228|0x000000072c000000, 0x000000072c200000, 0x000000072c200000|100%| O|  |TAMS 0x000000072c000000| PB 0x000000072c000000| Untracked |  0
| 229|0x000000072c200000, 0x000000072c400000, 0x000000072c400000|100%| O|  |TAMS 0x000000072c200000| PB 0x000000072c200000| Untracked |  0
| 230|0x000000072c400000, 0x000000072c600000, 0x000000072c600000|100%| O|  |TAMS 0x000000072c400000| PB 0x000000072c400000| Untracked |  0
| 231|0x000000072c600000, 0x000000072c800000, 0x000000072c800000|100%| O|Cm|TAMS 0x000000072c600000| PB 0x000000072c600000| Complete |  0
| 232|0x000000072c800000, 0x000000072ca00000, 0x000000072ca00000|100%| O|  |TAMS 0x000000072c800000| PB 0x000000072c800000| Untracked |  0
| 233|0x000000072ca00000, 0x000000072cc00000, 0x000000072cc00000|100%| O|  |TAMS 0x000000072ca00000| PB 0x000000072ca00000| Untracked |  0
| 234|0x000000072cc00000, 0x000000072cc00000, 0x000000072ce00000|  0%| F|  |TAMS 0x000000072cc00000| PB 0x000000072cc00000| Untracked |  0
| 235|0x000000072ce00000, 0x000000072d000000, 0x000000072d000000|100%| O|  |TAMS 0x000000072ce00000| PB 0x000000072ce00000| Untracked |  0
| 236|0x000000072d000000, 0x000000072d200000, 0x000000072d200000|100%| O|  |TAMS 0x000000072d000000| PB 0x000000072d000000| Untracked |  0
| 237|0x000000072d200000, 0x000000072d400000, 0x000000072d400000|100%| O|  |TAMS 0x000000072d200000| PB 0x000000072d200000| Untracked |  0
| 238|0x000000072d400000, 0x000000072d600000, 0x000000072d600000|100%| O|  |TAMS 0x000000072d400000| PB 0x000000072d400000| Untracked |  0
| 239|0x000000072d600000, 0x000000072d800000, 0x000000072d800000|100%| O|Cm|TAMS 0x000000072d600000| PB 0x000000072d600000| Complete |  0
| 240|0x000000072d800000, 0x000000072d800000, 0x000000072da00000|  0%| F|  |TAMS 0x000000072d800000| PB 0x000000072d800000| Untracked |  0
| 241|0x000000072da00000, 0x000000072dc00000, 0x000000072dc00000|100%| O|  |TAMS 0x000000072da00000| PB 0x000000072da00000| Untracked |  0
| 242|0x000000072dc00000, 0x000000072de00000, 0x000000072de00000|100%| O|  |TAMS 0x000000072dc00000| PB 0x000000072dc00000| Untracked |  0
| 243|0x000000072de00000, 0x000000072e000000, 0x000000072e000000|100%| O|  |TAMS 0x000000072de00000| PB 0x000000072de00000| Untracked |  0
| 244|0x000000072e000000, 0x000000072e200000, 0x000000072e200000|100%| O|  |TAMS 0x000000072e000000| PB 0x000000072e000000| Untracked |  0
| 245|0x000000072e200000, 0x000000072e400000, 0x000000072e400000|100%| O|  |TAMS 0x000000072e200000| PB 0x000000072e200000| Untracked |  0
| 246|0x000000072e400000, 0x000000072e600000, 0x000000072e600000|100%| O|  |TAMS 0x000000072e400000| PB 0x000000072e400000| Untracked |  0
| 247|0x000000072e600000, 0x000000072e800000, 0x000000072e800000|100%| O|  |TAMS 0x000000072e600000| PB 0x000000072e600000| Untracked |  0
| 248|0x000000072e800000, 0x000000072ea00000, 0x000000072ea00000|100%| O|  |TAMS 0x000000072e800000| PB 0x000000072e800000| Untracked |  0
| 249|0x000000072ea00000, 0x000000072ec00000, 0x000000072ec00000|100%| O|  |TAMS 0x000000072ea00000| PB 0x000000072ea00000| Untracked |  0
| 250|0x000000072ec00000, 0x000000072ee00000, 0x000000072ee00000|100%| O|  |TAMS 0x000000072ec00000| PB 0x000000072ec00000| Untracked |  0
| 251|0x000000072ee00000, 0x000000072f000000, 0x000000072f000000|100%| O|  |TAMS 0x000000072ee00000| PB 0x000000072ee00000| Untracked |  0
| 252|0x000000072f000000, 0x000000072f000000, 0x000000072f200000|  0%| F|  |TAMS 0x000000072f000000| PB 0x000000072f000000| Untracked |  0
| 253|0x000000072f200000, 0x000000072f400000, 0x000000072f400000|100%| O|  |TAMS 0x000000072f200000| PB 0x000000072f200000| Untracked |  0
| 254|0x000000072f400000, 0x000000072f600000, 0x000000072f600000|100%| O|  |TAMS 0x000000072f400000| PB 0x000000072f400000| Untracked |  0
| 255|0x000000072f600000, 0x000000072f800000, 0x000000072f800000|100%| O|  |TAMS 0x000000072f600000| PB 0x000000072f600000| Untracked |  0
| 256|0x000000072f800000, 0x000000072fa00000, 0x000000072fa00000|100%| O|  |TAMS 0x000000072f800000| PB 0x000000072f800000| Untracked |  0
| 257|0x000000072fa00000, 0x000000072fc00000, 0x000000072fc00000|100%| O|Cm|TAMS 0x000000072fa00000| PB 0x000000072fa00000| Complete |  0
| 258|0x000000072fc00000, 0x000000072fe00000, 0x000000072fe00000|100%| O|  |TAMS 0x000000072fc00000| PB 0x000000072fc00000| Untracked |  0
| 259|0x000000072fe00000, 0x0000000730000000, 0x0000000730000000|100%| O|  |TAMS 0x000000072fe00000| PB 0x000000072fe00000| Untracked |  0
| 260|0x0000000730000000, 0x0000000730200000, 0x0000000730200000|100%| O|  |TAMS 0x0000000730000000| PB 0x0000000730000000| Untracked |  0
| 261|0x0000000730200000, 0x0000000730400000, 0x0000000730400000|100%| O|  |TAMS 0x0000000730200000| PB 0x0000000730200000| Untracked |  0
| 262|0x0000000730400000, 0x0000000730600000, 0x0000000730600000|100%| O|  |TAMS 0x0000000730400000| PB 0x0000000730400000| Untracked |  0
| 263|0x0000000730600000, 0x0000000730800000, 0x0000000730800000|100%| O|  |TAMS 0x0000000730600000| PB 0x0000000730600000| Untracked |  0
| 264|0x0000000730800000, 0x0000000730a00000, 0x0000000730a00000|100%| O|  |TAMS 0x0000000730800000| PB 0x0000000730800000| Untracked |  0
| 265|0x0000000730a00000, 0x0000000730a00000, 0x0000000730c00000|  0%| F|  |TAMS 0x0000000730a00000| PB 0x0000000730a00000| Untracked |  0
| 266|0x0000000730c00000, 0x0000000730e00000, 0x0000000730e00000|100%| O|  |TAMS 0x0000000730c00000| PB 0x0000000730c00000| Untracked |  0
| 267|0x0000000730e00000, 0x0000000731000000, 0x0000000731000000|100%| O|  |TAMS 0x0000000730e00000| PB 0x0000000730e00000| Untracked |  0
| 268|0x0000000731000000, 0x0000000731200000, 0x0000000731200000|100%| O|  |TAMS 0x0000000731000000| PB 0x0000000731000000| Untracked |  0
| 269|0x0000000731200000, 0x0000000731400000, 0x0000000731400000|100%| O|  |TAMS 0x0000000731200000| PB 0x0000000731200000| Untracked |  0
| 270|0x0000000731400000, 0x0000000731600000, 0x0000000731600000|100%| O|  |TAMS 0x0000000731400000| PB 0x0000000731400000| Untracked |  0
| 271|0x0000000731600000, 0x0000000731800000, 0x0000000731800000|100%| O|  |TAMS 0x0000000731600000| PB 0x0000000731600000| Untracked |  0
| 272|0x0000000731800000, 0x0000000731a00000, 0x0000000731a00000|100%| O|  |TAMS 0x0000000731800000| PB 0x0000000731800000| Untracked |  0
| 273|0x0000000731a00000, 0x0000000731c00000, 0x0000000731c00000|100%| O|  |TAMS 0x0000000731a00000| PB 0x0000000731a00000| Untracked |  0
| 274|0x0000000731c00000, 0x0000000731e00000, 0x0000000731e00000|100%| O|  |TAMS 0x0000000731c00000| PB 0x0000000731c00000| Untracked |  0
| 275|0x0000000731e00000, 0x0000000732000000, 0x0000000732000000|100%| O|  |TAMS 0x0000000731e00000| PB 0x0000000731e00000| Untracked |  0
| 276|0x0000000732000000, 0x0000000732200000, 0x0000000732200000|100%| O|  |TAMS 0x0000000732000000| PB 0x0000000732000000| Untracked |  0
| 277|0x0000000732200000, 0x0000000732400000, 0x0000000732400000|100%| O|  |TAMS 0x0000000732200000| PB 0x0000000732200000| Untracked |  0
| 278|0x0000000732400000, 0x0000000732600000, 0x0000000732600000|100%| O|  |TAMS 0x0000000732400000| PB 0x0000000732400000| Untracked |  0
| 279|0x0000000732600000, 0x0000000732800000, 0x0000000732800000|100%| O|  |TAMS 0x0000000732600000| PB 0x0000000732600000| Untracked |  0
| 280|0x0000000732800000, 0x0000000732a00000, 0x0000000732a00000|100%| O|  |TAMS 0x0000000732800000| PB 0x0000000732800000| Untracked |  0
| 281|0x0000000732a00000, 0x0000000732c00000, 0x0000000732c00000|100%| O|  |TAMS 0x0000000732a00000| PB 0x0000000732a00000| Untracked |  0
| 282|0x0000000732c00000, 0x0000000732e00000, 0x0000000732e00000|100%| O|  |TAMS 0x0000000732c00000| PB 0x0000000732c00000| Untracked |  0
| 283|0x0000000732e00000, 0x0000000733000000, 0x0000000733000000|100%| O|  |TAMS 0x0000000732e00000| PB 0x0000000732e00000| Untracked |  0
| 284|0x0000000733000000, 0x0000000733200000, 0x0000000733200000|100%| O|  |TAMS 0x0000000733000000| PB 0x0000000733000000| Untracked |  0
| 285|0x0000000733200000, 0x0000000733400000, 0x0000000733400000|100%| O|  |TAMS 0x0000000733200000| PB 0x0000000733200000| Untracked |  0
| 286|0x0000000733400000, 0x0000000733600000, 0x0000000733600000|100%| O|  |TAMS 0x0000000733400000| PB 0x0000000733400000| Untracked |  0
| 287|0x0000000733600000, 0x0000000733800000, 0x0000000733800000|100%| O|  |TAMS 0x0000000733600000| PB 0x0000000733600000| Untracked |  0
| 288|0x0000000733800000, 0x0000000733a00000, 0x0000000733a00000|100%| O|  |TAMS 0x0000000733800000| PB 0x0000000733800000| Untracked |  0
| 289|0x0000000733a00000, 0x0000000733c00000, 0x0000000733c00000|100%| O|  |TAMS 0x0000000733a00000| PB 0x0000000733a00000| Untracked |  0
| 290|0x0000000733c00000, 0x0000000733e00000, 0x0000000733e00000|100%| O|  |TAMS 0x0000000733c00000| PB 0x0000000733c00000| Untracked |  0
| 291|0x0000000733e00000, 0x0000000734000000, 0x0000000734000000|100%| O|  |TAMS 0x0000000733e00000| PB 0x0000000733e00000| Untracked |  0
| 292|0x0000000734000000, 0x0000000734200000, 0x0000000734200000|100%| O|  |TAMS 0x0000000734000000| PB 0x0000000734000000| Untracked |  0
| 293|0x0000000734200000, 0x0000000734200000, 0x0000000734400000|  0%| F|  |TAMS 0x0000000734200000| PB 0x0000000734200000| Untracked |  0
| 294|0x0000000734400000, 0x0000000734400000, 0x0000000734600000|  0%| F|  |TAMS 0x0000000734400000| PB 0x0000000734400000| Untracked |  0
| 295|0x0000000734600000, 0x0000000734800000, 0x0000000734800000|100%| O|  |TAMS 0x0000000734600000| PB 0x0000000734600000| Untracked |  0
| 296|0x0000000734800000, 0x0000000734a00000, 0x0000000734a00000|100%| O|  |TAMS 0x0000000734800000| PB 0x0000000734800000| Untracked |  0
| 297|0x0000000734a00000, 0x0000000734c00000, 0x0000000734c00000|100%| O|  |TAMS 0x0000000734a00000| PB 0x0000000734a00000| Untracked |  0
| 298|0x0000000734c00000, 0x0000000734e00000, 0x0000000734e00000|100%| O|  |TAMS 0x0000000734c00000| PB 0x0000000734c00000| Untracked |  0
| 299|0x0000000734e00000, 0x0000000735000000, 0x0000000735000000|100%| O|  |TAMS 0x0000000734e00000| PB 0x0000000734e00000| Untracked |  0
| 300|0x0000000735000000, 0x0000000735200000, 0x0000000735200000|100%| O|  |TAMS 0x0000000735000000| PB 0x0000000735000000| Untracked |  0
| 301|0x0000000735200000, 0x0000000735400000, 0x0000000735400000|100%| O|  |TAMS 0x0000000735200000| PB 0x0000000735200000| Untracked |  0
| 302|0x0000000735400000, 0x0000000735600000, 0x0000000735600000|100%| O|  |TAMS 0x0000000735400000| PB 0x0000000735400000| Untracked |  0
| 303|0x0000000735600000, 0x0000000735800000, 0x0000000735800000|100%| O|  |TAMS 0x0000000735600000| PB 0x0000000735600000| Untracked |  0
| 304|0x0000000735800000, 0x0000000735a00000, 0x0000000735a00000|100%| O|  |TAMS 0x0000000735800000| PB 0x0000000735800000| Untracked |  0
| 305|0x0000000735a00000, 0x0000000735c00000, 0x0000000735c00000|100%| O|  |TAMS 0x0000000735a00000| PB 0x0000000735a00000| Untracked |  0
| 306|0x0000000735c00000, 0x0000000735e00000, 0x0000000735e00000|100%| O|  |TAMS 0x0000000735c00000| PB 0x0000000735c00000| Untracked |  0
| 307|0x0000000735e00000, 0x0000000736000000, 0x0000000736000000|100%| O|Cm|TAMS 0x0000000735e00000| PB 0x0000000735e00000| Complete |  0
| 308|0x0000000736000000, 0x0000000736000000, 0x0000000736200000|  0%| F|  |TAMS 0x0000000736000000| PB 0x0000000736000000| Untracked |  0
| 309|0x0000000736200000, 0x0000000736400000, 0x0000000736400000|100%| O|  |TAMS 0x0000000736200000| PB 0x0000000736200000| Untracked |  0
| 310|0x0000000736400000, 0x0000000736600000, 0x0000000736600000|100%| O|  |TAMS 0x0000000736400000| PB 0x0000000736400000| Untracked |  0
| 311|0x0000000736600000, 0x0000000736800000, 0x0000000736800000|100%| O|  |TAMS 0x0000000736600000| PB 0x0000000736600000| Untracked |  0
| 312|0x0000000736800000, 0x0000000736a00000, 0x0000000736a00000|100%| O|  |TAMS 0x0000000736800000| PB 0x0000000736800000| Untracked |  0
| 313|0x0000000736a00000, 0x0000000736a00000, 0x0000000736c00000|  0%| F|  |TAMS 0x0000000736a00000| PB 0x0000000736a00000| Untracked |  0
| 314|0x0000000736c00000, 0x0000000736c00000, 0x0000000736e00000|  0%| F|  |TAMS 0x0000000736c00000| PB 0x0000000736c00000| Untracked |  0
| 315|0x0000000736e00000, 0x0000000737000000, 0x0000000737000000|100%| O|  |TAMS 0x0000000736e00000| PB 0x0000000736e00000| Untracked |  0
| 316|0x0000000737000000, 0x0000000737200000, 0x0000000737200000|100%| O|  |TAMS 0x0000000737000000| PB 0x0000000737000000| Untracked |  0
| 317|0x0000000737200000, 0x0000000737400000, 0x0000000737400000|100%| O|  |TAMS 0x0000000737200000| PB 0x0000000737200000| Untracked |  0
| 318|0x0000000737400000, 0x0000000737600000, 0x0000000737600000|100%| O|  |TAMS 0x0000000737400000| PB 0x0000000737400000| Untracked |  0
| 319|0x0000000737600000, 0x0000000737800000, 0x0000000737800000|100%| O|  |TAMS 0x0000000737600000| PB 0x0000000737600000| Untracked |  0
| 320|0x0000000737800000, 0x0000000737a00000, 0x0000000737a00000|100%| O|  |TAMS 0x0000000737800000| PB 0x0000000737800000| Untracked |  0
| 321|0x0000000737a00000, 0x0000000737a00000, 0x0000000737c00000|  0%| F|  |TAMS 0x0000000737a00000| PB 0x0000000737a00000| Untracked |  0
| 322|0x0000000737c00000, 0x0000000737c00000, 0x0000000737e00000|  0%| F|  |TAMS 0x0000000737c00000| PB 0x0000000737c00000| Untracked |  0
| 323|0x0000000737e00000, 0x0000000737e00000, 0x0000000738000000|  0%| F|  |TAMS 0x0000000737e00000| PB 0x0000000737e00000| Untracked |  0
| 324|0x0000000738000000, 0x0000000738000000, 0x0000000738200000|  0%| F|  |TAMS 0x0000000738000000| PB 0x0000000738000000| Untracked |  0
| 325|0x0000000738200000, 0x0000000738200000, 0x0000000738400000|  0%| F|  |TAMS 0x0000000738200000| PB 0x0000000738200000| Untracked |  0
| 326|0x0000000738400000, 0x0000000738400000, 0x0000000738600000|  0%| F|  |TAMS 0x0000000738400000| PB 0x0000000738400000| Untracked |  0
| 327|0x0000000738600000, 0x0000000738600000, 0x0000000738800000|  0%| F|  |TAMS 0x0000000738600000| PB 0x0000000738600000| Untracked |  0
| 328|0x0000000738800000, 0x0000000738800000, 0x0000000738a00000|  0%| F|  |TAMS 0x0000000738800000| PB 0x0000000738800000| Untracked |  0
| 329|0x0000000738a00000, 0x0000000738a00000, 0x0000000738c00000|  0%| F|  |TAMS 0x0000000738a00000| PB 0x0000000738a00000| Untracked |  0
| 330|0x0000000738c00000, 0x0000000738c00000, 0x0000000738e00000|  0%| F|  |TAMS 0x0000000738c00000| PB 0x0000000738c00000| Untracked |  0
| 331|0x0000000738e00000, 0x0000000738e00000, 0x0000000739000000|  0%| F|  |TAMS 0x0000000738e00000| PB 0x0000000738e00000| Untracked |  0
| 332|0x0000000739000000, 0x0000000739000000, 0x0000000739200000|  0%| F|  |TAMS 0x0000000739000000| PB 0x0000000739000000| Untracked |  0
| 333|0x0000000739200000, 0x0000000739200000, 0x0000000739400000|  0%| F|  |TAMS 0x0000000739200000| PB 0x0000000739200000| Untracked |  0
| 334|0x0000000739400000, 0x0000000739400000, 0x0000000739600000|  0%| F|  |TAMS 0x0000000739400000| PB 0x0000000739400000| Untracked |  0
| 335|0x0000000739600000, 0x0000000739600000, 0x0000000739800000|  0%| F|  |TAMS 0x0000000739600000| PB 0x0000000739600000| Untracked |  0
| 336|0x0000000739800000, 0x0000000739a00000, 0x0000000739a00000|100%| O|  |TAMS 0x0000000739800000| PB 0x0000000739800000| Untracked |  0
| 337|0x0000000739a00000, 0x0000000739c00000, 0x0000000739c00000|100%| O|  |TAMS 0x0000000739a00000| PB 0x0000000739a00000| Untracked |  0
| 338|0x0000000739c00000, 0x0000000739e00000, 0x0000000739e00000|100%| O|  |TAMS 0x0000000739c00000| PB 0x0000000739c00000| Untracked |  0
| 339|0x0000000739e00000, 0x000000073a000000, 0x000000073a000000|100%| O|  |TAMS 0x0000000739e00000| PB 0x0000000739e00000| Untracked |  0
| 340|0x000000073a000000, 0x000000073a200000, 0x000000073a200000|100%| O|  |TAMS 0x000000073a000000| PB 0x000000073a000000| Untracked |  0
| 341|0x000000073a200000, 0x000000073a400000, 0x000000073a400000|100%| O|  |TAMS 0x000000073a200000| PB 0x000000073a200000| Untracked |  0
| 342|0x000000073a400000, 0x000000073a600000, 0x000000073a600000|100%| O|  |TAMS 0x000000073a400000| PB 0x000000073a400000| Untracked |  0
| 343|0x000000073a600000, 0x000000073a800000, 0x000000073a800000|100%| O|  |TAMS 0x000000073a600000| PB 0x000000073a600000| Untracked |  0
| 344|0x000000073a800000, 0x000000073aa00000, 0x000000073aa00000|100%| O|  |TAMS 0x000000073a800000| PB 0x000000073a800000| Untracked |  0
| 345|0x000000073aa00000, 0x000000073ac00000, 0x000000073ac00000|100%| O|  |TAMS 0x000000073aa00000| PB 0x000000073aa00000| Untracked |  0
| 346|0x000000073ac00000, 0x000000073ae00000, 0x000000073ae00000|100%| O|  |TAMS 0x000000073ac00000| PB 0x000000073ac00000| Untracked |  0
| 347|0x000000073ae00000, 0x000000073b000000, 0x000000073b000000|100%| O|  |TAMS 0x000000073ae00000| PB 0x000000073ae00000| Untracked |  0
| 348|0x000000073b000000, 0x000000073b200000, 0x000000073b200000|100%| S|CS|TAMS 0x000000073b000000| PB 0x000000073b000000| Complete |  0
| 349|0x000000073b200000, 0x000000073b400000, 0x000000073b400000|100%| S|CS|TAMS 0x000000073b200000| PB 0x000000073b200000| Complete |  0
| 350|0x000000073b400000, 0x000000073b600000, 0x000000073b600000|100%| S|CS|TAMS 0x000000073b400000| PB 0x000000073b400000| Complete |  0
| 351|0x000000073b600000, 0x000000073b800000, 0x000000073b800000|100%| S|CS|TAMS 0x000000073b600000| PB 0x000000073b600000| Complete |  0
| 352|0x000000073b800000, 0x000000073ba00000, 0x000000073ba00000|100%| S|CS|TAMS 0x000000073b800000| PB 0x000000073b800000| Complete |  0
| 353|0x000000073ba00000, 0x000000073bc00000, 0x000000073bc00000|100%| S|CS|TAMS 0x000000073ba00000| PB 0x000000073ba00000| Complete |  0
| 354|0x000000073bc00000, 0x000000073be00000, 0x000000073be00000|100%| S|CS|TAMS 0x000000073bc00000| PB 0x000000073bc00000| Complete |  0
| 355|0x000000073be00000, 0x000000073c000000, 0x000000073c000000|100%| S|CS|TAMS 0x000000073be00000| PB 0x000000073be00000| Complete |  0
| 356|0x000000073c000000, 0x000000073c200000, 0x000000073c200000|100%| S|CS|TAMS 0x000000073c000000| PB 0x000000073c000000| Complete |  0
| 357|0x000000073c200000, 0x000000073c400000, 0x000000073c400000|100%| S|CS|TAMS 0x000000073c200000| PB 0x000000073c200000| Complete |  0
| 358|0x000000073c400000, 0x000000073c600000, 0x000000073c600000|100%| S|CS|TAMS 0x000000073c400000| PB 0x000000073c400000| Complete |  0
| 359|0x000000073c600000, 0x000000073c800000, 0x000000073c800000|100%| S|CS|TAMS 0x000000073c600000| PB 0x000000073c600000| Complete |  0
| 360|0x000000073c800000, 0x000000073ca00000, 0x000000073ca00000|100%| S|CS|TAMS 0x000000073c800000| PB 0x000000073c800000| Complete |  0
| 361|0x000000073ca00000, 0x000000073cc00000, 0x000000073cc00000|100%| S|CS|TAMS 0x000000073ca00000| PB 0x000000073ca00000| Complete |  0
| 362|0x000000073cc00000, 0x000000073ce00000, 0x000000073ce00000|100%| S|CS|TAMS 0x000000073cc00000| PB 0x000000073cc00000| Complete |  0
| 363|0x000000073ce00000, 0x000000073d000000, 0x000000073d000000|100%| S|CS|TAMS 0x000000073ce00000| PB 0x000000073ce00000| Complete |  0
| 364|0x000000073d000000, 0x000000073d200000, 0x000000073d200000|100%| S|CS|TAMS 0x000000073d000000| PB 0x000000073d000000| Complete |  0
| 365|0x000000073d200000, 0x000000073d400000, 0x000000073d400000|100%| S|CS|TAMS 0x000000073d200000| PB 0x000000073d200000| Complete |  0
| 366|0x000000073d400000, 0x000000073d400000, 0x000000073d600000|  0%| F|  |TAMS 0x000000073d400000| PB 0x000000073d400000| Untracked |  0
| 367|0x000000073d600000, 0x000000073d600000, 0x000000073d800000|  0%| F|  |TAMS 0x000000073d600000| PB 0x000000073d600000| Untracked |  0
| 368|0x000000073d800000, 0x000000073d800000, 0x000000073da00000|  0%| F|  |TAMS 0x000000073d800000| PB 0x000000073d800000| Untracked |  0
| 369|0x000000073da00000, 0x000000073da00000, 0x000000073dc00000|  0%| F|  |TAMS 0x000000073da00000| PB 0x000000073da00000| Untracked |  0
| 370|0x000000073dc00000, 0x000000073dc00000, 0x000000073de00000|  0%| F|  |TAMS 0x000000073dc00000| PB 0x000000073dc00000| Untracked |  0
| 371|0x000000073de00000, 0x000000073de00000, 0x000000073e000000|  0%| F|  |TAMS 0x000000073de00000| PB 0x000000073de00000| Untracked |  0
| 372|0x000000073e000000, 0x000000073e000000, 0x000000073e200000|  0%| F|  |TAMS 0x000000073e000000| PB 0x000000073e000000| Untracked |  0
| 373|0x000000073e200000, 0x000000073e200000, 0x000000073e400000|  0%| F|  |TAMS 0x000000073e200000| PB 0x000000073e200000| Untracked |  0
| 374|0x000000073e400000, 0x000000073e400000, 0x000000073e600000|  0%| F|  |TAMS 0x000000073e400000| PB 0x000000073e400000| Untracked |  0
| 375|0x000000073e600000, 0x000000073e600000, 0x000000073e800000|  0%| F|  |TAMS 0x000000073e600000| PB 0x000000073e600000| Untracked |  0
| 376|0x000000073e800000, 0x000000073e800000, 0x000000073ea00000|  0%| F|  |TAMS 0x000000073e800000| PB 0x000000073e800000| Untracked |  0
| 377|0x000000073ea00000, 0x000000073ea00000, 0x000000073ec00000|  0%| F|  |TAMS 0x000000073ea00000| PB 0x000000073ea00000| Untracked |  0
| 378|0x000000073ec00000, 0x000000073ec00000, 0x000000073ee00000|  0%| F|  |TAMS 0x000000073ec00000| PB 0x000000073ec00000| Untracked |  0
| 379|0x000000073ee00000, 0x000000073ee00000, 0x000000073f000000|  0%| F|  |TAMS 0x000000073ee00000| PB 0x000000073ee00000| Untracked |  0
| 380|0x000000073f000000, 0x000000073f000000, 0x000000073f200000|  0%| F|  |TAMS 0x000000073f000000| PB 0x000000073f000000| Untracked |  0
| 381|0x000000073f200000, 0x000000073f200000, 0x000000073f400000|  0%| F|  |TAMS 0x000000073f200000| PB 0x000000073f200000| Untracked |  0
| 382|0x000000073f400000, 0x000000073f400000, 0x000000073f600000|  0%| F|  |TAMS 0x000000073f400000| PB 0x000000073f400000| Untracked |  0
| 383|0x000000073f600000, 0x000000073f600000, 0x000000073f800000|  0%| F|  |TAMS 0x000000073f600000| PB 0x000000073f600000| Untracked |  0
| 384|0x000000073f800000, 0x000000073f800000, 0x000000073fa00000|  0%| F|  |TAMS 0x000000073f800000| PB 0x000000073f800000| Untracked |  0
| 385|0x000000073fa00000, 0x000000073fa00000, 0x000000073fc00000|  0%| F|  |TAMS 0x000000073fa00000| PB 0x000000073fa00000| Untracked |  0
| 386|0x000000073fc00000, 0x000000073fc00000, 0x000000073fe00000|  0%| F|  |TAMS 0x000000073fc00000| PB 0x000000073fc00000| Untracked |  0
| 387|0x000000073fe00000, 0x000000073fe00000, 0x0000000740000000|  0%| F|  |TAMS 0x000000073fe00000| PB 0x000000073fe00000| Untracked |  0
| 388|0x0000000740000000, 0x0000000740000000, 0x0000000740200000|  0%| F|  |TAMS 0x0000000740000000| PB 0x0000000740000000| Untracked |  0
| 389|0x0000000740200000, 0x0000000740200000, 0x0000000740400000|  0%| F|  |TAMS 0x0000000740200000| PB 0x0000000740200000| Untracked |  0
| 390|0x0000000740400000, 0x0000000740400000, 0x0000000740600000|  0%| F|  |TAMS 0x0000000740400000| PB 0x0000000740400000| Untracked |  0
| 391|0x0000000740600000, 0x0000000740600000, 0x0000000740800000|  0%| F|  |TAMS 0x0000000740600000| PB 0x0000000740600000| Untracked |  0
| 392|0x0000000740800000, 0x0000000740800000, 0x0000000740a00000|  0%| F|  |TAMS 0x0000000740800000| PB 0x0000000740800000| Untracked |  0
| 393|0x0000000740a00000, 0x0000000740a00000, 0x0000000740c00000|  0%| F|  |TAMS 0x0000000740a00000| PB 0x0000000740a00000| Untracked |  0
| 394|0x0000000740c00000, 0x0000000740c00000, 0x0000000740e00000|  0%| F|  |TAMS 0x0000000740c00000| PB 0x0000000740c00000| Untracked |  0
| 395|0x0000000740e00000, 0x0000000740e00000, 0x0000000741000000|  0%| F|  |TAMS 0x0000000740e00000| PB 0x0000000740e00000| Untracked |  0
| 396|0x0000000741000000, 0x0000000741000000, 0x0000000741200000|  0%| F|  |TAMS 0x0000000741000000| PB 0x0000000741000000| Untracked |  0
| 397|0x0000000741200000, 0x0000000741200000, 0x0000000741400000|  0%| F|  |TAMS 0x0000000741200000| PB 0x0000000741200000| Untracked |  0
| 398|0x0000000741400000, 0x0000000741400000, 0x0000000741600000|  0%| F|  |TAMS 0x0000000741400000| PB 0x0000000741400000| Untracked |  0
| 399|0x0000000741600000, 0x0000000741600000, 0x0000000741800000|  0%| F|  |TAMS 0x0000000741600000| PB 0x0000000741600000| Untracked |  0
| 400|0x0000000741800000, 0x0000000741800000, 0x0000000741a00000|  0%| F|  |TAMS 0x0000000741800000| PB 0x0000000741800000| Untracked |  0
| 401|0x0000000741a00000, 0x0000000741a00000, 0x0000000741c00000|  0%| F|  |TAMS 0x0000000741a00000| PB 0x0000000741a00000| Untracked |  0
| 402|0x0000000741c00000, 0x0000000741c00000, 0x0000000741e00000|  0%| F|  |TAMS 0x0000000741c00000| PB 0x0000000741c00000| Untracked |  0
| 403|0x0000000741e00000, 0x0000000741e00000, 0x0000000742000000|  0%| F|  |TAMS 0x0000000741e00000| PB 0x0000000741e00000| Untracked |  0
| 404|0x0000000742000000, 0x0000000742000000, 0x0000000742200000|  0%| F|  |TAMS 0x0000000742000000| PB 0x0000000742000000| Untracked |  0
| 405|0x0000000742200000, 0x0000000742200000, 0x0000000742400000|  0%| F|  |TAMS 0x0000000742200000| PB 0x0000000742200000| Untracked |  0
| 406|0x0000000742400000, 0x0000000742400000, 0x0000000742600000|  0%| F|  |TAMS 0x0000000742400000| PB 0x0000000742400000| Untracked |  0
| 407|0x0000000742600000, 0x0000000742600000, 0x0000000742800000|  0%| F|  |TAMS 0x0000000742600000| PB 0x0000000742600000| Untracked |  0
| 408|0x0000000742800000, 0x0000000742800000, 0x0000000742a00000|  0%| F|  |TAMS 0x0000000742800000| PB 0x0000000742800000| Untracked |  0
| 409|0x0000000742a00000, 0x0000000742a00000, 0x0000000742c00000|  0%| F|  |TAMS 0x0000000742a00000| PB 0x0000000742a00000| Untracked |  0
| 410|0x0000000742c00000, 0x0000000742c00000, 0x0000000742e00000|  0%| F|  |TAMS 0x0000000742c00000| PB 0x0000000742c00000| Untracked |  0
| 411|0x0000000742e00000, 0x0000000742e00000, 0x0000000743000000|  0%| F|  |TAMS 0x0000000742e00000| PB 0x0000000742e00000| Untracked |  0
| 412|0x0000000743000000, 0x0000000743000000, 0x0000000743200000|  0%| F|  |TAMS 0x0000000743000000| PB 0x0000000743000000| Untracked |  0
| 413|0x0000000743200000, 0x0000000743200000, 0x0000000743400000|  0%| F|  |TAMS 0x0000000743200000| PB 0x0000000743200000| Untracked |  0
| 414|0x0000000743400000, 0x0000000743400000, 0x0000000743600000|  0%| F|  |TAMS 0x0000000743400000| PB 0x0000000743400000| Untracked |  0
| 415|0x0000000743600000, 0x0000000743600000, 0x0000000743800000|  0%| F|  |TAMS 0x0000000743600000| PB 0x0000000743600000| Untracked |  0
| 416|0x0000000743800000, 0x0000000743800000, 0x0000000743a00000|  0%| F|  |TAMS 0x0000000743800000| PB 0x0000000743800000| Untracked |  0
| 417|0x0000000743a00000, 0x0000000743a00000, 0x0000000743c00000|  0%| F|  |TAMS 0x0000000743a00000| PB 0x0000000743a00000| Untracked |  0
| 418|0x0000000743c00000, 0x0000000743c00000, 0x0000000743e00000|  0%| F|  |TAMS 0x0000000743c00000| PB 0x0000000743c00000| Untracked |  0
| 419|0x0000000743e00000, 0x0000000743e00000, 0x0000000744000000|  0%| F|  |TAMS 0x0000000743e00000| PB 0x0000000743e00000| Untracked |  0
| 420|0x0000000744000000, 0x0000000744000000, 0x0000000744200000|  0%| F|  |TAMS 0x0000000744000000| PB 0x0000000744000000| Untracked |  0
| 421|0x0000000744200000, 0x0000000744200000, 0x0000000744400000|  0%| F|  |TAMS 0x0000000744200000| PB 0x0000000744200000| Untracked |  0
| 422|0x0000000744400000, 0x0000000744400000, 0x0000000744600000|  0%| F|  |TAMS 0x0000000744400000| PB 0x0000000744400000| Untracked |  0
| 423|0x0000000744600000, 0x0000000744600000, 0x0000000744800000|  0%| F|  |TAMS 0x0000000744600000| PB 0x0000000744600000| Untracked |  0
| 424|0x0000000744800000, 0x0000000744800000, 0x0000000744a00000|  0%| F|  |TAMS 0x0000000744800000| PB 0x0000000744800000| Untracked |  0
| 425|0x0000000744a00000, 0x0000000744a00000, 0x0000000744c00000|  0%| F|  |TAMS 0x0000000744a00000| PB 0x0000000744a00000| Untracked |  0
| 426|0x0000000744c00000, 0x0000000744c00000, 0x0000000744e00000|  0%| F|  |TAMS 0x0000000744c00000| PB 0x0000000744c00000| Untracked |  0
| 427|0x0000000744e00000, 0x0000000744e00000, 0x0000000745000000|  0%| F|  |TAMS 0x0000000744e00000| PB 0x0000000744e00000| Untracked |  0
| 428|0x0000000745000000, 0x0000000745000000, 0x0000000745200000|  0%| F|  |TAMS 0x0000000745000000| PB 0x0000000745000000| Untracked |  0
| 429|0x0000000745200000, 0x0000000745200000, 0x0000000745400000|  0%| F|  |TAMS 0x0000000745200000| PB 0x0000000745200000| Untracked |  0
| 430|0x0000000745400000, 0x0000000745400000, 0x0000000745600000|  0%| F|  |TAMS 0x0000000745400000| PB 0x0000000745400000| Untracked |  0
| 431|0x0000000745600000, 0x0000000745600000, 0x0000000745800000|  0%| F|  |TAMS 0x0000000745600000| PB 0x0000000745600000| Untracked |  0
| 432|0x0000000745800000, 0x0000000745800000, 0x0000000745a00000|  0%| F|  |TAMS 0x0000000745800000| PB 0x0000000745800000| Untracked |  0
| 433|0x0000000745a00000, 0x0000000745a00000, 0x0000000745c00000|  0%| F|  |TAMS 0x0000000745a00000| PB 0x0000000745a00000| Untracked |  0
| 434|0x0000000745c00000, 0x0000000745c00000, 0x0000000745e00000|  0%| F|  |TAMS 0x0000000745c00000| PB 0x0000000745c00000| Untracked |  0
| 435|0x0000000745e00000, 0x0000000745e00000, 0x0000000746000000|  0%| F|  |TAMS 0x0000000745e00000| PB 0x0000000745e00000| Untracked |  0
| 436|0x0000000746000000, 0x0000000746000000, 0x0000000746200000|  0%| F|  |TAMS 0x0000000746000000| PB 0x0000000746000000| Untracked |  0
| 437|0x0000000746200000, 0x0000000746200000, 0x0000000746400000|  0%| F|  |TAMS 0x0000000746200000| PB 0x0000000746200000| Untracked |  0
| 438|0x0000000746400000, 0x0000000746400000, 0x0000000746600000|  0%| F|  |TAMS 0x0000000746400000| PB 0x0000000746400000| Untracked |  0
| 439|0x0000000746600000, 0x0000000746600000, 0x0000000746800000|  0%| F|  |TAMS 0x0000000746600000| PB 0x0000000746600000| Untracked |  0
| 440|0x0000000746800000, 0x0000000746800000, 0x0000000746a00000|  0%| F|  |TAMS 0x0000000746800000| PB 0x0000000746800000| Untracked |  0
| 441|0x0000000746a00000, 0x0000000746a00000, 0x0000000746c00000|  0%| F|  |TAMS 0x0000000746a00000| PB 0x0000000746a00000| Untracked |  0
| 442|0x0000000746c00000, 0x0000000746c00000, 0x0000000746e00000|  0%| F|  |TAMS 0x0000000746c00000| PB 0x0000000746c00000| Untracked |  0
| 443|0x0000000746e00000, 0x0000000746e00000, 0x0000000747000000|  0%| F|  |TAMS 0x0000000746e00000| PB 0x0000000746e00000| Untracked |  0
| 444|0x0000000747000000, 0x0000000747000000, 0x0000000747200000|  0%| F|  |TAMS 0x0000000747000000| PB 0x0000000747000000| Untracked |  0
| 445|0x0000000747200000, 0x0000000747200000, 0x0000000747400000|  0%| F|  |TAMS 0x0000000747200000| PB 0x0000000747200000| Untracked |  0
| 446|0x0000000747400000, 0x0000000747400000, 0x0000000747600000|  0%| F|  |TAMS 0x0000000747400000| PB 0x0000000747400000| Untracked |  0
| 447|0x0000000747600000, 0x0000000747600000, 0x0000000747800000|  0%| F|  |TAMS 0x0000000747600000| PB 0x0000000747600000| Untracked |  0
| 448|0x0000000747800000, 0x0000000747800000, 0x0000000747a00000|  0%| F|  |TAMS 0x0000000747800000| PB 0x0000000747800000| Untracked |  0
| 449|0x0000000747a00000, 0x0000000747a00000, 0x0000000747c00000|  0%| F|  |TAMS 0x0000000747a00000| PB 0x0000000747a00000| Untracked |  0
| 450|0x0000000747c00000, 0x0000000747c00000, 0x0000000747e00000|  0%| F|  |TAMS 0x0000000747c00000| PB 0x0000000747c00000| Untracked |  0
| 451|0x0000000747e00000, 0x0000000747e00000, 0x0000000748000000|  0%| F|  |TAMS 0x0000000747e00000| PB 0x0000000747e00000| Untracked |  0
| 452|0x0000000748000000, 0x0000000748000000, 0x0000000748200000|  0%| F|  |TAMS 0x0000000748000000| PB 0x0000000748000000| Untracked |  0
| 453|0x0000000748200000, 0x0000000748200000, 0x0000000748400000|  0%| F|  |TAMS 0x0000000748200000| PB 0x0000000748200000| Untracked |  0
| 454|0x0000000748400000, 0x0000000748400000, 0x0000000748600000|  0%| F|  |TAMS 0x0000000748400000| PB 0x0000000748400000| Untracked |  0
| 455|0x0000000748600000, 0x0000000748600000, 0x0000000748800000|  0%| F|  |TAMS 0x0000000748600000| PB 0x0000000748600000| Untracked |  0
| 456|0x0000000748800000, 0x0000000748800000, 0x0000000748a00000|  0%| F|  |TAMS 0x0000000748800000| PB 0x0000000748800000| Untracked |  0
| 457|0x0000000748a00000, 0x0000000748a00000, 0x0000000748c00000|  0%| F|  |TAMS 0x0000000748a00000| PB 0x0000000748a00000| Untracked |  0
| 458|0x0000000748c00000, 0x0000000748c00000, 0x0000000748e00000|  0%| F|  |TAMS 0x0000000748c00000| PB 0x0000000748c00000| Untracked |  0
| 459|0x0000000748e00000, 0x0000000748e00000, 0x0000000749000000|  0%| F|  |TAMS 0x0000000748e00000| PB 0x0000000748e00000| Untracked |  0
| 460|0x0000000749000000, 0x0000000749000000, 0x0000000749200000|  0%| F|  |TAMS 0x0000000749000000| PB 0x0000000749000000| Untracked |  0
| 461|0x0000000749200000, 0x0000000749200000, 0x0000000749400000|  0%| F|  |TAMS 0x0000000749200000| PB 0x0000000749200000| Untracked |  0
| 462|0x0000000749400000, 0x0000000749400000, 0x0000000749600000|  0%| F|  |TAMS 0x0000000749400000| PB 0x0000000749400000| Untracked |  0
| 463|0x0000000749600000, 0x0000000749600000, 0x0000000749800000|  0%| F|  |TAMS 0x0000000749600000| PB 0x0000000749600000| Untracked |  0
| 464|0x0000000749800000, 0x0000000749800000, 0x0000000749a00000|  0%| F|  |TAMS 0x0000000749800000| PB 0x0000000749800000| Untracked |  0
| 465|0x0000000749a00000, 0x0000000749a00000, 0x0000000749c00000|  0%| F|  |TAMS 0x0000000749a00000| PB 0x0000000749a00000| Untracked |  0
| 466|0x0000000749c00000, 0x0000000749c00000, 0x0000000749e00000|  0%| F|  |TAMS 0x0000000749c00000| PB 0x0000000749c00000| Untracked |  0
| 467|0x0000000749e00000, 0x0000000749e00000, 0x000000074a000000|  0%| F|  |TAMS 0x0000000749e00000| PB 0x0000000749e00000| Untracked |  0
| 468|0x000000074a000000, 0x000000074a000000, 0x000000074a200000|  0%| F|  |TAMS 0x000000074a000000| PB 0x000000074a000000| Untracked |  0
| 469|0x000000074a200000, 0x000000074a200000, 0x000000074a400000|  0%| F|  |TAMS 0x000000074a200000| PB 0x000000074a200000| Untracked |  0
| 470|0x000000074a400000, 0x000000074a400000, 0x000000074a600000|  0%| F|  |TAMS 0x000000074a400000| PB 0x000000074a400000| Untracked |  0
| 471|0x000000074a600000, 0x000000074a600000, 0x000000074a800000|  0%| F|  |TAMS 0x000000074a600000| PB 0x000000074a600000| Untracked |  0
| 472|0x000000074a800000, 0x000000074a800000, 0x000000074aa00000|  0%| F|  |TAMS 0x000000074a800000| PB 0x000000074a800000| Untracked |  0
| 473|0x000000074aa00000, 0x000000074aa00000, 0x000000074ac00000|  0%| F|  |TAMS 0x000000074aa00000| PB 0x000000074aa00000| Untracked |  0
| 474|0x000000074ac00000, 0x000000074ac00000, 0x000000074ae00000|  0%| F|  |TAMS 0x000000074ac00000| PB 0x000000074ac00000| Untracked |  0
| 475|0x000000074ae00000, 0x000000074ae00000, 0x000000074b000000|  0%| F|  |TAMS 0x000000074ae00000| PB 0x000000074ae00000| Untracked |  0
| 476|0x000000074b000000, 0x000000074b000000, 0x000000074b200000|  0%| F|  |TAMS 0x000000074b000000| PB 0x000000074b000000| Untracked |  0
| 477|0x000000074b200000, 0x000000074b200000, 0x000000074b400000|  0%| F|  |TAMS 0x000000074b200000| PB 0x000000074b200000| Untracked |  0
| 478|0x000000074b400000, 0x000000074b400000, 0x000000074b600000|  0%| F|  |TAMS 0x000000074b400000| PB 0x000000074b400000| Untracked |  0
| 479|0x000000074b600000, 0x000000074b600000, 0x000000074b800000|  0%| F|  |TAMS 0x000000074b600000| PB 0x000000074b600000| Untracked |  0
| 480|0x000000074b800000, 0x000000074b800000, 0x000000074ba00000|  0%| F|  |TAMS 0x000000074b800000| PB 0x000000074b800000| Untracked |  0
| 481|0x000000074ba00000, 0x000000074ba00000, 0x000000074bc00000|  0%| F|  |TAMS 0x000000074ba00000| PB 0x000000074ba00000| Untracked |  0
| 482|0x000000074bc00000, 0x000000074bc00000, 0x000000074be00000|  0%| F|  |TAMS 0x000000074bc00000| PB 0x000000074bc00000| Untracked |  0
| 483|0x000000074be00000, 0x000000074be00000, 0x000000074c000000|  0%| F|  |TAMS 0x000000074be00000| PB 0x000000074be00000| Untracked |  0
| 484|0x000000074c000000, 0x000000074c000000, 0x000000074c200000|  0%| F|  |TAMS 0x000000074c000000| PB 0x000000074c000000| Untracked |  0
| 485|0x000000074c200000, 0x000000074c200000, 0x000000074c400000|  0%| F|  |TAMS 0x000000074c200000| PB 0x000000074c200000| Untracked |  0
| 486|0x000000074c400000, 0x000000074c400000, 0x000000074c600000|  0%| F|  |TAMS 0x000000074c400000| PB 0x000000074c400000| Untracked |  0
| 487|0x000000074c600000, 0x000000074c600000, 0x000000074c800000|  0%| F|  |TAMS 0x000000074c600000| PB 0x000000074c600000| Untracked |  0
| 488|0x000000074c800000, 0x000000074c800000, 0x000000074ca00000|  0%| F|  |TAMS 0x000000074c800000| PB 0x000000074c800000| Untracked |  0
| 489|0x000000074ca00000, 0x000000074ca00000, 0x000000074cc00000|  0%| F|  |TAMS 0x000000074ca00000| PB 0x000000074ca00000| Untracked |  0
| 490|0x000000074cc00000, 0x000000074cc00000, 0x000000074ce00000|  0%| F|  |TAMS 0x000000074cc00000| PB 0x000000074cc00000| Untracked |  0
| 491|0x000000074ce00000, 0x000000074ce00000, 0x000000074d000000|  0%| F|  |TAMS 0x000000074ce00000| PB 0x000000074ce00000| Untracked |  0
| 492|0x000000074d000000, 0x000000074d000000, 0x000000074d200000|  0%| F|  |TAMS 0x000000074d000000| PB 0x000000074d000000| Untracked |  0
| 493|0x000000074d200000, 0x000000074d200000, 0x000000074d400000|  0%| F|  |TAMS 0x000000074d200000| PB 0x000000074d200000| Untracked |  0
| 494|0x000000074d400000, 0x000000074d400000, 0x000000074d600000|  0%| F|  |TAMS 0x000000074d400000| PB 0x000000074d400000| Untracked |  0
| 495|0x000000074d600000, 0x000000074d600000, 0x000000074d800000|  0%| F|  |TAMS 0x000000074d600000| PB 0x000000074d600000| Untracked |  0
| 496|0x000000074d800000, 0x000000074d800000, 0x000000074da00000|  0%| F|  |TAMS 0x000000074d800000| PB 0x000000074d800000| Untracked |  0
| 497|0x000000074da00000, 0x000000074da00000, 0x000000074dc00000|  0%| F|  |TAMS 0x000000074da00000| PB 0x000000074da00000| Untracked |  0
| 498|0x000000074dc00000, 0x000000074dc00000, 0x000000074de00000|  0%| F|  |TAMS 0x000000074dc00000| PB 0x000000074dc00000| Untracked |  0
| 499|0x000000074de00000, 0x000000074de00000, 0x000000074e000000|  0%| F|  |TAMS 0x000000074de00000| PB 0x000000074de00000| Untracked |  0
| 500|0x000000074e000000, 0x000000074e000000, 0x000000074e200000|  0%| F|  |TAMS 0x000000074e000000| PB 0x000000074e000000| Untracked |  0
| 501|0x000000074e200000, 0x000000074e200000, 0x000000074e400000|  0%| F|  |TAMS 0x000000074e200000| PB 0x000000074e200000| Untracked |  0
| 502|0x000000074e400000, 0x000000074e400000, 0x000000074e600000|  0%| F|  |TAMS 0x000000074e400000| PB 0x000000074e400000| Untracked |  0
| 503|0x000000074e600000, 0x000000074e600000, 0x000000074e800000|  0%| F|  |TAMS 0x000000074e600000| PB 0x000000074e600000| Untracked |  0
| 504|0x000000074e800000, 0x000000074e800000, 0x000000074ea00000|  0%| F|  |TAMS 0x000000074e800000| PB 0x000000074e800000| Untracked |  0
| 505|0x000000074ea00000, 0x000000074ea00000, 0x000000074ec00000|  0%| F|  |TAMS 0x000000074ea00000| PB 0x000000074ea00000| Untracked |  0
| 506|0x000000074ec00000, 0x000000074ec00000, 0x000000074ee00000|  0%| F|  |TAMS 0x000000074ec00000| PB 0x000000074ec00000| Untracked |  0
| 507|0x000000074ee00000, 0x000000074ee00000, 0x000000074f000000|  0%| F|  |TAMS 0x000000074ee00000| PB 0x000000074ee00000| Untracked |  0
| 508|0x000000074f000000, 0x000000074f000000, 0x000000074f200000|  0%| F|  |TAMS 0x000000074f000000| PB 0x000000074f000000| Untracked |  0
| 509|0x000000074f200000, 0x000000074f200000, 0x000000074f400000|  0%| F|  |TAMS 0x000000074f200000| PB 0x000000074f200000| Untracked |  0
| 510|0x000000074f400000, 0x000000074f400000, 0x000000074f600000|  0%| F|  |TAMS 0x000000074f400000| PB 0x000000074f400000| Untracked |  0
| 511|0x000000074f600000, 0x000000074f600000, 0x000000074f800000|  0%| F|  |TAMS 0x000000074f600000| PB 0x000000074f600000| Untracked |  0
| 512|0x000000074f800000, 0x000000074f800000, 0x000000074fa00000|  0%| F|  |TAMS 0x000000074f800000| PB 0x000000074f800000| Untracked |  0
| 513|0x000000074fa00000, 0x000000074fa00000, 0x000000074fc00000|  0%| F|  |TAMS 0x000000074fa00000| PB 0x000000074fa00000| Untracked |  0
| 514|0x000000074fc00000, 0x000000074fc00000, 0x000000074fe00000|  0%| F|  |TAMS 0x000000074fc00000| PB 0x000000074fc00000| Untracked |  0
| 515|0x000000074fe00000, 0x000000074fe00000, 0x0000000750000000|  0%| F|  |TAMS 0x000000074fe00000| PB 0x000000074fe00000| Untracked |  0
| 516|0x0000000750000000, 0x0000000750000000, 0x0000000750200000|  0%| F|  |TAMS 0x0000000750000000| PB 0x0000000750000000| Untracked |  0
| 517|0x0000000750200000, 0x0000000750200000, 0x0000000750400000|  0%| F|  |TAMS 0x0000000750200000| PB 0x0000000750200000| Untracked |  0
| 518|0x0000000750400000, 0x0000000750400000, 0x0000000750600000|  0%| F|  |TAMS 0x0000000750400000| PB 0x0000000750400000| Untracked |  0
| 519|0x0000000750600000, 0x0000000750600000, 0x0000000750800000|  0%| F|  |TAMS 0x0000000750600000| PB 0x0000000750600000| Untracked |  0
| 520|0x0000000750800000, 0x0000000750800000, 0x0000000750a00000|  0%| F|  |TAMS 0x0000000750800000| PB 0x0000000750800000| Untracked |  0
| 521|0x0000000750a00000, 0x0000000750a00000, 0x0000000750c00000|  0%| F|  |TAMS 0x0000000750a00000| PB 0x0000000750a00000| Untracked |  0
| 522|0x0000000750c00000, 0x0000000750c00000, 0x0000000750e00000|  0%| F|  |TAMS 0x0000000750c00000| PB 0x0000000750c00000| Untracked |  0
| 523|0x0000000750e00000, 0x0000000750e00000, 0x0000000751000000|  0%| F|  |TAMS 0x0000000750e00000| PB 0x0000000750e00000| Untracked |  0
| 524|0x0000000751000000, 0x0000000751000000, 0x0000000751200000|  0%| F|  |TAMS 0x0000000751000000| PB 0x0000000751000000| Untracked |  0
| 525|0x0000000751200000, 0x0000000751200000, 0x0000000751400000|  0%| F|  |TAMS 0x0000000751200000| PB 0x0000000751200000| Untracked |  0
| 526|0x0000000751400000, 0x0000000751400000, 0x0000000751600000|  0%| F|  |TAMS 0x0000000751400000| PB 0x0000000751400000| Untracked |  0
| 527|0x0000000751600000, 0x0000000751600000, 0x0000000751800000|  0%| F|  |TAMS 0x0000000751600000| PB 0x0000000751600000| Untracked |  0
| 528|0x0000000751800000, 0x0000000751800000, 0x0000000751a00000|  0%| F|  |TAMS 0x0000000751800000| PB 0x0000000751800000| Untracked |  0
| 529|0x0000000751a00000, 0x0000000751a00000, 0x0000000751c00000|  0%| F|  |TAMS 0x0000000751a00000| PB 0x0000000751a00000| Untracked |  0
| 530|0x0000000751c00000, 0x0000000751c00000, 0x0000000751e00000|  0%| F|  |TAMS 0x0000000751c00000| PB 0x0000000751c00000| Untracked |  0
| 531|0x0000000751e00000, 0x0000000751e00000, 0x0000000752000000|  0%| F|  |TAMS 0x0000000751e00000| PB 0x0000000751e00000| Untracked |  0
| 532|0x0000000752000000, 0x0000000752000000, 0x0000000752200000|  0%| F|  |TAMS 0x0000000752000000| PB 0x0000000752000000| Untracked |  0
| 533|0x0000000752200000, 0x0000000752200000, 0x0000000752400000|  0%| F|  |TAMS 0x0000000752200000| PB 0x0000000752200000| Untracked |  0
| 534|0x0000000752400000, 0x0000000752400000, 0x0000000752600000|  0%| F|  |TAMS 0x0000000752400000| PB 0x0000000752400000| Untracked |  0
| 535|0x0000000752600000, 0x0000000752600000, 0x0000000752800000|  0%| F|  |TAMS 0x0000000752600000| PB 0x0000000752600000| Untracked |  0
| 536|0x0000000752800000, 0x0000000752800000, 0x0000000752a00000|  0%| F|  |TAMS 0x0000000752800000| PB 0x0000000752800000| Untracked |  0
| 537|0x0000000752a00000, 0x0000000752a00000, 0x0000000752c00000|  0%| F|  |TAMS 0x0000000752a00000| PB 0x0000000752a00000| Untracked |  0
| 538|0x0000000752c00000, 0x0000000752c00000, 0x0000000752e00000|  0%| F|  |TAMS 0x0000000752c00000| PB 0x0000000752c00000| Untracked |  0
| 539|0x0000000752e00000, 0x0000000752e00000, 0x0000000753000000|  0%| F|  |TAMS 0x0000000752e00000| PB 0x0000000752e00000| Untracked |  0
| 540|0x0000000753000000, 0x0000000753000000, 0x0000000753200000|  0%| F|  |TAMS 0x0000000753000000| PB 0x0000000753000000| Untracked |  0
| 541|0x0000000753200000, 0x0000000753200000, 0x0000000753400000|  0%| F|  |TAMS 0x0000000753200000| PB 0x0000000753200000| Untracked |  0
| 542|0x0000000753400000, 0x0000000753400000, 0x0000000753600000|  0%| F|  |TAMS 0x0000000753400000| PB 0x0000000753400000| Untracked |  0
| 543|0x0000000753600000, 0x0000000753600000, 0x0000000753800000|  0%| F|  |TAMS 0x0000000753600000| PB 0x0000000753600000| Untracked |  0
| 544|0x0000000753800000, 0x0000000753800000, 0x0000000753a00000|  0%| F|  |TAMS 0x0000000753800000| PB 0x0000000753800000| Untracked |  0
| 545|0x0000000753a00000, 0x0000000753a00000, 0x0000000753c00000|  0%| F|  |TAMS 0x0000000753a00000| PB 0x0000000753a00000| Untracked |  0
| 546|0x0000000753c00000, 0x0000000753c00000, 0x0000000753e00000|  0%| F|  |TAMS 0x0000000753c00000| PB 0x0000000753c00000| Untracked |  0
| 547|0x0000000753e00000, 0x0000000753e00000, 0x0000000754000000|  0%| F|  |TAMS 0x0000000753e00000| PB 0x0000000753e00000| Untracked |  0
| 548|0x0000000754000000, 0x0000000754000000, 0x0000000754200000|  0%| F|  |TAMS 0x0000000754000000| PB 0x0000000754000000| Untracked |  0
| 549|0x0000000754200000, 0x0000000754200000, 0x0000000754400000|  0%| F|  |TAMS 0x0000000754200000| PB 0x0000000754200000| Untracked |  0
| 550|0x0000000754400000, 0x0000000754400000, 0x0000000754600000|  0%| F|  |TAMS 0x0000000754400000| PB 0x0000000754400000| Untracked |  0
| 551|0x0000000754600000, 0x0000000754600000, 0x0000000754800000|  0%| F|  |TAMS 0x0000000754600000| PB 0x0000000754600000| Untracked |  0
| 552|0x0000000754800000, 0x0000000754800000, 0x0000000754a00000|  0%| F|  |TAMS 0x0000000754800000| PB 0x0000000754800000| Untracked |  0
| 553|0x0000000754a00000, 0x0000000754a00000, 0x0000000754c00000|  0%| F|  |TAMS 0x0000000754a00000| PB 0x0000000754a00000| Untracked |  0
| 554|0x0000000754c00000, 0x0000000754c00000, 0x0000000754e00000|  0%| F|  |TAMS 0x0000000754c00000| PB 0x0000000754c00000| Untracked |  0
| 555|0x0000000754e00000, 0x0000000755000000, 0x0000000755000000|100%| S|CS|TAMS 0x0000000754e00000| PB 0x0000000754e00000| Complete |  0
| 556|0x0000000755000000, 0x0000000755200000, 0x0000000755200000|100%| S|CS|TAMS 0x0000000755000000| PB 0x0000000755000000| Complete |  0
| 557|0x0000000755200000, 0x0000000755400000, 0x0000000755400000|100%| S|CS|TAMS 0x0000000755200000| PB 0x0000000755200000| Complete |  0
| 558|0x0000000755400000, 0x0000000755600000, 0x0000000755600000|100%| S|CS|TAMS 0x0000000755400000| PB 0x0000000755400000| Complete |  0
| 559|0x0000000755600000, 0x0000000755800000, 0x0000000755800000|100%| S|CS|TAMS 0x0000000755600000| PB 0x0000000755600000| Complete |  0
| 560|0x0000000755800000, 0x0000000755a00000, 0x0000000755a00000|100%| S|CS|TAMS 0x0000000755800000| PB 0x0000000755800000| Complete |  0
| 561|0x0000000755a00000, 0x0000000755c00000, 0x0000000755c00000|100%| S|CS|TAMS 0x0000000755a00000| PB 0x0000000755a00000| Complete |  0
| 562|0x0000000755c00000, 0x0000000755e00000, 0x0000000755e00000|100%| S|CS|TAMS 0x0000000755c00000| PB 0x0000000755c00000| Complete |  0
| 563|0x0000000755e00000, 0x0000000756000000, 0x0000000756000000|100%| S|CS|TAMS 0x0000000755e00000| PB 0x0000000755e00000| Complete |  0
| 564|0x0000000756000000, 0x0000000756200000, 0x0000000756200000|100%| S|CS|TAMS 0x0000000756000000| PB 0x0000000756000000| Complete |  0
| 565|0x0000000756200000, 0x0000000756400000, 0x0000000756400000|100%| S|CS|TAMS 0x0000000756200000| PB 0x0000000756200000| Complete |  0
| 566|0x0000000756400000, 0x0000000756600000, 0x0000000756600000|100%| S|CS|TAMS 0x0000000756400000| PB 0x0000000756400000| Complete |  0
| 567|0x0000000756600000, 0x0000000756800000, 0x0000000756800000|100%| S|CS|TAMS 0x0000000756600000| PB 0x0000000756600000| Complete |  0
| 568|0x0000000756800000, 0x0000000756a00000, 0x0000000756a00000|100%| S|CS|TAMS 0x0000000756800000| PB 0x0000000756800000| Complete |  0
| 569|0x0000000756a00000, 0x0000000756c00000, 0x0000000756c00000|100%| S|CS|TAMS 0x0000000756a00000| PB 0x0000000756a00000| Complete |  0
| 570|0x0000000756c00000, 0x0000000756e00000, 0x0000000756e00000|100%| S|CS|TAMS 0x0000000756c00000| PB 0x0000000756c00000| Complete |  0
|1851|0x00000007f6e00000, 0x00000007f6ebea40, 0x00000007f7000000| 37%| O|  |TAMS 0x00000007f6e00000| PB 0x00000007f6e00000| Untracked |  0
|1852|0x00000007f7000000, 0x00000007f7200000, 0x00000007f7200000|100%| O|  |TAMS 0x00000007f7000000| PB 0x00000007f7000000| Untracked |  0
|1853|0x00000007f7200000, 0x00000007f7400000, 0x00000007f7400000|100%| O|  |TAMS 0x00000007f7200000| PB 0x00000007f7200000| Untracked |  0
|1854|0x00000007f7400000, 0x00000007f7600000, 0x00000007f7600000|100%| O|  |TAMS 0x00000007f7400000| PB 0x00000007f7400000| Untracked |  0
|1855|0x00000007f7600000, 0x00000007f7600000, 0x00000007f7800000|  0%| F|  |TAMS 0x00000007f7600000| PB 0x00000007f7600000| Untracked |  0
|1856|0x00000007f7800000, 0x00000007f7800000, 0x00000007f7a00000|  0%| F|  |TAMS 0x00000007f7800000| PB 0x00000007f7800000| Untracked |  0
|1857|0x00000007f7a00000, 0x00000007f7c00000, 0x00000007f7c00000|100%| O|  |TAMS 0x00000007f7a00000| PB 0x00000007f7a00000| Untracked |  0
|1858|0x00000007f7c00000, 0x00000007f7e00000, 0x00000007f7e00000|100%| O|  |TAMS 0x00000007f7c00000| PB 0x00000007f7c00000| Untracked |  0
|1859|0x00000007f7e00000, 0x00000007f7e00000, 0x00000007f8000000|  0%| F|  |TAMS 0x00000007f7e00000| PB 0x00000007f7e00000| Untracked |  0
|1860|0x00000007f8000000, 0x00000007f81024b0, 0x00000007f8200000| 50%| E|  |TAMS 0x00000007f8000000| PB 0x00000007f8000000| Complete |  0
|1861|0x00000007f8200000, 0x00000007f8400000, 0x00000007f8400000|100%| E|CS|TAMS 0x00000007f8200000| PB 0x00000007f8200000| Complete |  0
|1862|0x00000007f8400000, 0x00000007f8600000, 0x00000007f8600000|100%| E|CS|TAMS 0x00000007f8400000| PB 0x00000007f8400000| Complete |  0
|1863|0x00000007f8600000, 0x00000007f8800000, 0x00000007f8800000|100%| E|CS|TAMS 0x00000007f8600000| PB 0x00000007f8600000| Complete |  0
|1864|0x00000007f8800000, 0x00000007f8a00000, 0x00000007f8a00000|100%| O|  |TAMS 0x00000007f8800000| PB 0x00000007f8800000| Untracked |  0
|1865|0x00000007f8a00000, 0x00000007f8c00000, 0x00000007f8c00000|100%| O|Cm|TAMS 0x00000007f8a00000| PB 0x00000007f8a00000| Complete |  0
|1866|0x00000007f8c00000, 0x00000007f8e00000, 0x00000007f8e00000|100%| O|  |TAMS 0x00000007f8c00000| PB 0x00000007f8c00000| Untracked |  0
|1867|0x00000007f8e00000, 0x00000007f9000000, 0x00000007f9000000|100%| E|CS|TAMS 0x00000007f8e00000| PB 0x00000007f8e00000| Complete |  0
|1868|0x00000007f9000000, 0x00000007f9200000, 0x00000007f9200000|100%| E|  |TAMS 0x00000007f9000000| PB 0x00000007f9000000| Complete |  0
|1869|0x00000007f9200000, 0x00000007f9400000, 0x00000007f9400000|100%| E|CS|TAMS 0x00000007f9200000| PB 0x00000007f9200000| Complete |  0
|1870|0x00000007f9400000, 0x00000007f9600000, 0x00000007f9600000|100%| O|  |TAMS 0x00000007f9400000| PB 0x00000007f9400000| Untracked |  0
|1871|0x00000007f9600000, 0x00000007f9800000, 0x00000007f9800000|100%| O|  |TAMS 0x00000007f9600000| PB 0x00000007f9600000| Untracked |  0
|1872|0x00000007f9800000, 0x00000007f9a00000, 0x00000007f9a00000|100%| E|CS|TAMS 0x00000007f9800000| PB 0x00000007f9800000| Complete |  0
|1873|0x00000007f9a00000, 0x00000007f9c00000, 0x00000007f9c00000|100%| E|CS|TAMS 0x00000007f9a00000| PB 0x00000007f9a00000| Complete |  0
|1874|0x00000007f9c00000, 0x00000007f9e00000, 0x00000007f9e00000|100%| E|CS|TAMS 0x00000007f9c00000| PB 0x00000007f9c00000| Complete |  0
|1875|0x00000007f9e00000, 0x00000007fa000000, 0x00000007fa000000|100%| E|CS|TAMS 0x00000007f9e00000| PB 0x00000007f9e00000| Complete |  0
|1876|0x00000007fa000000, 0x00000007fa200000, 0x00000007fa200000|100%| E|CS|TAMS 0x00000007fa000000| PB 0x00000007fa000000| Complete |  0
|1877|0x00000007fa200000, 0x00000007fa400000, 0x00000007fa400000|100%| E|CS|TAMS 0x00000007fa200000| PB 0x00000007fa200000| Complete |  0
|1878|0x00000007fa400000, 0x00000007fa600000, 0x00000007fa600000|100%| E|CS|TAMS 0x00000007fa400000| PB 0x00000007fa400000| Complete |  0
|1879|0x00000007fa600000, 0x00000007fa800000, 0x00000007fa800000|100%| O|  |TAMS 0x00000007fa600000| PB 0x00000007fa600000| Untracked |  0
|1880|0x00000007fa800000, 0x00000007faa00000, 0x00000007faa00000|100%| E|CS|TAMS 0x00000007fa800000| PB 0x00000007fa800000| Complete |  0
|1881|0x00000007faa00000, 0x00000007fac00000, 0x00000007fac00000|100%| E|CS|TAMS 0x00000007faa00000| PB 0x00000007faa00000| Complete |  0
|1882|0x00000007fac00000, 0x00000007fae00000, 0x00000007fae00000|100%| O|  |TAMS 0x00000007fac00000| PB 0x00000007fac00000| Untracked |  0
|1883|0x00000007fae00000, 0x00000007fb000000, 0x00000007fb000000|100%| E|CS|TAMS 0x00000007fae00000| PB 0x00000007fae00000| Complete |  0
|1884|0x00000007fb000000, 0x00000007fb200000, 0x00000007fb200000|100%| E|CS|TAMS 0x00000007fb000000| PB 0x00000007fb000000| Complete |  0
|1885|0x00000007fb200000, 0x00000007fb400000, 0x00000007fb400000|100%| E|CS|TAMS 0x00000007fb200000| PB 0x00000007fb200000| Complete |  0
|1886|0x00000007fb400000, 0x00000007fb600000, 0x00000007fb600000|100%| E|CS|TAMS 0x00000007fb400000| PB 0x00000007fb400000| Complete |  0
|1887|0x00000007fb600000, 0x00000007fb800000, 0x00000007fb800000|100%| E|CS|TAMS 0x00000007fb600000| PB 0x00000007fb600000| Complete |  0
|1888|0x00000007fb800000, 0x00000007fba00000, 0x00000007fba00000|100%| E|CS|TAMS 0x00000007fb800000| PB 0x00000007fb800000| Complete |  0
|1889|0x00000007fba00000, 0x00000007fbc00000, 0x00000007fbc00000|100%| E|CS|TAMS 0x00000007fba00000| PB 0x00000007fba00000| Complete |  0
|1890|0x00000007fbc00000, 0x00000007fbe00000, 0x00000007fbe00000|100%| E|CS|TAMS 0x00000007fbc00000| PB 0x00000007fbc00000| Complete |  0
|1891|0x00000007fbe00000, 0x00000007fc000000, 0x00000007fc000000|100%| E|CS|TAMS 0x00000007fbe00000| PB 0x00000007fbe00000| Complete |  0
|1892|0x00000007fc000000, 0x00000007fc200000, 0x00000007fc200000|100%| E|CS|TAMS 0x00000007fc000000| PB 0x00000007fc000000| Complete |  0
|1893|0x00000007fc200000, 0x00000007fc400000, 0x00000007fc400000|100%| E|CS|TAMS 0x00000007fc200000| PB 0x00000007fc200000| Complete |  0
|1894|0x00000007fc400000, 0x00000007fc600000, 0x00000007fc600000|100%| E|CS|TAMS 0x00000007fc400000| PB 0x00000007fc400000| Complete |  0
|1895|0x00000007fc600000, 0x00000007fc800000, 0x00000007fc800000|100%| E|CS|TAMS 0x00000007fc600000| PB 0x00000007fc600000| Complete |  0
|1896|0x00000007fc800000, 0x00000007fca00000, 0x00000007fca00000|100%| E|CS|TAMS 0x00000007fc800000| PB 0x00000007fc800000| Complete |  0
|1897|0x00000007fca00000, 0x00000007fcc00000, 0x00000007fcc00000|100%| E|CS|TAMS 0x00000007fca00000| PB 0x00000007fca00000| Complete |  0
|1898|0x00000007fcc00000, 0x00000007fce00000, 0x00000007fce00000|100%| E|CS|TAMS 0x00000007fcc00000| PB 0x00000007fcc00000| Complete |  0
|1899|0x00000007fce00000, 0x00000007fd000000, 0x00000007fd000000|100%| E|CS|TAMS 0x00000007fce00000| PB 0x00000007fce00000| Complete |  0
|1900|0x00000007fd000000, 0x00000007fd200000, 0x00000007fd200000|100%| E|CS|TAMS 0x00000007fd000000| PB 0x00000007fd000000| Complete |  0
|1901|0x00000007fd200000, 0x00000007fd400000, 0x00000007fd400000|100%| E|CS|TAMS 0x00000007fd200000| PB 0x00000007fd200000| Complete |  0
|1902|0x00000007fd400000, 0x00000007fd600000, 0x00000007fd600000|100%| E|CS|TAMS 0x00000007fd400000| PB 0x00000007fd400000| Complete |  0
|1903|0x00000007fd600000, 0x00000007fd800000, 0x00000007fd800000|100%| O|  |TAMS 0x00000007fd600000| PB 0x00000007fd600000| Untracked |  0
|1904|0x00000007fd800000, 0x00000007fda00000, 0x00000007fda00000|100%| O|  |TAMS 0x00000007fd800000| PB 0x00000007fd800000| Untracked |  0
|1905|0x00000007fda00000, 0x00000007fdc00000, 0x00000007fdc00000|100%| O|  |TAMS 0x00000007fda00000| PB 0x00000007fda00000| Untracked |  0
|1906|0x00000007fdc00000, 0x00000007fde00000, 0x00000007fde00000|100%| E|CS|TAMS 0x00000007fdc00000| PB 0x00000007fdc00000| Complete |  0
|1907|0x00000007fde00000, 0x00000007fe000000, 0x00000007fe000000|100%| O|  |TAMS 0x00000007fde00000| PB 0x00000007fde00000| Untracked |  0
|1908|0x00000007fe000000, 0x00000007fe200000, 0x00000007fe200000|100%| E|CS|TAMS 0x00000007fe000000| PB 0x00000007fe000000| Complete |  0
|1909|0x00000007fe200000, 0x00000007fe400000, 0x00000007fe400000|100%| E|CS|TAMS 0x00000007fe200000| PB 0x00000007fe200000| Complete |  0
|1910|0x00000007fe400000, 0x00000007fe600000, 0x00000007fe600000|100%| E|CS|TAMS 0x00000007fe400000| PB 0x00000007fe400000| Complete |  0
|1911|0x00000007fe600000, 0x00000007fe800000, 0x00000007fe800000|100%| O|  |TAMS 0x00000007fe600000| PB 0x00000007fe600000| Untracked |  0
|1912|0x00000007fe800000, 0x00000007fea00000, 0x00000007fea00000|100%| O|  |TAMS 0x00000007fe800000| PB 0x00000007fe800000| Untracked |  0
|1913|0x00000007fea00000, 0x00000007fec00000, 0x00000007fec00000|100%| O|  |TAMS 0x00000007fea00000| PB 0x00000007fea00000| Untracked |  0
|1914|0x00000007fec00000, 0x00000007fee00000, 0x00000007fee00000|100%| O|  |TAMS 0x00000007fec00000| PB 0x00000007fec00000| Untracked |  0
|1915|0x00000007fee00000, 0x00000007ff000000, 0x00000007ff000000|100%| O|  |TAMS 0x00000007fee00000| PB 0x00000007fee00000| Untracked |  0
|1916|0x00000007ff000000, 0x00000007ff200000, 0x00000007ff200000|100%| O|  |TAMS 0x00000007ff000000| PB 0x00000007ff000000| Untracked |  0
|1917|0x00000007ff200000, 0x00000007ff400000, 0x00000007ff400000|100%| O|  |TAMS 0x00000007ff200000| PB 0x00000007ff200000| Untracked |  0
|1918|0x00000007ff400000, 0x00000007ff600000, 0x00000007ff600000|100%| O|  |TAMS 0x00000007ff400000| PB 0x00000007ff400000| Untracked |  0
|1919|0x00000007ff600000, 0x00000007ff800000, 0x00000007ff800000|100%| O|  |TAMS 0x00000007ff600000| PB 0x00000007ff600000| Untracked |  0
|1920|0x00000007ff800000, 0x00000007ffa00000, 0x00000007ffa00000|100%| O|  |TAMS 0x00000007ff800000| PB 0x00000007ff800000| Untracked |  0
|1921|0x00000007ffa00000, 0x00000007ffc00000, 0x00000007ffc00000|100%| E|CS|TAMS 0x00000007ffa00000| PB 0x00000007ffa00000| Complete |  0
|1922|0x00000007ffc00000, 0x00000007ffe00000, 0x00000007ffe00000|100%| O|  |TAMS 0x00000007ffc00000| PB 0x00000007ffc00000| Untracked |  0
|1923|0x00000007ffe00000, 0x0000000800000000, 0x0000000800000000|100%| E|CS|TAMS 0x00000007ffe00000| PB 0x00000007ffe00000| Complete |  0

Card table byte_map: [0x0000ffffb9b78000,0x0000ffffba2fc000] _byte_map_base: 0x0000ffffb62fc000

Marking Bits: (CMBitMap*) 0x0000ffffb41874a0
 Bits: [0x0000ffff9d3dc000, 0x0000ffffa0ffc000)

Polling page: 0x0000ffffbd1f4000

Metaspace:
Metaspace        used 145909K, committed 147776K, reserved 1179648K
 class space     used 25104K, committed 25856K, reserved 1048576K

Usage:
  Non-class:    117.97 MB used.
      Class:     24.52 MB used.
       Both:    142.49 MB used.

Virtual space:
  Non-class space:      128.00 MB reserved,     119.06 MB ( 93%) committed,  2 nodes.
      Class space:        1.00 GB reserved,      25.25 MB (  2%) committed,  1 nodes.
             Both:        1.12 GB reserved,     144.31 MB ( 13%) committed. 

Chunk freelists:
   Non-Class:  8.53 MB
       Class:  6.69 MB
        Both:  15.22 MB

MaxMetaspaceSize: unlimited
CompressedClassSpaceSize: 1.00 GB
Initial GC threshold: 21.00 MB
Current GC threshold: 240.44 MB
CDS: on
 - commit_granule_bytes: 65536.
 - commit_granule_words: 8192.
 - virtual_space_node_default_size: 8388608.
 - enlarge_chunks_in_place: 1.
UseCompressedClassPointers 1, UseCompactObjectHeaders 0
Narrow klass pointer bits 32, Max shift 3
Narrow klass base: 0x00003ff800000000, Narrow klass shift: 0
Encoding Range: [0x00003ff800000000 - 0x00003ff900000000), (4294967296 bytes)
Klass Range:    [0x00003ff800010000 - 0x00003ff842000000), (1107230720 bytes)
Klass ID Range:  [65536 - 1107296249) (1107230713)
Protection zone: [0x00003ff800000000 - 0x00003ff800010000), (65536 bytes)


Internal statistics:

num_allocs_failed_limit: 30.
num_arena_births: 3246.
num_arena_deaths: 38.
num_vsnodes_births: 3.
num_vsnodes_deaths: 0.
num_space_committed: 2304.
num_space_uncommitted: 0.
num_chunks_returned_to_freelist: 81.
num_chunks_taken_from_freelist: 9915.
num_chunk_merges: 40.
num_chunk_splits: 6546.
num_chunks_enlarged: 4864.
num_inconsistent_stats: 0.

CodeHeap 'non-profiled nmethods': size=120032Kb used=15513Kb max_used=15856Kb free=104518Kb
 bounds [0x0000ffffa8ac8000, 0x0000ffffa9a48000, 0x0000ffffb0000000]
CodeHeap 'profiled nmethods': size=120032Kb used=21738Kb max_used=23117Kb free=98293Kb
 bounds [0x0000ffffa0ffc000, 0x0000ffffa26dc000, 0x0000ffffa8534000]
CodeHeap 'non-nmethods': size=5712Kb used=3434Kb max_used=3603Kb free=2277Kb
 bounds [0x0000ffffa8534000, 0x0000ffffa88c4000, 0x0000ffffa8ac8000]
CodeCache: size=245776Kb, used=40685Kb, max_used=42576Kb, free=205088Kb
 total_blobs=21758, nmethods=18827, adapters=2785, full_count=0
Compilation: enabled, stopped_count=0, restarted_count=0

Compilation events (20 events):
Event: 142.204 Thread 0x0000ffffb4222c60 38169       3       com.mojang.blaze3d.opengl.Uniform::close (1 bytes)
Event: 142.204 Thread 0x0000ffffb4222c60 nmethod 38169 0x0000ffffa10f3248 code [0x0000ffffa10f3340, 0x0000ffffa10f3460]
Event: 142.263 Thread 0x0000ffffb4222c60 38170       1       java.util.concurrent.CopyOnWriteArrayList::getArray (5 bytes)
Event: 142.264 Thread 0x0000ffffb4222c60 nmethod 38170 0x0000ffffa9976a08 code [0x0000ffffa9976b00, 0x0000ffffa9976be8]
Event: 142.264 Thread 0x0000ffffb4222c60 38171       3       org.apache.logging.log4j.status.StatusLogger::isEnabled (20 bytes)
Event: 142.264 Thread 0x0000ffffb4222c60 nmethod 38171 0x0000ffffa1823a08 code [0x0000ffffa1823b00, 0x0000ffffa1824000]
Event: 142.264 Thread 0x0000ffffb4222c60 38172       3       org.apache.logging.log4j.status.StatusLogger::isLevelEnabled (24 bytes)
Event: 142.264 Thread 0x0000ffffb4222c60 nmethod 38172 0x0000ffffa20c8608 code [0x0000ffffa20c8700, 0x0000ffffa20c89e8]
Event: 142.264 Thread 0x0000ffffb4222c60 38173       3       org.apache.logging.log4j.Level::isLessSpecificThan (17 bytes)
Event: 142.265 Thread 0x0000ffffb4222c60 nmethod 38173 0x0000ffffa1384d88 code [0x0000ffffa1384e80, 0x0000ffffa1385000]
Event: 142.265 Thread 0x0000ffffb4222c60 38174       3       java.lang.Character::toUpperCase (9 bytes)
Event: 142.265 Thread 0x0000ffffb4222c60 nmethod 38174 0x0000ffffa1753e08 code [0x0000ffffa1753f00, 0x0000ffffa1754128]
Event: 142.265 Thread 0x0000ffffb4222c60 38175       3       org.apache.logging.log4j.core.util.internal.InternalLoggerRegistry$$Lambda/0x00003ff802119ee8::apply (8 bytes)
Event: 142.266 Thread 0x0000ffffb4222c60 nmethod 38175 0x0000ffffa1619208 code [0x0000ffffa1619300, 0x0000ffffa1619aa8]
Event: 142.266 Thread 0x0000ffffb4222c60 38176       3       org.apache.logging.log4j.core.util.internal.InternalLoggerRegistry::lambda$getLoggers$2 (23 bytes)
Event: 142.266 Thread 0x0000ffffb4222c60 nmethod 38176 0x0000ffffa1480848 code [0x0000ffffa1480940, 0x0000ffffa1480f80]
Event: 142.266 Thread 0x0000ffffb4222c60 38177       3       org.apache.logging.log4j.core.LoggerContext$$Lambda/0x00003ff80211a168::accept (12 bytes)
Event: 142.266 Thread 0x0000ffffb4222c60 nmethod 38177 0x0000ffffa22c9208 code [0x0000ffffa22c9300, 0x0000ffffa22c95c8]
Event: 142.267 Thread 0x0000ffffb4222c60 38178       3       org.apache.logging.log4j.core.Logger::updateConfiguration (15 bytes)
Event: 142.267 Thread 0x0000ffffb4222c60 nmethod 38178 0x0000ffffa217c888 code [0x0000ffffa217c980, 0x0000ffffa217cbb8]

GC Heap Usage History (20 events):
Event: 99.544 {heap Before GC invocations=135 (full 0):
 garbage-first heap   total reserved 3940352K, committed 1255424K, used 1186462K [0x000000070f800000, 0x0000000800000000)
  region size 2048K, 248 young (507904K), 12 survivors (24576K)
}
Event: 99.571 {heap After GC invocations=136 (full 0):
 garbage-first heap   total reserved 3940352K, committed 1261568K, used 674140K [0x000000070f800000, 0x0000000800000000)
  region size 2048K, 16 young (32768K), 16 survivors (32768K)
}
Event: 104.546 {heap Before GC invocations=136 (full 0):
 garbage-first heap   total reserved 3940352K, committed 1261568K, used 1192284K [0x000000070f800000, 0x0000000800000000)
  region size 2048K, 270 young (552960K), 16 survivors (32768K)
}
Event: 104.560 {heap After GC invocations=137 (full 0):
 garbage-first heap   total reserved 3940352K, committed 1261568K, used 687205K [0x000000070f800000, 0x0000000800000000)
  region size 2048K, 23 young (47104K), 23 survivors (47104K)
}
Event: 105.480 {heap Before GC invocations=138 (full 0):
 garbage-first heap   total reserved 3940352K, committed 1261568K, used 1193061K [0x000000070f800000, 0x0000000800000000)
  region size 2048K, 271 young (555008K), 23 survivors (47104K)
}
Event: 105.487 {heap After GC invocations=139 (full 0):
 garbage-first heap   total reserved 3940352K, committed 1261568K, used 694725K [0x000000070f800000, 0x0000000800000000)
  region size 2048K, 22 young (45056K), 22 survivors (45056K)
}
Event: 106.621 {heap Before GC invocations=139 (full 0):
 garbage-first heap   total reserved 3940352K, committed 1261568K, used 1192389K [0x000000070f800000, 0x0000000800000000)
  region size 2048K, 266 young (544768K), 22 survivors (45056K)
}
Event: 106.670 {heap After GC invocations=140 (full 0):
 garbage-first heap   total reserved 3940352K, committed 1277952K, used 692942K [0x000000070f800000, 0x0000000800000000)
  region size 2048K, 20 young (40960K), 20 survivors (40960K)
}
Event: 108.445 {heap Before GC invocations=140 (full 0):
 garbage-first heap   total reserved 3940352K, committed 1277952K, used 1211086K [0x000000070f800000, 0x0000000800000000)
  region size 2048K, 273 young (559104K), 20 survivors (40960K)
}
Event: 108.467 {heap After GC invocations=141 (full 0):
 garbage-first heap   total reserved 3940352K, committed 1277952K, used 711094K [0x000000070f800000, 0x0000000800000000)
  region size 2048K, 21 young (43008K), 21 survivors (43008K)
}
Event: 122.735 {heap Before GC invocations=142 (full 0):
 garbage-first heap   total reserved 3940352K, committed 1277952K, used 1208758K [0x000000070f800000, 0x0000000800000000)
  region size 2048K, 265 young (542720K), 21 survivors (43008K)
}
Event: 122.758 {heap After GC invocations=143 (full 0):
 garbage-first heap   total reserved 3940352K, committed 1277952K, used 708361K [0x000000070f800000, 0x0000000800000000)
  region size 2048K, 14 young (28672K), 14 survivors (28672K)
}
Event: 131.432 {heap Before GC invocations=143 (full 0):
 garbage-first heap   total reserved 3940352K, committed 1277952K, used 1210121K [0x000000070f800000, 0x0000000800000000)
  region size 2048K, 260 young (532480K), 14 survivors (28672K)
}
Event: 131.451 {heap After GC invocations=144 (full 0):
 garbage-first heap   total reserved 3940352K, committed 1277952K, used 696400K [0x000000070f800000, 0x0000000800000000)
  region size 2048K, 15 young (30720K), 15 survivors (30720K)
}
Event: 140.844 {heap Before GC invocations=144 (full 0):
 garbage-first heap   total reserved 3940352K, committed 1277952K, used 1208400K [0x000000070f800000, 0x0000000800000000)
  region size 2048K, 266 young (544768K), 15 survivors (30720K)
}
Event: 140.856 {heap After GC invocations=145 (full 0):
 garbage-first heap   total reserved 3940352K, committed 1277952K, used 697826K [0x000000070f800000, 0x0000000800000000)
  region size 2048K, 15 young (30720K), 15 survivors (30720K)
}
Event: 140.999 {heap Before GC invocations=145 (full 0):
 garbage-first heap   total reserved 3940352K, committed 1277952K, used 1209826K [0x000000070f800000, 0x0000000800000000)
  region size 2048K, 266 young (544768K), 15 survivors (30720K)
}
Event: 141.010 {heap After GC invocations=146 (full 0):
 garbage-first heap   total reserved 3940352K, committed 1277952K, used 732642K [0x000000070f800000, 0x0000000800000000)
  region size 2048K, 32 young (65536K), 32 survivors (65536K)
}
Event: 141.072 {heap Before GC invocations=146 (full 0):
 garbage-first heap   total reserved 3940352K, committed 1277952K, used 1209826K [0x000000070f800000, 0x0000000800000000)
  region size 2048K, 266 young (544768K), 32 survivors (65536K)
}
Event: 141.091 {heap After GC invocations=147 (full 0):
 garbage-first heap   total reserved 3940352K, committed 1318912K, used 772858K [0x000000070f800000, 0x0000000800000000)
  region size 2048K, 34 young (69632K), 34 survivors (69632K)
}

Metaspace Usage History (20 events):
Event: 99.544 {metaspace Before GC invocations=135 (full 0):
 Metaspace       used 144758K, committed 146688K, reserved 1179648K
  class space    used 24953K, committed 25728K, reserved 1048576K
}
Event: 99.571 {metaspace After GC invocations=136 (full 0):
 Metaspace       used 144758K, committed 146688K, reserved 1179648K
  class space    used 24953K, committed 25728K, reserved 1048576K
}
Event: 104.546 {metaspace Before GC invocations=136 (full 0):
 Metaspace       used 145116K, committed 147008K, reserved 1179648K
  class space    used 25008K, committed 25792K, reserved 1048576K
}
Event: 104.560 {metaspace After GC invocations=137 (full 0):
 Metaspace       used 145116K, committed 147008K, reserved 1179648K
  class space    used 25008K, committed 25792K, reserved 1048576K
}
Event: 105.480 {metaspace Before GC invocations=138 (full 0):
 Metaspace       used 145205K, committed 147136K, reserved 1179648K
  class space    used 25016K, committed 25792K, reserved 1048576K
}
Event: 105.487 {metaspace After GC invocations=139 (full 0):
 Metaspace       used 145205K, committed 147136K, reserved 1179648K
  class space    used 25016K, committed 25792K, reserved 1048576K
}
Event: 106.621 {metaspace Before GC invocations=139 (full 0):
 Metaspace       used 145359K, committed 147264K, reserved 1179648K
  class space    used 25046K, committed 25792K, reserved 1048576K
}
Event: 106.670 {metaspace After GC invocations=140 (full 0):
 Metaspace       used 145359K, committed 147264K, reserved 1179648K
  class space    used 25046K, committed 25792K, reserved 1048576K
}
Event: 108.445 {metaspace Before GC invocations=140 (full 0):
 Metaspace       used 145406K, committed 147264K, reserved 1179648K
  class space    used 25046K, committed 25792K, reserved 1048576K
}
Event: 108.467 {metaspace After GC invocations=141 (full 0):
 Metaspace       used 145406K, committed 147264K, reserved 1179648K
  class space    used 25046K, committed 25792K, reserved 1048576K
}
Event: 122.735 {metaspace Before GC invocations=142 (full 0):
 Metaspace       used 145497K, committed 147392K, reserved 1179648K
  class space    used 25050K, committed 25792K, reserved 1048576K
}
Event: 122.758 {metaspace After GC invocations=143 (full 0):
 Metaspace       used 145497K, committed 147392K, reserved 1179648K
  class space    used 25050K, committed 25792K, reserved 1048576K
}
Event: 131.432 {metaspace Before GC invocations=143 (full 0):
 Metaspace       used 145669K, committed 147584K, reserved 1179648K
  class space    used 25064K, committed 25856K, reserved 1048576K
}
Event: 131.451 {metaspace After GC invocations=144 (full 0):
 Metaspace       used 145669K, committed 147584K, reserved 1179648K
  class space    used 25064K, committed 25856K, reserved 1048576K
}
Event: 140.844 {metaspace Before GC invocations=144 (full 0):
 Metaspace       used 145718K, committed 147648K, reserved 1179648K
  class space    used 25068K, committed 25856K, reserved 1048576K
}
Event: 140.856 {metaspace After GC invocations=145 (full 0):
 Metaspace       used 145718K, committed 147648K, reserved 1179648K
  class space    used 25068K, committed 25856K, reserved 1048576K
}
Event: 140.999 {metaspace Before GC invocations=145 (full 0):
 Metaspace       used 145796K, committed 147712K, reserved 1179648K
  class space    used 25085K, committed 25856K, reserved 1048576K
}
Event: 141.010 {metaspace After GC invocations=146 (full 0):
 Metaspace       used 145796K, committed 147712K, reserved 1179648K
  class space    used 25085K, committed 25856K, reserved 1048576K
}
Event: 141.072 {metaspace Before GC invocations=146 (full 0):
 Metaspace       used 145820K, committed 147712K, reserved 1179648K
  class space    used 25087K, committed 25856K, reserved 1048576K
}
Event: 141.091 {metaspace After GC invocations=147 (full 0):
 Metaspace       used 145820K, committed 147712K, reserved 1179648K
  class space    used 25087K, committed 25856K, reserved 1048576K
}

Dll operation events (14 events):
Event: 0.001 Loaded shared library /home/anguscrump/.jdks/jbr-25.0.3/lib/libjava.so
Event: 0.016 Loaded shared library /home/anguscrump/.jdks/jbr-25.0.3/lib/libnio.so
Event: 0.021 Loaded shared library /home/anguscrump/.jdks/jbr-25.0.3/lib/libzip.so
Event: 0.026 Loaded shared library /home/anguscrump/.jdks/jbr-25.0.3/lib/libnet.so
Event: 0.031 Loaded shared library /home/anguscrump/.jdks/jbr-25.0.3/lib/libzip.so
Event: 0.055 Loaded shared library /home/anguscrump/.jdks/jbr-25.0.3/lib/libjimage.so
Event: 0.249 Loaded shared library /home/anguscrump/.jdks/jbr-25.0.3/lib/libmanagement.so
Event: 0.249 Loaded shared library /home/anguscrump/.jdks/jbr-25.0.3/lib/libmanagement_ext.so
Event: 0.374 Loaded shared library /home/anguscrump/.jdks/jbr-25.0.3/lib/libverify.so
Event: 1.410 Loaded shared library /home/anguscrump/.cache/JNA/temp/jna3606323950132753977.tmp
Event: 3.982 Loaded shared library /home/anguscrump/.jdks/jbr-25.0.3/lib/libextnet.so
Event: 4.214 Loaded shared library /tmp/lwjgl_anguscrump/3.4.1-snapshot/arm64/liblwjgl.so
Event: 4.411 Loaded shared library /tmp/lwjgl_anguscrump/3.4.1-snapshot/arm64/liblwjgl_opengl.so
Event: 4.543 Loaded shared library /tmp/lwjgl_anguscrump/3.4.1-snapshot/arm64/liblwjgl_stb.so

Deoptimization events (20 events):
Event: 142.201 Thread 0x0000ffff04796fc0 Uncommon trap: trap_request=0x0000002f fr.pc=0x0000ffffa9822a7c relative=0x00000000000004fc
Event: 142.201 Thread 0x0000ffff04796fc0 Uncommon trap: reason=unloaded action=reinterpret pc=0x0000ffffa9822a7c method=java.util.concurrent.SynchronousQueue.poll(JLjava/util/concurrent/TimeUnit;)Ljava/lang/Object; @ 33 c2
Event: 142.201 Thread 0x0000ffff04796fc0 DEOPT PACKING pc=0x0000ffffa9822a7c sp=0x0000fffea1a7e180
Event: 142.201 Thread 0x0000ffff04796fc0 DEOPT UNPACKING pc=0x0000ffffa864869c sp=0x0000fffea1a7e060 mode 2
Event: 142.201 Thread 0x0000ffff441c4b80 Uncommon trap: trap_request=0xffffff45 fr.pc=0x0000ffffa9a38990 relative=0x0000000000000910
Event: 142.201 Thread 0x0000ffff441c4b80 Uncommon trap: reason=unstable_if action=reinterpret pc=0x0000ffffa9a38990 method=java.util.concurrent.LinkedTransferQueue$DualNode.await(Ljava/lang/Object;JLjava/lang/Object;Z)Ljava/lang/Object; @ 143 c2
Event: 142.201 Thread 0x0000ffff441c4b80 DEOPT PACKING pc=0x0000ffffa9a38990 sp=0x0000fffea167e0f0
Event: 142.201 Thread 0x0000ffff441c4b80 DEOPT UNPACKING pc=0x0000ffffa864869c sp=0x0000fffea167df20 mode 2
Event: 142.201 Thread 0x0000ffff441c4b80 Uncommon trap: trap_request=0x0000002f fr.pc=0x0000ffffa9822a7c relative=0x00000000000004fc
Event: 142.202 Thread 0x0000ffff441c4b80 Uncommon trap: reason=unloaded action=reinterpret pc=0x0000ffffa9822a7c method=java.util.concurrent.SynchronousQueue.poll(JLjava/util/concurrent/TimeUnit;)Ljava/lang/Object; @ 33 c2
Event: 142.202 Thread 0x0000ffff441c4b80 DEOPT PACKING pc=0x0000ffffa9822a7c sp=0x0000fffea167e180
Event: 142.202 Thread 0x0000ffff441c4b80 DEOPT UNPACKING pc=0x0000ffffa864869c sp=0x0000fffea167e060 mode 2
Event: 142.202 Thread 0x0000fffe68006120 Uncommon trap: trap_request=0xffffff45 fr.pc=0x0000ffffa9a38990 relative=0x0000000000000910
Event: 142.202 Thread 0x0000fffe68006120 Uncommon trap: reason=unstable_if action=reinterpret pc=0x0000ffffa9a38990 method=java.util.concurrent.LinkedTransferQueue$DualNode.await(Ljava/lang/Object;JLjava/lang/Object;Z)Ljava/lang/Object; @ 143 c2
Event: 142.202 Thread 0x0000fffe68006120 DEOPT PACKING pc=0x0000ffffa9a38990 sp=0x0000fffe9c73e0f0
Event: 142.202 Thread 0x0000fffe68006120 DEOPT UNPACKING pc=0x0000ffffa864869c sp=0x0000fffe9c73df20 mode 2
Event: 142.202 Thread 0x0000fffe68006120 Uncommon trap: trap_request=0x0000002f fr.pc=0x0000ffffa9822a7c relative=0x00000000000004fc
Event: 142.202 Thread 0x0000fffe68006120 Uncommon trap: reason=unloaded action=reinterpret pc=0x0000ffffa9822a7c method=java.util.concurrent.SynchronousQueue.poll(JLjava/util/concurrent/TimeUnit;)Ljava/lang/Object; @ 33 c2
Event: 142.202 Thread 0x0000fffe68006120 DEOPT PACKING pc=0x0000ffffa9822a7c sp=0x0000fffe9c73e180
Event: 142.202 Thread 0x0000fffe68006120 DEOPT UNPACKING pc=0x0000ffffa864869c sp=0x0000fffe9c73e060 mode 2

Classes loaded (20 events):
Event: 33.336 Loading class java/util/IdentityHashMap$ValueSpliterator
Event: 33.336 Loading class java/util/IdentityHashMap$ValueSpliterator done
Event: 35.753 Loading class java/lang/FdLibm$Log1p
Event: 35.753 Loading class java/lang/FdLibm$Log1p done
Event: 37.124 Loading class java/util/Spliterators$LongIteratorSpliterator
Event: 37.125 Loading class java/util/Spliterators$LongIteratorSpliterator done
Event: 37.231 Loading class java/util/zip/CRC32C
Event: 37.231 Loading class java/util/zip/CRC32C done
Event: 37.748 Loading class java/lang/runtime/SwitchBootstraps$StaticHolders
Event: 37.748 Loading class java/lang/runtime/SwitchBootstraps$StaticHolders done
Event: 37.748 Loading class java/lang/runtime/SwitchBootstraps$MappedEnumCache
Event: 37.748 Loading class java/lang/runtime/SwitchBootstraps$MappedEnumCache done
Event: 38.934 Loading class java/util/ReverseOrderListView
Event: 38.934 Loading class java/util/ReverseOrderListView done
Event: 38.934 Loading class java/util/ReverseOrderListView$Rand
Event: 38.934 Loading class java/util/ReverseOrderListView$Rand done
Event: 38.934 Loading class java/util/ReverseOrderListView$DescendingIterator
Event: 38.934 Loading class java/util/ReverseOrderListView$DescendingIterator done
Event: 50.256 Loading class java/util/DualPivotQuicksort$Sorter
Event: 50.256 Loading class java/util/DualPivotQuicksort$Sorter done

Classes unloaded (19 events):
Event: 27.749 Thread 0x0000ffffb420dac0 Unloading class 0x00003ff80328cc00 'java/lang/invoke/LambdaForm$DMH+0x00003ff80328cc00'
Event: 27.749 Thread 0x0000ffffb420dac0 Unloading class 0x00003ff80328c800 'java/lang/invoke/LambdaForm$DMH+0x00003ff80328c800'
Event: 27.749 Thread 0x0000ffffb420dac0 Unloading class 0x00003ff80328c000 'java/lang/invoke/LambdaForm$DMH+0x00003ff80328c000'
Event: 27.749 Thread 0x0000ffffb420dac0 Unloading class 0x00003ff8031a4000 'java/lang/invoke/LambdaForm$DMH+0x00003ff8031a4000'
Event: 27.749 Thread 0x0000ffffb420dac0 Unloading class 0x00003ff803145800 'java/lang/invoke/LambdaForm$MH+0x00003ff803145800'
Event: 27.749 Thread 0x0000ffffb420dac0 Unloading class 0x00003ff803145000 'java/lang/invoke/LambdaForm$DMH+0x00003ff803145000'
Event: 27.749 Thread 0x0000ffffb420dac0 Unloading class 0x00003ff803144800 'java/lang/invoke/LambdaForm$DMH+0x00003ff803144800'
Event: 32.111 Thread 0x0000ffffb420dac0 Unloading class 0x00003ff8033dcc00 'java/lang/invoke/LambdaForm$DMH+0x00003ff8033dcc00'
Event: 32.111 Thread 0x0000ffffb420dac0 Unloading class 0x00003ff8033dc800 'java/lang/invoke/LambdaForm$DMH+0x00003ff8033dc800'
Event: 34.233 Thread 0x0000ffffb420dac0 Unloading class 0x00003ff80357c000 'java/lang/invoke/LambdaForm$DMH+0x00003ff80357c000'
Event: 34.233 Thread 0x0000ffffb420dac0 Unloading class 0x00003ff803575800 'java/lang/invoke/LambdaForm$DMH+0x00003ff803575800'
Event: 34.233 Thread 0x0000ffffb420dac0 Unloading class 0x00003ff803575400 'java/lang/invoke/LambdaForm$DMH+0x00003ff803575400'
Event: 34.233 Thread 0x0000ffffb420dac0 Unloading class 0x00003ff803575000 'java/lang/invoke/LambdaForm$DMH+0x00003ff803575000'
Event: 34.233 Thread 0x0000ffffb420dac0 Unloading class 0x00003ff803574c00 'java/lang/invoke/LambdaForm$DMH+0x00003ff803574c00'
Event: 34.233 Thread 0x0000ffffb420dac0 Unloading class 0x00003ff803574400 'java/lang/invoke/LambdaForm$DMH+0x00003ff803574400'
Event: 34.233 Thread 0x0000ffffb420dac0 Unloading class 0x00003ff80356c400 'java/lang/invoke/LambdaForm$DMH+0x00003ff80356c400'
Event: 39.550 Thread 0x0000ffffb420dac0 Unloading class 0x00003ff803852400 'java/lang/invoke/LambdaForm$DMH+0x00003ff803852400'
Event: 39.550 Thread 0x0000ffffb420dac0 Unloading class 0x00003ff803850800 'java/lang/invoke/LambdaForm$DMH+0x00003ff803850800'
Event: 39.550 Thread 0x0000ffffb420dac0 Unloading class 0x00003ff803850000 'java/lang/invoke/LambdaForm$DMH+0x00003ff803850000'

Classes redefined (0 events):
No events

Internal exceptions (20 events):
Event: 141.509 Thread 0x0000ffff4435b130 Exception <a 'sun/nio/fs/UnixException'{0x00000007f8ed2f08}> (0x00000007f8ed2f08) 
thrown [src/hotspot/share/prims/jni.cpp, line 535]
Event: 141.509 Thread 0x0000fffeb807a490 Exception <a 'sun/nio/fs/UnixException'{0x00000007f8edd530}> (0x00000007f8edd530) 
thrown [src/hotspot/share/prims/jni.cpp, line 535]
Event: 141.510 Thread 0x0000ffff04797890 Exception <a 'sun/nio/fs/UnixException'{0x00000007f8ed3eb0}> (0x00000007f8ed3eb0) 
thrown [src/hotspot/share/prims/jni.cpp, line 535]
Event: 141.510 Thread 0x0000fffeb807a490 Exception <a 'sun/nio/fs/UnixException'{0x00000007f8eddd28}> (0x00000007f8eddd28) 
thrown [src/hotspot/share/prims/jni.cpp, line 535]
Event: 141.510 Thread 0x0000ffff04797890 Exception <a 'sun/nio/fs/UnixException'{0x00000007f8ed4598}> (0x00000007f8ed4598) 
thrown [src/hotspot/share/prims/jni.cpp, line 535]
Event: 141.510 Thread 0x0000fffeb807a490 Exception <a 'sun/nio/fs/UnixException'{0x00000007f8ede580}> (0x00000007f8ede580) 
thrown [src/hotspot/share/prims/jni.cpp, line 535]
Event: 141.510 Thread 0x0000ffff04797890 Exception <a 'sun/nio/fs/UnixException'{0x00000007f8ed4cc0}> (0x00000007f8ed4cc0) 
thrown [src/hotspot/share/prims/jni.cpp, line 535]
Event: 141.510 Thread 0x0000fffeb807a490 Exception <a 'sun/nio/fs/UnixException'{0x00000007f8ef6d08}> (0x00000007f8ef6d08) 
thrown [src/hotspot/share/prims/jni.cpp, line 535]
Event: 141.511 Thread 0x0000ffff04797890 Exception <a 'sun/nio/fs/UnixException'{0x00000007f8efc740}> (0x00000007f8efc740) 
thrown [src/hotspot/share/prims/jni.cpp, line 535]
Event: 141.511 Thread 0x0000fffe68006120 Exception <a 'sun/nio/fs/UnixException'{0x00000007f8ec98e8}> (0x00000007f8ec98e8) 
thrown [src/hotspot/share/prims/jni.cpp, line 535]
Event: 141.511 Thread 0x0000ffff04797890 Exception <a 'sun/nio/fs/UnixException'{0x00000007f8efce28}> (0x00000007f8efce28) 
thrown [src/hotspot/share/prims/jni.cpp, line 535]
Event: 141.511 Thread 0x0000fffe68006120 Exception <a 'sun/nio/fs/UnixException'{0x00000007f8ec9fd0}> (0x00000007f8ec9fd0) 
thrown [src/hotspot/share/prims/jni.cpp, line 535]
Event: 141.511 Thread 0x0000ffff04797890 Exception <a 'sun/nio/fs/UnixException'{0x00000007f8efd7a0}> (0x00000007f8efd7a0) 
thrown [src/hotspot/share/prims/jni.cpp, line 535]
Event: 141.515 Thread 0x0000fffeb807a490 Exception <a 'sun/nio/fs/UnixException'{0x00000007f8f107c0}> (0x00000007f8f107c0) 
thrown [src/hotspot/share/prims/jni.cpp, line 535]
Event: 141.517 Thread 0x0000fffeb807a490 Exception <a 'sun/nio/fs/UnixException'{0x00000007f8f1ec00}> (0x00000007f8f1ec00) 
thrown [src/hotspot/share/prims/jni.cpp, line 535]
Event: 141.522 Thread 0x0000fffe90632140 Exception <a 'sun/nio/fs/UnixException'{0x00000007f8e8d7c0}> (0x00000007f8e8d7c0) 
thrown [src/hotspot/share/prims/jni.cpp, line 535]
Event: 141.522 Thread 0x0000fffe90632140 Exception <a 'sun/nio/fs/UnixException'{0x00000007f8e8da50}> (0x00000007f8e8da50) 
thrown [src/hotspot/share/prims/jni.cpp, line 535]
Event: 141.522 Thread 0x0000fffe90632140 Exception <a 'sun/nio/fs/UnixException'{0x00000007f8e8dd00}> (0x00000007f8e8dd00) 
thrown [src/hotspot/share/prims/jni.cpp, line 535]
Event: 141.587 Thread 0x0000ffffb40316d0 Implicit null exception at 0x0000ffffa9625418 to 0x0000ffffa96254e8
Event: 142.267 Thread 0x0000ffffb40316d0 Exception <a 'sun/nio/fs/UnixException'{0x00000007f82d0618}> (0x00000007f82d0618) 
thrown [src/hotspot/share/prims/jni.cpp, line 535]

VM Operations (20 events):
Event: 120.177 Executing non-safepoint VM operation: RendezvousGCThreads done
Event: 122.735 Executing safepoint VM operation: G1CollectForAllocation (G1 Evacuation Pause)
Event: 122.758 Executing safepoint VM operation: G1CollectForAllocation (G1 Evacuation Pause) done
Event: 124.941 Executing non-safepoint VM operation: HandshakeAllThreads (Deoptimize)
Event: 124.943 Executing non-safepoint VM operation: HandshakeAllThreads (Deoptimize) done
Event: 126.513 Executing non-safepoint VM operation: HandshakeAllThreads (Deoptimize)
Event: 126.513 Executing non-safepoint VM operation: HandshakeAllThreads (Deoptimize) done
Event: 131.432 Executing safepoint VM operation: G1CollectForAllocation (G1 Evacuation Pause)
Event: 131.453 Executing safepoint VM operation: G1CollectForAllocation (G1 Evacuation Pause) done
Event: 140.844 Executing safepoint VM operation: G1CollectForAllocation (G1 Evacuation Pause)
Event: 140.856 Executing safepoint VM operation: G1CollectForAllocation (G1 Evacuation Pause) done
Event: 140.999 Executing safepoint VM operation: G1CollectForAllocation (G1 Evacuation Pause)
Event: 141.010 Executing safepoint VM operation: G1CollectForAllocation (G1 Evacuation Pause) done
Event: 141.072 Executing safepoint VM operation: G1CollectForAllocation (G1 Evacuation Pause)
Event: 141.091 Executing safepoint VM operation: G1CollectForAllocation (G1 Evacuation Pause) done
Event: 141.102 Executing safepoint VM operation: G1PauseRemark
Event: 141.108 Executing safepoint VM operation: G1PauseRemark done
Event: 141.194 Executing safepoint VM operation: G1PauseCleanup
Event: 141.194 Executing safepoint VM operation: G1PauseCleanup done
Event: 142.268 Executing safepoint VM operation: Exit

Memory protections (20 events):
Event: 98.977 Protecting memory [0x0000fffea1c80000,0x0000fffea1c8c000] with protection modes 0
Event: 102.393 Protecting memory [0x0000fffea1c80000,0x0000fffea1c8c000] with protection modes 0
Event: 102.710 Protecting memory [0x0000fffea1c80000,0x0000fffea1c8c000] with protection modes 0
Event: 104.037 Protecting memory [0x0000fffea1c80000,0x0000fffea1c8c000] with protection modes 0
Event: 104.579 Protecting memory [0x0000fffea1c80000,0x0000fffea1c8c000] with protection modes 0
Event: 108.064 Protecting memory [0x0000fffea1c80000,0x0000fffea1c8c000] with protection modes 0
Event: 108.477 Protecting memory [0x0000fffea1c80000,0x0000fffea1c8c000] with protection modes 0
Event: 120.735 Protecting memory [0x0000fffea1280000,0x0000fffea128c000] with protection modes 0
Event: 125.041 Protecting memory [0x0000fffea1280000,0x0000fffea128c000] with protection modes 0
Event: 126.570 Protecting memory [0x0000fffea1280000,0x0000fffea128c000] with protection modes 0
Event: 126.761 Protecting memory [0x0000ffff90890000,0x0000ffff9089c000] with protection modes 0
Event: 140.392 Protecting memory [0x0000fffe9c06c000,0x0000fffe9c078000] with protection modes 0
Event: 141.030 Protecting memory [0x0000fffea1280000,0x0000fffea128c000] with protection modes 0
Event: 141.562 Protecting memory [0x0000fffeadc00000,0x0000fffeadc0c000] with protection modes 0
Event: 141.609 Protecting memory [0x0000fffea1a80000,0x0000fffea1a8c000] with protection modes 0
Event: 142.158 Protecting memory [0x0000fffeadc00000,0x0000fffeadc0c000] with protection modes 0
Event: 142.171 Protecting memory [0x0000fffeadc00000,0x0000fffeadc0c000] with protection modes 0
Event: 142.263 Protecting memory [0x0000fffea0e80000,0x0000fffea0e8c000] with protection modes 0
Event: 142.263 Protecting memory [0x0000fffe9c540000,0x0000fffe9c54c000] with protection modes 0
Event: 142.263 Protecting memory [0x0000fffea1480000,0x0000fffea148c000] with protection modes 0

Nmethod flushes (20 events):
Event: 141.107 Thread 0x0000ffffb420dac0 flushing  nmethod 0x0000ffffa1239848
Event: 141.107 Thread 0x0000ffffb420dac0 flushing  nmethod 0x0000ffffa134c988
Event: 141.107 Thread 0x0000ffffb420dac0 flushing  nmethod 0x0000ffffa1484408
Event: 141.107 Thread 0x0000ffffb420dac0 flushing  nmethod 0x0000ffffa1487a88
Event: 141.107 Thread 0x0000ffffb420dac0 flushing  nmethod 0x0000ffffa1619208
Event: 141.107 Thread 0x0000ffffb420dac0 flushing  nmethod 0x0000ffffa1619648
Event: 141.107 Thread 0x0000ffffb420dac0 flushing  nmethod 0x0000ffffa1670e08
Event: 141.107 Thread 0x0000ffffb420dac0 flushing  nmethod 0x0000ffffa16f0cc8
Event: 141.107 Thread 0x0000ffffb420dac0 flushing  nmethod 0x0000ffffa1753e08
Event: 141.107 Thread 0x0000ffffb420dac0 flushing  nmethod 0x0000ffffa1859788
Event: 141.107 Thread 0x0000ffffb420dac0 flushing  nmethod 0x0000ffffa185e1c8
Event: 141.107 Thread 0x0000ffffb420dac0 flushing  nmethod 0x0000ffffa18f2b88
Event: 141.107 Thread 0x0000ffffb420dac0 flushing  nmethod 0x0000ffffa1a82e88
Event: 141.107 Thread 0x0000ffffb420dac0 flushing  nmethod 0x0000ffffa1b40c88
Event: 141.107 Thread 0x0000ffffb420dac0 flushing  nmethod 0x0000ffffa1ea57c8
Event: 141.107 Thread 0x0000ffffb420dac0 flushing  nmethod 0x0000ffffa1efacc8
Event: 141.107 Thread 0x0000ffffb420dac0 flushing  nmethod 0x0000ffffa1f860c8
Event: 141.107 Thread 0x0000ffffb420dac0 flushing  nmethod 0x0000ffffa1f868c8
Event: 141.107 Thread 0x0000ffffb420dac0 flushing  nmethod 0x0000ffffa1f87208
Event: 141.107 Thread 0x0000ffffb420dac0 flushing  nmethod 0x0000ffffa20dd1c8

Events (20 events):
Event: 142.200 Thread 0x0000ffffb77a33c0 Thread exited: 0x0000ffffb77a33c0
Event: 142.201 Thread 0x0000ffffb776ae50 Thread exited: 0x0000ffffb776ae50
Event: 142.201 Thread 0x0000ffffb77a1e40 Thread exited: 0x0000ffffb77a1e40
Event: 142.201 Thread 0x0000fffebc0243c0 Thread exited: 0x0000fffebc0243c0
Event: 142.201 Thread 0x0000ffffb77a07d0 Thread exited: 0x0000ffffb77a07d0
Event: 142.201 Thread 0x0000ffff04797890 Thread exited: 0x0000ffff04797890
Event: 142.201 Thread 0x0000fffeb807a490 Thread exited: 0x0000fffeb807a490
Event: 142.201 Thread 0x0000fffe800d4f10 Thread exited: 0x0000fffe800d4f10
Event: 142.201 Thread 0x0000ffff04796fc0 Thread exited: 0x0000ffff04796fc0
Event: 142.202 Thread 0x0000ffff441c4b80 Thread exited: 0x0000ffff441c4b80
Event: 142.202 Thread 0x0000fffe68006120 Thread exited: 0x0000fffe68006120
Event: 142.202 Thread 0x0000ffff4435b130 Thread exited: 0x0000ffff4435b130
Event: 142.263 Thread 0x0000ffffb40316d0 Thread added: 0x0000ffffb799a820
Event: 142.263 Thread 0x0000ffffb40316d0 Thread added: 0x0000fffe9028edf0
Event: 142.263 Thread 0x0000ffffb799a820 Thread exited: 0x0000ffffb799a820
Event: 142.263 Thread 0x0000ffffb40316d0 Thread added: 0x0000fffe90254420
Event: 142.263 Thread 0x0000fffe9028edf0 Thread exited: 0x0000fffe9028edf0
Event: 142.267 Thread 0x0000fffe90254420 Thread exited: 0x0000fffe90254420
Event: 142.267 Thread 0x0000ffffb40316d0 Before exit entered
Event: 142.268 Thread 0x0000ffffb421c270 Thread exited: 0x0000ffffb421c270


Dynamic libraries:
70f800000-756e00000 rw-p 00000000 00:00 0 
756e00000-7f6e00000 ---p 00000000 00:00 0 
7f6e00000-7ffc00000 rw-p 00000000 00:00 0 
7ffc00000-7ffe50000 rw-p 01d70000 00:25 8789750                          /home/anguscrump/.jdks/jbr-25.0.3/lib/server/classes.jsa
7ffe50000-800000000 rw-p 00000000 00:00 0 
3ff800000000-3ff800010000 ---p 00000000 00:00 0 
3ff800010000-3ff801d00000 rw-p 00010000 00:25 8789750                    /home/anguscrump/.jdks/jbr-25.0.3/lib/server/classes.jsa
3ff801d00000-3ff802000000 ---p 00000000 00:00 0 
3ff802000000-3ff802040000 rw-p 00000000 00:00 0 
3ff802040000-3ff8020e0000 rw-p 00000000 00:00 0 
3ff8020e0000-3ff802e40000 rw-p 00000000 00:00 0 
3ff802e40000-3ff802e80000 rw-p 00000000 00:00 0 
3ff802e80000-3ff8031c0000 rw-p 00000000 00:00 0 
3ff8031c0000-3ff8031f0000 rw-p 00000000 00:00 0 
3ff8031f0000-3ff803200000 ---p 00000000 00:00 0 
3ff803200000-3ff803950000 rw-p 00000000 00:00 0 
3ff803950000-3ff842000000 ---p 00000000 00:00 0 
aaaaaaf10000-aaaaaaf14000 r-xp 00000000 00:25 8789212                    /home/anguscrump/.jdks/jbr-25.0.3/bin/java
aaaaaaf2c000-aaaaaaf30000 r--p 0000c000 00:25 8789212                    /home/anguscrump/.jdks/jbr-25.0.3/bin/java
aaaaaaf30000-aaaaaaf34000 rw-p 00010000 00:25 8789212                    /home/anguscrump/.jdks/jbr-25.0.3/bin/java
aaaaac834000-aaaaaca00000 rw-p 00000000 00:00 0                          [heap]
fffe28000000-fffe28200000 rw-p 00000000 00:00 0 
fffe28200000-fffe2c000000 ---p 00000000 00:00 0 
fffe2c000000-fffe2c200000 rw-p 00000000 00:00 0 
fffe2c200000-fffe2d200000 rw-p 00000000 00:00 0 
fffe2d200000-fffe30000000 ---p 00000000 00:00 0 
fffe49800000-fffe50000000 rw-p 00000000 00:00 0 
fffe50000000-fffe50200000 rw-p 00000000 00:00 0 
fffe50200000-fffe51800000 rw-p 00000000 00:00 0 
fffe51800000-fffe54000000 ---p 00000000 00:00 0 
fffe55800000-fffe58000000 rw-p 00000000 00:00 0 
fffe58000000-fffe58200000 rw-p 00000000 00:00 0 
fffe58200000-fffe5c000000 ---p 00000000 00:00 0 
fffe5c000000-fffe5c200000 rw-p 00000000 00:00 0 
fffe5c200000-fffe5dc00000 rw-p 00000000 00:00 0 
fffe5dc00000-fffe60000000 ---p 00000000 00:00 0 
fffe60000000-fffe60200000 rw-p 00000000 00:00 0 
fffe60200000-fffe60c00000 rw-p 00000000 00:00 0 
fffe60c00000-fffe64000000 ---p 00000000 00:00 0 
fffe64000000-fffe64200000 rw-p 00000000 00:00 0 
fffe64200000-fffe68000000 ---p 00000000 00:00 0 
fffe68000000-fffe68200000 rw-p 00000000 00:00 0 
fffe68200000-fffe6c000000 ---p 00000000 00:00 0 
fffe6c000000-fffe6c200000 rw-p 00000000 00:00 0 
fffe6c200000-fffe70000000 ---p 00000000 00:00 0 
fffe70000000-fffe70200000 rw-p 00000000 00:00 0 
fffe70200000-fffe74000000 ---p 00000000 00:00 0 
fffe74000000-fffe74200000 rw-p 00000000 00:00 0 
fffe74200000-fffe74800000 rw-p 00000000 00:00 0 
fffe74800000-fffe78000000 ---p 00000000 00:00 0 
fffe78000000-fffe78200000 rw-p 00000000 00:00 0 
fffe78200000-fffe7c000000 ---p 00000000 00:00 0 
fffe7c000000-fffe7c200000 rw-p 00000000 00:00 0 
fffe7c200000-fffe80000000 ---p 00000000 00:00 0 
fffe80000000-fffe80200000 rw-p 00000000 00:00 0 
fffe80200000-fffe80600000 rw-p 00000000 00:00 0 
fffe80600000-fffe84000000 ---p 00000000 00:00 0 
fffe8c000000-fffe8c200000 rw-p 00000000 00:00 0 
fffe8c200000-fffe90000000 ---p 00000000 00:00 0 
fffe90000000-fffe90200000 rw-p 00000000 00:00 0 
fffe90200000-fffe90800000 rw-p 00000000 00:00 0 
fffe90800000-fffe94000000 ---p 00000000 00:00 0 
fffe94000000-fffe94200000 rw-p 00000000 00:00 0 
fffe94200000-fffe98000000 ---p 00000000 00:00 0 
fffe98000000-fffe98200000 rw-p 00000000 00:00 0 
fffe98200000-fffe99600000 rw-p 00000000 00:00 0 
fffe99600000-fffe9c000000 ---p 00000000 00:00 0 
fffe9c540000-fffe9c54c000 ---p 00000000 00:00 0 
fffe9c54c000-fffe9c740000 rw-p 00000000 00:00 0 
fffe9cf80000-fffe9d500000 rw-p 00000000 00:00 0 
fffe9d600000-fffe9da00000 rw-p 00000000 00:00 0 
fffe9f050000-fffe9f05c000 ---p 00000000 00:00 0 
fffe9f05c000-fffe9f250000 rw-p 00000000 00:00 0 
fffe9f250000-fffe9f25c000 ---p 00000000 00:00 0 
fffe9f25c000-fffe9f450000 rw-p 00000000 00:00 0 
fffea0c80000-fffea0c8c000 ---p 00000000 00:00 0 
fffea0c8c000-fffea0e80000 rw-p 00000000 00:00 0 
fffea0e80000-fffea0e8c000 ---p 00000000 00:00 0 
fffea0e8c000-fffea1080000 rw-p 00000000 00:00 0 
fffea1480000-fffea148c000 ---p 00000000 00:00 0 
fffea148c000-fffea1680000 rw-p 00000000 00:00 0 
fffea1880000-fffea188c000 ---p 00000000 00:00 0 
fffea188c000-fffea1a80000 rw-p 00000000 00:00 0 
fffea1e80000-fffea4000000 rw-p 00000000 00:00 0 
fffea4000000-fffea4200000 rw-p 00000000 00:00 0 
fffea4200000-fffea4a00000 rw-p 00000000 00:00 0 
fffea4a00000-fffea8000000 ---p 00000000 00:00 0 
fffea8000000-fffea8200000 rw-p 00000000 00:00 0 
fffea8200000-fffeac000000 ---p 00000000 00:00 0 
fffeac100000-fffead600000 rw-p 00000000 00:00 0 
fffead680000-fffeadc00000 rw-p 00000000 00:00 0 
fffeadc00000-fffeadc0c000 ---p 00000000 00:00 0 
fffeadc0c000-fffeade00000 rw-p 00000000 00:00 0 
fffeade00000-fffeafc00000 rw-p 00000000 00:00 0 
fffeafd80000-fffeb0000000 rw-p 00000000 00:00 0 
fffeb0000000-fffeb0200000 rw-p 00000000 00:00 0 
fffeb0200000-fffeb4000000 ---p 00000000 00:00 0 
fffeb4000000-fffeb4200000 rw-p 00000000 00:00 0 
fffeb4200000-fffeb8000000 ---p 00000000 00:00 0 
fffeb8000000-fffeb8200000 rw-p 00000000 00:00 0 
fffeb8200000-fffebc000000 ---p 00000000 00:00 0 
fffebc000000-fffebc200000 rw-p 00000000 00:00 0 
fffebc200000-fffec0000000 ---p 00000000 00:00 0 
fffec0100000-fffec1200000 rw-p 00000000 00:00 0 
fffec1700000-fffec2a00000 rw-p 00000000 00:00 0 
fffec2a00000-fffec2a0c000 ---p 00000000 00:00 0 
fffec2a0c000-fffec2c00000 rw-p 00000000 00:00 0 
fffec2c00000-fffec3200000 rw-p 00000000 00:00 0 
fffec3380000-fffec3e00000 rw-p 00000000 00:00 0 
fffec4000000-fffec4200000 rw-p 00000000 00:00 0 
fffec4200000-fffec8000000 ---p 00000000 00:00 0 
fffec8000000-fffec8200000 rw-p 00000000 00:00 0 
fffec8200000-fffecc000000 ---p 00000000 00:00 0 
fffecc000000-fffecc200000 rw-p 00000000 00:00 0 
fffecc200000-fffed0000000 ---p 00000000 00:00 0 
fffed0000000-fffed0200000 rw-p 00000000 00:00 0 
fffed0200000-fffed4000000 ---p 00000000 00:00 0 
fffed4340000-fffed43d0000 r-xp 00000000 00:25 3200165                    /usr/lib64/libflite_cmulex.so.2.2
fffed43d0000-fffed43dc000 ---p 00090000 00:25 3200165                    /usr/lib64/libflite_cmulex.so.2.2
fffed43dc000-fffed43e0000 r--p 0008c000 00:25 3200165                    /usr/lib64/libflite_cmulex.so.2.2
fffed43e0000-fffed43e4000 rw-p 00000000 00:00 0 
fffed43f0000-fffed4400000 r-xp 00000000 00:25 3200167                    /usr/lib64/libflite_usenglish.so.2.2
fffed4400000-fffed4404000 ---p 00010000 00:25 3200167                    /usr/lib64/libflite_usenglish.so.2.2
fffed4404000-fffed4410000 r--p 00014000 00:25 3200167                    /usr/lib64/libflite_usenglish.so.2.2
fffed4410000-fffed4414000 rw-p 00000000 00:00 0 
fffed4420000-fffed47e8000 r-xp 00000000 00:25 3200159                    /usr/lib64/libflite_cmu_us_kal16.so.2.2
fffed47e8000-fffed47f8000 ---p 003c8000 00:25 3200159                    /usr/lib64/libflite_cmu_us_kal16.so.2.2
fffed47f8000-fffed4800000 r--p 003c8000 00:25 3200159                    /usr/lib64/libflite_cmu_us_kal16.so.2.2
fffed4800000-fffed4804000 rw-p 003d0000 00:25 3200159                    /usr/lib64/libflite_cmu_us_kal16.so.2.2
fffed4810000-fffed4854000 r-xp 00000000 00:25 3101837                    /usr/lib64/libmp3lame.so.0.0.0
fffed4854000-fffed486c000 ---p 00044000 00:25 3101837                    /usr/lib64/libmp3lame.so.0.0.0
fffed486c000-fffed4870000 r--p 0004c000 00:25 3101837                    /usr/lib64/libmp3lame.so.0.0.0
fffed4870000-fffed48a0000 rw-p 00000000 00:00 0 
fffed48b0000-fffed4900000 r-xp 00000000 00:25 3105171                    /usr/lib64/libmpg123.so.0.48.3
fffed4900000-fffed490c000 ---p 00050000 00:25 3105171                    /usr/lib64/libmpg123.so.0.48.3
fffed490c000-fffed4910000 r--p 0004c000 00:25 3105171                    /usr/lib64/libmpg123.so.0.48.3
fffed4910000-fffed4914000 rw-p 00050000 00:25 3105171                    /usr/lib64/libmpg123.so.0.48.3
fffed4920000-fffed4928000 r-xp 00000000 00:25 3101183                    /usr/lib64/libogg.so.0.8.6
fffed4928000-fffed493c000 ---p 00008000 00:25 3101183                    /usr/lib64/libogg.so.0.8.6
fffed493c000-fffed4940000 r--p 0000c000 00:25 3101183                    /usr/lib64/libogg.so.0.8.6
fffed4940000-fffed4944000 rw-p 00000000 00:00 0 
fffed4950000-fffed49b8000 r-xp 00000000 00:25 3101166                    /usr/lib64/libopus.so.0.11.0
fffed49b8000-fffed49cc000 ---p 00068000 00:25 3101166                    /usr/lib64/libopus.so.0.11.0
fffed49cc000-fffed49d0000 r--p 0006c000 00:25 3101166                    /usr/lib64/libopus.so.0.11.0
fffed49d0000-fffed49d4000 rw-p 00000000 00:00 0 
fffed49e0000-fffed4a58000 r-xp 00000000 00:25 3101194                    /usr/lib64/libvorbisenc.so.2.0.12
fffed4a58000-fffed4a68000 ---p 00078000 00:25 3101194                    /usr/lib64/libvorbisenc.so.2.0.12
fffed4a68000-fffed4a80000 r--p 00078000 00:25 3101194                    /usr/lib64/libvorbisenc.so.2.0.12
fffed4a80000-fffed4a84000 rw-p 00090000 00:25 3101194                    /usr/lib64/libvorbisenc.so.2.0.12
fffed4a90000-fffed4abc000 r-xp 00000000 00:25 3101192                    /usr/lib64/libvorbis.so.0.4.9
fffed4abc000-fffed4acc000 ---p 0002c000 00:25 3101192                    /usr/lib64/libvorbis.so.0.4.9
fffed4acc000-fffed4ad0000 r--p 0002c000 00:25 3101192                    /usr/lib64/libvorbis.so.0.4.9
fffed4ad0000-fffed4ad4000 rw-p 00000000 00:00 0 
fffed4ae0000-fffed4b20000 r-xp 00000000 00:25 3101748                    /usr/lib64/libFLAC.so.14.0.0
fffed4b20000-fffed4b2c000 ---p 00040000 00:25 3101748                    /usr/lib64/libFLAC.so.14.0.0
fffed4b2c000-fffed4b30000 r--p 0004c000 00:25 3101748                    /usr/lib64/libFLAC.so.14.0.0
fffed4b30000-fffed4b34000 rw-p 00050000 00:25 3101748                    /usr/lib64/libFLAC.so.14.0.0
fffed4b40000-fffed4b4c000 r-xp 00000000 00:25 3104966                    /usr/lib64/libgsm.so.1.0.24
fffed4b4c000-fffed4b5c000 ---p 0000c000 00:25 3104966                    /usr/lib64/libgsm.so.1.0.24
fffed4b5c000-fffed4b60000 r--p 0000c000 00:25 3104966                    /usr/lib64/libgsm.so.1.0.24
fffed4b60000-fffed4b64000 rw-p 00010000 00:25 3104966                    /usr/lib64/libgsm.so.1.0.24
fffed4b70000-fffed4b78000 r-xp 00000000 00:25 3200036                    /usr/lib64/libasyncns.so.0.3.1
fffed4b78000-fffed4b8c000 ---p 00008000 00:25 3200036                    /usr/lib64/libasyncns.so.0.3.1
fffed4b8c000-fffed4b90000 r--p 0000c000 00:25 3200036                    /usr/lib64/libasyncns.so.0.3.1
fffed4b90000-fffed4b94000 rw-p 00000000 00:00 0 
fffed4ba0000-fffed4c18000 r-xp 00000000 00:25 3105180                    /usr/lib64/libsndfile.so.1.0.37
fffed4c18000-fffed4c2c000 ---p 00078000 00:25 3105180                    /usr/lib64/libsndfile.so.1.0.37
fffed4c2c000-fffed4c30000 r--p 0007c000 00:25 3105180                    /usr/lib64/libsndfile.so.1.0.37
fffed4c30000-fffed4c34000 rw-p 00080000 00:25 3105180                    /usr/lib64/libsndfile.so.1.0.37
fffed4c40000-fffed4cbc000 r-xp 00000000 00:25 3200048                    /usr/lib64/pulseaudio/libpulsecommon-17.0.so
fffed4cbc000-fffed4ccc000 ---p 0007c000 00:25 3200048                    /usr/lib64/pulseaudio/libpulsecommon-17.0.so
fffed4ccc000-fffed4cd0000 r--p 0007c000 00:25 3200048                    /usr/lib64/pulseaudio/libpulsecommon-17.0.so
fffed4cd0000-fffed4cd4000 rw-p 00080000 00:25 3200048                    /usr/lib64/pulseaudio/libpulsecommon-17.0.so
fffed4ce0000-fffed4d2c000 r-xp 00000000 00:25 3200047                    /usr/lib64/libpulse.so.0.24.3
fffed4d2c000-fffed4d3c000 ---p 0004c000 00:25 3200047                    /usr/lib64/libpulse.so.0.24.3
fffed4d3c000-fffed4d40000 r--p 0004c000 00:25 3200047                    /usr/lib64/libpulse.so.0.24.3
fffed4d40000-fffed4d44000 rw-p 00050000 00:25 3200047                    /usr/lib64/libpulse.so.0.24.3
fffed4d50000-fffed4d54000 r-xp 00000000 00:25 3200045                    /usr/lib64/libpulse-simple.so.0.1.1
fffed4d54000-fffed4d6c000 ---p 00004000 00:25 3200045                    /usr/lib64/libpulse-simple.so.0.1.1
fffed4d6c000-fffed4d70000 r--p 0000c000 00:25 3200045                    /usr/lib64/libpulse-simple.so.0.1.1
fffed4d70000-fffed4d74000 rw-p 00000000 00:00 0 
fffed4da0000-fffed4ddc000 r-xp 00000000 00:25 3200143                    /usr/lib64/libflite.so.2.2
fffed4ddc000-fffed4dec000 ---p 0003c000 00:25 3200143                    /usr/lib64/libflite.so.2.2
fffed4dec000-fffed4df0000 r--p 0003c000 00:25 3200143                    /usr/lib64/libflite.so.2.2
fffed4df0000-fffed4df4000 rw-p 00040000 00:25 3200143                    /usr/lib64/libflite.so.2.2
fffed4e00000-fffedc000000 rw-p 00000000 00:00 0 
fffedc000000-fffedc200000 rw-p 00000000 00:00 0 
fffedc200000-fffee0000000 ---p 00000000 00:00 0 
fffee0000000-fffee0200000 rw-p 00000000 00:00 0 
fffee0200000-fffee4000000 ---p 00000000 00:00 0 
fffee4000000-fffee4200000 rw-p 00000000 00:00 0 
fffee4200000-fffee5000000 rw-p 00000000 00:00 0 
fffee5000000-fffee8000000 ---p 00000000 00:00 0 
fffee8000000-fffee8200000 rw-p 00000000 00:00 0 
fffee8200000-fffeec000000 ---p 00000000 00:00 0 
fffeec140000-fffeee540000 rw-p 00000000 00:00 0 
fffeee540000-fffeeed50000 rw-p 00000000 00:00 0 
fffeeed50000-fffeeed74000 r-xp 00000000 00:25 3826951                    /usr/lib64/pipewire-0.3/libpipewire-module-session-manager.so
fffeeed74000-fffeeed8c000 ---p 00024000 00:25 3826951                    /usr/lib64/pipewire-0.3/libpipewire-module-session-manager.so
fffeeed8c000-fffeeed90000 r--p 0002c000 00:25 3826951                    /usr/lib64/pipewire-0.3/libpipewire-module-session-manager.so
fffeeed90000-fffeeed94000 rw-p 00000000 00:00 0 
fffeeeda0000-fffeeedac000 r-xp 00000000 00:25 3826933                    /usr/lib64/pipewire-0.3/libpipewire-module-metadata.so
fffeeedac000-fffeeedbc000 ---p 0000c000 00:25 3826933                    /usr/lib64/pipewire-0.3/libpipewire-module-metadata.so
fffeeedbc000-fffeeedc0000 r--p 0000c000 00:25 3826933                    /usr/lib64/pipewire-0.3/libpipewire-module-metadata.so
fffeeedc0000-fffeeedc4000 rw-p 00010000 00:25 3826933                    /usr/lib64/pipewire-0.3/libpipewire-module-metadata.so
fffeeedd0000-fffeeedd8000 r-xp 00000000 00:25 3826923                    /usr/lib64/pipewire-0.3/libpipewire-module-adapter.so
fffeeedd8000-fffeeedec000 ---p 00008000 00:25 3826923                    /usr/lib64/pipewire-0.3/libpipewire-module-adapter.so
fffeeedec000-fffeeedf0000 r--p 0000c000 00:25 3826923                    /usr/lib64/pipewire-0.3/libpipewire-module-adapter.so
fffeeedf0000-fffeeedf4000 rw-p 00010000 00:25 3826923                    /usr/lib64/pipewire-0.3/libpipewire-module-adapter.so
fffeeee00000-fffeeee10000 r-xp 00000000 00:25 3826925                    /usr/lib64/pipewire-0.3/libpipewire-module-client-device.so
fffeeee10000-fffeeee1c000 ---p 00010000 00:25 3826925                    /usr/lib64/pipewire-0.3/libpipewire-module-client-device.so
fffeeee1c000-fffeeee20000 r--p 0000c000 00:25 3826925                    /usr/lib64/pipewire-0.3/libpipewire-module-client-device.so
fffeeee20000-fffeeee24000 rw-p 00010000 00:25 3826925                    /usr/lib64/pipewire-0.3/libpipewire-module-client-device.so
fffeeee30000-fffeeee54000 r-xp 00000000 00:25 3826926                    /usr/lib64/pipewire-0.3/libpipewire-module-client-node.so
fffeeee54000-fffeeee6c000 ---p 00024000 00:25 3826926                    /usr/lib64/pipewire-0.3/libpipewire-module-client-node.so
fffeeee6c000-fffeeee70000 r--p 0002c000 00:25 3826926                    /usr/lib64/pipewire-0.3/libpipewire-module-client-node.so
fffeeee70000-fffeeee74000 rw-p 00030000 00:25 3826926                    /usr/lib64/pipewire-0.3/libpipewire-module-client-node.so
fffeeee80000-fffeeef1c000 r-xp 00000000 00:25 3099166                    /usr/lib64/libpcre2-8.so.0.15.0
fffeeef1c000-fffeeef2c000 ---p 0009c000 00:25 3099166                    /usr/lib64/libpcre2-8.so.0.15.0
fffeeef2c000-fffeeef30000 r--p 0009c000 00:25 3099166                    /usr/lib64/libpcre2-8.so.0.15.0
fffeeef30000-fffeeef34000 rw-p 000a0000 00:25 3099166                    /usr/lib64/libpcre2-8.so.0.15.0
fffeeef40000-fffeeef70000 r-xp 00000000 00:25 3102648                    /usr/lib64/libselinux.so.1
fffeeef70000-fffeeef7c000 ---p 00030000 00:25 3102648                    /usr/lib64/libselinux.so.1
fffeeef7c000-fffeeef80000 r--p 0002c000 00:25 3102648                    /usr/lib64/libselinux.so.1
fffeeef80000-fffeeef84000 rw-p 00030000 00:25 3102648                    /usr/lib64/libselinux.so.1
fffeeef90000-fffeeefbc000 r-xp 00000000 00:25 3826940                    /usr/lib64/pipewire-0.3/libpipewire-module-protocol-native.so
fffeeefbc000-fffeeefc4000 ---p 0002c000 00:25 3826940                    /usr/lib64/pipewire-0.3/libpipewire-module-protocol-native.so
fffeeefc4000-fffeeefd0000 r--p 00034000 00:25 3826940                    /usr/lib64/pipewire-0.3/libpipewire-module-protocol-native.so
fffeeefd0000-fffeeefd4000 rw-p 00040000 00:25 3826940                    /usr/lib64/pipewire-0.3/libpipewire-module-protocol-native.so
fffeeefe0000-fffeef7f0000 rw-p 00000000 00:00 0 
fffeef7f0000-fffeef7f8000 r-xp 00000000 00:25 3826945                    /usr/lib64/pipewire-0.3/libpipewire-module-rt.so
fffeef7f8000-fffeef80c000 ---p 00008000 00:25 3826945                    /usr/lib64/pipewire-0.3/libpipewire-module-rt.so
fffeef80c000-fffeef810000 r--p 0000c000 00:25 3826945                    /usr/lib64/pipewire-0.3/libpipewire-module-rt.so
fffeef810000-fffeef814000 rw-p 00010000 00:25 3826945                    /usr/lib64/pipewire-0.3/libpipewire-module-rt.so
fffeef820000-fffeef874000 r-xp 00000000 00:25 3098658                    /usr/lib64/libdbus-1.so.3.38.3
fffeef874000-fffeef88c000 ---p 00054000 00:25 3098658                    /usr/lib64/libdbus-1.so.3.38.3
fffeef88c000-fffeef890000 r--p 0005c000 00:25 3098658                    /usr/lib64/libdbus-1.so.3.38.3
fffeef890000-fffeef894000 rw-p 00060000 00:25 3098658                    /usr/lib64/libdbus-1.so.3.38.3
fffeef8a0000-fffeef8a8000 r-xp 00000000 00:25 3826985                    /usr/lib64/spa-0.2/support/libspa-dbus.so
fffeef8a8000-fffeef8bc000 ---p 00008000 00:25 3826985                    /usr/lib64/spa-0.2/support/libspa-dbus.so
fffeef8bc000-fffeef8c0000 r--p 0000c000 00:25 3826985                    /usr/lib64/spa-0.2/support/libspa-dbus.so
fffeef8c0000-fffeef8c4000 rw-p 00010000 00:25 3826985                    /usr/lib64/spa-0.2/support/libspa-dbus.so
fffeef8d0000-fffeef9ec000 r-xp 00000000 00:25 3098609                    /usr/lib64/libsystemd.so.0.42.0
fffeef9ec000-fffeef9f4000 ---p 0011c000 00:25 3098609                    /usr/lib64/libsystemd.so.0.42.0
fffeef9f4000-fffeefa00000 r--p 00124000 00:25 3098609                    /usr/lib64/libsystemd.so.0.42.0
fffeefa00000-fffeefa04000 rw-p 00130000 00:25 3098609                    /usr/lib64/libsystemd.so.0.42.0
fffeefa10000-fffeefa14000 r-xp 00000000 00:25 3826986                    /usr/lib64/spa-0.2/support/libspa-journal.so
fffeefa14000-fffeefa2c000 ---p 00004000 00:25 3826986                    /usr/lib64/spa-0.2/support/libspa-journal.so
fffeefa2c000-fffeefa30000 r--p 0000c000 00:25 3826986                    /usr/lib64/spa-0.2/support/libspa-journal.so
fffeefa30000-fffeefa34000 rw-p 00010000 00:25 3826986                    /usr/lib64/spa-0.2/support/libspa-journal.so
fffeefa40000-fffeefa64000 r-xp 00000000 00:25 3826987                    /usr/lib64/spa-0.2/support/libspa-support.so
fffeefa64000-fffeefa78000 ---p 00024000 00:25 3826987                    /usr/lib64/spa-0.2/support/libspa-support.so
fffeefa78000-fffeefa80000 r--p 00028000 00:25 3826987                    /usr/lib64/spa-0.2/support/libspa-support.so
fffeefa80000-fffeefa84000 rw-p 00030000 00:25 3826987                    /usr/lib64/spa-0.2/support/libspa-support.so
fffeefa90000-fffeefb3c000 r-xp 00000000 00:25 3826921                    /usr/lib64/libpipewire-0.3.so.0.1605.0
fffeefb3c000-fffeefb44000 ---p 000ac000 00:25 3826921                    /usr/lib64/libpipewire-0.3.so.0.1605.0
fffeefb44000-fffeefb60000 r--p 000b4000 00:25 3826921                    /usr/lib64/libpipewire-0.3.so.0.1605.0
fffeefb60000-fffeefb64000 rw-p 000d0000 00:25 3826921                    /usr/lib64/libpipewire-0.3.so.0.1605.0
fffeefb70000-fffeefd04000 r-xp 00000000 00:35 569                        /tmp/lwjgl_anguscrump/3.4.1-snapshot/arm64/libopenal.so
fffeefd04000-fffeefd10000 ---p 00194000 00:35 569                        /tmp/lwjgl_anguscrump/3.4.1-snapshot/arm64/libopenal.so
fffeefd10000-fffeefd1c000 r--p 00190000 00:35 569                        /tmp/lwjgl_anguscrump/3.4.1-snapshot/arm64/libopenal.so
fffeefd1c000-fffeefd20000 rw-p 0019c000 00:35 569                        /tmp/lwjgl_anguscrump/3.4.1-snapshot/arm64/libopenal.so
fffeefd20000-fffeefe04000 rw-p 00000000 00:00 0 
fffef0010000-fffef0290000 rw-p 00000000 00:00 0 
fffef0290000-fffef030c000 r-xp 00000000 00:35 568                        /tmp/lwjgl_anguscrump/3.4.1-snapshot/arm64/liblwjgl_stb.so
fffef030c000-fffef0318000 ---p 0007c000 00:35 568                        /tmp/lwjgl_anguscrump/3.4.1-snapshot/arm64/liblwjgl_stb.so
fffef0318000-fffef031c000 r--p 00078000 00:35 568                        /tmp/lwjgl_anguscrump/3.4.1-snapshot/arm64/liblwjgl_stb.so
fffef031c000-fffef0320000 rw-p 0007c000 00:35 568                        /tmp/lwjgl_anguscrump/3.4.1-snapshot/arm64/liblwjgl_stb.so
fffef0330000-fffef0340000 r-xp 00000000 00:25 3115554                    /usr/lib64/libEGL.so.1.1.0
fffef0340000-fffef034c000 ---p 00010000 00:25 3115554                    /usr/lib64/libEGL.so.1.1.0
fffef034c000-fffef0350000 r--p 0000c000 00:25 3115554                    /usr/lib64/libEGL.so.1.1.0
fffef0350000-fffef0354000 rw-p 00010000 00:25 3115554                    /usr/lib64/libEGL.so.1.1.0
fffef0360000-fffef03b8000 r-xp 00000000 00:35 567                        /tmp/lwjgl_anguscrump/3.4.1-snapshot/arm64/liblwjgl_opengl.so
fffef03b8000-fffef03c8000 ---p 00058000 00:35 567                        /tmp/lwjgl_anguscrump/3.4.1-snapshot/arm64/liblwjgl_opengl.so
fffef03c8000-fffef03cc000 rw-p 00058000 00:35 567                        /tmp/lwjgl_anguscrump/3.4.1-snapshot/arm64/liblwjgl_opengl.so
fffef06dc000-fffef0eec000 rw-p 00000000 00:00 0 
fffef10f0000-fffef124c000 r-xp 00000000 00:25 3098680                    /usr/lib64/libxml2.so.2.12.10
fffef124c000-fffef1254000 ---p 0015c000 00:25 3098680                    /usr/lib64/libxml2.so.2.12.10
fffef1254000-fffef1260000 r--p 00164000 00:25 3098680                    /usr/lib64/libxml2.so.2.12.10
fffef1260000-fffef1264000 rw-p 00170000 00:25 3098680                    /usr/lib64/libxml2.so.2.12.10
fffef1270000-fffef5558000 r--p 00000000 00:25 3827814                    /usr/lib64/libLLVM.so.22.1
fffef5558000-fffef5564000 ---p 042e8000 00:25 3827814                    /usr/lib64/libLLVM.so.22.1
fffef5564000-fffef9598000 r-xp 042e4000 00:25 3827814                    /usr/lib64/libLLVM.so.22.1
fffef9598000-fffef95a4000 ---p 08328000 00:25 3827814                    /usr/lib64/libLLVM.so.22.1
fffef95a4000-fffef97c8000 r--p 08314000 00:25 3827814                    /usr/lib64/libLLVM.so.22.1
fffef97c8000-fffef97cc000 rw-p 08538000 00:25 3827814                    /usr/lib64/libLLVM.so.22.1
fffef97cc000-fffef97d8000 ---p 0855c000 00:25 3827814                    /usr/lib64/libLLVM.so.22.1
fffef97d8000-fffef97e4000 rw-p 08538000 00:25 3827814                    /usr/lib64/libLLVM.so.22.1
fffef97e4000-fffef9890000 rw-p 00000000 00:00 0 
fffefc000000-fffefc100000 rw-p 00000000 00:00 0 
fffefc100000-fffefc200000 rw-p 00000000 00:00 0 
fffefc200000-fffefc800000 rw-p 00000000 00:00 0 
fffefc800000-fffefd500000 rw-p 00000000 00:00 0 
fffefd500000-fffefd600000 rw-p 00000000 00:00 0 
fffefd600000-fffefe400000 rw-p 00000000 00:00 0 
fffefe400000-fffeff580000 rw-p 00000000 00:00 0 
fffeff580000-fffeff590000 rw-p 00000000 00:00 0 
fffeff590000-fffeff600000 ---p 00000000 00:00 0 
fffeff600000-fffeff780000 rw-p 00000000 00:00 0 
fffeff780000-ffff00000000 ---p 00000000 00:00 0 
ffff00000000-ffff00200000 rw-p 00000000 00:00 0 
ffff00200000-ffff04000000 ---p 00000000 00:00 0 
ffff04000000-ffff04200000 rw-p 00000000 00:00 0 
ffff04200000-ffff05600000 rw-p 00000000 00:00 0 
ffff05600000-ffff08000000 ---p 00000000 00:00 0 
ffff08000000-ffff08200000 rw-p 00000000 00:00 0 
ffff08200000-ffff0c000000 ---p 00000000 00:00 0 
ffff0c000000-ffff0c200000 rw-p 00000000 00:00 0 
ffff0c200000-ffff10000000 ---p 00000000 00:00 0 
ffff10000000-ffff10200000 rw-p 00000000 00:00 0 
ffff10200000-ffff14000000 ---p 00000000 00:00 0 
ffff14000000-ffff14200000 rw-p 00000000 00:00 0 
ffff14200000-ffff18000000 ---p 00000000 00:00 0 
ffff18000000-ffff18200000 rw-p 00000000 00:00 0 
ffff18200000-ffff1c000000 ---p 00000000 00:00 0 
ffff1c000000-ffff1c200000 rw-p 00000000 00:00 0 
ffff1c200000-ffff20000000 ---p 00000000 00:00 0 
ffff20000000-ffff20200000 rw-p 00000000 00:00 0 
ffff20200000-ffff24000000 ---p 00000000 00:00 0 
ffff24000000-ffff24200000 rw-p 00000000 00:00 0 
ffff24200000-ffff28000000 ---p 00000000 00:00 0 
ffff28000000-ffff28200000 rw-p 00000000 00:00 0 
ffff28200000-ffff2c000000 ---p 00000000 00:00 0 
ffff2c000000-ffff2c200000 rw-p 00000000 00:00 0 
ffff2c200000-ffff30000000 ---p 00000000 00:00 0 
ffff30000000-ffff30200000 rw-p 00000000 00:00 0 
ffff30200000-ffff34000000 ---p 00000000 00:00 0 
ffff34000000-ffff34200000 rw-p 00000000 00:00 0 
ffff34200000-ffff38000000 ---p 00000000 00:00 0 
ffff38000000-ffff38200000 rw-p 00000000 00:00 0 
ffff38200000-ffff3c000000 ---p 00000000 00:00 0 
ffff3c000000-ffff3c200000 rw-p 00000000 00:00 0 
ffff3c200000-ffff40000000 ---p 00000000 00:00 0 
ffff40000000-ffff40200000 rw-p 00000000 00:00 0 
ffff40200000-ffff44000000 ---p 00000000 00:00 0 
ffff44000000-ffff44200000 rw-p 00000000 00:00 0 
ffff44200000-ffff45800000 rw-p 00000000 00:00 0 
ffff45800000-ffff48000000 ---p 00000000 00:00 0 
ffff48000000-ffff48200000 rw-p 00000000 00:00 0 
ffff48200000-ffff4aa00000 rw-p 00000000 00:00 0 
ffff4aa00000-ffff4c000000 ---p 00000000 00:00 0 
ffff4c000000-ffff4c200000 rw-p 00000000 00:00 0 
ffff4c200000-ffff4dc00000 rw-p 00000000 00:00 0 
ffff4dc00000-ffff50000000 ---p 00000000 00:00 0 
ffff50000000-ffff50200000 rw-p 00000000 00:00 0 
ffff50200000-ffff54000000 ---p 00000000 00:00 0 
ffff54000000-ffff54200000 rw-p 00000000 00:00 0 
ffff54200000-ffff58000000 ---p 00000000 00:00 0 
ffff58000000-ffff58200000 rw-p 00000000 00:00 0 
ffff58200000-ffff5c000000 ---p 00000000 00:00 0 
ffff5c000000-ffff5c200000 rw-p 00000000 00:00 0 
ffff5c200000-ffff60000000 ---p 00000000 00:00 0 
ffff60000000-ffff60200000 rw-p 00000000 00:00 0 
ffff60200000-ffff64000000 ---p 00000000 00:00 0 
ffff64050000-ffff64080000 r-xp 00000000 00:25 3098672                    /usr/lib64/liblzma.so.5.8.2
ffff64080000-ffff6408c000 ---p 00030000 00:25 3098672                    /usr/lib64/liblzma.so.5.8.2
ffff6408c000-ffff64090000 r--p 0003c000 00:25 3098672                    /usr/lib64/liblzma.so.5.8.2
ffff64090000-ffff64094000 rw-p 00000000 00:00 0 
ffff640a0000-ffff640c8000 r-xp 00000000 00:25 3098080                    /usr/lib64/libtinfo.so.6.6
ffff640c8000-ffff640dc000 ---p 00028000 00:25 3098080                    /usr/lib64/libtinfo.so.6.6
ffff640dc000-ffff640e0000 r--p 0002c000 00:25 3098080                    /usr/lib64/libtinfo.so.6.6
ffff640e0000-ffff640e4000 rw-p 00030000 00:25 3098080                    /usr/lib64/libtinfo.so.6.6
ffff640f0000-ffff64124000 r-xp 00000000 00:25 3859435                    /usr/lib64/libedit.so.0.0.78
ffff64124000-ffff6413c000 ---p 00034000 00:25 3859435                    /usr/lib64/libedit.so.0.0.78
ffff6413c000-ffff64140000 r--p 0003c000 00:25 3859435                    /usr/lib64/libedit.so.0.0.78
ffff64140000-ffff64144000 rw-p 00040000 00:25 3859435                    /usr/lib64/libedit.so.0.0.78
ffff64150000-ffff64168000 r-xp 00000000 00:25 3099018                    /usr/lib64/libffi.so.8.2.0
ffff64168000-ffff6417c000 ---p 00018000 00:25 3099018                    /usr/lib64/libffi.so.8.2.0
ffff6417c000-ffff64180000 r--p 0001c000 00:25 3099018                    /usr/lib64/libffi.so.8.2.0
ffff64180000-ffff64184000 rw-p 00020000 00:25 3099018                    /usr/lib64/libffi.so.8.2.0
ffff64190000-ffff6440c000 r-xp 00000000 00:25 3955255                    /usr/lib64/libstdc++.so.6.0.35
ffff6440c000-ffff6441c000 ---p 0027c000 00:25 3955255                    /usr/lib64/libstdc++.so.6.0.35
ffff6441c000-ffff64430000 r--p 0027c000 00:25 3955255                    /usr/lib64/libstdc++.so.6.0.35
ffff64430000-ffff64434000 rw-p 00290000 00:25 3955255                    /usr/lib64/libstdc++.so.6.0.35
ffff64434000-ffff64438000 rw-p 00000000 00:00 0 
ffff64710000-ffff647d4000 r-xp 00000000 00:25 3098619                    /usr/lib64/libzstd.so.1.5.7
ffff647d4000-ffff647ec000 ---p 000c4000 00:25 3098619                    /usr/lib64/libzstd.so.1.5.7
ffff647ec000-ffff647f0000 r--p 000cc000 00:25 3098619                    /usr/lib64/libzstd.so.1.5.7
ffff647f0000-ffff647f4000 rw-p 000d0000 00:25 3098619                    /usr/lib64/libzstd.so.1.5.7
ffff64a00000-ffff64b18000 r-xp 00000000 00:25 3105144                    /usr/lib64/libGLdispatch.so.0.0.0
ffff64b18000-ffff64b24000 ---p 00118000 00:25 3105144                    /usr/lib64/libGLdispatch.so.0.0.0
ffff64b24000-ffff64b40000 r--p 00124000 00:25 3105144                    /usr/lib64/libGLdispatch.so.0.0.0
ffff64b40000-ffff64b44000 rw-p 00140000 00:25 3105144                    /usr/lib64/libGLdispatch.so.0.0.0
ffff64b44000-ffff64b4c000 rw-p 00000000 00:00 0 
ffff64c00000-ffff64c08000 r-xp 00000000 00:25 3101940                    /usr/lib64/libXfixes.so.3.1.0
ffff64c08000-ffff64c1c000 ---p 00008000 00:25 3101940                    /usr/lib64/libXfixes.so.3.1.0
ffff64c1c000-ffff64c20000 r--p 0000c000 00:25 3101940                    /usr/lib64/libXfixes.so.3.1.0
ffff64c20000-ffff64c24000 rw-p 00010000 00:25 3101940                    /usr/lib64/libXfixes.so.3.1.0
ffff64c30000-ffff64c3c000 r-xp 00000000 00:25 3101960                    /usr/lib64/libXcursor.so.1.0.2
ffff64c3c000-ffff64c4c000 ---p 0000c000 00:25 3101960                    /usr/lib64/libXcursor.so.1.0.2
ffff64c4c000-ffff64c50000 r--p 0000c000 00:25 3101960                    /usr/lib64/libXcursor.so.1.0.2
ffff64c50000-ffff64c54000 rw-p 00000000 00:00 0 
ffff64c60000-ffff64c6c000 r-xp 00000000 00:25 3101950                    /usr/lib64/libXrender.so.1.3.0
ffff64c6c000-ffff64c7c000 ---p 0000c000 00:25 3101950                    /usr/lib64/libXrender.so.1.3.0
ffff64c7c000-ffff64c80000 r--p 0000c000 00:25 3101950                    /usr/lib64/libXrender.so.1.3.0
ffff64c80000-ffff64c84000 rw-p 00010000 00:25 3101950                    /usr/lib64/libXrender.so.1.3.0
ffff64c90000-ffff64dd8000 r-xp 00000000 00:25 3101932                    /usr/lib64/libX11.so.6.4.0
ffff64dd8000-ffff64dec000 ---p 00148000 00:25 3101932                    /usr/lib64/libX11.so.6.4.0
ffff64dec000-ffff64df0000 r--p 0014c000 00:25 3101932                    /usr/lib64/libX11.so.6.4.0
ffff64df0000-ffff64df4000 rw-p 00150000 00:25 3101932                    /usr/lib64/libX11.so.6.4.0
ffff64e00000-ffff65200000 rw-p 00000000 00:00 0 
ffff65280000-ffff65294000 r-xp 00000000 00:25 3101935                    /usr/lib64/libXext.so.6.4.0
ffff65294000-ffff652ac000 ---p 00014000 00:25 3101935                    /usr/lib64/libXext.so.6.4.0
ffff652ac000-ffff652b0000 r--p 0001c000 00:25 3101935                    /usr/lib64/libXext.so.6.4.0
ffff652b0000-ffff652b4000 rw-p 00020000 00:25 3101935                    /usr/lib64/libXext.so.6.4.0
ffff652f0000-ffff6531c000 r-xp 00000000 00:25 3101927                    /usr/lib64/libxcb.so.1.1.0
ffff6531c000-ffff6532c000 ---p 0002c000 00:25 3101927                    /usr/lib64/libxcb.so.1.1.0
ffff6532c000-ffff65330000 r--p 0002c000 00:25 3101927                    /usr/lib64/libxcb.so.1.1.0
ffff65330000-ffff65334000 rw-p 00030000 00:25 3101927                    /usr/lib64/libxcb.so.1.1.0
ffff65340000-ffff653b4000 r-xp 00000000 00:35 566                        /tmp/lwjgl_anguscrump/3.4.1-snapshot/arm64/libjemalloc.so
ffff653b4000-ffff653c0000 ---p 00074000 00:35 566                        /tmp/lwjgl_anguscrump/3.4.1-snapshot/arm64/libjemalloc.so
ffff653c0000-ffff653c4000 r--p 00070000 00:35 566                        /tmp/lwjgl_anguscrump/3.4.1-snapshot/arm64/libjemalloc.so
ffff653c4000-ffff653c8000 rw-p 00074000 00:35 566                        /tmp/lwjgl_anguscrump/3.4.1-snapshot/arm64/libjemalloc.so
ffff653c8000-ffff65454000 rw-p 00000000 00:00 0 
ffff65460000-ffff654d4000 r-xp 00000000 00:35 565                        /tmp/lwjgl_anguscrump/3.4.1-snapshot/arm64/libglfw.so
ffff654d4000-ffff654e4000 ---p 00074000 00:35 565                        /tmp/lwjgl_anguscrump/3.4.1-snapshot/arm64/libglfw.so
ffff654e4000-ffff654ec000 rw-p 00074000 00:35 565                        /tmp/lwjgl_anguscrump/3.4.1-snapshot/arm64/libglfw.so
ffff654ec000-ffff65510000 rw-p 00000000 00:00 0 
ffff65520000-ffff655a4000 r-xp 00000000 00:35 564                        /tmp/lwjgl_anguscrump/3.4.1-snapshot/arm64/liblwjgl.so
ffff655a4000-ffff655b0000 ---p 00084000 00:35 564                        /tmp/lwjgl_anguscrump/3.4.1-snapshot/arm64/liblwjgl.so
ffff655b0000-ffff655b4000 r--p 00080000 00:35 564                        /tmp/lwjgl_anguscrump/3.4.1-snapshot/arm64/liblwjgl.so
ffff655b4000-ffff655b8000 rw-p 00084000 00:35 564                        /tmp/lwjgl_anguscrump/3.4.1-snapshot/arm64/liblwjgl.so
ffff655c0000-ffff65e00000 rw-p 00000000 00:00 0 
ffff66000000-ffff73e94000 r--p 00000000 00:25 3810908                    /usr/lib/locale/locale-archive
ffff73eb0000-ffff73eb4000 r-xp 00000000 00:25 3101844                    /usr/lib64/libXau.so.6.0.0
ffff73eb4000-ffff73ecc000 ---p 00004000 00:25 3101844                    /usr/lib64/libXau.so.6.0.0
ffff73ecc000-ffff73ed0000 r--p 0000c000 00:25 3101844                    /usr/lib64/libXau.so.6.0.0
ffff73ed0000-ffff73ed4000 rw-p 00000000 00:00 0 
ffff73ee0000-ffff73ee4000 r-xp 00000000 00:25 8789711                    /home/anguscrump/.jdks/jbr-25.0.3/lib/libextnet.so
ffff73ee4000-ffff73efc000 ---p 00004000 00:25 8789711                    /home/anguscrump/.jdks/jbr-25.0.3/lib/libextnet.so
ffff73efc000-ffff73f00000 r--p 0000c000 00:25 8789711                    /home/anguscrump/.jdks/jbr-25.0.3/lib/libextnet.so
ffff73f00000-ffff73f04000 rw-p 00000000 00:00 0 
ffff73f10000-ffff73f40000 r-xp 00000000 00:25 3098606                    /usr/lib64/libnss_resolve.so.2
ffff73f40000-ffff73f4c000 ---p 00030000 00:25 3098606                    /usr/lib64/libnss_resolve.so.2
ffff73f4c000-ffff73f50000 r--p 0003c000 00:25 3098606                    /usr/lib64/libnss_resolve.so.2
ffff73f50000-ffff73f54000 rw-p 00040000 00:25 3098606                    /usr/lib64/libnss_resolve.so.2
ffff73f60000-ffff73f64000 r-xp 00000000 00:25 3115273                    /usr/lib64/libnss_mdns4_minimal.so.2
ffff73f64000-ffff73f7c000 ---p 00004000 00:25 3115273                    /usr/lib64/libnss_mdns4_minimal.so.2
ffff73f7c000-ffff73f80000 r--p 0000c000 00:25 3115273                    /usr/lib64/libnss_mdns4_minimal.so.2
ffff73f80000-ffff73f84000 rw-p 00000000 00:00 0 
ffff73f90000-ffff73fd4000 r-xp 00000000 00:25 3098611                    /usr/lib64/libudev.so.1.7.12
ffff73fd4000-ffff73fe8000 ---p 00044000 00:25 3098611                    /usr/lib64/libudev.so.1.7.12
ffff73fe8000-ffff73ff0000 r--p 00048000 00:25 3098611                    /usr/lib64/libudev.so.1.7.12
ffff73ff0000-ffff73ff4000 rw-p 00050000 00:25 3098611                    /usr/lib64/libudev.so.1.7.12
ffff74000000-ffff74400000 rw-p 00000000 00:00 0 
ffff74400000-ffff74c00000 rw-p 00000000 00:00 0 
ffff74c00000-ffff75ce0000 rw-p 00000000 00:00 0 
ffff75ce0000-ffff75dc0000 rw-p 00000000 00:00 0 
ffff75dc0000-ffff767a0000 rw-p 00000000 00:00 0 
ffff767a0000-ffff77d80000 rw-p 00000000 00:00 0 
ffff77d80000-ffff77e00000 rw-p 00000000 00:00 0 
ffff77e00000-ffff78000000 rw-p 00000000 00:00 0 
ffff78000000-ffff78200000 rw-p 00000000 00:00 0 
ffff78200000-ffff7c000000 ---p 00000000 00:00 0 
ffff7c000000-ffff7c200000 rw-p 00000000 00:00 0 
ffff7c200000-ffff80000000 ---p 00000000 00:00 0 
ffff80000000-ffff80200000 rw-p 00000000 00:00 0 
ffff80200000-ffff84000000 ---p 00000000 00:00 0 
ffff84000000-ffff84200000 rw-p 00000000 00:00 0 
ffff84200000-ffff84600000 rw-p 00000000 00:00 0 
ffff84600000-ffff88000000 ---p 00000000 00:00 0 
ffff88000000-ffff88200000 rw-p 00000000 00:00 0 
ffff88200000-ffff8c000000 ---p 00000000 00:00 0 
ffff8c000000-ffff8c200000 rw-p 00000000 00:00 0 
ffff8c200000-ffff90000000 ---p 00000000 00:00 0 
ffff90050000-ffff90074000 r-xp 00000000 00:25 8820916                    /home/anguscrump/.cache/JNA/temp/jna3606323950132753977.tmp (deleted)
ffff90074000-ffff90080000 ---p 00024000 00:25 8820916                    /home/anguscrump/.cache/JNA/temp/jna3606323950132753977.tmp (deleted)
ffff90080000-ffff90084000 r--p 00020000 00:25 8820916                    /home/anguscrump/.cache/JNA/temp/jna3606323950132753977.tmp (deleted)
ffff90084000-ffff90088000 rw-p 00024000 00:25 8820916                    /home/anguscrump/.cache/JNA/temp/jna3606323950132753977.tmp (deleted)
ffff90090000-ffff9009c000 ---p 00000000 00:00 0 
ffff9009c000-ffff90290000 rw-p 00000000 00:00 0 
ffff90290000-ffff9029c000 ---p 00000000 00:00 0 
ffff9029c000-ffff90490000 rw-p 00000000 00:00 0 
ffff90890000-ffff9089c000 ---p 00000000 00:00 0 
ffff9089c000-ffff90a90000 rw-p 00000000 00:00 0 
ffff90a90000-ffff90a9c000 ---p 00000000 00:00 0 
ffff90a9c000-ffff90c90000 rw-p 00000000 00:00 0 
ffff90c90000-ffff90c9c000 ---p 00000000 00:00 0 
ffff90c9c000-ffff90e90000 rw-p 00000000 00:00 0 
ffff91090000-ffff910a0000 r-xp 00000000 00:25 8789741                    /home/anguscrump/.jdks/jbr-25.0.3/lib/libverify.so
ffff910a0000-ffff910ac000 ---p 00010000 00:25 8789741                    /home/anguscrump/.jdks/jbr-25.0.3/lib/libverify.so
ffff910ac000-ffff910b0000 r--p 0000c000 00:25 8789741                    /home/anguscrump/.jdks/jbr-25.0.3/lib/libverify.so
ffff910b0000-ffff910b4000 rw-p 00000000 00:00 0 
ffff912c0000-ffff91d10000 rw-p 00000000 00:00 0 
ffff91f10000-ffff91f30000 r-xp 00000000 00:25 3955245                    /usr/lib64/libgcc_s-16-20260515.so.1
ffff91f30000-ffff91f3c000 ---p 00020000 00:25 3955245                    /usr/lib64/libgcc_s-16-20260515.so.1
ffff91f3c000-ffff91f40000 r--p 0001c000 00:25 3955245                    /usr/lib64/libgcc_s-16-20260515.so.1
ffff91f40000-ffff91f44000 rw-p 00000000 00:00 0 
ffff91f50000-ffff91f7c000 r-xp 00000000 00:25 3098605                    /usr/lib64/libnss_myhostname.so.2
ffff91f7c000-ffff91f88000 ---p 0002c000 00:25 3098605                    /usr/lib64/libnss_myhostname.so.2
ffff91f88000-ffff91f90000 r--p 00028000 00:25 3098605                    /usr/lib64/libnss_myhostname.so.2
ffff91f90000-ffff91f94000 rw-p 00030000 00:25 3098605                    /usr/lib64/libnss_myhostname.so.2
ffff91fa0000-ffff91fa8000 r-xp 00000000 00:25 8789729                    /home/anguscrump/.jdks/jbr-25.0.3/lib/libmanagement_ext.so
ffff91fa8000-ffff91fbc000 ---p 00008000 00:25 8789729                    /home/anguscrump/.jdks/jbr-25.0.3/lib/libmanagement_ext.so
ffff91fbc000-ffff91fc0000 r--p 0000c000 00:25 8789729                    /home/anguscrump/.jdks/jbr-25.0.3/lib/libmanagement_ext.so
ffff91fc0000-ffff91fc4000 rw-p 00000000 00:00 0 
ffff91fd0000-ffff91fd4000 r-xp 00000000 00:25 8789728                    /home/anguscrump/.jdks/jbr-25.0.3/lib/libmanagement.so
ffff91fd4000-ffff91fec000 ---p 00004000 00:25 8789728                    /home/anguscrump/.jdks/jbr-25.0.3/lib/libmanagement.so
ffff91fec000-ffff91ff0000 r--p 0000c000 00:25 8789728                    /home/anguscrump/.jdks/jbr-25.0.3/lib/libmanagement.so
ffff91ff0000-ffff91ff4000 rw-p 00000000 00:00 0 
ffff92000000-ffff94000000 rw-p 00000000 00:00 0 
ffff94000000-ffff94200000 rw-p 00000000 00:00 0 
ffff94200000-ffff98000000 ---p 00000000 00:00 0 
ffff98000000-ffff98200000 rw-p 00000000 00:00 0 
ffff98200000-ffff9c000000 ---p 00000000 00:00 0 
ffff9c220000-ffff9c228000 r-xp 00000000 00:25 8789743                    /home/anguscrump/.jdks/jbr-25.0.3/lib/libzip.so
ffff9c228000-ffff9c23c000 ---p 00008000 00:25 8789743                    /home/anguscrump/.jdks/jbr-25.0.3/lib/libzip.so
ffff9c23c000-ffff9c240000 r--p 0000c000 00:25 8789743                    /home/anguscrump/.jdks/jbr-25.0.3/lib/libzip.so
ffff9c240000-ffff9c244000 rw-p 00000000 00:00 0 
ffff9c250000-ffff9c25c000 r-xp 00000000 00:25 8789731                    /home/anguscrump/.jdks/jbr-25.0.3/lib/libnet.so
ffff9c25c000-ffff9c26c000 ---p 0000c000 00:25 8789731                    /home/anguscrump/.jdks/jbr-25.0.3/lib/libnet.so
ffff9c26c000-ffff9c270000 r--p 0000c000 00:25 8789731                    /home/anguscrump/.jdks/jbr-25.0.3/lib/libnet.so
ffff9c270000-ffff9c274000 rw-p 00000000 00:00 0 
ffff9c280000-ffff9c294000 r-xp 00000000 00:25 8789733                    /home/anguscrump/.jdks/jbr-25.0.3/lib/libnio.so
ffff9c294000-ffff9c2ac000 ---p 00014000 00:25 8789733                    /home/anguscrump/.jdks/jbr-25.0.3/lib/libnio.so
ffff9c2ac000-ffff9c2b0000 r--p 0001c000 00:25 8789733                    /home/anguscrump/.jdks/jbr-25.0.3/lib/libnio.so
ffff9c2b0000-ffff9c2b4000 rw-p 00020000 00:25 8789733                    /home/anguscrump/.jdks/jbr-25.0.3/lib/libnio.so
ffff9c2c0000-ffff9c2cc000 ---p 00000000 00:00 0 
ffff9c2cc000-ffff9c4c0000 rw-p 00000000 00:00 0 
ffff9c4c0000-ffff9c4cc000 ---p 00000000 00:00 0 
ffff9c4cc000-ffff9c6c0000 rw-p 00000000 00:00 0 
ffff9c6c0000-ffff9c6cc000 ---p 00000000 00:00 0 
ffff9c6cc000-ffff9c8c0000 rw-p 00000000 00:00 0 
ffff9c8c0000-ffff9c8cc000 ---p 00000000 00:00 0 
ffff9c8cc000-ffff9cac0000 rw-p 00000000 00:00 0 
ffff9cac0000-ffff9cacc000 ---p 00000000 00:00 0 
ffff9cacc000-ffff9ccc0000 rw-p 00000000 00:00 0 
ffff9ccc0000-ffff9cccc000 ---p 00000000 00:00 0 
ffff9cccc000-ffff9cec0000 rw-p 00000000 00:00 0 
ffff9cec0000-ffff9cecc000 ---p 00000000 00:00 0 
ffff9cecc000-ffff9d0c0000 rw-p 00000000 00:00 0 
ffff9d0c0000-ffff9d0cc000 ---p 00000000 00:00 0 
ffff9d0cc000-ffff9d2c0000 rw-p 00000000 00:00 0 
ffff9d2c0000-ffff9e5b4000 rw-p 00000000 00:00 0 
ffff9e5b4000-ffffa0db4000 ---p 00000000 00:00 0 
ffffa0db4000-ffffa0ffc000 rw-p 00000000 00:00 0 
ffffa0ffc000-ffffa26dc000 rwxp 00000000 00:00 0 
ffffa26dc000-ffffa8534000 ---p 00000000 00:00 0 
ffffa8534000-ffffa88c4000 rwxp 00000000 00:00 0 
ffffa88c4000-ffffa8ac8000 ---p 00000000 00:00 0 
ffffa8ac8000-ffffa9a48000 rwxp 00000000 00:00 0 
ffffa9a48000-ffffb0000000 ---p 00000000 00:00 0 
ffffb0000000-ffffb3ff4000 r--s 00000000 00:25 8789745                    /home/anguscrump/.jdks/jbr-25.0.3/lib/modules
ffffb4000000-ffffb4200000 rw-p 00000000 00:00 0 
ffffb4200000-ffffb8000000 rw-p 00000000 00:00 0 
ffffb8000000-ffffb80e4000 rw-p 00000000 00:00 0 
ffffb80e4000-ffffb82f4000 rw-p 00000000 00:00 0 
ffffb82f4000-ffffb8300000 ---p 00000000 00:00 0 
ffffb8300000-ffffb8714000 rw-p 00000000 00:00 0 
ffffb8714000-ffffb8718000 r-xp 00000000 00:35 570                        /tmp/#570 (deleted)
ffffb8718000-ffffb871c000 rw-p 00000000 00:00 0 
ffffb8784000-ffffb8ba4000 rw-p 00000000 00:00 0 
ffffb8ba4000-ffffb94c8000 rw-p 00000000 00:00 0 
ffffb94c8000-ffffb9af8000 rw-p 00000000 00:00 0 
ffffb9af8000-ffffb9db4000 rw-p 00000000 00:00 0 
ffffb9db4000-ffffba2b0000 ---p 00000000 00:00 0 
ffffba2b0000-ffffba538000 rw-p 00000000 00:00 0 
ffffba538000-ffffbaa34000 ---p 00000000 00:00 0 
ffffbaa34000-ffffbb2e0000 rw-p 00000000 00:00 0 
ffffbb2e0000-ffffbb478000 ---p 00000000 00:00 0 
ffffbb478000-ffffbb4d4000 rw-p 00000000 00:00 0 
ffffbb4d4000-ffffbb650000 ---p 00000000 00:00 0 
ffffbb650000-ffffbb674000 r-xp 00000000 00:25 8789719                    /home/anguscrump/.jdks/jbr-25.0.3/lib/libjava.so
ffffbb674000-ffffbb68c000 ---p 00024000 00:25 8789719                    /home/anguscrump/.jdks/jbr-25.0.3/lib/libjava.so
ffffbb68c000-ffffbb690000 r--p 0002c000 00:25 8789719                    /home/anguscrump/.jdks/jbr-25.0.3/lib/libjava.so
ffffbb690000-ffffbb694000 rw-p 00030000 00:25 8789719                    /home/anguscrump/.jdks/jbr-25.0.3/lib/libjava.so
ffffbb6a0000-ffffbb6bc000 r-xp 00000000 00:25 8789723                    /home/anguscrump/.jdks/jbr-25.0.3/lib/libjimage.so
ffffbb6bc000-ffffbb6cc000 ---p 0001c000 00:25 8789723                    /home/anguscrump/.jdks/jbr-25.0.3/lib/libjimage.so
ffffbb6cc000-ffffbb6d0000 r--p 0001c000 00:25 8789723                    /home/anguscrump/.jdks/jbr-25.0.3/lib/libjimage.so
ffffbb6d0000-ffffbb6d4000 rw-p 00020000 00:25 8789723                    /home/anguscrump/.jdks/jbr-25.0.3/lib/libjimage.so
ffffbb6e0000-ffffbb6ec000 ---p 00000000 00:00 0 
ffffbb6ec000-ffffbb8e0000 rw-p 00000000 00:00 0 
ffffbb8e0000-ffffbb990000 r-xp 00000000 00:25 3800671                    /usr/lib64/libm.so.6
ffffbb990000-ffffbb99c000 ---p 000b0000 00:25 3800671                    /usr/lib64/libm.so.6
ffffbb99c000-ffffbb9a0000 r--p 000ac000 00:25 3800671                    /usr/lib64/libm.so.6
ffffbb9a0000-ffffbb9a4000 rw-p 000b0000 00:25 3800671                    /usr/lib64/libm.so.6
ffffbb9b0000-ffffbb9b4000 r-xp 00000000 00:25 3800679                    /usr/lib64/librt.so.1
ffffbb9b4000-ffffbb9cc000 ---p 00004000 00:25 3800679                    /usr/lib64/librt.so.1
ffffbb9cc000-ffffbb9d0000 r--p 0000c000 00:25 3800679                    /usr/lib64/librt.so.1
ffffbb9d0000-ffffbb9d4000 rw-p 00000000 00:00 0 
ffffbb9e0000-ffffbcd60000 r-xp 00000000 00:25 8789753                    /home/anguscrump/.jdks/jbr-25.0.3/lib/server/libjvm.so
ffffbcd60000-ffffbcd70000 ---p 01380000 00:25 8789753                    /home/anguscrump/.jdks/jbr-25.0.3/lib/server/libjvm.so
ffffbcd70000-ffffbce50000 r--p 01380000 00:25 8789753                    /home/anguscrump/.jdks/jbr-25.0.3/lib/server/libjvm.so
ffffbce50000-ffffbce80000 rw-p 01460000 00:25 8789753                    /home/anguscrump/.jdks/jbr-25.0.3/lib/server/libjvm.so
ffffbce80000-ffffbcf28000 rw-p 00000000 00:00 0 
ffffbcf30000-ffffbcf34000 r-xp 00000000 00:25 3800677                    /usr/lib64/libpthread.so.0
ffffbcf34000-ffffbcf4c000 ---p 00004000 00:25 3800677                    /usr/lib64/libpthread.so.0
ffffbcf4c000-ffffbcf50000 r--p 0000c000 00:25 3800677                    /usr/lib64/libpthread.so.0
ffffbcf50000-ffffbcf54000 rw-p 00000000 00:00 0 
ffffbcf60000-ffffbcf64000 r-xp 00000000 00:25 3800670                    /usr/lib64/libdl.so.2
ffffbcf64000-ffffbcf7c000 ---p 00004000 00:25 3800670                    /usr/lib64/libdl.so.2
ffffbcf7c000-ffffbcf80000 r--p 0000c000 00:25 3800670                    /usr/lib64/libdl.so.2
ffffbcf80000-ffffbcf84000 rw-p 00000000 00:00 0 
ffffbcf90000-ffffbcfb0000 r-xp 00000000 00:25 3098599                    /usr/lib64/libz.so.1.3.1.zlib-ng
ffffbcfb0000-ffffbcfbc000 ---p 00020000 00:25 3098599                    /usr/lib64/libz.so.1.3.1.zlib-ng
ffffbcfbc000-ffffbcfc0000 r--p 0001c000 00:25 3098599                    /usr/lib64/libz.so.1.3.1.zlib-ng
ffffbcfc0000-ffffbcfc4000 rw-p 00020000 00:25 3098599                    /usr/lib64/libz.so.1.3.1.zlib-ng
ffffbcfd0000-ffffbd178000 r-xp 00000000 00:25 3800669                    /usr/lib64/libc.so.6
ffffbd178000-ffffbd18c000 ---p 001a8000 00:25 3800669                    /usr/lib64/libc.so.6
ffffbd18c000-ffffbd190000 r--p 001ac000 00:25 3800669                    /usr/lib64/libc.so.6
ffffbd190000-ffffbd194000 rw-p 001b0000 00:25 3800669                    /usr/lib64/libc.so.6
ffffbd194000-ffffbd19c000 rw-p 00000000 00:00 0 
ffffbd1a0000-ffffbd1a4000 r--p 00000000 00:00 0 
ffffbd1a4000-ffffbd1ac000 r--s 00000000 00:25 3811701                    /usr/lib64/gconv/gconv-modules.cache
ffffbd1ac000-ffffbd1c0000 rw-p 00000000 00:00 0 
ffffbd1c0000-ffffbd1c8000 ---p 00000000 00:00 0 
ffffbd1c8000-ffffbd1d0000 rw-s 00000000 00:35 559                        /tmp/hsperfdata_anguscrump/6987 (deleted)
ffffbd1d0000-ffffbd1e0000 r-xp 00000000 00:25 8789724                    /home/anguscrump/.jdks/jbr-25.0.3/lib/libjli.so
ffffbd1e0000-ffffbd1ec000 ---p 00010000 00:25 8789724                    /home/anguscrump/.jdks/jbr-25.0.3/lib/libjli.so
ffffbd1ec000-ffffbd1f0000 r--p 0000c000 00:25 8789724                    /home/anguscrump/.jdks/jbr-25.0.3/lib/libjli.so
ffffbd1f0000-ffffbd1f4000 rw-p 00010000 00:25 8789724                    /home/anguscrump/.jdks/jbr-25.0.3/lib/libjli.so
ffffbd1f4000-ffffbd1f8000 ---p 00000000 00:00 0 
ffffbd1f8000-ffffbd1fc000 r--p 00000000 00:00 0 
ffffbd1fc000-ffffbd20c000 r--p 00000000 00:00 0                          [vvar]
ffffbd20c000-ffffbd210000 r-xp 00000000 00:00 0                          [vdso]
ffffbd210000-ffffbd23c000 r-xp 00000000 00:25 3800657                    /usr/lib/ld-linux-aarch64.so.1
ffffbd23c000-ffffbd240000 rw-p 00000000 00:00 0 
ffffbd240000-ffffbd244000 ---p 00000000 00:00 0 
ffffbd244000-ffffbd24c000 rw-p 00000000 00:00 0 
ffffbd24c000-ffffbd250000 r--p 0002c000 00:25 3800657                    /usr/lib/ld-linux-aarch64.so.1
ffffbd250000-ffffbd254000 rw-p 00030000 00:25 3800657                    /usr/lib/ld-linux-aarch64.so.1
ffffe4c2c000-ffffe4c50000 rw-p 00000000 00:00 0                          [stack]
Total number of mappings: 622

JVMTI agents: none


VM Arguments:
jvm_args: -Dfabric.dli.config=/home/anguscrump/Documents/Coding/ribbon-world/.gradle/loom-cache/launch.cfg -Dfabric.dli.env=client -Dfabric.dli.main=net.fabricmc.loader.impl.launch.knot.KnotClient --sun-misc-unsafe-memory-access=allow --enable-native-access=ALL-UNNAMED --sun-misc-unsafe-memory-access=allow --enable-native-access=ALL-UNNAMED -Dfile.encoding=UTF-8 -Duser.country=AU -Duser.language=en -Duser.variant -Dawt.toolkit.name=XToolkit 
java_command: net.fabricmc.devlaunchinjector.Main
java_class_path (initial): /home/anguscrump/Documents/Coding/ribbon-world/build/classes/java/client:/home/anguscrump/Documents/Coding/ribbon-world/build/resources/client:/home/anguscrump/.gradle/caches/modules-2/files-2.1/net.fabricmc/fabric-loader/0.19.2/cc647a5b22dbc49b9a3267cebcee25fc4882b108/fabric-loader-0.19.2.jar:/home/anguscrump/.gradle/caches/modules-2/files-2.1/net.fabricmc.fabric-api/fabric-api/0.149.0+26.1.2/1d3aa9049af831d4d7ed7fbf1b5f0fbb37d7fab4/fabric-api-0.149.0+26.1.2.jar:/home/anguscrump/.gradle/caches/modules-2/files-2.1/org.ow2.asm/asm/9.9/c29635c8a7afa03d74b33c1884df8abb2b3f3dcc/asm-9.9.jar:/home/anguscrump/.gradle/caches/modules-2/files-2.1/org.ow2.asm/asm-analysis/9.9/bf4fa6e66638851c1cd22c2caea0c3ee5d5f437/asm-analysis-9.9.jar:/home/anguscrump/.gradle/caches/modules-2/files-2.1/org.ow2.asm/asm-commons/9.9/db9165a3bf908ded6b08612d583a15d1d0c7bda0/asm-commons-9.9.jar:/home/anguscrump/.gradle/caches/modules-2/files-2.1/org.ow2.asm/asm-tree/9.9/f8de6eead6d24dd0f45bd065bbe112b2cda6ea21/asm-tree-9.9.jar:/home/anguscrump/.gradle/caches/modules-2/files-2.1/org.ow2.asm/asm-util/9.9/42fdfc0508b43807c8078d6e82ecff2ce2112ae8/asm-util-9.9.jar:/home/anguscrump/.gradle/caches/modules-2/files-2.1/net.fabricmc/sponge-mixin/0.17.2+mixin.0.8.7/edf98d1d98229e46e36c61774ae2b54dcd852981/sponge-mixin-0.17.2+mixin.0.8.7.jar:/home/anguscrump/.gradle/caches/modules-2/files-2.1/io.github.llamalad7/mixinextras-fabric/0.5.4/5e167154bcb9942111313a5e186e16cd7265f858/mixinextras-fabric-0.5.4.jar:/home/anguscrump/.gradle/caches/modules-2/files-2.1/net.fabricmc/dev-launch-injector/0.2.1+build.8/da8bef7e6e2f952da707f282bdb46882a0fce5e3/dev-launch-injector-0.2.1+build.8.jar:/home/anguscrump/.gradle/caches/modules-2/files-2.1/net.fabricmc/fabric-log4j-util/1.0.2/ef0b3fb613356feb75a67d54f2fad6f03a006648/fabric-log4j-util-1.0.2.jar:/home/anguscrump/.gradle/caches/modules-2/files-2.1/at.yawk.lz4/lz4-java/1.10.1/f541d7f910fe3d76f38f799c507c48cc81b12ecb/lz4-java-1.10.1.jar:/home/anguscrump/.gradle/caches/modules-2/files-2.1/com.azure/azure-json/1.4.0/fcc1d354dbc3e0300e5276b1bf124d0247799cd8/azure-json-1.4.0.jar:/home/anguscrump/.gradle/caches/modules-2/files-2.1/com.github.oshi/oshi-core/6.9.0/3224870731860cfcd7744581a05b559e94291e7/oshi-core-6.9.0.jar:/home/anguscrump/.gradle/caches/modules-2/files-2.1/com.google.code.gson/gson/2.13.2/48b8230771e573b54ce6e867a9001e75977fe78e/gson-2.13.2.jar:/home/anguscrump/.gradle/caches/modules-2/files-2.1/com.google.guava/failureaccess/1.0.3/aeaffd00d57023a2c947393ed251f0354f0985fc/failureaccess-1.0.3.jar:/home/anguscrump/.gradle/caches/modules-2/files-2.1/com.google.guava/guava/33.5.0-jre/8699de25f2f979108d6c1b804a7ba38cda1116bc/guava-33.5.0-jre.jar:/home/anguscrump/.gradle/caches/modules-2/files-2.1/com.ibm.icu/icu4j/77.1/38693cf0b1d7362a8b726af74dc06026a7c23809/icu4j-77.1.jar:/home/anguscrump/.gradle/caches/modules-2/files-2.1/com.microsoft.azure/msal4j/1.23.1/6c722b514873b24a4e1ce9c22dca36ea3c22bdbe/msal4j-1.23.1.jar:/home/anguscrump/.gradle/caches/modules-2/files-2.1/com.mojang/authlib/7.0.63/54895b4e25e8b9b4cbbbe25f24eccf2b71b1ac2b/authlib-7.0.63.jar:/home/anguscrump/.gradle/caches/modules-2/files-2.1/com.mojang/blocklist/1.0.10/5c685c5ffa94c4cd39496c7184c1d122e515ecef/blocklist-1.0.10.jar:/home/anguscrump/.gradle/caches/modules-2/files-2.1/com.mojang/brigadier/1.3.10/d15b53a14cf20fdcaa98f731af5dda654452c010/brigadier-1.3.10.jar:/home/anguscrump/.gradle/caches/modules-2/files-2.1/com.mojang/datafixerupper/9.0.19/4e91f9712fa1e83231d1501625381b0210a977da/datafixerupper-9.0.19.jar:/home/anguscrump/.gradle/caches/modules-2/files-2.1/com.mojang/jtracy/1.0.37/a3fb649b2e2b2288d2978f0b0bc3d83f62809d1e/jtracy-1.0.37.jar:/home/anguscrump/.gradle/caches/modules-2/files-2.1/com.mojang/jtracy/1.0.37/e1b4395227af41195da9e2ead13c48ee0b7d31cd/jtracy-1.0.37-natives-linux.jar:/home/anguscrump/.gradle/caches/modules-2/files-2.1/com.mojang/logging/1.6.11/fd147240733010c158249d986323f9ef98977fe/logging-1.6.11.jar:/home/anguscrump/.gradle/caches/modules-2/files-2.1/com.mojang/patchy/2.2.10/da05971b07cbb379d002cf7eaec6a2048211fefc/patchy-2.2.10.jar:/home/anguscrump/.gradle/caches/modules-2/files-2.1/com.mojang/text2speech/1.18.11/e853a12cdd6ba4f4836e8f4bf3b37844a13482b6/text2speech-1.18.11.jar:/home/anguscrump/.gradle/caches/modules-2/files-2.1/commons-codec/commons-codec/1.19.0/8c0dbe3ae883fceda9b50a6c76e745e548073388/commons-codec-1.19.0.jar:/home/anguscrump/.gradle/caches/modules-2/files-2.1/commons-io/commons-io/2.20.0/36f3474daec2849c149e877614e7f979b2082cd2/commons-io-2.20.0.jar:/home/anguscrump/.gradle/caches/modules-2/files-2.1/io.netty/netty-buffer/4.2.7.Final/5555ff561643bf2f8430fb57c24403c0efe15994/netty-buffer-4.2.7.Final.jar:/home/anguscrump/.gradle/caches/modules-2/files-2.1/io.netty/netty-codec-base/4.2.7.Final/915e381ebabcf115f1c7ff7032d55c48afb50210/netty-codec-base-4.2.7.Final.jar:/home/anguscrump/.gradle/caches/modules-2/files-2.1/io.netty/netty-codec-compression/4.2.7.Final/572341bc1ca90fd9d6e47f1d2694aab5258566e9/netty-codec-compression-4.2.7.Final.jar:/home/anguscrump/.gradle/caches/modules-2/files-2.1/io.netty/netty-codec-http/4.2.7.Final/b734c108854099c421fd94d92d9f865e4d4da853/netty-codec-http-4.2.7.Final.jar:/home/anguscrump/.gradle/caches/modules-2/files-2.1/io.netty/netty-common/4.2.7.Final/11aa30df26af4fca3239ac1917f303a280f301e1/netty-common-4.2.7.Final.jar:/home/anguscrump/.gradle/caches/modules-2/files-2.1/io.netty/netty-handler/4.2.7.Final/7ad8a1f851e2e6fe93cdd091871fda2b81c03b5b/netty-handler-4.2.7.Final.jar:/home/anguscrump/.gradle/caches/modules-2/files-2.1/io.netty/netty-resolver/4.2.7.Final/5f3e5ef8de03992cd4fb46960dc0085ec1a12a12/netty-resolver-4.2.7.Final.jar:/home/anguscrump/.gradle/caches/modules-2/files-2.1/io.netty/netty-transport-classes-epoll/4.2.7.Final/1075c09f48a78eef9d819fbfd9096b903fdd362a/netty-transport-classes-epoll-4.2.7.Final.jar:/home/anguscrump/.gradle/caches/modules-2/files-2.1/io.netty/netty-transport-classes-kqueue/4.2.7.Final/bdec7c23c75caabd848426d073c09568e8d5f94e/netty-transport-classes-kqueue-4.2.7.Final.jar:/home/anguscrump/.gradle/caches/modules-2/files-2.1/io.netty/netty-transport-native-epoll/4.2.7.Final/98d02251c98c8f07a23ac5ea27657d9e0ef57614/netty-transport-native-epoll-4.2.7.Final-linux-aarch_64.jar:/home/anguscrump/.gradle/caches/modules-2/files-2.1/io.netty/netty-transport-native-epoll/4.2.7.Final/e83998bfc10b5289d9bcbe807c4079ef0eed8e6f/netty-transport-native-epoll-4.2.7.Final-linux-x86_64.jar:/home/anguscrump/.gradle/caches/modules-2/files-2.1/io.netty/netty-transport-native-unix-common/4.2.7.Final/89953f04259ea7502cffb313630dd51e00e60669/netty-transport-native-unix-common-4.2.7.Final.jar:/home/anguscrump/.gradle/caches/modules-2/files-2.1/io.netty/netty-transport/4.2.7.Final/83ea548981d0d8c4a98027cc1a6f9624f902e142/netty-transport-4.2.7.Final.jar:/home/anguscrump/.gradle/caches/modules-2/files-2.1/it.unimi.dsi/fastutil/8.5.18/a6cff377eecc19c2037bf31568a6d7106b50ba1f/fastutil-8.5.18.jar:/home/anguscrump/.gradle/caches/modules-2/files-2.1/net.java.dev.jna/jna-platform/5.17.0/a4934c44d25a9d8c2ddf4203affd20330cb3426f/jna-platform-5.17.0.jar:/home/anguscrump/.gradle/caches/modules-2/files-2.1/net.java.dev.jna/jna/5.17.0/33d12735bef894440780fce64f9758d420c7bae2/jna-5.17.0.jar:/home/anguscrump/.gradle/caches/modules-2/files-2.1/net.sf.jopt-simple/jopt-simple/5.0.4/4fdac2fbe92dfad86aa6e9301736f6b4342a3f5c/jopt-simple-5.0.4.jar:/home/anguscrump/.gradle/caches/modules-2/files-2.1/org.apache.commons/commons-compress/1.28.0/e482f2c7a88dac3c497e96aa420b6a769f59c8d7/commons-compress-1.28.0.jar:/home/anguscrump/.gradle/caches/modules-2/files-2.1/org.apache.commons/commons-lang3/3.19.0/d6524b169a6574cd253760c472d419b47bfd37e6/commons-lang3-3.19.0.jar:/home/anguscrump/.gradle/caches/modules-2/files-2.1/org.apache.logging.log4j/log4j-api/2.25.2/292c1a2b1702f1e1e3adb13e1c57e5bff60335ff/log4j-api-2.25.2.jar:/home/anguscrump/.gradle/caches/modules-2/files-2.1/org.apache.logging.log4j/log4j-core/2.25.2/d4d0ad2e51e03e531f784891fbfff1bae1e13a12/log4j-core-2.25.2.jar:/home/anguscrump/.gradle/caches/modules-2/files-2.1/org.apache.logging.log4j/log4j-slf4j2-impl/2.25.2/5eec0c392661dee8a366baec17e8896900dd978f/log4j-slf4j2-impl-2.25.2.jar:/home/anguscrump/.gradle/caches/modules-2/files-2.1/org.jcraft/jorbis/0.0.17/8872d22b293e8f5d7d56ff92be966e6dc28ebdc6/jorbis-0.0.17.jar:/home/anguscrump/.gradle/caches/modules-2/files-2.1/org.joml/joml/1.10.8/fc0a71dad90a2cf41d82a76156a0e700af8e4f8d/joml-1.10.8.jar:/home/anguscrump/.gradle/caches/modules-2/files-2.1/org.jspecify/jspecify/1.0.0/7425a601c1c7ec76645a78d22b8c6a627edee507/jspecify-1.0.0.jar:/home/anguscrump/.gradle/caches/modules-2/files-2.1/org.lwjgl/lwjgl-freetype/3.4.1/caa75a37e857efc9b0686e434d708d6420c5b6ea/lwjgl-freetype-3.4.1.jar:/home/anguscrump/.gradle/caches/modules-2/files-2.1/org.lwjgl/lwjgl-freetype/3.4.1/8f37d0da3386ff602ec54cd06626881895711041/lwjgl-freetype-3.4.1-natives-linux-arm64.jar:/home/anguscrump/.gradle/caches/modules-2/files-2.1/org.lwjgl/lwjgl-freetype/3.4.1/40a29a29b1549c4cad073ccd682e3776ffb454fa/lwjgl-freetype-3.4.1-natives-linux.jar:/home/anguscrump/.gradle/caches/modules-2/files-2.1/org.lwjgl/lwjgl-glfw/3.4.1/a782b1ddd175c9107bf300fd92920579ea65e2a4/lwjgl-glfw-3.4.1.jar:/home/anguscrump/.gradle/caches/modules-2/files-2.1/org.lwjgl/lwjgl-glfw/3.4.1/e5e87034c47118960746077dba46280e8de864b3/lwjgl-glfw-3.4.1-natives-linux-arm64.jar:/home/anguscrump/.gradle/caches/modules-2/files-2.1/org.lwjgl/lwjgl-glfw/3.4.1/23cdf7655ce9f3b27ad90f08e73345e0d5b46362/lwjgl-glfw-3.4.1-natives-linux.jar:/home/anguscrump/.gradle/caches/modules-2/files-2.1/org.lwjgl/lwjgl-jemalloc/3.4.1/16b663092854fc6adfe0a941e61cae2bb2e437b6/lwjgl-jemalloc-3.4.1.jar:/home/anguscrump/.gradle/caches/modules-2/files-2.1/org.lwjgl/lwjgl-jemalloc/3.4.1/7891964dfb723209c6d02b0401432348fb707cc0/lwjgl-jemalloc-3.4.1-natives-linux-arm64.jar:/home/anguscrump/.gradle/caches/modules-2/files-2.1/org.lwjgl/lwjgl-jemalloc/3.4.1/b83c82d941f2e624d150d6d1e2efcf4ea49ff8ea/lwjgl-jemalloc-3.4.1-natives-linux.jar:/home/anguscrump/.gradle/caches/modules-2/files-2.1/org.lwjgl/lwjgl-openal/3.4.1/8508bd60589de0539aa465b78fcf838efd07ae9a/lwjgl-openal-3.4.1.jar:/home/anguscrump/.gradle/caches/modules-2/files-2.1/org.lwjgl/lwjgl-openal/3.4.1/3729b70cdd42df5571b075e051fa2fc8586dc538/lwjgl-openal-3.4.1-natives-linux-arm64.jar:/home/anguscrump/.gradle/caches/modules-2/files-2.1/org.lwjgl/lwjgl-openal/3.4.1/dbff577119266cd4312e4eb9cc2b171407c56360/lwjgl-openal-3.4.1-natives-linux.jar:/home/anguscrump/.gradle/caches/modules-2/files-2.1/org.lwjgl/lwjgl-opengl/3.4.1/830412cab823c029cda6b9729f9d2ed36cf79959/lwjgl-opengl-3.4.1.jar:/home/anguscrump/.gradle/caches/modules-2/files-2.1/org.lwjgl/lwjgl-opengl/3.4.1/61a4103e56bbaeb74ad3f19ec14299fd6891c4b0/lwjgl-opengl-3.4.1-natives-linux-arm64.jar:/home/anguscrump/.gradle/caches/modules-2/files-2.1/org.lwjgl/lwjgl-opengl/3.4.1/b750599f0e75ddb19f1d0fe993f3011334b710ae/lwjgl-opengl-3.4.1-natives-linux.jar:/home/anguscrump/.gradle/caches/modules-2/files-2.1/org.lwjgl/lwjgl-stb/3.4.1/f077c3dafc31924fbe8acb0b913f08977ba27f8e/lwjgl-stb-3.4.1.jar:/home/anguscrump/.gradle/caches/modules-2/files-2.1/org.lwjgl/lwjgl-stb/3.4.1/3bc107f901f931fea07cb0d80b1d74a34b806a2b/lwjgl-stb-3.4.1-natives-linux-arm64.jar:/home/anguscrump/.gradle/caches/modules-2/files-2.1/org.lwjgl/lwjgl-stb/3.4.1/7e1cfae909da6c68f3cb6073a9bfeb6c90e82a57/lwjgl-stb-3.4.1-natives-linux.jar:/home/anguscrump/.gradle/caches/modules-2/files-2.1/org.lwjgl/lwjgl-tinyfd/3.4.1/562697d40dbd2ed0424bf24dcf65d51170f81adf/lwjgl-tinyfd-3.4.1.jar:/home/anguscrump/.gradle/caches/modules-2/files-2.1/org.lwjgl/lwjgl-tinyfd/3.4.1/20771d2b4e01f5295156912ab62e170508aef618/lwjgl-tinyfd-3.4.1-natives-linux-arm64.jar:/home/anguscrump/.gradle/caches/modules-2/files-2.1/org.lwjgl/lwjgl-tinyfd/3.4.1/fc6a72690afc8defb60d82ad1de64dd8f537154c/lwjgl-tinyfd-3.4.1-natives-linux.jar:/home/anguscrump/.gradle/caches/modules-2/files-2.1/org.lwjgl/lwjgl/3.4.1/6105690714874b995aa7812e4f7732a21109276c/lwjgl-3.4.1.jar:/home/anguscrump/.gradle/caches/modules-2/files-2.1/org.lwjgl/lwjgl/3.4.1/46883f3b622d8b4d7f27b627ca3360cda3db0e0e/lwjgl-3.4.1-natives-linux-arm64.jar:/home/anguscrump/.gradle/caches/modules-2/files-2.1/org.lwjgl/lwjgl/3.4.1/2734e106bd95db49fe0da8cf8bf7fd96475c436c/lwjgl-3.4.1-natives-linux.jar:/home/anguscrump/.gradle/caches/modules-2/files-2.1/org.slf4j/slf4j-api/2.0.17/d9e58ac9c7779ba3bf8142aff6c830617a7fe60f/slf4j-api-2.0.17.jar:/home/anguscrump/Documents/Coding/ribbon-world/.gradle/loom-cache/minecraftMaven/net/minecraft/minecraft-clientOnly-52430b475d/26.1.2/minecraft-clientOnly-52430b475d-26.1.2.jar:/home/anguscrump/Documents/Coding/ribbon-world/.gradle/loom-cache/minecraftMaven/net/minecraft/minecraft-common-52430b475d/26.1.2/minecraft-common-52430b475d-26.1.2.jar:/home/anguscrump/.gradle/caches/modules-2/files-2.1/io.netty/netty-transport-native-kqueue/4.2.7.Final/40868fd4e43bce2798245f790624b58803dc26b6/netty-transport-native-kqueue-4.2.7.Final-osx-x86_64.jar:/home/anguscrump/.gradle/caches/modules-2/files-2.1/io.netty/netty-transport-native-kqueue/4.2.7.Final/e5a0feef41410c8a5ae00c6cb4e0c99bd0aded6a/netty-transport-native-kqueue-4.2.7.Final-osx-aarch_64.jar:/home/anguscrump/.gradle/caches/modules-2/files-2.1/net.fabricmc.fabric-api/fabric-transfer-api-v1/8.0.5+357ea7334c/2aff9d7c8e917d2a69c71aa18e28c915e0040a8e/fabric-transfer-api-v1-8.0.5+357ea7334c.jar:/home/anguscrump/.gradle/caches/modules-2/files-2.1/net.fabricmc.fabric-api/fabric-api-lookup-api-v1/2.0.11+d5a053b64c/dbb4489647b411352b735654440311d7560dc1f4/fabric-api-lookup-api-v1-2.0.11+d5a053b64c.jar:/home/anguscrump/.gradle/caches/modules-2/files-2.1/net.fabricmc.fabric-api/fabric-command-api-v2/3.0.5+e2bdee784c/d2bfa62e2f489900be2210dfb84458dcdecb75b6/fabric-command-api-v2-3.0.5+e2bdee784c.jar:/home/anguscrump/.gradle/caches/modules-2/files-2.1/net.fabricmc.fabric-api/fabric-content-registries-v0/11.1.1+1a3b26974c/8761c4bd7f8feb484746055f6ff22e387cd84e9f/fabric-content-registries-v0-11.1.1+1a3b26974c.jar:/home/anguscrump/.gradle/caches/modules-2/files-2.1/net.fabricmc.fabric-api/fabric-data-generation-api-v1/24.2.0+73b1f9054c/d5dcd98301b93a9b2470d354d150327e264797c5/fabric-data-generation-api-v1-24.2.0+73b1f9054c.jar:/home/anguscrump/.gradle/caches/modules-2/files-2.1/net.fabricmc.fabric-api/fabric-convention-tags-v2/4.6.0+e47fb87c4c/40a40554e3e4d37b5640c0198bc81a1b94735f2c/fabric-convention-tags-v2-4.6.0+e47fb87c4c.jar:/home/anguscrump/.gradle/caches/modules-2/files-2.1/net.fabricmc.fabric-api/fabric-creative-tab-api-v1/5.0.11+d871b99e4c/9e6937cef2aa7955d2ff66c9d2415118c58ec15c/fabric-creative-tab-api-v1-5.0.11+d871b99e4c.jar:/home/anguscrump/.gradle/caches/modules-2/files-2.1/net.fabricmc.fabric-api/fabric-data-attachment-api-v1/2.2.6+d602a8964c/91d2f002a7431a412cef7016c5ca7ee2b3c67718/fabric-data-attachment-api-v1-2.2.6+d602a8964c.jar:/home/anguscrump/.gradle/caches/modules-2/files-2.1/net.fabricmc.fabric-api/fabric-debug-api-v1/1.0.1+c792624d4c/3e65954340d5153face34ee7d2f9b114271bca38/fabric-debug-api-v1-1.0.1+c792624d4c.jar:/home/anguscrump/.gradle/caches/modules-2/files-2.1/net.fabricmc.fabric-api/fabric-dimensions-v1/5.1.5+9cbf5da54c/53c66317546644a3915ec20df2d77f4e3093ffab/fabric-dimensions-v1-5.1.5+9cbf5da54c.jar:/home/anguscrump/.gradle/caches/modules-2/files-2.1/net.fabricmc.fabric-api/fabric-entity-events-v1/5.0.2+e2bdee784c/3f15c7b85c55f03b5d5fa89a48a0eb1dc6461465/fabric-entity-events-v1-5.0.2+e2bdee784c.jar:/home/anguscrump/.gradle/caches/modules-2/files-2.1/net.fabricmc.fabric-api/fabric-events-interaction-v0/5.2.1+a67251b84c/cf25f4932ae4d3df49bf5ad0c69be40f8abda289/fabric-events-interaction-v0-5.2.1+a67251b84c.jar:/home/anguscrump/.gradle/caches/modules-2/files-2.1/net.fabricmc.fabric-api/fabric-game-rule-api-v1/4.0.5+d871b99e4c/8b1189ddbfe446bf9468920526ed668db253da65/fabric-game-rule-api-v1-4.0.5+d871b99e4c.jar:/home/anguscrump/.gradle/caches/modules-2/files-2.1/net.fabricmc.fabric-api/fabric-gametest-api-v1/4.0.15+00a1fba64c/99dddf025652afece2f37a5f857c6ee5f7feedb1/fabric-gametest-api-v1-4.0.15+00a1fba64c.jar:/home/anguscrump/.gradle/caches/modules-2/files-2.1/net.fabricmc.fabric-api/fabric-item-api-v1/14.1.2+73d134684c/cb7fd76b622fbc467cb65f067c212fc256d3809f/fabric-item-api-v1-14.1.2+73d134684c.jar:/home/anguscrump/.gradle/caches/modules-2/files-2.1/net.fabricmc.fabric-api/fabric-recipe-api-v1/9.0.15+be4b75ae4c/c3510ef358ce97ea4fc804cd2f75f30c574ec947/fabric-recipe-api-v1-9.0.15+be4b75ae4c.jar:/home/anguscrump/.gradle/caches/modules-2/files-2.1/net.fabricmc.fabric-api/fabric-model-loading-api-v1/8.0.6+c80601bb4c/733d4b6475fa49b58125b0b1a6a9070cc5faa8c8/fabric-model-loading-api-v1-8.0.6+c80601bb4c.jar:/home/anguscrump/.gradle/caches/modules-2/files-2.1/net.fabricmc.fabric-api/fabric-renderer-indigo/8.1.0+1403e82c4c/2a11c1c6826ec7e4254d1cfa20f2f9b50da0ec7f/fabric-renderer-indigo-8.1.0+1403e82c4c.jar:/home/anguscrump/.gradle/caches/modules-2/files-2.1/net.fabricmc.fabric-api/fabric-renderer-api-v1/13.0.3+c80601bb4c/15b7e69feefe6e4157134633f96c62a80b41f44a/fabric-renderer-api-v1-13.0.3+c80601bb4c.jar:/home/anguscrump/.gradle/caches/modules-2/files-2.1/net.fabricmc.fabric-api/fabric-rendering-v1/23.1.0+1403e82c4c/96b6c53c0f9e4497597a4a06509b143c9e345efe/fabric-rendering-v1-23.1.0+1403e82c4c.jar:/home/anguscrump/.gradle/caches/modules-2/files-2.1/net.fabricmc.fabric-api/fabric-lifecycle-events-v1/4.1.0+6d50a0854c/52281bf82f04922d65a30d3f91975feb00911826/fabric-lifecycle-events-v1-4.1.0+6d50a0854c.jar:/home/anguscrump/.gradle/caches/modules-2/files-2.1/net.fabricmc.fabric-api/fabric-loot-api-v3/3.0.12+00a1fba64c/58ffa00757774d7060115afa05742753ff26c769/fabric-loot-api-v3-3.0.12+00a1fba64c.jar:/home/anguscrump/.gradle/caches/modules-2/files-2.1/net.fabricmc.fabric-api/fabric-menu-api-v1/2.0.13+d871b99e4c/e59c4c081a5dc1afb27c0167d6e1480c670c4d29/fabric-menu-api-v1-2.0.13+d871b99e4c.jar:/home/anguscrump/.gradle/caches/modules-2/files-2.1/net.fabricmc.fabric-api/fabric-message-api-v1/7.0.5+dae8ce3e4c/6211835e1348e8b9b89defb98a616adb483b8284/fabric-message-api-v1-7.0.5+dae8ce3e4c.jar:/home/anguscrump/.gradle/caches/modules-2/files-2.1/net.fabricmc.fabric-api/fabric-particles-v1/5.0.15+b61fef434c/e9659d152cefb7255056f432234a11621ab00945/fabric-particles-v1-5.0.15+b61fef434c.jar:/home/anguscrump/.gradle/caches/modules-2/files-2.1/net.fabricmc.fabric-api/fabric-object-builder-api-v1/23.0.16+b95dd56e4c/64b623486a5962dada51cb3e8a114ee49a6ba9de/fabric-object-builder-api-v1-23.0.16+b95dd56e4c.jar:/home/anguscrump/.gradle/caches/modules-2/files-2.1/net.fabricmc.fabric-api/fabric-registry-sync-v0/7.0.13+b61fef434c/b7cd637ba58adacb2abfd54f5f438211e5c3210d/fabric-registry-sync-v0-7.0.13+b61fef434c.jar:/home/anguscrump/.gradle/caches/modules-2/files-2.1/net.fabricmc.fabric-api/fabric-networking-api-v1/6.3.1+554860db4c/38ac77944d5e0fc623a163cde9b3eca04f791296/fabric-networking-api-v1-6.3.1+554860db4c.jar:/home/anguscrump/.gradle/caches/modules-2/files-2.1/net.fabricmc.fabric-api/fabric-permission-api-v1/1.0.0+f3e738be4c/67222d8951d4e68a26f7e42697ce7fdb3c4e8ce9/fabric-permission-api-v1-1.0.0+f3e738be4c.jar:/home/anguscrump/.gradle/caches/modules-2/files-2.1/net.fabricmc.fabric-api/fabric-rendering-fluids-v1/6.0.1+d871b99e4c/fe53bab501b2a582517f39ede3e1514074e8de7/fabric-rendering-fluids-v1-6.0.1+d871b99e4c.jar:/home/anguscrump/.gradle/caches/modules-2/files-2.1/net.fabricmc.fabric-api/fabric-tag-api-v1/2.1.0+73b1f9054c/5467b88af064043d14a1cbc32ebc65bf86a4898b/fabric-tag-api-v1-2.1.0+73b1f9054c.jar:/home/anguscrump/.gradle/caches/modules-2/files-2.1/net.fabricmc.fabric-api/fabric-resource-loader-v0/3.3.17+4fc5413f4c/c2e496d77853c7fd1f2b3bd00b44e355dc6ba576/fabric-resource-loader-v0-3.3.17+4fc5413f4c.jar:/home/anguscrump/.gradle/caches/modules-2/files-2.1/net.fabricmc.fabric-api/fabric-resource-loader-v1/2.0.10+7c44c7324c/bb44ca7ae64fe82666c2cd99920cdc017b15f368/fabric-resource-loader-v1-2.0.10+7c44c7324c.jar:/home/anguscrump/.gradle/caches/modules-2/files-2.1/net.fabricmc.fabric-api/fabric-screen-api-v1/5.0.1+d871b99e4c/fecba1d91754428c2d1f5f2e4d25685de3a8f71f/fabric-screen-api-v1-5.0.1+d871b99e4c.jar:/home/anguscrump/.gradle/caches/modules-2/files-2.1/net.fabricmc.fabric-api/fabric-api-base/2.0.3+ece063234c/bdf802883d0f9c1034c436367ab2c7e04ce34ca6/fabric-api-base-2.0.3+ece063234c.jar:/home/anguscrump/.gradle/caches/modules-2/files-2.1/net.fabricmc.fabric-api/fabric-biome-api-v1/18.0.4+35c80edc4c/c82be6aa7922f3212e1bac9441b25a7faa21c057/fabric-biome-api-v1-18.0.4+35c80edc4c.jar:/home/anguscrump/.gradle/caches/modules-2/files-2.1/net.fabricmc.fabric-api/fabric-block-api-v1/3.0.2+ec56b6014c/f5f91f5b317b7acd3014677dd909b55ebc4097b2/fabric-block-api-v1-3.0.2+ec56b6014c.jar:/home/anguscrump/.gradle/caches/modules-2/files-2.1/net.fabricmc.fabric-api/fabric-block-getter-api-v2/2.0.6+ec56b6014c/caabc9eb2f3823864682da5a1c5381a035c00d5f/fabric-block-getter-api-v2-2.0.6+ec56b6014c.jar:/home/anguscrump/.gradle/caches/modules-2/files-2.1/net.fabricmc.fabric-api/fabric-client-gametest-api-v1/5.0.16+cef2a4834c/3f63763d1230c87b2c43aa84c88916fce323687a/fabric-client-gametest-api-v1-5.0.16+cef2a4834c.jar:/home/anguscrump/.gradle/caches/modules-2/files-2.1/net.fabricmc.fabric-api/fabric-crash-report-info-v1/1.0.3+9f78a5a84c/8af0277ba9afc03c6882490db447d40d55ebcedb/fabric-crash-report-info-v1-1.0.3+9f78a5a84c.jar:/home/anguscrump/.gradle/caches/modules-2/files-2.1/net.fabricmc.fabric-api/fabric-key-mapping-api-v1/2.0.4+e2bdee784c/b098e3e06b71a0fec9d18843ba9327f038b7cd5/fabric-key-mapping-api-v1-2.0.4+e2bdee784c.jar:/home/anguscrump/.gradle/caches/modules-2/files-2.1/net.fabricmc.fabric-api/fabric-resource-conditions-api-v1/6.0.5+00a1fba64c/a8ca3e526e0825ee71a36a317cf5c33f0cda0e96/fabric-resource-conditions-api-v1-6.0.5+00a1fba64c.jar:/home/anguscrump/.gradle/caches/modules-2/files-2.1/net.fabricmc.fabric-api/fabric-serialization-api-v1/2.0.3+11a26f314c/55fc25d96a2a848b93a02f48220dff0181ec3056/fabric-serialization-api-v1-2.0.3+11a26f314c.jar:/home/anguscrump/.gradle/caches/modules-2/files-2.1/net.fabricmc.fabric-api/fabric-sound-api-v1/2.0.4+11a26f314c/b63ce87810bc5aa495cb39be7efd2b07e6772822/fabric-sound-api-v1-2.0.4+11a26f314c.jar:/home/anguscrump/.gradle/caches/modules-2/files-2.1/net.fabricmc.fabric-api/fabric-transitive-access-wideners-v1/8.1.0+acd9108d4c/d03c3735d4057a1d574c6e8d51fec7d21ab63b5c/fabric-transitive-access-wideners-v1-8.1.0+acd9108d4c.jar:/home/anguscrump/Documents/Coding/ribbon-world/build/classes/java/main:/home/anguscrump/Documents/Coding/ribbon-world/build/resources/main
Launcher Type: SUN_STANDARD

[Global flags]
     intx CICompilerCount                          = 4                                         {product} {ergonomic}
     uint ConcGCThreads                            = 2                                         {product} {ergonomic}
     uint G1ConcRefinementThreads                  = 9                                         {product} {ergonomic}
   size_t G1HeapRegionSize                         = 2097152                                   {product} {ergonomic}
   size_t InitialHeapSize                          = 260046848                                 {product} {ergonomic}
   size_t MarkStackSize                            = 4194304                                   {product} {ergonomic}
   size_t MarkStackSizeMax                         = 536870912                                 {product} {ergonomic}
   size_t MaxHeapSize                              = 4034920448                                {product} {ergonomic}
   size_t MaxNewSize                               = 2420113408                                {product} {ergonomic}
   size_t MinHeapDeltaBytes                        = 2097152                                   {product} {ergonomic}
   size_t MinHeapSize                              = 8388608                                   {product} {ergonomic}
    uintx NonNMethodCodeHeapSize                   = 5849088                                {pd product} {ergonomic}
    uintx NonProfiledCodeHeapSize                  = 122912768                              {pd product} {ergonomic}
    uintx ProfiledCodeHeapSize                     = 122912768                              {pd product} {ergonomic}
    uintx ReservedCodeCacheSize                    = 251674624                              {pd product} {ergonomic}
     bool SegmentedCodeCache                       = true                                      {product} {ergonomic}
   size_t SoftMaxHeapSize                          = 4034920448                             {manageable} {ergonomic}
     bool UseCompressedOops                        = true                           {product lp64_product} {ergonomic}
     bool UseG1GC                                  = true                                      {product} {ergonomic}

Logging:
Log output configuration:
 #0: 
[error occurred during error reporting (printing log configuration), id 0xb, SIGSEGV (0xb) at pc=0x0000ffffbc4f05b8]
Release file:
JAVA_VERSION="25.0.3"
MODULES="java.base java.compiler java.datatransfer java.xml java.prefs java.desktop java.instrument java.logging java.management java.security.sasl java.naming java.rmi java.management.rmi java.net.http java.scripting java.security.jgss java.transaction.xa java.sql java.sql.rowset java.xml.crypto java.se java.smartcardio jdk.accessibility jdk.internal.jvmstat jdk.attach jdk.charsets jdk.internal.opt jdk.zipfs jdk.compiler jdk.crypto.cryptoki jdk.crypto.ec jdk.dynalink jdk.internal.ed jdk.editpad jdk.internal.vm.ci jdk.graal.compiler jdk.graal.compiler.management jdk.hotspot.agent jdk.httpserver jdk.incubator.vector jdk.internal.le jdk.internal.md jdk.jartool jdk.javadoc jdk.jcmd jdk.management jdk.management.agent jdk.jconsole jdk.jdeps jdk.jdwp.agent jdk.jdi jdk.jfr jdk.jlink jdk.jpackage jdk.jshell jdk.jsobject jdk.jstatd jdk.localedata jdk.management.jfr jdk.naming.dns jdk.naming.rmi jdk.net jdk.nio.mapmode jdk.sctp jdk.security.auth jdk.security.jgss jdk.unsupported jdk.unsupported.desktop jdk.xml.dom"
IMPLEMENTOR="JetBrains s.r.o."
IMPLEMENTOR_VERSION="JBRSDK-25.0.3+9-480.61-nomod"
JAVA_RUNTIME_VERSION="25.0.3+9-b480.61"
LIBC="gnu"
OS_ARCH="aarch64"
OS_NAME="Linux"
SOURCE=".:git:52b04970adc8+"

Environment Variables:
PATH=/home/anguscrump/.local/bin:/home/anguscrump/bin:/usr/local/sbin:/usr/local/bin:/usr/sbin:/usr/bin:/sbin:/bin:/var/lib/snapd/snap/bin:/home/anguscrump/.cargo/bin
XDG_CACHE_HOME=/home/anguscrump/.cache
XDG_CONFIG_HOME=/home/anguscrump/.config
SHELL=/bin/bash
DISPLAY=:0
WAYLAND_DISPLAY=wayland-1
LANG=en_AU.UTF-8

Active Locale:
LC_ALL=en_AU.UTF-8
LC_COLLATE=en_AU.UTF-8
LC_CTYPE=en_AU.UTF-8
LC_MESSAGES=en_AU.UTF-8
LC_MONETARY=en_AU.UTF-8
LC_NUMERIC=en_AU.UTF-8
LC_TIME=en_AU.UTF-8

Signal Handlers:
   SIGSEGV: crash_handler in libjvm.so, mask=11100100010111111101111111111110, flags=SA_RESTART|SA_SIGINFO, unblocked
    SIGBUS: crash_handler in libjvm.so, mask=11100100010111111101111111111110, flags=SA_RESTART|SA_SIGINFO, unblocked
    SIGFPE: crash_handler in libjvm.so, mask=11100100010111111101111111111110, flags=SA_RESTART|SA_SIGINFO, unblocked
   SIGPIPE: javaSignalHandler in libjvm.so, mask=11100100010111111101111111111110, flags=SA_RESTART|SA_SIGINFO, blocked
   SIGXFSZ: javaSignalHandler in libjvm.so, mask=11100100010111111101111111111110, flags=SA_RESTART|SA_SIGINFO, blocked
    SIGILL: crash_handler in libjvm.so, mask=11100100010111111101111111111110, flags=SA_RESTART|SA_SIGINFO, unblocked
   SIGUSR2: SR_handler in libjvm.so, mask=00000000000000000000000000000000, flags=SA_RESTART|SA_SIGINFO, blocked
    SIGHUP: UserHandler in libjvm.so, mask=11100100010111111101111111111110, flags=SA_RESTART|SA_SIGINFO, blocked
    SIGINT: UserHandler in libjvm.so, mask=11100100010111111101111111111110, flags=SA_RESTART|SA_SIGINFO, blocked
   SIGTERM: UserHandler in libjvm.so, mask=11100100010111111101111111111110, flags=SA_RESTART|SA_SIGINFO, blocked
   SIGQUIT: UserHandler in libjvm.so, mask=11100100010111111101111111111110, flags=SA_RESTART|SA_SIGINFO, blocked
   SIGTRAP: crash_handler in libjvm.so, mask=11100100010111111101111111111110, flags=SA_RESTART|SA_SIGINFO, unblocked


Compilation memory statistics disabled.

Periodic native trim disabled

JNI global refs:
JNI global refs: 63, weak refs: 45

JNI global refs memory usage: 1491, weak refs: 1489

Process memory usage:
Resident Set Size: 1862976K (11% of 15755056K total physical memory with 6446192K free physical memory)

OOME stack traces (most recent first):
Classloader memory used:
Loader net.fabricmc.loader.impl.launch.knot.KnotClassLoader                            : 122 M
Loader bootstrap                                                                       : 12674 K
Loader jdk.internal.loader.ClassLoaders$AppClassLoader                                 : 6983 K
Loader jdk.internal.loader.ClassLoaders$PlatformClassLoader                            : 499 K

---------------  S Y S T E M  ---------------

OS:
Fedora Asahi Remix release 44 (Forty Four)
uname: Linux 7.0.8-fairydust+ #1 SMP PREEMPT_DYNAMIC Sun May 17 15:02:15 AEST 2026 aarch64
OS uptime: 0 days 0:04 hours
libc: glibc 2.43 NPTL 2.43 
rlimit (soft/hard): STACK 8192k/infinity , CORE infinity/infinity , NPROC 31098/31098 , NOFILE 524288/524288 , AS infinity/infinity , CPU infinity/infinity , DATA infinity/infinity , FSIZE infinity/infinity , MEMLOCK 8192k/8192k
load average: 3.97 2.53 1.05

/proc/meminfo:
MemTotal:       15755056 kB
MemFree:         1650432 kB
MemAvailable:    6446192 kB
Buffers:            5744 kB
Cached:          6518800 kB
SwapCached:            0 kB
Active:          1803760 kB
Inactive:       10635648 kB
Active(anon):    1592352 kB
Inactive(anon):  5140752 kB
Active(file):     211408 kB
Inactive(file):  5494896 kB
Unevictable:      658144 kB
Mlocked:             704 kB
SwapTotal:      33554336 kB
SwapFree:       33520560 kB
Zswap:             32704 kB
Zswapped:          33008 kB
Dirty:              3200 kB
Writeback:             0 kB
AnonPages:       6313584 kB
Mapped:          1654752 kB
Shmem:            818768 kB
KReclaimable:     162400 kB
Slab:             410288 kB
SReclaimable:     162400 kB
SUnreclaim:       247888 kB
KernelStack:       42992 kB
PageTables:        54896 kB
SecPageTables:       832 kB
NFS_Unstable:          0 kB
Bounce:                0 kB
WritebackTmp:          0 kB
CommitLimit:    41431856 kB
Committed_AS:   20202976 kB
VmallocTotal:   136898928640 kB
VmallocUsed:       90816 kB
VmallocChunk:          0 kB
Percpu:             6720 kB
HardwareCorrupted:     0 kB
AnonHugePages:    393216 kB
ShmemHugePages:        0 kB
ShmemPmdMapped:        0 kB
FileHugePages:         0 kB
FilePmdMapped:         0 kB
CmaTotal:          65536 kB
CmaFree:           63456 kB
Balloon:               0 kB
HugePages_Total:       0
HugePages_Free:        0
HugePages_Rsvd:        0
HugePages_Surp:        0
Hugepagesize:      32768 kB
Hugetlb:               0 kB

/sys/kernel/mm/transparent_hugepage/enabled: always [madvise] never
/sys/kernel/mm/transparent_hugepage/hpage_pmd_size: 33554432
/sys/kernel/mm/transparent_hugepage/shmem_enabled: always within_size advise [never] deny force
/sys/kernel/mm/transparent_hugepage/defrag (defrag/compaction efforts parameter): always defer defer+madvise [madvise] never

Process Memory:
Virtual Size: 10923648K (peak: 11562544K)
Resident Set Size: 1864736K (peak: 2021264K) (anon: 1791952K, file: 69232K, shmem: 3552K)
Swapped out: 0K
C-Heap outstanding allocations: 135120K, retained: 335855K
glibc malloc tunables: (default)

/proc/sys/kernel/threads-max (system-wide limit on the number of threads): 62196
/proc/sys/vm/max_map_count (maximum number of memory map areas a process may have): 1048576
/proc/sys/vm/swappiness (control to define how aggressively the kernel swaps out anonymous memory): 60
/proc/sys/kernel/pid_max (system-wide limit on number of process identifiers): 4194304

container information not found.
Steal ticks since vm start: 0
Steal ticks percentage since vm start:  0.000

CPU: total 10 (initial active 10) 0x61:0x2:0x025:0(0x024), fp, asimd, evtstrm, aes, pmull, sha1, sha256, crc32, lse, fphp, asimdhp, dcpop, sha3, sha512, paca
/proc/cpuinfo:
processor	: 0
BogoMIPS	: 48.00
Features	: fp asimd evtstrm aes pmull sha1 sha2 crc32 atomics fphp asimdhp cpuid asimdrdm jscvt fcma lrcpc dcpop sha3 asimddp sha512 asimdfhm dit uscat ilrcpc flagm ssbs sb paca pacg dcpodp flagm2 frint
CPU implementer	: 0x61
CPU architecture: 8
CPU variant	: 0x2
CPU part	: 0x024
CPU revision	: 0

processor	: 1
BogoMIPS	: 48.00
Features	: fp asimd evtstrm aes pmull sha1 sha2 crc32 atomics fphp asimdhp cpuid asimdrdm jscvt fcma lrcpc dcpop sha3 asimddp sha512 asimdfhm dit uscat ilrcpc flagm ssbs sb paca pacg dcpodp flagm2 frint
CPU implementer	: 0x61
CPU architecture: 8
CPU variant	: 0x2
CPU part	: 0x024
CPU revision	: 0

processor	: 2
BogoMIPS	: 48.00
Features	: fp asimd evtstrm aes pmull sha1 sha2 crc32 atomics fphp asimdhp cpuid asimdrdm jscvt fcma lrcpc dcpop sha3 asimddp sha512 asimdfhm dit uscat ilrcpc flagm ssbs sb paca pacg dcpodp flagm2 frint
CPU implementer	: 0x61
CPU architecture: 8
CPU variant	: 0x2
CPU part	: 0x025
CPU revision	: 0

processor	: 3
BogoMIPS	: 48.00
Features	: fp asimd evtstrm aes pmull sha1 sha2 crc32 atomics fphp asimdhp cpuid asimdrdm jscvt fcma lrcpc dcpop sha3 asimddp sha512 asimdfhm dit uscat ilrcpc flagm ssbs sb paca pacg dcpodp flagm2 frint
CPU implementer	: 0x61
CPU architecture: 8
CPU variant	: 0x2
CPU part	: 0x025
CPU revision	: 0

processor	: 4
BogoMIPS	: 48.00
Features	: fp asimd evtstrm aes pmull sha1 sha2 crc32 atomics fphp asimdhp cpuid asimdrdm jscvt fcma lrcpc dcpop sha3 asimddp sha512 asimdfhm dit uscat ilrcpc flagm ssbs sb paca pacg dcpodp flagm2 frint
CPU implementer	: 0x61
CPU architecture: 8
CPU variant	: 0x2
CPU part	: 0x025
CPU revision	: 0

processor	: 5
BogoMIPS	: 48.00
Features	: fp asimd evtstrm aes pmull sha1 sha2 crc32 atomics fphp asimdhp cpuid asimdrdm jscvt fcma lrcpc dcpop sha3 asimddp sha512 asimdfhm dit uscat ilrcpc flagm ssbs sb paca pacg dcpodp flagm2 frint
CPU implementer	: 0x61
CPU architecture: 8
CPU variant	: 0x2
CPU part	: 0x025
CPU revision	: 0

processor	: 6
BogoMIPS	: 48.00
Features	: fp asimd evtstrm aes pmull sha1 sha2 crc32 atomics fphp asimdhp cpuid asimdrdm jscvt fcma lrcpc dcpop sha3 asimddp sha512 asimdfhm dit uscat ilrcpc flagm ssbs sb paca pacg dcpodp flagm2 frint
CPU implementer	: 0x61
CPU architecture: 8
CPU variant	: 0x2
CPU part	: 0x025
CPU revision	: 0

processor	: 7
BogoMIPS	: 48.00
Features	: fp asimd evtstrm aes pmull sha1 sha2 crc32 atomics fphp asimdhp cpuid asimdrdm jscvt fcma lrcpc dcpop sha3 asimddp sha512 asimdfhm dit uscat ilrcpc flagm ssbs sb paca pacg dcpodp flagm2 frint
CPU implementer	: 0x61
CPU architecture: 8
CPU variant	: 0x2
CPU part	: 0x025
CPU revision	: 0

processor	: 8
BogoMIPS	: 48.00
Features	: fp asimd evtstrm aes pmull sha1 sha2 crc32 atomics fphp asimdhp cpuid asimdrdm jscvt fcma lrcpc dcpop sha3 asimddp sha512 asimdfhm dit uscat ilrcpc flagm ssbs sb paca pacg dcpodp flagm2 frint
CPU implementer	: 0x61
CPU architecture: 8
CPU variant	: 0x2
CPU part	: 0x025
CPU revision	: 0

processor	: 9
BogoMIPS	: 48.00
Features	: fp asimd evtstrm aes pmull sha1 sha2 crc32 atomics fphp asimdhp cpuid asimdrdm jscvt fcma lrcpc dcpop sha3 asimddp sha512 asimdfhm dit uscat ilrcpc flagm ssbs sb paca pacg dcpodp flagm2 frint
CPU implementer	: 0x61
CPU architecture: 8
CPU variant	: 0x2
CPU part	: 0x025
CPU revision	: 0


Online cpus: 0-9
Offline cpus: 

Memory: 16k page, physical 15755056k(6446192k free), swap 33554336k(33520560k free)
Page Sizes: 16k

vm_info: OpenJDK 64-Bit Server VM (25.0.3+9-b480.61) for linux-aarch64 JRE (25.0.3+9-b480.61), built on 2026-05-12 with gcc 10.3.1 20210422 (Red Hat 10.3.1-1.2.0.1)

END.
