#
# A fatal error has been detected by the Java Runtime Environment:
#
#  SIGSEGV (0xb) at pc=0x0000fffee8c4c670, pid=294161, tid=294175
#
# JRE version: OpenJDK Runtime Environment JBR-25.0.3+9-480.61-nomod (25.0.3+9) (build 25.0.3+9-b480.61)
# Java VM: OpenJDK 64-Bit Server VM JBR-25.0.3+9-480.61-nomod (25.0.3+9-b480.61, mixed mode, sharing, tiered, compressed oops, compressed class ptrs, g1 gc, linux-aarch64)
# Problematic frame:
# C  [libopenal.so+0x9c670]
#
# Core dump will be written. Default location: Determined by the following: "/usr/lib/systemd/systemd-coredump %P %u %g %s %t %c %h %d %F" (alternatively, falling back to /home/anguscrump/Documents/Coding/ribbon-world/run/core.294161)
#
# If you would like to submit a bug report, please visit:
#   https://youtrack.jetbrains.com/issues/JBR
#

---------------  S U M M A R Y ------------

Command Line: -Dfabric.dli.config=/home/anguscrump/Documents/Coding/ribbon-world/.gradle/loom-cache/launch.cfg -Dfabric.dli.env=client -Dfabric.dli.main=net.fabricmc.loader.impl.launch.knot.KnotClient --sun-misc-unsafe-memory-access=allow --enable-native-access=ALL-UNNAMED --sun-misc-unsafe-memory-access=allow --enable-native-access=ALL-UNNAMED -Dfile.encoding=UTF-8 -Duser.country=AU -Duser.language=en -Duser.variant -Dawt.toolkit.name=XToolkit net.fabricmc.devlaunchinjector.Main

Host: AArch64, 10 cores, 15G, Fedora Asahi Remix release 44 (Forty Four)
Time: Tue May 19 21:46:41 2026 AEST elapsed time: 40.555322 seconds (0d 0h 0m 40s)

---------------  T H R E A D  ---------------

Current thread (0x0000ffffb420daa0):  VMThread "VM Thread"          [id=294175, stack(0x0000ffffb9584000,0x0000ffffb9784000) (2048K)]

Stack: [0x0000ffffb9584000,0x0000ffffb9784000],  sp=0x0000ffffb97821b0,  free space=2040k
Native frames: (J=compiled Java code, j=interpreted, Vv=VM code, C=native code)
C  [libopenal.so+0x9c670]
C  [libc.so.6+0x3eb2c]  __run_exit_handlers+0x1ac
C  [libc.so.6+0x3ec20]  internal_addseverity+0x0
V  [libjvm.so+0xc7c05c]
V  [libjvm.so+0x88dad0]  vm_exit(int)+0x0
V  [libjvm.so+0xf8e1c4]  VM_Operation::evaluate()+0xf4
V  [libjvm.so+0xf91550]  VMThread::evaluate_operation(VM_Operation*)+0xb0
V  [libjvm.so+0xf92138]  VMThread::inner_execute(VM_Operation*)+0x2d8
V  [libjvm.so+0xf92450]  VMThread::run()+0xac
V  [libjvm.so+0xef92b8]  Thread::call_run()+0xa8
V  [libjvm.so+0xc71af4]  thread_native_entry(Thread*)+0xe0
C  [libc.so.6+0x8f81c]  start_thread+0x3bc

siginfo: si_signo: 11 (SIGSEGV), si_code: 1 (SEGV_MAPERR), si_addr: 0x0000000000000000

Registers:
R0=0x0000fffee8d64c38
R1=0x0000000000000000
R2=0x0000000000000000
R3=0x0000000000000000
R4=0x0000fffedc000030
R5=0x0000000042600dfc
R6=0x0000000000000400
R7=0x0000ffff84001db0
R8=0x0000fffedc0020f0
R9=0xbd2b160820eea2b5
R10=0x0000000000000054
R11=0x0000ffffbe2066e8
R12=0x0000000000000030
R13=0x0000ffffb9783880
R14=0x0000000000000000
R15=0x0000ffff84057980
R16=0x0000000000000001
R17=0x0000ffffbe0e1b40
R18=0x0000000000001e21
R19=0x0000fffedc0020f0
R20=0x0000fffedc0021a0
R21=0x0000fffee8d64be8
R22=0x0000fffedc0020d0
R23=0x0000fffee8d64b58
R24=0x0000fffee8d64c68
R25=0x0000ffffb6a66080
R26=0x0000000000000b2b
R27=0x0000fffee8c4c5a4
R28=0x0000fffee8d64be8
R29=0x0000ffffb97821b0
R30=0x0000fffee8c4c660


Register to memory mapping:

R0 =0x0000fffee8d64c38: <offset 0x00000000001b4c38> in /tmp/lwjgl_anguscrump/3.4.1-snapshot/arm64/libopenal.so at 0x0000fffee8bb0000
R1 =0x0 is null
R2 =0x0 is null
R3 =0x0 is null
R4 =0x0000fffedc000030 points into unknown readable memory: 0x0000000200000000 | 00 00 00 00 02 00 00 00
R5 =0x0000000042600dfc is an unknown value
R6 =0x0000000000000400 is an unknown value
R7 =0x0000ffff84001db0 points into unknown readable memory: 0x0000000200000002 | 02 00 00 00 02 00 00 00
R8 =0x0000fffedc0020f0 points into unknown readable memory: 0x0000000000000000 | 00 00 00 00 00 00 00 00
R9 =0xbd2b160820eea2b5 is an unknown value
R10=0x0000000000000054 is an unknown value
R11=0x0000ffffbe2066e8: <offset 0x00000000001c66e8> in /lib64/libc.so.6 at 0x0000ffffbe040000
R12=0x0000000000000030 is an unknown value
R13=0x0000ffffb9783880 points into unknown readable memory: 0x0000ffffb41f5930 | 30 59 1f b4 ff ff 00 00
R14=0x0 is null
R15=0x0000ffff84057980 points into unknown readable memory: 0x0000000000000040 | 40 00 00 00 00 00 00 00
R16=0x0000000000000001 is an unknown value
R17=0x0000ffffbe0e1b40: __libc_free+0x0000000000000000 in /lib64/libc.so.6 at 0x0000ffffbe040000
R18=0x0000000000001e21 is an unknown value
R19=0x0000fffedc0020f0 points into unknown readable memory: 0x0000000000000000 | 00 00 00 00 00 00 00 00
R20=0x0000fffedc0021a0 points into unknown readable memory: 0x0000fffedc0000d8 | d8 00 00 dc fe ff 00 00
R21=0x0000fffee8d64be8: <offset 0x00000000001b4be8> in /tmp/lwjgl_anguscrump/3.4.1-snapshot/arm64/libopenal.so at 0x0000fffee8bb0000
R22=0x0000fffedc0020d0 points into unknown readable memory: 0x0000fffedc001ee0 | e0 1e 00 dc fe ff 00 00
R23=0x0000fffee8d64b58: <offset 0x00000000001b4b58> in /tmp/lwjgl_anguscrump/3.4.1-snapshot/arm64/libopenal.so at 0x0000fffee8bb0000
R24=0x0000fffee8d64c68: <offset 0x00000000001b4c68> in /tmp/lwjgl_anguscrump/3.4.1-snapshot/arm64/libopenal.so at 0x0000fffee8bb0000
R25=0x0000ffffb6a66080 points into unknown readable memory: 0x0000ffffb6a25f20 | 20 5f a2 b6 ff ff 00 00
R26=0x0000000000000b2b is an unknown value
R27=0x0000fffee8c4c5a4: <offset 0x000000000009c5a4> in /tmp/lwjgl_anguscrump/3.4.1-snapshot/arm64/libopenal.so at 0x0000fffee8bb0000
R28=0x0000fffee8d64be8: <offset 0x00000000001b4be8> in /tmp/lwjgl_anguscrump/3.4.1-snapshot/arm64/libopenal.so at 0x0000fffee8bb0000
R29=0x0000ffffb97821b0 points into unknown readable memory: 0x0000ffffb97821f0 | f0 21 78 b9 ff ff 00 00
R30=0x0000fffee8c4c660: <offset 0x000000000009c660> in /tmp/lwjgl_anguscrump/3.4.1-snapshot/arm64/libopenal.so at 0x0000fffee8bb0000

Top of Stack: (sp=0x0000ffffb97821b0)
0x0000ffffb97821b0:   0000ffffb97821f0 0000ffffbe07eb2c   .!x.....,.......
0x0000ffffb97821c0:   0000ffffbe201000 0000ffffbe202210   .. ......" .....
0x0000ffffb97821d0:   0000ffffbe2bfc78 0000000000000000   x.+.............
0x0000ffffb97821e0:   0000ffffbe200658 0000ffffbe202000   X. ......  .....
0x0000ffffb97821f0:   0000ffffb9782260 0057ffffbe07ec20   `"x..... .....W.
0x0000ffffb9782200:   0000000000000000 0000ffffbc94b938   ........8.......
0x0000ffffb9782210:   0000ffffbc94b938 0000ffffb41f4f20   8....... O......
0x0000ffffb9782220:   0000ffffb41f4f38 0000ffffb41f5310   8O.......S......
0x0000ffffb9782230:   00000000000003d8 0000ffffbdf8fc18   ................
0x0000ffffb9782240:   00000000000003d8 0000ffffbdf8fc18   ................
0x0000ffffb9782250:   0000ffffb420e070 0000ffff00000001   p. .............
0x0000ffffb9782260:   0000ffffb9782270 0074ffffbd6cc05c   p"x.....\.l...t.
0x0000ffffb9782270:   0000ffffb9782280 0000ffffbd2ddad0   ."x.......-.....
0x0000ffffb9782280:   0000ffffb97822a0 0000ffffbd9de1c4   ."x.............
0x0000ffffb9782290:   0000ffffb420e070 0000ffffbd011e60   p. .....`.......
0x0000ffffb97822a0:   0000ffffb97823b0 0000ffffbd9e1550   .#x.....P.......
0x0000ffffb97822b0:   0000ffffb420e070 0000ffffbdebd000   p. .............
0x0000ffffb97822c0:   0000ffffbc94b938 0000ffffb9783880   8........8x.....
0x0000ffffb97822d0:   0000ffffb41f4f20 0000ffffb420daa0    O........ .....
0x0000ffffb97822e0:   0000ffffb41f4f38 0000ffffb41f5310   8O.......S......
0x0000ffffb97822f0:   00000000000003d8 0000ffffbdeb7000   .........p......
0x0000ffffb9782300:   ffffff0f00000000 0000000000000000   ................
0x0000ffffb9782310:   0000000000000014 0000000000000000   ................
0x0000ffffb9782320:   3fc9ba5e353f7cee 0000000000000000   .|?5^..?........
0x0000ffffb9782330:   0000ffffb9782350 0000ffffbd76f3f8   P#x.......v.....
0x0000ffffb9782340:   0000ffffb9782380 0000000000000000   .#x.............
0x0000ffffb9782350:   0000ffffb9782360 0034ffffbe108b04   `#x...........4.
0x0000ffffb9782360:   0000ffffb9782370 0014ffffbd6ccd64   p#x.....d.l.....
0x0000ffffb9782370:   0000ffffb9782390 0000ffffbd9594c0   .#x.............
0x0000ffffb9782380:   0000000000005157 0000000010d9f94d   WQ......M.......
0x0000ffffb9782390:   0000ffffb97823b0 0000ffffbd9e152c   .#x.....,.......
0x0000ffffb97823a0:   0000ffffb420e070 4ef5a6580077c900   p. .......w.X..N

Instructions: (pc=0x0000fffee8c4c670)
  0x0000fffee8c4c570:   80 08 00 90 00 e0 44 f9 e2 27 40 f9 01 00 40 f9
  0x0000fffee8c4c580:   42 00 01 eb 01 00 80 d2 61 00 00 54 fd 7b c5 a8
  0x0000fffee8c4c590:   c0 03 5f d6 df d8 fd 97 fa d8 fd 97 0d db fd 97
  0x0000fffee8c4c5a0:   f4 ff ff 17 fd 7b bc a9 fd 03 00 91 f5 5b 02 a9
  0x0000fffee8c4c5b0:   f5 03 00 aa 00 00 40 f9 f3 53 01 a9 f7 63 03 a9
  0x0000fffee8c4c5c0:   80 00 00 b4 c1 08 00 90 21 bc 45 f9 20 00 3f d6
  0x0000fffee8c4c5d0:   a0 62 43 39 80 09 00 35 b3 42 40 f9 b8 02 02 91
  0x0000fffee8c4c5e0:   16 07 40 f9 7f 02 16 eb 20 03 00 54 d7 08 00 90
  0x0000fffee8c4c5f0:   f7 62 2d 91 1f 20 03 d5 74 02 40 f9 14 02 00 b4
  0x0000fffee8c4c600:   e0 03 14 aa 82 0e 40 f9 01 0c 41 f8 03 10 40 f9
  0x0000fffee8c4c610:   41 00 00 f9 22 04 00 f9 43 00 00 b4 60 00 3f d6
  0x0000fffee8c4c620:   80 06 40 f9 60 00 00 b4 e1 16 40 f9 20 00 3f d6
  0x0000fffee8c4c630:   e0 03 14 aa 01 08 80 d2 ca d9 fd 97 73 22 00 91
  0x0000fffee8c4c640:   df 02 13 eb a1 fd ff 54 b6 42 40 f9 b6 00 00 b4
  0x0000fffee8c4c650:   01 0b 40 f9 e0 03 16 aa 21 00 16 cb c1 d9 fd 97
  0x0000fffee8c4c660:   e0 03 15 aa a2 2e 40 f9 01 0c 45 f8 03 10 40 f9
=>0x0000fffee8c4c670:   41 00 00 f9 22 04 00 f9 43 00 00 b4 60 00 3f d6
  0x0000fffee8c4c680:   e0 03 15 aa a2 16 40 f9 01 0c 42 f8 03 10 40 f9
  0x0000fffee8c4c690:   41 00 00 f9 22 04 00 f9 43 00 00 b4 60 00 3f d6
  0x0000fffee8c4c6a0:   a0 0e 40 f9 80 00 00 b4 c1 08 00 90 21 c0 45 f9
  0x0000fffee8c4c6b0:   20 00 3f d6 a0 0a 40 f9 80 00 00 b4 c1 08 00 90
  0x0000fffee8c4c6c0:   21 c4 45 f9 20 00 3f d6 a0 06 40 f9 80 00 00 b4
  0x0000fffee8c4c6d0:   c1 08 00 90 21 c8 45 f9 20 00 3f d6 a0 02 40 f9
  0x0000fffee8c4c6e0:   80 00 00 b4 c1 08 00 90 21 cc 45 f9 20 00 3f d6
  0x0000fffee8c4c6f0:   f3 53 41 a9 f5 5b 42 a9 f7 63 43 a9 fd 7b c4 a8
  0x0000fffee8c4c700:   c0 03 5f d6 e0 03 15 aa bf 62 03 39 a2 5a 40 f9
  0x0000fffee8c4c710:   01 8c 4a f8 03 10 40 f9 41 00 00 f9 22 04 00 f9
  0x0000fffee8c4c720:   43 00 00 b4 60 00 3f d6 a0 52 40 f9 60 f5 ff b4
  0x0000fffee8c4c730:   c1 08 00 90 21 c0 45 f9 20 00 3f d6 a7 ff ff 17
  0x0000fffee8c4c740:   fd 7b bd a9 fd 03 00 91 f3 53 01 a9 53 00 01 cb
  0x0000fffee8c4c750:   f4 03 00 aa f5 13 00 f9 f5 03 01 aa 7f 3e 00 f1
  0x0000fffee8c4c760:   08 03 00 54 00 00 40 f9 7f 06 00 f1 41 01 00 54


Stack slot to memory mapping:

stack at sp + 0 slots: 0x0000ffffb97821f0 points into unknown readable memory: 0x0000ffffb9782260 | 60 22 78 b9 ff ff 00 00
stack at sp + 1 slots: 0x0000ffffbe07eb2c: <offset 0x000000000003eb2c> in /lib64/libc.so.6 at 0x0000ffffbe040000
stack at sp + 2 slots: 0x0000ffffbe201000: <offset 0x00000000001c1000> in /lib64/libc.so.6 at 0x0000ffffbe040000
stack at sp + 3 slots: 0x0000ffffbe202210: <offset 0x00000000001c2210> in /lib64/libc.so.6 at 0x0000ffffbe040000
stack at sp + 4 slots: 0x0000ffffbe2bfc78: __pointer_chk_guard+0x0000000000000000 in /lib/ld-linux-aarch64.so.1 at 0x0000ffffbe280000
stack at sp + 5 slots: 0x0 is null
stack at sp + 6 slots: 0x0000ffffbe200658: <offset 0x00000000001c0658> in /lib64/libc.so.6 at 0x0000ffffbe040000
stack at sp + 7 slots: 0x0000ffffbe202000: <offset 0x00000000001c2000> in /lib64/libc.so.6 at 0x0000ffffbe040000

VM_Operation (0x0000ffffbc94b938): Exit, mode: safepoint, requested by thread 0x0000ffffb40316d0


---------------  P R O C E S S  ---------------

Threads class SMR info:
_java_thread_list=0x0000ffff5c000950, length=20, elements={
0x0000ffffb40316d0, 0x0000ffffb42156b0, 0x0000ffffb4218ef0, 0x0000ffffb421a7d0,
0x0000ffffb421dbb0, 0x0000ffffb421f460, 0x0000ffffb4221220, 0x0000ffffb4222c40,
0x0000ffffb42646a0, 0x0000ffffb599fb50, 0x0000ffffb595e5a0, 0x0000ffffb6432770,
0x0000ffffb66709f0, 0x0000ffffb667d000, 0x0000ffffb667eb60, 0x0000fffea805a810,
0x0000ffffb4232fd0, 0x0000ffffb56516a0, 0x0000fffe5c008a30, 0x0000ffffb716e730
}

Java Threads: ( => current thread )
  0x0000ffffb40316d0 JavaThread "Render thread"                     [_thread_blocked, id=294163, stack(0x0000ffffbc750000,0x0000ffffbc94e000) (2040K)]
  0x0000ffffb42156b0 JavaThread "Common-Cleaner"             daemon [_thread_blocked, id=294176, stack(0x0000ffffb9364000,0x0000ffffb9574000) (2112K)]
  0x0000ffffb4218ef0 JavaThread "Reference Handler"          daemon [_thread_blocked, id=294177, stack(0x0000ffffb8d58000,0x0000ffffb8f58000) (2048K)]
  0x0000ffffb421a7d0 JavaThread "Finalizer"                  daemon [_thread_blocked, id=294178, stack(0x0000ffffb8b58000,0x0000ffffb8d58000) (2048K)]
  0x0000ffffb421dbb0 JavaThread "Service Thread"             daemon [_thread_blocked, id=294180, stack(0x0000ffffb8758000,0x0000ffffb8958000) (2048K)]
  0x0000ffffb421f460 JavaThread "Monitor Deflation Thread"   daemon [_thread_blocked, id=294181, stack(0x0000ffffb8558000,0x0000ffffb8758000) (2048K)]
  0x0000ffffb4221220 JavaThread "C2 CompilerThread0"         daemon [_thread_blocked, id=294182, stack(0x0000ffffb8358000,0x0000ffffb8558000) (2048K)]
  0x0000ffffb4222c40 JavaThread "C1 CompilerThread0"         daemon [_thread_blocked, id=294183, stack(0x0000ffffb8158000,0x0000ffffb8358000) (2048K)]
  0x0000ffffb42646a0 JavaThread "Notification Thread"        daemon [_thread_blocked, id=294185, stack(0x0000ffff9d1dc000,0x0000ffff9d3dc000) (2048K)]
  0x0000ffffb599fb50 JavaThread "process reaper"             daemon [_thread_blocked, id=294226, stack(0x0000ffff9c0ac000,0x0000ffff9c0e0000) (208K)]
  0x0000ffffb595e5a0 JavaThread "JNA Cleaner"                daemon [_thread_blocked, id=294227, stack(0x0000ffff9cba0000,0x0000ffff9cda0000) (2048K)]
  0x0000ffffb6432770 JavaThread "Timer hack thread"          daemon [_thread_blocked, id=294257, stack(0x0000ffff91200000,0x0000ffff91400000) (2048K)]
  0x0000ffffb66709f0 JavaThread "Yggdrasil Key Fetcher"      daemon [_thread_blocked, id=294258, stack(0x0000ffff91600000,0x0000ffff91800000) (2048K)]
  0x0000ffffb667d000 JavaThread "Download-1"                 daemon [_thread_blocked, id=294259, stack(0x0000ffff91a00000,0x0000ffff91c00000) (2048K)]
  0x0000ffffb667eb60 JavaThread "Download-2"                 daemon [_thread_blocked, id=294260, stack(0x0000ffff91000000,0x0000ffff91200000) (2048K)]
  0x0000fffea805a810 JavaThread "ForkJoinPool.commonPool-worker-1" daemon [_thread_blocked, id=294306, stack(0x0000fffea5f80000,0x0000fffea6180000) (2048K)]
  0x0000ffffb4232fd0 JavaThread "Netty Local IO #0"          daemon [_thread_blocked, id=294433, stack(0x0000fffe6f600000,0x0000fffe6f800000) (2048K)]
  0x0000ffffb56516a0 JavaThread "Netty Local IO #1"          daemon [_thread_blocked, id=294434, stack(0x0000fffe6f400000,0x0000fffe6f600000) (2048K)]
  0x0000fffe5c008a30 JavaThread "Netty Local IO #2"          daemon [_thread_blocked, id=294435, stack(0x0000fffe6f200000,0x0000fffe6f400000) (2048K)]
  0x0000ffffb716e730 JavaThread "Sound engine"               daemon [_thread_blocked, id=294725, stack(0x0000ffff9cddc000,0x0000ffff9cfdc000) (2048K)]
Total: 20

Other Threads:
=>0x0000ffffb420daa0 VMThread "VM Thread"                           [id=294175, stack(0x0000ffffb9584000,0x0000ffffb9784000) (2048K)]
  0x0000ffffb4186740 WorkerThread "GC Thread#0"                     [id=294164, stack(0x0000ffffba968000,0x0000ffffbab68000) (2048K)]
  0x0000ffff84008cb0 WorkerThread "GC Thread#1"                     [id=294193, stack(0x0000ffff9c9a0000,0x0000ffff9cba0000) (2048K)]
  0x0000ffff84009700 WorkerThread "GC Thread#2"                     [id=294194, stack(0x0000ffff9c790000,0x0000ffff9c990000) (2048K)]
  0x0000ffff8400a2c0 WorkerThread "GC Thread#3"                     [id=294195, stack(0x0000ffff9c580000,0x0000ffff9c780000) (2048K)]
  0x0000ffff8400b030 WorkerThread "GC Thread#4"                     [id=294196, stack(0x0000ffff9c370000,0x0000ffff9c570000) (2048K)]
  0x0000ffff8400bda0 WorkerThread "GC Thread#5"                     [id=294197, stack(0x0000ffff9c160000,0x0000ffff9c360000) (2048K)]
  0x0000ffff84016910 WorkerThread "GC Thread#6"                     [id=294210, stack(0x0000ffff90c00000,0x0000ffff90e00000) (2048K)]
  0x0000ffff8400e4c0 WorkerThread "GC Thread#7"                     [id=294221, stack(0x0000ffff909f0000,0x0000ffff90bf0000) (2048K)]
  0x0000ffff8400f850 WorkerThread "GC Thread#8"                     [id=294222, stack(0x0000ffff907e0000,0x0000ffff909e0000) (2048K)]
  0x0000ffffb419e8c0 ConcurrentGCThread "G1 Main Marker"            terminated
  0x0000ffffb419fab0 WorkerThread "G1 Conc#0"                       [id=294166, stack(0x0000ffffba548000,0x0000ffffba748000) (2048K)]
  0x0000ffff98000c80 WorkerThread "G1 Conc#1"                       [id=294223, stack(0x0000ffff905d0000,0x0000ffff907d0000) (2048K)]
  0x0000ffffb41ed410 ConcurrentGCThread "G1 Refine#0"               terminated
  0x0000ffffb41ee620 ConcurrentGCThread "G1 Service"                terminated
Total: 15

Threads with active compile tasks:
Total: 0

VM state: at safepoint (shutting down)

VM Mutex/Monitor currently owned by a thread:  ([mutex/lock_event])
[0x0000ffffbdf59558] Threads_lock - owner thread: 0x0000ffffb420daa0
[0x0000ffffbdf596f0] Heap_lock - owner thread: 0x0000ffffb40316d0

Heap address: 0x000000070f800000, size: 3848 MB, Compressed Oops mode: Zero based, Oop shift amount: 3

CDS archive(s) mapped at: [0x0000078000000000-0x0000078001d00000-0x0000078001d00000), size 30408704, SharedBaseAddress: 0x0000078000000000, ArchiveRelocationMode: 1.
Compressed class space mapped at: 0x0000078002000000-0x0000078042000000, reserved size: 1073741824
UseCompressedClassPointers 1, UseCompactObjectHeaders 0
Narrow klass pointer bits 32, Max shift 3
Narrow klass base: 0x0000078000000000, Narrow klass shift: 0
Encoding Range: [0x0000078000000000 - 0x0000078100000000), (4294967296 bytes)
Klass Range:    [0x0000078000010000 - 0x0000078042000000), (1107230720 bytes)
Klass ID Range:  [65536 - 1107296249) (1107230713)
Protection zone: [0x0000078000000000 - 0x0000078000010000), (65536 bytes)

GC Precious Log:
 CardTable entry size: 512
 Card Set container configuration: InlinePtr #cards 4 size 8 Array Of Cards #cards 16 size 48 Howl #buckets 8 coarsen threshold 3686 Howl Bitmap #cards 512 size 80 coarsen threshold 460 Card regions per heap region 1 cards per card region 4096
 CPUs: 10 total, 10 available
 Memory: 15385M
 Large Page Support: Disabled
 NUMA Support: Disabled
 Compressed Oops: Enabled (Zero based)
 Heap Region Size: 2M
 Heap Min Capacity: 8M
 Heap Initial Capacity: 248M
 Heap Max Capacity: 3848M
 Pre-touch: Disabled
 Parallel Workers: 9
 Concurrent Workers: 2
 Concurrent Refinement Workers: 9
 Periodic GC: Disabled

Heap:
 garbage-first heap   total reserved 3940352K, committed 1179648K, used 889372K [0x000000070f800000, 0x0000000800000000)
  region size 2048K, 144 young (294912K), 28 survivors (57344K)

Heap Regions: E=young(eden), S=young(survivor), O=old, HS=humongous(starts), HC=humongous(continues), CS=collection set, F=free, TAMS=top-at-mark-start, PB=parsable bottom
|   0|0x000000070f800000, 0x000000070fa00000, 0x000000070fa00000|100%|HS|  |TAMS 0x000000070f800000| PB 0x000000070f800000| Complete |  0
|   1|0x000000070fa00000, 0x000000070fc00000, 0x000000070fc00000|100%|HS|  |TAMS 0x000000070fa00000| PB 0x000000070fa00000| Complete |  0
|   2|0x000000070fc00000, 0x000000070fe00000, 0x000000070fe00000|100%|HS|  |TAMS 0x000000070fc00000| PB 0x000000070fc00000| Complete |  0
|   3|0x000000070fe00000, 0x0000000710000000, 0x0000000710000000|100%| O|  |TAMS 0x000000070fe00000| PB 0x000000070fe00000| Untracked |  0
|   4|0x0000000710000000, 0x0000000710200000, 0x0000000710200000|100%| O|  |TAMS 0x0000000710000000| PB 0x0000000710000000| Untracked |  0
|   5|0x0000000710200000, 0x0000000710400000, 0x0000000710400000|100%| O|  |TAMS 0x0000000710200000| PB 0x0000000710200000| Untracked |  0
|   6|0x0000000710400000, 0x0000000710600000, 0x0000000710600000|100%| O|  |TAMS 0x0000000710400000| PB 0x0000000710400000| Untracked |  0
|   7|0x0000000710600000, 0x0000000710800000, 0x0000000710800000|100%| O|  |TAMS 0x0000000710600000| PB 0x0000000710600000| Untracked |  0
|   8|0x0000000710800000, 0x0000000710a00000, 0x0000000710a00000|100%| O|  |TAMS 0x0000000710800000| PB 0x0000000710800000| Untracked |  0
|   9|0x0000000710a00000, 0x0000000710c00000, 0x0000000710c00000|100%| O|  |TAMS 0x0000000710a00000| PB 0x0000000710a00000| Untracked |  0
|  10|0x0000000710c00000, 0x0000000710e00000, 0x0000000710e00000|100%| O|  |TAMS 0x0000000710c00000| PB 0x0000000710c00000| Untracked |  0
|  11|0x0000000710e00000, 0x0000000711000000, 0x0000000711000000|100%| O|  |TAMS 0x0000000710e00000| PB 0x0000000710e00000| Untracked |  0
|  12|0x0000000711000000, 0x0000000711200000, 0x0000000711200000|100%| O|  |TAMS 0x0000000711000000| PB 0x0000000711000000| Untracked |  0
|  13|0x0000000711200000, 0x0000000711400000, 0x0000000711400000|100%| O|  |TAMS 0x0000000711200000| PB 0x0000000711200000| Untracked |  0
|  14|0x0000000711400000, 0x0000000711600000, 0x0000000711600000|100%| O|  |TAMS 0x0000000711400000| PB 0x0000000711400000| Untracked |  0
|  15|0x0000000711600000, 0x0000000711800000, 0x0000000711800000|100%| O|  |TAMS 0x0000000711600000| PB 0x0000000711600000| Untracked |  0
|  16|0x0000000711800000, 0x0000000711a00000, 0x0000000711a00000|100%| O|  |TAMS 0x0000000711800000| PB 0x0000000711800000| Untracked |  0
|  17|0x0000000711a00000, 0x0000000711c00000, 0x0000000711c00000|100%| O|  |TAMS 0x0000000711a00000| PB 0x0000000711a00000| Untracked |  0
|  18|0x0000000711c00000, 0x0000000711e00000, 0x0000000711e00000|100%| O|  |TAMS 0x0000000711c00000| PB 0x0000000711c00000| Untracked |  0
|  19|0x0000000711e00000, 0x0000000712000000, 0x0000000712000000|100%| O|  |TAMS 0x0000000711e00000| PB 0x0000000711e00000| Untracked |  0
|  20|0x0000000712000000, 0x0000000712200000, 0x0000000712200000|100%| O|  |TAMS 0x0000000712000000| PB 0x0000000712000000| Untracked |  0
|  21|0x0000000712200000, 0x0000000712400000, 0x0000000712400000|100%| O|  |TAMS 0x0000000712200000| PB 0x0000000712200000| Untracked |  0
|  22|0x0000000712400000, 0x0000000712600000, 0x0000000712600000|100%| O|  |TAMS 0x0000000712400000| PB 0x0000000712400000| Untracked |  0
|  23|0x0000000712600000, 0x0000000712800000, 0x0000000712800000|100%| O|  |TAMS 0x0000000712600000| PB 0x0000000712600000| Untracked |  0
|  24|0x0000000712800000, 0x0000000712a00000, 0x0000000712a00000|100%| O|  |TAMS 0x0000000712800000| PB 0x0000000712800000| Untracked |  0
|  25|0x0000000712a00000, 0x0000000712c00000, 0x0000000712c00000|100%| O|  |TAMS 0x0000000712a00000| PB 0x0000000712a00000| Untracked |  0
|  26|0x0000000712c00000, 0x0000000712e00000, 0x0000000712e00000|100%|HS|  |TAMS 0x0000000712c00000| PB 0x0000000712c00000| Complete |  0
|  27|0x0000000712e00000, 0x0000000713000000, 0x0000000713000000|100%|HC|  |TAMS 0x0000000712e00000| PB 0x0000000712e00000| Complete |  0
|  28|0x0000000713000000, 0x0000000713200000, 0x0000000713200000|100%|HC|  |TAMS 0x0000000713000000| PB 0x0000000713000000| Complete |  0
|  29|0x0000000713200000, 0x0000000713400000, 0x0000000713400000|100%|HC|  |TAMS 0x0000000713200000| PB 0x0000000713200000| Complete |  0
|  30|0x0000000713400000, 0x0000000713600000, 0x0000000713600000|100%|HC|  |TAMS 0x0000000713400000| PB 0x0000000713400000| Complete |  0
|  31|0x0000000713600000, 0x0000000713800000, 0x0000000713800000|100%|HC|  |TAMS 0x0000000713600000| PB 0x0000000713600000| Complete |  0
|  32|0x0000000713800000, 0x0000000713a00000, 0x0000000713a00000|100%| O|  |TAMS 0x0000000713800000| PB 0x0000000713800000| Untracked |  0
|  33|0x0000000713a00000, 0x0000000713c00000, 0x0000000713c00000|100%| O|  |TAMS 0x0000000713a00000| PB 0x0000000713a00000| Untracked |  0
|  34|0x0000000713c00000, 0x0000000713e00000, 0x0000000713e00000|100%| O|  |TAMS 0x0000000713c00000| PB 0x0000000713c00000| Untracked |  0
|  35|0x0000000713e00000, 0x0000000714000000, 0x0000000714000000|100%| O|  |TAMS 0x0000000713e00000| PB 0x0000000713e00000| Untracked |  0
|  36|0x0000000714000000, 0x0000000714200000, 0x0000000714200000|100%| O|  |TAMS 0x0000000714000000| PB 0x0000000714000000| Untracked |  0
|  37|0x0000000714200000, 0x0000000714400000, 0x0000000714400000|100%| O|  |TAMS 0x0000000714200000| PB 0x0000000714200000| Untracked |  0
|  38|0x0000000714400000, 0x0000000714600000, 0x0000000714600000|100%| O|  |TAMS 0x0000000714400000| PB 0x0000000714400000| Untracked |  0
|  39|0x0000000714600000, 0x0000000714800000, 0x0000000714800000|100%| O|  |TAMS 0x0000000714600000| PB 0x0000000714600000| Untracked |  0
|  40|0x0000000714800000, 0x0000000714a00000, 0x0000000714a00000|100%| O|  |TAMS 0x0000000714800000| PB 0x0000000714800000| Untracked |  0
|  41|0x0000000714a00000, 0x0000000714c00000, 0x0000000714c00000|100%| O|  |TAMS 0x0000000714a00000| PB 0x0000000714a00000| Untracked |  0
|  42|0x0000000714c00000, 0x0000000714e00000, 0x0000000714e00000|100%| O|  |TAMS 0x0000000714c00000| PB 0x0000000714c00000| Untracked |  0
|  43|0x0000000714e00000, 0x0000000715000000, 0x0000000715000000|100%| O|  |TAMS 0x0000000714e00000| PB 0x0000000714e00000| Untracked |  0
|  44|0x0000000715000000, 0x0000000715200000, 0x0000000715200000|100%| O|  |TAMS 0x0000000715000000| PB 0x0000000715000000| Untracked |  0
|  45|0x0000000715200000, 0x0000000715400000, 0x0000000715400000|100%| O|  |TAMS 0x0000000715200000| PB 0x0000000715200000| Untracked |  0
|  46|0x0000000715400000, 0x0000000715600000, 0x0000000715600000|100%| O|  |TAMS 0x0000000715400000| PB 0x0000000715400000| Untracked |  0
|  47|0x0000000715600000, 0x0000000715800000, 0x0000000715800000|100%| O|  |TAMS 0x0000000715600000| PB 0x0000000715600000| Untracked |  0
|  48|0x0000000715800000, 0x0000000715a00000, 0x0000000715a00000|100%| O|  |TAMS 0x0000000715800000| PB 0x0000000715800000| Untracked |  0
|  49|0x0000000715a00000, 0x0000000715c00000, 0x0000000715c00000|100%| O|  |TAMS 0x0000000715a00000| PB 0x0000000715a00000| Untracked |  0
|  50|0x0000000715c00000, 0x0000000715e00000, 0x0000000715e00000|100%| O|  |TAMS 0x0000000715c00000| PB 0x0000000715c00000| Untracked |  0
|  51|0x0000000715e00000, 0x0000000716000000, 0x0000000716000000|100%| O|  |TAMS 0x0000000715e00000| PB 0x0000000715e00000| Untracked |  0
|  52|0x0000000716000000, 0x0000000716200000, 0x0000000716200000|100%|HS|  |TAMS 0x0000000716000000| PB 0x0000000716000000| Complete |  0
|  53|0x0000000716200000, 0x0000000716400000, 0x0000000716400000|100%|HS|  |TAMS 0x0000000716200000| PB 0x0000000716200000| Complete |  0
|  54|0x0000000716400000, 0x0000000716600000, 0x0000000716600000|100%| O|  |TAMS 0x0000000716400000| PB 0x0000000716400000| Untracked |  0
|  55|0x0000000716600000, 0x0000000716800000, 0x0000000716800000|100%| O|  |TAMS 0x0000000716600000| PB 0x0000000716600000| Untracked |  0
|  56|0x0000000716800000, 0x0000000716a00000, 0x0000000716a00000|100%| O|  |TAMS 0x0000000716800000| PB 0x0000000716800000| Untracked |  0
|  57|0x0000000716a00000, 0x0000000716c00000, 0x0000000716c00000|100%| O|  |TAMS 0x0000000716a00000| PB 0x0000000716a00000| Untracked |  0
|  58|0x0000000716c00000, 0x0000000716e00000, 0x0000000716e00000|100%| O|  |TAMS 0x0000000716c00000| PB 0x0000000716c00000| Untracked |  0
|  59|0x0000000716e00000, 0x0000000717000000, 0x0000000717000000|100%| O|  |TAMS 0x0000000716e00000| PB 0x0000000716e00000| Untracked |  0
|  60|0x0000000717000000, 0x0000000717200000, 0x0000000717200000|100%| O|  |TAMS 0x0000000717000000| PB 0x0000000717000000| Untracked |  0
|  61|0x0000000717200000, 0x0000000717400000, 0x0000000717400000|100%| O|  |TAMS 0x0000000717200000| PB 0x0000000717200000| Untracked |  0
|  62|0x0000000717400000, 0x0000000717600000, 0x0000000717600000|100%| O|  |TAMS 0x0000000717400000| PB 0x0000000717400000| Untracked |  0
|  63|0x0000000717600000, 0x0000000717800000, 0x0000000717800000|100%| O|  |TAMS 0x0000000717600000| PB 0x0000000717600000| Untracked |  0
|  64|0x0000000717800000, 0x0000000717a00000, 0x0000000717a00000|100%| O|  |TAMS 0x0000000717800000| PB 0x0000000717800000| Untracked |  0
|  65|0x0000000717a00000, 0x0000000717c00000, 0x0000000717c00000|100%| O|  |TAMS 0x0000000717a00000| PB 0x0000000717a00000| Untracked |  0
|  66|0x0000000717c00000, 0x0000000717e00000, 0x0000000717e00000|100%| O|  |TAMS 0x0000000717c00000| PB 0x0000000717c00000| Untracked |  0
|  67|0x0000000717e00000, 0x0000000718000000, 0x0000000718000000|100%| O|  |TAMS 0x0000000717e00000| PB 0x0000000717e00000| Untracked |  0
|  68|0x0000000718000000, 0x0000000718200000, 0x0000000718200000|100%| O|Cm|TAMS 0x0000000718000000| PB 0x0000000718000000| Complete |  0
|  69|0x0000000718200000, 0x0000000718400000, 0x0000000718400000|100%| O|  |TAMS 0x0000000718200000| PB 0x0000000718200000| Untracked |  0
|  70|0x0000000718400000, 0x0000000718600000, 0x0000000718600000|100%| O|  |TAMS 0x0000000718400000| PB 0x0000000718400000| Untracked |  0
|  71|0x0000000718600000, 0x0000000718800000, 0x0000000718800000|100%| O|  |TAMS 0x0000000718600000| PB 0x0000000718600000| Untracked |  0
|  72|0x0000000718800000, 0x0000000718a00000, 0x0000000718a00000|100%| O|  |TAMS 0x0000000718800000| PB 0x0000000718800000| Untracked |  0
|  73|0x0000000718a00000, 0x0000000718c00000, 0x0000000718c00000|100%| O|  |TAMS 0x0000000718a00000| PB 0x0000000718a00000| Untracked |  0
|  74|0x0000000718c00000, 0x0000000718e00000, 0x0000000718e00000|100%| O|  |TAMS 0x0000000718c00000| PB 0x0000000718c00000| Untracked |  0
|  75|0x0000000718e00000, 0x0000000719000000, 0x0000000719000000|100%| O|  |TAMS 0x0000000718e00000| PB 0x0000000718e00000| Untracked |  0
|  76|0x0000000719000000, 0x0000000719200000, 0x0000000719200000|100%| O|  |TAMS 0x0000000719000000| PB 0x0000000719000000| Untracked |  0
|  77|0x0000000719200000, 0x0000000719400000, 0x0000000719400000|100%| O|  |TAMS 0x0000000719200000| PB 0x0000000719200000| Untracked |  0
|  78|0x0000000719400000, 0x0000000719600000, 0x0000000719600000|100%| O|  |TAMS 0x0000000719400000| PB 0x0000000719400000| Untracked |  0
|  79|0x0000000719600000, 0x0000000719800000, 0x0000000719800000|100%| O|  |TAMS 0x0000000719600000| PB 0x0000000719600000| Untracked |  0
|  80|0x0000000719800000, 0x0000000719a00000, 0x0000000719a00000|100%| O|  |TAMS 0x0000000719800000| PB 0x0000000719800000| Untracked |  0
|  81|0x0000000719a00000, 0x0000000719c00000, 0x0000000719c00000|100%| O|  |TAMS 0x0000000719a00000| PB 0x0000000719a00000| Untracked |  0
|  82|0x0000000719c00000, 0x0000000719e00000, 0x0000000719e00000|100%| O|  |TAMS 0x0000000719c00000| PB 0x0000000719c00000| Untracked |  0
|  83|0x0000000719e00000, 0x000000071a000000, 0x000000071a000000|100%| O|  |TAMS 0x0000000719e00000| PB 0x0000000719e00000| Untracked |  0
|  84|0x000000071a000000, 0x000000071a200000, 0x000000071a200000|100%| O|  |TAMS 0x000000071a000000| PB 0x000000071a000000| Untracked |  0
|  85|0x000000071a200000, 0x000000071a400000, 0x000000071a400000|100%| O|  |TAMS 0x000000071a200000| PB 0x000000071a200000| Untracked |  0
|  86|0x000000071a400000, 0x000000071a600000, 0x000000071a600000|100%| O|  |TAMS 0x000000071a400000| PB 0x000000071a400000| Untracked |  0
|  87|0x000000071a600000, 0x000000071a800000, 0x000000071a800000|100%| O|  |TAMS 0x000000071a600000| PB 0x000000071a600000| Untracked |  0
|  88|0x000000071a800000, 0x000000071aa00000, 0x000000071aa00000|100%| O|  |TAMS 0x000000071a800000| PB 0x000000071a800000| Untracked |  0
|  89|0x000000071aa00000, 0x000000071ac00000, 0x000000071ac00000|100%| O|  |TAMS 0x000000071aa00000| PB 0x000000071aa00000| Untracked |  0
|  90|0x000000071ac00000, 0x000000071ae00000, 0x000000071ae00000|100%| O|  |TAMS 0x000000071ac00000| PB 0x000000071ac00000| Untracked |  0
|  91|0x000000071ae00000, 0x000000071b000000, 0x000000071b000000|100%| O|  |TAMS 0x000000071ae00000| PB 0x000000071ae00000| Untracked |  0
|  92|0x000000071b000000, 0x000000071b200000, 0x000000071b200000|100%| O|  |TAMS 0x000000071b000000| PB 0x000000071b000000| Untracked |  0
|  93|0x000000071b200000, 0x000000071b400000, 0x000000071b400000|100%| O|  |TAMS 0x000000071b200000| PB 0x000000071b200000| Untracked |  0
|  94|0x000000071b400000, 0x000000071b600000, 0x000000071b600000|100%| O|  |TAMS 0x000000071b400000| PB 0x000000071b400000| Untracked |  0
|  95|0x000000071b600000, 0x000000071b800000, 0x000000071b800000|100%| O|  |TAMS 0x000000071b600000| PB 0x000000071b600000| Untracked |  0
|  96|0x000000071b800000, 0x000000071ba00000, 0x000000071ba00000|100%| O|  |TAMS 0x000000071b800000| PB 0x000000071b800000| Untracked |  0
|  97|0x000000071ba00000, 0x000000071bc00000, 0x000000071bc00000|100%| O|  |TAMS 0x000000071ba00000| PB 0x000000071ba00000| Untracked |  0
|  98|0x000000071bc00000, 0x000000071be00000, 0x000000071be00000|100%| O|  |TAMS 0x000000071bc00000| PB 0x000000071bc00000| Untracked |  0
|  99|0x000000071be00000, 0x000000071c000000, 0x000000071c000000|100%| O|  |TAMS 0x000000071be00000| PB 0x000000071be00000| Untracked |  0
| 100|0x000000071c000000, 0x000000071c200000, 0x000000071c200000|100%| O|  |TAMS 0x000000071c000000| PB 0x000000071c000000| Untracked |  0
| 101|0x000000071c200000, 0x000000071c400000, 0x000000071c400000|100%| O|  |TAMS 0x000000071c200000| PB 0x000000071c200000| Untracked |  0
| 102|0x000000071c400000, 0x000000071c600000, 0x000000071c600000|100%| O|  |TAMS 0x000000071c400000| PB 0x000000071c400000| Untracked |  0
| 103|0x000000071c600000, 0x000000071c800000, 0x000000071c800000|100%| O|  |TAMS 0x000000071c600000| PB 0x000000071c600000| Untracked |  0
| 104|0x000000071c800000, 0x000000071ca00000, 0x000000071ca00000|100%| O|  |TAMS 0x000000071c800000| PB 0x000000071c800000| Untracked |  0
| 105|0x000000071ca00000, 0x000000071cc00000, 0x000000071cc00000|100%| O|  |TAMS 0x000000071ca00000| PB 0x000000071ca00000| Untracked |  0
| 106|0x000000071cc00000, 0x000000071ce00000, 0x000000071ce00000|100%| O|  |TAMS 0x000000071cc00000| PB 0x000000071cc00000| Untracked |  0
| 107|0x000000071ce00000, 0x000000071d000000, 0x000000071d000000|100%| O|  |TAMS 0x000000071ce00000| PB 0x000000071ce00000| Untracked |  0
| 108|0x000000071d000000, 0x000000071d200000, 0x000000071d200000|100%| O|  |TAMS 0x000000071d000000| PB 0x000000071d000000| Untracked |  0
| 109|0x000000071d200000, 0x000000071d400000, 0x000000071d400000|100%| O|  |TAMS 0x000000071d200000| PB 0x000000071d200000| Untracked |  0
| 110|0x000000071d400000, 0x000000071d600000, 0x000000071d600000|100%| O|  |TAMS 0x000000071d400000| PB 0x000000071d400000| Untracked |  0
| 111|0x000000071d600000, 0x000000071d800000, 0x000000071d800000|100%| O|  |TAMS 0x000000071d600000| PB 0x000000071d600000| Untracked |  0
| 112|0x000000071d800000, 0x000000071da00000, 0x000000071da00000|100%| O|  |TAMS 0x000000071d800000| PB 0x000000071d800000| Untracked |  0
| 113|0x000000071da00000, 0x000000071dc00000, 0x000000071dc00000|100%| O|  |TAMS 0x000000071da00000| PB 0x000000071da00000| Untracked |  0
| 114|0x000000071dc00000, 0x000000071de00000, 0x000000071de00000|100%| O|  |TAMS 0x000000071dc00000| PB 0x000000071dc00000| Untracked |  0
| 115|0x000000071de00000, 0x000000071e000000, 0x000000071e000000|100%| O|  |TAMS 0x000000071de00000| PB 0x000000071de00000| Untracked |  0
| 116|0x000000071e000000, 0x000000071e200000, 0x000000071e200000|100%| O|Cm|TAMS 0x000000071e000000| PB 0x000000071e000000| Complete |  0
| 117|0x000000071e200000, 0x000000071e400000, 0x000000071e400000|100%| O|  |TAMS 0x000000071e200000| PB 0x000000071e200000| Untracked |  0
| 118|0x000000071e400000, 0x000000071e600000, 0x000000071e600000|100%| O|  |TAMS 0x000000071e400000| PB 0x000000071e400000| Untracked |  0
| 119|0x000000071e600000, 0x000000071e800000, 0x000000071e800000|100%| O|  |TAMS 0x000000071e600000| PB 0x000000071e600000| Untracked |  0
| 120|0x000000071e800000, 0x000000071ea00000, 0x000000071ea00000|100%| O|  |TAMS 0x000000071e800000| PB 0x000000071e800000| Untracked |  0
| 121|0x000000071ea00000, 0x000000071ec00000, 0x000000071ec00000|100%| O|  |TAMS 0x000000071ea00000| PB 0x000000071ea00000| Untracked |  0
| 122|0x000000071ec00000, 0x000000071ee00000, 0x000000071ee00000|100%| O|  |TAMS 0x000000071ec00000| PB 0x000000071ec00000| Untracked |  0
| 123|0x000000071ee00000, 0x000000071f000000, 0x000000071f000000|100%| O|  |TAMS 0x000000071ee00000| PB 0x000000071ee00000| Untracked |  0
| 124|0x000000071f000000, 0x000000071f200000, 0x000000071f200000|100%| O|Cm|TAMS 0x000000071f000000| PB 0x000000071f000000| Complete |  0
| 125|0x000000071f200000, 0x000000071f400000, 0x000000071f400000|100%| O|  |TAMS 0x000000071f200000| PB 0x000000071f200000| Untracked |  0
| 126|0x000000071f400000, 0x000000071f600000, 0x000000071f600000|100%| O|  |TAMS 0x000000071f400000| PB 0x000000071f400000| Untracked |  0
| 127|0x000000071f600000, 0x000000071f800000, 0x000000071f800000|100%| O|  |TAMS 0x000000071f600000| PB 0x000000071f600000| Untracked |  0
| 128|0x000000071f800000, 0x000000071fa00000, 0x000000071fa00000|100%| O|Cm|TAMS 0x000000071f800000| PB 0x000000071f800000| Complete |  0
| 129|0x000000071fa00000, 0x000000071fc00000, 0x000000071fc00000|100%| O|  |TAMS 0x000000071fa00000| PB 0x000000071fa00000| Untracked |  0
| 130|0x000000071fc00000, 0x000000071fe00000, 0x000000071fe00000|100%| O|  |TAMS 0x000000071fc00000| PB 0x000000071fc00000| Untracked |  0
| 131|0x000000071fe00000, 0x0000000720000000, 0x0000000720000000|100%| O|  |TAMS 0x000000071fe00000| PB 0x000000071fe00000| Untracked |  0
| 132|0x0000000720000000, 0x0000000720200000, 0x0000000720200000|100%| O|  |TAMS 0x0000000720000000| PB 0x0000000720000000| Untracked |  0
| 133|0x0000000720200000, 0x0000000720400000, 0x0000000720400000|100%| O|  |TAMS 0x0000000720200000| PB 0x0000000720200000| Untracked |  0
| 134|0x0000000720400000, 0x0000000720600000, 0x0000000720600000|100%| O|  |TAMS 0x0000000720400000| PB 0x0000000720400000| Untracked |  0
| 135|0x0000000720600000, 0x0000000720800000, 0x0000000720800000|100%| O|  |TAMS 0x0000000720600000| PB 0x0000000720600000| Untracked |  0
| 136|0x0000000720800000, 0x0000000720a00000, 0x0000000720a00000|100%| O|  |TAMS 0x0000000720800000| PB 0x0000000720800000| Untracked |  0
| 137|0x0000000720a00000, 0x0000000720c00000, 0x0000000720c00000|100%| O|  |TAMS 0x0000000720a00000| PB 0x0000000720a00000| Untracked |  0
| 138|0x0000000720c00000, 0x0000000720e00000, 0x0000000720e00000|100%| O|  |TAMS 0x0000000720c00000| PB 0x0000000720c00000| Untracked |  0
| 139|0x0000000720e00000, 0x0000000721000000, 0x0000000721000000|100%| O|  |TAMS 0x0000000720e00000| PB 0x0000000720e00000| Untracked |  0
| 140|0x0000000721000000, 0x0000000721200000, 0x0000000721200000|100%| O|  |TAMS 0x0000000721000000| PB 0x0000000721000000| Untracked |  0
| 141|0x0000000721200000, 0x0000000721400000, 0x0000000721400000|100%| O|  |TAMS 0x0000000721200000| PB 0x0000000721200000| Untracked |  0
| 142|0x0000000721400000, 0x0000000721600000, 0x0000000721600000|100%| O|  |TAMS 0x0000000721400000| PB 0x0000000721400000| Untracked |  0
| 143|0x0000000721600000, 0x0000000721800000, 0x0000000721800000|100%| O|  |TAMS 0x0000000721600000| PB 0x0000000721600000| Untracked |  0
| 144|0x0000000721800000, 0x0000000721a00000, 0x0000000721a00000|100%| O|  |TAMS 0x0000000721800000| PB 0x0000000721800000| Untracked |  0
| 145|0x0000000721a00000, 0x0000000721c00000, 0x0000000721c00000|100%| O|  |TAMS 0x0000000721a00000| PB 0x0000000721a00000| Untracked |  0
| 146|0x0000000721c00000, 0x0000000721e00000, 0x0000000721e00000|100%| O|  |TAMS 0x0000000721c00000| PB 0x0000000721c00000| Untracked |  0
| 147|0x0000000721e00000, 0x0000000722000000, 0x0000000722000000|100%| O|  |TAMS 0x0000000721e00000| PB 0x0000000721e00000| Untracked |  0
| 148|0x0000000722000000, 0x0000000722200000, 0x0000000722200000|100%| O|Cm|TAMS 0x0000000722000000| PB 0x0000000722000000| Complete |  0
| 149|0x0000000722200000, 0x0000000722400000, 0x0000000722400000|100%| O|Cm|TAMS 0x0000000722200000| PB 0x0000000722200000| Complete |  0
| 150|0x0000000722400000, 0x0000000722600000, 0x0000000722600000|100%| O|  |TAMS 0x0000000722400000| PB 0x0000000722400000| Untracked |  0
| 151|0x0000000722600000, 0x0000000722800000, 0x0000000722800000|100%| O|Cm|TAMS 0x0000000722600000| PB 0x0000000722600000| Complete |  0
| 152|0x0000000722800000, 0x0000000722a00000, 0x0000000722a00000|100%| O|  |TAMS 0x0000000722800000| PB 0x0000000722800000| Untracked |  0
| 153|0x0000000722a00000, 0x0000000722c00000, 0x0000000722c00000|100%| O|  |TAMS 0x0000000722a00000| PB 0x0000000722a00000| Untracked |  0
| 154|0x0000000722c00000, 0x0000000722e00000, 0x0000000722e00000|100%| O|  |TAMS 0x0000000722c00000| PB 0x0000000722c00000| Untracked |  0
| 155|0x0000000722e00000, 0x0000000723000000, 0x0000000723000000|100%| O|  |TAMS 0x0000000722e00000| PB 0x0000000722e00000| Untracked |  0
| 156|0x0000000723000000, 0x0000000723200000, 0x0000000723200000|100%| O|  |TAMS 0x0000000723000000| PB 0x0000000723000000| Untracked |  0
| 157|0x0000000723200000, 0x0000000723400000, 0x0000000723400000|100%| O|  |TAMS 0x0000000723200000| PB 0x0000000723200000| Untracked |  0
| 158|0x0000000723400000, 0x0000000723600000, 0x0000000723600000|100%| O|  |TAMS 0x0000000723400000| PB 0x0000000723400000| Untracked |  0
| 159|0x0000000723600000, 0x0000000723800000, 0x0000000723800000|100%| O|  |TAMS 0x0000000723600000| PB 0x0000000723600000| Untracked |  0
| 160|0x0000000723800000, 0x0000000723a00000, 0x0000000723a00000|100%| O|  |TAMS 0x0000000723800000| PB 0x0000000723800000| Untracked |  0
| 161|0x0000000723a00000, 0x0000000723c00000, 0x0000000723c00000|100%| O|  |TAMS 0x0000000723a00000| PB 0x0000000723a00000| Untracked |  0
| 162|0x0000000723c00000, 0x0000000723e00000, 0x0000000723e00000|100%| O|  |TAMS 0x0000000723c00000| PB 0x0000000723c00000| Untracked |  0
| 163|0x0000000723e00000, 0x0000000724000000, 0x0000000724000000|100%| O|  |TAMS 0x0000000723e00000| PB 0x0000000723e00000| Untracked |  0
| 164|0x0000000724000000, 0x0000000724200000, 0x0000000724200000|100%| O|  |TAMS 0x0000000724000000| PB 0x0000000724000000| Untracked |  0
| 165|0x0000000724200000, 0x0000000724400000, 0x0000000724400000|100%| O|  |TAMS 0x0000000724200000| PB 0x0000000724200000| Untracked |  0
| 166|0x0000000724400000, 0x0000000724600000, 0x0000000724600000|100%| O|  |TAMS 0x0000000724400000| PB 0x0000000724400000| Untracked |  0
| 167|0x0000000724600000, 0x0000000724800000, 0x0000000724800000|100%| O|  |TAMS 0x0000000724600000| PB 0x0000000724600000| Untracked |  0
| 168|0x0000000724800000, 0x0000000724a00000, 0x0000000724a00000|100%| O|  |TAMS 0x0000000724800000| PB 0x0000000724800000| Untracked |  0
| 169|0x0000000724a00000, 0x0000000724c00000, 0x0000000724c00000|100%| O|  |TAMS 0x0000000724a00000| PB 0x0000000724a00000| Untracked |  0
| 170|0x0000000724c00000, 0x0000000724e00000, 0x0000000724e00000|100%|HS|  |TAMS 0x0000000724c00000| PB 0x0000000724c00000| Complete |  0
| 171|0x0000000724e00000, 0x0000000725000000, 0x0000000725000000|100%| O|  |TAMS 0x0000000724e00000| PB 0x0000000724e00000| Untracked |  0
| 172|0x0000000725000000, 0x0000000725200000, 0x0000000725200000|100%| O|  |TAMS 0x0000000725000000| PB 0x0000000725000000| Untracked |  0
| 173|0x0000000725200000, 0x0000000725400000, 0x0000000725400000|100%| O|  |TAMS 0x0000000725200000| PB 0x0000000725200000| Untracked |  0
| 174|0x0000000725400000, 0x0000000725600000, 0x0000000725600000|100%| O|  |TAMS 0x0000000725400000| PB 0x0000000725400000| Untracked |  0
| 175|0x0000000725600000, 0x0000000725800000, 0x0000000725800000|100%| O|Cm|TAMS 0x0000000725600000| PB 0x0000000725600000| Complete |  0
| 176|0x0000000725800000, 0x0000000725a00000, 0x0000000725a00000|100%| O|  |TAMS 0x0000000725800000| PB 0x0000000725800000| Untracked |  0
| 177|0x0000000725a00000, 0x0000000725c00000, 0x0000000725c00000|100%| O|  |TAMS 0x0000000725a00000| PB 0x0000000725a00000| Untracked |  0
| 178|0x0000000725c00000, 0x0000000725e00000, 0x0000000725e00000|100%| O|  |TAMS 0x0000000725c00000| PB 0x0000000725c00000| Untracked |  0
| 179|0x0000000725e00000, 0x0000000726000000, 0x0000000726000000|100%| O|  |TAMS 0x0000000725e00000| PB 0x0000000725e00000| Untracked |  0
| 180|0x0000000726000000, 0x0000000726200000, 0x0000000726200000|100%| O|Cm|TAMS 0x0000000726000000| PB 0x0000000726000000| Complete |  0
| 181|0x0000000726200000, 0x0000000726400000, 0x0000000726400000|100%| O|Cm|TAMS 0x0000000726200000| PB 0x0000000726200000| Complete |  0
| 182|0x0000000726400000, 0x0000000726600000, 0x0000000726600000|100%| O|  |TAMS 0x0000000726400000| PB 0x0000000726400000| Untracked |  0
| 183|0x0000000726600000, 0x0000000726800000, 0x0000000726800000|100%| O|  |TAMS 0x0000000726600000| PB 0x0000000726600000| Untracked |  0
| 184|0x0000000726800000, 0x0000000726a00000, 0x0000000726a00000|100%| O|  |TAMS 0x0000000726800000| PB 0x0000000726800000| Untracked |  0
| 185|0x0000000726a00000, 0x0000000726c00000, 0x0000000726c00000|100%| O|  |TAMS 0x0000000726a00000| PB 0x0000000726a00000| Untracked |  0
| 186|0x0000000726c00000, 0x0000000726e00000, 0x0000000726e00000|100%| O|  |TAMS 0x0000000726c00000| PB 0x0000000726c00000| Untracked |  0
| 187|0x0000000726e00000, 0x0000000727000000, 0x0000000727000000|100%| O|  |TAMS 0x0000000726e00000| PB 0x0000000726e00000| Untracked |  0
| 188|0x0000000727000000, 0x0000000727200000, 0x0000000727200000|100%| O|  |TAMS 0x0000000727000000| PB 0x0000000727000000| Untracked |  0
| 189|0x0000000727200000, 0x0000000727400000, 0x0000000727400000|100%| O|Cm|TAMS 0x0000000727200000| PB 0x0000000727200000| Complete |  0
| 190|0x0000000727400000, 0x0000000727600000, 0x0000000727600000|100%| O|  |TAMS 0x0000000727400000| PB 0x0000000727400000| Untracked |  0
| 191|0x0000000727600000, 0x0000000727800000, 0x0000000727800000|100%| O|  |TAMS 0x0000000727600000| PB 0x0000000727600000| Untracked |  0
| 192|0x0000000727800000, 0x0000000727a00000, 0x0000000727a00000|100%| O|  |TAMS 0x0000000727800000| PB 0x0000000727800000| Untracked |  0
| 193|0x0000000727a00000, 0x0000000727c00000, 0x0000000727c00000|100%| O|  |TAMS 0x0000000727a00000| PB 0x0000000727a00000| Untracked |  0
| 194|0x0000000727c00000, 0x0000000727e00000, 0x0000000727e00000|100%| O|  |TAMS 0x0000000727c00000| PB 0x0000000727c00000| Untracked |  0
| 195|0x0000000727e00000, 0x0000000728000000, 0x0000000728000000|100%| O|  |TAMS 0x0000000727e00000| PB 0x0000000727e00000| Untracked |  0
| 196|0x0000000728000000, 0x0000000728200000, 0x0000000728200000|100%| O|  |TAMS 0x0000000728000000| PB 0x0000000728000000| Untracked |  0
| 197|0x0000000728200000, 0x0000000728400000, 0x0000000728400000|100%| O|  |TAMS 0x0000000728200000| PB 0x0000000728200000| Untracked |  0
| 198|0x0000000728400000, 0x0000000728600000, 0x0000000728600000|100%| O|  |TAMS 0x0000000728400000| PB 0x0000000728400000| Untracked |  0
| 199|0x0000000728600000, 0x0000000728800000, 0x0000000728800000|100%| O|  |TAMS 0x0000000728600000| PB 0x0000000728600000| Untracked |  0
| 200|0x0000000728800000, 0x0000000728a00000, 0x0000000728a00000|100%| O|  |TAMS 0x0000000728800000| PB 0x0000000728800000| Untracked |  0
| 201|0x0000000728a00000, 0x0000000728c00000, 0x0000000728c00000|100%| O|  |TAMS 0x0000000728a00000| PB 0x0000000728a00000| Untracked |  0
| 202|0x0000000728c00000, 0x0000000728e00000, 0x0000000728e00000|100%| O|  |TAMS 0x0000000728c00000| PB 0x0000000728c00000| Untracked |  0
| 203|0x0000000728e00000, 0x0000000729000000, 0x0000000729000000|100%| O|Cm|TAMS 0x0000000728e00000| PB 0x0000000728e00000| Complete |  0
| 204|0x0000000729000000, 0x0000000729200000, 0x0000000729200000|100%| O|  |TAMS 0x0000000729000000| PB 0x0000000729000000| Untracked |  0
| 205|0x0000000729200000, 0x0000000729400000, 0x0000000729400000|100%| O|  |TAMS 0x0000000729200000| PB 0x0000000729200000| Untracked |  0
| 206|0x0000000729400000, 0x0000000729600000, 0x0000000729600000|100%| O|  |TAMS 0x0000000729400000| PB 0x0000000729400000| Untracked |  0
| 207|0x0000000729600000, 0x0000000729800000, 0x0000000729800000|100%| O|  |TAMS 0x0000000729600000| PB 0x0000000729600000| Untracked |  0
| 208|0x0000000729800000, 0x0000000729a00000, 0x0000000729a00000|100%| O|  |TAMS 0x0000000729800000| PB 0x0000000729800000| Untracked |  0
| 209|0x0000000729a00000, 0x0000000729c00000, 0x0000000729c00000|100%| O|  |TAMS 0x0000000729a00000| PB 0x0000000729a00000| Untracked |  0
| 210|0x0000000729c00000, 0x0000000729e00000, 0x0000000729e00000|100%| O|  |TAMS 0x0000000729c00000| PB 0x0000000729c00000| Untracked |  0
| 211|0x0000000729e00000, 0x000000072a000000, 0x000000072a000000|100%| O|  |TAMS 0x0000000729e00000| PB 0x0000000729e00000| Untracked |  0
| 212|0x000000072a000000, 0x000000072a200000, 0x000000072a200000|100%| O|  |TAMS 0x000000072a000000| PB 0x000000072a000000| Untracked |  0
| 213|0x000000072a200000, 0x000000072a400000, 0x000000072a400000|100%| O|  |TAMS 0x000000072a200000| PB 0x000000072a200000| Untracked |  0
| 214|0x000000072a400000, 0x000000072a600000, 0x000000072a600000|100%| O|  |TAMS 0x000000072a400000| PB 0x000000072a400000| Untracked |  0
| 215|0x000000072a600000, 0x000000072a800000, 0x000000072a800000|100%| O|  |TAMS 0x000000072a600000| PB 0x000000072a600000| Untracked |  0
| 216|0x000000072a800000, 0x000000072aa00000, 0x000000072aa00000|100%| O|  |TAMS 0x000000072a800000| PB 0x000000072a800000| Untracked |  0
| 217|0x000000072aa00000, 0x000000072ac00000, 0x000000072ac00000|100%| O|  |TAMS 0x000000072aa00000| PB 0x000000072aa00000| Untracked |  0
| 218|0x000000072ac00000, 0x000000072ae00000, 0x000000072ae00000|100%| O|  |TAMS 0x000000072ac00000| PB 0x000000072ac00000| Untracked |  0
| 219|0x000000072ae00000, 0x000000072b000000, 0x000000072b000000|100%| O|  |TAMS 0x000000072ae00000| PB 0x000000072ae00000| Untracked |  0
| 220|0x000000072b000000, 0x000000072b200000, 0x000000072b200000|100%| O|  |TAMS 0x000000072b000000| PB 0x000000072b000000| Untracked |  0
| 221|0x000000072b200000, 0x000000072b400000, 0x000000072b400000|100%| O|  |TAMS 0x000000072b200000| PB 0x000000072b200000| Untracked |  0
| 222|0x000000072b400000, 0x000000072b600000, 0x000000072b600000|100%| O|  |TAMS 0x000000072b400000| PB 0x000000072b400000| Untracked |  0
| 223|0x000000072b600000, 0x000000072b800000, 0x000000072b800000|100%| O|  |TAMS 0x000000072b600000| PB 0x000000072b600000| Untracked |  0
| 224|0x000000072b800000, 0x000000072ba00000, 0x000000072ba00000|100%| O|  |TAMS 0x000000072b800000| PB 0x000000072b800000| Untracked |  0
| 225|0x000000072ba00000, 0x000000072bc00000, 0x000000072bc00000|100%| O|  |TAMS 0x000000072ba00000| PB 0x000000072ba00000| Untracked |  0
| 226|0x000000072bc00000, 0x000000072be00000, 0x000000072be00000|100%| O|  |TAMS 0x000000072bc00000| PB 0x000000072bc00000| Untracked |  0
| 227|0x000000072be00000, 0x000000072c000000, 0x000000072c000000|100%| O|Cm|TAMS 0x000000072be00000| PB 0x000000072be00000| Complete |  0
| 228|0x000000072c000000, 0x000000072c200000, 0x000000072c200000|100%| O|  |TAMS 0x000000072c000000| PB 0x000000072c000000| Untracked |  0
| 229|0x000000072c200000, 0x000000072c400000, 0x000000072c400000|100%| O|  |TAMS 0x000000072c200000| PB 0x000000072c200000| Untracked |  0
| 230|0x000000072c400000, 0x000000072c600000, 0x000000072c600000|100%| O|  |TAMS 0x000000072c400000| PB 0x000000072c400000| Untracked |  0
| 231|0x000000072c600000, 0x000000072c800000, 0x000000072c800000|100%| O|  |TAMS 0x000000072c600000| PB 0x000000072c600000| Untracked |  0
| 232|0x000000072c800000, 0x000000072ca00000, 0x000000072ca00000|100%| O|  |TAMS 0x000000072c800000| PB 0x000000072c800000| Untracked |  0
| 233|0x000000072ca00000, 0x000000072cc00000, 0x000000072cc00000|100%| O|Cm|TAMS 0x000000072ca00000| PB 0x000000072ca00000| Complete |  0
| 234|0x000000072cc00000, 0x000000072ce00000, 0x000000072ce00000|100%| O|  |TAMS 0x000000072cc00000| PB 0x000000072cc00000| Untracked |  0
| 235|0x000000072ce00000, 0x000000072d000000, 0x000000072d000000|100%| O|  |TAMS 0x000000072ce00000| PB 0x000000072ce00000| Untracked |  0
| 236|0x000000072d000000, 0x000000072d200000, 0x000000072d200000|100%| O|  |TAMS 0x000000072d000000| PB 0x000000072d000000| Untracked |  0
| 237|0x000000072d200000, 0x000000072d400000, 0x000000072d400000|100%| O|  |TAMS 0x000000072d200000| PB 0x000000072d200000| Untracked |  0
| 238|0x000000072d400000, 0x000000072d600000, 0x000000072d600000|100%| O|  |TAMS 0x000000072d400000| PB 0x000000072d400000| Untracked |  0
| 239|0x000000072d600000, 0x000000072d800000, 0x000000072d800000|100%| O|  |TAMS 0x000000072d600000| PB 0x000000072d600000| Untracked |  0
| 240|0x000000072d800000, 0x000000072da00000, 0x000000072da00000|100%| O|  |TAMS 0x000000072d800000| PB 0x000000072d800000| Untracked |  0
| 241|0x000000072da00000, 0x000000072dc00000, 0x000000072dc00000|100%| O|  |TAMS 0x000000072da00000| PB 0x000000072da00000| Untracked |  0
| 242|0x000000072dc00000, 0x000000072de00000, 0x000000072de00000|100%| O|  |TAMS 0x000000072dc00000| PB 0x000000072dc00000| Untracked |  0
| 243|0x000000072de00000, 0x000000072e000000, 0x000000072e000000|100%| O|  |TAMS 0x000000072de00000| PB 0x000000072de00000| Untracked |  0
| 244|0x000000072e000000, 0x000000072e200000, 0x000000072e200000|100%| O|  |TAMS 0x000000072e000000| PB 0x000000072e000000| Untracked |  0
| 245|0x000000072e200000, 0x000000072e400000, 0x000000072e400000|100%| O|  |TAMS 0x000000072e200000| PB 0x000000072e200000| Untracked |  0
| 246|0x000000072e400000, 0x000000072e600000, 0x000000072e600000|100%| O|  |TAMS 0x000000072e400000| PB 0x000000072e400000| Untracked |  0
| 247|0x000000072e600000, 0x000000072e800000, 0x000000072e800000|100%| O|  |TAMS 0x000000072e600000| PB 0x000000072e600000| Untracked |  0
| 248|0x000000072e800000, 0x000000072e800000, 0x000000072ea00000|  0%| F|  |TAMS 0x000000072e800000| PB 0x000000072e800000| Untracked |  0
| 249|0x000000072ea00000, 0x000000072ea00000, 0x000000072ec00000|  0%| F|  |TAMS 0x000000072ea00000| PB 0x000000072ea00000| Untracked |  0
| 250|0x000000072ec00000, 0x000000072ec00000, 0x000000072ee00000|  0%| F|  |TAMS 0x000000072ec00000| PB 0x000000072ec00000| Untracked |  0
| 251|0x000000072ee00000, 0x000000072ee00000, 0x000000072f000000|  0%| F|  |TAMS 0x000000072ee00000| PB 0x000000072ee00000| Untracked |  0
| 252|0x000000072f000000, 0x000000072f200000, 0x000000072f200000|100%| O|  |TAMS 0x000000072f000000| PB 0x000000072f000000| Untracked |  0
| 253|0x000000072f200000, 0x000000072f400000, 0x000000072f400000|100%| O|  |TAMS 0x000000072f200000| PB 0x000000072f200000| Untracked |  0
| 254|0x000000072f400000, 0x000000072f600000, 0x000000072f600000|100%| O|  |TAMS 0x000000072f400000| PB 0x000000072f400000| Untracked |  0
| 255|0x000000072f600000, 0x000000072f800000, 0x000000072f800000|100%| O|  |TAMS 0x000000072f600000| PB 0x000000072f600000| Untracked |  0
| 256|0x000000072f800000, 0x000000072fa00000, 0x000000072fa00000|100%| O|  |TAMS 0x000000072f800000| PB 0x000000072f800000| Untracked |  0
| 257|0x000000072fa00000, 0x000000072fc00000, 0x000000072fc00000|100%| O|  |TAMS 0x000000072fa00000| PB 0x000000072fa00000| Untracked |  0
| 258|0x000000072fc00000, 0x000000072fe00000, 0x000000072fe00000|100%| O|  |TAMS 0x000000072fc00000| PB 0x000000072fc00000| Untracked |  0
| 259|0x000000072fe00000, 0x0000000730000000, 0x0000000730000000|100%| O|  |TAMS 0x000000072fe00000| PB 0x000000072fe00000| Untracked |  0
| 260|0x0000000730000000, 0x0000000730200000, 0x0000000730200000|100%| O|  |TAMS 0x0000000730000000| PB 0x0000000730000000| Untracked |  0
| 261|0x0000000730200000, 0x0000000730400000, 0x0000000730400000|100%| O|  |TAMS 0x0000000730200000| PB 0x0000000730200000| Untracked |  0
| 262|0x0000000730400000, 0x0000000730600000, 0x0000000730600000|100%| O|  |TAMS 0x0000000730400000| PB 0x0000000730400000| Untracked |  0
| 263|0x0000000730600000, 0x0000000730600000, 0x0000000730800000|  0%| F|  |TAMS 0x0000000730600000| PB 0x0000000730600000| Untracked |  0
| 264|0x0000000730800000, 0x0000000730800000, 0x0000000730a00000|  0%| F|  |TAMS 0x0000000730800000| PB 0x0000000730800000| Untracked |  0
| 265|0x0000000730a00000, 0x0000000730a00000, 0x0000000730c00000|  0%| F|  |TAMS 0x0000000730a00000| PB 0x0000000730a00000| Untracked |  0
| 266|0x0000000730c00000, 0x0000000730c00000, 0x0000000730e00000|  0%| F|  |TAMS 0x0000000730c00000| PB 0x0000000730c00000| Untracked |  0
| 267|0x0000000730e00000, 0x0000000731000000, 0x0000000731000000|100%| O|  |TAMS 0x0000000730e00000| PB 0x0000000730e00000| Untracked |  0
| 268|0x0000000731000000, 0x0000000731200000, 0x0000000731200000|100%| O|  |TAMS 0x0000000731000000| PB 0x0000000731000000| Untracked |  0
| 269|0x0000000731200000, 0x0000000731400000, 0x0000000731400000|100%| O|  |TAMS 0x0000000731200000| PB 0x0000000731200000| Untracked |  0
| 270|0x0000000731400000, 0x0000000731600000, 0x0000000731600000|100%| O|  |TAMS 0x0000000731400000| PB 0x0000000731400000| Untracked |  0
| 271|0x0000000731600000, 0x0000000731800000, 0x0000000731800000|100%| O|  |TAMS 0x0000000731600000| PB 0x0000000731600000| Untracked |  0
| 272|0x0000000731800000, 0x0000000731800000, 0x0000000731a00000|  0%| F|  |TAMS 0x0000000731800000| PB 0x0000000731800000| Untracked |  0
| 273|0x0000000731a00000, 0x0000000731a00000, 0x0000000731c00000|  0%| F|  |TAMS 0x0000000731a00000| PB 0x0000000731a00000| Untracked |  0
| 274|0x0000000731c00000, 0x0000000731c00000, 0x0000000731e00000|  0%| F|  |TAMS 0x0000000731c00000| PB 0x0000000731c00000| Untracked |  0
| 275|0x0000000731e00000, 0x0000000731e00000, 0x0000000732000000|  0%| F|  |TAMS 0x0000000731e00000| PB 0x0000000731e00000| Untracked |  0
| 276|0x0000000732000000, 0x0000000732000000, 0x0000000732200000|  0%| F|  |TAMS 0x0000000732000000| PB 0x0000000732000000| Untracked |  0
| 277|0x0000000732200000, 0x0000000732200000, 0x0000000732400000|  0%| F|  |TAMS 0x0000000732200000| PB 0x0000000732200000| Untracked |  0
| 278|0x0000000732400000, 0x0000000732400000, 0x0000000732600000|  0%| F|  |TAMS 0x0000000732400000| PB 0x0000000732400000| Untracked |  0
| 279|0x0000000732600000, 0x0000000732600000, 0x0000000732800000|  0%| F|  |TAMS 0x0000000732600000| PB 0x0000000732600000| Untracked |  0
| 280|0x0000000732800000, 0x0000000732800000, 0x0000000732a00000|  0%| F|  |TAMS 0x0000000732800000| PB 0x0000000732800000| Untracked |  0
| 281|0x0000000732a00000, 0x0000000732a00000, 0x0000000732c00000|  0%| F|  |TAMS 0x0000000732a00000| PB 0x0000000732a00000| Untracked |  0
| 282|0x0000000732c00000, 0x0000000732c00000, 0x0000000732e00000|  0%| F|  |TAMS 0x0000000732c00000| PB 0x0000000732c00000| Untracked |  0
| 283|0x0000000732e00000, 0x0000000732e00000, 0x0000000733000000|  0%| F|  |TAMS 0x0000000732e00000| PB 0x0000000732e00000| Untracked |  0
| 284|0x0000000733000000, 0x0000000733000000, 0x0000000733200000|  0%| F|  |TAMS 0x0000000733000000| PB 0x0000000733000000| Untracked |  0
| 285|0x0000000733200000, 0x0000000733200000, 0x0000000733400000|  0%| F|  |TAMS 0x0000000733200000| PB 0x0000000733200000| Untracked |  0
| 286|0x0000000733400000, 0x0000000733600000, 0x0000000733600000|100%| O|  |TAMS 0x0000000733400000| PB 0x0000000733400000| Untracked |  0
| 287|0x0000000733600000, 0x0000000733800000, 0x0000000733800000|100%| O|  |TAMS 0x0000000733600000| PB 0x0000000733600000| Untracked |  0
| 288|0x0000000733800000, 0x0000000733a00000, 0x0000000733a00000|100%| O|  |TAMS 0x0000000733800000| PB 0x0000000733800000| Untracked |  0
| 289|0x0000000733a00000, 0x0000000733c00000, 0x0000000733c00000|100%| O|  |TAMS 0x0000000733a00000| PB 0x0000000733a00000| Untracked |  0
| 290|0x0000000733c00000, 0x0000000733e00000, 0x0000000733e00000|100%| O|  |TAMS 0x0000000733c00000| PB 0x0000000733c00000| Untracked |  0
| 291|0x0000000733e00000, 0x0000000734000000, 0x0000000734000000|100%| S|CS|TAMS 0x0000000733e00000| PB 0x0000000733e00000| Complete |  0
| 292|0x0000000734000000, 0x0000000734200000, 0x0000000734200000|100%| S|CS|TAMS 0x0000000734000000| PB 0x0000000734000000| Complete |  0
| 293|0x0000000734200000, 0x0000000734400000, 0x0000000734400000|100%| S|CS|TAMS 0x0000000734200000| PB 0x0000000734200000| Complete |  0
| 294|0x0000000734400000, 0x0000000734600000, 0x0000000734600000|100%| S|CS|TAMS 0x0000000734400000| PB 0x0000000734400000| Complete |  0
| 295|0x0000000734600000, 0x0000000734800000, 0x0000000734800000|100%| S|CS|TAMS 0x0000000734600000| PB 0x0000000734600000| Complete |  0
| 296|0x0000000734800000, 0x0000000734a00000, 0x0000000734a00000|100%| S|CS|TAMS 0x0000000734800000| PB 0x0000000734800000| Complete |  0
| 297|0x0000000734a00000, 0x0000000734c00000, 0x0000000734c00000|100%| S|CS|TAMS 0x0000000734a00000| PB 0x0000000734a00000| Complete |  0
| 298|0x0000000734c00000, 0x0000000734e00000, 0x0000000734e00000|100%| S|CS|TAMS 0x0000000734c00000| PB 0x0000000734c00000| Complete |  0
| 299|0x0000000734e00000, 0x0000000735000000, 0x0000000735000000|100%| S|CS|TAMS 0x0000000734e00000| PB 0x0000000734e00000| Complete |  0
| 300|0x0000000735000000, 0x0000000735200000, 0x0000000735200000|100%| S|CS|TAMS 0x0000000735000000| PB 0x0000000735000000| Complete |  0
| 301|0x0000000735200000, 0x0000000735400000, 0x0000000735400000|100%| S|CS|TAMS 0x0000000735200000| PB 0x0000000735200000| Complete |  0
| 302|0x0000000735400000, 0x0000000735600000, 0x0000000735600000|100%| S|CS|TAMS 0x0000000735400000| PB 0x0000000735400000| Complete |  0
| 303|0x0000000735600000, 0x0000000735600000, 0x0000000735800000|  0%| F|  |TAMS 0x0000000735600000| PB 0x0000000735600000| Untracked |  0
| 304|0x0000000735800000, 0x0000000735800000, 0x0000000735a00000|  0%| F|  |TAMS 0x0000000735800000| PB 0x0000000735800000| Untracked |  0
| 305|0x0000000735a00000, 0x0000000735a00000, 0x0000000735c00000|  0%| F|  |TAMS 0x0000000735a00000| PB 0x0000000735a00000| Untracked |  0
| 306|0x0000000735c00000, 0x0000000735c00000, 0x0000000735e00000|  0%| F|  |TAMS 0x0000000735c00000| PB 0x0000000735c00000| Untracked |  0
| 307|0x0000000735e00000, 0x0000000735e00000, 0x0000000736000000|  0%| F|  |TAMS 0x0000000735e00000| PB 0x0000000735e00000| Untracked |  0
| 308|0x0000000736000000, 0x0000000736000000, 0x0000000736200000|  0%| F|  |TAMS 0x0000000736000000| PB 0x0000000736000000| Untracked |  0
| 309|0x0000000736200000, 0x0000000736200000, 0x0000000736400000|  0%| F|  |TAMS 0x0000000736200000| PB 0x0000000736200000| Untracked |  0
| 310|0x0000000736400000, 0x0000000736400000, 0x0000000736600000|  0%| F|  |TAMS 0x0000000736400000| PB 0x0000000736400000| Untracked |  0
| 311|0x0000000736600000, 0x0000000736600000, 0x0000000736800000|  0%| F|  |TAMS 0x0000000736600000| PB 0x0000000736600000| Untracked |  0
| 312|0x0000000736800000, 0x0000000736800000, 0x0000000736a00000|  0%| F|  |TAMS 0x0000000736800000| PB 0x0000000736800000| Untracked |  0
| 313|0x0000000736a00000, 0x0000000736a00000, 0x0000000736c00000|  0%| F|  |TAMS 0x0000000736a00000| PB 0x0000000736a00000| Untracked |  0
| 314|0x0000000736c00000, 0x0000000736c00000, 0x0000000736e00000|  0%| F|  |TAMS 0x0000000736c00000| PB 0x0000000736c00000| Untracked |  0
| 315|0x0000000736e00000, 0x0000000736e00000, 0x0000000737000000|  0%| F|  |TAMS 0x0000000736e00000| PB 0x0000000736e00000| Untracked |  0
| 316|0x0000000737000000, 0x0000000737000000, 0x0000000737200000|  0%| F|  |TAMS 0x0000000737000000| PB 0x0000000737000000| Untracked |  0
| 317|0x0000000737200000, 0x0000000737200000, 0x0000000737400000|  0%| F|  |TAMS 0x0000000737200000| PB 0x0000000737200000| Untracked |  0
| 318|0x0000000737400000, 0x0000000737400000, 0x0000000737600000|  0%| F|  |TAMS 0x0000000737400000| PB 0x0000000737400000| Untracked |  0
| 319|0x0000000737600000, 0x0000000737600000, 0x0000000737800000|  0%| F|  |TAMS 0x0000000737600000| PB 0x0000000737600000| Untracked |  0
| 320|0x0000000737800000, 0x0000000737800000, 0x0000000737a00000|  0%| F|  |TAMS 0x0000000737800000| PB 0x0000000737800000| Untracked |  0
| 321|0x0000000737a00000, 0x0000000737a00000, 0x0000000737c00000|  0%| F|  |TAMS 0x0000000737a00000| PB 0x0000000737a00000| Untracked |  0
| 322|0x0000000737c00000, 0x0000000737c00000, 0x0000000737e00000|  0%| F|  |TAMS 0x0000000737c00000| PB 0x0000000737c00000| Untracked |  0
| 323|0x0000000737e00000, 0x0000000737e00000, 0x0000000738000000|  0%| F|  |TAMS 0x0000000737e00000| PB 0x0000000737e00000| Untracked |  0
| 324|0x0000000738000000, 0x0000000738000000, 0x0000000738200000|  0%| F|  |TAMS 0x0000000738000000| PB 0x0000000738000000| Untracked |  0
| 325|0x0000000738200000, 0x0000000738200000, 0x0000000738400000|  0%| F|  |TAMS 0x0000000738200000| PB 0x0000000738200000| Untracked |  0
| 326|0x0000000738400000, 0x0000000738400000, 0x0000000738600000|  0%| F|  |TAMS 0x0000000738400000| PB 0x0000000738400000| Untracked |  0
| 327|0x0000000738600000, 0x0000000738600000, 0x0000000738800000|  0%| F|  |TAMS 0x0000000738600000| PB 0x0000000738600000| Untracked |  0
| 328|0x0000000738800000, 0x0000000738800000, 0x0000000738a00000|  0%| F|  |TAMS 0x0000000738800000| PB 0x0000000738800000| Untracked |  0
| 329|0x0000000738a00000, 0x0000000738a00000, 0x0000000738c00000|  0%| F|  |TAMS 0x0000000738a00000| PB 0x0000000738a00000| Untracked |  0
| 330|0x0000000738c00000, 0x0000000738c00000, 0x0000000738e00000|  0%| F|  |TAMS 0x0000000738c00000| PB 0x0000000738c00000| Untracked |  0
| 331|0x0000000738e00000, 0x0000000738e00000, 0x0000000739000000|  0%| F|  |TAMS 0x0000000738e00000| PB 0x0000000738e00000| Untracked |  0
| 332|0x0000000739000000, 0x0000000739000000, 0x0000000739200000|  0%| F|  |TAMS 0x0000000739000000| PB 0x0000000739000000| Untracked |  0
| 333|0x0000000739200000, 0x0000000739200000, 0x0000000739400000|  0%| F|  |TAMS 0x0000000739200000| PB 0x0000000739200000| Untracked |  0
| 334|0x0000000739400000, 0x0000000739400000, 0x0000000739600000|  0%| F|  |TAMS 0x0000000739400000| PB 0x0000000739400000| Untracked |  0
| 335|0x0000000739600000, 0x0000000739600000, 0x0000000739800000|  0%| F|  |TAMS 0x0000000739600000| PB 0x0000000739600000| Untracked |  0
| 336|0x0000000739800000, 0x0000000739800000, 0x0000000739a00000|  0%| F|  |TAMS 0x0000000739800000| PB 0x0000000739800000| Untracked |  0
| 337|0x0000000739a00000, 0x0000000739a00000, 0x0000000739c00000|  0%| F|  |TAMS 0x0000000739a00000| PB 0x0000000739a00000| Untracked |  0
| 338|0x0000000739c00000, 0x0000000739c00000, 0x0000000739e00000|  0%| F|  |TAMS 0x0000000739c00000| PB 0x0000000739c00000| Untracked |  0
| 339|0x0000000739e00000, 0x0000000739e00000, 0x000000073a000000|  0%| F|  |TAMS 0x0000000739e00000| PB 0x0000000739e00000| Untracked |  0
| 340|0x000000073a000000, 0x000000073a000000, 0x000000073a200000|  0%| F|  |TAMS 0x000000073a000000| PB 0x000000073a000000| Untracked |  0
| 341|0x000000073a200000, 0x000000073a200000, 0x000000073a400000|  0%| F|  |TAMS 0x000000073a200000| PB 0x000000073a200000| Untracked |  0
| 342|0x000000073a400000, 0x000000073a400000, 0x000000073a600000|  0%| F|  |TAMS 0x000000073a400000| PB 0x000000073a400000| Untracked |  0
| 343|0x000000073a600000, 0x000000073a600000, 0x000000073a800000|  0%| F|  |TAMS 0x000000073a600000| PB 0x000000073a600000| Untracked |  0
| 344|0x000000073a800000, 0x000000073a800000, 0x000000073aa00000|  0%| F|  |TAMS 0x000000073a800000| PB 0x000000073a800000| Untracked |  0
| 345|0x000000073aa00000, 0x000000073aa00000, 0x000000073ac00000|  0%| F|  |TAMS 0x000000073aa00000| PB 0x000000073aa00000| Untracked |  0
| 346|0x000000073ac00000, 0x000000073ac00000, 0x000000073ae00000|  0%| F|  |TAMS 0x000000073ac00000| PB 0x000000073ac00000| Untracked |  0
| 347|0x000000073ae00000, 0x000000073ae00000, 0x000000073b000000|  0%| F|  |TAMS 0x000000073ae00000| PB 0x000000073ae00000| Untracked |  0
| 348|0x000000073b000000, 0x000000073b000000, 0x000000073b200000|  0%| F|  |TAMS 0x000000073b000000| PB 0x000000073b000000| Untracked |  0
| 349|0x000000073b200000, 0x000000073b200000, 0x000000073b400000|  0%| F|  |TAMS 0x000000073b200000| PB 0x000000073b200000| Untracked |  0
| 350|0x000000073b400000, 0x000000073b400000, 0x000000073b600000|  0%| F|  |TAMS 0x000000073b400000| PB 0x000000073b400000| Untracked |  0
| 351|0x000000073b600000, 0x000000073b600000, 0x000000073b800000|  0%| F|  |TAMS 0x000000073b600000| PB 0x000000073b600000| Untracked |  0
| 352|0x000000073b800000, 0x000000073b800000, 0x000000073ba00000|  0%| F|  |TAMS 0x000000073b800000| PB 0x000000073b800000| Untracked |  0
| 353|0x000000073ba00000, 0x000000073ba00000, 0x000000073bc00000|  0%| F|  |TAMS 0x000000073ba00000| PB 0x000000073ba00000| Untracked |  0
| 354|0x000000073bc00000, 0x000000073bc00000, 0x000000073be00000|  0%| F|  |TAMS 0x000000073bc00000| PB 0x000000073bc00000| Untracked |  0
| 355|0x000000073be00000, 0x000000073be00000, 0x000000073c000000|  0%| F|  |TAMS 0x000000073be00000| PB 0x000000073be00000| Untracked |  0
| 356|0x000000073c000000, 0x000000073c000000, 0x000000073c200000|  0%| F|  |TAMS 0x000000073c000000| PB 0x000000073c000000| Untracked |  0
| 357|0x000000073c200000, 0x000000073c200000, 0x000000073c400000|  0%| F|  |TAMS 0x000000073c200000| PB 0x000000073c200000| Untracked |  0
| 358|0x000000073c400000, 0x000000073c400000, 0x000000073c600000|  0%| F|  |TAMS 0x000000073c400000| PB 0x000000073c400000| Untracked |  0
| 359|0x000000073c600000, 0x000000073c600000, 0x000000073c800000|  0%| F|  |TAMS 0x000000073c600000| PB 0x000000073c600000| Untracked |  0
| 360|0x000000073c800000, 0x000000073c800000, 0x000000073ca00000|  0%| F|  |TAMS 0x000000073c800000| PB 0x000000073c800000| Untracked |  0
| 361|0x000000073ca00000, 0x000000073ca00000, 0x000000073cc00000|  0%| F|  |TAMS 0x000000073ca00000| PB 0x000000073ca00000| Untracked |  0
| 362|0x000000073cc00000, 0x000000073cc00000, 0x000000073ce00000|  0%| F|  |TAMS 0x000000073cc00000| PB 0x000000073cc00000| Untracked |  0
| 363|0x000000073ce00000, 0x000000073ce00000, 0x000000073d000000|  0%| F|  |TAMS 0x000000073ce00000| PB 0x000000073ce00000| Untracked |  0
| 364|0x000000073d000000, 0x000000073d000000, 0x000000073d200000|  0%| F|  |TAMS 0x000000073d000000| PB 0x000000073d000000| Untracked |  0
| 365|0x000000073d200000, 0x000000073d200000, 0x000000073d400000|  0%| F|  |TAMS 0x000000073d200000| PB 0x000000073d200000| Untracked |  0
| 366|0x000000073d400000, 0x000000073d400000, 0x000000073d600000|  0%| F|  |TAMS 0x000000073d400000| PB 0x000000073d400000| Untracked |  0
| 367|0x000000073d600000, 0x000000073d600000, 0x000000073d800000|  0%| F|  |TAMS 0x000000073d600000| PB 0x000000073d600000| Untracked |  0
| 368|0x000000073d800000, 0x000000073d800000, 0x000000073da00000|  0%| F|  |TAMS 0x000000073d800000| PB 0x000000073d800000| Untracked |  0
| 369|0x000000073da00000, 0x000000073da00000, 0x000000073dc00000|  0%| F|  |TAMS 0x000000073da00000| PB 0x000000073da00000| Untracked |  0
| 370|0x000000073dc00000, 0x000000073dc00000, 0x000000073de00000|  0%| F|  |TAMS 0x000000073dc00000| PB 0x000000073dc00000| Untracked |  0
| 371|0x000000073de00000, 0x000000073de00000, 0x000000073e000000|  0%| F|  |TAMS 0x000000073de00000| PB 0x000000073de00000| Untracked |  0
| 372|0x000000073e000000, 0x000000073e000000, 0x000000073e200000|  0%| F|  |TAMS 0x000000073e000000| PB 0x000000073e000000| Untracked |  0
| 373|0x000000073e200000, 0x000000073e200000, 0x000000073e400000|  0%| F|  |TAMS 0x000000073e200000| PB 0x000000073e200000| Untracked |  0
| 374|0x000000073e400000, 0x000000073e400000, 0x000000073e600000|  0%| F|  |TAMS 0x000000073e400000| PB 0x000000073e400000| Untracked |  0
| 375|0x000000073e600000, 0x000000073e600000, 0x000000073e800000|  0%| F|  |TAMS 0x000000073e600000| PB 0x000000073e600000| Untracked |  0
| 376|0x000000073e800000, 0x000000073e800000, 0x000000073ea00000|  0%| F|  |TAMS 0x000000073e800000| PB 0x000000073e800000| Untracked |  0
| 377|0x000000073ea00000, 0x000000073ea00000, 0x000000073ec00000|  0%| F|  |TAMS 0x000000073ea00000| PB 0x000000073ea00000| Untracked |  0
| 378|0x000000073ec00000, 0x000000073ec00000, 0x000000073ee00000|  0%| F|  |TAMS 0x000000073ec00000| PB 0x000000073ec00000| Untracked |  0
| 379|0x000000073ee00000, 0x000000073ee00000, 0x000000073f000000|  0%| F|  |TAMS 0x000000073ee00000| PB 0x000000073ee00000| Untracked |  0
| 380|0x000000073f000000, 0x000000073f000000, 0x000000073f200000|  0%| F|  |TAMS 0x000000073f000000| PB 0x000000073f000000| Untracked |  0
| 381|0x000000073f200000, 0x000000073f200000, 0x000000073f400000|  0%| F|  |TAMS 0x000000073f200000| PB 0x000000073f200000| Untracked |  0
| 382|0x000000073f400000, 0x000000073f400000, 0x000000073f600000|  0%| F|  |TAMS 0x000000073f400000| PB 0x000000073f400000| Untracked |  0
| 383|0x000000073f600000, 0x000000073f600000, 0x000000073f800000|  0%| F|  |TAMS 0x000000073f600000| PB 0x000000073f600000| Untracked |  0
| 384|0x000000073f800000, 0x000000073f800000, 0x000000073fa00000|  0%| F|  |TAMS 0x000000073f800000| PB 0x000000073f800000| Untracked |  0
| 385|0x000000073fa00000, 0x000000073fa00000, 0x000000073fc00000|  0%| F|  |TAMS 0x000000073fa00000| PB 0x000000073fa00000| Untracked |  0
| 386|0x000000073fc00000, 0x000000073fc00000, 0x000000073fe00000|  0%| F|  |TAMS 0x000000073fc00000| PB 0x000000073fc00000| Untracked |  0
| 387|0x000000073fe00000, 0x000000073fe00000, 0x0000000740000000|  0%| F|  |TAMS 0x000000073fe00000| PB 0x000000073fe00000| Untracked |  0
| 388|0x0000000740000000, 0x0000000740000000, 0x0000000740200000|  0%| F|  |TAMS 0x0000000740000000| PB 0x0000000740000000| Untracked |  0
| 389|0x0000000740200000, 0x0000000740200000, 0x0000000740400000|  0%| F|  |TAMS 0x0000000740200000| PB 0x0000000740200000| Untracked |  0
| 390|0x0000000740400000, 0x0000000740400000, 0x0000000740600000|  0%| F|  |TAMS 0x0000000740400000| PB 0x0000000740400000| Untracked |  0
| 391|0x0000000740600000, 0x0000000740600000, 0x0000000740800000|  0%| F|  |TAMS 0x0000000740600000| PB 0x0000000740600000| Untracked |  0
| 392|0x0000000740800000, 0x0000000740800000, 0x0000000740a00000|  0%| F|  |TAMS 0x0000000740800000| PB 0x0000000740800000| Untracked |  0
| 393|0x0000000740a00000, 0x0000000740a00000, 0x0000000740c00000|  0%| F|  |TAMS 0x0000000740a00000| PB 0x0000000740a00000| Untracked |  0
| 394|0x0000000740c00000, 0x0000000740c00000, 0x0000000740e00000|  0%| F|  |TAMS 0x0000000740c00000| PB 0x0000000740c00000| Untracked |  0
| 395|0x0000000740e00000, 0x0000000740e00000, 0x0000000741000000|  0%| F|  |TAMS 0x0000000740e00000| PB 0x0000000740e00000| Untracked |  0
| 396|0x0000000741000000, 0x0000000741000000, 0x0000000741200000|  0%| F|  |TAMS 0x0000000741000000| PB 0x0000000741000000| Untracked |  0
| 397|0x0000000741200000, 0x0000000741200000, 0x0000000741400000|  0%| F|  |TAMS 0x0000000741200000| PB 0x0000000741200000| Untracked |  0
| 398|0x0000000741400000, 0x0000000741400000, 0x0000000741600000|  0%| F|  |TAMS 0x0000000741400000| PB 0x0000000741400000| Untracked |  0
| 399|0x0000000741600000, 0x0000000741600000, 0x0000000741800000|  0%| F|  |TAMS 0x0000000741600000| PB 0x0000000741600000| Untracked |  0
| 400|0x0000000741800000, 0x0000000741800000, 0x0000000741a00000|  0%| F|  |TAMS 0x0000000741800000| PB 0x0000000741800000| Untracked |  0
| 401|0x0000000741a00000, 0x0000000741a00000, 0x0000000741c00000|  0%| F|  |TAMS 0x0000000741a00000| PB 0x0000000741a00000| Untracked |  0
| 402|0x0000000741c00000, 0x0000000741c00000, 0x0000000741e00000|  0%| F|  |TAMS 0x0000000741c00000| PB 0x0000000741c00000| Untracked |  0
| 403|0x0000000741e00000, 0x0000000741e00000, 0x0000000742000000|  0%| F|  |TAMS 0x0000000741e00000| PB 0x0000000741e00000| Untracked |  0
| 404|0x0000000742000000, 0x0000000742000000, 0x0000000742200000|  0%| F|  |TAMS 0x0000000742000000| PB 0x0000000742000000| Untracked |  0
| 405|0x0000000742200000, 0x0000000742200000, 0x0000000742400000|  0%| F|  |TAMS 0x0000000742200000| PB 0x0000000742200000| Untracked |  0
| 406|0x0000000742400000, 0x0000000742400000, 0x0000000742600000|  0%| F|  |TAMS 0x0000000742400000| PB 0x0000000742400000| Untracked |  0
| 407|0x0000000742600000, 0x0000000742600000, 0x0000000742800000|  0%| F|  |TAMS 0x0000000742600000| PB 0x0000000742600000| Untracked |  0
| 408|0x0000000742800000, 0x0000000742800000, 0x0000000742a00000|  0%| F|  |TAMS 0x0000000742800000| PB 0x0000000742800000| Untracked |  0
| 409|0x0000000742a00000, 0x0000000742a00000, 0x0000000742c00000|  0%| F|  |TAMS 0x0000000742a00000| PB 0x0000000742a00000| Untracked |  0
| 410|0x0000000742c00000, 0x0000000742c00000, 0x0000000742e00000|  0%| F|  |TAMS 0x0000000742c00000| PB 0x0000000742c00000| Untracked |  0
| 411|0x0000000742e00000, 0x0000000742e00000, 0x0000000743000000|  0%| F|  |TAMS 0x0000000742e00000| PB 0x0000000742e00000| Untracked |  0
| 412|0x0000000743000000, 0x0000000743000000, 0x0000000743200000|  0%| F|  |TAMS 0x0000000743000000| PB 0x0000000743000000| Untracked |  0
| 413|0x0000000743200000, 0x0000000743200000, 0x0000000743400000|  0%| F|  |TAMS 0x0000000743200000| PB 0x0000000743200000| Untracked |  0
| 414|0x0000000743400000, 0x0000000743400000, 0x0000000743600000|  0%| F|  |TAMS 0x0000000743400000| PB 0x0000000743400000| Untracked |  0
| 415|0x0000000743600000, 0x0000000743600000, 0x0000000743800000|  0%| F|  |TAMS 0x0000000743600000| PB 0x0000000743600000| Untracked |  0
| 416|0x0000000743800000, 0x0000000743800000, 0x0000000743a00000|  0%| F|  |TAMS 0x0000000743800000| PB 0x0000000743800000| Untracked |  0
| 417|0x0000000743a00000, 0x0000000743a00000, 0x0000000743c00000|  0%| F|  |TAMS 0x0000000743a00000| PB 0x0000000743a00000| Untracked |  0
| 418|0x0000000743c00000, 0x0000000743c00000, 0x0000000743e00000|  0%| F|  |TAMS 0x0000000743c00000| PB 0x0000000743c00000| Untracked |  0
| 419|0x0000000743e00000, 0x0000000743e00000, 0x0000000744000000|  0%| F|  |TAMS 0x0000000743e00000| PB 0x0000000743e00000| Untracked |  0
| 420|0x0000000744000000, 0x00000007441c1728, 0x0000000744200000| 87%| E|  |TAMS 0x0000000744000000| PB 0x0000000744000000| Complete |  0
| 421|0x0000000744200000, 0x0000000744400000, 0x0000000744400000|100%| E|CS|TAMS 0x0000000744200000| PB 0x0000000744200000| Complete |  0
| 422|0x0000000744400000, 0x0000000744600000, 0x0000000744600000|100%| E|CS|TAMS 0x0000000744400000| PB 0x0000000744400000| Complete |  0
| 423|0x0000000744600000, 0x0000000744800000, 0x0000000744800000|100%| E|CS|TAMS 0x0000000744600000| PB 0x0000000744600000| Complete |  0
| 424|0x0000000744800000, 0x0000000744a00000, 0x0000000744a00000|100%| E|CS|TAMS 0x0000000744800000| PB 0x0000000744800000| Complete |  0
| 425|0x0000000744a00000, 0x0000000744c00000, 0x0000000744c00000|100%| E|  |TAMS 0x0000000744a00000| PB 0x0000000744a00000| Complete |  0
| 426|0x0000000744c00000, 0x0000000744e00000, 0x0000000744e00000|100%| E|CS|TAMS 0x0000000744c00000| PB 0x0000000744c00000| Complete |  0
| 427|0x0000000744e00000, 0x0000000745000000, 0x0000000745000000|100%| E|CS|TAMS 0x0000000744e00000| PB 0x0000000744e00000| Complete |  0
| 428|0x0000000745000000, 0x0000000745200000, 0x0000000745200000|100%| E|CS|TAMS 0x0000000745000000| PB 0x0000000745000000| Complete |  0
| 429|0x0000000745200000, 0x0000000745400000, 0x0000000745400000|100%| E|CS|TAMS 0x0000000745200000| PB 0x0000000745200000| Complete |  0
| 430|0x0000000745400000, 0x0000000745600000, 0x0000000745600000|100%| E|CS|TAMS 0x0000000745400000| PB 0x0000000745400000| Complete |  0
| 431|0x0000000745600000, 0x0000000745800000, 0x0000000745800000|100%| E|CS|TAMS 0x0000000745600000| PB 0x0000000745600000| Complete |  0
| 432|0x0000000745800000, 0x0000000745a00000, 0x0000000745a00000|100%| E|CS|TAMS 0x0000000745800000| PB 0x0000000745800000| Complete |  0
| 433|0x0000000745a00000, 0x0000000745c00000, 0x0000000745c00000|100%| E|CS|TAMS 0x0000000745a00000| PB 0x0000000745a00000| Complete |  0
| 434|0x0000000745c00000, 0x0000000745e00000, 0x0000000745e00000|100%| E|CS|TAMS 0x0000000745c00000| PB 0x0000000745c00000| Complete |  0
| 435|0x0000000745e00000, 0x0000000746000000, 0x0000000746000000|100%| E|CS|TAMS 0x0000000745e00000| PB 0x0000000745e00000| Complete |  0
| 436|0x0000000746000000, 0x0000000746200000, 0x0000000746200000|100%| E|CS|TAMS 0x0000000746000000| PB 0x0000000746000000| Complete |  0
| 437|0x0000000746200000, 0x0000000746400000, 0x0000000746400000|100%| E|CS|TAMS 0x0000000746200000| PB 0x0000000746200000| Complete |  0
| 438|0x0000000746400000, 0x0000000746600000, 0x0000000746600000|100%| E|CS|TAMS 0x0000000746400000| PB 0x0000000746400000| Complete |  0
| 439|0x0000000746600000, 0x0000000746800000, 0x0000000746800000|100%| E|CS|TAMS 0x0000000746600000| PB 0x0000000746600000| Complete |  0
| 440|0x0000000746800000, 0x0000000746a00000, 0x0000000746a00000|100%| E|CS|TAMS 0x0000000746800000| PB 0x0000000746800000| Complete |  0
| 441|0x0000000746a00000, 0x0000000746c00000, 0x0000000746c00000|100%| E|CS|TAMS 0x0000000746a00000| PB 0x0000000746a00000| Complete |  0
| 442|0x0000000746c00000, 0x0000000746e00000, 0x0000000746e00000|100%| E|CS|TAMS 0x0000000746c00000| PB 0x0000000746c00000| Complete |  0
| 443|0x0000000746e00000, 0x0000000747000000, 0x0000000747000000|100%| E|CS|TAMS 0x0000000746e00000| PB 0x0000000746e00000| Complete |  0
| 444|0x0000000747000000, 0x00000007471ffff8, 0x0000000747200000| 99%| E|CS|TAMS 0x0000000747000000| PB 0x0000000747000000| Complete |  0
| 445|0x0000000747200000, 0x0000000747400000, 0x0000000747400000|100%| E|CS|TAMS 0x0000000747200000| PB 0x0000000747200000| Complete |  0
| 446|0x0000000747400000, 0x0000000747600000, 0x0000000747600000|100%| E|CS|TAMS 0x0000000747400000| PB 0x0000000747400000| Complete |  0
| 447|0x0000000747600000, 0x0000000747800000, 0x0000000747800000|100%| E|CS|TAMS 0x0000000747600000| PB 0x0000000747600000| Complete |  0
| 448|0x0000000747800000, 0x0000000747a00000, 0x0000000747a00000|100%| E|CS|TAMS 0x0000000747800000| PB 0x0000000747800000| Complete |  0
| 449|0x0000000747a00000, 0x0000000747c00000, 0x0000000747c00000|100%| E|CS|TAMS 0x0000000747a00000| PB 0x0000000747a00000| Complete |  0
| 450|0x0000000747c00000, 0x0000000747e00000, 0x0000000747e00000|100%| E|CS|TAMS 0x0000000747c00000| PB 0x0000000747c00000| Complete |  0
| 451|0x0000000747e00000, 0x0000000748000000, 0x0000000748000000|100%| E|CS|TAMS 0x0000000747e00000| PB 0x0000000747e00000| Complete |  0
| 452|0x0000000748000000, 0x0000000748200000, 0x0000000748200000|100%| E|CS|TAMS 0x0000000748000000| PB 0x0000000748000000| Complete |  0
| 453|0x0000000748200000, 0x0000000748400000, 0x0000000748400000|100%| E|CS|TAMS 0x0000000748200000| PB 0x0000000748200000| Complete |  0
| 454|0x0000000748400000, 0x0000000748600000, 0x0000000748600000|100%| E|CS|TAMS 0x0000000748400000| PB 0x0000000748400000| Complete |  0
| 455|0x0000000748600000, 0x0000000748800000, 0x0000000748800000|100%| E|CS|TAMS 0x0000000748600000| PB 0x0000000748600000| Complete |  0
| 456|0x0000000748800000, 0x0000000748a00000, 0x0000000748a00000|100%| E|CS|TAMS 0x0000000748800000| PB 0x0000000748800000| Complete |  0
| 457|0x0000000748a00000, 0x0000000748c00000, 0x0000000748c00000|100%| E|CS|TAMS 0x0000000748a00000| PB 0x0000000748a00000| Complete |  0
| 458|0x0000000748c00000, 0x0000000748e00000, 0x0000000748e00000|100%| E|CS|TAMS 0x0000000748c00000| PB 0x0000000748c00000| Complete |  0
| 459|0x0000000748e00000, 0x0000000749000000, 0x0000000749000000|100%| E|CS|TAMS 0x0000000748e00000| PB 0x0000000748e00000| Complete |  0
| 460|0x0000000749000000, 0x0000000749200000, 0x0000000749200000|100%| E|CS|TAMS 0x0000000749000000| PB 0x0000000749000000| Complete |  0
| 461|0x0000000749200000, 0x0000000749400000, 0x0000000749400000|100%| E|CS|TAMS 0x0000000749200000| PB 0x0000000749200000| Complete |  0
| 462|0x0000000749400000, 0x0000000749600000, 0x0000000749600000|100%| E|CS|TAMS 0x0000000749400000| PB 0x0000000749400000| Complete |  0
| 463|0x0000000749600000, 0x0000000749800000, 0x0000000749800000|100%| E|CS|TAMS 0x0000000749600000| PB 0x0000000749600000| Complete |  0
| 464|0x0000000749800000, 0x0000000749a00000, 0x0000000749a00000|100%| E|CS|TAMS 0x0000000749800000| PB 0x0000000749800000| Complete |  0
| 465|0x0000000749a00000, 0x0000000749c00000, 0x0000000749c00000|100%| E|CS|TAMS 0x0000000749a00000| PB 0x0000000749a00000| Complete |  0
| 466|0x0000000749c00000, 0x0000000749e00000, 0x0000000749e00000|100%| E|CS|TAMS 0x0000000749c00000| PB 0x0000000749c00000| Complete |  0
| 467|0x0000000749e00000, 0x000000074a000000, 0x000000074a000000|100%| E|CS|TAMS 0x0000000749e00000| PB 0x0000000749e00000| Complete |  0
| 468|0x000000074a000000, 0x000000074a200000, 0x000000074a200000|100%| E|CS|TAMS 0x000000074a000000| PB 0x000000074a000000| Complete |  0
| 469|0x000000074a200000, 0x000000074a400000, 0x000000074a400000|100%| E|CS|TAMS 0x000000074a200000| PB 0x000000074a200000| Complete |  0
| 470|0x000000074a400000, 0x000000074a600000, 0x000000074a600000|100%| E|CS|TAMS 0x000000074a400000| PB 0x000000074a400000| Complete |  0
| 471|0x000000074a600000, 0x000000074a800000, 0x000000074a800000|100%| E|CS|TAMS 0x000000074a600000| PB 0x000000074a600000| Complete |  0
| 472|0x000000074a800000, 0x000000074aa00000, 0x000000074aa00000|100%| E|CS|TAMS 0x000000074a800000| PB 0x000000074a800000| Complete |  0
| 473|0x000000074aa00000, 0x000000074ac00000, 0x000000074ac00000|100%| E|CS|TAMS 0x000000074aa00000| PB 0x000000074aa00000| Complete |  0
| 474|0x000000074ac00000, 0x000000074ae00000, 0x000000074ae00000|100%| E|CS|TAMS 0x000000074ac00000| PB 0x000000074ac00000| Complete |  0
| 475|0x000000074ae00000, 0x000000074b000000, 0x000000074b000000|100%| E|CS|TAMS 0x000000074ae00000| PB 0x000000074ae00000| Complete |  0
| 476|0x000000074b000000, 0x000000074b200000, 0x000000074b200000|100%| E|CS|TAMS 0x000000074b000000| PB 0x000000074b000000| Complete |  0
| 477|0x000000074b200000, 0x000000074b400000, 0x000000074b400000|100%| E|CS|TAMS 0x000000074b200000| PB 0x000000074b200000| Complete |  0
| 478|0x000000074b400000, 0x000000074b600000, 0x000000074b600000|100%| E|CS|TAMS 0x000000074b400000| PB 0x000000074b400000| Complete |  0
| 479|0x000000074b600000, 0x000000074b800000, 0x000000074b800000|100%| E|CS|TAMS 0x000000074b600000| PB 0x000000074b600000| Complete |  0
| 480|0x000000074b800000, 0x000000074ba00000, 0x000000074ba00000|100%| E|CS|TAMS 0x000000074b800000| PB 0x000000074b800000| Complete |  0
| 481|0x000000074ba00000, 0x000000074bc00000, 0x000000074bc00000|100%| E|CS|TAMS 0x000000074ba00000| PB 0x000000074ba00000| Complete |  0
| 482|0x000000074bc00000, 0x000000074be00000, 0x000000074be00000|100%| E|CS|TAMS 0x000000074bc00000| PB 0x000000074bc00000| Complete |  0
| 483|0x000000074be00000, 0x000000074c000000, 0x000000074c000000|100%| E|CS|TAMS 0x000000074be00000| PB 0x000000074be00000| Complete |  0
| 484|0x000000074c000000, 0x000000074c200000, 0x000000074c200000|100%| E|CS|TAMS 0x000000074c000000| PB 0x000000074c000000| Complete |  0
| 485|0x000000074c200000, 0x000000074c400000, 0x000000074c400000|100%| E|CS|TAMS 0x000000074c200000| PB 0x000000074c200000| Complete |  0
| 486|0x000000074c400000, 0x000000074c600000, 0x000000074c600000|100%| E|CS|TAMS 0x000000074c400000| PB 0x000000074c400000| Complete |  0
| 487|0x000000074c600000, 0x000000074c800000, 0x000000074c800000|100%| E|CS|TAMS 0x000000074c600000| PB 0x000000074c600000| Complete |  0
| 488|0x000000074c800000, 0x000000074ca00000, 0x000000074ca00000|100%| E|CS|TAMS 0x000000074c800000| PB 0x000000074c800000| Complete |  0
| 489|0x000000074ca00000, 0x000000074cc00000, 0x000000074cc00000|100%| E|CS|TAMS 0x000000074ca00000| PB 0x000000074ca00000| Complete |  0
| 490|0x000000074cc00000, 0x000000074ce00000, 0x000000074ce00000|100%| E|CS|TAMS 0x000000074cc00000| PB 0x000000074cc00000| Complete |  0
| 491|0x000000074ce00000, 0x000000074d000000, 0x000000074d000000|100%| E|CS|TAMS 0x000000074ce00000| PB 0x000000074ce00000| Complete |  0
| 492|0x000000074d000000, 0x000000074d200000, 0x000000074d200000|100%| E|CS|TAMS 0x000000074d000000| PB 0x000000074d000000| Complete |  0
| 493|0x000000074d200000, 0x000000074d400000, 0x000000074d400000|100%| E|CS|TAMS 0x000000074d200000| PB 0x000000074d200000| Complete |  0
| 494|0x000000074d400000, 0x000000074d600000, 0x000000074d600000|100%| E|CS|TAMS 0x000000074d400000| PB 0x000000074d400000| Complete |  0
| 495|0x000000074d600000, 0x000000074d800000, 0x000000074d800000|100%| E|CS|TAMS 0x000000074d600000| PB 0x000000074d600000| Complete |  0
| 496|0x000000074d800000, 0x000000074da00000, 0x000000074da00000|100%| E|CS|TAMS 0x000000074d800000| PB 0x000000074d800000| Complete |  0
| 497|0x000000074da00000, 0x000000074dc00000, 0x000000074dc00000|100%| E|CS|TAMS 0x000000074da00000| PB 0x000000074da00000| Complete |  0
| 498|0x000000074dc00000, 0x000000074de00000, 0x000000074de00000|100%| E|CS|TAMS 0x000000074dc00000| PB 0x000000074dc00000| Complete |  0
| 499|0x000000074de00000, 0x000000074e000000, 0x000000074e000000|100%| E|CS|TAMS 0x000000074de00000| PB 0x000000074de00000| Complete |  0
| 500|0x000000074e000000, 0x000000074e200000, 0x000000074e200000|100%| E|CS|TAMS 0x000000074e000000| PB 0x000000074e000000| Complete |  0
| 501|0x000000074e200000, 0x000000074e400000, 0x000000074e400000|100%| E|CS|TAMS 0x000000074e200000| PB 0x000000074e200000| Complete |  0
| 502|0x000000074e400000, 0x000000074e600000, 0x000000074e600000|100%| E|CS|TAMS 0x000000074e400000| PB 0x000000074e400000| Complete |  0
| 503|0x000000074e600000, 0x000000074e800000, 0x000000074e800000|100%| E|CS|TAMS 0x000000074e600000| PB 0x000000074e600000| Complete |  0
| 504|0x000000074e800000, 0x000000074ea00000, 0x000000074ea00000|100%| E|CS|TAMS 0x000000074e800000| PB 0x000000074e800000| Complete |  0
| 505|0x000000074ea00000, 0x000000074ec00000, 0x000000074ec00000|100%| E|CS|TAMS 0x000000074ea00000| PB 0x000000074ea00000| Complete |  0
| 506|0x000000074ec00000, 0x000000074ee00000, 0x000000074ee00000|100%| E|CS|TAMS 0x000000074ec00000| PB 0x000000074ec00000| Complete |  0
| 507|0x000000074ee00000, 0x000000074f000000, 0x000000074f000000|100%| E|CS|TAMS 0x000000074ee00000| PB 0x000000074ee00000| Complete |  0
| 508|0x000000074f000000, 0x000000074f200000, 0x000000074f200000|100%| E|CS|TAMS 0x000000074f000000| PB 0x000000074f000000| Complete |  0
| 509|0x000000074f200000, 0x000000074f400000, 0x000000074f400000|100%| E|CS|TAMS 0x000000074f200000| PB 0x000000074f200000| Complete |  0
| 510|0x000000074f400000, 0x000000074f600000, 0x000000074f600000|100%| E|CS|TAMS 0x000000074f400000| PB 0x000000074f400000| Complete |  0
| 511|0x000000074f600000, 0x000000074f800000, 0x000000074f800000|100%| E|CS|TAMS 0x000000074f600000| PB 0x000000074f600000| Complete |  0
| 512|0x000000074f800000, 0x000000074fa00000, 0x000000074fa00000|100%| E|CS|TAMS 0x000000074f800000| PB 0x000000074f800000| Complete |  0
| 513|0x000000074fa00000, 0x000000074fc00000, 0x000000074fc00000|100%| E|CS|TAMS 0x000000074fa00000| PB 0x000000074fa00000| Complete |  0
| 514|0x000000074fc00000, 0x000000074fe00000, 0x000000074fe00000|100%| E|CS|TAMS 0x000000074fc00000| PB 0x000000074fc00000| Complete |  0
| 515|0x000000074fe00000, 0x0000000750000000, 0x0000000750000000|100%| E|CS|TAMS 0x000000074fe00000| PB 0x000000074fe00000| Complete |  0
| 516|0x0000000750000000, 0x0000000750200000, 0x0000000750200000|100%| E|CS|TAMS 0x0000000750000000| PB 0x0000000750000000| Complete |  0
| 517|0x0000000750200000, 0x0000000750400000, 0x0000000750400000|100%| E|CS|TAMS 0x0000000750200000| PB 0x0000000750200000| Complete |  0
| 518|0x0000000750400000, 0x0000000750600000, 0x0000000750600000|100%| E|CS|TAMS 0x0000000750400000| PB 0x0000000750400000| Complete |  0
| 519|0x0000000750600000, 0x0000000750800000, 0x0000000750800000|100%| E|CS|TAMS 0x0000000750600000| PB 0x0000000750600000| Complete |  0
| 520|0x0000000750800000, 0x0000000750a00000, 0x0000000750a00000|100%| E|CS|TAMS 0x0000000750800000| PB 0x0000000750800000| Complete |  0
| 521|0x0000000750a00000, 0x0000000750c00000, 0x0000000750c00000|100%| E|CS|TAMS 0x0000000750a00000| PB 0x0000000750a00000| Complete |  0
| 522|0x0000000750c00000, 0x0000000750e00000, 0x0000000750e00000|100%| S|CS|TAMS 0x0000000750c00000| PB 0x0000000750c00000| Complete |  0
| 523|0x0000000750e00000, 0x0000000751000000, 0x0000000751000000|100%| S|CS|TAMS 0x0000000750e00000| PB 0x0000000750e00000| Complete |  0
| 524|0x0000000751000000, 0x0000000751200000, 0x0000000751200000|100%| S|CS|TAMS 0x0000000751000000| PB 0x0000000751000000| Complete |  0
| 525|0x0000000751200000, 0x0000000751400000, 0x0000000751400000|100%| S|CS|TAMS 0x0000000751200000| PB 0x0000000751200000| Complete |  0
| 526|0x0000000751400000, 0x0000000751600000, 0x0000000751600000|100%| S|CS|TAMS 0x0000000751400000| PB 0x0000000751400000| Complete |  0
| 527|0x0000000751600000, 0x0000000751800000, 0x0000000751800000|100%| S|CS|TAMS 0x0000000751600000| PB 0x0000000751600000| Complete |  0
| 528|0x0000000751800000, 0x0000000751a00000, 0x0000000751a00000|100%| S|CS|TAMS 0x0000000751800000| PB 0x0000000751800000| Complete |  0
| 529|0x0000000751a00000, 0x0000000751c00000, 0x0000000751c00000|100%| S|CS|TAMS 0x0000000751a00000| PB 0x0000000751a00000| Complete |  0
| 530|0x0000000751c00000, 0x0000000751e00000, 0x0000000751e00000|100%| S|CS|TAMS 0x0000000751c00000| PB 0x0000000751c00000| Complete |  0
| 531|0x0000000751e00000, 0x0000000752000000, 0x0000000752000000|100%| S|CS|TAMS 0x0000000751e00000| PB 0x0000000751e00000| Complete |  0
| 532|0x0000000752000000, 0x0000000752200000, 0x0000000752200000|100%| S|CS|TAMS 0x0000000752000000| PB 0x0000000752000000| Complete |  0
| 533|0x0000000752200000, 0x0000000752400000, 0x0000000752400000|100%| S|CS|TAMS 0x0000000752200000| PB 0x0000000752200000| Complete |  0
| 534|0x0000000752400000, 0x0000000752600000, 0x0000000752600000|100%| S|CS|TAMS 0x0000000752400000| PB 0x0000000752400000| Complete |  0
| 535|0x0000000752600000, 0x0000000752800000, 0x0000000752800000|100%| S|CS|TAMS 0x0000000752600000| PB 0x0000000752600000| Complete |  0
| 536|0x0000000752800000, 0x0000000752a00000, 0x0000000752a00000|100%| S|CS|TAMS 0x0000000752800000| PB 0x0000000752800000| Complete |  0
| 537|0x0000000752a00000, 0x0000000752b00000, 0x0000000752c00000| 50%| S|CS|TAMS 0x0000000752a00000| PB 0x0000000752a00000| Complete |  0
|1886|0x00000007fb400000, 0x00000007fb5873b0, 0x00000007fb600000| 76%| O|  |TAMS 0x00000007fb400000| PB 0x00000007fb400000| Untracked |  0
|1887|0x00000007fb600000, 0x00000007fb800000, 0x00000007fb800000|100%| O|  |TAMS 0x00000007fb600000| PB 0x00000007fb600000| Untracked |  0
|1888|0x00000007fb800000, 0x00000007fba00000, 0x00000007fba00000|100%| O|  |TAMS 0x00000007fb800000| PB 0x00000007fb800000| Untracked |  0
|1889|0x00000007fba00000, 0x00000007fbc00000, 0x00000007fbc00000|100%| O|  |TAMS 0x00000007fba00000| PB 0x00000007fba00000| Untracked |  0
|1890|0x00000007fbc00000, 0x00000007fbe00000, 0x00000007fbe00000|100%| O|  |TAMS 0x00000007fbc00000| PB 0x00000007fbc00000| Untracked |  0
|1891|0x00000007fbe00000, 0x00000007fc000000, 0x00000007fc000000|100%| O|  |TAMS 0x00000007fbe00000| PB 0x00000007fbe00000| Untracked |  0
|1892|0x00000007fc000000, 0x00000007fc200000, 0x00000007fc200000|100%| O|  |TAMS 0x00000007fc000000| PB 0x00000007fc000000| Untracked |  0
|1893|0x00000007fc200000, 0x00000007fc400000, 0x00000007fc400000|100%| O|  |TAMS 0x00000007fc200000| PB 0x00000007fc200000| Untracked |  0
|1894|0x00000007fc400000, 0x00000007fc600000, 0x00000007fc600000|100%| O|  |TAMS 0x00000007fc400000| PB 0x00000007fc400000| Untracked |  0
|1895|0x00000007fc600000, 0x00000007fc800000, 0x00000007fc800000|100%| E|CS|TAMS 0x00000007fc600000| PB 0x00000007fc600000| Complete |  0
|1896|0x00000007fc800000, 0x00000007fca00000, 0x00000007fca00000|100%| O|  |TAMS 0x00000007fc800000| PB 0x00000007fc800000| Untracked |  0
|1897|0x00000007fca00000, 0x00000007fcc00000, 0x00000007fcc00000|100%| O|  |TAMS 0x00000007fca00000| PB 0x00000007fca00000| Untracked |  0
|1898|0x00000007fcc00000, 0x00000007fce00000, 0x00000007fce00000|100%| E|CS|TAMS 0x00000007fcc00000| PB 0x00000007fcc00000| Complete |  0
|1899|0x00000007fce00000, 0x00000007fd000000, 0x00000007fd000000|100%| E|CS|TAMS 0x00000007fce00000| PB 0x00000007fce00000| Complete |  0
|1900|0x00000007fd000000, 0x00000007fd200000, 0x00000007fd200000|100%| E|CS|TAMS 0x00000007fd000000| PB 0x00000007fd000000| Complete |  0
|1901|0x00000007fd200000, 0x00000007fd400000, 0x00000007fd400000|100%| E|CS|TAMS 0x00000007fd200000| PB 0x00000007fd200000| Complete |  0
|1902|0x00000007fd400000, 0x00000007fd600000, 0x00000007fd600000|100%| E|CS|TAMS 0x00000007fd400000| PB 0x00000007fd400000| Complete |  0
|1903|0x00000007fd600000, 0x00000007fd800000, 0x00000007fd800000|100%| E|CS|TAMS 0x00000007fd600000| PB 0x00000007fd600000| Complete |  0
|1904|0x00000007fd800000, 0x00000007fda00000, 0x00000007fda00000|100%| E|CS|TAMS 0x00000007fd800000| PB 0x00000007fd800000| Complete |  0
|1905|0x00000007fda00000, 0x00000007fdc00000, 0x00000007fdc00000|100%| O|  |TAMS 0x00000007fda00000| PB 0x00000007fda00000| Untracked |  0
|1906|0x00000007fdc00000, 0x00000007fde00000, 0x00000007fde00000|100%| E|CS|TAMS 0x00000007fdc00000| PB 0x00000007fdc00000| Complete |  0
|1907|0x00000007fde00000, 0x00000007fe000000, 0x00000007fe000000|100%| E|CS|TAMS 0x00000007fde00000| PB 0x00000007fde00000| Complete |  0
|1908|0x00000007fe000000, 0x00000007fe200000, 0x00000007fe200000|100%| E|CS|TAMS 0x00000007fe000000| PB 0x00000007fe000000| Complete |  0
|1909|0x00000007fe200000, 0x00000007fe400000, 0x00000007fe400000|100%| O|  |TAMS 0x00000007fe200000| PB 0x00000007fe200000| Untracked |  0
|1910|0x00000007fe400000, 0x00000007fe600000, 0x00000007fe600000|100%| O|  |TAMS 0x00000007fe400000| PB 0x00000007fe400000| Untracked |  0
|1911|0x00000007fe600000, 0x00000007fe800000, 0x00000007fe800000|100%| O|  |TAMS 0x00000007fe600000| PB 0x00000007fe600000| Untracked |  0
|1912|0x00000007fe800000, 0x00000007fea00000, 0x00000007fea00000|100%| O|  |TAMS 0x00000007fe800000| PB 0x00000007fe800000| Untracked |  0
|1913|0x00000007fea00000, 0x00000007fec00000, 0x00000007fec00000|100%| O|  |TAMS 0x00000007fea00000| PB 0x00000007fea00000| Untracked |  0
|1914|0x00000007fec00000, 0x00000007fee00000, 0x00000007fee00000|100%| E|CS|TAMS 0x00000007fec00000| PB 0x00000007fec00000| Complete |  0
|1915|0x00000007fee00000, 0x00000007ff000000, 0x00000007ff000000|100%| E|CS|TAMS 0x00000007fee00000| PB 0x00000007fee00000| Complete |  0
|1916|0x00000007ff000000, 0x00000007ff200000, 0x00000007ff200000|100%| O|  |TAMS 0x00000007ff000000| PB 0x00000007ff000000| Untracked |  0
|1917|0x00000007ff200000, 0x00000007ff400000, 0x00000007ff400000|100%| O|  |TAMS 0x00000007ff200000| PB 0x00000007ff200000| Untracked |  0
|1918|0x00000007ff400000, 0x00000007ff600000, 0x00000007ff600000|100%| O|  |TAMS 0x00000007ff400000| PB 0x00000007ff400000| Untracked |  0
|1919|0x00000007ff600000, 0x00000007ff800000, 0x00000007ff800000|100%| O|  |TAMS 0x00000007ff600000| PB 0x00000007ff600000| Untracked |  0
|1920|0x00000007ff800000, 0x00000007ffa00000, 0x00000007ffa00000|100%| O|  |TAMS 0x00000007ff800000| PB 0x00000007ff800000| Untracked |  0
|1921|0x00000007ffa00000, 0x00000007ffc00000, 0x00000007ffc00000|100%| O|  |TAMS 0x00000007ffa00000| PB 0x00000007ffa00000| Untracked |  0
|1922|0x00000007ffc00000, 0x00000007ffe00000, 0x00000007ffe00000|100%| O|  |TAMS 0x00000007ffc00000| PB 0x00000007ffc00000| Untracked |  0
|1923|0x00000007ffe00000, 0x0000000800000000, 0x0000000800000000|100%| E|CS|TAMS 0x00000007ffe00000| PB 0x00000007ffe00000| Complete |  0

Card table byte_map: [0x0000ffffbabe8000,0x0000ffffbb36c000] _byte_map_base: 0x0000ffffb736c000

Marking Bits: (CMBitMap*) 0x0000ffffb41874a0
 Bits: [0x0000ffff9d3dc000, 0x0000ffffa0ffc000)

Polling page: 0x0000ffffbe264000

Metaspace:
Metaspace        used 144083K, committed 145856K, reserved 1179648K
 class space     used 24760K, committed 25472K, reserved 1048576K

Usage:
  Non-class:    116.53 MB used.
      Class:     24.18 MB used.
       Both:    140.71 MB used.

Virtual space:
  Non-class space:      128.00 MB reserved,     117.56 MB ( 92%) committed,  2 nodes.
      Class space:        1.00 GB reserved,      24.88 MB (  2%) committed,  1 nodes.
             Both:        1.12 GB reserved,     142.44 MB ( 12%) committed. 

Chunk freelists:
   Non-Class:  10.12 MB
       Class:  7.08 MB
        Both:  17.20 MB

MaxMetaspaceSize: unlimited
CompressedClassSpaceSize: 1.00 GB
Initial GC threshold: 21.00 MB
Current GC threshold: 237.31 MB
CDS: on
 - commit_granule_bytes: 65536.
 - commit_granule_words: 8192.
 - virtual_space_node_default_size: 8388608.
 - enlarge_chunks_in_place: 1.
UseCompressedClassPointers 1, UseCompactObjectHeaders 0
Narrow klass pointer bits 32, Max shift 3
Narrow klass base: 0x0000078000000000, Narrow klass shift: 0
Encoding Range: [0x0000078000000000 - 0x0000078100000000), (4294967296 bytes)
Klass Range:    [0x0000078000010000 - 0x0000078042000000), (1107230720 bytes)
Klass ID Range:  [65536 - 1107296249) (1107230713)
Protection zone: [0x0000078000000000 - 0x0000078000010000), (65536 bytes)


Internal statistics:

num_allocs_failed_limit: 27.
num_arena_births: 3014.
num_arena_deaths: 32.
num_vsnodes_births: 3.
num_vsnodes_deaths: 0.
num_space_committed: 2274.
num_space_uncommitted: 0.
num_chunks_returned_to_freelist: 70.
num_chunks_taken_from_freelist: 9554.
num_chunk_merges: 34.
num_chunk_splits: 6305.
num_chunks_enlarged: 4732.
num_inconsistent_stats: 0.

CodeHeap 'non-profiled nmethods': size=120032Kb used=15608Kb max_used=15608Kb free=104423Kb
 bounds [0x0000ffffa8ac8000, 0x0000ffffa9a18000, 0x0000ffffb0000000]
CodeHeap 'profiled nmethods': size=120032Kb used=27567Kb max_used=30700Kb free=92464Kb
 bounds [0x0000ffffa0ffc000, 0x0000ffffa2e0c000, 0x0000ffffa8534000]
CodeHeap 'non-nmethods': size=5712Kb used=3339Kb max_used=3498Kb free=2372Kb
 bounds [0x0000ffffa8534000, 0x0000ffffa88b4000, 0x0000ffffa8ac8000]
CodeCache: size=245776Kb, used=46514Kb, max_used=49806Kb, free=199259Kb
 total_blobs=26173, nmethods=23348, adapters=2676, full_count=0
Compilation: enabled, stopped_count=0, restarted_count=0

Compilation events (20 events):
Event: 40.473 Thread 0x0000ffffb4222c40 35968       3       java.util.concurrent.LinkedTransferQueue$DualNode::cmpExItem (10 bytes)
Event: 40.474 Thread 0x0000ffffb4222c40 nmethod 35968 0x0000ffffa2639188 code [0x0000ffffa2639280, 0x0000ffffa263a3c0]
Event: 40.474 Thread 0x0000ffffb4222c40 35971       3       jdk.internal.vm.ContinuationSupport::unpinIfSupported (10 bytes)
Event: 40.474 Thread 0x0000ffffb4222c40 nmethod 35971 0x0000ffffa27daf88 code [0x0000ffffa27db080, 0x0000ffffa27db228]
Event: 40.474 Thread 0x0000ffffb4222c40 35972       3       jdk.internal.vm.ContinuationSupport::pinIfSupported (10 bytes)
Event: 40.474 Thread 0x0000ffffb4222c40 nmethod 35972 0x0000ffffa27fa048 code [0x0000ffffa27fa140, 0x0000ffffa27fa2e8]
Event: 40.476 Thread 0x0000ffffb4222c40 35973       3       com.mojang.blaze3d.opengl.GlProgram$$Lambda/0x000007800329e140::accept (10 bytes)
Event: 40.476 Thread 0x0000ffffb4222c40 nmethod 35973 0x0000ffffa2582208 code [0x0000ffffa2582300, 0x0000ffffa25825e0]
Event: 40.476 Thread 0x0000ffffb4222c40 35974       3       com.mojang.blaze3d.opengl.Uniform::close (1 bytes)
Event: 40.476 Thread 0x0000ffffb4222c40 nmethod 35974 0x0000ffffa116bd48 code [0x0000ffffa116be40, 0x0000ffffa116bf60]
Event: 40.552 Thread 0x0000ffffb4222c40 35976       3       java.lang.Character::toUpperCase (6 bytes)
Event: 40.553 Thread 0x0000ffffb4222c40 nmethod 35976 0x0000ffffa1276d88 code [0x0000ffffa1276e80, 0x0000ffffa1277108]
Event: 40.553 Thread 0x0000ffffb4222c40 35977       3       org.apache.logging.log4j.core.util.internal.InternalLoggerRegistry$$Lambda/0x0000078002119ee8::apply (8 bytes)
Event: 40.553 Thread 0x0000ffffb4222c40 nmethod 35977 0x0000ffffa1a3da08 code [0x0000ffffa1a3db00, 0x0000ffffa1a3e2a8]
Event: 40.553 Thread 0x0000ffffb4222c40 35978       3       org.apache.logging.log4j.core.util.internal.InternalLoggerRegistry::lambda$getLoggers$2 (23 bytes)
Event: 40.553 Thread 0x0000ffffb4222c40 nmethod 35978 0x0000ffffa2d59888 code [0x0000ffffa2d59980, 0x0000ffffa2d59fc0]
Event: 40.553 Thread 0x0000ffffb4222c40 35979       3       org.apache.logging.log4j.core.LoggerContext$$Lambda/0x000007800211a168::accept (12 bytes)
Event: 40.554 Thread 0x0000ffffb4222c40 nmethod 35979 0x0000ffffa1820d08 code [0x0000ffffa1820e00, 0x0000ffffa18210c8]
Event: 40.554 Thread 0x0000ffffb4222c40 35975       1       java.util.concurrent.CopyOnWriteArrayList::getArray (5 bytes)
Event: 40.554 Thread 0x0000ffffb4222c40 nmethod 35975 0x0000ffffa94a1b08 code [0x0000ffffa94a1c00, 0x0000ffffa94a1ce8]

GC Heap Usage History (20 events):
Event: 33.537 {heap Before GC invocations=69 (full 0):
 garbage-first heap   total reserved 3940352K, committed 923648K, used 872468K [0x000000070f800000, 0x0000000800000000)
  region size 2048K, 201 young (411648K), 18 survivors (36864K)
}
Event: 33.560 {heap After GC invocations=70 (full 0):
 garbage-first heap   total reserved 3940352K, committed 923648K, used 507114K [0x000000070f800000, 0x0000000800000000)
  region size 2048K, 16 young (32768K), 16 survivors (32768K)
}
Event: 34.087 {heap Before GC invocations=70 (full 0):
 garbage-first heap   total reserved 3940352K, committed 923648K, used 869610K [0x000000070f800000, 0x0000000800000000)
  region size 2048K, 194 young (397312K), 16 survivors (32768K)
}
Event: 34.122 {heap After GC invocations=71 (full 0):
 garbage-first heap   total reserved 3940352K, committed 1079296K, used 506508K [0x000000070f800000, 0x0000000800000000)
  region size 2048K, 17 young (34816K), 17 survivors (34816K)
}
Event: 34.829 {heap Before GC invocations=71 (full 0):
 garbage-first heap   total reserved 3940352K, committed 1079296K, used 1020556K [0x000000070f800000, 0x0000000800000000)
  region size 2048K, 269 young (550912K), 17 survivors (34816K)
}
Event: 34.835 {heap After GC invocations=72 (full 0):
 garbage-first heap   total reserved 3940352K, committed 1079296K, used 519680K [0x000000070f800000, 0x0000000800000000)
  region size 2048K, 23 young (47104K), 23 survivors (47104K)
}
Event: 35.663 {heap Before GC invocations=72 (full 0):
 garbage-first heap   total reserved 3940352K, committed 1079296K, used 1021440K [0x000000070f800000, 0x0000000800000000)
  region size 2048K, 269 young (550912K), 23 survivors (47104K)
}
Event: 35.674 {heap After GC invocations=73 (full 0):
 garbage-first heap   total reserved 3940352K, committed 1083392K, used 531632K [0x000000070f800000, 0x0000000800000000)
  region size 2048K, 23 young (47104K), 23 survivors (47104K)
}
Event: 36.433 {heap Before GC invocations=73 (full 0):
 garbage-first heap   total reserved 3940352K, committed 1083392K, used 1025200K [0x000000070f800000, 0x0000000800000000)
  region size 2048K, 265 young (542720K), 23 survivors (47104K)
}
Event: 36.458 {heap After GC invocations=74 (full 0):
 garbage-first heap   total reserved 3940352K, committed 1085440K, used 540951K [0x000000070f800000, 0x0000000800000000)
  region size 2048K, 19 young (38912K), 19 survivors (38912K)
}
Event: 37.175 {heap Before GC invocations=75 (full 0):
 garbage-first heap   total reserved 3940352K, committed 1085440K, used 1026327K [0x000000070f800000, 0x0000000800000000)
  region size 2048K, 257 young (526336K), 19 survivors (38912K)
}
Event: 37.182 {heap After GC invocations=76 (full 0):
 garbage-first heap   total reserved 3940352K, committed 1085440K, used 550912K [0x000000070f800000, 0x0000000800000000)
  region size 2048K, 17 young (34816K), 17 survivors (34816K)
}
Event: 37.840 {heap Before GC invocations=76 (full 0):
 garbage-first heap   total reserved 3940352K, committed 1085440K, used 1028096K [0x000000070f800000, 0x0000000800000000)
  region size 2048K, 251 young (514048K), 17 survivors (34816K)
}
Event: 37.861 {heap After GC invocations=77 (full 0):
 garbage-first heap   total reserved 3940352K, committed 1103872K, used 560951K [0x000000070f800000, 0x0000000800000000)
  region size 2048K, 28 young (57344K), 28 survivors (57344K)
}
Event: 38.650 {heap Before GC invocations=77 (full 0):
 garbage-first heap   total reserved 3940352K, committed 1103872K, used 1042231K [0x000000070f800000, 0x0000000800000000)
  region size 2048K, 264 young (540672K), 28 survivors (57344K)
}
Event: 38.658 {heap After GC invocations=78 (full 0):
 garbage-first heap   total reserved 3940352K, committed 1107968K, used 563352K [0x000000070f800000, 0x0000000800000000)
  region size 2048K, 20 young (40960K), 20 survivors (40960K)
}
Event: 38.703 {heap Before GC invocations=78 (full 0):
 garbage-first heap   total reserved 3940352K, committed 1107968K, used 1046680K [0x000000070f800000, 0x0000000800000000)
  region size 2048K, 257 young (526336K), 20 survivors (40960K)
}
Event: 38.720 {heap After GC invocations=79 (full 0):
 garbage-first heap   total reserved 3940352K, committed 1130496K, used 603686K [0x000000070f800000, 0x0000000800000000)
  region size 2048K, 33 young (67584K), 33 survivors (67584K)
}
Event: 38.775 {heap Before GC invocations=79 (full 0):
 garbage-first heap   total reserved 3940352K, committed 1130496K, used 1056294K [0x000000070f800000, 0x0000000800000000)
  region size 2048K, 255 young (522240K), 33 survivors (67584K)
}
Event: 38.794 {heap After GC invocations=80 (full 0):
 garbage-first heap   total reserved 3940352K, committed 1179648K, used 655900K [0x000000070f800000, 0x0000000800000000)
  region size 2048K, 28 young (57344K), 28 survivors (57344K)
}

Metaspace Usage History (20 events):
Event: 33.537 {metaspace Before GC invocations=69 (full 0):
 Metaspace       used 143408K, committed 145216K, reserved 1179648K
  class space    used 24665K, committed 25408K, reserved 1048576K
}
Event: 33.560 {metaspace After GC invocations=70 (full 0):
 Metaspace       used 143408K, committed 145216K, reserved 1179648K
  class space    used 24665K, committed 25408K, reserved 1048576K
}
Event: 34.087 {metaspace Before GC invocations=70 (full 0):
 Metaspace       used 143419K, committed 145216K, reserved 1179648K
  class space    used 24665K, committed 25408K, reserved 1048576K
}
Event: 34.122 {metaspace After GC invocations=71 (full 0):
 Metaspace       used 143419K, committed 145216K, reserved 1179648K
  class space    used 24665K, committed 25408K, reserved 1048576K
}
Event: 34.829 {metaspace Before GC invocations=71 (full 0):
 Metaspace       used 143451K, committed 145216K, reserved 1179648K
  class space    used 24665K, committed 25408K, reserved 1048576K
}
Event: 34.835 {metaspace After GC invocations=72 (full 0):
 Metaspace       used 143451K, committed 145216K, reserved 1179648K
  class space    used 24665K, committed 25408K, reserved 1048576K
}
Event: 35.663 {metaspace Before GC invocations=72 (full 0):
 Metaspace       used 143477K, committed 145280K, reserved 1179648K
  class space    used 24665K, committed 25408K, reserved 1048576K
}
Event: 35.674 {metaspace After GC invocations=73 (full 0):
 Metaspace       used 143477K, committed 145280K, reserved 1179648K
  class space    used 24665K, committed 25408K, reserved 1048576K
}
Event: 36.433 {metaspace Before GC invocations=73 (full 0):
 Metaspace       used 143524K, committed 145280K, reserved 1179648K
  class space    used 24665K, committed 25408K, reserved 1048576K
}
Event: 36.458 {metaspace After GC invocations=74 (full 0):
 Metaspace       used 143524K, committed 145280K, reserved 1179648K
  class space    used 24665K, committed 25408K, reserved 1048576K
}
Event: 37.175 {metaspace Before GC invocations=75 (full 0):
 Metaspace       used 143560K, committed 145344K, reserved 1179648K
  class space    used 24666K, committed 25408K, reserved 1048576K
}
Event: 37.182 {metaspace After GC invocations=76 (full 0):
 Metaspace       used 143560K, committed 145344K, reserved 1179648K
  class space    used 24666K, committed 25408K, reserved 1048576K
}
Event: 37.840 {metaspace Before GC invocations=76 (full 0):
 Metaspace       used 143790K, committed 145536K, reserved 1179648K
  class space    used 24705K, committed 25408K, reserved 1048576K
}
Event: 37.861 {metaspace After GC invocations=77 (full 0):
 Metaspace       used 143790K, committed 145536K, reserved 1179648K
  class space    used 24705K, committed 25408K, reserved 1048576K
}
Event: 38.650 {metaspace Before GC invocations=77 (full 0):
 Metaspace       used 143939K, committed 145728K, reserved 1179648K
  class space    used 24741K, committed 25472K, reserved 1048576K
}
Event: 38.658 {metaspace After GC invocations=78 (full 0):
 Metaspace       used 143939K, committed 145728K, reserved 1179648K
  class space    used 24741K, committed 25472K, reserved 1048576K
}
Event: 38.703 {metaspace Before GC invocations=78 (full 0):
 Metaspace       used 143962K, committed 145792K, reserved 1179648K
  class space    used 24742K, committed 25472K, reserved 1048576K
}
Event: 38.720 {metaspace After GC invocations=79 (full 0):
 Metaspace       used 143962K, committed 145792K, reserved 1179648K
  class space    used 24742K, committed 25472K, reserved 1048576K
}
Event: 38.775 {metaspace Before GC invocations=79 (full 0):
 Metaspace       used 143986K, committed 145792K, reserved 1179648K
  class space    used 24742K, committed 25472K, reserved 1048576K
}
Event: 38.794 {metaspace After GC invocations=80 (full 0):
 Metaspace       used 143986K, committed 145792K, reserved 1179648K
  class space    used 24742K, committed 25472K, reserved 1048576K
}

Dll operation events (14 events):
Event: 0.001 Loaded shared library /home/anguscrump/.jdks/jbr-25.0.3/lib/libjava.so
Event: 0.018 Loaded shared library /home/anguscrump/.jdks/jbr-25.0.3/lib/libnio.so
Event: 0.023 Loaded shared library /home/anguscrump/.jdks/jbr-25.0.3/lib/libzip.so
Event: 0.028 Loaded shared library /home/anguscrump/.jdks/jbr-25.0.3/lib/libnet.so
Event: 0.033 Loaded shared library /home/anguscrump/.jdks/jbr-25.0.3/lib/libzip.so
Event: 0.054 Loaded shared library /home/anguscrump/.jdks/jbr-25.0.3/lib/libjimage.so
Event: 0.225 Loaded shared library /home/anguscrump/.jdks/jbr-25.0.3/lib/libmanagement.so
Event: 0.225 Loaded shared library /home/anguscrump/.jdks/jbr-25.0.3/lib/libmanagement_ext.so
Event: 0.353 Loaded shared library /home/anguscrump/.jdks/jbr-25.0.3/lib/libverify.so
Event: 1.367 Loaded shared library /home/anguscrump/.cache/JNA/temp/jna6658649816300306032.tmp
Event: 3.854 Loaded shared library /home/anguscrump/.jdks/jbr-25.0.3/lib/libextnet.so
Event: 4.091 Loaded shared library /tmp/lwjgl_anguscrump/3.4.1-snapshot/arm64/liblwjgl.so
Event: 4.318 Loaded shared library /tmp/lwjgl_anguscrump/3.4.1-snapshot/arm64/liblwjgl_opengl.so
Event: 4.524 Loaded shared library /tmp/lwjgl_anguscrump/3.4.1-snapshot/arm64/liblwjgl_stb.so

Deoptimization events (20 events):
Event: 40.473 Thread 0x0000fffe740058c0 DEOPT UNPACKING pc=0x0000ffffa864759c sp=0x0000fffe6fbfe060 mode 2
Event: 40.473 Thread 0x0000fffe80018000 Uncommon trap: trap_request=0xffffff45 fr.pc=0x0000ffffa95041e4 relative=0x0000000000000324
Event: 40.473 Thread 0x0000fffe80018000 Uncommon trap: reason=unstable_if action=reinterpret pc=0x0000ffffa95041e4 method=java.util.concurrent.SynchronousQueue.poll(JLjava/util/concurrent/TimeUnit;)Ljava/lang/Object; @ 21 c2
Event: 40.473 Thread 0x0000fffe80018000 DEOPT PACKING pc=0x0000ffffa95041e4 sp=0x0000fffea247e190
Event: 40.473 Thread 0x0000fffe7c004150 Uncommon trap: trap_request=0xffffff45 fr.pc=0x0000ffffa95041e4 relative=0x0000000000000324
Event: 40.473 Thread 0x0000fffe80018000 DEOPT UNPACKING pc=0x0000ffffa864759c sp=0x0000fffea247e060 mode 2
Event: 40.473 Thread 0x0000fffe7c004150 Uncommon trap: reason=unstable_if action=reinterpret pc=0x0000ffffa95041e4 method=java.util.concurrent.SynchronousQueue.poll(JLjava/util/concurrent/TimeUnit;)Ljava/lang/Object; @ 21 c2
Event: 40.473 Thread 0x0000fffe7c004150 DEOPT PACKING pc=0x0000ffffa95041e4 sp=0x0000fffe6f9fe190
Event: 40.473 Thread 0x0000fffe7c004150 DEOPT UNPACKING pc=0x0000ffffa864759c sp=0x0000fffe6f9fe060 mode 2
Event: 40.473 Thread 0x0000fffec809abf0 Uncommon trap: trap_request=0xffffff45 fr.pc=0x0000ffffa95041e4 relative=0x0000000000000324
Event: 40.473 Thread 0x0000fffec809abf0 Uncommon trap: reason=unstable_if action=reinterpret pc=0x0000ffffa95041e4 method=java.util.concurrent.SynchronousQueue.poll(JLjava/util/concurrent/TimeUnit;)Ljava/lang/Object; @ 21 c2
Event: 40.473 Thread 0x0000fffec809abf0 DEOPT PACKING pc=0x0000ffffa95041e4 sp=0x0000fffea287e190
Event: 40.473 Thread 0x0000fffe70004e70 Uncommon trap: reason=unstable_if action=reinterpret pc=0x0000ffffa95041e4 method=java.util.concurrent.SynchronousQueue.poll(JLjava/util/concurrent/TimeUnit;)Ljava/lang/Object; @ 21 c2
Event: 40.473 Thread 0x0000fffe70004e70 DEOPT PACKING pc=0x0000ffffa95041e4 sp=0x0000fffe6fffe190
Event: 40.473 Thread 0x0000fffec809abf0 DEOPT UNPACKING pc=0x0000ffffa864759c sp=0x0000fffea287e060 mode 2
Event: 40.473 Thread 0x0000fffe70004e70 DEOPT UNPACKING pc=0x0000ffffa864759c sp=0x0000fffe6fffe060 mode 2
Event: 40.473 Thread 0x0000fffe80018ea0 Uncommon trap: trap_request=0xffffff45 fr.pc=0x0000ffffa95041e4 relative=0x0000000000000324
Event: 40.474 Thread 0x0000fffe80018ea0 Uncommon trap: reason=unstable_if action=reinterpret pc=0x0000ffffa95041e4 method=java.util.concurrent.SynchronousQueue.poll(JLjava/util/concurrent/TimeUnit;)Ljava/lang/Object; @ 21 c2
Event: 40.474 Thread 0x0000fffe80018ea0 DEOPT PACKING pc=0x0000ffffa95041e4 sp=0x0000fffe6fdfe190
Event: 40.474 Thread 0x0000fffe80018ea0 DEOPT UNPACKING pc=0x0000ffffa864759c sp=0x0000fffe6fdfe060 mode 2

Classes loaded (20 events):
Event: 15.580 Loading class java/util/IdentityHashMap$ValueSpliterator
Event: 15.580 Loading class java/util/IdentityHashMap$ValueSpliterator done
Event: 18.113 Loading class java/util/Spliterators$LongIteratorSpliterator
Event: 18.113 Loading class java/util/Spliterators$LongIteratorSpliterator done
Event: 18.392 Loading class java/util/zip/CRC32C
Event: 18.392 Loading class java/util/zip/CRC32C done
Event: 18.892 Loading class java/lang/runtime/SwitchBootstraps$StaticHolders
Event: 18.892 Loading class java/lang/runtime/SwitchBootstraps$StaticHolders done
Event: 18.892 Loading class java/lang/runtime/SwitchBootstraps$MappedEnumCache
Event: 18.892 Loading class java/lang/runtime/SwitchBootstraps$MappedEnumCache done
Event: 19.087 Loading class java/util/ReverseOrderListView
Event: 19.087 Loading class java/util/ReverseOrderListView done
Event: 19.087 Loading class java/util/ReverseOrderListView$Rand
Event: 19.087 Loading class java/util/ReverseOrderListView$Rand done
Event: 19.087 Loading class java/util/ReverseOrderListView$DescendingIterator
Event: 19.087 Loading class java/util/ReverseOrderListView$DescendingIterator done
Event: 26.301 Loading class java/lang/FdLibm$Log1p
Event: 26.302 Loading class java/lang/FdLibm$Log1p done
Event: 32.521 Loading class java/util/DualPivotQuicksort$Sorter
Event: 32.521 Loading class java/util/DualPivotQuicksort$Sorter done

Classes unloaded (16 events):
Event: 11.346 Thread 0x0000ffffb420daa0 Unloading class 0x000007800328d800 'java/lang/invoke/LambdaForm$DMH+0x000007800328d800'
Event: 11.346 Thread 0x0000ffffb420daa0 Unloading class 0x000007800328d000 'java/lang/invoke/LambdaForm$DMH+0x000007800328d000'
Event: 11.346 Thread 0x0000ffffb420daa0 Unloading class 0x000007800328cc00 'java/lang/invoke/LambdaForm$DMH+0x000007800328cc00'
Event: 11.346 Thread 0x0000ffffb420daa0 Unloading class 0x000007800328c800 'java/lang/invoke/LambdaForm$DMH+0x000007800328c800'
Event: 11.346 Thread 0x0000ffffb420daa0 Unloading class 0x000007800328c000 'java/lang/invoke/LambdaForm$DMH+0x000007800328c000'
Event: 11.346 Thread 0x0000ffffb420daa0 Unloading class 0x000007800328d400 'java/lang/invoke/LambdaForm$DMH+0x000007800328d400'
Event: 11.346 Thread 0x0000ffffb420daa0 Unloading class 0x00000780031e1000 'java/lang/invoke/LambdaForm$DMH+0x00000780031e1000'
Event: 11.346 Thread 0x0000ffffb420daa0 Unloading class 0x0000078003188400 'java/lang/invoke/LambdaForm$MH+0x0000078003188400'
Event: 15.166 Thread 0x0000ffffb420daa0 Unloading class 0x00000780033bc400 'java/lang/invoke/LambdaForm$DMH+0x00000780033bc400'
Event: 17.180 Thread 0x0000ffffb420daa0 Unloading class 0x0000078003575800 'java/lang/invoke/LambdaForm$DMH+0x0000078003575800'
Event: 17.180 Thread 0x0000ffffb420daa0 Unloading class 0x0000078003575000 'java/lang/invoke/LambdaForm$DMH+0x0000078003575000'
Event: 17.180 Thread 0x0000ffffb420daa0 Unloading class 0x0000078003574400 'java/lang/invoke/LambdaForm$DMH+0x0000078003574400'
Event: 17.180 Thread 0x0000ffffb420daa0 Unloading class 0x0000078003574c00 'java/lang/invoke/LambdaForm$DMH+0x0000078003574c00'
Event: 17.180 Thread 0x0000ffffb420daa0 Unloading class 0x0000078003574800 'java/lang/invoke/LambdaForm$DMH+0x0000078003574800'
Event: 23.003 Thread 0x0000ffffb420daa0 Unloading class 0x0000078003852400 'java/lang/invoke/LambdaForm$DMH+0x0000078003852400'
Event: 23.003 Thread 0x0000ffffb420daa0 Unloading class 0x0000078003850800 'java/lang/invoke/LambdaForm$DMH+0x0000078003850800'

Classes redefined (0 events):
No events

Internal exceptions (20 events):
Event: 39.461 Thread 0x0000fffe70004e70 Exception <a 'sun/nio/fs/UnixException'{0x000000074498cfa0}> (0x000000074498cfa0) 
thrown [src/hotspot/share/prims/jni.cpp, line 535]
Event: 39.462 Thread 0x0000fffe740058c0 Exception <a 'sun/nio/fs/UnixException'{0x0000000744974568}> (0x0000000744974568) 
thrown [src/hotspot/share/prims/jni.cpp, line 535]
Event: 39.462 Thread 0x0000fffe7c004150 Exception <a 'sun/nio/fs/UnixException'{0x00000007449a07e8}> (0x00000007449a07e8) 
thrown [src/hotspot/share/prims/jni.cpp, line 535]
Event: 39.462 Thread 0x0000fffe740058c0 Exception <a 'sun/nio/fs/UnixException'{0x0000000744974e10}> (0x0000000744974e10) 
thrown [src/hotspot/share/prims/jni.cpp, line 535]
Event: 39.466 Thread 0x0000fffe80018ea0 Exception <a 'sun/nio/fs/UnixException'{0x000000074492d0e0}> (0x000000074492d0e0) 
thrown [src/hotspot/share/prims/jni.cpp, line 535]
Event: 39.469 Thread 0x0000fffe94655a00 Exception <a 'sun/nio/fs/UnixException'{0x00000007449a7830}> (0x00000007449a7830) 
thrown [src/hotspot/share/prims/jni.cpp, line 535]
Event: 39.473 Thread 0x0000ffffb5783300 Exception <a 'sun/nio/fs/UnixException'{0x0000000744855b80}> (0x0000000744855b80) 
thrown [src/hotspot/share/prims/jni.cpp, line 535]
Event: 39.473 Thread 0x0000ffffb5783300 Exception <a 'sun/nio/fs/UnixException'{0x0000000744855e10}> (0x0000000744855e10) 
thrown [src/hotspot/share/prims/jni.cpp, line 535]
Event: 39.473 Thread 0x0000ffffb5783300 Exception <a 'sun/nio/fs/UnixException'{0x00000007448560c0}> (0x00000007448560c0) 
thrown [src/hotspot/share/prims/jni.cpp, line 535]
Event: 39.525 Thread 0x0000ffffb40316d0 Implicit null exception at 0x0000ffffa99c2f18 to 0x0000ffffa99c4314
Event: 40.473 Thread 0x0000fffe78003fe0 Implicit null exception at 0x0000ffffa9503fac to 0x0000ffffa95041d4
Event: 40.473 Thread 0x0000fffe7c004e70 Implicit null exception at 0x0000ffffa9503fac to 0x0000ffffa95041d4
Event: 40.473 Thread 0x0000fffe740058c0 Implicit null exception at 0x0000ffffa9503fac to 0x0000ffffa95041d4
Event: 40.473 Thread 0x0000fffe70004e70 Implicit null exception at 0x0000ffffa9503fac to 0x0000ffffa95041d4
Event: 40.473 Thread 0x0000fffe94655a00 Implicit null exception at 0x0000ffffa9503fac to 0x0000ffffa95041d4
Event: 40.473 Thread 0x0000fffe80018000 Implicit null exception at 0x0000ffffa9503fac to 0x0000ffffa95041d4
Event: 40.473 Thread 0x0000fffe7c004150 Implicit null exception at 0x0000ffffa9503fac to 0x0000ffffa95041d4
Event: 40.473 Thread 0x0000fffec809abf0 Implicit null exception at 0x0000ffffa9503fac to 0x0000ffffa95041d4
Event: 40.473 Thread 0x0000fffe80018ea0 Implicit null exception at 0x0000ffffa9503fac to 0x0000ffffa95041d4
Event: 40.552 Thread 0x0000ffffb40316d0 Exception <a 'sun/nio/fs/UnixException'{0x00000007440a2568}> (0x00000007440a2568) 
thrown [src/hotspot/share/prims/jni.cpp, line 535]

VM Operations (20 events):
Event: 36.629 Executing safepoint VM operation: G1PauseRemark done
Event: 36.694 Executing safepoint VM operation: G1PauseCleanup
Event: 36.694 Executing safepoint VM operation: G1PauseCleanup done
Event: 37.175 Executing safepoint VM operation: G1CollectForAllocation (G1 Evacuation Pause)
Event: 37.182 Executing safepoint VM operation: G1CollectForAllocation (G1 Evacuation Pause) done
Event: 37.840 Executing safepoint VM operation: G1CollectForAllocation (G1 Evacuation Pause)
Event: 37.861 Executing safepoint VM operation: G1CollectForAllocation (G1 Evacuation Pause) done
Event: 38.608 Executing non-safepoint VM operation: HandshakeAllThreads (Deoptimize)
Event: 38.611 Executing non-safepoint VM operation: HandshakeAllThreads (Deoptimize) done
Event: 38.650 Executing safepoint VM operation: G1CollectForAllocation (G1 Evacuation Pause)
Event: 38.658 Executing safepoint VM operation: G1CollectForAllocation (G1 Evacuation Pause) done
Event: 38.703 Executing safepoint VM operation: G1CollectForAllocation (G1 Evacuation Pause)
Event: 38.721 Executing safepoint VM operation: G1CollectForAllocation (G1 Evacuation Pause) done
Event: 38.775 Executing safepoint VM operation: G1CollectForAllocation (G1 Evacuation Pause)
Event: 38.794 Executing safepoint VM operation: G1CollectForAllocation (G1 Evacuation Pause) done
Event: 38.890 Executing safepoint VM operation: G1PauseRemark
Event: 38.897 Executing safepoint VM operation: G1PauseRemark done
Event: 38.976 Executing safepoint VM operation: G1PauseCleanup
Event: 38.977 Executing safepoint VM operation: G1PauseCleanup done
Event: 40.554 Executing safepoint VM operation: Exit

Memory protections (20 events):
Event: 14.178 Protecting memory [0x0000fffe6fc00000,0x0000fffe6fc0c000] with protection modes 0
Event: 14.189 Protecting memory [0x0000fffe6fa00000,0x0000fffe6fa0c000] with protection modes 0
Event: 14.189 Protecting memory [0x0000fffe6f800000,0x0000fffe6f80c000] with protection modes 0
Event: 15.344 Protecting memory [0x0000fffe6f600000,0x0000fffe6f60c000] with protection modes 0
Event: 15.360 Protecting memory [0x0000fffe6f400000,0x0000fffe6f40c000] with protection modes 0
Event: 15.365 Protecting memory [0x0000fffe6f200000,0x0000fffe6f20c000] with protection modes 0
Event: 18.235 Protecting memory [0x0000ffff91c00000,0x0000ffff91c0c000] with protection modes 0
Event: 18.600 Protecting memory [0x0000ffff9cddc000,0x0000ffff9cde8000] with protection modes 0
Event: 30.666 Protecting memory [0x0000ffff9cfdc000,0x0000ffff9cfe8000] with protection modes 0
Event: 30.690 Protecting memory [0x0000ffff91c00000,0x0000ffff91c0c000] with protection modes 0
Event: 35.360 Protecting memory [0x0000ffff9cfdc000,0x0000ffff9cfe8000] with protection modes 0
Event: 36.361 Protecting memory [0x0000ffff9cfdc000,0x0000ffff9cfe8000] with protection modes 0
Event: 38.621 Protecting memory [0x0000ffff9cfdc000,0x0000ffff9cfe8000] with protection modes 0
Event: 38.629 Protecting memory [0x0000ffff91c00000,0x0000ffff91c0c000] with protection modes 0
Event: 39.500 Protecting memory [0x0000ffff9cddc000,0x0000ffff9cde8000] with protection modes 0
Event: 40.422 Protecting memory [0x0000ffff9cddc000,0x0000ffff9cde8000] with protection modes 0
Event: 40.442 Protecting memory [0x0000ffff9cddc000,0x0000ffff9cde8000] with protection modes 0
Event: 40.550 Protecting memory [0x0000fffe6fc00000,0x0000fffe6fc0c000] with protection modes 0
Event: 40.551 Protecting memory [0x0000fffe6fe00000,0x0000fffe6fe0c000] with protection modes 0
Event: 40.551 Protecting memory [0x0000fffe6f800000,0x0000fffe6f80c000] with protection modes 0

Nmethod flushes (20 events):
Event: 38.895 Thread 0x0000ffffb420daa0 flushing  nmethod 0x0000ffffa25b4948
Event: 38.895 Thread 0x0000ffffb420daa0 flushing  nmethod 0x0000ffffa25bafc8
Event: 38.895 Thread 0x0000ffffb420daa0 flushing  nmethod 0x0000ffffa2817248
Event: 38.895 Thread 0x0000ffffb420daa0 flushing  nmethod 0x0000ffffa2af5d48
Event: 38.895 Thread 0x0000ffffb420daa0 flushing  nmethod 0x0000ffffa2afc348
Event: 38.895 Thread 0x0000ffffb420daa0 flushing  nmethod 0x0000ffffa2be5fc8
Event: 38.895 Thread 0x0000ffffb420daa0 flushing  nmethod 0x0000ffffa2ce1008
Event: 38.895 Thread 0x0000ffffb420daa0 flushing  nmethod 0x0000ffffa2639188
Event: 38.895 Thread 0x0000ffffb420daa0 flushing  nmethod 0x0000ffffa26a29c8
Event: 38.895 Thread 0x0000ffffb420daa0 flushing  nmethod 0x0000ffffa26e9a48
Event: 38.895 Thread 0x0000ffffb420daa0 flushing  nmethod 0x0000ffffa281cac8
Event: 38.895 Thread 0x0000ffffb420daa0 flushing  nmethod 0x0000ffffa2857e48
Event: 38.895 Thread 0x0000ffffb420daa0 flushing  nmethod 0x0000ffffa28cbc08
Event: 38.895 Thread 0x0000ffffb420daa0 flushing  nmethod 0x0000ffffa28d71c8
Event: 38.895 Thread 0x0000ffffb420daa0 flushing  nmethod 0x0000ffffa28d8488
Event: 38.895 Thread 0x0000ffffb420daa0 flushing  nmethod 0x0000ffffa2993848
Event: 38.895 Thread 0x0000ffffb420daa0 flushing  nmethod 0x0000ffffa2a39308
Event: 38.895 Thread 0x0000ffffb420daa0 flushing  nmethod 0x0000ffffa2b4ef48
Event: 38.895 Thread 0x0000ffffb420daa0 flushing  nmethod 0x0000ffffa2b505c8
Event: 38.895 Thread 0x0000ffffb420daa0 flushing osr nmethod 0x0000ffffa2d42648

Events (20 events):
Event: 40.473 Thread 0x0000fffe740058c0 Thread exited: 0x0000fffe740058c0
Event: 40.473 Thread 0x0000fffe94655a00 Thread exited: 0x0000fffe94655a00
Event: 40.473 Thread 0x0000fffe78003fe0 Thread exited: 0x0000fffe78003fe0
Event: 40.473 Thread 0x0000ffffb793e310 Thread exited: 0x0000ffffb793e310
Event: 40.473 Thread 0x0000ffffb793f0b0 Thread exited: 0x0000ffffb793f0b0
Event: 40.473 Thread 0x0000fffeb4019de0 Thread exited: 0x0000fffeb4019de0
Event: 40.473 Thread 0x0000fffec809abf0 Thread exited: 0x0000fffec809abf0
Event: 40.473 Thread 0x0000fffe80018000 Thread exited: 0x0000fffe80018000
Event: 40.473 Thread 0x0000fffe7c004e70 Thread exited: 0x0000fffe7c004e70
Event: 40.474 Thread 0x0000fffe7c004150 Thread exited: 0x0000fffe7c004150
Event: 40.474 Thread 0x0000fffe70004e70 Thread exited: 0x0000fffe70004e70
Event: 40.474 Thread 0x0000fffe80018ea0 Thread exited: 0x0000fffe80018ea0
Event: 40.550 Thread 0x0000ffffb40316d0 Thread added: 0x0000fffe943b1cb0
Event: 40.551 Thread 0x0000ffffb40316d0 Thread added: 0x0000ffffb7e985e0
Event: 40.551 Thread 0x0000ffffb40316d0 Thread added: 0x0000fffe94550ce0
Event: 40.551 Thread 0x0000fffe943b1cb0 Thread exited: 0x0000fffe943b1cb0
Event: 40.551 Thread 0x0000ffffb7e985e0 Thread exited: 0x0000ffffb7e985e0
Event: 40.552 Thread 0x0000fffe94550ce0 Thread exited: 0x0000fffe94550ce0
Event: 40.553 Thread 0x0000ffffb40316d0 Before exit entered
Event: 40.554 Thread 0x0000ffffb421c250 Thread exited: 0x0000ffffb421c250


Dynamic libraries:
70f800000-752c00000 rw-p 00000000 00:00 0 
752c00000-7fb400000 ---p 00000000 00:00 0 
7fb400000-7ffc00000 rw-p 00000000 00:00 0 
7ffc00000-7ffe50000 rw-p 01d70000 00:25 8789750                          /home/anguscrump/.jdks/jbr-25.0.3/lib/server/classes.jsa
7ffe50000-800000000 rw-p 00000000 00:00 0 
78000000000-78000010000 ---p 00000000 00:00 0 
78000010000-78001d00000 rw-p 00010000 00:25 8789750                      /home/anguscrump/.jdks/jbr-25.0.3/lib/server/classes.jsa
78001d00000-78002000000 ---p 00000000 00:00 0 
78002000000-78002040000 rw-p 00000000 00:00 0 
78002040000-780020e0000 rw-p 00000000 00:00 0 
780020e0000-78002e40000 rw-p 00000000 00:00 0 
78002e40000-78002e80000 rw-p 00000000 00:00 0 
78002e80000-78003170000 rw-p 00000000 00:00 0 
78003170000-78003180000 ---p 00000000 00:00 0 
78003180000-780038f0000 rw-p 00000000 00:00 0 
780038f0000-78042000000 ---p 00000000 00:00 0 
aaab52e50000-aaab52e54000 r-xp 00000000 00:25 8789212                    /home/anguscrump/.jdks/jbr-25.0.3/bin/java
aaab52e6c000-aaab52e70000 r--p 0000c000 00:25 8789212                    /home/anguscrump/.jdks/jbr-25.0.3/bin/java
aaab52e70000-aaab52e74000 rw-p 00010000 00:25 8789212                    /home/anguscrump/.jdks/jbr-25.0.3/bin/java
aaab61c78000-aaab61e00000 rw-p 00000000 00:00 0                          [heap]
fffe49800000-fffe50000000 rw-p 00000000 00:00 0 
fffe50000000-fffe50200000 rw-p 00000000 00:00 0 
fffe50200000-fffe54000000 ---p 00000000 00:00 0 
fffe54000000-fffe54200000 rw-p 00000000 00:00 0 
fffe54200000-fffe58000000 ---p 00000000 00:00 0 
fffe58000000-fffe58200000 rw-p 00000000 00:00 0 
fffe58200000-fffe5c000000 ---p 00000000 00:00 0 
fffe5c000000-fffe5c200000 rw-p 00000000 00:00 0 
fffe5c200000-fffe60000000 ---p 00000000 00:00 0 
fffe60000000-fffe60200000 rw-p 00000000 00:00 0 
fffe60200000-fffe64000000 ---p 00000000 00:00 0 
fffe64000000-fffe64200000 rw-p 00000000 00:00 0 
fffe64200000-fffe68000000 ---p 00000000 00:00 0 
fffe68000000-fffe68200000 rw-p 00000000 00:00 0 
fffe68200000-fffe6c000000 ---p 00000000 00:00 0 
fffe6c080000-fffe6f200000 rw-p 00000000 00:00 0 
fffe6f200000-fffe6f20c000 ---p 00000000 00:00 0 
fffe6f20c000-fffe6f400000 rw-p 00000000 00:00 0 
fffe6f400000-fffe6f40c000 ---p 00000000 00:00 0 
fffe6f40c000-fffe6f600000 rw-p 00000000 00:00 0 
fffe6f600000-fffe6f60c000 ---p 00000000 00:00 0 
fffe6f60c000-fffe6f800000 rw-p 00000000 00:00 0 
fffe6f800000-fffe6f80c000 ---p 00000000 00:00 0 
fffe6f80c000-fffe6fa00000 rw-p 00000000 00:00 0 
fffe6fc00000-fffe6fc0c000 ---p 00000000 00:00 0 
fffe6fc0c000-fffe6fe00000 rw-p 00000000 00:00 0 
fffe6fe00000-fffe6fe0c000 ---p 00000000 00:00 0 
fffe6fe0c000-fffe70000000 rw-p 00000000 00:00 0 
fffe70000000-fffe70200000 rw-p 00000000 00:00 0 
fffe70200000-fffe74000000 ---p 00000000 00:00 0 
fffe74000000-fffe74200000 rw-p 00000000 00:00 0 
fffe74200000-fffe78000000 ---p 00000000 00:00 0 
fffe78000000-fffe78200000 rw-p 00000000 00:00 0 
fffe78200000-fffe7c000000 ---p 00000000 00:00 0 
fffe7c000000-fffe7c200000 rw-p 00000000 00:00 0 
fffe7c200000-fffe80000000 ---p 00000000 00:00 0 
fffe80000000-fffe80200000 rw-p 00000000 00:00 0 
fffe80200000-fffe84000000 ---p 00000000 00:00 0 
fffe84000000-fffe84200000 rw-p 00000000 00:00 0 
fffe84200000-fffe88000000 ---p 00000000 00:00 0 
fffe88360000-fffe8836c000 ---p 00000000 00:00 0 
fffe8836c000-fffe88560000 rw-p 00000000 00:00 0 
fffe90000000-fffe90200000 rw-p 00000000 00:00 0 
fffe90200000-fffe94000000 ---p 00000000 00:00 0 
fffe94000000-fffe94200000 rw-p 00000000 00:00 0 
fffe94200000-fffe94800000 rw-p 00000000 00:00 0 
fffe94800000-fffe98000000 ---p 00000000 00:00 0 
fffe98000000-fffe98200000 rw-p 00000000 00:00 0 
fffe98200000-fffe9c000000 ---p 00000000 00:00 0 
fffe9c000000-fffe9c200000 rw-p 00000000 00:00 0 
fffe9c200000-fffea0000000 ---p 00000000 00:00 0 
fffea2280000-fffea228c000 ---p 00000000 00:00 0 
fffea228c000-fffea2480000 rw-p 00000000 00:00 0 
fffea2680000-fffea268c000 ---p 00000000 00:00 0 
fffea268c000-fffea2880000 rw-p 00000000 00:00 0 
fffea2a80000-fffea5c00000 rw-p 00000000 00:00 0 
fffea5d00000-fffea5f80000 rw-p 00000000 00:00 0 
fffea5f80000-fffea5f8c000 ---p 00000000 00:00 0 
fffea5f8c000-fffea6180000 rw-p 00000000 00:00 0 
fffea6180000-fffea8000000 rw-p 00000000 00:00 0 
fffea8000000-fffea8200000 rw-p 00000000 00:00 0 
fffea8200000-fffeac000000 ---p 00000000 00:00 0 
fffeac000000-fffeac200000 rw-p 00000000 00:00 0 
fffeac200000-fffeb0000000 ---p 00000000 00:00 0 
fffeb0000000-fffeb0200000 rw-p 00000000 00:00 0 
fffeb0200000-fffeb4000000 ---p 00000000 00:00 0 
fffeb4000000-fffeb4200000 rw-p 00000000 00:00 0 
fffeb4200000-fffeb8000000 ---p 00000000 00:00 0 
fffeb8100000-fffeb9a00000 rw-p 00000000 00:00 0 
fffeb9b80000-fffeba180000 rw-p 00000000 00:00 0 
fffeba780000-fffebae00000 rw-p 00000000 00:00 0 
fffebaf00000-fffebc000000 rw-p 00000000 00:00 0 
fffebc000000-fffebc200000 rw-p 00000000 00:00 0 
fffebc200000-fffec0000000 ---p 00000000 00:00 0 
fffec0000000-fffec0200000 rw-p 00000000 00:00 0 
fffec0200000-fffec4000000 ---p 00000000 00:00 0 
fffec4000000-fffec4200000 rw-p 00000000 00:00 0 
fffec4200000-fffec8000000 ---p 00000000 00:00 0 
fffec8000000-fffec8200000 rw-p 00000000 00:00 0 
fffec8200000-fffecc000000 ---p 00000000 00:00 0 
fffecc000000-fffecc200000 rw-p 00000000 00:00 0 
fffecc200000-fffed0000000 ---p 00000000 00:00 0 
fffed0000000-fffed0200000 rw-p 00000000 00:00 0 
fffed0200000-fffed1e00000 rw-p 00000000 00:00 0 
fffed1e00000-fffed4000000 ---p 00000000 00:00 0 
fffed4000000-fffed4c00000 rw-p 00000000 00:00 0 
fffed53f0000-fffed5480000 r-xp 00000000 00:25 3200165                    /usr/lib64/libflite_cmulex.so.2.2
fffed5480000-fffed548c000 ---p 00090000 00:25 3200165                    /usr/lib64/libflite_cmulex.so.2.2
fffed548c000-fffed5490000 r--p 0008c000 00:25 3200165                    /usr/lib64/libflite_cmulex.so.2.2
fffed5490000-fffed5494000 rw-p 00000000 00:00 0 
fffed54a0000-fffed54b0000 r-xp 00000000 00:25 3200167                    /usr/lib64/libflite_usenglish.so.2.2
fffed54b0000-fffed54b4000 ---p 00010000 00:25 3200167                    /usr/lib64/libflite_usenglish.so.2.2
fffed54b4000-fffed54c0000 r--p 00014000 00:25 3200167                    /usr/lib64/libflite_usenglish.so.2.2
fffed54c0000-fffed54c4000 rw-p 00000000 00:00 0 
fffed54d0000-fffed5898000 r-xp 00000000 00:25 3200159                    /usr/lib64/libflite_cmu_us_kal16.so.2.2
fffed5898000-fffed58a8000 ---p 003c8000 00:25 3200159                    /usr/lib64/libflite_cmu_us_kal16.so.2.2
fffed58a8000-fffed58b0000 r--p 003c8000 00:25 3200159                    /usr/lib64/libflite_cmu_us_kal16.so.2.2
fffed58b0000-fffed58b4000 rw-p 003d0000 00:25 3200159                    /usr/lib64/libflite_cmu_us_kal16.so.2.2
fffed58c0000-fffed5904000 r-xp 00000000 00:25 3101837                    /usr/lib64/libmp3lame.so.0.0.0
fffed5904000-fffed591c000 ---p 00044000 00:25 3101837                    /usr/lib64/libmp3lame.so.0.0.0
fffed591c000-fffed5920000 r--p 0004c000 00:25 3101837                    /usr/lib64/libmp3lame.so.0.0.0
fffed5920000-fffed5950000 rw-p 00000000 00:00 0 
fffed5960000-fffed59b0000 r-xp 00000000 00:25 3105171                    /usr/lib64/libmpg123.so.0.48.3
fffed59b0000-fffed59bc000 ---p 00050000 00:25 3105171                    /usr/lib64/libmpg123.so.0.48.3
fffed59bc000-fffed59c0000 r--p 0004c000 00:25 3105171                    /usr/lib64/libmpg123.so.0.48.3
fffed59c0000-fffed59c4000 rw-p 00050000 00:25 3105171                    /usr/lib64/libmpg123.so.0.48.3
fffed59d0000-fffed59d8000 r-xp 00000000 00:25 3101183                    /usr/lib64/libogg.so.0.8.6
fffed59d8000-fffed59ec000 ---p 00008000 00:25 3101183                    /usr/lib64/libogg.so.0.8.6
fffed59ec000-fffed59f0000 r--p 0000c000 00:25 3101183                    /usr/lib64/libogg.so.0.8.6
fffed59f0000-fffed59f4000 rw-p 00000000 00:00 0 
fffed5a00000-fffedc000000 rw-p 00000000 00:00 0 
fffedc000000-fffedc200000 rw-p 00000000 00:00 0 
fffedc200000-fffee0000000 ---p 00000000 00:00 0 
fffee0000000-fffee0200000 rw-p 00000000 00:00 0 
fffee0200000-fffee4000000 ---p 00000000 00:00 0 
fffee4020000-fffee4088000 r-xp 00000000 00:25 3101166                    /usr/lib64/libopus.so.0.11.0
fffee4088000-fffee409c000 ---p 00068000 00:25 3101166                    /usr/lib64/libopus.so.0.11.0
fffee409c000-fffee40a0000 r--p 0006c000 00:25 3101166                    /usr/lib64/libopus.so.0.11.0
fffee40a0000-fffee40a4000 rw-p 00000000 00:00 0 
fffee40b0000-fffee4128000 r-xp 00000000 00:25 3101194                    /usr/lib64/libvorbisenc.so.2.0.12
fffee4128000-fffee4138000 ---p 00078000 00:25 3101194                    /usr/lib64/libvorbisenc.so.2.0.12
fffee4138000-fffee4150000 r--p 00078000 00:25 3101194                    /usr/lib64/libvorbisenc.so.2.0.12
fffee4150000-fffee4154000 rw-p 00090000 00:25 3101194                    /usr/lib64/libvorbisenc.so.2.0.12
fffee4160000-fffee418c000 r-xp 00000000 00:25 3101192                    /usr/lib64/libvorbis.so.0.4.9
fffee418c000-fffee419c000 ---p 0002c000 00:25 3101192                    /usr/lib64/libvorbis.so.0.4.9
fffee419c000-fffee41a0000 r--p 0002c000 00:25 3101192                    /usr/lib64/libvorbis.so.0.4.9
fffee41a0000-fffee41a4000 rw-p 00000000 00:00 0 
fffee41b0000-fffee41f0000 r-xp 00000000 00:25 3101748                    /usr/lib64/libFLAC.so.14.0.0
fffee41f0000-fffee41fc000 ---p 00040000 00:25 3101748                    /usr/lib64/libFLAC.so.14.0.0
fffee41fc000-fffee4200000 r--p 0004c000 00:25 3101748                    /usr/lib64/libFLAC.so.14.0.0
fffee4200000-fffee4204000 rw-p 00050000 00:25 3101748                    /usr/lib64/libFLAC.so.14.0.0
fffee4210000-fffee421c000 r-xp 00000000 00:25 3104966                    /usr/lib64/libgsm.so.1.0.24
fffee421c000-fffee422c000 ---p 0000c000 00:25 3104966                    /usr/lib64/libgsm.so.1.0.24
fffee422c000-fffee4230000 r--p 0000c000 00:25 3104966                    /usr/lib64/libgsm.so.1.0.24
fffee4230000-fffee4234000 rw-p 00010000 00:25 3104966                    /usr/lib64/libgsm.so.1.0.24
fffee4240000-fffee4248000 r-xp 00000000 00:25 3200036                    /usr/lib64/libasyncns.so.0.3.1
fffee4248000-fffee425c000 ---p 00008000 00:25 3200036                    /usr/lib64/libasyncns.so.0.3.1
fffee425c000-fffee4260000 r--p 0000c000 00:25 3200036                    /usr/lib64/libasyncns.so.0.3.1
fffee4260000-fffee4264000 rw-p 00000000 00:00 0 
fffee4270000-fffee42e8000 r-xp 00000000 00:25 3105180                    /usr/lib64/libsndfile.so.1.0.37
fffee42e8000-fffee42fc000 ---p 00078000 00:25 3105180                    /usr/lib64/libsndfile.so.1.0.37
fffee42fc000-fffee4300000 r--p 0007c000 00:25 3105180                    /usr/lib64/libsndfile.so.1.0.37
fffee4300000-fffee4304000 rw-p 00080000 00:25 3105180                    /usr/lib64/libsndfile.so.1.0.37
fffee4310000-fffee438c000 r-xp 00000000 00:25 3200048                    /usr/lib64/pulseaudio/libpulsecommon-17.0.so
fffee438c000-fffee439c000 ---p 0007c000 00:25 3200048                    /usr/lib64/pulseaudio/libpulsecommon-17.0.so
fffee439c000-fffee43a0000 r--p 0007c000 00:25 3200048                    /usr/lib64/pulseaudio/libpulsecommon-17.0.so
fffee43a0000-fffee43a4000 rw-p 00080000 00:25 3200048                    /usr/lib64/pulseaudio/libpulsecommon-17.0.so
fffee43b0000-fffee43fc000 r-xp 00000000 00:25 3200047                    /usr/lib64/libpulse.so.0.24.3
fffee43fc000-fffee440c000 ---p 0004c000 00:25 3200047                    /usr/lib64/libpulse.so.0.24.3
fffee440c000-fffee4410000 r--p 0004c000 00:25 3200047                    /usr/lib64/libpulse.so.0.24.3
fffee4410000-fffee4414000 rw-p 00050000 00:25 3200047                    /usr/lib64/libpulse.so.0.24.3
fffee4420000-fffee4424000 r-xp 00000000 00:25 3200045                    /usr/lib64/libpulse-simple.so.0.1.1
fffee4424000-fffee443c000 ---p 00004000 00:25 3200045                    /usr/lib64/libpulse-simple.so.0.1.1
fffee443c000-fffee4440000 r--p 0000c000 00:25 3200045                    /usr/lib64/libpulse-simple.so.0.1.1
fffee4440000-fffee4444000 rw-p 00000000 00:00 0 
fffee4470000-fffee44ac000 r-xp 00000000 00:25 3200143                    /usr/lib64/libflite.so.2.2
fffee44ac000-fffee44bc000 ---p 0003c000 00:25 3200143                    /usr/lib64/libflite.so.2.2
fffee44bc000-fffee44c0000 r--p 0003c000 00:25 3200143                    /usr/lib64/libflite.so.2.2
fffee44c0000-fffee44c4000 rw-p 00040000 00:25 3200143                    /usr/lib64/libflite.so.2.2
fffee4600000-fffee7600000 rw-p 00000000 00:00 0 
fffee7600000-fffee7e10000 rw-p 00000000 00:00 0 
fffee7e10000-fffee7e34000 r-xp 00000000 00:25 3826951                    /usr/lib64/pipewire-0.3/libpipewire-module-session-manager.so
fffee7e34000-fffee7e4c000 ---p 00024000 00:25 3826951                    /usr/lib64/pipewire-0.3/libpipewire-module-session-manager.so
fffee7e4c000-fffee7e50000 r--p 0002c000 00:25 3826951                    /usr/lib64/pipewire-0.3/libpipewire-module-session-manager.so
fffee7e50000-fffee7e54000 rw-p 00000000 00:00 0 
fffee7e60000-fffee7e6c000 r-xp 00000000 00:25 3826933                    /usr/lib64/pipewire-0.3/libpipewire-module-metadata.so
fffee7e6c000-fffee7e7c000 ---p 0000c000 00:25 3826933                    /usr/lib64/pipewire-0.3/libpipewire-module-metadata.so
fffee7e7c000-fffee7e80000 r--p 0000c000 00:25 3826933                    /usr/lib64/pipewire-0.3/libpipewire-module-metadata.so
fffee7e80000-fffee7e84000 rw-p 00010000 00:25 3826933                    /usr/lib64/pipewire-0.3/libpipewire-module-metadata.so
fffee7e90000-fffee7e98000 r-xp 00000000 00:25 3826923                    /usr/lib64/pipewire-0.3/libpipewire-module-adapter.so
fffee7e98000-fffee7eac000 ---p 00008000 00:25 3826923                    /usr/lib64/pipewire-0.3/libpipewire-module-adapter.so
fffee7eac000-fffee7eb0000 r--p 0000c000 00:25 3826923                    /usr/lib64/pipewire-0.3/libpipewire-module-adapter.so
fffee7eb0000-fffee7eb4000 rw-p 00010000 00:25 3826923                    /usr/lib64/pipewire-0.3/libpipewire-module-adapter.so
fffee7ec0000-fffee7ed0000 r-xp 00000000 00:25 3826925                    /usr/lib64/pipewire-0.3/libpipewire-module-client-device.so
fffee7ed0000-fffee7edc000 ---p 00010000 00:25 3826925                    /usr/lib64/pipewire-0.3/libpipewire-module-client-device.so
fffee7edc000-fffee7ee0000 r--p 0000c000 00:25 3826925                    /usr/lib64/pipewire-0.3/libpipewire-module-client-device.so
fffee7ee0000-fffee7ee4000 rw-p 00010000 00:25 3826925                    /usr/lib64/pipewire-0.3/libpipewire-module-client-device.so
fffee7ef0000-fffee7f14000 r-xp 00000000 00:25 3826926                    /usr/lib64/pipewire-0.3/libpipewire-module-client-node.so
fffee7f14000-fffee7f2c000 ---p 00024000 00:25 3826926                    /usr/lib64/pipewire-0.3/libpipewire-module-client-node.so
fffee7f2c000-fffee7f30000 r--p 0002c000 00:25 3826926                    /usr/lib64/pipewire-0.3/libpipewire-module-client-node.so
fffee7f30000-fffee7f34000 rw-p 00030000 00:25 3826926                    /usr/lib64/pipewire-0.3/libpipewire-module-client-node.so
fffee7f40000-fffee7fdc000 r-xp 00000000 00:25 3099166                    /usr/lib64/libpcre2-8.so.0.15.0
fffee7fdc000-fffee7fec000 ---p 0009c000 00:25 3099166                    /usr/lib64/libpcre2-8.so.0.15.0
fffee7fec000-fffee7ff0000 r--p 0009c000 00:25 3099166                    /usr/lib64/libpcre2-8.so.0.15.0
fffee7ff0000-fffee7ff4000 rw-p 000a0000 00:25 3099166                    /usr/lib64/libpcre2-8.so.0.15.0
fffee8000000-fffee8030000 r-xp 00000000 00:25 3102648                    /usr/lib64/libselinux.so.1
fffee8030000-fffee803c000 ---p 00030000 00:25 3102648                    /usr/lib64/libselinux.so.1
fffee803c000-fffee8040000 r--p 0002c000 00:25 3102648                    /usr/lib64/libselinux.so.1
fffee8040000-fffee8044000 rw-p 00030000 00:25 3102648                    /usr/lib64/libselinux.so.1
fffee8050000-fffee807c000 r-xp 00000000 00:25 3826940                    /usr/lib64/pipewire-0.3/libpipewire-module-protocol-native.so
fffee807c000-fffee8084000 ---p 0002c000 00:25 3826940                    /usr/lib64/pipewire-0.3/libpipewire-module-protocol-native.so
fffee8084000-fffee8090000 r--p 00034000 00:25 3826940                    /usr/lib64/pipewire-0.3/libpipewire-module-protocol-native.so
fffee8090000-fffee8094000 rw-p 00040000 00:25 3826940                    /usr/lib64/pipewire-0.3/libpipewire-module-protocol-native.so
fffee80a0000-fffee88b0000 rw-p 00000000 00:00 0 
fffee88b0000-fffee88b8000 r-xp 00000000 00:25 3826945                    /usr/lib64/pipewire-0.3/libpipewire-module-rt.so
fffee88b8000-fffee88cc000 ---p 00008000 00:25 3826945                    /usr/lib64/pipewire-0.3/libpipewire-module-rt.so
fffee88cc000-fffee88d0000 r--p 0000c000 00:25 3826945                    /usr/lib64/pipewire-0.3/libpipewire-module-rt.so
fffee88d0000-fffee88d4000 rw-p 00010000 00:25 3826945                    /usr/lib64/pipewire-0.3/libpipewire-module-rt.so
fffee88e0000-fffee8934000 r-xp 00000000 00:25 3098658                    /usr/lib64/libdbus-1.so.3.38.3
fffee8934000-fffee894c000 ---p 00054000 00:25 3098658                    /usr/lib64/libdbus-1.so.3.38.3
fffee894c000-fffee8950000 r--p 0005c000 00:25 3098658                    /usr/lib64/libdbus-1.so.3.38.3
fffee8950000-fffee8954000 rw-p 00060000 00:25 3098658                    /usr/lib64/libdbus-1.so.3.38.3
fffee8960000-fffee8968000 r-xp 00000000 00:25 3826985                    /usr/lib64/spa-0.2/support/libspa-dbus.so
fffee8968000-fffee897c000 ---p 00008000 00:25 3826985                    /usr/lib64/spa-0.2/support/libspa-dbus.so
fffee897c000-fffee8980000 r--p 0000c000 00:25 3826985                    /usr/lib64/spa-0.2/support/libspa-dbus.so
fffee8980000-fffee8984000 rw-p 00010000 00:25 3826985                    /usr/lib64/spa-0.2/support/libspa-dbus.so
fffee8990000-fffee8aac000 r-xp 00000000 00:25 3098609                    /usr/lib64/libsystemd.so.0.42.0
fffee8aac000-fffee8ab4000 ---p 0011c000 00:25 3098609                    /usr/lib64/libsystemd.so.0.42.0
fffee8ab4000-fffee8ac0000 r--p 00124000 00:25 3098609                    /usr/lib64/libsystemd.so.0.42.0
fffee8ac0000-fffee8ac4000 rw-p 00130000 00:25 3098609                    /usr/lib64/libsystemd.so.0.42.0
fffee8ad0000-fffee8b7c000 r-xp 00000000 00:25 3826921                    /usr/lib64/libpipewire-0.3.so.0.1605.0
fffee8b7c000-fffee8b84000 ---p 000ac000 00:25 3826921                    /usr/lib64/libpipewire-0.3.so.0.1605.0
fffee8b84000-fffee8ba0000 r--p 000b4000 00:25 3826921                    /usr/lib64/libpipewire-0.3.so.0.1605.0
fffee8ba0000-fffee8ba4000 rw-p 000d0000 00:25 3826921                    /usr/lib64/libpipewire-0.3.so.0.1605.0
fffee8bb0000-fffee8d44000 r-xp 00000000 00:2b 2584                       /tmp/lwjgl_anguscrump/3.4.1-snapshot/arm64/libopenal.so
fffee8d44000-fffee8d50000 ---p 00194000 00:2b 2584                       /tmp/lwjgl_anguscrump/3.4.1-snapshot/arm64/libopenal.so
fffee8d50000-fffee8d5c000 r--p 00190000 00:2b 2584                       /tmp/lwjgl_anguscrump/3.4.1-snapshot/arm64/libopenal.so
fffee8d5c000-fffee8d60000 rw-p 0019c000 00:2b 2584                       /tmp/lwjgl_anguscrump/3.4.1-snapshot/arm64/libopenal.so
fffee8d60000-fffee8e44000 rw-p 00000000 00:00 0 
fffee8f50000-fffee91d0000 rw-p 00000000 00:00 0 
fffee91d0000-fffee924c000 r-xp 00000000 00:2b 2583                       /tmp/lwjgl_anguscrump/3.4.1-snapshot/arm64/liblwjgl_stb.so
fffee924c000-fffee9258000 ---p 0007c000 00:2b 2583                       /tmp/lwjgl_anguscrump/3.4.1-snapshot/arm64/liblwjgl_stb.so
fffee9258000-fffee925c000 r--p 00078000 00:2b 2583                       /tmp/lwjgl_anguscrump/3.4.1-snapshot/arm64/liblwjgl_stb.so
fffee925c000-fffee9260000 rw-p 0007c000 00:2b 2583                       /tmp/lwjgl_anguscrump/3.4.1-snapshot/arm64/liblwjgl_stb.so
fffee9270000-fffeed558000 r--p 00000000 00:25 3827814                    /usr/lib64/libLLVM.so.22.1
fffeed558000-fffeed564000 ---p 042e8000 00:25 3827814                    /usr/lib64/libLLVM.so.22.1
fffeed564000-fffef1598000 r-xp 042e4000 00:25 3827814                    /usr/lib64/libLLVM.so.22.1
fffef1598000-fffef15a4000 ---p 08328000 00:25 3827814                    /usr/lib64/libLLVM.so.22.1
fffef15a4000-fffef17c8000 r--p 08314000 00:25 3827814                    /usr/lib64/libLLVM.so.22.1
fffef17c8000-fffef17cc000 rw-p 08538000 00:25 3827814                    /usr/lib64/libLLVM.so.22.1
fffef17cc000-fffef17d8000 ---p 0855c000 00:25 3827814                    /usr/lib64/libLLVM.so.22.1
fffef17d8000-fffef17e4000 rw-p 08538000 00:25 3827814                    /usr/lib64/libLLVM.so.22.1
fffef17e4000-fffef1890000 rw-p 00000000 00:00 0 
fffef4000000-fffef4200000 rw-p 00000000 00:00 0 
fffef4200000-fffef8000000 ---p 00000000 00:00 0 
fffef8000000-fffef8200000 rw-p 00000000 00:00 0 
fffef8200000-fffefc000000 ---p 00000000 00:00 0 
fffefc000000-fffefc100000 rw-p 00000000 00:00 0 
fffefc100000-fffefc200000 rw-p 00000000 00:00 0 
fffefc200000-fffefc700000 rw-p 00000000 00:00 0 
fffefc700000-fffefc800000 rw-p 00000000 00:00 0 
fffefc800000-fffefddc0000 rw-p 00000000 00:00 0 
fffefddc0000-fffefe100000 rw-p 00000000 00:00 0 
fffefe100000-fffefe1b0000 rw-p 00000000 00:00 0 
fffefe1b0000-fffefe200000 ---p 00000000 00:00 0 
fffefe200000-fffeff5e0000 rw-p 00000000 00:00 0 
fffeff5e0000-ffff00000000 ---p 00000000 00:00 0 
ffff00000000-ffff00200000 rw-p 00000000 00:00 0 
ffff00200000-ffff04000000 ---p 00000000 00:00 0 
ffff04000000-ffff04200000 rw-p 00000000 00:00 0 
ffff04200000-ffff08000000 ---p 00000000 00:00 0 
ffff08000000-ffff08200000 rw-p 00000000 00:00 0 
ffff08200000-ffff0c000000 ---p 00000000 00:00 0 
ffff0c000000-ffff0c200000 rw-p 00000000 00:00 0 
ffff0c200000-ffff10000000 ---p 00000000 00:00 0 
ffff10000000-ffff10200000 rw-p 00000000 00:00 0 
ffff10200000-ffff14000000 ---p 00000000 00:00 0 
ffff14000000-ffff14200000 rw-p 00000000 00:00 0 
ffff14200000-ffff18000000 ---p 00000000 00:00 0 
ffff18000000-ffff18200000 rw-p 00000000 00:00 0 
ffff18200000-ffff1c000000 ---p 00000000 00:00 0 
ffff1c000000-ffff1c200000 rw-p 00000000 00:00 0 
ffff1c200000-ffff20000000 ---p 00000000 00:00 0 
ffff20000000-ffff20200000 rw-p 00000000 00:00 0 
ffff20200000-ffff24000000 ---p 00000000 00:00 0 
ffff24000000-ffff24200000 rw-p 00000000 00:00 0 
ffff24200000-ffff28000000 ---p 00000000 00:00 0 
ffff28000000-ffff28200000 rw-p 00000000 00:00 0 
ffff28200000-ffff2c000000 ---p 00000000 00:00 0 
ffff2c000000-ffff2c200000 rw-p 00000000 00:00 0 
ffff2c200000-ffff30000000 ---p 00000000 00:00 0 
ffff30000000-ffff30200000 rw-p 00000000 00:00 0 
ffff30200000-ffff34000000 ---p 00000000 00:00 0 
ffff34000000-ffff34200000 rw-p 00000000 00:00 0 
ffff34200000-ffff38000000 ---p 00000000 00:00 0 
ffff38000000-ffff38200000 rw-p 00000000 00:00 0 
ffff38200000-ffff39800000 rw-p 00000000 00:00 0 
ffff39800000-ffff3c000000 ---p 00000000 00:00 0 
ffff3c000000-ffff3c200000 rw-p 00000000 00:00 0 
ffff3c200000-ffff40000000 ---p 00000000 00:00 0 
ffff40000000-ffff40200000 rw-p 00000000 00:00 0 
ffff40200000-ffff44000000 ---p 00000000 00:00 0 
ffff44000000-ffff44200000 rw-p 00000000 00:00 0 
ffff44200000-ffff45c00000 rw-p 00000000 00:00 0 
ffff45c00000-ffff48000000 ---p 00000000 00:00 0 
ffff48000000-ffff48200000 rw-p 00000000 00:00 0 
ffff48200000-ffff4ba00000 rw-p 00000000 00:00 0 
ffff4ba00000-ffff4c000000 ---p 00000000 00:00 0 
ffff4c000000-ffff4c200000 rw-p 00000000 00:00 0 
ffff4c200000-ffff4e000000 rw-p 00000000 00:00 0 
ffff4e000000-ffff50000000 ---p 00000000 00:00 0 
ffff50000000-ffff50200000 rw-p 00000000 00:00 0 
ffff50200000-ffff54000000 ---p 00000000 00:00 0 
ffff54000000-ffff54200000 rw-p 00000000 00:00 0 
ffff54200000-ffff58000000 ---p 00000000 00:00 0 
ffff58000000-ffff58200000 rw-p 00000000 00:00 0 
ffff58200000-ffff5c000000 ---p 00000000 00:00 0 
ffff5c000000-ffff5c200000 rw-p 00000000 00:00 0 
ffff5c200000-ffff60000000 ---p 00000000 00:00 0 
ffff60000000-ffff60200000 rw-p 00000000 00:00 0 
ffff60200000-ffff64000000 ---p 00000000 00:00 0 
ffff64010000-ffff64014000 r-xp 00000000 00:25 3826986                    /usr/lib64/spa-0.2/support/libspa-journal.so
ffff64014000-ffff6402c000 ---p 00004000 00:25 3826986                    /usr/lib64/spa-0.2/support/libspa-journal.so
ffff6402c000-ffff64030000 r--p 0000c000 00:25 3826986                    /usr/lib64/spa-0.2/support/libspa-journal.so
ffff64030000-ffff64034000 rw-p 00010000 00:25 3826986                    /usr/lib64/spa-0.2/support/libspa-journal.so
ffff64040000-ffff64064000 r-xp 00000000 00:25 3826987                    /usr/lib64/spa-0.2/support/libspa-support.so
ffff64064000-ffff64078000 ---p 00024000 00:25 3826987                    /usr/lib64/spa-0.2/support/libspa-support.so
ffff64078000-ffff64080000 r--p 00028000 00:25 3826987                    /usr/lib64/spa-0.2/support/libspa-support.so
ffff64080000-ffff64084000 rw-p 00030000 00:25 3826987                    /usr/lib64/spa-0.2/support/libspa-support.so
ffff64090000-ffff640a0000 r-xp 00000000 00:25 3115554                    /usr/lib64/libEGL.so.1.1.0
ffff640a0000-ffff640ac000 ---p 00010000 00:25 3115554                    /usr/lib64/libEGL.so.1.1.0
ffff640ac000-ffff640b0000 r--p 0000c000 00:25 3115554                    /usr/lib64/libEGL.so.1.1.0
ffff640b0000-ffff640b4000 rw-p 00010000 00:25 3115554                    /usr/lib64/libEGL.so.1.1.0
ffff640c0000-ffff64118000 r-xp 00000000 00:2b 2582                       /tmp/lwjgl_anguscrump/3.4.1-snapshot/arm64/liblwjgl_opengl.so
ffff64118000-ffff64128000 ---p 00058000 00:2b 2582                       /tmp/lwjgl_anguscrump/3.4.1-snapshot/arm64/liblwjgl_opengl.so
ffff64128000-ffff6412c000 rw-p 00058000 00:2b 2582                       /tmp/lwjgl_anguscrump/3.4.1-snapshot/arm64/liblwjgl_opengl.so
ffff6457c000-ffff64d8c000 rw-p 00000000 00:00 0 
ffff64f90000-ffff64fc0000 r-xp 00000000 00:25 3098672                    /usr/lib64/liblzma.so.5.8.2
ffff64fc0000-ffff64fcc000 ---p 00030000 00:25 3098672                    /usr/lib64/liblzma.so.5.8.2
ffff64fcc000-ffff64fd0000 r--p 0003c000 00:25 3098672                    /usr/lib64/liblzma.so.5.8.2
ffff64fd0000-ffff64fd4000 rw-p 00000000 00:00 0 
ffff64fe0000-ffff65008000 r-xp 00000000 00:25 3098080                    /usr/lib64/libtinfo.so.6.6
ffff65008000-ffff6501c000 ---p 00028000 00:25 3098080                    /usr/lib64/libtinfo.so.6.6
ffff6501c000-ffff65020000 r--p 0002c000 00:25 3098080                    /usr/lib64/libtinfo.so.6.6
ffff65020000-ffff65024000 rw-p 00030000 00:25 3098080                    /usr/lib64/libtinfo.so.6.6
ffff65030000-ffff6518c000 r-xp 00000000 00:25 3098680                    /usr/lib64/libxml2.so.2.12.10
ffff6518c000-ffff65194000 ---p 0015c000 00:25 3098680                    /usr/lib64/libxml2.so.2.12.10
ffff65194000-ffff651a0000 r--p 00164000 00:25 3098680                    /usr/lib64/libxml2.so.2.12.10
ffff651a0000-ffff651a4000 rw-p 00170000 00:25 3098680                    /usr/lib64/libxml2.so.2.12.10
ffff651b0000-ffff651e4000 r-xp 00000000 00:25 3859435                    /usr/lib64/libedit.so.0.0.78
ffff651e4000-ffff651fc000 ---p 00034000 00:25 3859435                    /usr/lib64/libedit.so.0.0.78
ffff651fc000-ffff65200000 r--p 0003c000 00:25 3859435                    /usr/lib64/libedit.so.0.0.78
ffff65200000-ffff65204000 rw-p 00040000 00:25 3859435                    /usr/lib64/libedit.so.0.0.78
ffff65210000-ffff65228000 r-xp 00000000 00:25 3099018                    /usr/lib64/libffi.so.8.2.0
ffff65228000-ffff6523c000 ---p 00018000 00:25 3099018                    /usr/lib64/libffi.so.8.2.0
ffff6523c000-ffff65240000 r--p 0001c000 00:25 3099018                    /usr/lib64/libffi.so.8.2.0
ffff65240000-ffff65244000 rw-p 00020000 00:25 3099018                    /usr/lib64/libffi.so.8.2.0
ffff65250000-ffff654cc000 r-xp 00000000 00:25 3565243                    /usr/lib64/libstdc++.so.6.0.35
ffff654cc000-ffff654dc000 ---p 0027c000 00:25 3565243                    /usr/lib64/libstdc++.so.6.0.35
ffff654dc000-ffff654f0000 r--p 0027c000 00:25 3565243                    /usr/lib64/libstdc++.so.6.0.35
ffff654f0000-ffff654f4000 rw-p 00290000 00:25 3565243                    /usr/lib64/libstdc++.so.6.0.35
ffff654f4000-ffff654f8000 rw-p 00000000 00:00 0 
ffff657d0000-ffff65894000 r-xp 00000000 00:25 3098619                    /usr/lib64/libzstd.so.1.5.7
ffff65894000-ffff658ac000 ---p 000c4000 00:25 3098619                    /usr/lib64/libzstd.so.1.5.7
ffff658ac000-ffff658b0000 r--p 000cc000 00:25 3098619                    /usr/lib64/libzstd.so.1.5.7
ffff658b0000-ffff658b4000 rw-p 000d0000 00:25 3098619                    /usr/lib64/libzstd.so.1.5.7
ffff65ac0000-ffff65bd8000 r-xp 00000000 00:25 3105144                    /usr/lib64/libGLdispatch.so.0.0.0
ffff65bd8000-ffff65be4000 ---p 00118000 00:25 3105144                    /usr/lib64/libGLdispatch.so.0.0.0
ffff65be4000-ffff65c00000 r--p 00124000 00:25 3105144                    /usr/lib64/libGLdispatch.so.0.0.0
ffff65c00000-ffff65c04000 rw-p 00140000 00:25 3105144                    /usr/lib64/libGLdispatch.so.0.0.0
ffff65c04000-ffff65c0c000 rw-p 00000000 00:00 0 
ffff65c90000-ffff65dd8000 r-xp 00000000 00:25 3101932                    /usr/lib64/libX11.so.6.4.0
ffff65dd8000-ffff65dec000 ---p 00148000 00:25 3101932                    /usr/lib64/libX11.so.6.4.0
ffff65dec000-ffff65df0000 r--p 0014c000 00:25 3101932                    /usr/lib64/libX11.so.6.4.0
ffff65df0000-ffff65df4000 rw-p 00150000 00:25 3101932                    /usr/lib64/libX11.so.6.4.0
ffff65e00000-ffff66000000 rw-p 00000000 00:00 0 
ffff66000000-ffff73e94000 r--p 00000000 00:25 3810908                    /usr/lib/locale/locale-archive
ffff73ed0000-ffff73ed8000 r-xp 00000000 00:25 3101940                    /usr/lib64/libXfixes.so.3.1.0
ffff73ed8000-ffff73eec000 ---p 00008000 00:25 3101940                    /usr/lib64/libXfixes.so.3.1.0
ffff73eec000-ffff73ef0000 r--p 0000c000 00:25 3101940                    /usr/lib64/libXfixes.so.3.1.0
ffff73ef0000-ffff73ef4000 rw-p 00010000 00:25 3101940                    /usr/lib64/libXfixes.so.3.1.0
ffff73f00000-ffff73f0c000 r-xp 00000000 00:25 3101960                    /usr/lib64/libXcursor.so.1.0.2
ffff73f0c000-ffff73f1c000 ---p 0000c000 00:25 3101960                    /usr/lib64/libXcursor.so.1.0.2
ffff73f1c000-ffff73f20000 r--p 0000c000 00:25 3101960                    /usr/lib64/libXcursor.so.1.0.2
ffff73f20000-ffff73f24000 rw-p 00000000 00:00 0 
ffff73f30000-ffff73f3c000 r-xp 00000000 00:25 3101950                    /usr/lib64/libXrender.so.1.3.0
ffff73f3c000-ffff73f4c000 ---p 0000c000 00:25 3101950                    /usr/lib64/libXrender.so.1.3.0
ffff73f4c000-ffff73f50000 r--p 0000c000 00:25 3101950                    /usr/lib64/libXrender.so.1.3.0
ffff73f50000-ffff73f54000 rw-p 00010000 00:25 3101950                    /usr/lib64/libXrender.so.1.3.0
ffff73fc0000-ffff73fd4000 r-xp 00000000 00:25 3101935                    /usr/lib64/libXext.so.6.4.0
ffff73fd4000-ffff73fec000 ---p 00014000 00:25 3101935                    /usr/lib64/libXext.so.6.4.0
ffff73fec000-ffff73ff0000 r--p 0001c000 00:25 3101935                    /usr/lib64/libXext.so.6.4.0
ffff73ff0000-ffff73ff4000 rw-p 00020000 00:25 3101935                    /usr/lib64/libXext.so.6.4.0
ffff74000000-ffff74400000 rw-p 00000000 00:00 0 
ffff74400000-ffff74c00000 rw-p 00000000 00:00 0 
ffff74c00000-ffff75100000 rw-p 00000000 00:00 0 
ffff75100000-ffff75200000 rw-p 00000000 00:00 0 
ffff75200000-ffff77fc0000 rw-p 00000000 00:00 0 
ffff77fc0000-ffff78000000 rw-p 00000000 00:00 0 
ffff78000000-ffff78200000 rw-p 00000000 00:00 0 
ffff78200000-ffff7c000000 ---p 00000000 00:00 0 
ffff7c000000-ffff7c200000 rw-p 00000000 00:00 0 
ffff7c200000-ffff80000000 ---p 00000000 00:00 0 
ffff80000000-ffff80200000 rw-p 00000000 00:00 0 
ffff80200000-ffff84000000 ---p 00000000 00:00 0 
ffff84000000-ffff84200000 rw-p 00000000 00:00 0 
ffff84200000-ffff84600000 rw-p 00000000 00:00 0 
ffff84600000-ffff88000000 ---p 00000000 00:00 0 
ffff88000000-ffff88200000 rw-p 00000000 00:00 0 
ffff88200000-ffff8c000000 ---p 00000000 00:00 0 
ffff8c000000-ffff8c200000 rw-p 00000000 00:00 0 
ffff8c200000-ffff90000000 ---p 00000000 00:00 0 
ffff90040000-ffff90044000 r-xp 00000000 00:25 3101844                    /usr/lib64/libXau.so.6.0.0
ffff90044000-ffff9005c000 ---p 00004000 00:25 3101844                    /usr/lib64/libXau.so.6.0.0
ffff9005c000-ffff90060000 r--p 0000c000 00:25 3101844                    /usr/lib64/libXau.so.6.0.0
ffff90060000-ffff90064000 rw-p 00000000 00:00 0 
ffff90070000-ffff9009c000 r-xp 00000000 00:25 3101927                    /usr/lib64/libxcb.so.1.1.0
ffff9009c000-ffff900ac000 ---p 0002c000 00:25 3101927                    /usr/lib64/libxcb.so.1.1.0
ffff900ac000-ffff900b0000 r--p 0002c000 00:25 3101927                    /usr/lib64/libxcb.so.1.1.0
ffff900b0000-ffff900b4000 rw-p 00030000 00:25 3101927                    /usr/lib64/libxcb.so.1.1.0
ffff900c0000-ffff902c0000 rw-p 00000000 00:00 0 
ffff902c0000-ffff90334000 r-xp 00000000 00:2b 2581                       /tmp/lwjgl_anguscrump/3.4.1-snapshot/arm64/libjemalloc.so
ffff90334000-ffff90340000 ---p 00074000 00:2b 2581                       /tmp/lwjgl_anguscrump/3.4.1-snapshot/arm64/libjemalloc.so
ffff90340000-ffff90344000 r--p 00070000 00:2b 2581                       /tmp/lwjgl_anguscrump/3.4.1-snapshot/arm64/libjemalloc.so
ffff90344000-ffff90348000 rw-p 00074000 00:2b 2581                       /tmp/lwjgl_anguscrump/3.4.1-snapshot/arm64/libjemalloc.so
ffff90348000-ffff903d4000 rw-p 00000000 00:00 0 
ffff903e0000-ffff90454000 r-xp 00000000 00:2b 2580                       /tmp/lwjgl_anguscrump/3.4.1-snapshot/arm64/libglfw.so
ffff90454000-ffff90464000 ---p 00074000 00:2b 2580                       /tmp/lwjgl_anguscrump/3.4.1-snapshot/arm64/libglfw.so
ffff90464000-ffff9046c000 rw-p 00074000 00:2b 2580                       /tmp/lwjgl_anguscrump/3.4.1-snapshot/arm64/libglfw.so
ffff9046c000-ffff90490000 rw-p 00000000 00:00 0 
ffff904a0000-ffff90524000 r-xp 00000000 00:2b 2579                       /tmp/lwjgl_anguscrump/3.4.1-snapshot/arm64/liblwjgl.so
ffff90524000-ffff90530000 ---p 00084000 00:2b 2579                       /tmp/lwjgl_anguscrump/3.4.1-snapshot/arm64/liblwjgl.so
ffff90530000-ffff90534000 r--p 00080000 00:2b 2579                       /tmp/lwjgl_anguscrump/3.4.1-snapshot/arm64/liblwjgl.so
ffff90534000-ffff90538000 rw-p 00084000 00:2b 2579                       /tmp/lwjgl_anguscrump/3.4.1-snapshot/arm64/liblwjgl.so
ffff90540000-ffff90544000 r-xp 00000000 00:25 8789711                    /home/anguscrump/.jdks/jbr-25.0.3/lib/libextnet.so
ffff90544000-ffff9055c000 ---p 00004000 00:25 8789711                    /home/anguscrump/.jdks/jbr-25.0.3/lib/libextnet.so
ffff9055c000-ffff90560000 r--p 0000c000 00:25 8789711                    /home/anguscrump/.jdks/jbr-25.0.3/lib/libextnet.so
ffff90560000-ffff90564000 rw-p 00000000 00:00 0 
ffff90570000-ffff905a0000 r-xp 00000000 00:25 3098606                    /usr/lib64/libnss_resolve.so.2
ffff905a0000-ffff905ac000 ---p 00030000 00:25 3098606                    /usr/lib64/libnss_resolve.so.2
ffff905ac000-ffff905b0000 r--p 0003c000 00:25 3098606                    /usr/lib64/libnss_resolve.so.2
ffff905b0000-ffff905b4000 rw-p 00040000 00:25 3098606                    /usr/lib64/libnss_resolve.so.2
ffff905c0000-ffff90e00000 rw-p 00000000 00:00 0 
ffff91000000-ffff9100c000 ---p 00000000 00:00 0 
ffff9100c000-ffff91200000 rw-p 00000000 00:00 0 
ffff91200000-ffff9120c000 ---p 00000000 00:00 0 
ffff9120c000-ffff91400000 rw-p 00000000 00:00 0 
ffff91600000-ffff9160c000 ---p 00000000 00:00 0 
ffff9160c000-ffff91800000 rw-p 00000000 00:00 0 
ffff91a00000-ffff91a0c000 ---p 00000000 00:00 0 
ffff91a0c000-ffff91c00000 rw-p 00000000 00:00 0 
ffff92000000-ffff94000000 rw-p 00000000 00:00 0 
ffff94000000-ffff94200000 rw-p 00000000 00:00 0 
ffff94200000-ffff98000000 ---p 00000000 00:00 0 
ffff98000000-ffff98200000 rw-p 00000000 00:00 0 
ffff98200000-ffff9c000000 ---p 00000000 00:00 0 
ffff9c010000-ffff9c014000 r-xp 00000000 00:25 3115273                    /usr/lib64/libnss_mdns4_minimal.so.2
ffff9c014000-ffff9c02c000 ---p 00004000 00:25 3115273                    /usr/lib64/libnss_mdns4_minimal.so.2
ffff9c02c000-ffff9c030000 r--p 0000c000 00:25 3115273                    /usr/lib64/libnss_mdns4_minimal.so.2
ffff9c030000-ffff9c034000 rw-p 00000000 00:00 0 
ffff9c040000-ffff9c084000 r-xp 00000000 00:25 3098611                    /usr/lib64/libudev.so.1.7.12
ffff9c084000-ffff9c098000 ---p 00044000 00:25 3098611                    /usr/lib64/libudev.so.1.7.12
ffff9c098000-ffff9c0a0000 r--p 00048000 00:25 3098611                    /usr/lib64/libudev.so.1.7.12
ffff9c0a0000-ffff9c0a4000 rw-p 00050000 00:25 3098611                    /usr/lib64/libudev.so.1.7.12
ffff9c0ac000-ffff9c0b8000 ---p 00000000 00:00 0 
ffff9c0b8000-ffff9c0e0000 rw-p 00000000 00:00 0 
ffff9c0e0000-ffff9c104000 r-xp 00000000 00:25 8813826                    /home/anguscrump/.cache/JNA/temp/jna6658649816300306032.tmp (deleted)
ffff9c104000-ffff9c110000 ---p 00024000 00:25 8813826                    /home/anguscrump/.cache/JNA/temp/jna6658649816300306032.tmp (deleted)
ffff9c110000-ffff9c114000 r--p 00020000 00:25 8813826                    /home/anguscrump/.cache/JNA/temp/jna6658649816300306032.tmp (deleted)
ffff9c114000-ffff9c118000 rw-p 00024000 00:25 8813826                    /home/anguscrump/.cache/JNA/temp/jna6658649816300306032.tmp (deleted)
ffff9c120000-ffff9c130000 r-xp 00000000 00:25 8789741                    /home/anguscrump/.jdks/jbr-25.0.3/lib/libverify.so
ffff9c130000-ffff9c13c000 ---p 00010000 00:25 8789741                    /home/anguscrump/.jdks/jbr-25.0.3/lib/libverify.so
ffff9c13c000-ffff9c140000 r--p 0000c000 00:25 8789741                    /home/anguscrump/.jdks/jbr-25.0.3/lib/libverify.so
ffff9c140000-ffff9c144000 rw-p 00000000 00:00 0 
ffff9c150000-ffff9cba0000 rw-p 00000000 00:00 0 
ffff9cba0000-ffff9cbac000 ---p 00000000 00:00 0 
ffff9cbac000-ffff9cda0000 rw-p 00000000 00:00 0 
ffff9cda0000-ffff9cdc0000 r-xp 00000000 00:25 3565233                    /usr/lib64/libgcc_s-16-20260501.so.1
ffff9cdc0000-ffff9cdcc000 ---p 00020000 00:25 3565233                    /usr/lib64/libgcc_s-16-20260501.so.1
ffff9cdcc000-ffff9cdd0000 r--p 0001c000 00:25 3565233                    /usr/lib64/libgcc_s-16-20260501.so.1
ffff9cdd0000-ffff9cdd4000 rw-p 00000000 00:00 0 
ffff9cddc000-ffff9cde8000 ---p 00000000 00:00 0 
ffff9cde8000-ffff9cfdc000 rw-p 00000000 00:00 0 
ffff9d1dc000-ffff9d1e8000 ---p 00000000 00:00 0 
ffff9d1e8000-ffff9d3dc000 rw-p 00000000 00:00 0 
ffff9d3dc000-ffff9e4ac000 rw-p 00000000 00:00 0 
ffff9e4ac000-ffffa0ecc000 ---p 00000000 00:00 0 
ffffa0ecc000-ffffa0ffc000 rw-p 00000000 00:00 0 
ffffa0ffc000-ffffa2e0c000 rwxp 00000000 00:00 0 
ffffa2e0c000-ffffa8534000 ---p 00000000 00:00 0 
ffffa8534000-ffffa88b4000 rwxp 00000000 00:00 0 
ffffa88b4000-ffffa8ac8000 ---p 00000000 00:00 0 
ffffa8ac8000-ffffa9a18000 rwxp 00000000 00:00 0 
ffffa9a18000-ffffb0000000 ---p 00000000 00:00 0 
ffffb0000000-ffffb3ff4000 r--s 00000000 00:25 8789745                    /home/anguscrump/.jdks/jbr-25.0.3/lib/modules
ffffb4000000-ffffb4200000 rw-p 00000000 00:00 0 
ffffb4200000-ffffb8000000 rw-p 00000000 00:00 0 
ffffb8010000-ffffb803c000 r-xp 00000000 00:25 3098605                    /usr/lib64/libnss_myhostname.so.2
ffffb803c000-ffffb8048000 ---p 0002c000 00:25 3098605                    /usr/lib64/libnss_myhostname.so.2
ffffb8048000-ffffb8050000 r--p 00028000 00:25 3098605                    /usr/lib64/libnss_myhostname.so.2
ffffb8050000-ffffb8054000 rw-p 00030000 00:25 3098605                    /usr/lib64/libnss_myhostname.so.2
ffffb8060000-ffffb8068000 r-xp 00000000 00:25 8789729                    /home/anguscrump/.jdks/jbr-25.0.3/lib/libmanagement_ext.so
ffffb8068000-ffffb807c000 ---p 00008000 00:25 8789729                    /home/anguscrump/.jdks/jbr-25.0.3/lib/libmanagement_ext.so
ffffb807c000-ffffb8080000 r--p 0000c000 00:25 8789729                    /home/anguscrump/.jdks/jbr-25.0.3/lib/libmanagement_ext.so
ffffb8080000-ffffb8084000 rw-p 00000000 00:00 0 
ffffb8090000-ffffb8094000 r-xp 00000000 00:25 8789728                    /home/anguscrump/.jdks/jbr-25.0.3/lib/libmanagement.so
ffffb8094000-ffffb80ac000 ---p 00004000 00:25 8789728                    /home/anguscrump/.jdks/jbr-25.0.3/lib/libmanagement.so
ffffb80ac000-ffffb80b0000 r--p 0000c000 00:25 8789728                    /home/anguscrump/.jdks/jbr-25.0.3/lib/libmanagement.so
ffffb80b0000-ffffb80b4000 rw-p 00000000 00:00 0 
ffffb80c0000-ffffb80c8000 r-xp 00000000 00:25 8789743                    /home/anguscrump/.jdks/jbr-25.0.3/lib/libzip.so
ffffb80c8000-ffffb80dc000 ---p 00008000 00:25 8789743                    /home/anguscrump/.jdks/jbr-25.0.3/lib/libzip.so
ffffb80dc000-ffffb80e0000 r--p 0000c000 00:25 8789743                    /home/anguscrump/.jdks/jbr-25.0.3/lib/libzip.so
ffffb80e0000-ffffb80e4000 rw-p 00000000 00:00 0 
ffffb80f0000-ffffb80fc000 r-xp 00000000 00:25 8789731                    /home/anguscrump/.jdks/jbr-25.0.3/lib/libnet.so
ffffb80fc000-ffffb810c000 ---p 0000c000 00:25 8789731                    /home/anguscrump/.jdks/jbr-25.0.3/lib/libnet.so
ffffb810c000-ffffb8110000 r--p 0000c000 00:25 8789731                    /home/anguscrump/.jdks/jbr-25.0.3/lib/libnet.so
ffffb8110000-ffffb8114000 rw-p 00000000 00:00 0 
ffffb8118000-ffffb811c000 r-xp 00000000 00:2b 9107                       /tmp/#9107 (deleted)
ffffb811c000-ffffb8120000 rw-p 00000000 00:00 0 
ffffb8120000-ffffb8134000 r-xp 00000000 00:25 8789733                    /home/anguscrump/.jdks/jbr-25.0.3/lib/libnio.so
ffffb8134000-ffffb814c000 ---p 00014000 00:25 8789733                    /home/anguscrump/.jdks/jbr-25.0.3/lib/libnio.so
ffffb814c000-ffffb8150000 r--p 0001c000 00:25 8789733                    /home/anguscrump/.jdks/jbr-25.0.3/lib/libnio.so
ffffb8150000-ffffb8154000 rw-p 00020000 00:25 8789733                    /home/anguscrump/.jdks/jbr-25.0.3/lib/libnio.so
ffffb8158000-ffffb8164000 ---p 00000000 00:00 0 
ffffb8164000-ffffb8358000 rw-p 00000000 00:00 0 
ffffb8358000-ffffb8364000 ---p 00000000 00:00 0 
ffffb8364000-ffffb8558000 rw-p 00000000 00:00 0 
ffffb8558000-ffffb8564000 ---p 00000000 00:00 0 
ffffb8564000-ffffb8758000 rw-p 00000000 00:00 0 
ffffb8758000-ffffb8764000 ---p 00000000 00:00 0 
ffffb8764000-ffffb8958000 rw-p 00000000 00:00 0 
ffffb8958000-ffffb8964000 ---p 00000000 00:00 0 
ffffb8964000-ffffb8b58000 rw-p 00000000 00:00 0 
ffffb8b58000-ffffb8b64000 ---p 00000000 00:00 0 
ffffb8b64000-ffffb8d58000 rw-p 00000000 00:00 0 
ffffb8d58000-ffffb8d64000 ---p 00000000 00:00 0 
ffffb8d64000-ffffb8f58000 rw-p 00000000 00:00 0 
ffffb8f58000-ffffb9154000 rw-p 00000000 00:00 0 
ffffb9154000-ffffb9364000 rw-p 00000000 00:00 0 
ffffb9364000-ffffb9370000 ---p 00000000 00:00 0 
ffffb9370000-ffffb9784000 rw-p 00000000 00:00 0 
ffffb9784000-ffffb9788000 rw-p 00000000 00:00 0 
ffffb97f4000-ffffb9c14000 rw-p 00000000 00:00 0 
ffffb9c14000-ffffba538000 rw-p 00000000 00:00 0 
ffffba538000-ffffbab68000 rw-p 00000000 00:00 0 
ffffbab68000-ffffbae04000 rw-p 00000000 00:00 0 
ffffbae04000-ffffbb344000 ---p 00000000 00:00 0 
ffffbb344000-ffffbb588000 rw-p 00000000 00:00 0 
ffffbb588000-ffffbbac8000 ---p 00000000 00:00 0 
ffffbbac8000-ffffbc350000 rw-p 00000000 00:00 0 
ffffbc350000-ffffbc4e8000 ---p 00000000 00:00 0 
ffffbc4e8000-ffffbc564000 rw-p 00000000 00:00 0 
ffffbc564000-ffffbc6c0000 ---p 00000000 00:00 0 
ffffbc6c0000-ffffbc6e4000 r-xp 00000000 00:25 8789719                    /home/anguscrump/.jdks/jbr-25.0.3/lib/libjava.so
ffffbc6e4000-ffffbc6fc000 ---p 00024000 00:25 8789719                    /home/anguscrump/.jdks/jbr-25.0.3/lib/libjava.so
ffffbc6fc000-ffffbc700000 r--p 0002c000 00:25 8789719                    /home/anguscrump/.jdks/jbr-25.0.3/lib/libjava.so
ffffbc700000-ffffbc704000 rw-p 00030000 00:25 8789719                    /home/anguscrump/.jdks/jbr-25.0.3/lib/libjava.so
ffffbc710000-ffffbc72c000 r-xp 00000000 00:25 8789723                    /home/anguscrump/.jdks/jbr-25.0.3/lib/libjimage.so
ffffbc72c000-ffffbc73c000 ---p 0001c000 00:25 8789723                    /home/anguscrump/.jdks/jbr-25.0.3/lib/libjimage.so
ffffbc73c000-ffffbc740000 r--p 0001c000 00:25 8789723                    /home/anguscrump/.jdks/jbr-25.0.3/lib/libjimage.so
ffffbc740000-ffffbc744000 rw-p 00020000 00:25 8789723                    /home/anguscrump/.jdks/jbr-25.0.3/lib/libjimage.so
ffffbc750000-ffffbc75c000 ---p 00000000 00:00 0 
ffffbc75c000-ffffbc950000 rw-p 00000000 00:00 0 
ffffbc950000-ffffbca00000 r-xp 00000000 00:25 3800671                    /usr/lib64/libm.so.6
ffffbca00000-ffffbca0c000 ---p 000b0000 00:25 3800671                    /usr/lib64/libm.so.6
ffffbca0c000-ffffbca10000 r--p 000ac000 00:25 3800671                    /usr/lib64/libm.so.6
ffffbca10000-ffffbca14000 rw-p 000b0000 00:25 3800671                    /usr/lib64/libm.so.6
ffffbca20000-ffffbca24000 r-xp 00000000 00:25 3800679                    /usr/lib64/librt.so.1
ffffbca24000-ffffbca3c000 ---p 00004000 00:25 3800679                    /usr/lib64/librt.so.1
ffffbca3c000-ffffbca40000 r--p 0000c000 00:25 3800679                    /usr/lib64/librt.so.1
ffffbca40000-ffffbca44000 rw-p 00000000 00:00 0 
ffffbca50000-ffffbddd0000 r-xp 00000000 00:25 8789753                    /home/anguscrump/.jdks/jbr-25.0.3/lib/server/libjvm.so
ffffbddd0000-ffffbdde0000 ---p 01380000 00:25 8789753                    /home/anguscrump/.jdks/jbr-25.0.3/lib/server/libjvm.so
ffffbdde0000-ffffbdec0000 r--p 01380000 00:25 8789753                    /home/anguscrump/.jdks/jbr-25.0.3/lib/server/libjvm.so
ffffbdec0000-ffffbdef0000 rw-p 01460000 00:25 8789753                    /home/anguscrump/.jdks/jbr-25.0.3/lib/server/libjvm.so
ffffbdef0000-ffffbdf98000 rw-p 00000000 00:00 0 
ffffbdfa0000-ffffbdfa4000 r-xp 00000000 00:25 3800677                    /usr/lib64/libpthread.so.0
ffffbdfa4000-ffffbdfbc000 ---p 00004000 00:25 3800677                    /usr/lib64/libpthread.so.0
ffffbdfbc000-ffffbdfc0000 r--p 0000c000 00:25 3800677                    /usr/lib64/libpthread.so.0
ffffbdfc0000-ffffbdfc4000 rw-p 00000000 00:00 0 
ffffbdfd0000-ffffbdfd4000 r-xp 00000000 00:25 3800670                    /usr/lib64/libdl.so.2
ffffbdfd4000-ffffbdfec000 ---p 00004000 00:25 3800670                    /usr/lib64/libdl.so.2
ffffbdfec000-ffffbdff0000 r--p 0000c000 00:25 3800670                    /usr/lib64/libdl.so.2
ffffbdff0000-ffffbdff4000 rw-p 00000000 00:00 0 
ffffbe000000-ffffbe020000 r-xp 00000000 00:25 3098599                    /usr/lib64/libz.so.1.3.1.zlib-ng
ffffbe020000-ffffbe02c000 ---p 00020000 00:25 3098599                    /usr/lib64/libz.so.1.3.1.zlib-ng
ffffbe02c000-ffffbe030000 r--p 0001c000 00:25 3098599                    /usr/lib64/libz.so.1.3.1.zlib-ng
ffffbe030000-ffffbe034000 rw-p 00020000 00:25 3098599                    /usr/lib64/libz.so.1.3.1.zlib-ng
ffffbe040000-ffffbe1e8000 r-xp 00000000 00:25 3800669                    /usr/lib64/libc.so.6
ffffbe1e8000-ffffbe1fc000 ---p 001a8000 00:25 3800669                    /usr/lib64/libc.so.6
ffffbe1fc000-ffffbe200000 r--p 001ac000 00:25 3800669                    /usr/lib64/libc.so.6
ffffbe200000-ffffbe204000 rw-p 001b0000 00:25 3800669                    /usr/lib64/libc.so.6
ffffbe204000-ffffbe20c000 rw-p 00000000 00:00 0 
ffffbe210000-ffffbe214000 r--p 00000000 00:00 0 
ffffbe214000-ffffbe21c000 r--s 00000000 00:25 3811701                    /usr/lib64/gconv/gconv-modules.cache
ffffbe21c000-ffffbe230000 rw-p 00000000 00:00 0 
ffffbe230000-ffffbe238000 ---p 00000000 00:00 0 
ffffbe238000-ffffbe240000 rw-s 00000000 00:2b 9105                       /tmp/hsperfdata_anguscrump/294161 (deleted)
ffffbe240000-ffffbe250000 r-xp 00000000 00:25 8789724                    /home/anguscrump/.jdks/jbr-25.0.3/lib/libjli.so
ffffbe250000-ffffbe25c000 ---p 00010000 00:25 8789724                    /home/anguscrump/.jdks/jbr-25.0.3/lib/libjli.so
ffffbe25c000-ffffbe260000 r--p 0000c000 00:25 8789724                    /home/anguscrump/.jdks/jbr-25.0.3/lib/libjli.so
ffffbe260000-ffffbe264000 rw-p 00010000 00:25 8789724                    /home/anguscrump/.jdks/jbr-25.0.3/lib/libjli.so
ffffbe264000-ffffbe268000 ---p 00000000 00:00 0 
ffffbe268000-ffffbe26c000 r--p 00000000 00:00 0 
ffffbe26c000-ffffbe27c000 r--p 00000000 00:00 0                          [vvar]
ffffbe27c000-ffffbe280000 r-xp 00000000 00:00 0                          [vdso]
ffffbe280000-ffffbe2ac000 r-xp 00000000 00:25 3800657                    /usr/lib/ld-linux-aarch64.so.1
ffffbe2ac000-ffffbe2b0000 rw-p 00000000 00:00 0 
ffffbe2b0000-ffffbe2b4000 ---p 00000000 00:00 0 
ffffbe2b4000-ffffbe2bc000 rw-p 00000000 00:00 0 
ffffbe2bc000-ffffbe2c0000 r--p 0002c000 00:25 3800657                    /usr/lib/ld-linux-aarch64.so.1
ffffbe2c0000-ffffbe2c4000 rw-p 00030000 00:25 3800657                    /usr/lib/ld-linux-aarch64.so.1
ffffd7bf0000-ffffd7c14000 rw-p 00000000 00:00 0                          [stack]
Total number of mappings: 613

JVMTI agents: none


VM Arguments:
jvm_args: -Dfabric.dli.config=/home/anguscrump/Documents/Coding/ribbon-world/.gradle/loom-cache/launch.cfg -Dfabric.dli.env=client -Dfabric.dli.main=net.fabricmc.loader.impl.launch.knot.KnotClient --sun-misc-unsafe-memory-access=allow --enable-native-access=ALL-UNNAMED --sun-misc-unsafe-memory-access=allow --enable-native-access=ALL-UNNAMED -Dfile.encoding=UTF-8 -Duser.country=AU -Duser.language=en -Duser.variant -Dawt.toolkit.name=XToolkit 
java_command: net.fabricmc.devlaunchinjector.Main
java_class_path (initial): /home/anguscrump/Documents/Coding/ribbon-world/build/classes/java/client:/home/anguscrump/Documents/Coding/ribbon-world/build/resources/client:/home/anguscrump/.gradle/caches/modules-2/files-2.1/net.fabricmc/fabric-loader/0.19.2/cc647a5b22dbc49b9a3267cebcee25fc4882b108/fabric-loader-0.19.2.jar:/home/anguscrump/.gradle/caches/modules-2/files-2.1/net.fabricmc.fabric-api/fabric-api/0.149.0+26.1.2/1d3aa9049af831d4d7ed7fbf1b5f0fbb37d7fab4/fabric-api-0.149.0+26.1.2.jar:/home/anguscrump/.gradle/caches/modules-2/files-2.1/org.ow2.asm/asm/9.9/c29635c8a7afa03d74b33c1884df8abb2b3f3dcc/asm-9.9.jar:/home/anguscrump/.gradle/caches/modules-2/files-2.1/org.ow2.asm/asm-analysis/9.9/bf4fa6e66638851c1cd22c2caea0c3ee5d5f437/asm-analysis-9.9.jar:/home/anguscrump/.gradle/caches/modules-2/files-2.1/org.ow2.asm/asm-commons/9.9/db9165a3bf908ded6b08612d583a15d1d0c7bda0/asm-commons-9.9.jar:/home/anguscrump/.gradle/caches/modules-2/files-2.1/org.ow2.asm/asm-tree/9.9/f8de6eead6d24dd0f45bd065bbe112b2cda6ea21/asm-tree-9.9.jar:/home/anguscrump/.gradle/caches/modules-2/files-2.1/org.ow2.asm/asm-util/9.9/42fdfc0508b43807c8078d6e82ecff2ce2112ae8/asm-util-9.9.jar:/home/anguscrump/.gradle/caches/modules-2/files-2.1/net.fabricmc/sponge-mixin/0.17.2+mixin.0.8.7/edf98d1d98229e46e36c61774ae2b54dcd852981/sponge-mixin-0.17.2+mixin.0.8.7.jar:/home/anguscrump/.gradle/caches/modules-2/files-2.1/io.github.llamalad7/mixinextras-fabric/0.5.4/5e167154bcb9942111313a5e186e16cd7265f858/mixinextras-fabric-0.5.4.jar:/home/anguscrump/.gradle/caches/modules-2/files-2.1/net.fabricmc/dev-launch-injector/0.2.1+build.8/da8bef7e6e2f952da707f282bdb46882a0fce5e3/dev-launch-injector-0.2.1+build.8.jar:/home/anguscrump/.gradle/caches/modules-2/files-2.1/net.fabricmc/fabric-log4j-util/1.0.2/ef0b3fb613356feb75a67d54f2fad6f03a006648/fabric-log4j-util-1.0.2.jar:/home/anguscrump/.gradle/caches/modules-2/files-2.1/at.yawk.lz4/lz4-java/1.10.1/f541d7f910fe3d76f38f799c507c48cc81b12ecb/lz4-java-1.10.1.jar:/home/anguscrump/.gradle/caches/modules-2/files-2.1/com.azure/azure-json/1.4.0/fcc1d354dbc3e0300e5276b1bf124d0247799cd8/azure-json-1.4.0.jar:/home/anguscrump/.gradle/caches/modules-2/files-2.1/com.github.oshi/oshi-core/6.9.0/3224870731860cfcd7744581a05b559e94291e7/oshi-core-6.9.0.jar:/home/anguscrump/.gradle/caches/modules-2/files-2.1/com.google.code.gson/gson/2.13.2/48b8230771e573b54ce6e867a9001e75977fe78e/gson-2.13.2.jar:/home/anguscrump/.gradle/caches/modules-2/files-2.1/com.google.guava/failureaccess/1.0.3/aeaffd00d57023a2c947393ed251f0354f0985fc/failureaccess-1.0.3.jar:/home/anguscrump/.gradle/caches/modules-2/files-2.1/com.google.guava/guava/33.5.0-jre/8699de25f2f979108d6c1b804a7ba38cda1116bc/guava-33.5.0-jre.jar:/home/anguscrump/.gradle/caches/modules-2/files-2.1/com.ibm.icu/icu4j/77.1/38693cf0b1d7362a8b726af74dc06026a7c23809/icu4j-77.1.jar:/home/anguscrump/.gradle/caches/modules-2/files-2.1/com.microsoft.azure/msal4j/1.23.1/6c722b514873b24a4e1ce9c22dca36ea3c22bdbe/msal4j-1.23.1.jar:/home/anguscrump/.gradle/caches/modules-2/files-2.1/com.mojang/authlib/7.0.63/54895b4e25e8b9b4cbbbe25f24eccf2b71b1ac2b/authlib-7.0.63.jar:/home/anguscrump/.gradle/caches/modules-2/files-2.1/com.mojang/blocklist/1.0.10/5c685c5ffa94c4cd39496c7184c1d122e515ecef/blocklist-1.0.10.jar:/home/anguscrump/.gradle/caches/modules-2/files-2.1/com.mojang/brigadier/1.3.10/d15b53a14cf20fdcaa98f731af5dda654452c010/brigadier-1.3.10.jar:/home/anguscrump/.gradle/caches/modules-2/files-2.1/com.mojang/datafixerupper/9.0.19/4e91f9712fa1e83231d1501625381b0210a977da/datafixerupper-9.0.19.jar:/home/anguscrump/.gradle/caches/modules-2/files-2.1/com.mojang/jtracy/1.0.37/a3fb649b2e2b2288d2978f0b0bc3d83f62809d1e/jtracy-1.0.37.jar:/home/anguscrump/.gradle/caches/modules-2/files-2.1/com.mojang/jtracy/1.0.37/e1b4395227af41195da9e2ead13c48ee0b7d31cd/jtracy-1.0.37-natives-linux.jar:/home/anguscrump/.gradle/caches/modules-2/files-2.1/com.mojang/logging/1.6.11/fd147240733010c158249d986323f9ef98977fe/logging-1.6.11.jar:/home/anguscrump/.gradle/caches/modules-2/files-2.1/com.mojang/patchy/2.2.10/da05971b07cbb379d002cf7eaec6a2048211fefc/patchy-2.2.10.jar:/home/anguscrump/.gradle/caches/modules-2/files-2.1/com.mojang/text2speech/1.18.11/e853a12cdd6ba4f4836e8f4bf3b37844a13482b6/text2speech-1.18.11.jar:/home/anguscrump/.gradle/caches/modules-2/files-2.1/commons-codec/commons-codec/1.19.0/8c0dbe3ae883fceda9b50a6c76e745e548073388/commons-codec-1.19.0.jar:/home/anguscrump/.gradle/caches/modules-2/files-2.1/commons-io/commons-io/2.20.0/36f3474daec2849c149e877614e7f979b2082cd2/commons-io-2.20.0.jar:/home/anguscrump/.gradle/caches/modules-2/files-2.1/io.netty/netty-buffer/4.2.7.Final/5555ff561643bf2f8430fb57c24403c0efe15994/netty-buffer-4.2.7.Final.jar:/home/anguscrump/.gradle/caches/modules-2/files-2.1/io.netty/netty-codec-base/4.2.7.Final/915e381ebabcf115f1c7ff7032d55c48afb50210/netty-codec-base-4.2.7.Final.jar:/home/anguscrump/.gradle/caches/modules-2/files-2.1/io.netty/netty-codec-compression/4.2.7.Final/572341bc1ca90fd9d6e47f1d2694aab5258566e9/netty-codec-compression-4.2.7.Final.jar:/home/anguscrump/.gradle/caches/modules-2/files-2.1/io.netty/netty-codec-http/4.2.7.Final/b734c108854099c421fd94d92d9f865e4d4da853/netty-codec-http-4.2.7.Final.jar:/home/anguscrump/.gradle/caches/modules-2/files-2.1/io.netty/netty-common/4.2.7.Final/11aa30df26af4fca3239ac1917f303a280f301e1/netty-common-4.2.7.Final.jar:/home/anguscrump/.gradle/caches/modules-2/files-2.1/io.netty/netty-handler/4.2.7.Final/7ad8a1f851e2e6fe93cdd091871fda2b81c03b5b/netty-handler-4.2.7.Final.jar:/home/anguscrump/.gradle/caches/modules-2/files-2.1/io.netty/netty-resolver/4.2.7.Final/5f3e5ef8de03992cd4fb46960dc0085ec1a12a12/netty-resolver-4.2.7.Final.jar:/home/anguscrump/.gradle/caches/modules-2/files-2.1/io.netty/netty-transport-classes-epoll/4.2.7.Final/1075c09f48a78eef9d819fbfd9096b903fdd362a/netty-transport-classes-epoll-4.2.7.Final.jar:/home/anguscrump/.gradle/caches/modules-2/files-2.1/io.netty/netty-transport-classes-kqueue/4.2.7.Final/bdec7c23c75caabd848426d073c09568e8d5f94e/netty-transport-classes-kqueue-4.2.7.Final.jar:/home/anguscrump/.gradle/caches/modules-2/files-2.1/io.netty/netty-transport-native-epoll/4.2.7.Final/98d02251c98c8f07a23ac5ea27657d9e0ef57614/netty-transport-native-epoll-4.2.7.Final-linux-aarch_64.jar:/home/anguscrump/.gradle/caches/modules-2/files-2.1/io.netty/netty-transport-native-epoll/4.2.7.Final/e83998bfc10b5289d9bcbe807c4079ef0eed8e6f/netty-transport-native-epoll-4.2.7.Final-linux-x86_64.jar:/home/anguscrump/.gradle/caches/modules-2/files-2.1/io.netty/netty-transport-native-unix-common/4.2.7.Final/89953f04259ea7502cffb313630dd51e00e60669/netty-transport-native-unix-common-4.2.7.Final.jar:/home/anguscrump/.gradle/caches/modules-2/files-2.1/io.netty/netty-transport/4.2.7.Final/83ea548981d0d8c4a98027cc1a6f9624f902e142/netty-transport-4.2.7.Final.jar:/home/anguscrump/.gradle/caches/modules-2/files-2.1/it.unimi.dsi/fastutil/8.5.18/a6cff377eecc19c2037bf31568a6d7106b50ba1f/fastutil-8.5.18.jar:/home/anguscrump/.gradle/caches/modules-2/files-2.1/net.java.dev.jna/jna-platform/5.17.0/a4934c44d25a9d8c2ddf4203affd20330cb3426f/jna-platform-5.17.0.jar:/home/anguscrump/.gradle/caches/modules-2/files-2.1/net.java.dev.jna/jna/5.17.0/33d12735bef894440780fce64f9758d420c7bae2/jna-5.17.0.jar:/home/anguscrump/.gradle/caches/modules-2/files-2.1/net.sf.jopt-simple/jopt-simple/5.0.4/4fdac2fbe92dfad86aa6e9301736f6b4342a3f5c/jopt-simple-5.0.4.jar:/home/anguscrump/.gradle/caches/modules-2/files-2.1/org.apache.commons/commons-compress/1.28.0/e482f2c7a88dac3c497e96aa420b6a769f59c8d7/commons-compress-1.28.0.jar:/home/anguscrump/.gradle/caches/modules-2/files-2.1/org.apache.commons/commons-lang3/3.19.0/d6524b169a6574cd253760c472d419b47bfd37e6/commons-lang3-3.19.0.jar:/home/anguscrump/.gradle/caches/modules-2/files-2.1/org.apache.logging.log4j/log4j-api/2.25.2/292c1a2b1702f1e1e3adb13e1c57e5bff60335ff/log4j-api-2.25.2.jar:/home/anguscrump/.gradle/caches/modules-2/files-2.1/org.apache.logging.log4j/log4j-core/2.25.2/d4d0ad2e51e03e531f784891fbfff1bae1e13a12/log4j-core-2.25.2.jar:/home/anguscrump/.gradle/caches/modules-2/files-2.1/org.apache.logging.log4j/log4j-slf4j2-impl/2.25.2/5eec0c392661dee8a366baec17e8896900dd978f/log4j-slf4j2-impl-2.25.2.jar:/home/anguscrump/.gradle/caches/modules-2/files-2.1/org.jcraft/jorbis/0.0.17/8872d22b293e8f5d7d56ff92be966e6dc28ebdc6/jorbis-0.0.17.jar:/home/anguscrump/.gradle/caches/modules-2/files-2.1/org.joml/joml/1.10.8/fc0a71dad90a2cf41d82a76156a0e700af8e4f8d/joml-1.10.8.jar:/home/anguscrump/.gradle/caches/modules-2/files-2.1/org.jspecify/jspecify/1.0.0/7425a601c1c7ec76645a78d22b8c6a627edee507/jspecify-1.0.0.jar:/home/anguscrump/.gradle/caches/modules-2/files-2.1/org.lwjgl/lwjgl-freetype/3.4.1/caa75a37e857efc9b0686e434d708d6420c5b6ea/lwjgl-freetype-3.4.1.jar:/home/anguscrump/.gradle/caches/modules-2/files-2.1/org.lwjgl/lwjgl-freetype/3.4.1/8f37d0da3386ff602ec54cd06626881895711041/lwjgl-freetype-3.4.1-natives-linux-arm64.jar:/home/anguscrump/.gradle/caches/modules-2/files-2.1/org.lwjgl/lwjgl-freetype/3.4.1/40a29a29b1549c4cad073ccd682e3776ffb454fa/lwjgl-freetype-3.4.1-natives-linux.jar:/home/anguscrump/.gradle/caches/modules-2/files-2.1/org.lwjgl/lwjgl-glfw/3.4.1/a782b1ddd175c9107bf300fd92920579ea65e2a4/lwjgl-glfw-3.4.1.jar:/home/anguscrump/.gradle/caches/modules-2/files-2.1/org.lwjgl/lwjgl-glfw/3.4.1/e5e87034c47118960746077dba46280e8de864b3/lwjgl-glfw-3.4.1-natives-linux-arm64.jar:/home/anguscrump/.gradle/caches/modules-2/files-2.1/org.lwjgl/lwjgl-glfw/3.4.1/23cdf7655ce9f3b27ad90f08e73345e0d5b46362/lwjgl-glfw-3.4.1-natives-linux.jar:/home/anguscrump/.gradle/caches/modules-2/files-2.1/org.lwjgl/lwjgl-jemalloc/3.4.1/16b663092854fc6adfe0a941e61cae2bb2e437b6/lwjgl-jemalloc-3.4.1.jar:/home/anguscrump/.gradle/caches/modules-2/files-2.1/org.lwjgl/lwjgl-jemalloc/3.4.1/7891964dfb723209c6d02b0401432348fb707cc0/lwjgl-jemalloc-3.4.1-natives-linux-arm64.jar:/home/anguscrump/.gradle/caches/modules-2/files-2.1/org.lwjgl/lwjgl-jemalloc/3.4.1/b83c82d941f2e624d150d6d1e2efcf4ea49ff8ea/lwjgl-jemalloc-3.4.1-natives-linux.jar:/home/anguscrump/.gradle/caches/modules-2/files-2.1/org.lwjgl/lwjgl-openal/3.4.1/8508bd60589de0539aa465b78fcf838efd07ae9a/lwjgl-openal-3.4.1.jar:/home/anguscrump/.gradle/caches/modules-2/files-2.1/org.lwjgl/lwjgl-openal/3.4.1/3729b70cdd42df5571b075e051fa2fc8586dc538/lwjgl-openal-3.4.1-natives-linux-arm64.jar:/home/anguscrump/.gradle/caches/modules-2/files-2.1/org.lwjgl/lwjgl-openal/3.4.1/dbff577119266cd4312e4eb9cc2b171407c56360/lwjgl-openal-3.4.1-natives-linux.jar:/home/anguscrump/.gradle/caches/modules-2/files-2.1/org.lwjgl/lwjgl-opengl/3.4.1/830412cab823c029cda6b9729f9d2ed36cf79959/lwjgl-opengl-3.4.1.jar:/home/anguscrump/.gradle/caches/modules-2/files-2.1/org.lwjgl/lwjgl-opengl/3.4.1/61a4103e56bbaeb74ad3f19ec14299fd6891c4b0/lwjgl-opengl-3.4.1-natives-linux-arm64.jar:/home/anguscrump/.gradle/caches/modules-2/files-2.1/org.lwjgl/lwjgl-opengl/3.4.1/b750599f0e75ddb19f1d0fe993f3011334b710ae/lwjgl-opengl-3.4.1-natives-linux.jar:/home/anguscrump/.gradle/caches/modules-2/files-2.1/org.lwjgl/lwjgl-stb/3.4.1/f077c3dafc31924fbe8acb0b913f08977ba27f8e/lwjgl-stb-3.4.1.jar:/home/anguscrump/.gradle/caches/modules-2/files-2.1/org.lwjgl/lwjgl-stb/3.4.1/3bc107f901f931fea07cb0d80b1d74a34b806a2b/lwjgl-stb-3.4.1-natives-linux-arm64.jar:/home/anguscrump/.gradle/caches/modules-2/files-2.1/org.lwjgl/lwjgl-stb/3.4.1/7e1cfae909da6c68f3cb6073a9bfeb6c90e82a57/lwjgl-stb-3.4.1-natives-linux.jar:/home/anguscrump/.gradle/caches/modules-2/files-2.1/org.lwjgl/lwjgl-tinyfd/3.4.1/562697d40dbd2ed0424bf24dcf65d51170f81adf/lwjgl-tinyfd-3.4.1.jar:/home/anguscrump/.gradle/caches/modules-2/files-2.1/org.lwjgl/lwjgl-tinyfd/3.4.1/20771d2b4e01f5295156912ab62e170508aef618/lwjgl-tinyfd-3.4.1-natives-linux-arm64.jar:/home/anguscrump/.gradle/caches/modules-2/files-2.1/org.lwjgl/lwjgl-tinyfd/3.4.1/fc6a72690afc8defb60d82ad1de64dd8f537154c/lwjgl-tinyfd-3.4.1-natives-linux.jar:/home/anguscrump/.gradle/caches/modules-2/files-2.1/org.lwjgl/lwjgl/3.4.1/6105690714874b995aa7812e4f7732a21109276c/lwjgl-3.4.1.jar:/home/anguscrump/.gradle/caches/modules-2/files-2.1/org.lwjgl/lwjgl/3.4.1/46883f3b622d8b4d7f27b627ca3360cda3db0e0e/lwjgl-3.4.1-natives-linux-arm64.jar:/home/anguscrump/.gradle/caches/modules-2/files-2.1/org.lwjgl/lwjgl/3.4.1/2734e106bd95db49fe0da8cf8bf7fd96475c436c/lwjgl-3.4.1-natives-linux.jar:/home/anguscrump/.gradle/caches/modules-2/files-2.1/org.slf4j/slf4j-api/2.0.17/d9e58ac9c7779ba3bf8142aff6c830617a7fe60f/slf4j-api-2.0.17.jar:/home/anguscrump/Documents/Coding/ribbon-world/.gradle/loom-cache/minecraftMaven/net/minecraft/minecraft-clientOnly-52430b475d/26.1.2/minecraft-clientOnly-52430b475d-26.1.2.jar:/home/anguscrump/Documents/Coding/ribbon-world/.gradle/loom-cache/minecraftMaven/net/minecraft/minecraft-common-52430b475d/26.1.2/minecraft-common-52430b475d-26.1.2.jar:/home/anguscrump/.gradle/caches/modules-2/files-2.1/io.netty/netty-transport-native-kqueue/4.2.7.Final/40868fd4e43bce2798245f790624b58803dc26b6/netty-transport-native-kqueue-4.2.7.Final-osx-x86_64.jar:/home/anguscrump/.gradle/caches/modules-2/files-2.1/io.netty/netty-transport-native-kqueue/4.2.7.Final/e5a0feef41410c8a5ae00c6cb4e0c99bd0aded6a/netty-transport-native-kqueue-4.2.7.Final-osx-aarch_64.jar:/home/anguscrump/.gradle/caches/modules-2/files-2.1/net.fabricmc.fabric-api/fabric-transfer-api-v1/8.0.5+357ea7334c/2aff9d7c8e917d2a69c71aa18e28c915e0040a8e/fabric-transfer-api-v1-8.0.5+357ea7334c.jar:/home/anguscrump/.gradle/caches/modules-2/files-2.1/net.fabricmc.fabric-api/fabric-api-lookup-api-v1/2.0.11+d5a053b64c/dbb4489647b411352b735654440311d7560dc1f4/fabric-api-lookup-api-v1-2.0.11+d5a053b64c.jar:/home/anguscrump/.gradle/caches/modules-2/files-2.1/net.fabricmc.fabric-api/fabric-command-api-v2/3.0.5+e2bdee784c/d2bfa62e2f489900be2210dfb84458dcdecb75b6/fabric-command-api-v2-3.0.5+e2bdee784c.jar:/home/anguscrump/.gradle/caches/modules-2/files-2.1/net.fabricmc.fabric-api/fabric-content-registries-v0/11.1.1+1a3b26974c/8761c4bd7f8feb484746055f6ff22e387cd84e9f/fabric-content-registries-v0-11.1.1+1a3b26974c.jar:/home/anguscrump/.gradle/caches/modules-2/files-2.1/net.fabricmc.fabric-api/fabric-data-generation-api-v1/24.2.0+73b1f9054c/d5dcd98301b93a9b2470d354d150327e264797c5/fabric-data-generation-api-v1-24.2.0+73b1f9054c.jar:/home/anguscrump/.gradle/caches/modules-2/files-2.1/net.fabricmc.fabric-api/fabric-convention-tags-v2/4.6.0+e47fb87c4c/40a40554e3e4d37b5640c0198bc81a1b94735f2c/fabric-convention-tags-v2-4.6.0+e47fb87c4c.jar:/home/anguscrump/.gradle/caches/modules-2/files-2.1/net.fabricmc.fabric-api/fabric-creative-tab-api-v1/5.0.11+d871b99e4c/9e6937cef2aa7955d2ff66c9d2415118c58ec15c/fabric-creative-tab-api-v1-5.0.11+d871b99e4c.jar:/home/anguscrump/.gradle/caches/modules-2/files-2.1/net.fabricmc.fabric-api/fabric-data-attachment-api-v1/2.2.6+d602a8964c/91d2f002a7431a412cef7016c5ca7ee2b3c67718/fabric-data-attachment-api-v1-2.2.6+d602a8964c.jar:/home/anguscrump/.gradle/caches/modules-2/files-2.1/net.fabricmc.fabric-api/fabric-debug-api-v1/1.0.1+c792624d4c/3e65954340d5153face34ee7d2f9b114271bca38/fabric-debug-api-v1-1.0.1+c792624d4c.jar:/home/anguscrump/.gradle/caches/modules-2/files-2.1/net.fabricmc.fabric-api/fabric-dimensions-v1/5.1.5+9cbf5da54c/53c66317546644a3915ec20df2d77f4e3093ffab/fabric-dimensions-v1-5.1.5+9cbf5da54c.jar:/home/anguscrump/.gradle/caches/modules-2/files-2.1/net.fabricmc.fabric-api/fabric-entity-events-v1/5.0.2+e2bdee784c/3f15c7b85c55f03b5d5fa89a48a0eb1dc6461465/fabric-entity-events-v1-5.0.2+e2bdee784c.jar:/home/anguscrump/.gradle/caches/modules-2/files-2.1/net.fabricmc.fabric-api/fabric-events-interaction-v0/5.2.1+a67251b84c/cf25f4932ae4d3df49bf5ad0c69be40f8abda289/fabric-events-interaction-v0-5.2.1+a67251b84c.jar:/home/anguscrump/.gradle/caches/modules-2/files-2.1/net.fabricmc.fabric-api/fabric-game-rule-api-v1/4.0.5+d871b99e4c/8b1189ddbfe446bf9468920526ed668db253da65/fabric-game-rule-api-v1-4.0.5+d871b99e4c.jar:/home/anguscrump/.gradle/caches/modules-2/files-2.1/net.fabricmc.fabric-api/fabric-gametest-api-v1/4.0.15+00a1fba64c/99dddf025652afece2f37a5f857c6ee5f7feedb1/fabric-gametest-api-v1-4.0.15+00a1fba64c.jar:/home/anguscrump/.gradle/caches/modules-2/files-2.1/net.fabricmc.fabric-api/fabric-item-api-v1/14.1.2+73d134684c/cb7fd76b622fbc467cb65f067c212fc256d3809f/fabric-item-api-v1-14.1.2+73d134684c.jar:/home/anguscrump/.gradle/caches/modules-2/files-2.1/net.fabricmc.fabric-api/fabric-recipe-api-v1/9.0.15+be4b75ae4c/c3510ef358ce97ea4fc804cd2f75f30c574ec947/fabric-recipe-api-v1-9.0.15+be4b75ae4c.jar:/home/anguscrump/.gradle/caches/modules-2/files-2.1/net.fabricmc.fabric-api/fabric-model-loading-api-v1/8.0.6+c80601bb4c/733d4b6475fa49b58125b0b1a6a9070cc5faa8c8/fabric-model-loading-api-v1-8.0.6+c80601bb4c.jar:/home/anguscrump/.gradle/caches/modules-2/files-2.1/net.fabricmc.fabric-api/fabric-renderer-indigo/8.1.0+1403e82c4c/2a11c1c6826ec7e4254d1cfa20f2f9b50da0ec7f/fabric-renderer-indigo-8.1.0+1403e82c4c.jar:/home/anguscrump/.gradle/caches/modules-2/files-2.1/net.fabricmc.fabric-api/fabric-renderer-api-v1/13.0.3+c80601bb4c/15b7e69feefe6e4157134633f96c62a80b41f44a/fabric-renderer-api-v1-13.0.3+c80601bb4c.jar:/home/anguscrump/.gradle/caches/modules-2/files-2.1/net.fabricmc.fabric-api/fabric-rendering-v1/23.1.0+1403e82c4c/96b6c53c0f9e4497597a4a06509b143c9e345efe/fabric-rendering-v1-23.1.0+1403e82c4c.jar:/home/anguscrump/.gradle/caches/modules-2/files-2.1/net.fabricmc.fabric-api/fabric-lifecycle-events-v1/4.1.0+6d50a0854c/52281bf82f04922d65a30d3f91975feb00911826/fabric-lifecycle-events-v1-4.1.0+6d50a0854c.jar:/home/anguscrump/.gradle/caches/modules-2/files-2.1/net.fabricmc.fabric-api/fabric-loot-api-v3/3.0.12+00a1fba64c/58ffa00757774d7060115afa05742753ff26c769/fabric-loot-api-v3-3.0.12+00a1fba64c.jar:/home/anguscrump/.gradle/caches/modules-2/files-2.1/net.fabricmc.fabric-api/fabric-menu-api-v1/2.0.13+d871b99e4c/e59c4c081a5dc1afb27c0167d6e1480c670c4d29/fabric-menu-api-v1-2.0.13+d871b99e4c.jar:/home/anguscrump/.gradle/caches/modules-2/files-2.1/net.fabricmc.fabric-api/fabric-message-api-v1/7.0.5+dae8ce3e4c/6211835e1348e8b9b89defb98a616adb483b8284/fabric-message-api-v1-7.0.5+dae8ce3e4c.jar:/home/anguscrump/.gradle/caches/modules-2/files-2.1/net.fabricmc.fabric-api/fabric-particles-v1/5.0.15+b61fef434c/e9659d152cefb7255056f432234a11621ab00945/fabric-particles-v1-5.0.15+b61fef434c.jar:/home/anguscrump/.gradle/caches/modules-2/files-2.1/net.fabricmc.fabric-api/fabric-object-builder-api-v1/23.0.16+b95dd56e4c/64b623486a5962dada51cb3e8a114ee49a6ba9de/fabric-object-builder-api-v1-23.0.16+b95dd56e4c.jar:/home/anguscrump/.gradle/caches/modules-2/files-2.1/net.fabricmc.fabric-api/fabric-registry-sync-v0/7.0.13+b61fef434c/b7cd637ba58adacb2abfd54f5f438211e5c3210d/fabric-registry-sync-v0-7.0.13+b61fef434c.jar:/home/anguscrump/.gradle/caches/modules-2/files-2.1/net.fabricmc.fabric-api/fabric-networking-api-v1/6.3.1+554860db4c/38ac77944d5e0fc623a163cde9b3eca04f791296/fabric-networking-api-v1-6.3.1+554860db4c.jar:/home/anguscrump/.gradle/caches/modules-2/files-2.1/net.fabricmc.fabric-api/fabric-permission-api-v1/1.0.0+f3e738be4c/67222d8951d4e68a26f7e42697ce7fdb3c4e8ce9/fabric-permission-api-v1-1.0.0+f3e738be4c.jar:/home/anguscrump/.gradle/caches/modules-2/files-2.1/net.fabricmc.fabric-api/fabric-rendering-fluids-v1/6.0.1+d871b99e4c/fe53bab501b2a582517f39ede3e1514074e8de7/fabric-rendering-fluids-v1-6.0.1+d871b99e4c.jar:/home/anguscrump/.gradle/caches/modules-2/files-2.1/net.fabricmc.fabric-api/fabric-tag-api-v1/2.1.0+73b1f9054c/5467b88af064043d14a1cbc32ebc65bf86a4898b/fabric-tag-api-v1-2.1.0+73b1f9054c.jar:/home/anguscrump/.gradle/caches/modules-2/files-2.1/net.fabricmc.fabric-api/fabric-resource-loader-v0/3.3.17+4fc5413f4c/c2e496d77853c7fd1f2b3bd00b44e355dc6ba576/fabric-resource-loader-v0-3.3.17+4fc5413f4c.jar:/home/anguscrump/.gradle/caches/modules-2/files-2.1/net.fabricmc.fabric-api/fabric-resource-loader-v1/2.0.10+7c44c7324c/bb44ca7ae64fe82666c2cd99920cdc017b15f368/fabric-resource-loader-v1-2.0.10+7c44c7324c.jar:/home/anguscrump/.gradle/caches/modules-2/files-2.1/net.fabricmc.fabric-api/fabric-screen-api-v1/5.0.1+d871b99e4c/fecba1d91754428c2d1f5f2e4d25685de3a8f71f/fabric-screen-api-v1-5.0.1+d871b99e4c.jar:/home/anguscrump/.gradle/caches/modules-2/files-2.1/net.fabricmc.fabric-api/fabric-api-base/2.0.3+ece063234c/bdf802883d0f9c1034c436367ab2c7e04ce34ca6/fabric-api-base-2.0.3+ece063234c.jar:/home/anguscrump/.gradle/caches/modules-2/files-2.1/net.fabricmc.fabric-api/fabric-biome-api-v1/18.0.4+35c80edc4c/c82be6aa7922f3212e1bac9441b25a7faa21c057/fabric-biome-api-v1-18.0.4+35c80edc4c.jar:/home/anguscrump/.gradle/caches/modules-2/files-2.1/net.fabricmc.fabric-api/fabric-block-api-v1/3.0.2+ec56b6014c/f5f91f5b317b7acd3014677dd909b55ebc4097b2/fabric-block-api-v1-3.0.2+ec56b6014c.jar:/home/anguscrump/.gradle/caches/modules-2/files-2.1/net.fabricmc.fabric-api/fabric-block-getter-api-v2/2.0.6+ec56b6014c/caabc9eb2f3823864682da5a1c5381a035c00d5f/fabric-block-getter-api-v2-2.0.6+ec56b6014c.jar:/home/anguscrump/.gradle/caches/modules-2/files-2.1/net.fabricmc.fabric-api/fabric-client-gametest-api-v1/5.0.16+cef2a4834c/3f63763d1230c87b2c43aa84c88916fce323687a/fabric-client-gametest-api-v1-5.0.16+cef2a4834c.jar:/home/anguscrump/.gradle/caches/modules-2/files-2.1/net.fabricmc.fabric-api/fabric-crash-report-info-v1/1.0.3+9f78a5a84c/8af0277ba9afc03c6882490db447d40d55ebcedb/fabric-crash-report-info-v1-1.0.3+9f78a5a84c.jar:/home/anguscrump/.gradle/caches/modules-2/files-2.1/net.fabricmc.fabric-api/fabric-key-mapping-api-v1/2.0.4+e2bdee784c/b098e3e06b71a0fec9d18843ba9327f038b7cd5/fabric-key-mapping-api-v1-2.0.4+e2bdee784c.jar:/home/anguscrump/.gradle/caches/modules-2/files-2.1/net.fabricmc.fabric-api/fabric-resource-conditions-api-v1/6.0.5+00a1fba64c/a8ca3e526e0825ee71a36a317cf5c33f0cda0e96/fabric-resource-conditions-api-v1-6.0.5+00a1fba64c.jar:/home/anguscrump/.gradle/caches/modules-2/files-2.1/net.fabricmc.fabric-api/fabric-serialization-api-v1/2.0.3+11a26f314c/55fc25d96a2a848b93a02f48220dff0181ec3056/fabric-serialization-api-v1-2.0.3+11a26f314c.jar:/home/anguscrump/.gradle/caches/modules-2/files-2.1/net.fabricmc.fabric-api/fabric-sound-api-v1/2.0.4+11a26f314c/b63ce87810bc5aa495cb39be7efd2b07e6772822/fabric-sound-api-v1-2.0.4+11a26f314c.jar:/home/anguscrump/.gradle/caches/modules-2/files-2.1/net.fabricmc.fabric-api/fabric-transitive-access-wideners-v1/8.1.0+acd9108d4c/d03c3735d4057a1d574c6e8d51fec7d21ab63b5c/fabric-transitive-access-wideners-v1-8.1.0+acd9108d4c.jar:/home/anguscrump/Documents/Coding/ribbon-world/build/classes/java/main:/home/anguscrump/Documents/Coding/ribbon-world/build/resources/main
Launcher Type: SUN_STANDARD

[Global flags]
     intx CICompilerCount                          = 4                                         {product} {ergonomic}
     uint ConcGCThreads                            = 2                                         {product} {ergonomic}
     uint G1ConcRefinementThreads                  = 9                                         {product} {ergonomic}
   size_t G1HeapRegionSize                         = 2097152                                   {product} {ergonomic}
   size_t InitialHeapSize                          = 260046848                                 {product} {ergonomic}
   size_t MarkStackSize                            = 4194304                                   {product} {ergonomic}
   size_t MarkStackSizeMax                         = 536870912                                 {product} {ergonomic}
   size_t MaxHeapSize                              = 4034920448                                {product} {ergonomic}
   size_t MaxNewSize                               = 2420113408                                {product} {ergonomic}
   size_t MinHeapDeltaBytes                        = 2097152                                   {product} {ergonomic}
   size_t MinHeapSize                              = 8388608                                   {product} {ergonomic}
    uintx NonNMethodCodeHeapSize                   = 5849088                                {pd product} {ergonomic}
    uintx NonProfiledCodeHeapSize                  = 122912768                              {pd product} {ergonomic}
    uintx ProfiledCodeHeapSize                     = 122912768                              {pd product} {ergonomic}
    uintx ReservedCodeCacheSize                    = 251674624                              {pd product} {ergonomic}
     bool SegmentedCodeCache                       = true                                      {product} {ergonomic}
   size_t SoftMaxHeapSize                          = 4034920448                             {manageable} {ergonomic}
     bool UseCompressedOops                        = true                           {product lp64_product} {ergonomic}
     bool UseG1GC                                  = true                                      {product} {ergonomic}

Logging:
Log output configuration:
 #0: 
[error occurred during error reporting (printing log configuration), id 0xb, SIGSEGV (0xb) at pc=0x0000ffffbd5605b8]
Release file:
JAVA_VERSION="25.0.3"
MODULES="java.base java.compiler java.datatransfer java.xml java.prefs java.desktop java.instrument java.logging java.management java.security.sasl java.naming java.rmi java.management.rmi java.net.http java.scripting java.security.jgss java.transaction.xa java.sql java.sql.rowset java.xml.crypto java.se java.smartcardio jdk.accessibility jdk.internal.jvmstat jdk.attach jdk.charsets jdk.internal.opt jdk.zipfs jdk.compiler jdk.crypto.cryptoki jdk.crypto.ec jdk.dynalink jdk.internal.ed jdk.editpad jdk.internal.vm.ci jdk.graal.compiler jdk.graal.compiler.management jdk.hotspot.agent jdk.httpserver jdk.incubator.vector jdk.internal.le jdk.internal.md jdk.jartool jdk.javadoc jdk.jcmd jdk.management jdk.management.agent jdk.jconsole jdk.jdeps jdk.jdwp.agent jdk.jdi jdk.jfr jdk.jlink jdk.jpackage jdk.jshell jdk.jsobject jdk.jstatd jdk.localedata jdk.management.jfr jdk.naming.dns jdk.naming.rmi jdk.net jdk.nio.mapmode jdk.sctp jdk.security.auth jdk.security.jgss jdk.unsupported jdk.unsupported.desktop jdk.xml.dom"
IMPLEMENTOR="JetBrains s.r.o."
IMPLEMENTOR_VERSION="JBRSDK-25.0.3+9-480.61-nomod"
JAVA_RUNTIME_VERSION="25.0.3+9-b480.61"
LIBC="gnu"
OS_ARCH="aarch64"
OS_NAME="Linux"
SOURCE=".:git:52b04970adc8+"

Environment Variables:
PATH=/home/anguscrump/.local/bin:/home/anguscrump/bin:/usr/local/sbin:/usr/local/bin:/usr/sbin:/usr/bin:/sbin:/bin:/var/lib/snapd/snap/bin:/home/anguscrump/.cargo/bin
XDG_CACHE_HOME=/home/anguscrump/.cache
XDG_CONFIG_HOME=/home/anguscrump/.config
SHELL=/bin/bash
DISPLAY=:0
WAYLAND_DISPLAY=wayland-1
LANG=en_AU.UTF-8

Active Locale:
LC_ALL=en_AU.UTF-8
LC_COLLATE=en_AU.UTF-8
LC_CTYPE=en_AU.UTF-8
LC_MESSAGES=en_AU.UTF-8
LC_MONETARY=en_AU.UTF-8
LC_NUMERIC=en_AU.UTF-8
LC_TIME=en_AU.UTF-8

Signal Handlers:
   SIGSEGV: crash_handler in libjvm.so, mask=11100100010111111101111111111110, flags=SA_RESTART|SA_SIGINFO, unblocked
    SIGBUS: crash_handler in libjvm.so, mask=11100100010111111101111111111110, flags=SA_RESTART|SA_SIGINFO, unblocked
    SIGFPE: crash_handler in libjvm.so, mask=11100100010111111101111111111110, flags=SA_RESTART|SA_SIGINFO, unblocked
   SIGPIPE: javaSignalHandler in libjvm.so, mask=11100100010111111101111111111110, flags=SA_RESTART|SA_SIGINFO, blocked
   SIGXFSZ: javaSignalHandler in libjvm.so, mask=11100100010111111101111111111110, flags=SA_RESTART|SA_SIGINFO, blocked
    SIGILL: crash_handler in libjvm.so, mask=11100100010111111101111111111110, flags=SA_RESTART|SA_SIGINFO, unblocked
   SIGUSR2: SR_handler in libjvm.so, mask=00000000000000000000000000000000, flags=SA_RESTART|SA_SIGINFO, blocked
    SIGHUP: UserHandler in libjvm.so, mask=11100100010111111101111111111110, flags=SA_RESTART|SA_SIGINFO, blocked
    SIGINT: UserHandler in libjvm.so, mask=11100100010111111101111111111110, flags=SA_RESTART|SA_SIGINFO, blocked
   SIGTERM: UserHandler in libjvm.so, mask=11100100010111111101111111111110, flags=SA_RESTART|SA_SIGINFO, blocked
   SIGQUIT: UserHandler in libjvm.so, mask=11100100010111111101111111111110, flags=SA_RESTART|SA_SIGINFO, blocked
   SIGTRAP: crash_handler in libjvm.so, mask=11100100010111111101111111111110, flags=SA_RESTART|SA_SIGINFO, unblocked


Compilation memory statistics disabled.

Periodic native trim disabled

JNI global refs:
JNI global refs: 63, weak refs: 45

JNI global refs memory usage: 1491, weak refs: 857

Process memory usage:
Resident Set Size: 1667616K (10% of 15755056K total physical memory with 5593792K free physical memory)

OOME stack traces (most recent first):
Classloader memory used:
Loader net.fabricmc.loader.impl.launch.knot.KnotClassLoader                            : 121 M
Loader bootstrap                                                                       : 12351 K
Loader jdk.internal.loader.ClassLoaders$AppClassLoader                                 : 6993 K
Loader jdk.internal.loader.ClassLoaders$PlatformClassLoader                            : 499 K

---------------  S Y S T E M  ---------------

OS:
Fedora Asahi Remix release 44 (Forty Four)
uname: Linux 7.0.8-fairydust+ #1 SMP PREEMPT_DYNAMIC Sun May 17 15:02:15 AEST 2026 aarch64
OS uptime: 0 days 5:47 hours
libc: glibc 2.43 NPTL 2.43 
rlimit (soft/hard): STACK 8192k/infinity , CORE infinity/infinity , NPROC 31098/31098 , NOFILE 524288/524288 , AS infinity/infinity , CPU infinity/infinity , DATA infinity/infinity , FSIZE infinity/infinity , MEMLOCK 8192k/8192k
load average: 4.69 3.28 2.73

/proc/meminfo:
MemTotal:       15755056 kB
MemFree:         3716176 kB
MemAvailable:    5593792 kB
Buffers:             480 kB
Cached:          3714336 kB
SwapCached:      1733360 kB
Active:          4358320 kB
Inactive:        4857712 kB
Active(anon):    4004704 kB
Inactive(anon):  2494720 kB
Active(file):     353616 kB
Inactive(file):  2362992 kB
Unevictable:      869040 kB
Mlocked:             688 kB
SwapTotal:      33554336 kB
SwapFree:       29141760 kB
Zswap:            687520 kB
Zswapped:        2063216 kB
Dirty:             17088 kB
Writeback:            16 kB
AnonPages:       6101184 kB
Mapped:           564816 kB
Shmem:            998800 kB
KReclaimable:     305488 kB
Slab:             693376 kB
SReclaimable:     305488 kB
SUnreclaim:       387888 kB
KernelStack:       58880 kB
PageTables:        80240 kB
SecPageTables:      1728 kB
NFS_Unstable:          0 kB
Bounce:                0 kB
WritebackTmp:          0 kB
CommitLimit:    41431856 kB
Committed_AS:   35318464 kB
VmallocTotal:   136898928640 kB
VmallocUsed:      109504 kB
VmallocChunk:          0 kB
Percpu:             7200 kB
HardwareCorrupted:     0 kB
AnonHugePages:    262144 kB
ShmemHugePages:        0 kB
ShmemPmdMapped:        0 kB
FileHugePages:         0 kB
FilePmdMapped:         0 kB
CmaTotal:          65536 kB
CmaFree:           28640 kB
Balloon:               0 kB
HugePages_Total:       0
HugePages_Free:        0
HugePages_Rsvd:        0
HugePages_Surp:        0
Hugepagesize:      32768 kB
Hugetlb:               0 kB

/sys/kernel/mm/transparent_hugepage/enabled: always [madvise] never
/sys/kernel/mm/transparent_hugepage/hpage_pmd_size: 33554432
/sys/kernel/mm/transparent_hugepage/shmem_enabled: always within_size advise [never] deny force
/sys/kernel/mm/transparent_hugepage/defrag (defrag/compaction efforts parameter): always defer defer+madvise [madvise] never

Process Memory:
Virtual Size: 10866240K (peak: 11558912K)
Resident Set Size: 1673712K (peak: 1817104K) (anon: 1601088K, file: 69072K, shmem: 3552K)
Swapped out: 0K
C-Heap outstanding allocations: 125737K, retained: 273286K
glibc malloc tunables: (default)

/proc/sys/kernel/threads-max (system-wide limit on the number of threads): 62196
/proc/sys/vm/max_map_count (maximum number of memory map areas a process may have): 1048576
/proc/sys/vm/swappiness (control to define how aggressively the kernel swaps out anonymous memory): 60
/proc/sys/kernel/pid_max (system-wide limit on number of process identifiers): 4194304

container information not found.
Steal ticks since vm start: 0
Steal ticks percentage since vm start:  0.000

CPU: total 10 (initial active 10) 0x61:0x2:0x025:0(0x024), fp, asimd, evtstrm, aes, pmull, sha1, sha256, crc32, lse, fphp, asimdhp, dcpop, sha3, sha512, paca
/proc/cpuinfo:
processor	: 0
BogoMIPS	: 48.00
Features	: fp asimd evtstrm aes pmull sha1 sha2 crc32 atomics fphp asimdhp cpuid asimdrdm jscvt fcma lrcpc dcpop sha3 asimddp sha512 asimdfhm dit uscat ilrcpc flagm ssbs sb paca pacg dcpodp flagm2 frint
CPU implementer	: 0x61
CPU architecture: 8
CPU variant	: 0x2
CPU part	: 0x024
CPU revision	: 0

processor	: 1
BogoMIPS	: 48.00
Features	: fp asimd evtstrm aes pmull sha1 sha2 crc32 atomics fphp asimdhp cpuid asimdrdm jscvt fcma lrcpc dcpop sha3 asimddp sha512 asimdfhm dit uscat ilrcpc flagm ssbs sb paca pacg dcpodp flagm2 frint
CPU implementer	: 0x61
CPU architecture: 8
CPU variant	: 0x2
CPU part	: 0x024
CPU revision	: 0

processor	: 2
BogoMIPS	: 48.00
Features	: fp asimd evtstrm aes pmull sha1 sha2 crc32 atomics fphp asimdhp cpuid asimdrdm jscvt fcma lrcpc dcpop sha3 asimddp sha512 asimdfhm dit uscat ilrcpc flagm ssbs sb paca pacg dcpodp flagm2 frint
CPU implementer	: 0x61
CPU architecture: 8
CPU variant	: 0x2
CPU part	: 0x025
CPU revision	: 0

processor	: 3
BogoMIPS	: 48.00
Features	: fp asimd evtstrm aes pmull sha1 sha2 crc32 atomics fphp asimdhp cpuid asimdrdm jscvt fcma lrcpc dcpop sha3 asimddp sha512 asimdfhm dit uscat ilrcpc flagm ssbs sb paca pacg dcpodp flagm2 frint
CPU implementer	: 0x61
CPU architecture: 8
CPU variant	: 0x2
CPU part	: 0x025
CPU revision	: 0

processor	: 4
BogoMIPS	: 48.00
Features	: fp asimd evtstrm aes pmull sha1 sha2 crc32 atomics fphp asimdhp cpuid asimdrdm jscvt fcma lrcpc dcpop sha3 asimddp sha512 asimdfhm dit uscat ilrcpc flagm ssbs sb paca pacg dcpodp flagm2 frint
CPU implementer	: 0x61
CPU architecture: 8
CPU variant	: 0x2
CPU part	: 0x025
CPU revision	: 0

processor	: 5
BogoMIPS	: 48.00
Features	: fp asimd evtstrm aes pmull sha1 sha2 crc32 atomics fphp asimdhp cpuid asimdrdm jscvt fcma lrcpc dcpop sha3 asimddp sha512 asimdfhm dit uscat ilrcpc flagm ssbs sb paca pacg dcpodp flagm2 frint
CPU implementer	: 0x61
CPU architecture: 8
CPU variant	: 0x2
CPU part	: 0x025
CPU revision	: 0

processor	: 6
BogoMIPS	: 48.00
Features	: fp asimd evtstrm aes pmull sha1 sha2 crc32 atomics fphp asimdhp cpuid asimdrdm jscvt fcma lrcpc dcpop sha3 asimddp sha512 asimdfhm dit uscat ilrcpc flagm ssbs sb paca pacg dcpodp flagm2 frint
CPU implementer	: 0x61
CPU architecture: 8
CPU variant	: 0x2
CPU part	: 0x025
CPU revision	: 0

processor	: 7
BogoMIPS	: 48.00
Features	: fp asimd evtstrm aes pmull sha1 sha2 crc32 atomics fphp asimdhp cpuid asimdrdm jscvt fcma lrcpc dcpop sha3 asimddp sha512 asimdfhm dit uscat ilrcpc flagm ssbs sb paca pacg dcpodp flagm2 frint
CPU implementer	: 0x61
CPU architecture: 8
CPU variant	: 0x2
CPU part	: 0x025
CPU revision	: 0

processor	: 8
BogoMIPS	: 48.00
Features	: fp asimd evtstrm aes pmull sha1 sha2 crc32 atomics fphp asimdhp cpuid asimdrdm jscvt fcma lrcpc dcpop sha3 asimddp sha512 asimdfhm dit uscat ilrcpc flagm ssbs sb paca pacg dcpodp flagm2 frint
CPU implementer	: 0x61
CPU architecture: 8
CPU variant	: 0x2
CPU part	: 0x025
CPU revision	: 0

processor	: 9
BogoMIPS	: 48.00
Features	: fp asimd evtstrm aes pmull sha1 sha2 crc32 atomics fphp asimdhp cpuid asimdrdm jscvt fcma lrcpc dcpop sha3 asimddp sha512 asimdfhm dit uscat ilrcpc flagm ssbs sb paca pacg dcpodp flagm2 frint
CPU implementer	: 0x61
CPU architecture: 8
CPU variant	: 0x2
CPU part	: 0x025
CPU revision	: 0


Online cpus: 0-9
Offline cpus: 

Memory: 16k page, physical 15755056k(5593792k free), swap 33554336k(29141760k free)
Page Sizes: 16k

vm_info: OpenJDK 64-Bit Server VM (25.0.3+9-b480.61) for linux-aarch64 JRE (25.0.3+9-b480.61), built on 2026-05-12 with gcc 10.3.1 20210422 (Red Hat 10.3.1-1.2.0.1)

END.
