#
# A fatal error has been detected by the Java Runtime Environment:
#
#  SIGSEGV (0xb) at pc=0x0000fffe8a81c670, pid=318427, tid=318444
#
# JRE version: OpenJDK Runtime Environment JBR-25.0.3+9-480.61-nomod (25.0.3+9) (build 25.0.3+9-b480.61)
# Java VM: OpenJDK 64-Bit Server VM JBR-25.0.3+9-480.61-nomod (25.0.3+9-b480.61, mixed mode, sharing, tiered, compressed oops, compressed class ptrs, g1 gc, linux-aarch64)
# Problematic frame:
# C  [libopenal.so+0x9c670]
#
# Core dump will be written. Default location: Determined by the following: "/usr/lib/systemd/systemd-coredump %P %u %g %s %t %c %h %d %F" (alternatively, falling back to /home/anguscrump/Documents/Coding/ribbon-world/run/core.318427)
#
# If you would like to submit a bug report, please visit:
#   https://youtrack.jetbrains.com/issues/JBR
#

---------------  S U M M A R Y ------------

Command Line: -Dfabric.dli.config=/home/anguscrump/Documents/Coding/ribbon-world/.gradle/loom-cache/launch.cfg -Dfabric.dli.env=client -Dfabric.dli.main=net.fabricmc.loader.impl.launch.knot.KnotClient --sun-misc-unsafe-memory-access=allow --enable-native-access=ALL-UNNAMED --sun-misc-unsafe-memory-access=allow --enable-native-access=ALL-UNNAMED -Dfile.encoding=UTF-8 -Duser.country=AU -Duser.language=en -Duser.variant -Dawt.toolkit.name=XToolkit net.fabricmc.devlaunchinjector.Main

Host: AArch64, 10 cores, 15G, Fedora Asahi Remix release 44 (Forty Four)
Time: Tue May 19 22:22:15 2026 AEST elapsed time: 116.969423 seconds (0d 0h 1m 56s)

---------------  T H R E A D  ---------------

Current thread (0x0000ffff5820daa0):  VMThread "VM Thread"          [id=318444, stack(0x0000ffff40498000,0x0000ffff40698000) (2048K)]

Stack: [0x0000ffff40498000,0x0000ffff40698000],  sp=0x0000ffff406961b0,  free space=2040k
Native frames: (J=compiled Java code, j=interpreted, Vv=VM code, C=native code)
C  [libopenal.so+0x9c670]
C  [libc.so.6+0x3eb2c]  __run_exit_handlers+0x1ac
C  [libc.so.6+0x3ec20]  internal_addseverity+0x0
V  [libjvm.so+0xc7c05c]
V  [libjvm.so+0x88dad0]  vm_exit(int)+0x0
V  [libjvm.so+0xf8e1c4]  VM_Operation::evaluate()+0xf4
V  [libjvm.so+0xf91550]  VMThread::evaluate_operation(VM_Operation*)+0xb0
V  [libjvm.so+0xf92138]  VMThread::inner_execute(VM_Operation*)+0x2d8
V  [libjvm.so+0xf92450]  VMThread::run()+0xac
V  [libjvm.so+0xef92b8]  Thread::call_run()+0xa8
V  [libjvm.so+0xc71af4]  thread_native_entry(Thread*)+0xe0
C  [libc.so.6+0x8f81c]  start_thread+0x3bc

siginfo: si_signo: 11 (SIGSEGV), si_code: 1 (SEGV_MAPERR), si_addr: 0x0000000000000000

Registers:
R0=0x0000fffe8a934c38
R1=0x0000000000000000
R2=0x0000000000000000
R3=0x0000000000000000
R4=0x0000fffe80000030
R5=0x0000000040402cfc
R6=0x0000000000000400
R7=0x0000ffff28001db0
R8=0x0000fffe800020f0
R9=0x0a7cf994e092a3d3
R10=0x0000000000000054
R11=0x0000ffff5fd766e8
R12=0x0000000000000030
R13=0x0000ffff40697880
R14=0x0000000000000000
R15=0x0000ffff2806d410
R16=0x0000000000000001
R17=0x0000ffff5fc51b40
R18=0x0000000000000012
R19=0x0000fffe800020f0
R20=0x0000fffe800021a0
R21=0x0000fffe8a934be8
R22=0x0000fffe800020d0
R23=0x0000fffe8a934b58
R24=0x0000fffe8a934c68
R25=0x0000ffff5a92c730
R26=0x0000000000000b2b
R27=0x0000fffe8a81c5a4
R28=0x0000fffe8a934be8
R29=0x0000ffff406961b0
R30=0x0000fffe8a81c660


Register to memory mapping:

R0 =0x0000fffe8a934c38: <offset 0x00000000001b4c38> in /tmp/lwjgl_anguscrump/3.4.1-snapshot/arm64/libopenal.so at 0x0000fffe8a780000
R1 =0x0 is null
R2 =0x0 is null
R3 =0x0 is null
R4 =0x0000fffe80000030 points into unknown readable memory: 0x0000000200000000 | 00 00 00 00 02 00 00 00
R5 =0x0000000040402cfc is an unknown value
R6 =0x0000000000000400 is an unknown value
R7 =0x0000ffff28001db0 points into unknown readable memory: 0x0000000200000002 | 02 00 00 00 02 00 00 00
R8 =0x0000fffe800020f0 points into unknown readable memory: 0x0000000000000000 | 00 00 00 00 00 00 00 00
R9 =0x0a7cf994e092a3d3 is an unknown value
R10=0x0000000000000054 is an unknown value
R11=0x0000ffff5fd766e8: <offset 0x00000000001c66e8> in /lib64/libc.so.6 at 0x0000ffff5fbb0000
R12=0x0000000000000030 is an unknown value
R13=0x0000ffff40697880 points into unknown readable memory: 0x0000ffff581f5930 | 30 59 1f 58 ff ff 00 00
R14=0x0 is null
R15=0x0000ffff2806d410 points into unknown readable memory: 0x0000000000000040 | 40 00 00 00 00 00 00 00
R16=0x0000000000000001 is an unknown value
R17=0x0000ffff5fc51b40: __libc_free+0x0000000000000000 in /lib64/libc.so.6 at 0x0000ffff5fbb0000
R18=0x0000000000000012 is an unknown value
R19=0x0000fffe800020f0 points into unknown readable memory: 0x0000000000000000 | 00 00 00 00 00 00 00 00
R20=0x0000fffe800021a0 points into unknown readable memory: 0x0000fffe800000d8 | d8 00 00 80 fe ff 00 00
R21=0x0000fffe8a934be8: <offset 0x00000000001b4be8> in /tmp/lwjgl_anguscrump/3.4.1-snapshot/arm64/libopenal.so at 0x0000fffe8a780000
R22=0x0000fffe800020d0 points into unknown readable memory: 0x0000fffe80001ee0 | e0 1e 00 80 fe ff 00 00
R23=0x0000fffe8a934b58: <offset 0x00000000001b4b58> in /tmp/lwjgl_anguscrump/3.4.1-snapshot/arm64/libopenal.so at 0x0000fffe8a780000
R24=0x0000fffe8a934c68: <offset 0x00000000001b4c68> in /tmp/lwjgl_anguscrump/3.4.1-snapshot/arm64/libopenal.so at 0x0000fffe8a780000
R25=0x0000ffff5a92c730 points into unknown readable memory: 0x0000ffff5a8ec770 | 70 c7 8e 5a ff ff 00 00
R26=0x0000000000000b2b is an unknown value
R27=0x0000fffe8a81c5a4: <offset 0x000000000009c5a4> in /tmp/lwjgl_anguscrump/3.4.1-snapshot/arm64/libopenal.so at 0x0000fffe8a780000
R28=0x0000fffe8a934be8: <offset 0x00000000001b4be8> in /tmp/lwjgl_anguscrump/3.4.1-snapshot/arm64/libopenal.so at 0x0000fffe8a780000
R29=0x0000ffff406961b0 points into unknown readable memory: 0x0000ffff406961f0 | f0 61 69 40 ff ff 00 00
R30=0x0000fffe8a81c660: <offset 0x000000000009c660> in /tmp/lwjgl_anguscrump/3.4.1-snapshot/arm64/libopenal.so at 0x0000fffe8a780000

Top of Stack: (sp=0x0000ffff406961b0)
0x0000ffff406961b0:   0000ffff406961f0 0000ffff5fbeeb2c   .ai@....,.._....
0x0000ffff406961c0:   0000ffff5fd71000 0000ffff5fd72210   ..._....."._....
0x0000ffff406961d0:   0000ffff5fe2fc78 0000000000000000   x.._............
0x0000ffff406961e0:   0000ffff5fd70658 0000ffff5fd72000   X.._..... ._....
0x0000ffff406961f0:   0000ffff40696260 007fffff5fbeec20   `bi@.... .._....
0x0000ffff40696200:   0000000000000000 0000ffff5e4bb938   ........8.K^....
0x0000ffff40696210:   0000ffff5e4bb938 0000ffff581f4f20   8.K^.... O.X....
0x0000ffff40696220:   0000ffff581f4f38 0000ffff581f5310   8O.X.....S.X....
0x0000ffff40696230:   00000000000003d8 0000ffff5faffc18   ..........._....
0x0000ffff40696240:   00000000000003d8 0000ffff5faffc18   ..........._....
0x0000ffff40696250:   0000ffff5820e070 0000ffff00000001   p. X............
0x0000ffff40696260:   0000ffff40696270 0013ffff5f23c05c   pbi@....\.#_....
0x0000ffff40696270:   0000ffff40696280 0000ffff5ee4dad0   .bi@.......^....
0x0000ffff40696280:   0000ffff406962a0 0000ffff5f54e1c4   .bi@......T_....
0x0000ffff40696290:   0000ffff5820e070 0000ffff5eb81e60   p. X....`..^....
0x0000ffff406962a0:   0000ffff406963b0 0000ffff5f551550   .ci@....P.U_....
0x0000ffff406962b0:   0000ffff5820e070 0000ffff5fa2d000   p. X......._....
0x0000ffff406962c0:   0000ffff5e4bb938 0000ffff40697880   8.K^.....xi@....
0x0000ffff406962d0:   0000ffff581f4f20 0000ffff5820daa0    O.X...... X....
0x0000ffff406962e0:   0000ffff581f4f38 0000ffff581f5310   8O.X.....S.X....
0x0000ffff406962f0:   00000000000003d8 0000ffff5fa27000   .........p._....
0x0000ffff40696300:   ffffff0f00000000 0000000000000000   ................
0x0000ffff40696310:   0000000000000013 0000000000000000   ................
0x0000ffff40696320:   3fc9ba5e353f7cee 0000000000000000   .|?5^..?........
0x0000ffff40696330:   0000ffff40696350 0000ffff5f2df3f8   Pci@......-_....
0x0000ffff40696340:   0000ffff40696380 0000000000000000   .ci@............
0x0000ffff40696350:   0000ffff40696360 0014ffff5fc78b04   `ci@......._....
0x0000ffff40696360:   0000ffff40696370 0052ffff5f23cd64   pci@....d.#_..R.
0x0000ffff40696370:   0000ffff40696390 0000ffff5f4c94c0   .ci@......L_....
0x0000ffff40696380:   00000000000059ad 000000000f3716c7   .Y........7.....
0x0000ffff40696390:   0000ffff406963b0 0000ffff5f55152c   .ci@....,.U_....
0x0000ffff406963a0:   0000ffff5820e070 a423b7e9c2e49100   p. X..........#.

Instructions: (pc=0x0000fffe8a81c670)
  0x0000fffe8a81c570:   80 08 00 90 00 e0 44 f9 e2 27 40 f9 01 00 40 f9
  0x0000fffe8a81c580:   42 00 01 eb 01 00 80 d2 61 00 00 54 fd 7b c5 a8
  0x0000fffe8a81c590:   c0 03 5f d6 df d8 fd 97 fa d8 fd 97 0d db fd 97
  0x0000fffe8a81c5a0:   f4 ff ff 17 fd 7b bc a9 fd 03 00 91 f5 5b 02 a9
  0x0000fffe8a81c5b0:   f5 03 00 aa 00 00 40 f9 f3 53 01 a9 f7 63 03 a9
  0x0000fffe8a81c5c0:   80 00 00 b4 c1 08 00 90 21 bc 45 f9 20 00 3f d6
  0x0000fffe8a81c5d0:   a0 62 43 39 80 09 00 35 b3 42 40 f9 b8 02 02 91
  0x0000fffe8a81c5e0:   16 07 40 f9 7f 02 16 eb 20 03 00 54 d7 08 00 90
  0x0000fffe8a81c5f0:   f7 62 2d 91 1f 20 03 d5 74 02 40 f9 14 02 00 b4
  0x0000fffe8a81c600:   e0 03 14 aa 82 0e 40 f9 01 0c 41 f8 03 10 40 f9
  0x0000fffe8a81c610:   41 00 00 f9 22 04 00 f9 43 00 00 b4 60 00 3f d6
  0x0000fffe8a81c620:   80 06 40 f9 60 00 00 b4 e1 16 40 f9 20 00 3f d6
  0x0000fffe8a81c630:   e0 03 14 aa 01 08 80 d2 ca d9 fd 97 73 22 00 91
  0x0000fffe8a81c640:   df 02 13 eb a1 fd ff 54 b6 42 40 f9 b6 00 00 b4
  0x0000fffe8a81c650:   01 0b 40 f9 e0 03 16 aa 21 00 16 cb c1 d9 fd 97
  0x0000fffe8a81c660:   e0 03 15 aa a2 2e 40 f9 01 0c 45 f8 03 10 40 f9
=>0x0000fffe8a81c670:   41 00 00 f9 22 04 00 f9 43 00 00 b4 60 00 3f d6
  0x0000fffe8a81c680:   e0 03 15 aa a2 16 40 f9 01 0c 42 f8 03 10 40 f9
  0x0000fffe8a81c690:   41 00 00 f9 22 04 00 f9 43 00 00 b4 60 00 3f d6
  0x0000fffe8a81c6a0:   a0 0e 40 f9 80 00 00 b4 c1 08 00 90 21 c0 45 f9
  0x0000fffe8a81c6b0:   20 00 3f d6 a0 0a 40 f9 80 00 00 b4 c1 08 00 90
  0x0000fffe8a81c6c0:   21 c4 45 f9 20 00 3f d6 a0 06 40 f9 80 00 00 b4
  0x0000fffe8a81c6d0:   c1 08 00 90 21 c8 45 f9 20 00 3f d6 a0 02 40 f9
  0x0000fffe8a81c6e0:   80 00 00 b4 c1 08 00 90 21 cc 45 f9 20 00 3f d6
  0x0000fffe8a81c6f0:   f3 53 41 a9 f5 5b 42 a9 f7 63 43 a9 fd 7b c4 a8
  0x0000fffe8a81c700:   c0 03 5f d6 e0 03 15 aa bf 62 03 39 a2 5a 40 f9
  0x0000fffe8a81c710:   01 8c 4a f8 03 10 40 f9 41 00 00 f9 22 04 00 f9
  0x0000fffe8a81c720:   43 00 00 b4 60 00 3f d6 a0 52 40 f9 60 f5 ff b4
  0x0000fffe8a81c730:   c1 08 00 90 21 c0 45 f9 20 00 3f d6 a7 ff ff 17
  0x0000fffe8a81c740:   fd 7b bd a9 fd 03 00 91 f3 53 01 a9 53 00 01 cb
  0x0000fffe8a81c750:   f4 03 00 aa f5 13 00 f9 f5 03 01 aa 7f 3e 00 f1
  0x0000fffe8a81c760:   08 03 00 54 00 00 40 f9 7f 06 00 f1 41 01 00 54


Stack slot to memory mapping:

stack at sp + 0 slots: 0x0000ffff406961f0 points into unknown readable memory: 0x0000ffff40696260 | 60 62 69 40 ff ff 00 00
stack at sp + 1 slots: 0x0000ffff5fbeeb2c: <offset 0x000000000003eb2c> in /lib64/libc.so.6 at 0x0000ffff5fbb0000
stack at sp + 2 slots: 0x0000ffff5fd71000: <offset 0x00000000001c1000> in /lib64/libc.so.6 at 0x0000ffff5fbb0000
stack at sp + 3 slots: 0x0000ffff5fd72210: <offset 0x00000000001c2210> in /lib64/libc.so.6 at 0x0000ffff5fbb0000
stack at sp + 4 slots: 0x0000ffff5fe2fc78: __pointer_chk_guard+0x0000000000000000 in /lib/ld-linux-aarch64.so.1 at 0x0000ffff5fdf0000
stack at sp + 5 slots: 0x0 is null
stack at sp + 6 slots: 0x0000ffff5fd70658: <offset 0x00000000001c0658> in /lib64/libc.so.6 at 0x0000ffff5fbb0000
stack at sp + 7 slots: 0x0000ffff5fd72000: <offset 0x00000000001c2000> in /lib64/libc.so.6 at 0x0000ffff5fbb0000

VM_Operation (0x0000ffff5e4bb938): Exit, mode: safepoint, requested by thread 0x0000ffff580316d0


---------------  P R O C E S S  ---------------

Threads class SMR info:
_java_thread_list=0x0000fffe0c0164c0, length=19, elements={
0x0000ffff580316d0, 0x0000ffff582156b0, 0x0000ffff58218ef0, 0x0000ffff5821a7d0,
0x0000ffff5821c250, 0x0000ffff5821dbb0, 0x0000ffff5821f460, 0x0000ffff58221220,
0x0000ffff58222c40, 0x0000ffff5825c5f0, 0x0000ffff59764910, 0x0000ffff5a2f4310,
0x0000ffff5a532100, 0x0000ffff5a5478e0, 0x0000fffe344361b0, 0x0000fffe343ce420,
0x0000fffe00012da0, 0x0000fffe345149f0, 0x0000fffef18afb00
}

Java Threads: ( => current thread )
  0x0000ffff580316d0 JavaThread "Render thread"                     [_thread_blocked, id=318430, stack(0x0000ffff5e2c0000,0x0000ffff5e4be000) (2040K)]
  0x0000ffff582156b0 JavaThread "Common-Cleaner"             daemon [_thread_blocked, id=318445, stack(0x0000ffff40278000,0x0000ffff40488000) (2112K)]
  0x0000ffff58218ef0 JavaThread "Reference Handler"          daemon [_thread_blocked, id=318446, stack(0x0000ffff35c60000,0x0000ffff35e60000) (2048K)]
  0x0000ffff5821a7d0 JavaThread "Finalizer"                  daemon [_thread_blocked, id=318447, stack(0x0000ffff35a60000,0x0000ffff35c60000) (2048K)]
  0x0000ffff5821c250 JavaThread "Signal Dispatcher"          daemon [_thread_blocked, id=318448, stack(0x0000ffff35860000,0x0000ffff35a60000) (2048K)]
  0x0000ffff5821dbb0 JavaThread "Service Thread"             daemon [_thread_blocked, id=318449, stack(0x0000ffff35660000,0x0000ffff35860000) (2048K)]
  0x0000ffff5821f460 JavaThread "Monitor Deflation Thread"   daemon [_thread_blocked, id=318450, stack(0x0000ffff35460000,0x0000ffff35660000) (2048K)]
  0x0000ffff58221220 JavaThread "C2 CompilerThread0"         daemon [_thread_blocked, id=318451, stack(0x0000ffff35260000,0x0000ffff35460000) (2048K)]
  0x0000ffff58222c40 JavaThread "C1 CompilerThread0"         daemon [_thread_blocked, id=318452, stack(0x0000ffff35060000,0x0000ffff35260000) (2048K)]
  0x0000ffff5825c5f0 JavaThread "Notification Thread"        daemon [_thread_blocked, id=318453, stack(0x0000ffff34e60000,0x0000ffff35060000) (2048K)]
  0x0000ffff59764910 JavaThread "JNA Cleaner"                daemon [_thread_blocked, id=318494, stack(0x0000ffff34710000,0x0000ffff34910000) (2048K)]
  0x0000ffff5a2f4310 JavaThread "Timer hack thread"          daemon [_thread_blocked, id=318530, stack(0x0000ffff091e0000,0x0000ffff093e0000) (2048K)]
  0x0000ffff5a532100 JavaThread "Yggdrasil Key Fetcher"      daemon [_thread_blocked, id=318533, stack(0x0000ffff093e0000,0x0000ffff095e0000) (2048K)]
  0x0000ffff5a5478e0 JavaThread "Download-1"                 daemon [_thread_blocked, id=318534, stack(0x0000ffff08de0000,0x0000ffff08fe0000) (2048K)]
  0x0000fffe344361b0 JavaThread "Netty Local IO #0"          daemon [_thread_blocked, id=318719, stack(0x0000fffe29a88000,0x0000fffe29c88000) (2048K)]
  0x0000fffe343ce420 JavaThread "Netty Local IO #1"          daemon [_thread_blocked, id=318720, stack(0x0000fffe29888000,0x0000fffe29a88000) (2048K)]
  0x0000fffe00012da0 JavaThread "Netty Local IO #2"          daemon [_thread_blocked, id=318721, stack(0x0000fffe29688000,0x0000fffe29888000) (2048K)]
  0x0000fffe345149f0 JavaThread "Sound engine"               daemon [_thread_blocked, id=319892, stack(0x0000ffff08be0000,0x0000ffff08de0000) (2048K)]
  0x0000fffef18afb00 JavaThread "C2 CompilerThread1"         daemon [_thread_blocked, id=319894, stack(0x0000fffe48780000,0x0000fffe48980000) (2048K)]
Total: 19

Other Threads:
=>0x0000ffff5820daa0 VMThread "VM Thread"                           [id=318444, stack(0x0000ffff40498000,0x0000ffff40698000) (2048K)]
  0x0000ffff58186740 WorkerThread "GC Thread#0"                     [id=318434, stack(0x0000ffff5c4d8000,0x0000ffff5c6d8000) (2048K)]
  0x0000ffff28008d30 WorkerThread "GC Thread#1"                     [id=318459, stack(0x0000ffff34510000,0x0000ffff34710000) (2048K)]
  0x0000ffff28009740 WorkerThread "GC Thread#2"                     [id=318460, stack(0x0000ffff34300000,0x0000ffff34500000) (2048K)]
  0x0000ffff2800a300 WorkerThread "GC Thread#3"                     [id=318461, stack(0x0000ffff340f0000,0x0000ffff342f0000) (2048K)]
  0x0000ffff2800b070 WorkerThread "GC Thread#4"                     [id=318462, stack(0x0000ffff09e00000,0x0000ffff0a000000) (2048K)]
  0x0000ffff2800bde0 WorkerThread "GC Thread#5"                     [id=318463, stack(0x0000ffff09bf0000,0x0000ffff09df0000) (2048K)]
  0x0000ffff28016930 WorkerThread "GC Thread#6"                     [id=318482, stack(0x0000ffff087e0000,0x0000ffff089e0000) (2048K)]
  0x0000ffff2800f580 WorkerThread "GC Thread#7"                     [id=318485, stack(0x0000ffff085d0000,0x0000ffff087d0000) (2048K)]
  0x0000ffff28018be0 WorkerThread "GC Thread#8"                     [id=318486, stack(0x0000ffff083c0000,0x0000ffff085c0000) (2048K)]
  0x0000ffff5819e8c0 ConcurrentGCThread "G1 Main Marker"            terminated
  0x0000ffff5819fab0 WorkerThread "G1 Conc#0"                       [id=318436, stack(0x0000ffff5c0b8000,0x0000ffff5c2b8000) (2048K)]
  0x0000ffff3c000c80 WorkerThread "G1 Conc#1"                       [id=318487, stack(0x0000ffff081b0000,0x0000ffff083b0000) (2048K)]
  0x0000ffff581ed410 ConcurrentGCThread "G1 Refine#0"               terminated
  0x0000ffff581ee620 ConcurrentGCThread "G1 Service"                terminated
Total: 15

Threads with active compile tasks:
C1 CompilerThread0  116994 39975       3       org.apache.logging.log4j.core.LoggerContext$$Lambda/0x00000fc00211a168::accept (12 bytes)
Total: 1

VM state: at safepoint (shutting down)

VM Mutex/Monitor currently owned by a thread:  ([mutex/lock_event])
[0x0000ffff5fac9558] Threads_lock - owner thread: 0x0000ffff5820daa0
[0x0000ffff5fac96f0] Heap_lock - owner thread: 0x0000ffff580316d0

Heap address: 0x000000070f800000, size: 3848 MB, Compressed Oops mode: Zero based, Oop shift amount: 3

CDS archive(s) mapped at: [0x00000fc000000000-0x00000fc001d00000-0x00000fc001d00000), size 30408704, SharedBaseAddress: 0x00000fc000000000, ArchiveRelocationMode: 1.
Compressed class space mapped at: 0x00000fc002000000-0x00000fc042000000, reserved size: 1073741824
UseCompressedClassPointers 1, UseCompactObjectHeaders 0
Narrow klass pointer bits 32, Max shift 3
Narrow klass base: 0x00000fc000000000, Narrow klass shift: 0
Encoding Range: [0x00000fc000000000 - 0x00000fc100000000), (4294967296 bytes)
Klass Range:    [0x00000fc000010000 - 0x00000fc042000000), (1107230720 bytes)
Klass ID Range:  [65536 - 1107296249) (1107230713)
Protection zone: [0x00000fc000000000 - 0x00000fc000010000), (65536 bytes)

GC Precious Log:
 CardTable entry size: 512
 Card Set container configuration: InlinePtr #cards 4 size 8 Array Of Cards #cards 16 size 48 Howl #buckets 8 coarsen threshold 3686 Howl Bitmap #cards 512 size 80 coarsen threshold 460 Card regions per heap region 1 cards per card region 4096
 CPUs: 10 total, 10 available
 Memory: 15385M
 Large Page Support: Disabled
 NUMA Support: Disabled
 Compressed Oops: Enabled (Zero based)
 Heap Region Size: 2M
 Heap Min Capacity: 8M
 Heap Initial Capacity: 248M
 Heap Max Capacity: 3848M
 Pre-touch: Disabled
 Parallel Workers: 9
 Concurrent Workers: 2
 Concurrent Refinement Workers: 9
 Periodic GC: Disabled

Heap:
 garbage-first heap   total reserved 3940352K, committed 1546240K, used 1447556K [0x000000070f800000, 0x0000000800000000)
  region size 2048K, 401 young (821248K), 31 survivors (63488K)

Heap Regions: E=young(eden), S=young(survivor), O=old, HS=humongous(starts), HC=humongous(continues), CS=collection set, F=free, TAMS=top-at-mark-start, PB=parsable bottom
|   0|0x000000070f800000, 0x000000070fa00000, 0x000000070fa00000|100%|HS|  |TAMS 0x000000070f800000| PB 0x000000070f800000| Complete |  0
|   1|0x000000070fa00000, 0x000000070fc00000, 0x000000070fc00000|100%|HS|  |TAMS 0x000000070fa00000| PB 0x000000070fa00000| Complete |  0
|   2|0x000000070fc00000, 0x000000070fe00000, 0x000000070fe00000|100%|HS|  |TAMS 0x000000070fc00000| PB 0x000000070fc00000| Complete |  0
|   3|0x000000070fe00000, 0x0000000710000000, 0x0000000710000000|100%| O|  |TAMS 0x000000070fe00000| PB 0x000000070fe00000| Untracked |  0
|   4|0x0000000710000000, 0x0000000710200000, 0x0000000710200000|100%| O|  |TAMS 0x0000000710000000| PB 0x0000000710000000| Untracked |  0
|   5|0x0000000710200000, 0x0000000710400000, 0x0000000710400000|100%| O|  |TAMS 0x0000000710200000| PB 0x0000000710200000| Untracked |  0
|   6|0x0000000710400000, 0x0000000710600000, 0x0000000710600000|100%| O|  |TAMS 0x0000000710400000| PB 0x0000000710400000| Untracked |  0
|   7|0x0000000710600000, 0x0000000710800000, 0x0000000710800000|100%| O|  |TAMS 0x0000000710600000| PB 0x0000000710600000| Untracked |  0
|   8|0x0000000710800000, 0x0000000710a00000, 0x0000000710a00000|100%| O|  |TAMS 0x0000000710800000| PB 0x0000000710800000| Untracked |  0
|   9|0x0000000710a00000, 0x0000000710c00000, 0x0000000710c00000|100%| O|  |TAMS 0x0000000710a00000| PB 0x0000000710a00000| Untracked |  0
|  10|0x0000000710c00000, 0x0000000710e00000, 0x0000000710e00000|100%| O|  |TAMS 0x0000000710c00000| PB 0x0000000710c00000| Untracked |  0
|  11|0x0000000710e00000, 0x0000000711000000, 0x0000000711000000|100%| O|  |TAMS 0x0000000710e00000| PB 0x0000000710e00000| Untracked |  0
|  12|0x0000000711000000, 0x0000000711200000, 0x0000000711200000|100%| O|  |TAMS 0x0000000711000000| PB 0x0000000711000000| Untracked |  0
|  13|0x0000000711200000, 0x0000000711400000, 0x0000000711400000|100%| O|  |TAMS 0x0000000711200000| PB 0x0000000711200000| Untracked |  0
|  14|0x0000000711400000, 0x0000000711600000, 0x0000000711600000|100%| O|  |TAMS 0x0000000711400000| PB 0x0000000711400000| Untracked |  0
|  15|0x0000000711600000, 0x0000000711800000, 0x0000000711800000|100%| O|  |TAMS 0x0000000711600000| PB 0x0000000711600000| Untracked |  0
|  16|0x0000000711800000, 0x0000000711a00000, 0x0000000711a00000|100%| O|  |TAMS 0x0000000711800000| PB 0x0000000711800000| Untracked |  0
|  17|0x0000000711a00000, 0x0000000711c00000, 0x0000000711c00000|100%| O|  |TAMS 0x0000000711a00000| PB 0x0000000711a00000| Untracked |  0
|  18|0x0000000711c00000, 0x0000000711e00000, 0x0000000711e00000|100%| O|  |TAMS 0x0000000711c00000| PB 0x0000000711c00000| Untracked |  0
|  19|0x0000000711e00000, 0x0000000712000000, 0x0000000712000000|100%| O|  |TAMS 0x0000000711e00000| PB 0x0000000711e00000| Untracked |  0
|  20|0x0000000712000000, 0x0000000712200000, 0x0000000712200000|100%| O|  |TAMS 0x0000000712000000| PB 0x0000000712000000| Untracked |  0
|  21|0x0000000712200000, 0x0000000712400000, 0x0000000712400000|100%| O|  |TAMS 0x0000000712200000| PB 0x0000000712200000| Untracked |  0
|  22|0x0000000712400000, 0x0000000712600000, 0x0000000712600000|100%| O|  |TAMS 0x0000000712400000| PB 0x0000000712400000| Untracked |  0
|  23|0x0000000712600000, 0x0000000712800000, 0x0000000712800000|100%| O|  |TAMS 0x0000000712600000| PB 0x0000000712600000| Untracked |  0
|  24|0x0000000712800000, 0x0000000712a00000, 0x0000000712a00000|100%| O|  |TAMS 0x0000000712800000| PB 0x0000000712800000| Untracked |  0
|  25|0x0000000712a00000, 0x0000000712c00000, 0x0000000712c00000|100%| O|  |TAMS 0x0000000712a00000| PB 0x0000000712a00000| Untracked |  0
|  26|0x0000000712c00000, 0x0000000712e00000, 0x0000000712e00000|100%|HS|  |TAMS 0x0000000712c00000| PB 0x0000000712c00000| Complete |  0
|  27|0x0000000712e00000, 0x0000000713000000, 0x0000000713000000|100%|HC|  |TAMS 0x0000000712e00000| PB 0x0000000712e00000| Complete |  0
|  28|0x0000000713000000, 0x0000000713200000, 0x0000000713200000|100%|HC|  |TAMS 0x0000000713000000| PB 0x0000000713000000| Complete |  0
|  29|0x0000000713200000, 0x0000000713400000, 0x0000000713400000|100%|HC|  |TAMS 0x0000000713200000| PB 0x0000000713200000| Complete |  0
|  30|0x0000000713400000, 0x0000000713600000, 0x0000000713600000|100%|HC|  |TAMS 0x0000000713400000| PB 0x0000000713400000| Complete |  0
|  31|0x0000000713600000, 0x0000000713800000, 0x0000000713800000|100%|HC|  |TAMS 0x0000000713600000| PB 0x0000000713600000| Complete |  0
|  32|0x0000000713800000, 0x0000000713a00000, 0x0000000713a00000|100%| O|  |TAMS 0x0000000713800000| PB 0x0000000713800000| Untracked |  0
|  33|0x0000000713a00000, 0x0000000713c00000, 0x0000000713c00000|100%| O|  |TAMS 0x0000000713a00000| PB 0x0000000713a00000| Untracked |  0
|  34|0x0000000713c00000, 0x0000000713e00000, 0x0000000713e00000|100%| O|  |TAMS 0x0000000713c00000| PB 0x0000000713c00000| Untracked |  0
|  35|0x0000000713e00000, 0x0000000714000000, 0x0000000714000000|100%| O|  |TAMS 0x0000000713e00000| PB 0x0000000713e00000| Untracked |  0
|  36|0x0000000714000000, 0x0000000714200000, 0x0000000714200000|100%| O|  |TAMS 0x0000000714000000| PB 0x0000000714000000| Untracked |  0
|  37|0x0000000714200000, 0x0000000714400000, 0x0000000714400000|100%| O|  |TAMS 0x0000000714200000| PB 0x0000000714200000| Untracked |  0
|  38|0x0000000714400000, 0x0000000714600000, 0x0000000714600000|100%| O|  |TAMS 0x0000000714400000| PB 0x0000000714400000| Untracked |  0
|  39|0x0000000714600000, 0x0000000714800000, 0x0000000714800000|100%| O|  |TAMS 0x0000000714600000| PB 0x0000000714600000| Untracked |  0
|  40|0x0000000714800000, 0x0000000714a00000, 0x0000000714a00000|100%| O|  |TAMS 0x0000000714800000| PB 0x0000000714800000| Untracked |  0
|  41|0x0000000714a00000, 0x0000000714c00000, 0x0000000714c00000|100%| O|  |TAMS 0x0000000714a00000| PB 0x0000000714a00000| Untracked |  0
|  42|0x0000000714c00000, 0x0000000714e00000, 0x0000000714e00000|100%| O|  |TAMS 0x0000000714c00000| PB 0x0000000714c00000| Untracked |  0
|  43|0x0000000714e00000, 0x0000000715000000, 0x0000000715000000|100%| O|  |TAMS 0x0000000714e00000| PB 0x0000000714e00000| Untracked |  0
|  44|0x0000000715000000, 0x0000000715200000, 0x0000000715200000|100%| O|  |TAMS 0x0000000715000000| PB 0x0000000715000000| Untracked |  0
|  45|0x0000000715200000, 0x0000000715400000, 0x0000000715400000|100%| O|  |TAMS 0x0000000715200000| PB 0x0000000715200000| Untracked |  0
|  46|0x0000000715400000, 0x0000000715600000, 0x0000000715600000|100%| O|  |TAMS 0x0000000715400000| PB 0x0000000715400000| Untracked |  0
|  47|0x0000000715600000, 0x0000000715800000, 0x0000000715800000|100%| O|  |TAMS 0x0000000715600000| PB 0x0000000715600000| Untracked |  0
|  48|0x0000000715800000, 0x0000000715a00000, 0x0000000715a00000|100%|HS|  |TAMS 0x0000000715800000| PB 0x0000000715800000| Complete |  0
|  49|0x0000000715a00000, 0x0000000715c00000, 0x0000000715c00000|100%|HS|  |TAMS 0x0000000715a00000| PB 0x0000000715a00000| Complete |  0
|  50|0x0000000715c00000, 0x0000000715e00000, 0x0000000715e00000|100%| O|  |TAMS 0x0000000715c00000| PB 0x0000000715c00000| Untracked |  0
|  51|0x0000000715e00000, 0x0000000716000000, 0x0000000716000000|100%| O|  |TAMS 0x0000000715e00000| PB 0x0000000715e00000| Untracked |  0
|  52|0x0000000716000000, 0x0000000716200000, 0x0000000716200000|100%| O|  |TAMS 0x0000000716000000| PB 0x0000000716000000| Untracked |  0
|  53|0x0000000716200000, 0x0000000716400000, 0x0000000716400000|100%| O|  |TAMS 0x0000000716200000| PB 0x0000000716200000| Untracked |  0
|  54|0x0000000716400000, 0x0000000716600000, 0x0000000716600000|100%| O|  |TAMS 0x0000000716400000| PB 0x0000000716400000| Untracked |  0
|  55|0x0000000716600000, 0x0000000716800000, 0x0000000716800000|100%| O|  |TAMS 0x0000000716600000| PB 0x0000000716600000| Untracked |  0
|  56|0x0000000716800000, 0x0000000716a00000, 0x0000000716a00000|100%| O|  |TAMS 0x0000000716800000| PB 0x0000000716800000| Untracked |  0
|  57|0x0000000716a00000, 0x0000000716c00000, 0x0000000716c00000|100%| O|  |TAMS 0x0000000716a00000| PB 0x0000000716a00000| Untracked |  0
|  58|0x0000000716c00000, 0x0000000716e00000, 0x0000000716e00000|100%| O|  |TAMS 0x0000000716c00000| PB 0x0000000716c00000| Untracked |  0
|  59|0x0000000716e00000, 0x0000000717000000, 0x0000000717000000|100%| O|  |TAMS 0x0000000716e00000| PB 0x0000000716e00000| Untracked |  0
|  60|0x0000000717000000, 0x0000000717200000, 0x0000000717200000|100%| O|  |TAMS 0x0000000717000000| PB 0x0000000717000000| Untracked |  0
|  61|0x0000000717200000, 0x0000000717400000, 0x0000000717400000|100%| O|  |TAMS 0x0000000717200000| PB 0x0000000717200000| Untracked |  0
|  62|0x0000000717400000, 0x0000000717600000, 0x0000000717600000|100%| O|  |TAMS 0x0000000717400000| PB 0x0000000717400000| Untracked |  0
|  63|0x0000000717600000, 0x0000000717800000, 0x0000000717800000|100%| O|  |TAMS 0x0000000717600000| PB 0x0000000717600000| Untracked |  0
|  64|0x0000000717800000, 0x0000000717a00000, 0x0000000717a00000|100%| O|  |TAMS 0x0000000717800000| PB 0x0000000717800000| Untracked |  0
|  65|0x0000000717a00000, 0x0000000717c00000, 0x0000000717c00000|100%| O|  |TAMS 0x0000000717a00000| PB 0x0000000717a00000| Untracked |  0
|  66|0x0000000717c00000, 0x0000000717e00000, 0x0000000717e00000|100%| O|  |TAMS 0x0000000717c00000| PB 0x0000000717c00000| Untracked |  0
|  67|0x0000000717e00000, 0x0000000718000000, 0x0000000718000000|100%| O|  |TAMS 0x0000000717e00000| PB 0x0000000717e00000| Untracked |  0
|  68|0x0000000718000000, 0x0000000718200000, 0x0000000718200000|100%| O|  |TAMS 0x0000000718000000| PB 0x0000000718000000| Untracked |  0
|  69|0x0000000718200000, 0x0000000718400000, 0x0000000718400000|100%| O|  |TAMS 0x0000000718200000| PB 0x0000000718200000| Untracked |  0
|  70|0x0000000718400000, 0x0000000718600000, 0x0000000718600000|100%| O|  |TAMS 0x0000000718400000| PB 0x0000000718400000| Untracked |  0
|  71|0x0000000718600000, 0x0000000718800000, 0x0000000718800000|100%| O|  |TAMS 0x0000000718600000| PB 0x0000000718600000| Untracked |  0
|  72|0x0000000718800000, 0x0000000718a00000, 0x0000000718a00000|100%| O|  |TAMS 0x0000000718800000| PB 0x0000000718800000| Untracked |  0
|  73|0x0000000718a00000, 0x0000000718c00000, 0x0000000718c00000|100%| O|  |TAMS 0x0000000718a00000| PB 0x0000000718a00000| Untracked |  0
|  74|0x0000000718c00000, 0x0000000718e00000, 0x0000000718e00000|100%| O|  |TAMS 0x0000000718c00000| PB 0x0000000718c00000| Untracked |  0
|  75|0x0000000718e00000, 0x0000000719000000, 0x0000000719000000|100%| O|  |TAMS 0x0000000718e00000| PB 0x0000000718e00000| Untracked |  0
|  76|0x0000000719000000, 0x0000000719200000, 0x0000000719200000|100%| O|  |TAMS 0x0000000719000000| PB 0x0000000719000000| Untracked |  0
|  77|0x0000000719200000, 0x0000000719400000, 0x0000000719400000|100%| O|  |TAMS 0x0000000719200000| PB 0x0000000719200000| Untracked |  0
|  78|0x0000000719400000, 0x0000000719600000, 0x0000000719600000|100%| O|  |TAMS 0x0000000719400000| PB 0x0000000719400000| Untracked |  0
|  79|0x0000000719600000, 0x0000000719800000, 0x0000000719800000|100%| O|  |TAMS 0x0000000719600000| PB 0x0000000719600000| Untracked |  0
|  80|0x0000000719800000, 0x0000000719a00000, 0x0000000719a00000|100%| O|  |TAMS 0x0000000719800000| PB 0x0000000719800000| Untracked |  0
|  81|0x0000000719a00000, 0x0000000719c00000, 0x0000000719c00000|100%| O|  |TAMS 0x0000000719a00000| PB 0x0000000719a00000| Untracked |  0
|  82|0x0000000719c00000, 0x0000000719e00000, 0x0000000719e00000|100%| O|  |TAMS 0x0000000719c00000| PB 0x0000000719c00000| Untracked |  0
|  83|0x0000000719e00000, 0x000000071a000000, 0x000000071a000000|100%| O|  |TAMS 0x0000000719e00000| PB 0x0000000719e00000| Untracked |  0
|  84|0x000000071a000000, 0x000000071a200000, 0x000000071a200000|100%| O|  |TAMS 0x000000071a000000| PB 0x000000071a000000| Untracked |  0
|  85|0x000000071a200000, 0x000000071a400000, 0x000000071a400000|100%| O|  |TAMS 0x000000071a200000| PB 0x000000071a200000| Untracked |  0
|  86|0x000000071a400000, 0x000000071a600000, 0x000000071a600000|100%| O|  |TAMS 0x000000071a400000| PB 0x000000071a400000| Untracked |  0
|  87|0x000000071a600000, 0x000000071a800000, 0x000000071a800000|100%| O|  |TAMS 0x000000071a600000| PB 0x000000071a600000| Untracked |  0
|  88|0x000000071a800000, 0x000000071aa00000, 0x000000071aa00000|100%| O|  |TAMS 0x000000071a800000| PB 0x000000071a800000| Untracked |  0
|  89|0x000000071aa00000, 0x000000071ac00000, 0x000000071ac00000|100%| O|  |TAMS 0x000000071aa00000| PB 0x000000071aa00000| Untracked |  0
|  90|0x000000071ac00000, 0x000000071ae00000, 0x000000071ae00000|100%| O|  |TAMS 0x000000071ac00000| PB 0x000000071ac00000| Untracked |  0
|  91|0x000000071ae00000, 0x000000071b000000, 0x000000071b000000|100%| O|  |TAMS 0x000000071ae00000| PB 0x000000071ae00000| Untracked |  0
|  92|0x000000071b000000, 0x000000071b200000, 0x000000071b200000|100%| O|  |TAMS 0x000000071b000000| PB 0x000000071b000000| Untracked |  0
|  93|0x000000071b200000, 0x000000071b400000, 0x000000071b400000|100%| O|  |TAMS 0x000000071b200000| PB 0x000000071b200000| Untracked |  0
|  94|0x000000071b400000, 0x000000071b600000, 0x000000071b600000|100%| O|  |TAMS 0x000000071b400000| PB 0x000000071b400000| Untracked |  0
|  95|0x000000071b600000, 0x000000071b800000, 0x000000071b800000|100%| O|  |TAMS 0x000000071b600000| PB 0x000000071b600000| Untracked |  0
|  96|0x000000071b800000, 0x000000071ba00000, 0x000000071ba00000|100%| O|  |TAMS 0x000000071b800000| PB 0x000000071b800000| Untracked |  0
|  97|0x000000071ba00000, 0x000000071bc00000, 0x000000071bc00000|100%| O|  |TAMS 0x000000071ba00000| PB 0x000000071ba00000| Untracked |  0
|  98|0x000000071bc00000, 0x000000071be00000, 0x000000071be00000|100%| O|  |TAMS 0x000000071bc00000| PB 0x000000071bc00000| Untracked |  0
|  99|0x000000071be00000, 0x000000071c000000, 0x000000071c000000|100%| O|  |TAMS 0x000000071be00000| PB 0x000000071be00000| Untracked |  0
| 100|0x000000071c000000, 0x000000071c200000, 0x000000071c200000|100%| O|  |TAMS 0x000000071c000000| PB 0x000000071c000000| Untracked |  0
| 101|0x000000071c200000, 0x000000071c400000, 0x000000071c400000|100%| O|  |TAMS 0x000000071c200000| PB 0x000000071c200000| Untracked |  0
| 102|0x000000071c400000, 0x000000071c600000, 0x000000071c600000|100%| O|  |TAMS 0x000000071c400000| PB 0x000000071c400000| Untracked |  0
| 103|0x000000071c600000, 0x000000071c800000, 0x000000071c800000|100%| O|  |TAMS 0x000000071c600000| PB 0x000000071c600000| Untracked |  0
| 104|0x000000071c800000, 0x000000071ca00000, 0x000000071ca00000|100%| O|  |TAMS 0x000000071c800000| PB 0x000000071c800000| Untracked |  0
| 105|0x000000071ca00000, 0x000000071cc00000, 0x000000071cc00000|100%| O|  |TAMS 0x000000071ca00000| PB 0x000000071ca00000| Untracked |  0
| 106|0x000000071cc00000, 0x000000071ce00000, 0x000000071ce00000|100%| O|  |TAMS 0x000000071cc00000| PB 0x000000071cc00000| Untracked |  0
| 107|0x000000071ce00000, 0x000000071d000000, 0x000000071d000000|100%| O|  |TAMS 0x000000071ce00000| PB 0x000000071ce00000| Untracked |  0
| 108|0x000000071d000000, 0x000000071d200000, 0x000000071d200000|100%| O|  |TAMS 0x000000071d000000| PB 0x000000071d000000| Untracked |  0
| 109|0x000000071d200000, 0x000000071d400000, 0x000000071d400000|100%| O|  |TAMS 0x000000071d200000| PB 0x000000071d200000| Untracked |  0
| 110|0x000000071d400000, 0x000000071d600000, 0x000000071d600000|100%| O|  |TAMS 0x000000071d400000| PB 0x000000071d400000| Untracked |  0
| 111|0x000000071d600000, 0x000000071d800000, 0x000000071d800000|100%| O|  |TAMS 0x000000071d600000| PB 0x000000071d600000| Untracked |  0
| 112|0x000000071d800000, 0x000000071da00000, 0x000000071da00000|100%| O|  |TAMS 0x000000071d800000| PB 0x000000071d800000| Untracked |  0
| 113|0x000000071da00000, 0x000000071dc00000, 0x000000071dc00000|100%| O|  |TAMS 0x000000071da00000| PB 0x000000071da00000| Untracked |  0
| 114|0x000000071dc00000, 0x000000071de00000, 0x000000071de00000|100%| O|  |TAMS 0x000000071dc00000| PB 0x000000071dc00000| Untracked |  0
| 115|0x000000071de00000, 0x000000071e000000, 0x000000071e000000|100%| O|  |TAMS 0x000000071de00000| PB 0x000000071de00000| Untracked |  0
| 116|0x000000071e000000, 0x000000071e200000, 0x000000071e200000|100%| O|  |TAMS 0x000000071e000000| PB 0x000000071e000000| Untracked |  0
| 117|0x000000071e200000, 0x000000071e400000, 0x000000071e400000|100%| O|  |TAMS 0x000000071e200000| PB 0x000000071e200000| Untracked |  0
| 118|0x000000071e400000, 0x000000071e600000, 0x000000071e600000|100%| O|  |TAMS 0x000000071e400000| PB 0x000000071e400000| Untracked |  0
| 119|0x000000071e600000, 0x000000071e800000, 0x000000071e800000|100%| O|  |TAMS 0x000000071e600000| PB 0x000000071e600000| Untracked |  0
| 120|0x000000071e800000, 0x000000071ea00000, 0x000000071ea00000|100%| O|  |TAMS 0x000000071e800000| PB 0x000000071e800000| Untracked |  0
| 121|0x000000071ea00000, 0x000000071ec00000, 0x000000071ec00000|100%| O|  |TAMS 0x000000071ea00000| PB 0x000000071ea00000| Untracked |  0
| 122|0x000000071ec00000, 0x000000071ee00000, 0x000000071ee00000|100%| O|  |TAMS 0x000000071ec00000| PB 0x000000071ec00000| Untracked |  0
| 123|0x000000071ee00000, 0x000000071f000000, 0x000000071f000000|100%| O|  |TAMS 0x000000071ee00000| PB 0x000000071ee00000| Untracked |  0
| 124|0x000000071f000000, 0x000000071f200000, 0x000000071f200000|100%| O|  |TAMS 0x000000071f000000| PB 0x000000071f000000| Untracked |  0
| 125|0x000000071f200000, 0x000000071f400000, 0x000000071f400000|100%| O|  |TAMS 0x000000071f200000| PB 0x000000071f200000| Untracked |  0
| 126|0x000000071f400000, 0x000000071f600000, 0x000000071f600000|100%| O|  |TAMS 0x000000071f400000| PB 0x000000071f400000| Untracked |  0
| 127|0x000000071f600000, 0x000000071f800000, 0x000000071f800000|100%| O|  |TAMS 0x000000071f600000| PB 0x000000071f600000| Untracked |  0
| 128|0x000000071f800000, 0x000000071fa00000, 0x000000071fa00000|100%| O|  |TAMS 0x000000071f800000| PB 0x000000071f800000| Untracked |  0
| 129|0x000000071fa00000, 0x000000071fc00000, 0x000000071fc00000|100%| O|  |TAMS 0x000000071fa00000| PB 0x000000071fa00000| Untracked |  0
| 130|0x000000071fc00000, 0x000000071fe00000, 0x000000071fe00000|100%| O|  |TAMS 0x000000071fc00000| PB 0x000000071fc00000| Untracked |  0
| 131|0x000000071fe00000, 0x0000000720000000, 0x0000000720000000|100%| O|  |TAMS 0x000000071fe00000| PB 0x000000071fe00000| Untracked |  0
| 132|0x0000000720000000, 0x0000000720200000, 0x0000000720200000|100%| O|  |TAMS 0x0000000720000000| PB 0x0000000720000000| Untracked |  0
| 133|0x0000000720200000, 0x0000000720400000, 0x0000000720400000|100%| O|  |TAMS 0x0000000720200000| PB 0x0000000720200000| Untracked |  0
| 134|0x0000000720400000, 0x0000000720600000, 0x0000000720600000|100%| O|  |TAMS 0x0000000720400000| PB 0x0000000720400000| Untracked |  0
| 135|0x0000000720600000, 0x0000000720800000, 0x0000000720800000|100%| O|  |TAMS 0x0000000720600000| PB 0x0000000720600000| Untracked |  0
| 136|0x0000000720800000, 0x0000000720a00000, 0x0000000720a00000|100%| O|  |TAMS 0x0000000720800000| PB 0x0000000720800000| Untracked |  0
| 137|0x0000000720a00000, 0x0000000720c00000, 0x0000000720c00000|100%| O|  |TAMS 0x0000000720a00000| PB 0x0000000720a00000| Untracked |  0
| 138|0x0000000720c00000, 0x0000000720e00000, 0x0000000720e00000|100%| O|  |TAMS 0x0000000720c00000| PB 0x0000000720c00000| Untracked |  0
| 139|0x0000000720e00000, 0x0000000721000000, 0x0000000721000000|100%| O|  |TAMS 0x0000000720e00000| PB 0x0000000720e00000| Untracked |  0
| 140|0x0000000721000000, 0x0000000721200000, 0x0000000721200000|100%| O|  |TAMS 0x0000000721000000| PB 0x0000000721000000| Untracked |  0
| 141|0x0000000721200000, 0x0000000721200000, 0x0000000721400000|  0%| F|  |TAMS 0x0000000721200000| PB 0x0000000721200000| Untracked |  0
| 142|0x0000000721400000, 0x0000000721600000, 0x0000000721600000|100%| O|  |TAMS 0x0000000721400000| PB 0x0000000721400000| Untracked |  0
| 143|0x0000000721600000, 0x0000000721800000, 0x0000000721800000|100%| O|  |TAMS 0x0000000721600000| PB 0x0000000721600000| Untracked |  0
| 144|0x0000000721800000, 0x0000000721a00000, 0x0000000721a00000|100%| O|  |TAMS 0x0000000721800000| PB 0x0000000721800000| Untracked |  0
| 145|0x0000000721a00000, 0x0000000721c00000, 0x0000000721c00000|100%| O|  |TAMS 0x0000000721a00000| PB 0x0000000721a00000| Untracked |  0
| 146|0x0000000721c00000, 0x0000000721c00000, 0x0000000721e00000|  0%| F|  |TAMS 0x0000000721c00000| PB 0x0000000721c00000| Untracked |  0
| 147|0x0000000721e00000, 0x0000000722000000, 0x0000000722000000|100%| O|  |TAMS 0x0000000721e00000| PB 0x0000000721e00000| Untracked |  0
| 148|0x0000000722000000, 0x0000000722200000, 0x0000000722200000|100%| O|  |TAMS 0x0000000722000000| PB 0x0000000722000000| Untracked |  0
| 149|0x0000000722200000, 0x0000000722400000, 0x0000000722400000|100%| O|  |TAMS 0x0000000722200000| PB 0x0000000722200000| Untracked |  0
| 150|0x0000000722400000, 0x0000000722400000, 0x0000000722600000|  0%| F|  |TAMS 0x0000000722400000| PB 0x0000000722400000| Untracked |  0
| 151|0x0000000722600000, 0x0000000722600000, 0x0000000722800000|  0%| F|  |TAMS 0x0000000722600000| PB 0x0000000722600000| Untracked |  0
| 152|0x0000000722800000, 0x0000000722800000, 0x0000000722a00000|  0%| F|  |TAMS 0x0000000722800000| PB 0x0000000722800000| Untracked |  0
| 153|0x0000000722a00000, 0x0000000722c00000, 0x0000000722c00000|100%| O|  |TAMS 0x0000000722a00000| PB 0x0000000722a00000| Untracked |  0
| 154|0x0000000722c00000, 0x0000000722e00000, 0x0000000722e00000|100%| O|  |TAMS 0x0000000722c00000| PB 0x0000000722c00000| Untracked |  0
| 155|0x0000000722e00000, 0x0000000723000000, 0x0000000723000000|100%| O|  |TAMS 0x0000000722e00000| PB 0x0000000722e00000| Untracked |  0
| 156|0x0000000723000000, 0x0000000723200000, 0x0000000723200000|100%| O|  |TAMS 0x0000000723000000| PB 0x0000000723000000| Untracked |  0
| 157|0x0000000723200000, 0x0000000723200000, 0x0000000723400000|  0%| F|  |TAMS 0x0000000723200000| PB 0x0000000723200000| Untracked |  0
| 158|0x0000000723400000, 0x0000000723600000, 0x0000000723600000|100%| O|  |TAMS 0x0000000723400000| PB 0x0000000723400000| Untracked |  0
| 159|0x0000000723600000, 0x0000000723600000, 0x0000000723800000|  0%| F|  |TAMS 0x0000000723600000| PB 0x0000000723600000| Untracked |  0
| 160|0x0000000723800000, 0x0000000723800000, 0x0000000723a00000|  0%| F|  |TAMS 0x0000000723800000| PB 0x0000000723800000| Untracked |  0
| 161|0x0000000723a00000, 0x0000000723c00000, 0x0000000723c00000|100%| O|  |TAMS 0x0000000723a00000| PB 0x0000000723a00000| Untracked |  0
| 162|0x0000000723c00000, 0x0000000723e00000, 0x0000000723e00000|100%| O|  |TAMS 0x0000000723c00000| PB 0x0000000723c00000| Untracked |  0
| 163|0x0000000723e00000, 0x0000000723e00000, 0x0000000724000000|  0%| F|  |TAMS 0x0000000723e00000| PB 0x0000000723e00000| Untracked |  0
| 164|0x0000000724000000, 0x0000000724200000, 0x0000000724200000|100%|HS|  |TAMS 0x0000000724000000| PB 0x0000000724000000| Complete |  0
| 165|0x0000000724200000, 0x0000000724400000, 0x0000000724400000|100%| O|  |TAMS 0x0000000724200000| PB 0x0000000724200000| Untracked |  0
| 166|0x0000000724400000, 0x0000000724400000, 0x0000000724600000|  0%| F|  |TAMS 0x0000000724400000| PB 0x0000000724400000| Untracked |  0
| 167|0x0000000724600000, 0x0000000724800000, 0x0000000724800000|100%| O|  |TAMS 0x0000000724600000| PB 0x0000000724600000| Untracked |  0
| 168|0x0000000724800000, 0x0000000724a00000, 0x0000000724a00000|100%|HS|  |TAMS 0x0000000724800000| PB 0x0000000724800000| Complete |  0
| 169|0x0000000724a00000, 0x0000000724c00000, 0x0000000724c00000|100%|HC|  |TAMS 0x0000000724a00000| PB 0x0000000724a00000| Complete |  0
| 170|0x0000000724c00000, 0x0000000724e00000, 0x0000000724e00000|100%| O|  |TAMS 0x0000000724c00000| PB 0x0000000724c00000| Untracked |  0
| 171|0x0000000724e00000, 0x0000000725000000, 0x0000000725000000|100%| O|  |TAMS 0x0000000724e00000| PB 0x0000000724e00000| Untracked |  0
| 172|0x0000000725000000, 0x0000000725200000, 0x0000000725200000|100%| O|  |TAMS 0x0000000725000000| PB 0x0000000725000000| Untracked |  0
| 173|0x0000000725200000, 0x0000000725400000, 0x0000000725400000|100%| O|  |TAMS 0x0000000725200000| PB 0x0000000725200000| Untracked |  0
| 174|0x0000000725400000, 0x0000000725600000, 0x0000000725600000|100%| O|  |TAMS 0x0000000725400000| PB 0x0000000725400000| Untracked |  0
| 175|0x0000000725600000, 0x0000000725800000, 0x0000000725800000|100%| O|  |TAMS 0x0000000725600000| PB 0x0000000725600000| Untracked |  0
| 176|0x0000000725800000, 0x0000000725a00000, 0x0000000725a00000|100%| O|  |TAMS 0x0000000725800000| PB 0x0000000725800000| Untracked |  0
| 177|0x0000000725a00000, 0x0000000725c00000, 0x0000000725c00000|100%| O|  |TAMS 0x0000000725a00000| PB 0x0000000725a00000| Untracked |  0
| 178|0x0000000725c00000, 0x0000000725e00000, 0x0000000725e00000|100%| O|  |TAMS 0x0000000725c00000| PB 0x0000000725c00000| Untracked |  0
| 179|0x0000000725e00000, 0x0000000726000000, 0x0000000726000000|100%| O|  |TAMS 0x0000000725e00000| PB 0x0000000725e00000| Untracked |  0
| 180|0x0000000726000000, 0x0000000726200000, 0x0000000726200000|100%| O|  |TAMS 0x0000000726000000| PB 0x0000000726000000| Untracked |  0
| 181|0x0000000726200000, 0x0000000726200000, 0x0000000726400000|  0%| F|  |TAMS 0x0000000726200000| PB 0x0000000726200000| Untracked |  0
| 182|0x0000000726400000, 0x0000000726600000, 0x0000000726600000|100%| O|  |TAMS 0x0000000726400000| PB 0x0000000726400000| Untracked |  0
| 183|0x0000000726600000, 0x0000000726800000, 0x0000000726800000|100%| O|  |TAMS 0x0000000726600000| PB 0x0000000726600000| Untracked |  0
| 184|0x0000000726800000, 0x0000000726800000, 0x0000000726a00000|  0%| F|  |TAMS 0x0000000726800000| PB 0x0000000726800000| Untracked |  0
| 185|0x0000000726a00000, 0x0000000726c00000, 0x0000000726c00000|100%| O|  |TAMS 0x0000000726a00000| PB 0x0000000726a00000| Untracked |  0
| 186|0x0000000726c00000, 0x0000000726e00000, 0x0000000726e00000|100%| O|  |TAMS 0x0000000726c00000| PB 0x0000000726c00000| Untracked |  0
| 187|0x0000000726e00000, 0x0000000727000000, 0x0000000727000000|100%| O|  |TAMS 0x0000000726e00000| PB 0x0000000726e00000| Untracked |  0
| 188|0x0000000727000000, 0x0000000727200000, 0x0000000727200000|100%| O|  |TAMS 0x0000000727000000| PB 0x0000000727000000| Untracked |  0
| 189|0x0000000727200000, 0x0000000727400000, 0x0000000727400000|100%| O|  |TAMS 0x0000000727200000| PB 0x0000000727200000| Untracked |  0
| 190|0x0000000727400000, 0x0000000727600000, 0x0000000727600000|100%| O|  |TAMS 0x0000000727400000| PB 0x0000000727400000| Untracked |  0
| 191|0x0000000727600000, 0x0000000727800000, 0x0000000727800000|100%| O|  |TAMS 0x0000000727600000| PB 0x0000000727600000| Untracked |  0
| 192|0x0000000727800000, 0x0000000727a00000, 0x0000000727a00000|100%| O|  |TAMS 0x0000000727800000| PB 0x0000000727800000| Untracked |  0
| 193|0x0000000727a00000, 0x0000000727c00000, 0x0000000727c00000|100%| O|  |TAMS 0x0000000727a00000| PB 0x0000000727a00000| Untracked |  0
| 194|0x0000000727c00000, 0x0000000727e00000, 0x0000000727e00000|100%| O|  |TAMS 0x0000000727c00000| PB 0x0000000727c00000| Untracked |  0
| 195|0x0000000727e00000, 0x0000000728000000, 0x0000000728000000|100%| O|  |TAMS 0x0000000727e00000| PB 0x0000000727e00000| Untracked |  0
| 196|0x0000000728000000, 0x0000000728200000, 0x0000000728200000|100%| O|  |TAMS 0x0000000728000000| PB 0x0000000728000000| Untracked |  0
| 197|0x0000000728200000, 0x0000000728400000, 0x0000000728400000|100%| O|  |TAMS 0x0000000728200000| PB 0x0000000728200000| Untracked |  0
| 198|0x0000000728400000, 0x00000007285a1270, 0x0000000728600000| 81%| O|  |TAMS 0x0000000728400000| PB 0x0000000728400000| Untracked |  0
| 199|0x0000000728600000, 0x0000000728800000, 0x0000000728800000|100%| O|  |TAMS 0x0000000728600000| PB 0x0000000728600000| Untracked |  0
| 200|0x0000000728800000, 0x0000000728a00000, 0x0000000728a00000|100%| O|  |TAMS 0x0000000728800000| PB 0x0000000728800000| Untracked |  0
| 201|0x0000000728a00000, 0x0000000728c00000, 0x0000000728c00000|100%| O|  |TAMS 0x0000000728a00000| PB 0x0000000728a00000| Untracked |  0
| 202|0x0000000728c00000, 0x0000000728e00000, 0x0000000728e00000|100%| O|  |TAMS 0x0000000728c00000| PB 0x0000000728c00000| Untracked |  0
| 203|0x0000000728e00000, 0x0000000729000000, 0x0000000729000000|100%| O|  |TAMS 0x0000000728e00000| PB 0x0000000728e00000| Untracked |  0
| 204|0x0000000729000000, 0x0000000729200000, 0x0000000729200000|100%| O|  |TAMS 0x0000000729000000| PB 0x0000000729000000| Untracked |  0
| 205|0x0000000729200000, 0x0000000729400000, 0x0000000729400000|100%| O|  |TAMS 0x0000000729200000| PB 0x0000000729200000| Untracked |  0
| 206|0x0000000729400000, 0x0000000729600000, 0x0000000729600000|100%| O|  |TAMS 0x0000000729400000| PB 0x0000000729400000| Untracked |  0
| 207|0x0000000729600000, 0x0000000729800000, 0x0000000729800000|100%| O|  |TAMS 0x0000000729600000| PB 0x0000000729600000| Untracked |  0
| 208|0x0000000729800000, 0x0000000729a00000, 0x0000000729a00000|100%| O|  |TAMS 0x0000000729800000| PB 0x0000000729800000| Untracked |  0
| 209|0x0000000729a00000, 0x0000000729c00000, 0x0000000729c00000|100%| O|  |TAMS 0x0000000729a00000| PB 0x0000000729a00000| Untracked |  0
| 210|0x0000000729c00000, 0x0000000729e00000, 0x0000000729e00000|100%| O|  |TAMS 0x0000000729c00000| PB 0x0000000729c00000| Untracked |  0
| 211|0x0000000729e00000, 0x000000072a000000, 0x000000072a000000|100%| S|CS|TAMS 0x0000000729e00000| PB 0x0000000729e00000| Complete |  0
| 212|0x000000072a000000, 0x000000072a000000, 0x000000072a200000|  0%| F|  |TAMS 0x000000072a000000| PB 0x000000072a000000| Untracked |  0
| 213|0x000000072a200000, 0x000000072a400000, 0x000000072a400000|100%| S|CS|TAMS 0x000000072a200000| PB 0x000000072a200000| Complete |  0
| 214|0x000000072a400000, 0x000000072a600000, 0x000000072a600000|100%| S|CS|TAMS 0x000000072a400000| PB 0x000000072a400000| Complete |  0
| 215|0x000000072a600000, 0x000000072a800000, 0x000000072a800000|100%| O|  |TAMS 0x000000072a600000| PB 0x000000072a600000| Untracked |  0
| 216|0x000000072a800000, 0x000000072aa00000, 0x000000072aa00000|100%| S|CS|TAMS 0x000000072a800000| PB 0x000000072a800000| Complete |  0
| 217|0x000000072aa00000, 0x000000072ac00000, 0x000000072ac00000|100%| S|CS|TAMS 0x000000072aa00000| PB 0x000000072aa00000| Complete |  0
| 218|0x000000072ac00000, 0x000000072ae00000, 0x000000072ae00000|100%| O|  |TAMS 0x000000072ac00000| PB 0x000000072ac00000| Untracked |  0
| 219|0x000000072ae00000, 0x000000072b000000, 0x000000072b000000|100%| O|  |TAMS 0x000000072ae00000| PB 0x000000072ae00000| Untracked |  0
| 220|0x000000072b000000, 0x000000072b000000, 0x000000072b200000|  0%| F|  |TAMS 0x000000072b000000| PB 0x000000072b000000| Untracked |  0
| 221|0x000000072b200000, 0x000000072b200000, 0x000000072b400000|  0%| F|  |TAMS 0x000000072b200000| PB 0x000000072b200000| Untracked |  0
| 222|0x000000072b400000, 0x000000072b400000, 0x000000072b600000|  0%| F|  |TAMS 0x000000072b400000| PB 0x000000072b400000| Untracked |  0
| 223|0x000000072b600000, 0x000000072b800000, 0x000000072b800000|100%| O|  |TAMS 0x000000072b600000| PB 0x000000072b600000| Untracked |  0
| 224|0x000000072b800000, 0x000000072b800000, 0x000000072ba00000|  0%| F|  |TAMS 0x000000072b800000| PB 0x000000072b800000| Untracked |  0
| 225|0x000000072ba00000, 0x000000072bc00000, 0x000000072bc00000|100%| S|CS|TAMS 0x000000072ba00000| PB 0x000000072ba00000| Complete |  0
| 226|0x000000072bc00000, 0x000000072be00000, 0x000000072be00000|100%| O|  |TAMS 0x000000072bc00000| PB 0x000000072bc00000| Untracked |  0
| 227|0x000000072be00000, 0x000000072c000000, 0x000000072c000000|100%| O|  |TAMS 0x000000072be00000| PB 0x000000072be00000| Untracked |  0
| 228|0x000000072c000000, 0x000000072c200000, 0x000000072c200000|100%| O|  |TAMS 0x000000072c000000| PB 0x000000072c000000| Untracked |  0
| 229|0x000000072c200000, 0x000000072c400000, 0x000000072c400000|100%| O|  |TAMS 0x000000072c200000| PB 0x000000072c200000| Untracked |  0
| 230|0x000000072c400000, 0x000000072c600000, 0x000000072c600000|100%| S|CS|TAMS 0x000000072c400000| PB 0x000000072c400000| Complete |  0
| 231|0x000000072c600000, 0x000000072c800000, 0x000000072c800000|100%| S|CS|TAMS 0x000000072c600000| PB 0x000000072c600000| Complete |  0
| 232|0x000000072c800000, 0x000000072ca00000, 0x000000072ca00000|100%| O|  |TAMS 0x000000072c800000| PB 0x000000072c800000| Untracked |  0
| 233|0x000000072ca00000, 0x000000072cc00000, 0x000000072cc00000|100%| O|  |TAMS 0x000000072ca00000| PB 0x000000072ca00000| Untracked |  0
| 234|0x000000072cc00000, 0x000000072ce00000, 0x000000072ce00000|100%| O|  |TAMS 0x000000072cc00000| PB 0x000000072cc00000| Untracked |  0
| 235|0x000000072ce00000, 0x000000072d000000, 0x000000072d000000|100%| O|  |TAMS 0x000000072ce00000| PB 0x000000072ce00000| Untracked |  0
| 236|0x000000072d000000, 0x000000072d200000, 0x000000072d200000|100%| O|  |TAMS 0x000000072d000000| PB 0x000000072d000000| Untracked |  0
| 237|0x000000072d200000, 0x000000072d400000, 0x000000072d400000|100%| O|  |TAMS 0x000000072d200000| PB 0x000000072d200000| Untracked |  0
| 238|0x000000072d400000, 0x000000072d600000, 0x000000072d600000|100%| O|  |TAMS 0x000000072d400000| PB 0x000000072d400000| Untracked |  0
| 239|0x000000072d600000, 0x000000072d800000, 0x000000072d800000|100%| O|  |TAMS 0x000000072d600000| PB 0x000000072d600000| Untracked |  0
| 240|0x000000072d800000, 0x000000072da00000, 0x000000072da00000|100%| O|  |TAMS 0x000000072d800000| PB 0x000000072d800000| Untracked |  0
| 241|0x000000072da00000, 0x000000072dc00000, 0x000000072dc00000|100%| O|  |TAMS 0x000000072da00000| PB 0x000000072da00000| Untracked |  0
| 242|0x000000072dc00000, 0x000000072de00000, 0x000000072de00000|100%| O|  |TAMS 0x000000072dc00000| PB 0x000000072dc00000| Untracked |  0
| 243|0x000000072de00000, 0x000000072e000000, 0x000000072e000000|100%| O|  |TAMS 0x000000072de00000| PB 0x000000072de00000| Untracked |  0
| 244|0x000000072e000000, 0x000000072e200000, 0x000000072e200000|100%| O|  |TAMS 0x000000072e000000| PB 0x000000072e000000| Untracked |  0
| 245|0x000000072e200000, 0x000000072e400000, 0x000000072e400000|100%| S|CS|TAMS 0x000000072e200000| PB 0x000000072e200000| Complete |  0
| 246|0x000000072e400000, 0x000000072e600000, 0x000000072e600000|100%| O|  |TAMS 0x000000072e400000| PB 0x000000072e400000| Untracked |  0
| 247|0x000000072e600000, 0x000000072e800000, 0x000000072e800000|100%| O|  |TAMS 0x000000072e600000| PB 0x000000072e600000| Untracked |  0
| 248|0x000000072e800000, 0x000000072ea00000, 0x000000072ea00000|100%| O|  |TAMS 0x000000072e800000| PB 0x000000072e800000| Untracked |  0
| 249|0x000000072ea00000, 0x000000072ec00000, 0x000000072ec00000|100%| S|CS|TAMS 0x000000072ea00000| PB 0x000000072ea00000| Complete |  0
| 250|0x000000072ec00000, 0x000000072ee00000, 0x000000072ee00000|100%| O|  |TAMS 0x000000072ec00000| PB 0x000000072ec00000| Untracked |  0
| 251|0x000000072ee00000, 0x000000072ee00000, 0x000000072f000000|  0%| F|  |TAMS 0x000000072ee00000| PB 0x000000072ee00000| Untracked |  0
| 252|0x000000072f000000, 0x000000072f200000, 0x000000072f200000|100%| O|  |TAMS 0x000000072f000000| PB 0x000000072f000000| Untracked |  0
| 253|0x000000072f200000, 0x000000072f400000, 0x000000072f400000|100%| S|CS|TAMS 0x000000072f200000| PB 0x000000072f200000| Complete |  0
| 254|0x000000072f400000, 0x000000072f400000, 0x000000072f600000|  0%| F|  |TAMS 0x000000072f400000| PB 0x000000072f400000| Untracked |  0
| 255|0x000000072f600000, 0x000000072f800000, 0x000000072f800000|100%| O|  |TAMS 0x000000072f600000| PB 0x000000072f600000| Untracked |  0
| 256|0x000000072f800000, 0x000000072fa00000, 0x000000072fa00000|100%| S|CS|TAMS 0x000000072f800000| PB 0x000000072f800000| Complete |  0
| 257|0x000000072fa00000, 0x000000072fc00000, 0x000000072fc00000|100%| S|CS|TAMS 0x000000072fa00000| PB 0x000000072fa00000| Complete |  0
| 258|0x000000072fc00000, 0x000000072fc00000, 0x000000072fe00000|  0%| F|  |TAMS 0x000000072fc00000| PB 0x000000072fc00000| Untracked |  0
| 259|0x000000072fe00000, 0x0000000730000000, 0x0000000730000000|100%| S|CS|TAMS 0x000000072fe00000| PB 0x000000072fe00000| Complete |  0
| 260|0x0000000730000000, 0x0000000730200000, 0x0000000730200000|100%| O|  |TAMS 0x0000000730000000| PB 0x0000000730000000| Untracked |  0
| 261|0x0000000730200000, 0x0000000730400000, 0x0000000730400000|100%| O|  |TAMS 0x0000000730200000| PB 0x0000000730200000| Untracked |  0
| 262|0x0000000730400000, 0x0000000730400000, 0x0000000730600000|  0%| F|  |TAMS 0x0000000730400000| PB 0x0000000730400000| Untracked |  0
| 263|0x0000000730600000, 0x0000000730800000, 0x0000000730800000|100%| S|CS|TAMS 0x0000000730600000| PB 0x0000000730600000| Complete |  0
| 264|0x0000000730800000, 0x0000000730a00000, 0x0000000730a00000|100%| S|CS|TAMS 0x0000000730800000| PB 0x0000000730800000| Complete |  0
| 265|0x0000000730a00000, 0x0000000730c00000, 0x0000000730c00000|100%| O|  |TAMS 0x0000000730a00000| PB 0x0000000730a00000| Untracked |  0
| 266|0x0000000730c00000, 0x0000000730e00000, 0x0000000730e00000|100%| O|  |TAMS 0x0000000730c00000| PB 0x0000000730c00000| Untracked |  0
| 267|0x0000000730e00000, 0x0000000731000000, 0x0000000731000000|100%| O|  |TAMS 0x0000000730e00000| PB 0x0000000730e00000| Untracked |  0
| 268|0x0000000731000000, 0x0000000731200000, 0x0000000731200000|100%| O|  |TAMS 0x0000000731000000| PB 0x0000000731000000| Untracked |  0
| 269|0x0000000731200000, 0x0000000731400000, 0x0000000731400000|100%| O|  |TAMS 0x0000000731200000| PB 0x0000000731200000| Untracked |  0
| 270|0x0000000731400000, 0x0000000731600000, 0x0000000731600000|100%| O|  |TAMS 0x0000000731400000| PB 0x0000000731400000| Untracked |  0
| 271|0x0000000731600000, 0x0000000731800000, 0x0000000731800000|100%| O|  |TAMS 0x0000000731600000| PB 0x0000000731600000| Untracked |  0
| 272|0x0000000731800000, 0x0000000731a00000, 0x0000000731a00000|100%| O|  |TAMS 0x0000000731800000| PB 0x0000000731800000| Untracked |  0
| 273|0x0000000731a00000, 0x0000000731c00000, 0x0000000731c00000|100%| O|  |TAMS 0x0000000731a00000| PB 0x0000000731a00000| Untracked |  0
| 274|0x0000000731c00000, 0x0000000731e00000, 0x0000000731e00000|100%| O|  |TAMS 0x0000000731c00000| PB 0x0000000731c00000| Untracked |  0
| 275|0x0000000731e00000, 0x0000000732000000, 0x0000000732000000|100%| O|  |TAMS 0x0000000731e00000| PB 0x0000000731e00000| Untracked |  0
| 276|0x0000000732000000, 0x0000000732200000, 0x0000000732200000|100%| O|  |TAMS 0x0000000732000000| PB 0x0000000732000000| Untracked |  0
| 277|0x0000000732200000, 0x0000000732400000, 0x0000000732400000|100%| O|  |TAMS 0x0000000732200000| PB 0x0000000732200000| Untracked |  0
| 278|0x0000000732400000, 0x0000000732600000, 0x0000000732600000|100%| O|  |TAMS 0x0000000732400000| PB 0x0000000732400000| Untracked |  0
| 279|0x0000000732600000, 0x0000000732800000, 0x0000000732800000|100%| O|  |TAMS 0x0000000732600000| PB 0x0000000732600000| Untracked |  0
| 280|0x0000000732800000, 0x0000000732a00000, 0x0000000732a00000|100%| O|  |TAMS 0x0000000732800000| PB 0x0000000732800000| Untracked |  0
| 281|0x0000000732a00000, 0x0000000732c00000, 0x0000000732c00000|100%| O|  |TAMS 0x0000000732a00000| PB 0x0000000732a00000| Untracked |  0
| 282|0x0000000732c00000, 0x0000000732e00000, 0x0000000732e00000|100%| O|  |TAMS 0x0000000732c00000| PB 0x0000000732c00000| Untracked |  0
| 283|0x0000000732e00000, 0x0000000733000000, 0x0000000733000000|100%| O|  |TAMS 0x0000000732e00000| PB 0x0000000732e00000| Untracked |  0
| 284|0x0000000733000000, 0x0000000733200000, 0x0000000733200000|100%| O|  |TAMS 0x0000000733000000| PB 0x0000000733000000| Untracked |  0
| 285|0x0000000733200000, 0x0000000733400000, 0x0000000733400000|100%| S|CS|TAMS 0x0000000733200000| PB 0x0000000733200000| Complete |  0
| 286|0x0000000733400000, 0x0000000733600000, 0x0000000733600000|100%| O|  |TAMS 0x0000000733400000| PB 0x0000000733400000| Untracked |  0
| 287|0x0000000733600000, 0x0000000733800000, 0x0000000733800000|100%| O|  |TAMS 0x0000000733600000| PB 0x0000000733600000| Untracked |  0
| 288|0x0000000733800000, 0x0000000733a00000, 0x0000000733a00000|100%| S|CS|TAMS 0x0000000733800000| PB 0x0000000733800000| Complete |  0
| 289|0x0000000733a00000, 0x0000000733c00000, 0x0000000733c00000|100%| O|  |TAMS 0x0000000733a00000| PB 0x0000000733a00000| Untracked |  0
| 290|0x0000000733c00000, 0x0000000733e00000, 0x0000000733e00000|100%| O|  |TAMS 0x0000000733c00000| PB 0x0000000733c00000| Untracked |  0
| 291|0x0000000733e00000, 0x0000000734000000, 0x0000000734000000|100%| O|  |TAMS 0x0000000733e00000| PB 0x0000000733e00000| Untracked |  0
| 292|0x0000000734000000, 0x0000000734200000, 0x0000000734200000|100%| O|  |TAMS 0x0000000734000000| PB 0x0000000734000000| Untracked |  0
| 293|0x0000000734200000, 0x0000000734400000, 0x0000000734400000|100%| O|  |TAMS 0x0000000734200000| PB 0x0000000734200000| Untracked |  0
| 294|0x0000000734400000, 0x0000000734600000, 0x0000000734600000|100%| S|CS|TAMS 0x0000000734400000| PB 0x0000000734400000| Complete |  0
| 295|0x0000000734600000, 0x0000000734800000, 0x0000000734800000|100%| O|  |TAMS 0x0000000734600000| PB 0x0000000734600000| Untracked |  0
| 296|0x0000000734800000, 0x0000000734a00000, 0x0000000734a00000|100%| O|  |TAMS 0x0000000734800000| PB 0x0000000734800000| Untracked |  0
| 297|0x0000000734a00000, 0x0000000734c00000, 0x0000000734c00000|100%| O|  |TAMS 0x0000000734a00000| PB 0x0000000734a00000| Untracked |  0
| 298|0x0000000734c00000, 0x0000000734e00000, 0x0000000734e00000|100%| O|  |TAMS 0x0000000734c00000| PB 0x0000000734c00000| Untracked |  0
| 299|0x0000000734e00000, 0x0000000735000000, 0x0000000735000000|100%| O|  |TAMS 0x0000000734e00000| PB 0x0000000734e00000| Untracked |  0
| 300|0x0000000735000000, 0x0000000735200000, 0x0000000735200000|100%| S|CS|TAMS 0x0000000735000000| PB 0x0000000735000000| Complete |  0
| 301|0x0000000735200000, 0x0000000735400000, 0x0000000735400000|100%| O|  |TAMS 0x0000000735200000| PB 0x0000000735200000| Untracked |  0
| 302|0x0000000735400000, 0x0000000735600000, 0x0000000735600000|100%| O|  |TAMS 0x0000000735400000| PB 0x0000000735400000| Untracked |  0
| 303|0x0000000735600000, 0x0000000735800000, 0x0000000735800000|100%| O|  |TAMS 0x0000000735600000| PB 0x0000000735600000| Untracked |  0
| 304|0x0000000735800000, 0x0000000735a00000, 0x0000000735a00000|100%| O|  |TAMS 0x0000000735800000| PB 0x0000000735800000| Untracked |  0
| 305|0x0000000735a00000, 0x0000000735c00000, 0x0000000735c00000|100%| O|  |TAMS 0x0000000735a00000| PB 0x0000000735a00000| Untracked |  0
| 306|0x0000000735c00000, 0x0000000735e00000, 0x0000000735e00000|100%| O|  |TAMS 0x0000000735c00000| PB 0x0000000735c00000| Untracked |  0
| 307|0x0000000735e00000, 0x0000000736000000, 0x0000000736000000|100%| O|  |TAMS 0x0000000735e00000| PB 0x0000000735e00000| Untracked |  0
| 308|0x0000000736000000, 0x0000000736200000, 0x0000000736200000|100%| O|  |TAMS 0x0000000736000000| PB 0x0000000736000000| Untracked |  0
| 309|0x0000000736200000, 0x0000000736400000, 0x0000000736400000|100%| O|  |TAMS 0x0000000736200000| PB 0x0000000736200000| Untracked |  0
| 310|0x0000000736400000, 0x0000000736600000, 0x0000000736600000|100%| O|  |TAMS 0x0000000736400000| PB 0x0000000736400000| Untracked |  0
| 311|0x0000000736600000, 0x0000000736800000, 0x0000000736800000|100%| O|  |TAMS 0x0000000736600000| PB 0x0000000736600000| Untracked |  0
| 312|0x0000000736800000, 0x0000000736a00000, 0x0000000736a00000|100%| O|  |TAMS 0x0000000736800000| PB 0x0000000736800000| Untracked |  0
| 313|0x0000000736a00000, 0x0000000736c00000, 0x0000000736c00000|100%| O|  |TAMS 0x0000000736a00000| PB 0x0000000736a00000| Untracked |  0
| 314|0x0000000736c00000, 0x0000000736e00000, 0x0000000736e00000|100%| O|  |TAMS 0x0000000736c00000| PB 0x0000000736c00000| Untracked |  0
| 315|0x0000000736e00000, 0x0000000737000000, 0x0000000737000000|100%| O|  |TAMS 0x0000000736e00000| PB 0x0000000736e00000| Untracked |  0
| 316|0x0000000737000000, 0x0000000737200000, 0x0000000737200000|100%| O|  |TAMS 0x0000000737000000| PB 0x0000000737000000| Untracked |  0
| 317|0x0000000737200000, 0x0000000737400000, 0x0000000737400000|100%| O|  |TAMS 0x0000000737200000| PB 0x0000000737200000| Untracked |  0
| 318|0x0000000737400000, 0x0000000737600000, 0x0000000737600000|100%| O|  |TAMS 0x0000000737400000| PB 0x0000000737400000| Untracked |  0
| 319|0x0000000737600000, 0x0000000737600000, 0x0000000737800000|  0%| F|  |TAMS 0x0000000737600000| PB 0x0000000737600000| Untracked |  0
| 320|0x0000000737800000, 0x0000000737800000, 0x0000000737a00000|  0%| F|  |TAMS 0x0000000737800000| PB 0x0000000737800000| Untracked |  0
| 321|0x0000000737a00000, 0x0000000737a00000, 0x0000000737c00000|  0%| F|  |TAMS 0x0000000737a00000| PB 0x0000000737a00000| Untracked |  0
| 322|0x0000000737c00000, 0x0000000737c00000, 0x0000000737e00000|  0%| F|  |TAMS 0x0000000737c00000| PB 0x0000000737c00000| Untracked |  0
| 323|0x0000000737e00000, 0x0000000738000000, 0x0000000738000000|100%| O|  |TAMS 0x0000000737e00000| PB 0x0000000737e00000| Untracked |  0
| 324|0x0000000738000000, 0x0000000738200000, 0x0000000738200000|100%| O|  |TAMS 0x0000000738000000| PB 0x0000000738000000| Untracked |  0
| 325|0x0000000738200000, 0x0000000738400000, 0x0000000738400000|100%| O|  |TAMS 0x0000000738200000| PB 0x0000000738200000| Untracked |  0
| 326|0x0000000738400000, 0x0000000738600000, 0x0000000738600000|100%| O|  |TAMS 0x0000000738400000| PB 0x0000000738400000| Untracked |  0
| 327|0x0000000738600000, 0x0000000738800000, 0x0000000738800000|100%| O|  |TAMS 0x0000000738600000| PB 0x0000000738600000| Untracked |  0
| 328|0x0000000738800000, 0x0000000738a00000, 0x0000000738a00000|100%| O|  |TAMS 0x0000000738800000| PB 0x0000000738800000| Untracked |  0
| 329|0x0000000738a00000, 0x0000000738c00000, 0x0000000738c00000|100%| O|  |TAMS 0x0000000738a00000| PB 0x0000000738a00000| Untracked |  0
| 330|0x0000000738c00000, 0x0000000738e00000, 0x0000000738e00000|100%| O|  |TAMS 0x0000000738c00000| PB 0x0000000738c00000| Untracked |  0
| 331|0x0000000738e00000, 0x0000000739000000, 0x0000000739000000|100%| O|  |TAMS 0x0000000738e00000| PB 0x0000000738e00000| Untracked |  0
| 332|0x0000000739000000, 0x0000000739200000, 0x0000000739200000|100%| O|  |TAMS 0x0000000739000000| PB 0x0000000739000000| Untracked |  0
| 333|0x0000000739200000, 0x0000000739400000, 0x0000000739400000|100%| O|  |TAMS 0x0000000739200000| PB 0x0000000739200000| Untracked |  0
| 334|0x0000000739400000, 0x0000000739400000, 0x0000000739600000|  0%| F|  |TAMS 0x0000000739400000| PB 0x0000000739400000| Untracked |  0
| 335|0x0000000739600000, 0x0000000739600000, 0x0000000739800000|  0%| F|  |TAMS 0x0000000739600000| PB 0x0000000739600000| Untracked |  0
| 336|0x0000000739800000, 0x0000000739800000, 0x0000000739a00000|  0%| F|  |TAMS 0x0000000739800000| PB 0x0000000739800000| Untracked |  0
| 337|0x0000000739a00000, 0x0000000739a00000, 0x0000000739c00000|  0%| F|  |TAMS 0x0000000739a00000| PB 0x0000000739a00000| Untracked |  0
| 338|0x0000000739c00000, 0x0000000739c00000, 0x0000000739e00000|  0%| F|  |TAMS 0x0000000739c00000| PB 0x0000000739c00000| Untracked |  0
| 339|0x0000000739e00000, 0x0000000739e00000, 0x000000073a000000|  0%| F|  |TAMS 0x0000000739e00000| PB 0x0000000739e00000| Untracked |  0
| 340|0x000000073a000000, 0x000000073a000000, 0x000000073a200000|  0%| F|  |TAMS 0x000000073a000000| PB 0x000000073a000000| Untracked |  0
| 341|0x000000073a200000, 0x000000073a200000, 0x000000073a400000|  0%| F|  |TAMS 0x000000073a200000| PB 0x000000073a200000| Untracked |  0
| 342|0x000000073a400000, 0x000000073a400000, 0x000000073a600000|  0%| F|  |TAMS 0x000000073a400000| PB 0x000000073a400000| Untracked |  0
| 343|0x000000073a600000, 0x000000073a600000, 0x000000073a800000|  0%| F|  |TAMS 0x000000073a600000| PB 0x000000073a600000| Untracked |  0
| 344|0x000000073a800000, 0x000000073a800000, 0x000000073aa00000|  0%| F|  |TAMS 0x000000073a800000| PB 0x000000073a800000| Untracked |  0
| 345|0x000000073aa00000, 0x000000073aa00000, 0x000000073ac00000|  0%| F|  |TAMS 0x000000073aa00000| PB 0x000000073aa00000| Untracked |  0
| 346|0x000000073ac00000, 0x000000073ac00000, 0x000000073ae00000|  0%| F|  |TAMS 0x000000073ac00000| PB 0x000000073ac00000| Untracked |  0
| 347|0x000000073ae00000, 0x000000073ae00000, 0x000000073b000000|  0%| F|  |TAMS 0x000000073ae00000| PB 0x000000073ae00000| Untracked |  0
| 348|0x000000073b000000, 0x000000073b000000, 0x000000073b200000|  0%| F|  |TAMS 0x000000073b000000| PB 0x000000073b000000| Untracked |  0
| 349|0x000000073b200000, 0x000000073b200000, 0x000000073b400000|  0%| F|  |TAMS 0x000000073b200000| PB 0x000000073b200000| Untracked |  0
| 350|0x000000073b400000, 0x000000073b400000, 0x000000073b600000|  0%| F|  |TAMS 0x000000073b400000| PB 0x000000073b400000| Untracked |  0
| 351|0x000000073b600000, 0x000000073b600000, 0x000000073b800000|  0%| F|  |TAMS 0x000000073b600000| PB 0x000000073b600000| Untracked |  0
| 352|0x000000073b800000, 0x000000073b800000, 0x000000073ba00000|  0%| F|  |TAMS 0x000000073b800000| PB 0x000000073b800000| Untracked |  0
| 353|0x000000073ba00000, 0x000000073bc00000, 0x000000073bc00000|100%| S|CS|TAMS 0x000000073ba00000| PB 0x000000073ba00000| Complete |  0
| 354|0x000000073bc00000, 0x000000073be00000, 0x000000073be00000|100%| S|CS|TAMS 0x000000073bc00000| PB 0x000000073bc00000| Complete |  0
| 355|0x000000073be00000, 0x000000073c000000, 0x000000073c000000|100%| S|CS|TAMS 0x000000073be00000| PB 0x000000073be00000| Complete |  0
| 356|0x000000073c000000, 0x000000073c200000, 0x000000073c200000|100%| S|CS|TAMS 0x000000073c000000| PB 0x000000073c000000| Complete |  0
| 357|0x000000073c200000, 0x000000073c400000, 0x000000073c400000|100%| S|CS|TAMS 0x000000073c200000| PB 0x000000073c200000| Complete |  0
| 358|0x000000073c400000, 0x000000073c600000, 0x000000073c600000|100%| S|CS|TAMS 0x000000073c400000| PB 0x000000073c400000| Complete |  0
| 359|0x000000073c600000, 0x000000073c800000, 0x000000073c800000|100%| S|CS|TAMS 0x000000073c600000| PB 0x000000073c600000| Complete |  0
| 360|0x000000073c800000, 0x000000073c800000, 0x000000073ca00000|  0%| F|  |TAMS 0x000000073c800000| PB 0x000000073c800000| Untracked |  0
| 361|0x000000073ca00000, 0x000000073ca00000, 0x000000073cc00000|  0%| F|  |TAMS 0x000000073ca00000| PB 0x000000073ca00000| Untracked |  0
| 362|0x000000073cc00000, 0x000000073cd815e8, 0x000000073ce00000| 75%| E|  |TAMS 0x000000073cc00000| PB 0x000000073cc00000| Complete |  0
| 363|0x000000073ce00000, 0x000000073d000000, 0x000000073d000000|100%| E|CS|TAMS 0x000000073ce00000| PB 0x000000073ce00000| Complete |  0
| 364|0x000000073d000000, 0x000000073d200000, 0x000000073d200000|100%| E|CS|TAMS 0x000000073d000000| PB 0x000000073d000000| Complete |  0
| 365|0x000000073d200000, 0x000000073d400000, 0x000000073d400000|100%| E|CS|TAMS 0x000000073d200000| PB 0x000000073d200000| Complete |  0
| 366|0x000000073d400000, 0x000000073d600000, 0x000000073d600000|100%| E|CS|TAMS 0x000000073d400000| PB 0x000000073d400000| Complete |  0
| 367|0x000000073d600000, 0x000000073d800000, 0x000000073d800000|100%| E|CS|TAMS 0x000000073d600000| PB 0x000000073d600000| Complete |  0
| 368|0x000000073d800000, 0x000000073da00000, 0x000000073da00000|100%| E|CS|TAMS 0x000000073d800000| PB 0x000000073d800000| Complete |  0
| 369|0x000000073da00000, 0x000000073dc00000, 0x000000073dc00000|100%| E|CS|TAMS 0x000000073da00000| PB 0x000000073da00000| Complete |  0
| 370|0x000000073dc00000, 0x000000073de00000, 0x000000073de00000|100%| E|CS|TAMS 0x000000073dc00000| PB 0x000000073dc00000| Complete |  0
| 371|0x000000073de00000, 0x000000073e000000, 0x000000073e000000|100%| E|CS|TAMS 0x000000073de00000| PB 0x000000073de00000| Complete |  0
| 372|0x000000073e000000, 0x000000073e200000, 0x000000073e200000|100%| E|CS|TAMS 0x000000073e000000| PB 0x000000073e000000| Complete |  0
| 373|0x000000073e200000, 0x000000073e400000, 0x000000073e400000|100%| E|CS|TAMS 0x000000073e200000| PB 0x000000073e200000| Complete |  0
| 374|0x000000073e400000, 0x000000073e600000, 0x000000073e600000|100%| E|CS|TAMS 0x000000073e400000| PB 0x000000073e400000| Complete |  0
| 375|0x000000073e600000, 0x000000073e800000, 0x000000073e800000|100%| E|CS|TAMS 0x000000073e600000| PB 0x000000073e600000| Complete |  0
| 376|0x000000073e800000, 0x000000073ea00000, 0x000000073ea00000|100%| E|CS|TAMS 0x000000073e800000| PB 0x000000073e800000| Complete |  0
| 377|0x000000073ea00000, 0x000000073ec00000, 0x000000073ec00000|100%| E|  |TAMS 0x000000073ea00000| PB 0x000000073ea00000| Complete |  0
| 378|0x000000073ec00000, 0x000000073ee00000, 0x000000073ee00000|100%| E|CS|TAMS 0x000000073ec00000| PB 0x000000073ec00000| Complete |  0
| 379|0x000000073ee00000, 0x000000073f000000, 0x000000073f000000|100%| E|CS|TAMS 0x000000073ee00000| PB 0x000000073ee00000| Complete |  0
| 380|0x000000073f000000, 0x000000073f200000, 0x000000073f200000|100%| E|CS|TAMS 0x000000073f000000| PB 0x000000073f000000| Complete |  0
| 381|0x000000073f200000, 0x000000073f400000, 0x000000073f400000|100%| E|CS|TAMS 0x000000073f200000| PB 0x000000073f200000| Complete |  0
| 382|0x000000073f400000, 0x000000073f600000, 0x000000073f600000|100%| E|CS|TAMS 0x000000073f400000| PB 0x000000073f400000| Complete |  0
| 383|0x000000073f600000, 0x000000073f800000, 0x000000073f800000|100%| E|CS|TAMS 0x000000073f600000| PB 0x000000073f600000| Complete |  0
| 384|0x000000073f800000, 0x000000073fa00000, 0x000000073fa00000|100%| E|CS|TAMS 0x000000073f800000| PB 0x000000073f800000| Complete |  0
| 385|0x000000073fa00000, 0x000000073fc00000, 0x000000073fc00000|100%| E|CS|TAMS 0x000000073fa00000| PB 0x000000073fa00000| Complete |  0
| 386|0x000000073fc00000, 0x000000073fe00000, 0x000000073fe00000|100%| E|CS|TAMS 0x000000073fc00000| PB 0x000000073fc00000| Complete |  0
| 387|0x000000073fe00000, 0x0000000740000000, 0x0000000740000000|100%| E|CS|TAMS 0x000000073fe00000| PB 0x000000073fe00000| Complete |  0
| 388|0x0000000740000000, 0x0000000740200000, 0x0000000740200000|100%| E|CS|TAMS 0x0000000740000000| PB 0x0000000740000000| Complete |  0
| 389|0x0000000740200000, 0x0000000740400000, 0x0000000740400000|100%| E|CS|TAMS 0x0000000740200000| PB 0x0000000740200000| Complete |  0
| 390|0x0000000740400000, 0x0000000740600000, 0x0000000740600000|100%| E|CS|TAMS 0x0000000740400000| PB 0x0000000740400000| Complete |  0
| 391|0x0000000740600000, 0x0000000740800000, 0x0000000740800000|100%| E|CS|TAMS 0x0000000740600000| PB 0x0000000740600000| Complete |  0
| 392|0x0000000740800000, 0x0000000740a00000, 0x0000000740a00000|100%| E|CS|TAMS 0x0000000740800000| PB 0x0000000740800000| Complete |  0
| 393|0x0000000740a00000, 0x0000000740c00000, 0x0000000740c00000|100%| E|CS|TAMS 0x0000000740a00000| PB 0x0000000740a00000| Complete |  0
| 394|0x0000000740c00000, 0x0000000740e00000, 0x0000000740e00000|100%| E|CS|TAMS 0x0000000740c00000| PB 0x0000000740c00000| Complete |  0
| 395|0x0000000740e00000, 0x0000000741000000, 0x0000000741000000|100%| E|CS|TAMS 0x0000000740e00000| PB 0x0000000740e00000| Complete |  0
| 396|0x0000000741000000, 0x0000000741200000, 0x0000000741200000|100%| E|CS|TAMS 0x0000000741000000| PB 0x0000000741000000| Complete |  0
| 397|0x0000000741200000, 0x0000000741400000, 0x0000000741400000|100%| E|CS|TAMS 0x0000000741200000| PB 0x0000000741200000| Complete |  0
| 398|0x0000000741400000, 0x0000000741600000, 0x0000000741600000|100%| E|CS|TAMS 0x0000000741400000| PB 0x0000000741400000| Complete |  0
| 399|0x0000000741600000, 0x0000000741800000, 0x0000000741800000|100%| E|CS|TAMS 0x0000000741600000| PB 0x0000000741600000| Complete |  0
| 400|0x0000000741800000, 0x0000000741a00000, 0x0000000741a00000|100%| E|CS|TAMS 0x0000000741800000| PB 0x0000000741800000| Complete |  0
| 401|0x0000000741a00000, 0x0000000741c00000, 0x0000000741c00000|100%| E|CS|TAMS 0x0000000741a00000| PB 0x0000000741a00000| Complete |  0
| 402|0x0000000741c00000, 0x0000000741e00000, 0x0000000741e00000|100%| E|CS|TAMS 0x0000000741c00000| PB 0x0000000741c00000| Complete |  0
| 403|0x0000000741e00000, 0x0000000742000000, 0x0000000742000000|100%| E|CS|TAMS 0x0000000741e00000| PB 0x0000000741e00000| Complete |  0
| 404|0x0000000742000000, 0x0000000742200000, 0x0000000742200000|100%| E|CS|TAMS 0x0000000742000000| PB 0x0000000742000000| Complete |  0
| 405|0x0000000742200000, 0x0000000742400000, 0x0000000742400000|100%| E|CS|TAMS 0x0000000742200000| PB 0x0000000742200000| Complete |  0
| 406|0x0000000742400000, 0x0000000742600000, 0x0000000742600000|100%| E|CS|TAMS 0x0000000742400000| PB 0x0000000742400000| Complete |  0
| 407|0x0000000742600000, 0x0000000742800000, 0x0000000742800000|100%| E|CS|TAMS 0x0000000742600000| PB 0x0000000742600000| Complete |  0
| 408|0x0000000742800000, 0x0000000742a00000, 0x0000000742a00000|100%| E|CS|TAMS 0x0000000742800000| PB 0x0000000742800000| Complete |  0
| 409|0x0000000742a00000, 0x0000000742c00000, 0x0000000742c00000|100%| E|CS|TAMS 0x0000000742a00000| PB 0x0000000742a00000| Complete |  0
| 410|0x0000000742c00000, 0x0000000742e00000, 0x0000000742e00000|100%| E|CS|TAMS 0x0000000742c00000| PB 0x0000000742c00000| Complete |  0
| 411|0x0000000742e00000, 0x0000000743000000, 0x0000000743000000|100%| E|CS|TAMS 0x0000000742e00000| PB 0x0000000742e00000| Complete |  0
| 412|0x0000000743000000, 0x0000000743200000, 0x0000000743200000|100%| E|CS|TAMS 0x0000000743000000| PB 0x0000000743000000| Complete |  0
| 413|0x0000000743200000, 0x0000000743400000, 0x0000000743400000|100%| E|CS|TAMS 0x0000000743200000| PB 0x0000000743200000| Complete |  0
| 414|0x0000000743400000, 0x0000000743600000, 0x0000000743600000|100%| E|CS|TAMS 0x0000000743400000| PB 0x0000000743400000| Complete |  0
| 415|0x0000000743600000, 0x0000000743800000, 0x0000000743800000|100%| E|CS|TAMS 0x0000000743600000| PB 0x0000000743600000| Complete |  0
| 416|0x0000000743800000, 0x0000000743a00000, 0x0000000743a00000|100%| E|CS|TAMS 0x0000000743800000| PB 0x0000000743800000| Complete |  0
| 417|0x0000000743a00000, 0x0000000743c00000, 0x0000000743c00000|100%| E|CS|TAMS 0x0000000743a00000| PB 0x0000000743a00000| Complete |  0
| 418|0x0000000743c00000, 0x0000000743e00000, 0x0000000743e00000|100%| E|CS|TAMS 0x0000000743c00000| PB 0x0000000743c00000| Complete |  0
| 419|0x0000000743e00000, 0x0000000744000000, 0x0000000744000000|100%| E|CS|TAMS 0x0000000743e00000| PB 0x0000000743e00000| Complete |  0
| 420|0x0000000744000000, 0x0000000744200000, 0x0000000744200000|100%| E|CS|TAMS 0x0000000744000000| PB 0x0000000744000000| Complete |  0
| 421|0x0000000744200000, 0x0000000744400000, 0x0000000744400000|100%| E|CS|TAMS 0x0000000744200000| PB 0x0000000744200000| Complete |  0
| 422|0x0000000744400000, 0x0000000744600000, 0x0000000744600000|100%| E|CS|TAMS 0x0000000744400000| PB 0x0000000744400000| Complete |  0
| 423|0x0000000744600000, 0x0000000744800000, 0x0000000744800000|100%| E|CS|TAMS 0x0000000744600000| PB 0x0000000744600000| Complete |  0
| 424|0x0000000744800000, 0x0000000744a00000, 0x0000000744a00000|100%| E|CS|TAMS 0x0000000744800000| PB 0x0000000744800000| Complete |  0
| 425|0x0000000744a00000, 0x0000000744c00000, 0x0000000744c00000|100%| E|CS|TAMS 0x0000000744a00000| PB 0x0000000744a00000| Complete |  0
| 426|0x0000000744c00000, 0x0000000744e00000, 0x0000000744e00000|100%| E|CS|TAMS 0x0000000744c00000| PB 0x0000000744c00000| Complete |  0
| 427|0x0000000744e00000, 0x0000000745000000, 0x0000000745000000|100%| E|CS|TAMS 0x0000000744e00000| PB 0x0000000744e00000| Complete |  0
| 428|0x0000000745000000, 0x0000000745200000, 0x0000000745200000|100%| E|CS|TAMS 0x0000000745000000| PB 0x0000000745000000| Complete |  0
| 429|0x0000000745200000, 0x0000000745400000, 0x0000000745400000|100%| E|CS|TAMS 0x0000000745200000| PB 0x0000000745200000| Complete |  0
| 430|0x0000000745400000, 0x0000000745600000, 0x0000000745600000|100%| E|CS|TAMS 0x0000000745400000| PB 0x0000000745400000| Complete |  0
| 431|0x0000000745600000, 0x0000000745800000, 0x0000000745800000|100%| E|CS|TAMS 0x0000000745600000| PB 0x0000000745600000| Complete |  0
| 432|0x0000000745800000, 0x0000000745a00000, 0x0000000745a00000|100%| E|CS|TAMS 0x0000000745800000| PB 0x0000000745800000| Complete |  0
| 433|0x0000000745a00000, 0x0000000745c00000, 0x0000000745c00000|100%| E|CS|TAMS 0x0000000745a00000| PB 0x0000000745a00000| Complete |  0
| 434|0x0000000745c00000, 0x0000000745e00000, 0x0000000745e00000|100%| E|CS|TAMS 0x0000000745c00000| PB 0x0000000745c00000| Complete |  0
| 435|0x0000000745e00000, 0x0000000746000000, 0x0000000746000000|100%| E|CS|TAMS 0x0000000745e00000| PB 0x0000000745e00000| Complete |  0
| 436|0x0000000746000000, 0x0000000746200000, 0x0000000746200000|100%| E|CS|TAMS 0x0000000746000000| PB 0x0000000746000000| Complete |  0
| 437|0x0000000746200000, 0x0000000746400000, 0x0000000746400000|100%| E|CS|TAMS 0x0000000746200000| PB 0x0000000746200000| Complete |  0
| 438|0x0000000746400000, 0x0000000746600000, 0x0000000746600000|100%| E|CS|TAMS 0x0000000746400000| PB 0x0000000746400000| Complete |  0
| 439|0x0000000746600000, 0x0000000746800000, 0x0000000746800000|100%| E|CS|TAMS 0x0000000746600000| PB 0x0000000746600000| Complete |  0
| 440|0x0000000746800000, 0x0000000746a00000, 0x0000000746a00000|100%| E|CS|TAMS 0x0000000746800000| PB 0x0000000746800000| Complete |  0
| 441|0x0000000746a00000, 0x0000000746c00000, 0x0000000746c00000|100%| E|CS|TAMS 0x0000000746a00000| PB 0x0000000746a00000| Complete |  0
| 442|0x0000000746c00000, 0x0000000746e00000, 0x0000000746e00000|100%| E|CS|TAMS 0x0000000746c00000| PB 0x0000000746c00000| Complete |  0
| 443|0x0000000746e00000, 0x0000000747000000, 0x0000000747000000|100%| E|CS|TAMS 0x0000000746e00000| PB 0x0000000746e00000| Complete |  0
| 444|0x0000000747000000, 0x0000000747200000, 0x0000000747200000|100%| E|CS|TAMS 0x0000000747000000| PB 0x0000000747000000| Complete |  0
| 445|0x0000000747200000, 0x0000000747400000, 0x0000000747400000|100%| E|CS|TAMS 0x0000000747200000| PB 0x0000000747200000| Complete |  0
| 446|0x0000000747400000, 0x0000000747600000, 0x0000000747600000|100%| E|CS|TAMS 0x0000000747400000| PB 0x0000000747400000| Complete |  0
| 447|0x0000000747600000, 0x0000000747800000, 0x0000000747800000|100%| E|CS|TAMS 0x0000000747600000| PB 0x0000000747600000| Complete |  0
| 448|0x0000000747800000, 0x0000000747a00000, 0x0000000747a00000|100%| E|CS|TAMS 0x0000000747800000| PB 0x0000000747800000| Complete |  0
| 449|0x0000000747a00000, 0x0000000747c00000, 0x0000000747c00000|100%| E|CS|TAMS 0x0000000747a00000| PB 0x0000000747a00000| Complete |  0
| 450|0x0000000747c00000, 0x0000000747e00000, 0x0000000747e00000|100%| E|CS|TAMS 0x0000000747c00000| PB 0x0000000747c00000| Complete |  0
| 451|0x0000000747e00000, 0x0000000748000000, 0x0000000748000000|100%| E|CS|TAMS 0x0000000747e00000| PB 0x0000000747e00000| Complete |  0
| 452|0x0000000748000000, 0x0000000748200000, 0x0000000748200000|100%| E|CS|TAMS 0x0000000748000000| PB 0x0000000748000000| Complete |  0
| 453|0x0000000748200000, 0x0000000748400000, 0x0000000748400000|100%| E|CS|TAMS 0x0000000748200000| PB 0x0000000748200000| Complete |  0
| 454|0x0000000748400000, 0x0000000748600000, 0x0000000748600000|100%| E|CS|TAMS 0x0000000748400000| PB 0x0000000748400000| Complete |  0
| 455|0x0000000748600000, 0x0000000748800000, 0x0000000748800000|100%| E|CS|TAMS 0x0000000748600000| PB 0x0000000748600000| Complete |  0
| 456|0x0000000748800000, 0x0000000748a00000, 0x0000000748a00000|100%| E|CS|TAMS 0x0000000748800000| PB 0x0000000748800000| Complete |  0
| 457|0x0000000748a00000, 0x0000000748c00000, 0x0000000748c00000|100%| E|CS|TAMS 0x0000000748a00000| PB 0x0000000748a00000| Complete |  0
| 458|0x0000000748c00000, 0x0000000748e00000, 0x0000000748e00000|100%| E|CS|TAMS 0x0000000748c00000| PB 0x0000000748c00000| Complete |  0
| 459|0x0000000748e00000, 0x0000000749000000, 0x0000000749000000|100%| E|CS|TAMS 0x0000000748e00000| PB 0x0000000748e00000| Complete |  0
| 460|0x0000000749000000, 0x0000000749200000, 0x0000000749200000|100%| E|CS|TAMS 0x0000000749000000| PB 0x0000000749000000| Complete |  0
| 461|0x0000000749200000, 0x0000000749400000, 0x0000000749400000|100%| E|CS|TAMS 0x0000000749200000| PB 0x0000000749200000| Complete |  0
| 462|0x0000000749400000, 0x0000000749600000, 0x0000000749600000|100%| E|CS|TAMS 0x0000000749400000| PB 0x0000000749400000| Complete |  0
| 463|0x0000000749600000, 0x0000000749800000, 0x0000000749800000|100%| E|CS|TAMS 0x0000000749600000| PB 0x0000000749600000| Complete |  0
| 464|0x0000000749800000, 0x0000000749a00000, 0x0000000749a00000|100%| E|CS|TAMS 0x0000000749800000| PB 0x0000000749800000| Complete |  0
| 465|0x0000000749a00000, 0x0000000749c00000, 0x0000000749c00000|100%| E|CS|TAMS 0x0000000749a00000| PB 0x0000000749a00000| Complete |  0
| 466|0x0000000749c00000, 0x0000000749e00000, 0x0000000749e00000|100%| E|CS|TAMS 0x0000000749c00000| PB 0x0000000749c00000| Complete |  0
| 467|0x0000000749e00000, 0x000000074a000000, 0x000000074a000000|100%| E|CS|TAMS 0x0000000749e00000| PB 0x0000000749e00000| Complete |  0
| 468|0x000000074a000000, 0x000000074a200000, 0x000000074a200000|100%| E|CS|TAMS 0x000000074a000000| PB 0x000000074a000000| Complete |  0
| 469|0x000000074a200000, 0x000000074a400000, 0x000000074a400000|100%| E|CS|TAMS 0x000000074a200000| PB 0x000000074a200000| Complete |  0
| 470|0x000000074a400000, 0x000000074a600000, 0x000000074a600000|100%| E|CS|TAMS 0x000000074a400000| PB 0x000000074a400000| Complete |  0
| 471|0x000000074a600000, 0x000000074a800000, 0x000000074a800000|100%| E|CS|TAMS 0x000000074a600000| PB 0x000000074a600000| Complete |  0
| 472|0x000000074a800000, 0x000000074aa00000, 0x000000074aa00000|100%| E|CS|TAMS 0x000000074a800000| PB 0x000000074a800000| Complete |  0
| 473|0x000000074aa00000, 0x000000074ac00000, 0x000000074ac00000|100%| E|CS|TAMS 0x000000074aa00000| PB 0x000000074aa00000| Complete |  0
| 474|0x000000074ac00000, 0x000000074ae00000, 0x000000074ae00000|100%| E|CS|TAMS 0x000000074ac00000| PB 0x000000074ac00000| Complete |  0
| 475|0x000000074ae00000, 0x000000074b000000, 0x000000074b000000|100%| E|CS|TAMS 0x000000074ae00000| PB 0x000000074ae00000| Complete |  0
| 476|0x000000074b000000, 0x000000074b200000, 0x000000074b200000|100%| E|CS|TAMS 0x000000074b000000| PB 0x000000074b000000| Complete |  0
| 477|0x000000074b200000, 0x000000074b400000, 0x000000074b400000|100%| E|CS|TAMS 0x000000074b200000| PB 0x000000074b200000| Complete |  0
| 478|0x000000074b400000, 0x000000074b600000, 0x000000074b600000|100%| E|CS|TAMS 0x000000074b400000| PB 0x000000074b400000| Complete |  0
| 479|0x000000074b600000, 0x000000074b800000, 0x000000074b800000|100%| E|CS|TAMS 0x000000074b600000| PB 0x000000074b600000| Complete |  0
| 480|0x000000074b800000, 0x000000074ba00000, 0x000000074ba00000|100%| E|CS|TAMS 0x000000074b800000| PB 0x000000074b800000| Complete |  0
| 481|0x000000074ba00000, 0x000000074bc00000, 0x000000074bc00000|100%| E|CS|TAMS 0x000000074ba00000| PB 0x000000074ba00000| Complete |  0
| 482|0x000000074bc00000, 0x000000074be00000, 0x000000074be00000|100%| E|CS|TAMS 0x000000074bc00000| PB 0x000000074bc00000| Complete |  0
| 483|0x000000074be00000, 0x000000074c000000, 0x000000074c000000|100%| E|CS|TAMS 0x000000074be00000| PB 0x000000074be00000| Complete |  0
| 484|0x000000074c000000, 0x000000074c200000, 0x000000074c200000|100%| E|CS|TAMS 0x000000074c000000| PB 0x000000074c000000| Complete |  0
| 485|0x000000074c200000, 0x000000074c400000, 0x000000074c400000|100%| E|CS|TAMS 0x000000074c200000| PB 0x000000074c200000| Complete |  0
| 486|0x000000074c400000, 0x000000074c600000, 0x000000074c600000|100%| E|CS|TAMS 0x000000074c400000| PB 0x000000074c400000| Complete |  0
| 487|0x000000074c600000, 0x000000074c800000, 0x000000074c800000|100%| E|CS|TAMS 0x000000074c600000| PB 0x000000074c600000| Complete |  0
| 488|0x000000074c800000, 0x000000074ca00000, 0x000000074ca00000|100%| E|CS|TAMS 0x000000074c800000| PB 0x000000074c800000| Complete |  0
| 489|0x000000074ca00000, 0x000000074cc00000, 0x000000074cc00000|100%| E|CS|TAMS 0x000000074ca00000| PB 0x000000074ca00000| Complete |  0
| 490|0x000000074cc00000, 0x000000074ce00000, 0x000000074ce00000|100%| E|CS|TAMS 0x000000074cc00000| PB 0x000000074cc00000| Complete |  0
| 491|0x000000074ce00000, 0x000000074d000000, 0x000000074d000000|100%| E|CS|TAMS 0x000000074ce00000| PB 0x000000074ce00000| Complete |  0
| 492|0x000000074d000000, 0x000000074d200000, 0x000000074d200000|100%| E|CS|TAMS 0x000000074d000000| PB 0x000000074d000000| Complete |  0
| 493|0x000000074d200000, 0x000000074d400000, 0x000000074d400000|100%| E|CS|TAMS 0x000000074d200000| PB 0x000000074d200000| Complete |  0
| 494|0x000000074d400000, 0x000000074d600000, 0x000000074d600000|100%| E|CS|TAMS 0x000000074d400000| PB 0x000000074d400000| Complete |  0
| 495|0x000000074d600000, 0x000000074d800000, 0x000000074d800000|100%| E|CS|TAMS 0x000000074d600000| PB 0x000000074d600000| Complete |  0
| 496|0x000000074d800000, 0x000000074da00000, 0x000000074da00000|100%| E|CS|TAMS 0x000000074d800000| PB 0x000000074d800000| Complete |  0
| 497|0x000000074da00000, 0x000000074dc00000, 0x000000074dc00000|100%| E|CS|TAMS 0x000000074da00000| PB 0x000000074da00000| Complete |  0
| 498|0x000000074dc00000, 0x000000074de00000, 0x000000074de00000|100%| E|CS|TAMS 0x000000074dc00000| PB 0x000000074dc00000| Complete |  0
| 499|0x000000074de00000, 0x000000074e000000, 0x000000074e000000|100%| E|CS|TAMS 0x000000074de00000| PB 0x000000074de00000| Complete |  0
| 500|0x000000074e000000, 0x000000074e200000, 0x000000074e200000|100%| E|CS|TAMS 0x000000074e000000| PB 0x000000074e000000| Complete |  0
| 501|0x000000074e200000, 0x000000074e400000, 0x000000074e400000|100%| E|CS|TAMS 0x000000074e200000| PB 0x000000074e200000| Complete |  0
| 502|0x000000074e400000, 0x000000074e600000, 0x000000074e600000|100%| E|CS|TAMS 0x000000074e400000| PB 0x000000074e400000| Complete |  0
| 503|0x000000074e600000, 0x000000074e800000, 0x000000074e800000|100%| E|CS|TAMS 0x000000074e600000| PB 0x000000074e600000| Complete |  0
| 504|0x000000074e800000, 0x000000074ea00000, 0x000000074ea00000|100%| E|CS|TAMS 0x000000074e800000| PB 0x000000074e800000| Complete |  0
| 505|0x000000074ea00000, 0x000000074ec00000, 0x000000074ec00000|100%| E|CS|TAMS 0x000000074ea00000| PB 0x000000074ea00000| Complete |  0
| 506|0x000000074ec00000, 0x000000074ee00000, 0x000000074ee00000|100%| E|CS|TAMS 0x000000074ec00000| PB 0x000000074ec00000| Complete |  0
| 507|0x000000074ee00000, 0x000000074f000000, 0x000000074f000000|100%| E|CS|TAMS 0x000000074ee00000| PB 0x000000074ee00000| Complete |  0
| 508|0x000000074f000000, 0x000000074f200000, 0x000000074f200000|100%| E|CS|TAMS 0x000000074f000000| PB 0x000000074f000000| Complete |  0
| 509|0x000000074f200000, 0x000000074f400000, 0x000000074f400000|100%| E|CS|TAMS 0x000000074f200000| PB 0x000000074f200000| Complete |  0
| 510|0x000000074f400000, 0x000000074f600000, 0x000000074f600000|100%| E|CS|TAMS 0x000000074f400000| PB 0x000000074f400000| Complete |  0
| 511|0x000000074f600000, 0x000000074f800000, 0x000000074f800000|100%| E|CS|TAMS 0x000000074f600000| PB 0x000000074f600000| Complete |  0
| 512|0x000000074f800000, 0x000000074fa00000, 0x000000074fa00000|100%| E|CS|TAMS 0x000000074f800000| PB 0x000000074f800000| Complete |  0
| 513|0x000000074fa00000, 0x000000074fc00000, 0x000000074fc00000|100%| E|CS|TAMS 0x000000074fa00000| PB 0x000000074fa00000| Complete |  0
| 514|0x000000074fc00000, 0x000000074fe00000, 0x000000074fe00000|100%| E|CS|TAMS 0x000000074fc00000| PB 0x000000074fc00000| Complete |  0
| 515|0x000000074fe00000, 0x0000000750000000, 0x0000000750000000|100%| E|CS|TAMS 0x000000074fe00000| PB 0x000000074fe00000| Complete |  0
| 516|0x0000000750000000, 0x0000000750200000, 0x0000000750200000|100%| E|CS|TAMS 0x0000000750000000| PB 0x0000000750000000| Complete |  0
| 517|0x0000000750200000, 0x0000000750400000, 0x0000000750400000|100%| E|CS|TAMS 0x0000000750200000| PB 0x0000000750200000| Complete |  0
| 518|0x0000000750400000, 0x0000000750600000, 0x0000000750600000|100%| E|CS|TAMS 0x0000000750400000| PB 0x0000000750400000| Complete |  0
| 519|0x0000000750600000, 0x0000000750800000, 0x0000000750800000|100%| E|CS|TAMS 0x0000000750600000| PB 0x0000000750600000| Complete |  0
| 520|0x0000000750800000, 0x0000000750a00000, 0x0000000750a00000|100%| E|CS|TAMS 0x0000000750800000| PB 0x0000000750800000| Complete |  0
| 521|0x0000000750a00000, 0x0000000750c00000, 0x0000000750c00000|100%| E|CS|TAMS 0x0000000750a00000| PB 0x0000000750a00000| Complete |  0
| 522|0x0000000750c00000, 0x0000000750e00000, 0x0000000750e00000|100%| E|CS|TAMS 0x0000000750c00000| PB 0x0000000750c00000| Complete |  0
| 523|0x0000000750e00000, 0x0000000751000000, 0x0000000751000000|100%| E|CS|TAMS 0x0000000750e00000| PB 0x0000000750e00000| Complete |  0
| 524|0x0000000751000000, 0x0000000751200000, 0x0000000751200000|100%| E|CS|TAMS 0x0000000751000000| PB 0x0000000751000000| Complete |  0
| 525|0x0000000751200000, 0x0000000751400000, 0x0000000751400000|100%| E|CS|TAMS 0x0000000751200000| PB 0x0000000751200000| Complete |  0
| 526|0x0000000751400000, 0x0000000751600000, 0x0000000751600000|100%| E|CS|TAMS 0x0000000751400000| PB 0x0000000751400000| Complete |  0
| 527|0x0000000751600000, 0x0000000751800000, 0x0000000751800000|100%| E|CS|TAMS 0x0000000751600000| PB 0x0000000751600000| Complete |  0
| 528|0x0000000751800000, 0x0000000751a00000, 0x0000000751a00000|100%| E|CS|TAMS 0x0000000751800000| PB 0x0000000751800000| Complete |  0
| 529|0x0000000751a00000, 0x0000000751c00000, 0x0000000751c00000|100%| E|CS|TAMS 0x0000000751a00000| PB 0x0000000751a00000| Complete |  0
| 530|0x0000000751c00000, 0x0000000751e00000, 0x0000000751e00000|100%| E|CS|TAMS 0x0000000751c00000| PB 0x0000000751c00000| Complete |  0
| 531|0x0000000751e00000, 0x0000000752000000, 0x0000000752000000|100%| E|CS|TAMS 0x0000000751e00000| PB 0x0000000751e00000| Complete |  0
| 532|0x0000000752000000, 0x0000000752200000, 0x0000000752200000|100%| E|CS|TAMS 0x0000000752000000| PB 0x0000000752000000| Complete |  0
| 533|0x0000000752200000, 0x0000000752400000, 0x0000000752400000|100%| E|CS|TAMS 0x0000000752200000| PB 0x0000000752200000| Complete |  0
| 534|0x0000000752400000, 0x0000000752600000, 0x0000000752600000|100%| E|CS|TAMS 0x0000000752400000| PB 0x0000000752400000| Complete |  0
| 535|0x0000000752600000, 0x0000000752800000, 0x0000000752800000|100%| E|CS|TAMS 0x0000000752600000| PB 0x0000000752600000| Complete |  0
| 536|0x0000000752800000, 0x0000000752a00000, 0x0000000752a00000|100%| E|CS|TAMS 0x0000000752800000| PB 0x0000000752800000| Complete |  0
| 537|0x0000000752a00000, 0x0000000752c00000, 0x0000000752c00000|100%| E|CS|TAMS 0x0000000752a00000| PB 0x0000000752a00000| Complete |  0
| 538|0x0000000752c00000, 0x0000000752e00000, 0x0000000752e00000|100%| E|CS|TAMS 0x0000000752c00000| PB 0x0000000752c00000| Complete |  0
| 539|0x0000000752e00000, 0x0000000753000000, 0x0000000753000000|100%| E|CS|TAMS 0x0000000752e00000| PB 0x0000000752e00000| Complete |  0
| 540|0x0000000753000000, 0x0000000753200000, 0x0000000753200000|100%| E|CS|TAMS 0x0000000753000000| PB 0x0000000753000000| Complete |  0
| 541|0x0000000753200000, 0x0000000753400000, 0x0000000753400000|100%| E|CS|TAMS 0x0000000753200000| PB 0x0000000753200000| Complete |  0
| 542|0x0000000753400000, 0x0000000753600000, 0x0000000753600000|100%| E|CS|TAMS 0x0000000753400000| PB 0x0000000753400000| Complete |  0
| 543|0x0000000753600000, 0x0000000753800000, 0x0000000753800000|100%| E|CS|TAMS 0x0000000753600000| PB 0x0000000753600000| Complete |  0
| 544|0x0000000753800000, 0x0000000753a00000, 0x0000000753a00000|100%| E|CS|TAMS 0x0000000753800000| PB 0x0000000753800000| Complete |  0
| 545|0x0000000753a00000, 0x0000000753c00000, 0x0000000753c00000|100%| E|CS|TAMS 0x0000000753a00000| PB 0x0000000753a00000| Complete |  0
| 546|0x0000000753c00000, 0x0000000753e00000, 0x0000000753e00000|100%| E|CS|TAMS 0x0000000753c00000| PB 0x0000000753c00000| Complete |  0
| 547|0x0000000753e00000, 0x0000000754000000, 0x0000000754000000|100%| E|CS|TAMS 0x0000000753e00000| PB 0x0000000753e00000| Complete |  0
| 548|0x0000000754000000, 0x0000000754200000, 0x0000000754200000|100%| E|CS|TAMS 0x0000000754000000| PB 0x0000000754000000| Complete |  0
| 549|0x0000000754200000, 0x0000000754400000, 0x0000000754400000|100%| E|CS|TAMS 0x0000000754200000| PB 0x0000000754200000| Complete |  0
| 550|0x0000000754400000, 0x0000000754600000, 0x0000000754600000|100%| E|CS|TAMS 0x0000000754400000| PB 0x0000000754400000| Complete |  0
| 551|0x0000000754600000, 0x0000000754800000, 0x0000000754800000|100%| E|CS|TAMS 0x0000000754600000| PB 0x0000000754600000| Complete |  0
| 552|0x0000000754800000, 0x0000000754a00000, 0x0000000754a00000|100%| E|CS|TAMS 0x0000000754800000| PB 0x0000000754800000| Complete |  0
| 553|0x0000000754a00000, 0x0000000754c00000, 0x0000000754c00000|100%| E|CS|TAMS 0x0000000754a00000| PB 0x0000000754a00000| Complete |  0
| 554|0x0000000754c00000, 0x0000000754e00000, 0x0000000754e00000|100%| E|CS|TAMS 0x0000000754c00000| PB 0x0000000754c00000| Complete |  0
| 555|0x0000000754e00000, 0x0000000755000000, 0x0000000755000000|100%| E|CS|TAMS 0x0000000754e00000| PB 0x0000000754e00000| Complete |  0
| 556|0x0000000755000000, 0x0000000755200000, 0x0000000755200000|100%| E|CS|TAMS 0x0000000755000000| PB 0x0000000755000000| Complete |  0
| 557|0x0000000755200000, 0x0000000755400000, 0x0000000755400000|100%| E|CS|TAMS 0x0000000755200000| PB 0x0000000755200000| Complete |  0
| 558|0x0000000755400000, 0x0000000755600000, 0x0000000755600000|100%| E|CS|TAMS 0x0000000755400000| PB 0x0000000755400000| Complete |  0
| 559|0x0000000755600000, 0x0000000755800000, 0x0000000755800000|100%| E|CS|TAMS 0x0000000755600000| PB 0x0000000755600000| Complete |  0
| 560|0x0000000755800000, 0x0000000755a00000, 0x0000000755a00000|100%| E|CS|TAMS 0x0000000755800000| PB 0x0000000755800000| Complete |  0
| 561|0x0000000755a00000, 0x0000000755c00000, 0x0000000755c00000|100%| E|CS|TAMS 0x0000000755a00000| PB 0x0000000755a00000| Complete |  0
| 562|0x0000000755c00000, 0x0000000755e00000, 0x0000000755e00000|100%| E|CS|TAMS 0x0000000755c00000| PB 0x0000000755c00000| Complete |  0
| 563|0x0000000755e00000, 0x0000000756000000, 0x0000000756000000|100%| E|CS|TAMS 0x0000000755e00000| PB 0x0000000755e00000| Complete |  0
| 564|0x0000000756000000, 0x0000000756200000, 0x0000000756200000|100%| E|CS|TAMS 0x0000000756000000| PB 0x0000000756000000| Complete |  0
| 565|0x0000000756200000, 0x0000000756400000, 0x0000000756400000|100%| E|CS|TAMS 0x0000000756200000| PB 0x0000000756200000| Complete |  0
| 566|0x0000000756400000, 0x0000000756600000, 0x0000000756600000|100%| E|CS|TAMS 0x0000000756400000| PB 0x0000000756400000| Complete |  0
| 567|0x0000000756600000, 0x0000000756800000, 0x0000000756800000|100%| E|CS|TAMS 0x0000000756600000| PB 0x0000000756600000| Complete |  0
| 568|0x0000000756800000, 0x0000000756a00000, 0x0000000756a00000|100%| E|CS|TAMS 0x0000000756800000| PB 0x0000000756800000| Complete |  0
| 569|0x0000000756a00000, 0x0000000756c00000, 0x0000000756c00000|100%| E|CS|TAMS 0x0000000756a00000| PB 0x0000000756a00000| Complete |  0
| 570|0x0000000756c00000, 0x0000000756e00000, 0x0000000756e00000|100%| E|CS|TAMS 0x0000000756c00000| PB 0x0000000756c00000| Complete |  0
| 571|0x0000000756e00000, 0x0000000757000000, 0x0000000757000000|100%| E|CS|TAMS 0x0000000756e00000| PB 0x0000000756e00000| Complete |  0
| 572|0x0000000757000000, 0x0000000757200000, 0x0000000757200000|100%| E|CS|TAMS 0x0000000757000000| PB 0x0000000757000000| Complete |  0
| 573|0x0000000757200000, 0x0000000757400000, 0x0000000757400000|100%| E|CS|TAMS 0x0000000757200000| PB 0x0000000757200000| Complete |  0
| 574|0x0000000757400000, 0x0000000757600000, 0x0000000757600000|100%| E|CS|TAMS 0x0000000757400000| PB 0x0000000757400000| Complete |  0
| 575|0x0000000757600000, 0x0000000757800000, 0x0000000757800000|100%| E|CS|TAMS 0x0000000757600000| PB 0x0000000757600000| Complete |  0
| 576|0x0000000757800000, 0x0000000757a00000, 0x0000000757a00000|100%| E|CS|TAMS 0x0000000757800000| PB 0x0000000757800000| Complete |  0
| 577|0x0000000757a00000, 0x0000000757c00000, 0x0000000757c00000|100%| E|CS|TAMS 0x0000000757a00000| PB 0x0000000757a00000| Complete |  0
| 578|0x0000000757c00000, 0x0000000757e00000, 0x0000000757e00000|100%| E|CS|TAMS 0x0000000757c00000| PB 0x0000000757c00000| Complete |  0
| 579|0x0000000757e00000, 0x0000000758000000, 0x0000000758000000|100%| E|CS|TAMS 0x0000000757e00000| PB 0x0000000757e00000| Complete |  0
| 580|0x0000000758000000, 0x0000000758200000, 0x0000000758200000|100%| E|CS|TAMS 0x0000000758000000| PB 0x0000000758000000| Complete |  0
| 581|0x0000000758200000, 0x0000000758400000, 0x0000000758400000|100%| E|CS|TAMS 0x0000000758200000| PB 0x0000000758200000| Complete |  0
| 582|0x0000000758400000, 0x0000000758600000, 0x0000000758600000|100%| E|CS|TAMS 0x0000000758400000| PB 0x0000000758400000| Complete |  0
| 583|0x0000000758600000, 0x0000000758800000, 0x0000000758800000|100%| E|CS|TAMS 0x0000000758600000| PB 0x0000000758600000| Complete |  0
| 584|0x0000000758800000, 0x0000000758a00000, 0x0000000758a00000|100%| E|CS|TAMS 0x0000000758800000| PB 0x0000000758800000| Complete |  0
| 585|0x0000000758a00000, 0x0000000758c00000, 0x0000000758c00000|100%| E|CS|TAMS 0x0000000758a00000| PB 0x0000000758a00000| Complete |  0
| 586|0x0000000758c00000, 0x0000000758e00000, 0x0000000758e00000|100%| E|CS|TAMS 0x0000000758c00000| PB 0x0000000758c00000| Complete |  0
| 587|0x0000000758e00000, 0x0000000759000000, 0x0000000759000000|100%| E|CS|TAMS 0x0000000758e00000| PB 0x0000000758e00000| Complete |  0
| 588|0x0000000759000000, 0x0000000759200000, 0x0000000759200000|100%| E|CS|TAMS 0x0000000759000000| PB 0x0000000759000000| Complete |  0
| 589|0x0000000759200000, 0x0000000759400000, 0x0000000759400000|100%| E|CS|TAMS 0x0000000759200000| PB 0x0000000759200000| Complete |  0
| 590|0x0000000759400000, 0x0000000759600000, 0x0000000759600000|100%| E|CS|TAMS 0x0000000759400000| PB 0x0000000759400000| Complete |  0
| 591|0x0000000759600000, 0x0000000759800000, 0x0000000759800000|100%| E|CS|TAMS 0x0000000759600000| PB 0x0000000759600000| Complete |  0
| 592|0x0000000759800000, 0x0000000759a00000, 0x0000000759a00000|100%| E|CS|TAMS 0x0000000759800000| PB 0x0000000759800000| Complete |  0
| 593|0x0000000759a00000, 0x0000000759c00000, 0x0000000759c00000|100%| E|CS|TAMS 0x0000000759a00000| PB 0x0000000759a00000| Complete |  0
| 594|0x0000000759c00000, 0x0000000759e00000, 0x0000000759e00000|100%| E|CS|TAMS 0x0000000759c00000| PB 0x0000000759c00000| Complete |  0
| 595|0x0000000759e00000, 0x000000075a000000, 0x000000075a000000|100%| E|CS|TAMS 0x0000000759e00000| PB 0x0000000759e00000| Complete |  0
| 596|0x000000075a000000, 0x000000075a200000, 0x000000075a200000|100%| E|CS|TAMS 0x000000075a000000| PB 0x000000075a000000| Complete |  0
| 597|0x000000075a200000, 0x000000075a400000, 0x000000075a400000|100%| E|CS|TAMS 0x000000075a200000| PB 0x000000075a200000| Complete |  0
| 598|0x000000075a400000, 0x000000075a600000, 0x000000075a600000|100%| E|CS|TAMS 0x000000075a400000| PB 0x000000075a400000| Complete |  0
| 599|0x000000075a600000, 0x000000075a800000, 0x000000075a800000|100%| E|CS|TAMS 0x000000075a600000| PB 0x000000075a600000| Complete |  0
| 600|0x000000075a800000, 0x000000075aa00000, 0x000000075aa00000|100%| E|CS|TAMS 0x000000075a800000| PB 0x000000075a800000| Complete |  0
| 601|0x000000075aa00000, 0x000000075ac00000, 0x000000075ac00000|100%| E|CS|TAMS 0x000000075aa00000| PB 0x000000075aa00000| Complete |  0
| 602|0x000000075ac00000, 0x000000075ae00000, 0x000000075ae00000|100%| E|CS|TAMS 0x000000075ac00000| PB 0x000000075ac00000| Complete |  0
| 603|0x000000075ae00000, 0x000000075b000000, 0x000000075b000000|100%| E|CS|TAMS 0x000000075ae00000| PB 0x000000075ae00000| Complete |  0
| 604|0x000000075b000000, 0x000000075b200000, 0x000000075b200000|100%| E|CS|TAMS 0x000000075b000000| PB 0x000000075b000000| Complete |  0
| 605|0x000000075b200000, 0x000000075b400000, 0x000000075b400000|100%| E|CS|TAMS 0x000000075b200000| PB 0x000000075b200000| Complete |  0
| 606|0x000000075b400000, 0x000000075b600000, 0x000000075b600000|100%| E|CS|TAMS 0x000000075b400000| PB 0x000000075b400000| Complete |  0
| 607|0x000000075b600000, 0x000000075b800000, 0x000000075b800000|100%| E|CS|TAMS 0x000000075b600000| PB 0x000000075b600000| Complete |  0
| 608|0x000000075b800000, 0x000000075ba00000, 0x000000075ba00000|100%| E|CS|TAMS 0x000000075b800000| PB 0x000000075b800000| Complete |  0
| 609|0x000000075ba00000, 0x000000075bc00000, 0x000000075bc00000|100%| E|CS|TAMS 0x000000075ba00000| PB 0x000000075ba00000| Complete |  0
| 610|0x000000075bc00000, 0x000000075be00000, 0x000000075be00000|100%| E|CS|TAMS 0x000000075bc00000| PB 0x000000075bc00000| Complete |  0
| 611|0x000000075be00000, 0x000000075c000000, 0x000000075c000000|100%| E|CS|TAMS 0x000000075be00000| PB 0x000000075be00000| Complete |  0
| 612|0x000000075c000000, 0x000000075c200000, 0x000000075c200000|100%| E|CS|TAMS 0x000000075c000000| PB 0x000000075c000000| Complete |  0
| 613|0x000000075c200000, 0x000000075c400000, 0x000000075c400000|100%| E|CS|TAMS 0x000000075c200000| PB 0x000000075c200000| Complete |  0
| 614|0x000000075c400000, 0x000000075c600000, 0x000000075c600000|100%| E|CS|TAMS 0x000000075c400000| PB 0x000000075c400000| Complete |  0
| 615|0x000000075c600000, 0x000000075c800000, 0x000000075c800000|100%| E|CS|TAMS 0x000000075c600000| PB 0x000000075c600000| Complete |  0
| 616|0x000000075c800000, 0x000000075ca00000, 0x000000075ca00000|100%| E|CS|TAMS 0x000000075c800000| PB 0x000000075c800000| Complete |  0
| 617|0x000000075ca00000, 0x000000075cc00000, 0x000000075cc00000|100%| E|CS|TAMS 0x000000075ca00000| PB 0x000000075ca00000| Complete |  0
| 618|0x000000075cc00000, 0x000000075ce00000, 0x000000075ce00000|100%| E|CS|TAMS 0x000000075cc00000| PB 0x000000075cc00000| Complete |  0
| 619|0x000000075ce00000, 0x000000075d000000, 0x000000075d000000|100%| E|CS|TAMS 0x000000075ce00000| PB 0x000000075ce00000| Complete |  0
| 620|0x000000075d000000, 0x000000075d200000, 0x000000075d200000|100%| E|CS|TAMS 0x000000075d000000| PB 0x000000075d000000| Complete |  0
| 621|0x000000075d200000, 0x000000075d400000, 0x000000075d400000|100%| E|CS|TAMS 0x000000075d200000| PB 0x000000075d200000| Complete |  0
| 622|0x000000075d400000, 0x000000075d600000, 0x000000075d600000|100%| E|CS|TAMS 0x000000075d400000| PB 0x000000075d400000| Complete |  0
| 623|0x000000075d600000, 0x000000075d800000, 0x000000075d800000|100%| E|CS|TAMS 0x000000075d600000| PB 0x000000075d600000| Complete |  0
| 624|0x000000075d800000, 0x000000075da00000, 0x000000075da00000|100%| E|CS|TAMS 0x000000075d800000| PB 0x000000075d800000| Complete |  0
| 625|0x000000075da00000, 0x000000075dc00000, 0x000000075dc00000|100%| E|CS|TAMS 0x000000075da00000| PB 0x000000075da00000| Complete |  0
| 626|0x000000075dc00000, 0x000000075de00000, 0x000000075de00000|100%| E|CS|TAMS 0x000000075dc00000| PB 0x000000075dc00000| Complete |  0
| 627|0x000000075de00000, 0x000000075e000000, 0x000000075e000000|100%| E|CS|TAMS 0x000000075de00000| PB 0x000000075de00000| Complete |  0
| 628|0x000000075e000000, 0x000000075e200000, 0x000000075e200000|100%| E|CS|TAMS 0x000000075e000000| PB 0x000000075e000000| Complete |  0
| 629|0x000000075e200000, 0x000000075e400000, 0x000000075e400000|100%| E|CS|TAMS 0x000000075e200000| PB 0x000000075e200000| Complete |  0
| 630|0x000000075e400000, 0x000000075e600000, 0x000000075e600000|100%| E|CS|TAMS 0x000000075e400000| PB 0x000000075e400000| Complete |  0
| 631|0x000000075e600000, 0x000000075e800000, 0x000000075e800000|100%| E|CS|TAMS 0x000000075e600000| PB 0x000000075e600000| Complete |  0
| 632|0x000000075e800000, 0x000000075ea00000, 0x000000075ea00000|100%| E|CS|TAMS 0x000000075e800000| PB 0x000000075e800000| Complete |  0
| 633|0x000000075ea00000, 0x000000075ec00000, 0x000000075ec00000|100%| E|CS|TAMS 0x000000075ea00000| PB 0x000000075ea00000| Complete |  0
| 634|0x000000075ec00000, 0x000000075ee00000, 0x000000075ee00000|100%| E|CS|TAMS 0x000000075ec00000| PB 0x000000075ec00000| Complete |  0
| 635|0x000000075ee00000, 0x000000075f000000, 0x000000075f000000|100%| E|CS|TAMS 0x000000075ee00000| PB 0x000000075ee00000| Complete |  0
| 636|0x000000075f000000, 0x000000075f200000, 0x000000075f200000|100%| E|CS|TAMS 0x000000075f000000| PB 0x000000075f000000| Complete |  0
| 637|0x000000075f200000, 0x000000075f400000, 0x000000075f400000|100%| E|CS|TAMS 0x000000075f200000| PB 0x000000075f200000| Complete |  0
| 638|0x000000075f400000, 0x000000075f600000, 0x000000075f600000|100%| E|CS|TAMS 0x000000075f400000| PB 0x000000075f400000| Complete |  0
| 639|0x000000075f600000, 0x000000075f800000, 0x000000075f800000|100%| E|CS|TAMS 0x000000075f600000| PB 0x000000075f600000| Complete |  0
| 640|0x000000075f800000, 0x000000075fa00000, 0x000000075fa00000|100%| E|CS|TAMS 0x000000075f800000| PB 0x000000075f800000| Complete |  0
| 641|0x000000075fa00000, 0x000000075fc00000, 0x000000075fc00000|100%| E|CS|TAMS 0x000000075fa00000| PB 0x000000075fa00000| Complete |  0
| 642|0x000000075fc00000, 0x000000075fe00000, 0x000000075fe00000|100%| E|CS|TAMS 0x000000075fc00000| PB 0x000000075fc00000| Complete |  0
| 643|0x000000075fe00000, 0x0000000760000000, 0x0000000760000000|100%| E|CS|TAMS 0x000000075fe00000| PB 0x000000075fe00000| Complete |  0
| 644|0x0000000760000000, 0x0000000760200000, 0x0000000760200000|100%| E|CS|TAMS 0x0000000760000000| PB 0x0000000760000000| Complete |  0
| 645|0x0000000760200000, 0x0000000760400000, 0x0000000760400000|100%| E|CS|TAMS 0x0000000760200000| PB 0x0000000760200000| Complete |  0
| 646|0x0000000760400000, 0x0000000760600000, 0x0000000760600000|100%| E|CS|TAMS 0x0000000760400000| PB 0x0000000760400000| Complete |  0
| 647|0x0000000760600000, 0x0000000760800000, 0x0000000760800000|100%| E|CS|TAMS 0x0000000760600000| PB 0x0000000760600000| Complete |  0
| 648|0x0000000760800000, 0x0000000760a00000, 0x0000000760a00000|100%| E|CS|TAMS 0x0000000760800000| PB 0x0000000760800000| Complete |  0
| 649|0x0000000760a00000, 0x0000000760c00000, 0x0000000760c00000|100%| E|CS|TAMS 0x0000000760a00000| PB 0x0000000760a00000| Complete |  0
| 650|0x0000000760c00000, 0x0000000760e00000, 0x0000000760e00000|100%| E|CS|TAMS 0x0000000760c00000| PB 0x0000000760c00000| Complete |  0
| 651|0x0000000760e00000, 0x0000000761000000, 0x0000000761000000|100%| E|CS|TAMS 0x0000000760e00000| PB 0x0000000760e00000| Complete |  0
| 652|0x0000000761000000, 0x0000000761200000, 0x0000000761200000|100%| E|CS|TAMS 0x0000000761000000| PB 0x0000000761000000| Complete |  0
| 653|0x0000000761200000, 0x0000000761400000, 0x0000000761400000|100%| E|CS|TAMS 0x0000000761200000| PB 0x0000000761200000| Complete |  0
| 654|0x0000000761400000, 0x0000000761600000, 0x0000000761600000|100%| E|CS|TAMS 0x0000000761400000| PB 0x0000000761400000| Complete |  0
| 655|0x0000000761600000, 0x0000000761800000, 0x0000000761800000|100%| E|CS|TAMS 0x0000000761600000| PB 0x0000000761600000| Complete |  0
| 656|0x0000000761800000, 0x0000000761a00000, 0x0000000761a00000|100%| E|CS|TAMS 0x0000000761800000| PB 0x0000000761800000| Complete |  0
| 657|0x0000000761a00000, 0x0000000761c00000, 0x0000000761c00000|100%| E|CS|TAMS 0x0000000761a00000| PB 0x0000000761a00000| Complete |  0
| 658|0x0000000761c00000, 0x0000000761e00000, 0x0000000761e00000|100%| E|CS|TAMS 0x0000000761c00000| PB 0x0000000761c00000| Complete |  0
| 659|0x0000000761e00000, 0x0000000762000000, 0x0000000762000000|100%| E|CS|TAMS 0x0000000761e00000| PB 0x0000000761e00000| Complete |  0
| 660|0x0000000762000000, 0x0000000762200000, 0x0000000762200000|100%| E|CS|TAMS 0x0000000762000000| PB 0x0000000762000000| Complete |  0
| 661|0x0000000762200000, 0x0000000762400000, 0x0000000762400000|100%| E|CS|TAMS 0x0000000762200000| PB 0x0000000762200000| Complete |  0
| 662|0x0000000762400000, 0x0000000762600000, 0x0000000762600000|100%| E|CS|TAMS 0x0000000762400000| PB 0x0000000762400000| Complete |  0
| 663|0x0000000762600000, 0x0000000762800000, 0x0000000762800000|100%| E|CS|TAMS 0x0000000762600000| PB 0x0000000762600000| Complete |  0
| 664|0x0000000762800000, 0x0000000762a00000, 0x0000000762a00000|100%| E|CS|TAMS 0x0000000762800000| PB 0x0000000762800000| Complete |  0
| 665|0x0000000762a00000, 0x0000000762c00000, 0x0000000762c00000|100%| E|CS|TAMS 0x0000000762a00000| PB 0x0000000762a00000| Complete |  0
| 666|0x0000000762c00000, 0x0000000762e00000, 0x0000000762e00000|100%| E|CS|TAMS 0x0000000762c00000| PB 0x0000000762c00000| Complete |  0
| 667|0x0000000762e00000, 0x0000000763000000, 0x0000000763000000|100%| E|CS|TAMS 0x0000000762e00000| PB 0x0000000762e00000| Complete |  0
| 668|0x0000000763000000, 0x0000000763200000, 0x0000000763200000|100%| E|CS|TAMS 0x0000000763000000| PB 0x0000000763000000| Complete |  0
| 669|0x0000000763200000, 0x0000000763400000, 0x0000000763400000|100%| E|CS|TAMS 0x0000000763200000| PB 0x0000000763200000| Complete |  0
| 670|0x0000000763400000, 0x0000000763600000, 0x0000000763600000|100%| E|CS|TAMS 0x0000000763400000| PB 0x0000000763400000| Complete |  0
| 671|0x0000000763600000, 0x0000000763800000, 0x0000000763800000|100%| E|CS|TAMS 0x0000000763600000| PB 0x0000000763600000| Complete |  0
| 672|0x0000000763800000, 0x0000000763a00000, 0x0000000763a00000|100%| E|CS|TAMS 0x0000000763800000| PB 0x0000000763800000| Complete |  0
| 673|0x0000000763a00000, 0x0000000763c00000, 0x0000000763c00000|100%| E|CS|TAMS 0x0000000763a00000| PB 0x0000000763a00000| Complete |  0
| 674|0x0000000763c00000, 0x0000000763e00000, 0x0000000763e00000|100%| E|CS|TAMS 0x0000000763c00000| PB 0x0000000763c00000| Complete |  0
| 675|0x0000000763e00000, 0x0000000764000000, 0x0000000764000000|100%| E|CS|TAMS 0x0000000763e00000| PB 0x0000000763e00000| Complete |  0
| 676|0x0000000764000000, 0x0000000764200000, 0x0000000764200000|100%| E|CS|TAMS 0x0000000764000000| PB 0x0000000764000000| Complete |  0
| 677|0x0000000764200000, 0x0000000764400000, 0x0000000764400000|100%| E|CS|TAMS 0x0000000764200000| PB 0x0000000764200000| Complete |  0
| 678|0x0000000764400000, 0x0000000764600000, 0x0000000764600000|100%| E|CS|TAMS 0x0000000764400000| PB 0x0000000764400000| Complete |  0
| 679|0x0000000764600000, 0x0000000764800000, 0x0000000764800000|100%| E|CS|TAMS 0x0000000764600000| PB 0x0000000764600000| Complete |  0
| 680|0x0000000764800000, 0x0000000764a00000, 0x0000000764a00000|100%| E|CS|TAMS 0x0000000764800000| PB 0x0000000764800000| Complete |  0
| 681|0x0000000764a00000, 0x0000000764c00000, 0x0000000764c00000|100%| E|CS|TAMS 0x0000000764a00000| PB 0x0000000764a00000| Complete |  0
| 682|0x0000000764c00000, 0x0000000764e00000, 0x0000000764e00000|100%| E|CS|TAMS 0x0000000764c00000| PB 0x0000000764c00000| Complete |  0
| 683|0x0000000764e00000, 0x0000000765000000, 0x0000000765000000|100%| E|CS|TAMS 0x0000000764e00000| PB 0x0000000764e00000| Complete |  0
| 684|0x0000000765000000, 0x0000000765200000, 0x0000000765200000|100%| E|CS|TAMS 0x0000000765000000| PB 0x0000000765000000| Complete |  0
| 685|0x0000000765200000, 0x0000000765400000, 0x0000000765400000|100%| E|CS|TAMS 0x0000000765200000| PB 0x0000000765200000| Complete |  0
| 686|0x0000000765400000, 0x0000000765600000, 0x0000000765600000|100%| E|CS|TAMS 0x0000000765400000| PB 0x0000000765400000| Complete |  0
| 687|0x0000000765600000, 0x0000000765800000, 0x0000000765800000|100%| E|CS|TAMS 0x0000000765600000| PB 0x0000000765600000| Complete |  0
| 688|0x0000000765800000, 0x0000000765a00000, 0x0000000765a00000|100%| E|CS|TAMS 0x0000000765800000| PB 0x0000000765800000| Complete |  0
| 689|0x0000000765a00000, 0x0000000765c00000, 0x0000000765c00000|100%| E|CS|TAMS 0x0000000765a00000| PB 0x0000000765a00000| Complete |  0
| 690|0x0000000765c00000, 0x0000000765e00000, 0x0000000765e00000|100%| E|CS|TAMS 0x0000000765c00000| PB 0x0000000765c00000| Complete |  0
| 691|0x0000000765e00000, 0x0000000766000000, 0x0000000766000000|100%| E|CS|TAMS 0x0000000765e00000| PB 0x0000000765e00000| Complete |  0
| 692|0x0000000766000000, 0x0000000766200000, 0x0000000766200000|100%| E|CS|TAMS 0x0000000766000000| PB 0x0000000766000000| Complete |  0
| 693|0x0000000766200000, 0x0000000766400000, 0x0000000766400000|100%| E|CS|TAMS 0x0000000766200000| PB 0x0000000766200000| Complete |  0
| 694|0x0000000766400000, 0x0000000766600000, 0x0000000766600000|100%| E|CS|TAMS 0x0000000766400000| PB 0x0000000766400000| Complete |  0
| 695|0x0000000766600000, 0x0000000766800000, 0x0000000766800000|100%| E|CS|TAMS 0x0000000766600000| PB 0x0000000766600000| Complete |  0
| 696|0x0000000766800000, 0x0000000766a00000, 0x0000000766a00000|100%| E|CS|TAMS 0x0000000766800000| PB 0x0000000766800000| Complete |  0
| 697|0x0000000766a00000, 0x0000000766c00000, 0x0000000766c00000|100%| E|CS|TAMS 0x0000000766a00000| PB 0x0000000766a00000| Complete |  0
| 698|0x0000000766c00000, 0x0000000766e00000, 0x0000000766e00000|100%| E|CS|TAMS 0x0000000766c00000| PB 0x0000000766c00000| Complete |  0
| 699|0x0000000766e00000, 0x0000000767000000, 0x0000000767000000|100%| E|CS|TAMS 0x0000000766e00000| PB 0x0000000766e00000| Complete |  0
| 700|0x0000000767000000, 0x0000000767200000, 0x0000000767200000|100%| E|CS|TAMS 0x0000000767000000| PB 0x0000000767000000| Complete |  0
| 701|0x0000000767200000, 0x0000000767400000, 0x0000000767400000|100%| S|CS|TAMS 0x0000000767200000| PB 0x0000000767200000| Complete |  0
| 702|0x0000000767400000, 0x0000000767600000, 0x0000000767600000|100%| S|CS|TAMS 0x0000000767400000| PB 0x0000000767400000| Complete |  0
| 703|0x0000000767600000, 0x0000000767800000, 0x0000000767800000|100%| S|CS|TAMS 0x0000000767600000| PB 0x0000000767600000| Complete |  0
| 704|0x0000000767800000, 0x0000000767a00000, 0x0000000767a00000|100%| S|CS|TAMS 0x0000000767800000| PB 0x0000000767800000| Complete |  0
|1874|0x00000007f9c00000, 0x00000007f9e00000, 0x00000007f9e00000|100%| O|  |TAMS 0x00000007f9c00000| PB 0x00000007f9c00000| Untracked |  0
|1875|0x00000007f9e00000, 0x00000007fa000000, 0x00000007fa000000|100%| O|  |TAMS 0x00000007f9e00000| PB 0x00000007f9e00000| Untracked |  0
|1876|0x00000007fa000000, 0x00000007fa200000, 0x00000007fa200000|100%| E|CS|TAMS 0x00000007fa000000| PB 0x00000007fa000000| Complete |  0
|1877|0x00000007fa200000, 0x00000007fa400000, 0x00000007fa400000|100%| E|CS|TAMS 0x00000007fa200000| PB 0x00000007fa200000| Complete |  0
|1878|0x00000007fa400000, 0x00000007fa600000, 0x00000007fa600000|100%| O|  |TAMS 0x00000007fa400000| PB 0x00000007fa400000| Untracked |  0
|1879|0x00000007fa600000, 0x00000007fa800000, 0x00000007fa800000|100%| O|  |TAMS 0x00000007fa600000| PB 0x00000007fa600000| Untracked |  0
|1880|0x00000007fa800000, 0x00000007faa00000, 0x00000007faa00000|100%| O|  |TAMS 0x00000007fa800000| PB 0x00000007fa800000| Untracked |  0
|1881|0x00000007faa00000, 0x00000007fac00000, 0x00000007fac00000|100%| O|  |TAMS 0x00000007faa00000| PB 0x00000007faa00000| Untracked |  0
|1882|0x00000007fac00000, 0x00000007fae00000, 0x00000007fae00000|100%| E|CS|TAMS 0x00000007fac00000| PB 0x00000007fac00000| Complete |  0
|1883|0x00000007fae00000, 0x00000007fb000000, 0x00000007fb000000|100%| O|  |TAMS 0x00000007fae00000| PB 0x00000007fae00000| Untracked |  0
|1884|0x00000007fb000000, 0x00000007fb200000, 0x00000007fb200000|100%| O|  |TAMS 0x00000007fb000000| PB 0x00000007fb000000| Untracked |  0
|1885|0x00000007fb200000, 0x00000007fb400000, 0x00000007fb400000|100%| O|  |TAMS 0x00000007fb200000| PB 0x00000007fb200000| Untracked |  0
|1886|0x00000007fb400000, 0x00000007fb600000, 0x00000007fb600000|100%| O|  |TAMS 0x00000007fb400000| PB 0x00000007fb400000| Untracked |  0
|1887|0x00000007fb600000, 0x00000007fb800000, 0x00000007fb800000|100%| E|CS|TAMS 0x00000007fb600000| PB 0x00000007fb600000| Complete |  0
|1888|0x00000007fb800000, 0x00000007fba00000, 0x00000007fba00000|100%| O|  |TAMS 0x00000007fb800000| PB 0x00000007fb800000| Untracked |  0
|1889|0x00000007fba00000, 0x00000007fbc00000, 0x00000007fbc00000|100%| E|CS|TAMS 0x00000007fba00000| PB 0x00000007fba00000| Complete |  0
|1890|0x00000007fbc00000, 0x00000007fbe00000, 0x00000007fbe00000|100%| E|CS|TAMS 0x00000007fbc00000| PB 0x00000007fbc00000| Complete |  0
|1891|0x00000007fbe00000, 0x00000007fc000000, 0x00000007fc000000|100%| O|  |TAMS 0x00000007fbe00000| PB 0x00000007fbe00000| Untracked |  0
|1892|0x00000007fc000000, 0x00000007fc200000, 0x00000007fc200000|100%| E|CS|TAMS 0x00000007fc000000| PB 0x00000007fc000000| Complete |  0
|1893|0x00000007fc200000, 0x00000007fc400000, 0x00000007fc400000|100%| E|CS|TAMS 0x00000007fc200000| PB 0x00000007fc200000| Complete |  0
|1894|0x00000007fc400000, 0x00000007fc600000, 0x00000007fc600000|100%| E|CS|TAMS 0x00000007fc400000| PB 0x00000007fc400000| Complete |  0
|1895|0x00000007fc600000, 0x00000007fc800000, 0x00000007fc800000|100%| E|CS|TAMS 0x00000007fc600000| PB 0x00000007fc600000| Complete |  0
|1896|0x00000007fc800000, 0x00000007fca00000, 0x00000007fca00000|100%| E|CS|TAMS 0x00000007fc800000| PB 0x00000007fc800000| Complete |  0
|1897|0x00000007fca00000, 0x00000007fcc00000, 0x00000007fcc00000|100%| E|CS|TAMS 0x00000007fca00000| PB 0x00000007fca00000| Complete |  0
|1898|0x00000007fcc00000, 0x00000007fce00000, 0x00000007fce00000|100%| E|CS|TAMS 0x00000007fcc00000| PB 0x00000007fcc00000| Complete |  0
|1899|0x00000007fce00000, 0x00000007fd000000, 0x00000007fd000000|100%| E|CS|TAMS 0x00000007fce00000| PB 0x00000007fce00000| Complete |  0
|1900|0x00000007fd000000, 0x00000007fd200000, 0x00000007fd200000|100%| E|CS|TAMS 0x00000007fd000000| PB 0x00000007fd000000| Complete |  0
|1901|0x00000007fd200000, 0x00000007fd400000, 0x00000007fd400000|100%| E|CS|TAMS 0x00000007fd200000| PB 0x00000007fd200000| Complete |  0
|1902|0x00000007fd400000, 0x00000007fd600000, 0x00000007fd600000|100%| E|CS|TAMS 0x00000007fd400000| PB 0x00000007fd400000| Complete |  0
|1903|0x00000007fd600000, 0x00000007fd800000, 0x00000007fd800000|100%| E|CS|TAMS 0x00000007fd600000| PB 0x00000007fd600000| Complete |  0
|1904|0x00000007fd800000, 0x00000007fda00000, 0x00000007fda00000|100%| E|CS|TAMS 0x00000007fd800000| PB 0x00000007fd800000| Complete |  0
|1905|0x00000007fda00000, 0x00000007fdc00000, 0x00000007fdc00000|100%| O|  |TAMS 0x00000007fda00000| PB 0x00000007fda00000| Untracked |  0
|1906|0x00000007fdc00000, 0x00000007fde00000, 0x00000007fde00000|100%| E|CS|TAMS 0x00000007fdc00000| PB 0x00000007fdc00000| Complete |  0
|1907|0x00000007fde00000, 0x00000007fe000000, 0x00000007fe000000|100%| E|CS|TAMS 0x00000007fde00000| PB 0x00000007fde00000| Complete |  0
|1908|0x00000007fe000000, 0x00000007fe200000, 0x00000007fe200000|100%| E|CS|TAMS 0x00000007fe000000| PB 0x00000007fe000000| Complete |  0
|1909|0x00000007fe200000, 0x00000007fe400000, 0x00000007fe400000|100%| E|CS|TAMS 0x00000007fe200000| PB 0x00000007fe200000| Complete |  0
|1910|0x00000007fe400000, 0x00000007fe600000, 0x00000007fe600000|100%| E|CS|TAMS 0x00000007fe400000| PB 0x00000007fe400000| Complete |  0
|1911|0x00000007fe600000, 0x00000007fe800000, 0x00000007fe800000|100%| E|CS|TAMS 0x00000007fe600000| PB 0x00000007fe600000| Complete |  0
|1912|0x00000007fe800000, 0x00000007fea00000, 0x00000007fea00000|100%| E|CS|TAMS 0x00000007fe800000| PB 0x00000007fe800000| Complete |  0
|1913|0x00000007fea00000, 0x00000007fec00000, 0x00000007fec00000|100%| E|CS|TAMS 0x00000007fea00000| PB 0x00000007fea00000| Complete |  0
|1914|0x00000007fec00000, 0x00000007fee00000, 0x00000007fee00000|100%| E|CS|TAMS 0x00000007fec00000| PB 0x00000007fec00000| Complete |  0
|1915|0x00000007fee00000, 0x00000007ff000000, 0x00000007ff000000|100%| E|CS|TAMS 0x00000007fee00000| PB 0x00000007fee00000| Complete |  0
|1916|0x00000007ff000000, 0x00000007ff200000, 0x00000007ff200000|100%| O|  |TAMS 0x00000007ff000000| PB 0x00000007ff000000| Untracked |  0
|1917|0x00000007ff200000, 0x00000007ff400000, 0x00000007ff400000|100%| O|  |TAMS 0x00000007ff200000| PB 0x00000007ff200000| Untracked |  0
|1918|0x00000007ff400000, 0x00000007ff600000, 0x00000007ff600000|100%| O|  |TAMS 0x00000007ff400000| PB 0x00000007ff400000| Untracked |  0
|1919|0x00000007ff600000, 0x00000007ff800000, 0x00000007ff800000|100%| O|  |TAMS 0x00000007ff600000| PB 0x00000007ff600000| Untracked |  0
|1920|0x00000007ff800000, 0x00000007ffa00000, 0x00000007ffa00000|100%| O|  |TAMS 0x00000007ff800000| PB 0x00000007ff800000| Untracked |  0
|1921|0x00000007ffa00000, 0x00000007ffc00000, 0x00000007ffc00000|100%| E|CS|TAMS 0x00000007ffa00000| PB 0x00000007ffa00000| Complete |  0
|1922|0x00000007ffc00000, 0x00000007ffe00000, 0x00000007ffe00000|100%| O|  |TAMS 0x00000007ffc00000| PB 0x00000007ffc00000| Untracked |  0
|1923|0x00000007ffe00000, 0x0000000800000000, 0x0000000800000000|100%| E|CS|TAMS 0x00000007ffe00000| PB 0x00000007ffe00000| Complete |  0

Card table byte_map: [0x0000ffff5c758000,0x0000ffff5cedc000] _byte_map_base: 0x0000ffff58edc000

Marking Bits: (CMBitMap*) 0x0000ffff581874a0
 Bits: [0x0000ffff413dc000, 0x0000ffff44ffc000)

Polling page: 0x0000ffff5fdd4000

Metaspace:
Metaspace        used 145256K, committed 147008K, reserved 1179648K
 class space     used 24941K, committed 25664K, reserved 1048576K

Usage:
  Non-class:    117.49 MB used.
      Class:     24.36 MB used.
       Both:    141.85 MB used.

Virtual space:
  Non-class space:      128.00 MB reserved,     118.50 MB ( 93%) committed,  2 nodes.
      Class space:        1.00 GB reserved,      25.06 MB (  2%) committed,  1 nodes.
             Both:        1.12 GB reserved,     143.56 MB ( 12%) committed. 

Chunk freelists:
   Non-Class:  9.25 MB
       Class:  6.77 MB
        Both:  16.02 MB

MaxMetaspaceSize: unlimited
CompressedClassSpaceSize: 1.00 GB
Initial GC threshold: 21.00 MB
Current GC threshold: 238.75 MB
CDS: on
 - commit_granule_bytes: 65536.
 - commit_granule_words: 8192.
 - virtual_space_node_default_size: 8388608.
 - enlarge_chunks_in_place: 1.
UseCompressedClassPointers 1, UseCompactObjectHeaders 0
Narrow klass pointer bits 32, Max shift 3
Narrow klass base: 0x00000fc000000000, Narrow klass shift: 0
Encoding Range: [0x00000fc000000000 - 0x00000fc100000000), (4294967296 bytes)
Klass Range:    [0x00000fc000010000 - 0x00000fc042000000), (1107230720 bytes)
Klass ID Range:  [65536 - 1107296249) (1107230713)
Protection zone: [0x00000fc000000000 - 0x00000fc000010000), (65536 bytes)


Internal statistics:

num_allocs_failed_limit: 27.
num_arena_births: 3052.
num_arena_deaths: 34.
num_vsnodes_births: 3.
num_vsnodes_deaths: 0.
num_space_committed: 2292.
num_space_uncommitted: 0.
num_chunks_returned_to_freelist: 71.
num_chunks_taken_from_freelist: 9690.
num_chunk_merges: 37.
num_chunk_splits: 6381.
num_chunks_enlarged: 4746.
num_inconsistent_stats: 0.

CodeHeap 'non-profiled nmethods': size=120032Kb used=14396Kb max_used=14861Kb free=105635Kb
 bounds [0x0000ffff4cac8000, 0x0000ffff4d958000, 0x0000ffff54000000]
CodeHeap 'profiled nmethods': size=120032Kb used=14513Kb max_used=35531Kb free=105518Kb
 bounds [0x0000ffff44ffc000, 0x0000ffff472bc000, 0x0000ffff4c534000]
CodeHeap 'non-nmethods': size=5712Kb used=3347Kb max_used=3535Kb free=2364Kb
 bounds [0x0000ffff4c534000, 0x0000ffff4c8b4000, 0x0000ffff4cac8000]
CodeCache: size=245776Kb, used=32256Kb, max_used=53927Kb, free=213517Kb
 total_blobs=16923, nmethods=14094, adapters=2683, full_count=0
Compilation: enabled, stopped_count=0, restarted_count=0

Compilation events (20 events):
Event: 116.902 Thread 0x0000fffef18afb00 39966       4       jdk.internal.foreign.AbstractMemorySegmentImpl::isAlignedForElement (12 bytes)
Event: 116.902 Thread 0x0000ffff58221220 nmethod 39957% 0x0000ffff4cb27408 code [0x0000ffff4cb27500, 0x0000ffff4cb27850]
Event: 116.902 Thread 0x0000ffff58221220 39960       4       com.mojang.blaze3d.opengl.GlTexture::removeViews (29 bytes)
Event: 116.902 Thread 0x0000fffef18afb00 nmethod 39966 0x0000ffff4cb271c8 code [0x0000ffff4cb272c0, 0x0000ffff4cb273d8]
Event: 116.903 Thread 0x0000ffff58221220 nmethod 39960 0x0000ffff4cb26f88 code [0x0000ffff4cb27080, 0x0000ffff4cb27180]
Event: 116.965 Thread 0x0000ffff58222c40 39969       1       java.util.concurrent.CopyOnWriteArrayList::getArray (5 bytes)
Event: 116.965 Thread 0x0000ffff58222c40 nmethod 39969 0x0000ffff4cb26d88 code [0x0000ffff4cb26e80, 0x0000ffff4cb26f68]
Event: 116.966 Thread 0x0000ffff58222c40 39970       3       java.lang.Character::toUpperCase (9 bytes)
Event: 116.966 Thread 0x0000ffff58222c40 nmethod 39970 0x0000ffff457a61c8 code [0x0000ffff457a62c0, 0x0000ffff457a64e8]
Event: 116.966 Thread 0x0000ffff58222c40 39971       3       org.apache.logging.log4j.core.util.internal.InternalLoggerRegistry$$Lambda/0x00000fc002119ee8::apply (8 bytes)
Event: 116.967 Thread 0x0000ffff58222c40 nmethod 39971 0x0000ffff4729e648 code [0x0000ffff4729e740, 0x0000ffff4729eee8]
Event: 116.967 Thread 0x0000ffff58222c40 39973       3       org.apache.logging.log4j.core.Logger$PrivateConfig::<init> (67 bytes)
Event: 116.967 Thread 0x0000ffff58222c40 nmethod 39973 0x0000ffff45f18c88 code [0x0000ffff45f18d80, 0x0000ffff45f19610]
Event: 116.967 Thread 0x0000ffff58222c40 39978       3       java.util.concurrent.ConcurrentHashMap$BaseIterator::<init> (21 bytes)
Event: 116.967 Thread 0x0000ffff58222c40 nmethod 39978 0x0000ffff457b7d08 code [0x0000ffff457b7e00, 0x0000ffff457b80a8]
Event: 116.967 Thread 0x0000ffff58222c40 39974       3       org.apache.logging.log4j.core.config.LoggerConfig::getLevel (35 bytes)
Event: 116.967 Thread 0x0000ffff58222c40 nmethod 39974 0x0000ffff46714b88 code [0x0000ffff46714c80, 0x0000ffff467150c8]
Event: 116.967 Thread 0x0000ffff58222c40 39972       3       org.apache.logging.log4j.core.util.internal.InternalLoggerRegistry::lambda$getLoggers$2 (23 bytes)
Event: 116.968 Thread 0x0000ffff58222c40 nmethod 39972 0x0000ffff45e66688 code [0x0000ffff45e66780, 0x0000ffff45e66dc0]
Event: 116.968 Thread 0x0000ffff58222c40 39975       3       org.apache.logging.log4j.core.LoggerContext$$Lambda/0x00000fc00211a168::accept (12 bytes)

GC Heap Usage History (20 events):
Event: 81.971 {heap Before GC invocations=103 (full 0):
 garbage-first heap   total reserved 3940352K, committed 1458176K, used 1378598K [0x000000070f800000, 0x0000000800000000)
  region size 2048K, 379 young (776192K), 28 survivors (57344K)
}
Event: 81.993 {heap After GC invocations=104 (full 0):
 garbage-first heap   total reserved 3940352K, committed 1468416K, used 656384K [0x000000070f800000, 0x0000000800000000)
  region size 2048K, 30 young (61440K), 30 survivors (61440K)
}
Event: 87.707 {heap Before GC invocations=104 (full 0):
 garbage-first heap   total reserved 3940352K, committed 1468416K, used 1389568K [0x000000070f800000, 0x0000000800000000)
  region size 2048K, 389 young (796672K), 30 survivors (61440K)
}
Event: 87.742 {heap After GC invocations=105 (full 0):
 garbage-first heap   total reserved 3940352K, committed 1468416K, used 665976K [0x000000070f800000, 0x0000000800000000)
  region size 2048K, 31 young (63488K), 31 survivors (63488K)
}
Event: 99.049 {heap Before GC invocations=106 (full 0):
 garbage-first heap   total reserved 3940352K, committed 1468416K, used 1388920K [0x000000070f800000, 0x0000000800000000)
  region size 2048K, 385 young (788480K), 31 survivors (63488K)
}
Event: 99.081 {heap After GC invocations=107 (full 0):
 garbage-first heap   total reserved 3940352K, committed 1468416K, used 668953K [0x000000070f800000, 0x0000000800000000)
  region size 2048K, 27 young (55296K), 27 survivors (55296K)
}
Event: 100.295 {heap Before GC invocations=107 (full 0):
 garbage-first heap   total reserved 3940352K, committed 1468416K, used 1389849K [0x000000070f800000, 0x0000000800000000)
  region size 2048K, 380 young (778240K), 27 survivors (55296K)
}
Event: 100.330 {heap After GC invocations=108 (full 0):
 garbage-first heap   total reserved 3940352K, committed 1492992K, used 655215K [0x000000070f800000, 0x0000000800000000)
  region size 2048K, 29 young (59392K), 29 survivors (59392K)
}
Event: 101.684 {heap Before GC invocations=108 (full 0):
 garbage-first heap   total reserved 3940352K, committed 1492992K, used 1372015K [0x000000070f800000, 0x0000000800000000)
  region size 2048K, 381 young (780288K), 29 survivors (59392K)
}
Event: 101.711 {heap After GC invocations=109 (full 0):
 garbage-first heap   total reserved 3940352K, committed 1492992K, used 666964K [0x000000070f800000, 0x0000000800000000)
  region size 2048K, 27 young (55296K), 27 survivors (55296K)
}
Event: 102.952 {heap Before GC invocations=110 (full 0):
 garbage-first heap   total reserved 3940352K, committed 1492992K, used 1420628K [0x000000070f800000, 0x0000000800000000)
  region size 2048K, 393 young (804864K), 27 survivors (55296K)
}
Event: 102.979 {heap After GC invocations=111 (full 0):
 garbage-first heap   total reserved 3940352K, committed 1495040K, used 686609K [0x000000070f800000, 0x0000000800000000)
  region size 2048K, 30 young (61440K), 30 survivors (61440K)
}
Event: 104.395 {heap Before GC invocations=111 (full 0):
 garbage-first heap   total reserved 3940352K, committed 1495040K, used 1415697K [0x000000070f800000, 0x0000000800000000)
  region size 2048K, 387 young (792576K), 30 survivors (61440K)
}
Event: 104.433 {heap After GC invocations=112 (full 0):
 garbage-first heap   total reserved 3940352K, committed 1525760K, used 668637K [0x000000070f800000, 0x0000000800000000)
  region size 2048K, 31 young (63488K), 31 survivors (63488K)
}
Event: 106.045 {heap Before GC invocations=112 (full 0):
 garbage-first heap   total reserved 3940352K, committed 1525760K, used 1444829K [0x000000070f800000, 0x0000000800000000)
  region size 2048K, 411 young (841728K), 31 survivors (63488K)
}
Event: 106.066 {heap After GC invocations=113 (full 0):
 garbage-first heap   total reserved 3940352K, committed 1536000K, used 692914K [0x000000070f800000, 0x0000000800000000)
  region size 2048K, 35 young (71680K), 35 survivors (71680K)
}
Event: 107.470 {heap Before GC invocations=114 (full 0):
 garbage-first heap   total reserved 3940352K, committed 1536000K, used 1454770K [0x000000070f800000, 0x0000000800000000)
  region size 2048K, 408 young (835584K), 35 survivors (71680K)
}
Event: 107.508 {heap After GC invocations=115 (full 0):
 garbage-first heap   total reserved 3940352K, committed 1538048K, used 701817K [0x000000070f800000, 0x0000000800000000)
  region size 2048K, 24 young (49152K), 24 survivors (49152K)
}
Event: 112.950 {heap Before GC invocations=115 (full 0):
 garbage-first heap   total reserved 3940352K, committed 1538048K, used 1455481K [0x000000070f800000, 0x0000000800000000)
  region size 2048K, 393 young (804864K), 24 survivors (49152K)
}
Event: 112.988 {heap After GC invocations=116 (full 0):
 garbage-first heap   total reserved 3940352K, committed 1546240K, used 693892K [0x000000070f800000, 0x0000000800000000)
  region size 2048K, 31 young (63488K), 31 survivors (63488K)
}

Metaspace Usage History (20 events):
Event: 81.972 {metaspace Before GC invocations=103 (full 0):
 Metaspace       used 144372K, committed 146176K, reserved 1179648K
  class space    used 24772K, committed 25472K, reserved 1048576K
}
Event: 81.993 {metaspace After GC invocations=104 (full 0):
 Metaspace       used 144372K, committed 146176K, reserved 1179648K
  class space    used 24772K, committed 25472K, reserved 1048576K
}
Event: 87.707 {metaspace Before GC invocations=104 (full 0):
 Metaspace       used 144399K, committed 146176K, reserved 1179648K
  class space    used 24772K, committed 25472K, reserved 1048576K
}
Event: 87.742 {metaspace After GC invocations=105 (full 0):
 Metaspace       used 144399K, committed 146176K, reserved 1179648K
  class space    used 24772K, committed 25472K, reserved 1048576K
}
Event: 99.049 {metaspace Before GC invocations=106 (full 0):
 Metaspace       used 144876K, committed 146688K, reserved 1179648K
  class space    used 24872K, committed 25600K, reserved 1048576K
}
Event: 99.081 {metaspace After GC invocations=107 (full 0):
 Metaspace       used 144876K, committed 146688K, reserved 1179648K
  class space    used 24872K, committed 25600K, reserved 1048576K
}
Event: 100.295 {metaspace Before GC invocations=107 (full 0):
 Metaspace       used 144882K, committed 146688K, reserved 1179648K
  class space    used 24872K, committed 25600K, reserved 1048576K
}
Event: 100.330 {metaspace After GC invocations=108 (full 0):
 Metaspace       used 144882K, committed 146688K, reserved 1179648K
  class space    used 24872K, committed 25600K, reserved 1048576K
}
Event: 101.684 {metaspace Before GC invocations=108 (full 0):
 Metaspace       used 144884K, committed 146688K, reserved 1179648K
  class space    used 24872K, committed 25600K, reserved 1048576K
}
Event: 101.711 {metaspace After GC invocations=109 (full 0):
 Metaspace       used 144884K, committed 146688K, reserved 1179648K
  class space    used 24872K, committed 25600K, reserved 1048576K
}
Event: 102.952 {metaspace Before GC invocations=110 (full 0):
 Metaspace       used 144894K, committed 146688K, reserved 1179648K
  class space    used 24872K, committed 25600K, reserved 1048576K
}
Event: 102.979 {metaspace After GC invocations=111 (full 0):
 Metaspace       used 144894K, committed 146688K, reserved 1179648K
  class space    used 24872K, committed 25600K, reserved 1048576K
}
Event: 104.395 {metaspace Before GC invocations=111 (full 0):
 Metaspace       used 144903K, committed 146688K, reserved 1179648K
  class space    used 24872K, committed 25600K, reserved 1048576K
}
Event: 104.433 {metaspace After GC invocations=112 (full 0):
 Metaspace       used 144903K, committed 146688K, reserved 1179648K
  class space    used 24872K, committed 25600K, reserved 1048576K
}
Event: 106.045 {metaspace Before GC invocations=112 (full 0):
 Metaspace       used 144921K, committed 146688K, reserved 1179648K
  class space    used 24872K, committed 25600K, reserved 1048576K
}
Event: 106.066 {metaspace After GC invocations=113 (full 0):
 Metaspace       used 144921K, committed 146688K, reserved 1179648K
  class space    used 24872K, committed 25600K, reserved 1048576K
}
Event: 107.470 {metaspace Before GC invocations=114 (full 0):
 Metaspace       used 144929K, committed 146688K, reserved 1179648K
  class space    used 24873K, committed 25600K, reserved 1048576K
}
Event: 107.508 {metaspace After GC invocations=115 (full 0):
 Metaspace       used 144929K, committed 146688K, reserved 1179648K
  class space    used 24873K, committed 25600K, reserved 1048576K
}
Event: 112.950 {metaspace Before GC invocations=115 (full 0):
 Metaspace       used 145158K, committed 146944K, reserved 1179648K
  class space    used 24927K, committed 25664K, reserved 1048576K
}
Event: 112.988 {metaspace After GC invocations=116 (full 0):
 Metaspace       used 145158K, committed 146944K, reserved 1179648K
  class space    used 24927K, committed 25664K, reserved 1048576K
}

Dll operation events (14 events):
Event: 0.001 Loaded shared library /home/anguscrump/.jdks/jbr-25.0.3/lib/libjava.so
Event: 0.016 Loaded shared library /home/anguscrump/.jdks/jbr-25.0.3/lib/libnio.so
Event: 0.021 Loaded shared library /home/anguscrump/.jdks/jbr-25.0.3/lib/libzip.so
Event: 0.026 Loaded shared library /home/anguscrump/.jdks/jbr-25.0.3/lib/libnet.so
Event: 0.031 Loaded shared library /home/anguscrump/.jdks/jbr-25.0.3/lib/libzip.so
Event: 0.054 Loaded shared library /home/anguscrump/.jdks/jbr-25.0.3/lib/libjimage.so
Event: 0.225 Loaded shared library /home/anguscrump/.jdks/jbr-25.0.3/lib/libmanagement.so
Event: 0.225 Loaded shared library /home/anguscrump/.jdks/jbr-25.0.3/lib/libmanagement_ext.so
Event: 0.349 Loaded shared library /home/anguscrump/.jdks/jbr-25.0.3/lib/libverify.so
Event: 1.332 Loaded shared library /home/anguscrump/.cache/JNA/temp/jna7754075709606224947.tmp
Event: 3.850 Loaded shared library /home/anguscrump/.jdks/jbr-25.0.3/lib/libextnet.so
Event: 4.010 Loaded shared library /tmp/lwjgl_anguscrump/3.4.1-snapshot/arm64/liblwjgl.so
Event: 4.242 Loaded shared library /tmp/lwjgl_anguscrump/3.4.1-snapshot/arm64/liblwjgl_opengl.so
Event: 4.382 Loaded shared library /tmp/lwjgl_anguscrump/3.4.1-snapshot/arm64/liblwjgl_stb.so

Deoptimization events (20 events):
Event: 116.891 Thread 0x0000fffe200169f0 Uncommon trap: trap_request=0xffffff45 fr.pc=0x0000ffff4d7d6fe4 relative=0x0000000000000864
Event: 116.891 Thread 0x0000fffe200169f0 Uncommon trap: reason=unstable_if action=reinterpret pc=0x0000ffff4d7d6fe4 method=java.util.concurrent.LinkedTransferQueue$DualNode.await(Ljava/lang/Object;JLjava/lang/Object;Z)Ljava/lang/Object; @ 143 c2
Event: 116.891 Thread 0x0000fffe200169f0 DEOPT PACKING pc=0x0000ffff4d7d6fe4 sp=0x0000fffe4897e0b0
Event: 116.891 Thread 0x0000fffe200169f0 DEOPT UNPACKING pc=0x0000ffff4c647f9c sp=0x0000fffe4897ded0 mode 2
Event: 116.891 Thread 0x0000fffe200169f0 Uncommon trap: trap_request=0x0000002f fr.pc=0x0000ffff4cb56b8c relative=0x000000000000050c
Event: 116.891 Thread 0x0000fffe200169f0 Uncommon trap: reason=unloaded action=reinterpret pc=0x0000ffff4cb56b8c method=java.util.concurrent.SynchronousQueue.poll(JLjava/util/concurrent/TimeUnit;)Ljava/lang/Object; @ 33 c2
Event: 116.891 Thread 0x0000fffe200169f0 DEOPT PACKING pc=0x0000ffff4cb56b8c sp=0x0000fffe4897e130
Event: 116.891 Thread 0x0000fffe200169f0 DEOPT UNPACKING pc=0x0000ffff4c647f9c sp=0x0000fffe4897e000 mode 2
Event: 116.892 Thread 0x0000fffe14008530 Uncommon trap: trap_request=0xffffff45 fr.pc=0x0000ffff4d7d6fe4 relative=0x0000000000000864
Event: 116.892 Thread 0x0000fffe14008530 Uncommon trap: reason=unstable_if action=reinterpret pc=0x0000ffff4d7d6fe4 method=java.util.concurrent.LinkedTransferQueue$DualNode.await(Ljava/lang/Object;JLjava/lang/Object;Z)Ljava/lang/Object; @ 143 c2
Event: 116.892 Thread 0x0000fffe14008530 DEOPT PACKING pc=0x0000ffff4d7d6fe4 sp=0x0000fffe4857e110
Event: 116.892 Thread 0x0000fffe14008530 DEOPT UNPACKING pc=0x0000ffff4c647f9c sp=0x0000fffe4857df30 mode 2
Event: 116.892 Thread 0x0000fffe14008530 Uncommon trap: trap_request=0x0000002f fr.pc=0x0000ffff4cb56b8c relative=0x000000000000050c
Event: 116.892 Thread 0x0000fffe14008530 Uncommon trap: reason=unloaded action=reinterpret pc=0x0000ffff4cb56b8c method=java.util.concurrent.SynchronousQueue.poll(JLjava/util/concurrent/TimeUnit;)Ljava/lang/Object; @ 33 c2
Event: 116.892 Thread 0x0000fffe14008530 DEOPT PACKING pc=0x0000ffff4cb56b8c sp=0x0000fffe4857e190
Event: 116.892 Thread 0x0000fffe14008530 DEOPT UNPACKING pc=0x0000ffff4c647f9c sp=0x0000fffe4857e060 mode 2
Event: 116.968 Thread 0x0000ffff580316d0 Uncommon trap: trap_request=0xffffff45 fr.pc=0x0000ffff4ce215a0 relative=0x0000000000000960
Event: 116.968 Thread 0x0000ffff580316d0 Uncommon trap: reason=unstable_if action=reinterpret pc=0x0000ffff4ce215a0 method=sun.nio.fs.UnixFileSystemProvider.implDelete(Ljava/nio/file/Path;Z)Z @ 39 c2
Event: 116.968 Thread 0x0000ffff580316d0 DEOPT PACKING pc=0x0000ffff4ce215a0 sp=0x0000ffff5e4bb660
Event: 116.968 Thread 0x0000ffff580316d0 DEOPT UNPACKING pc=0x0000ffff4c647f9c sp=0x0000ffff5e4bb610 mode 2

Classes loaded (20 events):
Event: 21.665 Loading class java/lang/runtime/SwitchBootstraps$StaticHolders
Event: 21.665 Loading class java/lang/runtime/SwitchBootstraps$StaticHolders done
Event: 21.665 Loading class java/lang/runtime/SwitchBootstraps$MappedEnumCache
Event: 21.665 Loading class java/lang/runtime/SwitchBootstraps$MappedEnumCache done
Event: 25.298 Loading class java/util/ReverseOrderListView
Event: 25.298 Loading class java/util/ReverseOrderListView done
Event: 25.298 Loading class java/util/ReverseOrderListView$Rand
Event: 25.298 Loading class java/util/ReverseOrderListView$Rand done
Event: 25.298 Loading class java/util/ReverseOrderListView$DescendingIterator
Event: 25.298 Loading class java/util/ReverseOrderListView$DescendingIterator done
Event: 31.601 Loading class java/util/DualPivotQuicksort$Sorter
Event: 31.601 Loading class java/util/DualPivotQuicksort$Sorter done
Event: 36.864 Loading class java/util/stream/LongPipeline$9
Event: 36.864 Loading class java/util/stream/LongPipeline$9 done
Event: 36.868 Loading class java/util/stream/Nodes$LongSpinedNodeBuilder
Event: 36.868 Loading class java/util/stream/SpinedBuffer$OfLong
Event: 36.869 Loading class java/util/stream/SpinedBuffer$OfLong done
Event: 36.869 Loading class java/util/stream/Nodes$LongSpinedNodeBuilder done
Event: 36.869 Loading class java/util/stream/LongPipeline$9$1
Event: 36.869 Loading class java/util/stream/LongPipeline$9$1 done

Classes unloaded (17 events):
Event: 21.562 Thread 0x0000ffff5820daa0 Unloading class 0x00000fc003555400 'java/lang/invoke/LambdaForm$DMH+0x00000fc003555400'
Event: 21.562 Thread 0x0000ffff5820daa0 Unloading class 0x00000fc003554c00 'java/lang/invoke/LambdaForm$DMH+0x00000fc003554c00'
Event: 21.562 Thread 0x0000ffff5820daa0 Unloading class 0x00000fc003554800 'java/lang/invoke/LambdaForm$DMH+0x00000fc003554800'
Event: 21.562 Thread 0x0000ffff5820daa0 Unloading class 0x00000fc003554400 'java/lang/invoke/LambdaForm$DMH+0x00000fc003554400'
Event: 21.562 Thread 0x0000ffff5820daa0 Unloading class 0x00000fc003554000 'java/lang/invoke/LambdaForm$DMH+0x00000fc003554000'
Event: 21.562 Thread 0x0000ffff5820daa0 Unloading class 0x00000fc0033a4000 'java/lang/invoke/LambdaForm$DMH+0x00000fc0033a4000'
Event: 21.562 Thread 0x0000ffff5820daa0 Unloading class 0x00000fc003398c00 'java/lang/invoke/LambdaForm$DMH+0x00000fc003398c00'
Event: 21.562 Thread 0x0000ffff5820daa0 Unloading class 0x00000fc00338c800 'java/lang/invoke/LambdaForm$DMH+0x00000fc00338c800'
Event: 21.562 Thread 0x0000ffff5820daa0 Unloading class 0x00000fc003268c00 'java/lang/invoke/LambdaForm$DMH+0x00000fc003268c00'
Event: 21.562 Thread 0x0000ffff5820daa0 Unloading class 0x00000fc003268800 'java/lang/invoke/LambdaForm$DMH+0x00000fc003268800'
Event: 21.562 Thread 0x0000ffff5820daa0 Unloading class 0x00000fc003268400 'java/lang/invoke/LambdaForm$DMH+0x00000fc003268400'
Event: 21.562 Thread 0x0000ffff5820daa0 Unloading class 0x00000fc003261c00 'java/lang/invoke/LambdaForm$DMH+0x00000fc003261c00'
Event: 21.562 Thread 0x0000ffff5820daa0 Unloading class 0x00000fc003269000 'java/lang/invoke/LambdaForm$DMH+0x00000fc003269000'
Event: 21.562 Thread 0x0000ffff5820daa0 Unloading class 0x00000fc003268000 'java/lang/invoke/LambdaForm$DMH+0x00000fc003268000'
Event: 21.562 Thread 0x0000ffff5820daa0 Unloading class 0x00000fc003145000 'java/lang/invoke/LambdaForm$MH+0x00000fc003145000'
Event: 21.562 Thread 0x0000ffff5820daa0 Unloading class 0x00000fc003144c00 'java/lang/invoke/LambdaForm$DMH+0x00000fc003144c00'
Event: 24.419 Thread 0x0000ffff5820daa0 Unloading class 0x00000fc003860c00 'java/lang/invoke/LambdaForm$DMH+0x00000fc003860c00'

Classes redefined (0 events):
No events

Internal exceptions (20 events):
Event: 113.355 Thread 0x0000fffe342d48d0 Exception <a 'sun/nio/fs/UnixException'{0x000000073de04cf8}> (0x000000073de04cf8) 
thrown [src/hotspot/share/prims/jni.cpp, line 535]
Event: 113.356 Thread 0x0000fffe342d48d0 Exception <a 'sun/nio/fs/UnixException'{0x000000073de098c8}> (0x000000073de098c8) 
thrown [src/hotspot/share/prims/jni.cpp, line 535]
Event: 113.356 Thread 0x0000fffe200169f0 Exception <a 'sun/nio/fs/UnixException'{0x00000007ffef60c0}> (0x00000007ffef60c0) 
thrown [src/hotspot/share/prims/jni.cpp, line 535]
Event: 113.356 Thread 0x0000fffe14000ee0 Exception <a 'sun/nio/fs/UnixException'{0x000000073e062660}> (0x000000073e062660) 
thrown [src/hotspot/share/prims/jni.cpp, line 535]
Event: 113.356 Thread 0x0000fffe6c0c8630 Exception <a 'sun/nio/fs/UnixException'{0x000000073de176e8}> (0x000000073de176e8) 
thrown [src/hotspot/share/prims/jni.cpp, line 535]
Event: 113.356 Thread 0x0000fffe14008530 Exception <a 'sun/nio/fs/UnixException'{0x000000074430afd0}> (0x000000074430afd0) 
thrown [src/hotspot/share/prims/jni.cpp, line 535]
Event: 113.356 Thread 0x0000fffe200169f0 Exception <a 'sun/nio/fs/UnixException'{0x00000007ffef68d8}> (0x00000007ffef68d8) 
thrown [src/hotspot/share/prims/jni.cpp, line 535]
Event: 113.357 Thread 0x0000fffe14008530 Exception <a 'sun/nio/fs/UnixException'{0x000000074430b988}> (0x000000074430b988) 
thrown [src/hotspot/share/prims/jni.cpp, line 535]
Event: 113.358 Thread 0x0000fffe6c0c8630 Exception <a 'sun/nio/fs/UnixException'{0x000000073de18758}> (0x000000073de18758) 
thrown [src/hotspot/share/prims/jni.cpp, line 535]
Event: 113.358 Thread 0x0000fffe14008530 Exception <a 'sun/nio/fs/UnixException'{0x000000073df34ea0}> (0x000000073df34ea0) 
thrown [src/hotspot/share/prims/jni.cpp, line 535]
Event: 113.358 Thread 0x0000fffe14000ee0 Exception <a 'sun/nio/fs/UnixException'{0x000000073df47e18}> (0x000000073df47e18) 
thrown [src/hotspot/share/prims/jni.cpp, line 535]
Event: 113.358 Thread 0x0000fffe14008530 Exception <a 'sun/nio/fs/UnixException'{0x000000073df39958}> (0x000000073df39958) 
thrown [src/hotspot/share/prims/jni.cpp, line 535]
Event: 113.358 Thread 0x0000fffe0c001ff0 Exception <a 'sun/nio/fs/UnixException'{0x000000073e183018}> (0x000000073e183018) 
thrown [src/hotspot/share/prims/jni.cpp, line 535]
Event: 113.363 Thread 0x0000fffe14008530 Exception <a 'sun/nio/fs/UnixException'{0x000000073df3a128}> (0x000000073df3a128) 
thrown [src/hotspot/share/prims/jni.cpp, line 535]
Event: 113.365 Thread 0x0000fffe200169f0 Exception <a 'sun/nio/fs/UnixException'{0x00000007ffef7188}> (0x00000007ffef7188) 
thrown [src/hotspot/share/prims/jni.cpp, line 535]
Event: 113.370 Thread 0x0000fffe34316a70 Exception <a 'sun/nio/fs/UnixException'{0x000000073de7a9c8}> (0x000000073de7a9c8) 
thrown [src/hotspot/share/prims/jni.cpp, line 535]
Event: 113.371 Thread 0x0000fffe34316a70 Exception <a 'sun/nio/fs/UnixException'{0x000000073de7ac58}> (0x000000073de7ac58) 
thrown [src/hotspot/share/prims/jni.cpp, line 535]
Event: 113.371 Thread 0x0000fffe34316a70 Exception <a 'sun/nio/fs/UnixException'{0x000000073de7af08}> (0x000000073de7af08) 
thrown [src/hotspot/share/prims/jni.cpp, line 535]
Event: 113.426 Thread 0x0000ffff580316d0 Implicit null exception at 0x0000ffff4cef7898 to 0x0000ffff4cef7968
Event: 116.968 Thread 0x0000ffff580316d0 Exception <a 'sun/nio/fs/UnixException'{0x000000073cf078f8}> (0x000000073cf078f8) 
thrown [src/hotspot/share/prims/jni.cpp, line 535]

VM Operations (20 events):
Event: 101.711 Executing safepoint VM operation: G1TryInitiateConcMark (G1 Humongous Allocation) done
Event: 101.901 Executing safepoint VM operation: G1PauseRemark
Event: 101.906 Executing safepoint VM operation: G1PauseRemark done
Event: 101.984 Executing safepoint VM operation: G1PauseCleanup
Event: 101.986 Executing safepoint VM operation: G1PauseCleanup done
Event: 102.952 Executing safepoint VM operation: G1CollectForAllocation (G1 Evacuation Pause)
Event: 102.979 Executing safepoint VM operation: G1CollectForAllocation (G1 Evacuation Pause) done
Event: 104.395 Executing safepoint VM operation: G1CollectForAllocation (G1 Evacuation Pause)
Event: 104.433 Executing safepoint VM operation: G1CollectForAllocation (G1 Evacuation Pause) done
Event: 106.045 Executing safepoint VM operation: G1CollectForAllocation (G1 Evacuation Pause)
Event: 106.066 Executing safepoint VM operation: G1CollectForAllocation (G1 Evacuation Pause) done
Event: 106.274 Executing safepoint VM operation: G1PauseRemark
Event: 106.279 Executing safepoint VM operation: G1PauseRemark done
Event: 106.356 Executing safepoint VM operation: G1PauseCleanup
Event: 106.357 Executing safepoint VM operation: G1PauseCleanup done
Event: 107.470 Executing safepoint VM operation: G1CollectForAllocation (G1 Evacuation Pause)
Event: 107.509 Executing safepoint VM operation: G1CollectForAllocation (G1 Evacuation Pause) done
Event: 112.949 Executing safepoint VM operation: G1CollectForAllocation (G1 Evacuation Pause)
Event: 112.989 Executing safepoint VM operation: G1CollectForAllocation (G1 Evacuation Pause) done
Event: 116.968 Executing safepoint VM operation: Exit

Memory protections (20 events):
Event: 97.106 Protecting memory [0x0000ffff089e0000,0x0000ffff089ec000] with protection modes 0
Event: 97.106 Protecting memory [0x0000fffe48180000,0x0000fffe4818c000] with protection modes 0
Event: 99.220 Protecting memory [0x0000ffff089e0000,0x0000ffff089ec000] with protection modes 0
Event: 101.927 Protecting memory [0x0000ffff089e0000,0x0000ffff089ec000] with protection modes 0
Event: 102.904 Protecting memory [0x0000ffff089e0000,0x0000ffff089ec000] with protection modes 0
Event: 106.421 Protecting memory [0x0000ffff089e0000,0x0000ffff089ec000] with protection modes 0
Event: 106.421 Protecting memory [0x0000fffe48180000,0x0000fffe4818c000] with protection modes 0
Event: 111.244 Protecting memory [0x0000ffff089e0000,0x0000ffff089ec000] with protection modes 0
Event: 111.244 Protecting memory [0x0000fffe48180000,0x0000fffe4818c000] with protection modes 0
Event: 112.359 Protecting memory [0x0000ffff089e0000,0x0000ffff089ec000] with protection modes 0
Event: 112.359 Protecting memory [0x0000fffe48180000,0x0000fffe4818c000] with protection modes 0
Event: 112.847 Protecting memory [0x0000ffff089e0000,0x0000ffff089ec000] with protection modes 0
Event: 113.018 Protecting memory [0x0000fffe48180000,0x0000fffe4818c000] with protection modes 0
Event: 113.411 Protecting memory [0x0000ffff08be0000,0x0000ffff08bec000] with protection modes 0
Event: 116.844 Protecting memory [0x0000ffff08be0000,0x0000ffff08bec000] with protection modes 0
Event: 116.859 Protecting memory [0x0000ffff08be0000,0x0000ffff08bec000] with protection modes 0
Event: 116.898 Protecting memory [0x0000fffe48780000,0x0000fffe4878c000] with protection modes 0
Event: 116.965 Protecting memory [0x0000fffe29e88000,0x0000fffe29e94000] with protection modes 0
Event: 116.965 Protecting memory [0x0000fffe2a2a4000,0x0000fffe2a2b0000] with protection modes 0
Event: 116.965 Protecting memory [0x0000fffe48380000,0x0000fffe4838c000] with protection modes 0

Nmethod flushes (20 events):
Event: 106.277 Thread 0x0000ffff5820daa0 flushing  nmethod 0x0000ffff4d3ea508
Event: 106.277 Thread 0x0000ffff5820daa0 flushing  nmethod 0x0000ffff4d8f2808
Event: 106.277 Thread 0x0000ffff5820daa0 flushing  nmethod 0x0000ffff45061348
Event: 106.277 Thread 0x0000ffff5820daa0 flushing  nmethod 0x0000ffff4515f988
Event: 106.277 Thread 0x0000ffff5820daa0 flushing  nmethod 0x0000ffff452407c8
Event: 106.277 Thread 0x0000ffff5820daa0 flushing  nmethod 0x0000ffff4531abc8
Event: 106.277 Thread 0x0000ffff5820daa0 flushing  nmethod 0x0000ffff4551f848
Event: 106.277 Thread 0x0000ffff5820daa0 flushing  nmethod 0x0000ffff45525d48
Event: 106.277 Thread 0x0000ffff5820daa0 flushing  nmethod 0x0000ffff4552abc8
Event: 106.277 Thread 0x0000ffff5820daa0 flushing  nmethod 0x0000ffff4558d9c8
Event: 106.277 Thread 0x0000ffff5820daa0 flushing  nmethod 0x0000ffff45c32d88
Event: 106.277 Thread 0x0000ffff5820daa0 flushing  nmethod 0x0000ffff45cc8348
Event: 106.277 Thread 0x0000ffff5820daa0 flushing  nmethod 0x0000ffff46455d48
Event: 106.277 Thread 0x0000ffff5820daa0 flushing  nmethod 0x0000ffff467149c8
Event: 106.277 Thread 0x0000ffff5820daa0 flushing  nmethod 0x0000ffff46bccac8
Event: 106.277 Thread 0x0000ffff5820daa0 flushing  nmethod 0x0000ffff46e59fc8
Event: 106.277 Thread 0x0000ffff5820daa0 flushing  nmethod 0x0000ffff46e63f08
Event: 106.277 Thread 0x0000ffff5820daa0 flushing  nmethod 0x0000ffff45130b88
Event: 106.277 Thread 0x0000ffff5820daa0 flushing  nmethod 0x0000ffff45c1b588
Event: 106.277 Thread 0x0000ffff5820daa0 flushing  nmethod 0x0000ffff46606f88

Events (20 events):
Event: 116.885 Thread 0x0000ffff5b7fa9d0 Thread exited: 0x0000ffff5b7fa9d0
Event: 116.885 Thread 0x0000fffe600150e0 Thread exited: 0x0000fffe600150e0
Event: 116.886 Thread 0x0000ffff5b7f9c30 Thread exited: 0x0000ffff5b7f9c30
Event: 116.890 Thread 0x0000ffff5b7c33d0 Thread exited: 0x0000ffff5b7c33d0
Event: 116.891 Thread 0x0000fffe0c001ff0 Thread exited: 0x0000fffe0c001ff0
Event: 116.891 Thread 0x0000fffe6c0c8630 Thread exited: 0x0000fffe6c0c8630
Event: 116.891 Thread 0x0000fffedc1e58f0 Thread exited: 0x0000fffedc1e58f0
Event: 116.891 Thread 0x0000fffe14000ee0 Thread exited: 0x0000fffe14000ee0
Event: 116.891 Thread 0x0000fffe342d48d0 Thread exited: 0x0000fffe342d48d0
Event: 116.892 Thread 0x0000fffe14008530 Thread exited: 0x0000fffe14008530
Event: 116.895 Thread 0x0000fffe140057c0 Thread exited: 0x0000fffe140057c0
Event: 116.895 Thread 0x0000fffe200169f0 Thread exited: 0x0000fffe200169f0
Event: 116.898 Thread 0x0000ffff58222c40 Thread added: 0x0000fffef18afb00
Event: 116.965 Thread 0x0000ffff580316d0 Thread added: 0x0000fffe340d1930
Event: 116.965 Thread 0x0000ffff580316d0 Thread added: 0x0000fffe34209170
Event: 116.965 Thread 0x0000ffff580316d0 Thread added: 0x0000fffe34115500
Event: 116.965 Thread 0x0000fffe340d1930 Thread exited: 0x0000fffe340d1930
Event: 116.965 Thread 0x0000fffe34209170 Thread exited: 0x0000fffe34209170
Event: 116.967 Thread 0x0000fffe34115500 Thread exited: 0x0000fffe34115500
Event: 116.968 Thread 0x0000ffff580316d0 Before exit entered


Dynamic libraries:
70f800000-767a00000 rw-p 00000000 00:00 0 
767a00000-7f9c00000 ---p 00000000 00:00 0 
7f9c00000-7ffc00000 rw-p 00000000 00:00 0 
7ffc00000-7ffe50000 rw-p 01d70000 00:25 8789750                          /home/anguscrump/.jdks/jbr-25.0.3/lib/server/classes.jsa
7ffe50000-800000000 rw-p 00000000 00:00 0 
fc000000000-fc000010000 ---p 00000000 00:00 0 
fc000010000-fc001d00000 rw-p 00010000 00:25 8789750                      /home/anguscrump/.jdks/jbr-25.0.3/lib/server/classes.jsa
fc001d00000-fc002000000 ---p 00000000 00:00 0 
fc002000000-fc002040000 rw-p 00000000 00:00 0 
fc002040000-fc0020e0000 rw-p 00000000 00:00 0 
fc0020e0000-fc002e40000 rw-p 00000000 00:00 0 
fc002e40000-fc002e80000 rw-p 00000000 00:00 0 
fc002e80000-fc003160000 rw-p 00000000 00:00 0 
fc003160000-fc003180000 rw-p 00000000 00:00 0 
fc003180000-fc0035c0000 rw-p 00000000 00:00 0 
fc0035c0000-fc0035d0000 rw-p 00000000 00:00 0 
fc0035d0000-fc003600000 ---p 00000000 00:00 0 
fc003600000-fc003940000 rw-p 00000000 00:00 0 
fc003940000-fc042000000 ---p 00000000 00:00 0 
aaaaccba0000-aaaaccba4000 r-xp 00000000 00:25 8789212                    /home/anguscrump/.jdks/jbr-25.0.3/bin/java
aaaaccbbc000-aaaaccbc0000 r--p 0000c000 00:25 8789212                    /home/anguscrump/.jdks/jbr-25.0.3/bin/java
aaaaccbc0000-aaaaccbc4000 rw-p 00010000 00:25 8789212                    /home/anguscrump/.jdks/jbr-25.0.3/bin/java
aaaad99f4000-aaaad9c00000 rw-p 00000000 00:00 0                          [heap]
fffdd0b80000-fffdd1000000 rw-p 00000000 00:00 0 
fffdeb000000-fffdf4000000 rw-p 00000000 00:00 0 
fffdf4000000-fffdf4200000 rw-p 00000000 00:00 0 
fffdf4200000-fffdf8000000 ---p 00000000 00:00 0 
fffdf8000000-fffdf8200000 rw-p 00000000 00:00 0 
fffdf8200000-fffdfc000000 ---p 00000000 00:00 0 
fffdfc000000-fffdfc200000 rw-p 00000000 00:00 0 
fffdfc200000-fffe00000000 ---p 00000000 00:00 0 
fffe00000000-fffe00200000 rw-p 00000000 00:00 0 
fffe00200000-fffe04000000 ---p 00000000 00:00 0 
fffe04000000-fffe04200000 rw-p 00000000 00:00 0 
fffe04200000-fffe08000000 ---p 00000000 00:00 0 
fffe08000000-fffe08200000 rw-p 00000000 00:00 0 
fffe08200000-fffe0c000000 ---p 00000000 00:00 0 
fffe0c000000-fffe0c200000 rw-p 00000000 00:00 0 
fffe0c200000-fffe10000000 ---p 00000000 00:00 0 
fffe10000000-fffe10200000 rw-p 00000000 00:00 0 
fffe10200000-fffe10a00000 rw-p 00000000 00:00 0 
fffe10a00000-fffe14000000 ---p 00000000 00:00 0 
fffe14000000-fffe14200000 rw-p 00000000 00:00 0 
fffe14200000-fffe18000000 ---p 00000000 00:00 0 
fffe18000000-fffe18200000 rw-p 00000000 00:00 0 
fffe18200000-fffe1c000000 ---p 00000000 00:00 0 
fffe1c000000-fffe1c200000 rw-p 00000000 00:00 0 
fffe1c200000-fffe1e400000 rw-p 00000000 00:00 0 
fffe1e400000-fffe20000000 ---p 00000000 00:00 0 
fffe20000000-fffe20200000 rw-p 00000000 00:00 0 
fffe20200000-fffe24000000 ---p 00000000 00:00 0 
fffe24000000-fffe24200000 rw-p 00000000 00:00 0 
fffe24200000-fffe28000000 ---p 00000000 00:00 0 
fffe28030000-fffe28230000 rw-p 00000000 00:00 0 
fffe29688000-fffe29694000 ---p 00000000 00:00 0 
fffe29694000-fffe29888000 rw-p 00000000 00:00 0 
fffe29888000-fffe29894000 ---p 00000000 00:00 0 
fffe29894000-fffe29a88000 rw-p 00000000 00:00 0 
fffe29a88000-fffe29a94000 ---p 00000000 00:00 0 
fffe29a94000-fffe29c88000 rw-p 00000000 00:00 0 
fffe29c88000-fffe29c94000 ---p 00000000 00:00 0 
fffe29c94000-fffe29e88000 rw-p 00000000 00:00 0 
fffe29e88000-fffe29e94000 ---p 00000000 00:00 0 
fffe29e94000-fffe2a088000 rw-p 00000000 00:00 0 
fffe2a088000-fffe2a094000 ---p 00000000 00:00 0 
fffe2a094000-fffe2a288000 rw-p 00000000 00:00 0 
fffe2a2a4000-fffe2a2b0000 ---p 00000000 00:00 0 
fffe2a2b0000-fffe2a4a4000 rw-p 00000000 00:00 0 
fffe30000000-fffe30200000 rw-p 00000000 00:00 0 
fffe30200000-fffe34000000 ---p 00000000 00:00 0 
fffe34000000-fffe34200000 rw-p 00000000 00:00 0 
fffe34200000-fffe34800000 rw-p 00000000 00:00 0 
fffe34800000-fffe38000000 ---p 00000000 00:00 0 
fffe38000000-fffe38200000 rw-p 00000000 00:00 0 
fffe38200000-fffe3c000000 ---p 00000000 00:00 0 
fffe40000000-fffe40200000 rw-p 00000000 00:00 0 
fffe40200000-fffe40400000 rw-p 00000000 00:00 0 
fffe40400000-fffe44000000 ---p 00000000 00:00 0 
fffe44000000-fffe44200000 rw-p 00000000 00:00 0 
fffe44200000-fffe48000000 ---p 00000000 00:00 0 
fffe48380000-fffe4838c000 ---p 00000000 00:00 0 
fffe4838c000-fffe48580000 rw-p 00000000 00:00 0 
fffe48580000-fffe4858c000 ---p 00000000 00:00 0 
fffe4858c000-fffe48780000 rw-p 00000000 00:00 0 
fffe48780000-fffe4878c000 ---p 00000000 00:00 0 
fffe4878c000-fffe48980000 rw-p 00000000 00:00 0 
fffe48980000-fffe4898c000 ---p 00000000 00:00 0 
fffe4898c000-fffe48b80000 rw-p 00000000 00:00 0 
fffe48d80000-fffe4b200000 rw-p 00000000 00:00 0 
fffe4b580000-fffe4c000000 rw-p 00000000 00:00 0 
fffe4c000000-fffe4c200000 rw-p 00000000 00:00 0 
fffe4c200000-fffe50000000 ---p 00000000 00:00 0 
fffe50080000-fffe50a00000 rw-p 00000000 00:00 0 
fffe50a80000-fffe53c00000 rw-p 00000000 00:00 0 
fffe54000000-fffe54200000 rw-p 00000000 00:00 0 
fffe54200000-fffe58000000 ---p 00000000 00:00 0 
fffe58000000-fffe58200000 rw-p 00000000 00:00 0 
fffe58200000-fffe5c000000 ---p 00000000 00:00 0 
fffe5c000000-fffe5c200000 rw-p 00000000 00:00 0 
fffe5c200000-fffe60000000 ---p 00000000 00:00 0 
fffe60000000-fffe60200000 rw-p 00000000 00:00 0 
fffe60200000-fffe64000000 ---p 00000000 00:00 0 
fffe64000000-fffe64200000 rw-p 00000000 00:00 0 
fffe64200000-fffe68000000 ---p 00000000 00:00 0 
fffe68000000-fffe68200000 rw-p 00000000 00:00 0 
fffe68200000-fffe6c000000 ---p 00000000 00:00 0 
fffe6c000000-fffe6c200000 rw-p 00000000 00:00 0 
fffe6c200000-fffe70000000 ---p 00000000 00:00 0 
fffe70100000-fffe70b80000 rw-p 00000000 00:00 0 
fffe70d80000-fffe71400000 rw-p 00000000 00:00 0 
fffe71580000-fffe72800000 rw-p 00000000 00:00 0 
fffe72f50000-fffe72fe0000 r-xp 00000000 00:25 3200165                    /usr/lib64/libflite_cmulex.so.2.2
fffe72fe0000-fffe72fec000 ---p 00090000 00:25 3200165                    /usr/lib64/libflite_cmulex.so.2.2
fffe72fec000-fffe72ff0000 r--p 0008c000 00:25 3200165                    /usr/lib64/libflite_cmulex.so.2.2
fffe72ff0000-fffe72ff4000 rw-p 00000000 00:00 0 
fffe73000000-fffe733c8000 r-xp 00000000 00:25 3200159                    /usr/lib64/libflite_cmu_us_kal16.so.2.2
fffe733c8000-fffe733d8000 ---p 003c8000 00:25 3200159                    /usr/lib64/libflite_cmu_us_kal16.so.2.2
fffe733d8000-fffe733e0000 r--p 003c8000 00:25 3200159                    /usr/lib64/libflite_cmu_us_kal16.so.2.2
fffe733e0000-fffe733e4000 rw-p 003d0000 00:25 3200159                    /usr/lib64/libflite_cmu_us_kal16.so.2.2
fffe733f0000-fffe73434000 r-xp 00000000 00:25 3101837                    /usr/lib64/libmp3lame.so.0.0.0
fffe73434000-fffe7344c000 ---p 00044000 00:25 3101837                    /usr/lib64/libmp3lame.so.0.0.0
fffe7344c000-fffe73450000 r--p 0004c000 00:25 3101837                    /usr/lib64/libmp3lame.so.0.0.0
fffe73450000-fffe73480000 rw-p 00000000 00:00 0 
fffe73490000-fffe734e0000 r-xp 00000000 00:25 3105171                    /usr/lib64/libmpg123.so.0.48.3
fffe734e0000-fffe734ec000 ---p 00050000 00:25 3105171                    /usr/lib64/libmpg123.so.0.48.3
fffe734ec000-fffe734f0000 r--p 0004c000 00:25 3105171                    /usr/lib64/libmpg123.so.0.48.3
fffe734f0000-fffe734f4000 rw-p 00050000 00:25 3105171                    /usr/lib64/libmpg123.so.0.48.3
fffe73500000-fffe7c000000 rw-p 00000000 00:00 0 
fffe7c000000-fffe7c200000 rw-p 00000000 00:00 0 
fffe7c200000-fffe80000000 ---p 00000000 00:00 0 
fffe80000000-fffe80200000 rw-p 00000000 00:00 0 
fffe80200000-fffe84000000 ---p 00000000 00:00 0 
fffe84000000-fffe84200000 rw-p 00000000 00:00 0 
fffe84200000-fffe84600000 rw-p 00000000 00:00 0 
fffe84600000-fffe88000000 ---p 00000000 00:00 0 
fffe88030000-fffe88040000 r-xp 00000000 00:25 3200167                    /usr/lib64/libflite_usenglish.so.2.2
fffe88040000-fffe88044000 ---p 00010000 00:25 3200167                    /usr/lib64/libflite_usenglish.so.2.2
fffe88044000-fffe88050000 r--p 00014000 00:25 3200167                    /usr/lib64/libflite_usenglish.so.2.2
fffe88050000-fffe88054000 rw-p 00000000 00:00 0 
fffe88060000-fffe88068000 r-xp 00000000 00:25 3101183                    /usr/lib64/libogg.so.0.8.6
fffe88068000-fffe8807c000 ---p 00008000 00:25 3101183                    /usr/lib64/libogg.so.0.8.6
fffe8807c000-fffe88080000 r--p 0000c000 00:25 3101183                    /usr/lib64/libogg.so.0.8.6
fffe88080000-fffe88084000 rw-p 00000000 00:00 0 
fffe88090000-fffe880f8000 r-xp 00000000 00:25 3101166                    /usr/lib64/libopus.so.0.11.0
fffe880f8000-fffe8810c000 ---p 00068000 00:25 3101166                    /usr/lib64/libopus.so.0.11.0
fffe8810c000-fffe88110000 r--p 0006c000 00:25 3101166                    /usr/lib64/libopus.so.0.11.0
fffe88110000-fffe88114000 rw-p 00000000 00:00 0 
fffe88120000-fffe88198000 r-xp 00000000 00:25 3101194                    /usr/lib64/libvorbisenc.so.2.0.12
fffe88198000-fffe881a8000 ---p 00078000 00:25 3101194                    /usr/lib64/libvorbisenc.so.2.0.12
fffe881a8000-fffe881c0000 r--p 00078000 00:25 3101194                    /usr/lib64/libvorbisenc.so.2.0.12
fffe881c0000-fffe881c4000 rw-p 00090000 00:25 3101194                    /usr/lib64/libvorbisenc.so.2.0.12
fffe881d0000-fffe881fc000 r-xp 00000000 00:25 3101192                    /usr/lib64/libvorbis.so.0.4.9
fffe881fc000-fffe8820c000 ---p 0002c000 00:25 3101192                    /usr/lib64/libvorbis.so.0.4.9
fffe8820c000-fffe88210000 r--p 0002c000 00:25 3101192                    /usr/lib64/libvorbis.so.0.4.9
fffe88210000-fffe88214000 rw-p 00000000 00:00 0 
fffe88220000-fffe88260000 r-xp 00000000 00:25 3101748                    /usr/lib64/libFLAC.so.14.0.0
fffe88260000-fffe8826c000 ---p 00040000 00:25 3101748                    /usr/lib64/libFLAC.so.14.0.0
fffe8826c000-fffe88270000 r--p 0004c000 00:25 3101748                    /usr/lib64/libFLAC.so.14.0.0
fffe88270000-fffe88274000 rw-p 00050000 00:25 3101748                    /usr/lib64/libFLAC.so.14.0.0
fffe88280000-fffe8828c000 r-xp 00000000 00:25 3104966                    /usr/lib64/libgsm.so.1.0.24
fffe8828c000-fffe8829c000 ---p 0000c000 00:25 3104966                    /usr/lib64/libgsm.so.1.0.24
fffe8829c000-fffe882a0000 r--p 0000c000 00:25 3104966                    /usr/lib64/libgsm.so.1.0.24
fffe882a0000-fffe882a4000 rw-p 00010000 00:25 3104966                    /usr/lib64/libgsm.so.1.0.24
fffe882b0000-fffe882b8000 r-xp 00000000 00:25 3200036                    /usr/lib64/libasyncns.so.0.3.1
fffe882b8000-fffe882cc000 ---p 00008000 00:25 3200036                    /usr/lib64/libasyncns.so.0.3.1
fffe882cc000-fffe882d0000 r--p 0000c000 00:25 3200036                    /usr/lib64/libasyncns.so.0.3.1
fffe882d0000-fffe882d4000 rw-p 00000000 00:00 0 
fffe882e0000-fffe88358000 r-xp 00000000 00:25 3105180                    /usr/lib64/libsndfile.so.1.0.37
fffe88358000-fffe8836c000 ---p 00078000 00:25 3105180                    /usr/lib64/libsndfile.so.1.0.37
fffe8836c000-fffe88370000 r--p 0007c000 00:25 3105180                    /usr/lib64/libsndfile.so.1.0.37
fffe88370000-fffe88374000 rw-p 00080000 00:25 3105180                    /usr/lib64/libsndfile.so.1.0.37
fffe88380000-fffe883fc000 r-xp 00000000 00:25 3200048                    /usr/lib64/pulseaudio/libpulsecommon-17.0.so
fffe883fc000-fffe8840c000 ---p 0007c000 00:25 3200048                    /usr/lib64/pulseaudio/libpulsecommon-17.0.so
fffe8840c000-fffe88410000 r--p 0007c000 00:25 3200048                    /usr/lib64/pulseaudio/libpulsecommon-17.0.so
fffe88410000-fffe88414000 rw-p 00080000 00:25 3200048                    /usr/lib64/pulseaudio/libpulsecommon-17.0.so
fffe88420000-fffe8846c000 r-xp 00000000 00:25 3200047                    /usr/lib64/libpulse.so.0.24.3
fffe8846c000-fffe8847c000 ---p 0004c000 00:25 3200047                    /usr/lib64/libpulse.so.0.24.3
fffe8847c000-fffe88480000 r--p 0004c000 00:25 3200047                    /usr/lib64/libpulse.so.0.24.3
fffe88480000-fffe88484000 rw-p 00050000 00:25 3200047                    /usr/lib64/libpulse.so.0.24.3
fffe88490000-fffe88494000 r-xp 00000000 00:25 3200045                    /usr/lib64/libpulse-simple.so.0.1.1
fffe88494000-fffe884ac000 ---p 00004000 00:25 3200045                    /usr/lib64/libpulse-simple.so.0.1.1
fffe884ac000-fffe884b0000 r--p 0000c000 00:25 3200045                    /usr/lib64/libpulse-simple.so.0.1.1
fffe884b0000-fffe884b4000 rw-p 00000000 00:00 0 
fffe884c0000-fffe884fc000 r-xp 00000000 00:25 3200143                    /usr/lib64/libflite.so.2.2
fffe884fc000-fffe8850c000 ---p 0003c000 00:25 3200143                    /usr/lib64/libflite.so.2.2
fffe8850c000-fffe88510000 r--p 0003c000 00:25 3200143                    /usr/lib64/libflite.so.2.2
fffe88510000-fffe88514000 rw-p 00040000 00:25 3200143                    /usr/lib64/libflite.so.2.2
fffe88650000-fffe89150000 rw-p 00000000 00:00 0 
fffe89150000-fffe89960000 rw-p 00000000 00:00 0 
fffe89960000-fffe89984000 r-xp 00000000 00:25 3826951                    /usr/lib64/pipewire-0.3/libpipewire-module-session-manager.so
fffe89984000-fffe8999c000 ---p 00024000 00:25 3826951                    /usr/lib64/pipewire-0.3/libpipewire-module-session-manager.so
fffe8999c000-fffe899a0000 r--p 0002c000 00:25 3826951                    /usr/lib64/pipewire-0.3/libpipewire-module-session-manager.so
fffe899a0000-fffe899a4000 rw-p 00000000 00:00 0 
fffe899b0000-fffe899bc000 r-xp 00000000 00:25 3826933                    /usr/lib64/pipewire-0.3/libpipewire-module-metadata.so
fffe899bc000-fffe899cc000 ---p 0000c000 00:25 3826933                    /usr/lib64/pipewire-0.3/libpipewire-module-metadata.so
fffe899cc000-fffe899d0000 r--p 0000c000 00:25 3826933                    /usr/lib64/pipewire-0.3/libpipewire-module-metadata.so
fffe899d0000-fffe899d4000 rw-p 00010000 00:25 3826933                    /usr/lib64/pipewire-0.3/libpipewire-module-metadata.so
fffe899e0000-fffe899e8000 r-xp 00000000 00:25 3826923                    /usr/lib64/pipewire-0.3/libpipewire-module-adapter.so
fffe899e8000-fffe899fc000 ---p 00008000 00:25 3826923                    /usr/lib64/pipewire-0.3/libpipewire-module-adapter.so
fffe899fc000-fffe89a00000 r--p 0000c000 00:25 3826923                    /usr/lib64/pipewire-0.3/libpipewire-module-adapter.so
fffe89a00000-fffe89a04000 rw-p 00010000 00:25 3826923                    /usr/lib64/pipewire-0.3/libpipewire-module-adapter.so
fffe89a10000-fffe89a20000 r-xp 00000000 00:25 3826925                    /usr/lib64/pipewire-0.3/libpipewire-module-client-device.so
fffe89a20000-fffe89a2c000 ---p 00010000 00:25 3826925                    /usr/lib64/pipewire-0.3/libpipewire-module-client-device.so
fffe89a2c000-fffe89a30000 r--p 0000c000 00:25 3826925                    /usr/lib64/pipewire-0.3/libpipewire-module-client-device.so
fffe89a30000-fffe89a34000 rw-p 00010000 00:25 3826925                    /usr/lib64/pipewire-0.3/libpipewire-module-client-device.so
fffe89a40000-fffe89a64000 r-xp 00000000 00:25 3826926                    /usr/lib64/pipewire-0.3/libpipewire-module-client-node.so
fffe89a64000-fffe89a7c000 ---p 00024000 00:25 3826926                    /usr/lib64/pipewire-0.3/libpipewire-module-client-node.so
fffe89a7c000-fffe89a80000 r--p 0002c000 00:25 3826926                    /usr/lib64/pipewire-0.3/libpipewire-module-client-node.so
fffe89a80000-fffe89a84000 rw-p 00030000 00:25 3826926                    /usr/lib64/pipewire-0.3/libpipewire-module-client-node.so
fffe89a90000-fffe89b2c000 r-xp 00000000 00:25 3099166                    /usr/lib64/libpcre2-8.so.0.15.0
fffe89b2c000-fffe89b3c000 ---p 0009c000 00:25 3099166                    /usr/lib64/libpcre2-8.so.0.15.0
fffe89b3c000-fffe89b40000 r--p 0009c000 00:25 3099166                    /usr/lib64/libpcre2-8.so.0.15.0
fffe89b40000-fffe89b44000 rw-p 000a0000 00:25 3099166                    /usr/lib64/libpcre2-8.so.0.15.0
fffe89b50000-fffe89b80000 r-xp 00000000 00:25 3102648                    /usr/lib64/libselinux.so.1
fffe89b80000-fffe89b8c000 ---p 00030000 00:25 3102648                    /usr/lib64/libselinux.so.1
fffe89b8c000-fffe89b90000 r--p 0002c000 00:25 3102648                    /usr/lib64/libselinux.so.1
fffe89b90000-fffe89b94000 rw-p 00030000 00:25 3102648                    /usr/lib64/libselinux.so.1
fffe89ba0000-fffe89bcc000 r-xp 00000000 00:25 3826940                    /usr/lib64/pipewire-0.3/libpipewire-module-protocol-native.so
fffe89bcc000-fffe89bd4000 ---p 0002c000 00:25 3826940                    /usr/lib64/pipewire-0.3/libpipewire-module-protocol-native.so
fffe89bd4000-fffe89be0000 r--p 00034000 00:25 3826940                    /usr/lib64/pipewire-0.3/libpipewire-module-protocol-native.so
fffe89be0000-fffe89be4000 rw-p 00040000 00:25 3826940                    /usr/lib64/pipewire-0.3/libpipewire-module-protocol-native.so
fffe89bf0000-fffe8a400000 rw-p 00000000 00:00 0 
fffe8a400000-fffe8a408000 r-xp 00000000 00:25 3826945                    /usr/lib64/pipewire-0.3/libpipewire-module-rt.so
fffe8a408000-fffe8a41c000 ---p 00008000 00:25 3826945                    /usr/lib64/pipewire-0.3/libpipewire-module-rt.so
fffe8a41c000-fffe8a420000 r--p 0000c000 00:25 3826945                    /usr/lib64/pipewire-0.3/libpipewire-module-rt.so
fffe8a420000-fffe8a424000 rw-p 00010000 00:25 3826945                    /usr/lib64/pipewire-0.3/libpipewire-module-rt.so
fffe8a430000-fffe8a484000 r-xp 00000000 00:25 3098658                    /usr/lib64/libdbus-1.so.3.38.3
fffe8a484000-fffe8a49c000 ---p 00054000 00:25 3098658                    /usr/lib64/libdbus-1.so.3.38.3
fffe8a49c000-fffe8a4a0000 r--p 0005c000 00:25 3098658                    /usr/lib64/libdbus-1.so.3.38.3
fffe8a4a0000-fffe8a4a4000 rw-p 00060000 00:25 3098658                    /usr/lib64/libdbus-1.so.3.38.3
fffe8a4b0000-fffe8a4b8000 r-xp 00000000 00:25 3826985                    /usr/lib64/spa-0.2/support/libspa-dbus.so
fffe8a4b8000-fffe8a4cc000 ---p 00008000 00:25 3826985                    /usr/lib64/spa-0.2/support/libspa-dbus.so
fffe8a4cc000-fffe8a4d0000 r--p 0000c000 00:25 3826985                    /usr/lib64/spa-0.2/support/libspa-dbus.so
fffe8a4d0000-fffe8a4d4000 rw-p 00010000 00:25 3826985                    /usr/lib64/spa-0.2/support/libspa-dbus.so
fffe8a4e0000-fffe8a5fc000 r-xp 00000000 00:25 3098609                    /usr/lib64/libsystemd.so.0.42.0
fffe8a5fc000-fffe8a604000 ---p 0011c000 00:25 3098609                    /usr/lib64/libsystemd.so.0.42.0
fffe8a604000-fffe8a610000 r--p 00124000 00:25 3098609                    /usr/lib64/libsystemd.so.0.42.0
fffe8a610000-fffe8a614000 rw-p 00130000 00:25 3098609                    /usr/lib64/libsystemd.so.0.42.0
fffe8a620000-fffe8a624000 r-xp 00000000 00:25 3826986                    /usr/lib64/spa-0.2/support/libspa-journal.so
fffe8a624000-fffe8a63c000 ---p 00004000 00:25 3826986                    /usr/lib64/spa-0.2/support/libspa-journal.so
fffe8a63c000-fffe8a640000 r--p 0000c000 00:25 3826986                    /usr/lib64/spa-0.2/support/libspa-journal.so
fffe8a640000-fffe8a644000 rw-p 00010000 00:25 3826986                    /usr/lib64/spa-0.2/support/libspa-journal.so
fffe8a650000-fffe8a674000 r-xp 00000000 00:25 3826987                    /usr/lib64/spa-0.2/support/libspa-support.so
fffe8a674000-fffe8a688000 ---p 00024000 00:25 3826987                    /usr/lib64/spa-0.2/support/libspa-support.so
fffe8a688000-fffe8a690000 r--p 00028000 00:25 3826987                    /usr/lib64/spa-0.2/support/libspa-support.so
fffe8a690000-fffe8a694000 rw-p 00030000 00:25 3826987                    /usr/lib64/spa-0.2/support/libspa-support.so
fffe8a6a0000-fffe8a74c000 r-xp 00000000 00:25 3826921                    /usr/lib64/libpipewire-0.3.so.0.1605.0
fffe8a74c000-fffe8a754000 ---p 000ac000 00:25 3826921                    /usr/lib64/libpipewire-0.3.so.0.1605.0
fffe8a754000-fffe8a770000 r--p 000b4000 00:25 3826921                    /usr/lib64/libpipewire-0.3.so.0.1605.0
fffe8a770000-fffe8a774000 rw-p 000d0000 00:25 3826921                    /usr/lib64/libpipewire-0.3.so.0.1605.0
fffe8a780000-fffe8a914000 r-xp 00000000 00:2b 2584                       /tmp/lwjgl_anguscrump/3.4.1-snapshot/arm64/libopenal.so
fffe8a914000-fffe8a920000 ---p 00194000 00:2b 2584                       /tmp/lwjgl_anguscrump/3.4.1-snapshot/arm64/libopenal.so
fffe8a920000-fffe8a92c000 r--p 00190000 00:2b 2584                       /tmp/lwjgl_anguscrump/3.4.1-snapshot/arm64/libopenal.so
fffe8a92c000-fffe8a930000 rw-p 0019c000 00:2b 2584                       /tmp/lwjgl_anguscrump/3.4.1-snapshot/arm64/libopenal.so
fffe8a930000-fffe8aa14000 rw-p 00000000 00:00 0 
fffe8ab20000-fffe8ada0000 rw-p 00000000 00:00 0 
fffe8ada0000-fffe8ae1c000 r-xp 00000000 00:2b 2583                       /tmp/lwjgl_anguscrump/3.4.1-snapshot/arm64/liblwjgl_stb.so
fffe8ae1c000-fffe8ae28000 ---p 0007c000 00:2b 2583                       /tmp/lwjgl_anguscrump/3.4.1-snapshot/arm64/liblwjgl_stb.so
fffe8ae28000-fffe8ae2c000 r--p 00078000 00:2b 2583                       /tmp/lwjgl_anguscrump/3.4.1-snapshot/arm64/liblwjgl_stb.so
fffe8ae2c000-fffe8ae30000 rw-p 0007c000 00:2b 2583                       /tmp/lwjgl_anguscrump/3.4.1-snapshot/arm64/liblwjgl_stb.so
fffe8ae40000-fffe8ae50000 r-xp 00000000 00:25 3115554                    /usr/lib64/libEGL.so.1.1.0
fffe8ae50000-fffe8ae5c000 ---p 00010000 00:25 3115554                    /usr/lib64/libEGL.so.1.1.0
fffe8ae5c000-fffe8ae60000 r--p 0000c000 00:25 3115554                    /usr/lib64/libEGL.so.1.1.0
fffe8ae60000-fffe8ae64000 rw-p 00010000 00:25 3115554                    /usr/lib64/libEGL.so.1.1.0
fffe8ae70000-fffe8aec8000 r-xp 00000000 00:2b 2582                       /tmp/lwjgl_anguscrump/3.4.1-snapshot/arm64/liblwjgl_opengl.so
fffe8aec8000-fffe8aed8000 ---p 00058000 00:2b 2582                       /tmp/lwjgl_anguscrump/3.4.1-snapshot/arm64/liblwjgl_opengl.so
fffe8aed8000-fffe8aedc000 rw-p 00058000 00:2b 2582                       /tmp/lwjgl_anguscrump/3.4.1-snapshot/arm64/liblwjgl_opengl.so
fffe8b32c000-fffe8bb3c000 rw-p 00000000 00:00 0 
fffe8bd40000-fffe8bd70000 r-xp 00000000 00:25 3098672                    /usr/lib64/liblzma.so.5.8.2
fffe8bd70000-fffe8bd7c000 ---p 00030000 00:25 3098672                    /usr/lib64/liblzma.so.5.8.2
fffe8bd7c000-fffe8bd80000 r--p 0003c000 00:25 3098672                    /usr/lib64/liblzma.so.5.8.2
fffe8bd80000-fffe8bd84000 rw-p 00000000 00:00 0 
fffe8bd90000-fffe8bdb8000 r-xp 00000000 00:25 3098080                    /usr/lib64/libtinfo.so.6.6
fffe8bdb8000-fffe8bdcc000 ---p 00028000 00:25 3098080                    /usr/lib64/libtinfo.so.6.6
fffe8bdcc000-fffe8bdd0000 r--p 0002c000 00:25 3098080                    /usr/lib64/libtinfo.so.6.6
fffe8bdd0000-fffe8bdd4000 rw-p 00030000 00:25 3098080                    /usr/lib64/libtinfo.so.6.6
fffe8bde0000-fffe8bf3c000 r-xp 00000000 00:25 3098680                    /usr/lib64/libxml2.so.2.12.10
fffe8bf3c000-fffe8bf44000 ---p 0015c000 00:25 3098680                    /usr/lib64/libxml2.so.2.12.10
fffe8bf44000-fffe8bf50000 r--p 00164000 00:25 3098680                    /usr/lib64/libxml2.so.2.12.10
fffe8bf50000-fffe8bf54000 rw-p 00170000 00:25 3098680                    /usr/lib64/libxml2.so.2.12.10
fffe8bf60000-fffe8bf94000 r-xp 00000000 00:25 3859435                    /usr/lib64/libedit.so.0.0.78
fffe8bf94000-fffe8bfac000 ---p 00034000 00:25 3859435                    /usr/lib64/libedit.so.0.0.78
fffe8bfac000-fffe8bfb0000 r--p 0003c000 00:25 3859435                    /usr/lib64/libedit.so.0.0.78
fffe8bfb0000-fffe8bfb4000 rw-p 00040000 00:25 3859435                    /usr/lib64/libedit.so.0.0.78
fffe8bfc0000-fffe8bfd8000 r-xp 00000000 00:25 3099018                    /usr/lib64/libffi.so.8.2.0
fffe8bfd8000-fffe8bfec000 ---p 00018000 00:25 3099018                    /usr/lib64/libffi.so.8.2.0
fffe8bfec000-fffe8bff0000 r--p 0001c000 00:25 3099018                    /usr/lib64/libffi.so.8.2.0
fffe8bff0000-fffe8bff4000 rw-p 00020000 00:25 3099018                    /usr/lib64/libffi.so.8.2.0
fffe8c000000-fffe8c27c000 r-xp 00000000 00:25 3565243                    /usr/lib64/libstdc++.so.6.0.35
fffe8c27c000-fffe8c28c000 ---p 0027c000 00:25 3565243                    /usr/lib64/libstdc++.so.6.0.35
fffe8c28c000-fffe8c2a0000 r--p 0027c000 00:25 3565243                    /usr/lib64/libstdc++.so.6.0.35
fffe8c2a0000-fffe8c2a4000 rw-p 00290000 00:25 3565243                    /usr/lib64/libstdc++.so.6.0.35
fffe8c2a4000-fffe8c2a8000 rw-p 00000000 00:00 0 
fffe8c580000-fffe8c644000 r-xp 00000000 00:25 3098619                    /usr/lib64/libzstd.so.1.5.7
fffe8c644000-fffe8c65c000 ---p 000c4000 00:25 3098619                    /usr/lib64/libzstd.so.1.5.7
fffe8c65c000-fffe8c660000 r--p 000cc000 00:25 3098619                    /usr/lib64/libzstd.so.1.5.7
fffe8c660000-fffe8c664000 rw-p 000d0000 00:25 3098619                    /usr/lib64/libzstd.so.1.5.7
fffe8c670000-fffe90958000 r--p 00000000 00:25 3827814                    /usr/lib64/libLLVM.so.22.1
fffe90958000-fffe90964000 ---p 042e8000 00:25 3827814                    /usr/lib64/libLLVM.so.22.1
fffe90964000-fffe94998000 r-xp 042e4000 00:25 3827814                    /usr/lib64/libLLVM.so.22.1
fffe94998000-fffe949a4000 ---p 08328000 00:25 3827814                    /usr/lib64/libLLVM.so.22.1
fffe949a4000-fffe94bc8000 r--p 08314000 00:25 3827814                    /usr/lib64/libLLVM.so.22.1
fffe94bc8000-fffe94bcc000 rw-p 08538000 00:25 3827814                    /usr/lib64/libLLVM.so.22.1
fffe94bcc000-fffe94bd8000 ---p 0855c000 00:25 3827814                    /usr/lib64/libLLVM.so.22.1
fffe94bd8000-fffe94be4000 rw-p 08538000 00:25 3827814                    /usr/lib64/libLLVM.so.22.1
fffe94be4000-fffe94c90000 rw-p 00000000 00:00 0 
fffe97600000-fffe97718000 r-xp 00000000 00:25 3105144                    /usr/lib64/libGLdispatch.so.0.0.0
fffe97718000-fffe97724000 ---p 00118000 00:25 3105144                    /usr/lib64/libGLdispatch.so.0.0.0
fffe97724000-fffe97740000 r--p 00124000 00:25 3105144                    /usr/lib64/libGLdispatch.so.0.0.0
fffe97740000-fffe97744000 rw-p 00140000 00:25 3105144                    /usr/lib64/libGLdispatch.so.0.0.0
fffe97744000-fffe9774c000 rw-p 00000000 00:00 0 
fffe97800000-fffe97808000 r-xp 00000000 00:25 3101940                    /usr/lib64/libXfixes.so.3.1.0
fffe97808000-fffe9781c000 ---p 00008000 00:25 3101940                    /usr/lib64/libXfixes.so.3.1.0
fffe9781c000-fffe97820000 r--p 0000c000 00:25 3101940                    /usr/lib64/libXfixes.so.3.1.0
fffe97820000-fffe97824000 rw-p 00010000 00:25 3101940                    /usr/lib64/libXfixes.so.3.1.0
fffe97830000-fffe9783c000 r-xp 00000000 00:25 3101960                    /usr/lib64/libXcursor.so.1.0.2
fffe9783c000-fffe9784c000 ---p 0000c000 00:25 3101960                    /usr/lib64/libXcursor.so.1.0.2
fffe9784c000-fffe97850000 r--p 0000c000 00:25 3101960                    /usr/lib64/libXcursor.so.1.0.2
fffe97850000-fffe97854000 rw-p 00000000 00:00 0 
fffe97860000-fffe9786c000 r-xp 00000000 00:25 3101950                    /usr/lib64/libXrender.so.1.3.0
fffe9786c000-fffe9787c000 ---p 0000c000 00:25 3101950                    /usr/lib64/libXrender.so.1.3.0
fffe9787c000-fffe97880000 r--p 0000c000 00:25 3101950                    /usr/lib64/libXrender.so.1.3.0
fffe97880000-fffe97884000 rw-p 00010000 00:25 3101950                    /usr/lib64/libXrender.so.1.3.0
fffe97890000-fffe979d8000 r-xp 00000000 00:25 3101932                    /usr/lib64/libX11.so.6.4.0
fffe979d8000-fffe979ec000 ---p 00148000 00:25 3101932                    /usr/lib64/libX11.so.6.4.0
fffe979ec000-fffe979f0000 r--p 0014c000 00:25 3101932                    /usr/lib64/libX11.so.6.4.0
fffe979f0000-fffe979f4000 rw-p 00150000 00:25 3101932                    /usr/lib64/libX11.so.6.4.0
fffe97a00000-fffe97e00000 rw-p 00000000 00:00 0 
fffe97e70000-fffe97e84000 r-xp 00000000 00:25 3101935                    /usr/lib64/libXext.so.6.4.0
fffe97e84000-fffe97e9c000 ---p 00014000 00:25 3101935                    /usr/lib64/libXext.so.6.4.0
fffe97e9c000-fffe97ea0000 r--p 0001c000 00:25 3101935                    /usr/lib64/libXext.so.6.4.0
fffe97ea0000-fffe97ea4000 rw-p 00020000 00:25 3101935                    /usr/lib64/libXext.so.6.4.0
fffe97ee0000-fffe97f54000 r-xp 00000000 00:2b 2581                       /tmp/lwjgl_anguscrump/3.4.1-snapshot/arm64/libjemalloc.so
fffe97f54000-fffe97f60000 ---p 00074000 00:2b 2581                       /tmp/lwjgl_anguscrump/3.4.1-snapshot/arm64/libjemalloc.so
fffe97f60000-fffe97f64000 r--p 00070000 00:2b 2581                       /tmp/lwjgl_anguscrump/3.4.1-snapshot/arm64/libjemalloc.so
fffe97f64000-fffe97f68000 rw-p 00074000 00:2b 2581                       /tmp/lwjgl_anguscrump/3.4.1-snapshot/arm64/libjemalloc.so
fffe97f68000-fffe97ff4000 rw-p 00000000 00:00 0 
fffe98000000-fffe98200000 rw-p 00000000 00:00 0 
fffe98200000-fffe9c000000 ---p 00000000 00:00 0 
fffe9c000000-fffe9c200000 rw-p 00000000 00:00 0 
fffe9c200000-fffea0000000 ---p 00000000 00:00 0 
fffea0000000-fffea03c0000 rw-p 00000000 00:00 0 
fffea03c0000-fffea0400000 rw-p 00000000 00:00 0 
fffea0400000-fffea0500000 rw-p 00000000 00:00 0 
fffea0500000-fffea0600000 rw-p 00000000 00:00 0 
fffea0600000-fffea0760000 rw-p 00000000 00:00 0 
fffea0760000-fffea1780000 rw-p 00000000 00:00 0 
fffea1780000-fffea1800000 rw-p 00000000 00:00 0 
fffea1800000-fffea1de0000 rw-p 00000000 00:00 0 
fffea1de0000-fffea1f00000 rw-p 00000000 00:00 0 
fffea1f00000-fffea1fc0000 rw-p 00000000 00:00 0 
fffea1fc0000-fffea2000000 ---p 00000000 00:00 0 
fffea2000000-fffea36c0000 rw-p 00000000 00:00 0 
fffea36c0000-fffea4000000 ---p 00000000 00:00 0 
fffea4000000-fffea4200000 rw-p 00000000 00:00 0 
fffea4200000-fffea8000000 ---p 00000000 00:00 0 
fffea8000000-fffea8200000 rw-p 00000000 00:00 0 
fffea8200000-fffea9a00000 rw-p 00000000 00:00 0 
fffea9a00000-fffeac000000 ---p 00000000 00:00 0 
fffeac000000-fffeac200000 rw-p 00000000 00:00 0 
fffeac200000-fffeb0000000 ---p 00000000 00:00 0 
fffeb0000000-fffeb0200000 rw-p 00000000 00:00 0 
fffeb0200000-fffeb4000000 ---p 00000000 00:00 0 
fffeb4000000-fffeb4200000 rw-p 00000000 00:00 0 
fffeb4200000-fffeb8000000 ---p 00000000 00:00 0 
fffeb8000000-fffeb8200000 rw-p 00000000 00:00 0 
fffeb8200000-fffebc000000 ---p 00000000 00:00 0 
fffebc000000-fffebc200000 rw-p 00000000 00:00 0 
fffebc200000-fffec0000000 ---p 00000000 00:00 0 
fffec0000000-fffec0200000 rw-p 00000000 00:00 0 
fffec0200000-fffec4000000 ---p 00000000 00:00 0 
fffec4000000-fffec4200000 rw-p 00000000 00:00 0 
fffec4200000-fffec8000000 ---p 00000000 00:00 0 
fffec8000000-fffec8200000 rw-p 00000000 00:00 0 
fffec8200000-fffecc000000 ---p 00000000 00:00 0 
fffecc000000-fffecc200000 rw-p 00000000 00:00 0 
fffecc200000-fffed0000000 ---p 00000000 00:00 0 
fffed0000000-fffed0200000 rw-p 00000000 00:00 0 
fffed0200000-fffed4000000 ---p 00000000 00:00 0 
fffed4000000-fffed4200000 rw-p 00000000 00:00 0 
fffed4200000-fffed8000000 ---p 00000000 00:00 0 
fffed8000000-fffed8200000 rw-p 00000000 00:00 0 
fffed8200000-fffedc000000 ---p 00000000 00:00 0 
fffedc000000-fffedc200000 rw-p 00000000 00:00 0 
fffedc200000-fffedde00000 rw-p 00000000 00:00 0 
fffedde00000-fffee0000000 ---p 00000000 00:00 0 
fffee0000000-fffee0200000 rw-p 00000000 00:00 0 
fffee0200000-fffee4000000 ---p 00000000 00:00 0 
fffee4000000-fffee4200000 rw-p 00000000 00:00 0 
fffee4200000-fffee8000000 ---p 00000000 00:00 0 
fffee8000000-fffee8200000 rw-p 00000000 00:00 0 
fffee8200000-fffeea200000 rw-p 00000000 00:00 0 
fffeea200000-fffeec000000 ---p 00000000 00:00 0 
fffeec000000-fffeec200000 rw-p 00000000 00:00 0 
fffeec200000-fffeef000000 rw-p 00000000 00:00 0 
fffeef000000-fffef0000000 ---p 00000000 00:00 0 
fffef0000000-fffef0200000 rw-p 00000000 00:00 0 
fffef0200000-fffef2000000 rw-p 00000000 00:00 0 
fffef2000000-fffef4000000 ---p 00000000 00:00 0 
fffef4000000-fffef4200000 rw-p 00000000 00:00 0 
fffef4200000-fffef8000000 ---p 00000000 00:00 0 
fffef8000000-fffef8200000 rw-p 00000000 00:00 0 
fffef8200000-fffefc000000 ---p 00000000 00:00 0 
fffefc000000-fffefc200000 rw-p 00000000 00:00 0 
fffefc200000-ffff00000000 ---p 00000000 00:00 0 
ffff00000000-ffff00200000 rw-p 00000000 00:00 0 
ffff00200000-ffff04000000 ---p 00000000 00:00 0 
ffff04000000-ffff04200000 rw-p 00000000 00:00 0 
ffff04200000-ffff08000000 ---p 00000000 00:00 0 
ffff08010000-ffff08014000 r-xp 00000000 00:25 3101844                    /usr/lib64/libXau.so.6.0.0
ffff08014000-ffff0802c000 ---p 00004000 00:25 3101844                    /usr/lib64/libXau.so.6.0.0
ffff0802c000-ffff08030000 r--p 0000c000 00:25 3101844                    /usr/lib64/libXau.so.6.0.0
ffff08030000-ffff08034000 rw-p 00000000 00:00 0 
ffff08040000-ffff080b4000 r-xp 00000000 00:2b 2580                       /tmp/lwjgl_anguscrump/3.4.1-snapshot/arm64/libglfw.so
ffff080b4000-ffff080c4000 ---p 00074000 00:2b 2580                       /tmp/lwjgl_anguscrump/3.4.1-snapshot/arm64/libglfw.so
ffff080c4000-ffff080cc000 rw-p 00074000 00:2b 2580                       /tmp/lwjgl_anguscrump/3.4.1-snapshot/arm64/libglfw.so
ffff080cc000-ffff080f0000 rw-p 00000000 00:00 0 
ffff08100000-ffff08184000 r-xp 00000000 00:2b 2579                       /tmp/lwjgl_anguscrump/3.4.1-snapshot/arm64/liblwjgl.so
ffff08184000-ffff08190000 ---p 00084000 00:2b 2579                       /tmp/lwjgl_anguscrump/3.4.1-snapshot/arm64/liblwjgl.so
ffff08190000-ffff08194000 r--p 00080000 00:2b 2579                       /tmp/lwjgl_anguscrump/3.4.1-snapshot/arm64/liblwjgl.so
ffff08194000-ffff08198000 rw-p 00084000 00:2b 2579                       /tmp/lwjgl_anguscrump/3.4.1-snapshot/arm64/liblwjgl.so
ffff081a0000-ffff089e0000 rw-p 00000000 00:00 0 
ffff08be0000-ffff08bec000 ---p 00000000 00:00 0 
ffff08bec000-ffff08de0000 rw-p 00000000 00:00 0 
ffff08de0000-ffff08dec000 ---p 00000000 00:00 0 
ffff08dec000-ffff08fe0000 rw-p 00000000 00:00 0 
ffff091e0000-ffff091ec000 ---p 00000000 00:00 0 
ffff091ec000-ffff093e0000 rw-p 00000000 00:00 0 
ffff093e0000-ffff093ec000 ---p 00000000 00:00 0 
ffff093ec000-ffff095e0000 rw-p 00000000 00:00 0 
ffff09be0000-ffff0a000000 rw-p 00000000 00:00 0 
ffff0a000000-ffff17e94000 r--p 00000000 00:25 3810908                    /usr/lib/locale/locale-archive
ffff17ec0000-ffff17eec000 r-xp 00000000 00:25 3101927                    /usr/lib64/libxcb.so.1.1.0
ffff17eec000-ffff17efc000 ---p 0002c000 00:25 3101927                    /usr/lib64/libxcb.so.1.1.0
ffff17efc000-ffff17f00000 r--p 0002c000 00:25 3101927                    /usr/lib64/libxcb.so.1.1.0
ffff17f00000-ffff17f04000 rw-p 00030000 00:25 3101927                    /usr/lib64/libxcb.so.1.1.0
ffff17f10000-ffff17f14000 r-xp 00000000 00:25 8789711                    /home/anguscrump/.jdks/jbr-25.0.3/lib/libextnet.so
ffff17f14000-ffff17f2c000 ---p 00004000 00:25 8789711                    /home/anguscrump/.jdks/jbr-25.0.3/lib/libextnet.so
ffff17f2c000-ffff17f30000 r--p 0000c000 00:25 8789711                    /home/anguscrump/.jdks/jbr-25.0.3/lib/libextnet.so
ffff17f30000-ffff17f34000 rw-p 00000000 00:00 0 
ffff17f40000-ffff17f70000 r-xp 00000000 00:25 3098606                    /usr/lib64/libnss_resolve.so.2
ffff17f70000-ffff17f7c000 ---p 00030000 00:25 3098606                    /usr/lib64/libnss_resolve.so.2
ffff17f7c000-ffff17f80000 r--p 0003c000 00:25 3098606                    /usr/lib64/libnss_resolve.so.2
ffff17f80000-ffff17f84000 rw-p 00040000 00:25 3098606                    /usr/lib64/libnss_resolve.so.2
ffff17f90000-ffff17fd4000 r-xp 00000000 00:25 3098611                    /usr/lib64/libudev.so.1.7.12
ffff17fd4000-ffff17fe8000 ---p 00044000 00:25 3098611                    /usr/lib64/libudev.so.1.7.12
ffff17fe8000-ffff17ff0000 r--p 00048000 00:25 3098611                    /usr/lib64/libudev.so.1.7.12
ffff17ff0000-ffff17ff4000 rw-p 00050000 00:25 3098611                    /usr/lib64/libudev.so.1.7.12
ffff18000000-ffff18400000 rw-p 00000000 00:00 0 
ffff18400000-ffff18c00000 rw-p 00000000 00:00 0 
ffff18c00000-ffff19dc0000 rw-p 00000000 00:00 0 
ffff19dc0000-ffff1bdc0000 rw-p 00000000 00:00 0 
ffff1bdc0000-ffff1be00000 rw-p 00000000 00:00 0 
ffff1be00000-ffff1c000000 rw-p 00000000 00:00 0 
ffff1c000000-ffff1c200000 rw-p 00000000 00:00 0 
ffff1c200000-ffff20000000 ---p 00000000 00:00 0 
ffff20000000-ffff20200000 rw-p 00000000 00:00 0 
ffff20200000-ffff24000000 ---p 00000000 00:00 0 
ffff24000000-ffff24200000 rw-p 00000000 00:00 0 
ffff24200000-ffff28000000 ---p 00000000 00:00 0 
ffff28000000-ffff28200000 rw-p 00000000 00:00 0 
ffff28200000-ffff28800000 rw-p 00000000 00:00 0 
ffff28800000-ffff2c000000 ---p 00000000 00:00 0 
ffff2c000000-ffff2c200000 rw-p 00000000 00:00 0 
ffff2c200000-ffff30000000 ---p 00000000 00:00 0 
ffff30000000-ffff30200000 rw-p 00000000 00:00 0 
ffff30200000-ffff34000000 ---p 00000000 00:00 0 
ffff34010000-ffff34014000 r-xp 00000000 00:25 3115273                    /usr/lib64/libnss_mdns4_minimal.so.2
ffff34014000-ffff3402c000 ---p 00004000 00:25 3115273                    /usr/lib64/libnss_mdns4_minimal.so.2
ffff3402c000-ffff34030000 r--p 0000c000 00:25 3115273                    /usr/lib64/libnss_mdns4_minimal.so.2
ffff34030000-ffff34034000 rw-p 00000000 00:00 0 
ffff34070000-ffff34094000 r-xp 00000000 00:25 8815453                    /home/anguscrump/.cache/JNA/temp/jna7754075709606224947.tmp (deleted)
ffff34094000-ffff340a0000 ---p 00024000 00:25 8815453                    /home/anguscrump/.cache/JNA/temp/jna7754075709606224947.tmp (deleted)
ffff340a0000-ffff340a4000 r--p 00020000 00:25 8815453                    /home/anguscrump/.cache/JNA/temp/jna7754075709606224947.tmp (deleted)
ffff340a4000-ffff340a8000 rw-p 00024000 00:25 8815453                    /home/anguscrump/.cache/JNA/temp/jna7754075709606224947.tmp (deleted)
ffff340b0000-ffff340c0000 r-xp 00000000 00:25 8789741                    /home/anguscrump/.jdks/jbr-25.0.3/lib/libverify.so
ffff340c0000-ffff340cc000 ---p 00010000 00:25 8789741                    /home/anguscrump/.jdks/jbr-25.0.3/lib/libverify.so
ffff340cc000-ffff340d0000 r--p 0000c000 00:25 8789741                    /home/anguscrump/.jdks/jbr-25.0.3/lib/libverify.so
ffff340d0000-ffff340d4000 rw-p 00000000 00:00 0 
ffff340e0000-ffff34710000 rw-p 00000000 00:00 0 
ffff34710000-ffff3471c000 ---p 00000000 00:00 0 
ffff3471c000-ffff34910000 rw-p 00000000 00:00 0 
ffff34910000-ffff34930000 r-xp 00000000 00:25 3565233                    /usr/lib64/libgcc_s-16-20260501.so.1
ffff34930000-ffff3493c000 ---p 00020000 00:25 3565233                    /usr/lib64/libgcc_s-16-20260501.so.1
ffff3493c000-ffff34940000 r--p 0001c000 00:25 3565233                    /usr/lib64/libgcc_s-16-20260501.so.1
ffff34940000-ffff34944000 rw-p 00000000 00:00 0 
ffff34950000-ffff3497c000 r-xp 00000000 00:25 3098605                    /usr/lib64/libnss_myhostname.so.2
ffff3497c000-ffff34988000 ---p 0002c000 00:25 3098605                    /usr/lib64/libnss_myhostname.so.2
ffff34988000-ffff34990000 r--p 00028000 00:25 3098605                    /usr/lib64/libnss_myhostname.so.2
ffff34990000-ffff34994000 rw-p 00030000 00:25 3098605                    /usr/lib64/libnss_myhostname.so.2
ffff349a0000-ffff349a8000 r-xp 00000000 00:25 8789729                    /home/anguscrump/.jdks/jbr-25.0.3/lib/libmanagement_ext.so
ffff349a8000-ffff349bc000 ---p 00008000 00:25 8789729                    /home/anguscrump/.jdks/jbr-25.0.3/lib/libmanagement_ext.so
ffff349bc000-ffff349c0000 r--p 0000c000 00:25 8789729                    /home/anguscrump/.jdks/jbr-25.0.3/lib/libmanagement_ext.so
ffff349c0000-ffff349c4000 rw-p 00000000 00:00 0 
ffff349d0000-ffff349d4000 r-xp 00000000 00:25 8789728                    /home/anguscrump/.jdks/jbr-25.0.3/lib/libmanagement.so
ffff349d4000-ffff349ec000 ---p 00004000 00:25 8789728                    /home/anguscrump/.jdks/jbr-25.0.3/lib/libmanagement.so
ffff349ec000-ffff349f0000 r--p 0000c000 00:25 8789728                    /home/anguscrump/.jdks/jbr-25.0.3/lib/libmanagement.so
ffff349f0000-ffff349f4000 rw-p 00000000 00:00 0 
ffff34e00000-ffff34e08000 r-xp 00000000 00:25 8789743                    /home/anguscrump/.jdks/jbr-25.0.3/lib/libzip.so
ffff34e08000-ffff34e1c000 ---p 00008000 00:25 8789743                    /home/anguscrump/.jdks/jbr-25.0.3/lib/libzip.so
ffff34e1c000-ffff34e20000 r--p 0000c000 00:25 8789743                    /home/anguscrump/.jdks/jbr-25.0.3/lib/libzip.so
ffff34e20000-ffff34e24000 rw-p 00000000 00:00 0 
ffff34e30000-ffff34e3c000 r-xp 00000000 00:25 8789731                    /home/anguscrump/.jdks/jbr-25.0.3/lib/libnet.so
ffff34e3c000-ffff34e4c000 ---p 0000c000 00:25 8789731                    /home/anguscrump/.jdks/jbr-25.0.3/lib/libnet.so
ffff34e4c000-ffff34e50000 r--p 0000c000 00:25 8789731                    /home/anguscrump/.jdks/jbr-25.0.3/lib/libnet.so
ffff34e50000-ffff34e54000 rw-p 00000000 00:00 0 
ffff34e60000-ffff34e6c000 ---p 00000000 00:00 0 
ffff34e6c000-ffff35060000 rw-p 00000000 00:00 0 
ffff35060000-ffff3506c000 ---p 00000000 00:00 0 
ffff3506c000-ffff35260000 rw-p 00000000 00:00 0 
ffff35260000-ffff3526c000 ---p 00000000 00:00 0 
ffff3526c000-ffff35460000 rw-p 00000000 00:00 0 
ffff35460000-ffff3546c000 ---p 00000000 00:00 0 
ffff3546c000-ffff35660000 rw-p 00000000 00:00 0 
ffff35660000-ffff3566c000 ---p 00000000 00:00 0 
ffff3566c000-ffff35860000 rw-p 00000000 00:00 0 
ffff35860000-ffff3586c000 ---p 00000000 00:00 0 
ffff3586c000-ffff35a60000 rw-p 00000000 00:00 0 
ffff35a60000-ffff35a6c000 ---p 00000000 00:00 0 
ffff35a6c000-ffff35c60000 rw-p 00000000 00:00 0 
ffff35c60000-ffff35c6c000 ---p 00000000 00:00 0 
ffff35c6c000-ffff35e60000 rw-p 00000000 00:00 0 
ffff35e60000-ffff38000000 rw-p 00000000 00:00 0 
ffff38000000-ffff38200000 rw-p 00000000 00:00 0 
ffff38200000-ffff3c000000 ---p 00000000 00:00 0 
ffff3c000000-ffff3c200000 rw-p 00000000 00:00 0 
ffff3c200000-ffff40000000 ---p 00000000 00:00 0 
ffff40014000-ffff40018000 rw-p 00000000 00:00 0 
ffff40018000-ffff4001c000 r-xp 00000000 00:2b 9281                       /tmp/#9281 (deleted)
ffff4001c000-ffff40020000 rw-p 00000000 00:00 0 
ffff40030000-ffff40044000 r-xp 00000000 00:25 8789733                    /home/anguscrump/.jdks/jbr-25.0.3/lib/libnio.so
ffff40044000-ffff4005c000 ---p 00014000 00:25 8789733                    /home/anguscrump/.jdks/jbr-25.0.3/lib/libnio.so
ffff4005c000-ffff40060000 r--p 0001c000 00:25 8789733                    /home/anguscrump/.jdks/jbr-25.0.3/lib/libnio.so
ffff40060000-ffff40064000 rw-p 00020000 00:25 8789733                    /home/anguscrump/.jdks/jbr-25.0.3/lib/libnio.so
ffff40068000-ffff40278000 rw-p 00000000 00:00 0 
ffff40278000-ffff40284000 ---p 00000000 00:00 0 
ffff40284000-ffff40ab8000 rw-p 00000000 00:00 0 
ffff40ab8000-ffff429e4000 rw-p 00000000 00:00 0 
ffff429e4000-ffff44e6c000 ---p 00000000 00:00 0 
ffff44e6c000-ffff44ffc000 rw-p 00000000 00:00 0 
ffff44ffc000-ffff472bc000 rwxp 00000000 00:00 0 
ffff472bc000-ffff4c534000 ---p 00000000 00:00 0 
ffff4c534000-ffff4c8b4000 rwxp 00000000 00:00 0 
ffff4c8b4000-ffff4cac8000 ---p 00000000 00:00 0 
ffff4cac8000-ffff4d958000 rwxp 00000000 00:00 0 
ffff4d958000-ffff54000000 ---p 00000000 00:00 0 
ffff54000000-ffff57ff4000 r--s 00000000 00:25 8789745                    /home/anguscrump/.jdks/jbr-25.0.3/lib/modules
ffff58000000-ffff58200000 rw-p 00000000 00:00 0 
ffff58200000-ffff5c000000 rw-p 00000000 00:00 0 
ffff5c008000-ffff5c064000 rw-p 00000000 00:00 0 
ffff5c0a8000-ffff5c6d8000 rw-p 00000000 00:00 0 
ffff5c6d8000-ffff5ca1c000 rw-p 00000000 00:00 0 
ffff5ca1c000-ffff5cea8000 ---p 00000000 00:00 0 
ffff5cea8000-ffff5d1a0000 rw-p 00000000 00:00 0 
ffff5d1a0000-ffff5d62c000 ---p 00000000 00:00 0 
ffff5d62c000-ffff5debc000 rw-p 00000000 00:00 0 
ffff5debc000-ffff5e058000 ---p 00000000 00:00 0 
ffff5e058000-ffff5e0e4000 rw-p 00000000 00:00 0 
ffff5e0e4000-ffff5e230000 ---p 00000000 00:00 0 
ffff5e230000-ffff5e254000 r-xp 00000000 00:25 8789719                    /home/anguscrump/.jdks/jbr-25.0.3/lib/libjava.so
ffff5e254000-ffff5e26c000 ---p 00024000 00:25 8789719                    /home/anguscrump/.jdks/jbr-25.0.3/lib/libjava.so
ffff5e26c000-ffff5e270000 r--p 0002c000 00:25 8789719                    /home/anguscrump/.jdks/jbr-25.0.3/lib/libjava.so
ffff5e270000-ffff5e274000 rw-p 00030000 00:25 8789719                    /home/anguscrump/.jdks/jbr-25.0.3/lib/libjava.so
ffff5e280000-ffff5e29c000 r-xp 00000000 00:25 8789723                    /home/anguscrump/.jdks/jbr-25.0.3/lib/libjimage.so
ffff5e29c000-ffff5e2ac000 ---p 0001c000 00:25 8789723                    /home/anguscrump/.jdks/jbr-25.0.3/lib/libjimage.so
ffff5e2ac000-ffff5e2b0000 r--p 0001c000 00:25 8789723                    /home/anguscrump/.jdks/jbr-25.0.3/lib/libjimage.so
ffff5e2b0000-ffff5e2b4000 rw-p 00020000 00:25 8789723                    /home/anguscrump/.jdks/jbr-25.0.3/lib/libjimage.so
ffff5e2c0000-ffff5e2cc000 ---p 00000000 00:00 0 
ffff5e2cc000-ffff5e4c0000 rw-p 00000000 00:00 0 
ffff5e4c0000-ffff5e570000 r-xp 00000000 00:25 3800671                    /usr/lib64/libm.so.6
ffff5e570000-ffff5e57c000 ---p 000b0000 00:25 3800671                    /usr/lib64/libm.so.6
ffff5e57c000-ffff5e580000 r--p 000ac000 00:25 3800671                    /usr/lib64/libm.so.6
ffff5e580000-ffff5e584000 rw-p 000b0000 00:25 3800671                    /usr/lib64/libm.so.6
ffff5e590000-ffff5e594000 r-xp 00000000 00:25 3800679                    /usr/lib64/librt.so.1
ffff5e594000-ffff5e5ac000 ---p 00004000 00:25 3800679                    /usr/lib64/librt.so.1
ffff5e5ac000-ffff5e5b0000 r--p 0000c000 00:25 3800679                    /usr/lib64/librt.so.1
ffff5e5b0000-ffff5e5b4000 rw-p 00000000 00:00 0 
ffff5e5c0000-ffff5f940000 r-xp 00000000 00:25 8789753                    /home/anguscrump/.jdks/jbr-25.0.3/lib/server/libjvm.so
ffff5f940000-ffff5f950000 ---p 01380000 00:25 8789753                    /home/anguscrump/.jdks/jbr-25.0.3/lib/server/libjvm.so
ffff5f950000-ffff5fa30000 r--p 01380000 00:25 8789753                    /home/anguscrump/.jdks/jbr-25.0.3/lib/server/libjvm.so
ffff5fa30000-ffff5fa60000 rw-p 01460000 00:25 8789753                    /home/anguscrump/.jdks/jbr-25.0.3/lib/server/libjvm.so
ffff5fa60000-ffff5fb08000 rw-p 00000000 00:00 0 
ffff5fb10000-ffff5fb14000 r-xp 00000000 00:25 3800677                    /usr/lib64/libpthread.so.0
ffff5fb14000-ffff5fb2c000 ---p 00004000 00:25 3800677                    /usr/lib64/libpthread.so.0
ffff5fb2c000-ffff5fb30000 r--p 0000c000 00:25 3800677                    /usr/lib64/libpthread.so.0
ffff5fb30000-ffff5fb34000 rw-p 00000000 00:00 0 
ffff5fb40000-ffff5fb44000 r-xp 00000000 00:25 3800670                    /usr/lib64/libdl.so.2
ffff5fb44000-ffff5fb5c000 ---p 00004000 00:25 3800670                    /usr/lib64/libdl.so.2
ffff5fb5c000-ffff5fb60000 r--p 0000c000 00:25 3800670                    /usr/lib64/libdl.so.2
ffff5fb60000-ffff5fb64000 rw-p 00000000 00:00 0 
ffff5fb70000-ffff5fb90000 r-xp 00000000 00:25 3098599                    /usr/lib64/libz.so.1.3.1.zlib-ng
ffff5fb90000-ffff5fb9c000 ---p 00020000 00:25 3098599                    /usr/lib64/libz.so.1.3.1.zlib-ng
ffff5fb9c000-ffff5fba0000 r--p 0001c000 00:25 3098599                    /usr/lib64/libz.so.1.3.1.zlib-ng
ffff5fba0000-ffff5fba4000 rw-p 00020000 00:25 3098599                    /usr/lib64/libz.so.1.3.1.zlib-ng
ffff5fbb0000-ffff5fd58000 r-xp 00000000 00:25 3800669                    /usr/lib64/libc.so.6
ffff5fd58000-ffff5fd6c000 ---p 001a8000 00:25 3800669                    /usr/lib64/libc.so.6
ffff5fd6c000-ffff5fd70000 r--p 001ac000 00:25 3800669                    /usr/lib64/libc.so.6
ffff5fd70000-ffff5fd74000 rw-p 001b0000 00:25 3800669                    /usr/lib64/libc.so.6
ffff5fd74000-ffff5fd7c000 rw-p 00000000 00:00 0 
ffff5fd80000-ffff5fd84000 r--p 00000000 00:00 0 
ffff5fd84000-ffff5fd8c000 r--s 00000000 00:25 3811701                    /usr/lib64/gconv/gconv-modules.cache
ffff5fd8c000-ffff5fda0000 rw-p 00000000 00:00 0 
ffff5fda0000-ffff5fda8000 ---p 00000000 00:00 0 
ffff5fda8000-ffff5fdb0000 rw-s 00000000 00:2b 9279                       /tmp/hsperfdata_anguscrump/318427 (deleted)
ffff5fdb0000-ffff5fdc0000 r-xp 00000000 00:25 8789724                    /home/anguscrump/.jdks/jbr-25.0.3/lib/libjli.so
ffff5fdc0000-ffff5fdcc000 ---p 00010000 00:25 8789724                    /home/anguscrump/.jdks/jbr-25.0.3/lib/libjli.so
ffff5fdcc000-ffff5fdd0000 r--p 0000c000 00:25 8789724                    /home/anguscrump/.jdks/jbr-25.0.3/lib/libjli.so
ffff5fdd0000-ffff5fdd4000 rw-p 00010000 00:25 8789724                    /home/anguscrump/.jdks/jbr-25.0.3/lib/libjli.so
ffff5fdd4000-ffff5fdd8000 ---p 00000000 00:00 0 
ffff5fdd8000-ffff5fddc000 r--p 00000000 00:00 0 
ffff5fddc000-ffff5fdec000 r--p 00000000 00:00 0                          [vvar]
ffff5fdec000-ffff5fdf0000 r-xp 00000000 00:00 0                          [vdso]
ffff5fdf0000-ffff5fe1c000 r-xp 00000000 00:25 3800657                    /usr/lib/ld-linux-aarch64.so.1
ffff5fe1c000-ffff5fe20000 rw-p 00000000 00:00 0 
ffff5fe20000-ffff5fe24000 ---p 00000000 00:00 0 
ffff5fe24000-ffff5fe2c000 rw-p 00000000 00:00 0 
ffff5fe2c000-ffff5fe30000 r--p 0002c000 00:25 3800657                    /usr/lib/ld-linux-aarch64.so.1
ffff5fe30000-ffff5fe34000 rw-p 00030000 00:25 3800657                    /usr/lib/ld-linux-aarch64.so.1
ffffd9a3c000-ffffd9a60000 rw-p 00000000 00:00 0                          [stack]
Total number of mappings: 619

JVMTI agents: none


VM Arguments:
jvm_args: -Dfabric.dli.config=/home/anguscrump/Documents/Coding/ribbon-world/.gradle/loom-cache/launch.cfg -Dfabric.dli.env=client -Dfabric.dli.main=net.fabricmc.loader.impl.launch.knot.KnotClient --sun-misc-unsafe-memory-access=allow --enable-native-access=ALL-UNNAMED --sun-misc-unsafe-memory-access=allow --enable-native-access=ALL-UNNAMED -Dfile.encoding=UTF-8 -Duser.country=AU -Duser.language=en -Duser.variant -Dawt.toolkit.name=XToolkit 
java_command: net.fabricmc.devlaunchinjector.Main
java_class_path (initial): /home/anguscrump/Documents/Coding/ribbon-world/build/classes/java/client:/home/anguscrump/Documents/Coding/ribbon-world/build/resources/client:/home/anguscrump/.gradle/caches/modules-2/files-2.1/net.fabricmc/fabric-loader/0.19.2/cc647a5b22dbc49b9a3267cebcee25fc4882b108/fabric-loader-0.19.2.jar:/home/anguscrump/.gradle/caches/modules-2/files-2.1/net.fabricmc.fabric-api/fabric-api/0.149.0+26.1.2/1d3aa9049af831d4d7ed7fbf1b5f0fbb37d7fab4/fabric-api-0.149.0+26.1.2.jar:/home/anguscrump/.gradle/caches/modules-2/files-2.1/org.ow2.asm/asm/9.9/c29635c8a7afa03d74b33c1884df8abb2b3f3dcc/asm-9.9.jar:/home/anguscrump/.gradle/caches/modules-2/files-2.1/org.ow2.asm/asm-analysis/9.9/bf4fa6e66638851c1cd22c2caea0c3ee5d5f437/asm-analysis-9.9.jar:/home/anguscrump/.gradle/caches/modules-2/files-2.1/org.ow2.asm/asm-commons/9.9/db9165a3bf908ded6b08612d583a15d1d0c7bda0/asm-commons-9.9.jar:/home/anguscrump/.gradle/caches/modules-2/files-2.1/org.ow2.asm/asm-tree/9.9/f8de6eead6d24dd0f45bd065bbe112b2cda6ea21/asm-tree-9.9.jar:/home/anguscrump/.gradle/caches/modules-2/files-2.1/org.ow2.asm/asm-util/9.9/42fdfc0508b43807c8078d6e82ecff2ce2112ae8/asm-util-9.9.jar:/home/anguscrump/.gradle/caches/modules-2/files-2.1/net.fabricmc/sponge-mixin/0.17.2+mixin.0.8.7/edf98d1d98229e46e36c61774ae2b54dcd852981/sponge-mixin-0.17.2+mixin.0.8.7.jar:/home/anguscrump/.gradle/caches/modules-2/files-2.1/io.github.llamalad7/mixinextras-fabric/0.5.4/5e167154bcb9942111313a5e186e16cd7265f858/mixinextras-fabric-0.5.4.jar:/home/anguscrump/.gradle/caches/modules-2/files-2.1/net.fabricmc/dev-launch-injector/0.2.1+build.8/da8bef7e6e2f952da707f282bdb46882a0fce5e3/dev-launch-injector-0.2.1+build.8.jar:/home/anguscrump/.gradle/caches/modules-2/files-2.1/net.fabricmc/fabric-log4j-util/1.0.2/ef0b3fb613356feb75a67d54f2fad6f03a006648/fabric-log4j-util-1.0.2.jar:/home/anguscrump/.gradle/caches/modules-2/files-2.1/at.yawk.lz4/lz4-java/1.10.1/f541d7f910fe3d76f38f799c507c48cc81b12ecb/lz4-java-1.10.1.jar:/home/anguscrump/.gradle/caches/modules-2/files-2.1/com.azure/azure-json/1.4.0/fcc1d354dbc3e0300e5276b1bf124d0247799cd8/azure-json-1.4.0.jar:/home/anguscrump/.gradle/caches/modules-2/files-2.1/com.github.oshi/oshi-core/6.9.0/3224870731860cfcd7744581a05b559e94291e7/oshi-core-6.9.0.jar:/home/anguscrump/.gradle/caches/modules-2/files-2.1/com.google.code.gson/gson/2.13.2/48b8230771e573b54ce6e867a9001e75977fe78e/gson-2.13.2.jar:/home/anguscrump/.gradle/caches/modules-2/files-2.1/com.google.guava/failureaccess/1.0.3/aeaffd00d57023a2c947393ed251f0354f0985fc/failureaccess-1.0.3.jar:/home/anguscrump/.gradle/caches/modules-2/files-2.1/com.google.guava/guava/33.5.0-jre/8699de25f2f979108d6c1b804a7ba38cda1116bc/guava-33.5.0-jre.jar:/home/anguscrump/.gradle/caches/modules-2/files-2.1/com.ibm.icu/icu4j/77.1/38693cf0b1d7362a8b726af74dc06026a7c23809/icu4j-77.1.jar:/home/anguscrump/.gradle/caches/modules-2/files-2.1/com.microsoft.azure/msal4j/1.23.1/6c722b514873b24a4e1ce9c22dca36ea3c22bdbe/msal4j-1.23.1.jar:/home/anguscrump/.gradle/caches/modules-2/files-2.1/com.mojang/authlib/7.0.63/54895b4e25e8b9b4cbbbe25f24eccf2b71b1ac2b/authlib-7.0.63.jar:/home/anguscrump/.gradle/caches/modules-2/files-2.1/com.mojang/blocklist/1.0.10/5c685c5ffa94c4cd39496c7184c1d122e515ecef/blocklist-1.0.10.jar:/home/anguscrump/.gradle/caches/modules-2/files-2.1/com.mojang/brigadier/1.3.10/d15b53a14cf20fdcaa98f731af5dda654452c010/brigadier-1.3.10.jar:/home/anguscrump/.gradle/caches/modules-2/files-2.1/com.mojang/datafixerupper/9.0.19/4e91f9712fa1e83231d1501625381b0210a977da/datafixerupper-9.0.19.jar:/home/anguscrump/.gradle/caches/modules-2/files-2.1/com.mojang/jtracy/1.0.37/a3fb649b2e2b2288d2978f0b0bc3d83f62809d1e/jtracy-1.0.37.jar:/home/anguscrump/.gradle/caches/modules-2/files-2.1/com.mojang/jtracy/1.0.37/e1b4395227af41195da9e2ead13c48ee0b7d31cd/jtracy-1.0.37-natives-linux.jar:/home/anguscrump/.gradle/caches/modules-2/files-2.1/com.mojang/logging/1.6.11/fd147240733010c158249d986323f9ef98977fe/logging-1.6.11.jar:/home/anguscrump/.gradle/caches/modules-2/files-2.1/com.mojang/patchy/2.2.10/da05971b07cbb379d002cf7eaec6a2048211fefc/patchy-2.2.10.jar:/home/anguscrump/.gradle/caches/modules-2/files-2.1/com.mojang/text2speech/1.18.11/e853a12cdd6ba4f4836e8f4bf3b37844a13482b6/text2speech-1.18.11.jar:/home/anguscrump/.gradle/caches/modules-2/files-2.1/commons-codec/commons-codec/1.19.0/8c0dbe3ae883fceda9b50a6c76e745e548073388/commons-codec-1.19.0.jar:/home/anguscrump/.gradle/caches/modules-2/files-2.1/commons-io/commons-io/2.20.0/36f3474daec2849c149e877614e7f979b2082cd2/commons-io-2.20.0.jar:/home/anguscrump/.gradle/caches/modules-2/files-2.1/io.netty/netty-buffer/4.2.7.Final/5555ff561643bf2f8430fb57c24403c0efe15994/netty-buffer-4.2.7.Final.jar:/home/anguscrump/.gradle/caches/modules-2/files-2.1/io.netty/netty-codec-base/4.2.7.Final/915e381ebabcf115f1c7ff7032d55c48afb50210/netty-codec-base-4.2.7.Final.jar:/home/anguscrump/.gradle/caches/modules-2/files-2.1/io.netty/netty-codec-compression/4.2.7.Final/572341bc1ca90fd9d6e47f1d2694aab5258566e9/netty-codec-compression-4.2.7.Final.jar:/home/anguscrump/.gradle/caches/modules-2/files-2.1/io.netty/netty-codec-http/4.2.7.Final/b734c108854099c421fd94d92d9f865e4d4da853/netty-codec-http-4.2.7.Final.jar:/home/anguscrump/.gradle/caches/modules-2/files-2.1/io.netty/netty-common/4.2.7.Final/11aa30df26af4fca3239ac1917f303a280f301e1/netty-common-4.2.7.Final.jar:/home/anguscrump/.gradle/caches/modules-2/files-2.1/io.netty/netty-handler/4.2.7.Final/7ad8a1f851e2e6fe93cdd091871fda2b81c03b5b/netty-handler-4.2.7.Final.jar:/home/anguscrump/.gradle/caches/modules-2/files-2.1/io.netty/netty-resolver/4.2.7.Final/5f3e5ef8de03992cd4fb46960dc0085ec1a12a12/netty-resolver-4.2.7.Final.jar:/home/anguscrump/.gradle/caches/modules-2/files-2.1/io.netty/netty-transport-classes-epoll/4.2.7.Final/1075c09f48a78eef9d819fbfd9096b903fdd362a/netty-transport-classes-epoll-4.2.7.Final.jar:/home/anguscrump/.gradle/caches/modules-2/files-2.1/io.netty/netty-transport-classes-kqueue/4.2.7.Final/bdec7c23c75caabd848426d073c09568e8d5f94e/netty-transport-classes-kqueue-4.2.7.Final.jar:/home/anguscrump/.gradle/caches/modules-2/files-2.1/io.netty/netty-transport-native-epoll/4.2.7.Final/98d02251c98c8f07a23ac5ea27657d9e0ef57614/netty-transport-native-epoll-4.2.7.Final-linux-aarch_64.jar:/home/anguscrump/.gradle/caches/modules-2/files-2.1/io.netty/netty-transport-native-epoll/4.2.7.Final/e83998bfc10b5289d9bcbe807c4079ef0eed8e6f/netty-transport-native-epoll-4.2.7.Final-linux-x86_64.jar:/home/anguscrump/.gradle/caches/modules-2/files-2.1/io.netty/netty-transport-native-unix-common/4.2.7.Final/89953f04259ea7502cffb313630dd51e00e60669/netty-transport-native-unix-common-4.2.7.Final.jar:/home/anguscrump/.gradle/caches/modules-2/files-2.1/io.netty/netty-transport/4.2.7.Final/83ea548981d0d8c4a98027cc1a6f9624f902e142/netty-transport-4.2.7.Final.jar:/home/anguscrump/.gradle/caches/modules-2/files-2.1/it.unimi.dsi/fastutil/8.5.18/a6cff377eecc19c2037bf31568a6d7106b50ba1f/fastutil-8.5.18.jar:/home/anguscrump/.gradle/caches/modules-2/files-2.1/net.java.dev.jna/jna-platform/5.17.0/a4934c44d25a9d8c2ddf4203affd20330cb3426f/jna-platform-5.17.0.jar:/home/anguscrump/.gradle/caches/modules-2/files-2.1/net.java.dev.jna/jna/5.17.0/33d12735bef894440780fce64f9758d420c7bae2/jna-5.17.0.jar:/home/anguscrump/.gradle/caches/modules-2/files-2.1/net.sf.jopt-simple/jopt-simple/5.0.4/4fdac2fbe92dfad86aa6e9301736f6b4342a3f5c/jopt-simple-5.0.4.jar:/home/anguscrump/.gradle/caches/modules-2/files-2.1/org.apache.commons/commons-compress/1.28.0/e482f2c7a88dac3c497e96aa420b6a769f59c8d7/commons-compress-1.28.0.jar:/home/anguscrump/.gradle/caches/modules-2/files-2.1/org.apache.commons/commons-lang3/3.19.0/d6524b169a6574cd253760c472d419b47bfd37e6/commons-lang3-3.19.0.jar:/home/anguscrump/.gradle/caches/modules-2/files-2.1/org.apache.logging.log4j/log4j-api/2.25.2/292c1a2b1702f1e1e3adb13e1c57e5bff60335ff/log4j-api-2.25.2.jar:/home/anguscrump/.gradle/caches/modules-2/files-2.1/org.apache.logging.log4j/log4j-core/2.25.2/d4d0ad2e51e03e531f784891fbfff1bae1e13a12/log4j-core-2.25.2.jar:/home/anguscrump/.gradle/caches/modules-2/files-2.1/org.apache.logging.log4j/log4j-slf4j2-impl/2.25.2/5eec0c392661dee8a366baec17e8896900dd978f/log4j-slf4j2-impl-2.25.2.jar:/home/anguscrump/.gradle/caches/modules-2/files-2.1/org.jcraft/jorbis/0.0.17/8872d22b293e8f5d7d56ff92be966e6dc28ebdc6/jorbis-0.0.17.jar:/home/anguscrump/.gradle/caches/modules-2/files-2.1/org.joml/joml/1.10.8/fc0a71dad90a2cf41d82a76156a0e700af8e4f8d/joml-1.10.8.jar:/home/anguscrump/.gradle/caches/modules-2/files-2.1/org.jspecify/jspecify/1.0.0/7425a601c1c7ec76645a78d22b8c6a627edee507/jspecify-1.0.0.jar:/home/anguscrump/.gradle/caches/modules-2/files-2.1/org.lwjgl/lwjgl-freetype/3.4.1/caa75a37e857efc9b0686e434d708d6420c5b6ea/lwjgl-freetype-3.4.1.jar:/home/anguscrump/.gradle/caches/modules-2/files-2.1/org.lwjgl/lwjgl-freetype/3.4.1/8f37d0da3386ff602ec54cd06626881895711041/lwjgl-freetype-3.4.1-natives-linux-arm64.jar:/home/anguscrump/.gradle/caches/modules-2/files-2.1/org.lwjgl/lwjgl-freetype/3.4.1/40a29a29b1549c4cad073ccd682e3776ffb454fa/lwjgl-freetype-3.4.1-natives-linux.jar:/home/anguscrump/.gradle/caches/modules-2/files-2.1/org.lwjgl/lwjgl-glfw/3.4.1/a782b1ddd175c9107bf300fd92920579ea65e2a4/lwjgl-glfw-3.4.1.jar:/home/anguscrump/.gradle/caches/modules-2/files-2.1/org.lwjgl/lwjgl-glfw/3.4.1/e5e87034c47118960746077dba46280e8de864b3/lwjgl-glfw-3.4.1-natives-linux-arm64.jar:/home/anguscrump/.gradle/caches/modules-2/files-2.1/org.lwjgl/lwjgl-glfw/3.4.1/23cdf7655ce9f3b27ad90f08e73345e0d5b46362/lwjgl-glfw-3.4.1-natives-linux.jar:/home/anguscrump/.gradle/caches/modules-2/files-2.1/org.lwjgl/lwjgl-jemalloc/3.4.1/16b663092854fc6adfe0a941e61cae2bb2e437b6/lwjgl-jemalloc-3.4.1.jar:/home/anguscrump/.gradle/caches/modules-2/files-2.1/org.lwjgl/lwjgl-jemalloc/3.4.1/7891964dfb723209c6d02b0401432348fb707cc0/lwjgl-jemalloc-3.4.1-natives-linux-arm64.jar:/home/anguscrump/.gradle/caches/modules-2/files-2.1/org.lwjgl/lwjgl-jemalloc/3.4.1/b83c82d941f2e624d150d6d1e2efcf4ea49ff8ea/lwjgl-jemalloc-3.4.1-natives-linux.jar:/home/anguscrump/.gradle/caches/modules-2/files-2.1/org.lwjgl/lwjgl-openal/3.4.1/8508bd60589de0539aa465b78fcf838efd07ae9a/lwjgl-openal-3.4.1.jar:/home/anguscrump/.gradle/caches/modules-2/files-2.1/org.lwjgl/lwjgl-openal/3.4.1/3729b70cdd42df5571b075e051fa2fc8586dc538/lwjgl-openal-3.4.1-natives-linux-arm64.jar:/home/anguscrump/.gradle/caches/modules-2/files-2.1/org.lwjgl/lwjgl-openal/3.4.1/dbff577119266cd4312e4eb9cc2b171407c56360/lwjgl-openal-3.4.1-natives-linux.jar:/home/anguscrump/.gradle/caches/modules-2/files-2.1/org.lwjgl/lwjgl-opengl/3.4.1/830412cab823c029cda6b9729f9d2ed36cf79959/lwjgl-opengl-3.4.1.jar:/home/anguscrump/.gradle/caches/modules-2/files-2.1/org.lwjgl/lwjgl-opengl/3.4.1/61a4103e56bbaeb74ad3f19ec14299fd6891c4b0/lwjgl-opengl-3.4.1-natives-linux-arm64.jar:/home/anguscrump/.gradle/caches/modules-2/files-2.1/org.lwjgl/lwjgl-opengl/3.4.1/b750599f0e75ddb19f1d0fe993f3011334b710ae/lwjgl-opengl-3.4.1-natives-linux.jar:/home/anguscrump/.gradle/caches/modules-2/files-2.1/org.lwjgl/lwjgl-stb/3.4.1/f077c3dafc31924fbe8acb0b913f08977ba27f8e/lwjgl-stb-3.4.1.jar:/home/anguscrump/.gradle/caches/modules-2/files-2.1/org.lwjgl/lwjgl-stb/3.4.1/3bc107f901f931fea07cb0d80b1d74a34b806a2b/lwjgl-stb-3.4.1-natives-linux-arm64.jar:/home/anguscrump/.gradle/caches/modules-2/files-2.1/org.lwjgl/lwjgl-stb/3.4.1/7e1cfae909da6c68f3cb6073a9bfeb6c90e82a57/lwjgl-stb-3.4.1-natives-linux.jar:/home/anguscrump/.gradle/caches/modules-2/files-2.1/org.lwjgl/lwjgl-tinyfd/3.4.1/562697d40dbd2ed0424bf24dcf65d51170f81adf/lwjgl-tinyfd-3.4.1.jar:/home/anguscrump/.gradle/caches/modules-2/files-2.1/org.lwjgl/lwjgl-tinyfd/3.4.1/20771d2b4e01f5295156912ab62e170508aef618/lwjgl-tinyfd-3.4.1-natives-linux-arm64.jar:/home/anguscrump/.gradle/caches/modules-2/files-2.1/org.lwjgl/lwjgl-tinyfd/3.4.1/fc6a72690afc8defb60d82ad1de64dd8f537154c/lwjgl-tinyfd-3.4.1-natives-linux.jar:/home/anguscrump/.gradle/caches/modules-2/files-2.1/org.lwjgl/lwjgl/3.4.1/6105690714874b995aa7812e4f7732a21109276c/lwjgl-3.4.1.jar:/home/anguscrump/.gradle/caches/modules-2/files-2.1/org.lwjgl/lwjgl/3.4.1/46883f3b622d8b4d7f27b627ca3360cda3db0e0e/lwjgl-3.4.1-natives-linux-arm64.jar:/home/anguscrump/.gradle/caches/modules-2/files-2.1/org.lwjgl/lwjgl/3.4.1/2734e106bd95db49fe0da8cf8bf7fd96475c436c/lwjgl-3.4.1-natives-linux.jar:/home/anguscrump/.gradle/caches/modules-2/files-2.1/org.slf4j/slf4j-api/2.0.17/d9e58ac9c7779ba3bf8142aff6c830617a7fe60f/slf4j-api-2.0.17.jar:/home/anguscrump/Documents/Coding/ribbon-world/.gradle/loom-cache/minecraftMaven/net/minecraft/minecraft-clientOnly-52430b475d/26.1.2/minecraft-clientOnly-52430b475d-26.1.2.jar:/home/anguscrump/Documents/Coding/ribbon-world/.gradle/loom-cache/minecraftMaven/net/minecraft/minecraft-common-52430b475d/26.1.2/minecraft-common-52430b475d-26.1.2.jar:/home/anguscrump/.gradle/caches/modules-2/files-2.1/io.netty/netty-transport-native-kqueue/4.2.7.Final/40868fd4e43bce2798245f790624b58803dc26b6/netty-transport-native-kqueue-4.2.7.Final-osx-x86_64.jar:/home/anguscrump/.gradle/caches/modules-2/files-2.1/io.netty/netty-transport-native-kqueue/4.2.7.Final/e5a0feef41410c8a5ae00c6cb4e0c99bd0aded6a/netty-transport-native-kqueue-4.2.7.Final-osx-aarch_64.jar:/home/anguscrump/.gradle/caches/modules-2/files-2.1/net.fabricmc.fabric-api/fabric-transfer-api-v1/8.0.5+357ea7334c/2aff9d7c8e917d2a69c71aa18e28c915e0040a8e/fabric-transfer-api-v1-8.0.5+357ea7334c.jar:/home/anguscrump/.gradle/caches/modules-2/files-2.1/net.fabricmc.fabric-api/fabric-api-lookup-api-v1/2.0.11+d5a053b64c/dbb4489647b411352b735654440311d7560dc1f4/fabric-api-lookup-api-v1-2.0.11+d5a053b64c.jar:/home/anguscrump/.gradle/caches/modules-2/files-2.1/net.fabricmc.fabric-api/fabric-command-api-v2/3.0.5+e2bdee784c/d2bfa62e2f489900be2210dfb84458dcdecb75b6/fabric-command-api-v2-3.0.5+e2bdee784c.jar:/home/anguscrump/.gradle/caches/modules-2/files-2.1/net.fabricmc.fabric-api/fabric-content-registries-v0/11.1.1+1a3b26974c/8761c4bd7f8feb484746055f6ff22e387cd84e9f/fabric-content-registries-v0-11.1.1+1a3b26974c.jar:/home/anguscrump/.gradle/caches/modules-2/files-2.1/net.fabricmc.fabric-api/fabric-data-generation-api-v1/24.2.0+73b1f9054c/d5dcd98301b93a9b2470d354d150327e264797c5/fabric-data-generation-api-v1-24.2.0+73b1f9054c.jar:/home/anguscrump/.gradle/caches/modules-2/files-2.1/net.fabricmc.fabric-api/fabric-convention-tags-v2/4.6.0+e47fb87c4c/40a40554e3e4d37b5640c0198bc81a1b94735f2c/fabric-convention-tags-v2-4.6.0+e47fb87c4c.jar:/home/anguscrump/.gradle/caches/modules-2/files-2.1/net.fabricmc.fabric-api/fabric-creative-tab-api-v1/5.0.11+d871b99e4c/9e6937cef2aa7955d2ff66c9d2415118c58ec15c/fabric-creative-tab-api-v1-5.0.11+d871b99e4c.jar:/home/anguscrump/.gradle/caches/modules-2/files-2.1/net.fabricmc.fabric-api/fabric-data-attachment-api-v1/2.2.6+d602a8964c/91d2f002a7431a412cef7016c5ca7ee2b3c67718/fabric-data-attachment-api-v1-2.2.6+d602a8964c.jar:/home/anguscrump/.gradle/caches/modules-2/files-2.1/net.fabricmc.fabric-api/fabric-debug-api-v1/1.0.1+c792624d4c/3e65954340d5153face34ee7d2f9b114271bca38/fabric-debug-api-v1-1.0.1+c792624d4c.jar:/home/anguscrump/.gradle/caches/modules-2/files-2.1/net.fabricmc.fabric-api/fabric-dimensions-v1/5.1.5+9cbf5da54c/53c66317546644a3915ec20df2d77f4e3093ffab/fabric-dimensions-v1-5.1.5+9cbf5da54c.jar:/home/anguscrump/.gradle/caches/modules-2/files-2.1/net.fabricmc.fabric-api/fabric-entity-events-v1/5.0.2+e2bdee784c/3f15c7b85c55f03b5d5fa89a48a0eb1dc6461465/fabric-entity-events-v1-5.0.2+e2bdee784c.jar:/home/anguscrump/.gradle/caches/modules-2/files-2.1/net.fabricmc.fabric-api/fabric-events-interaction-v0/5.2.1+a67251b84c/cf25f4932ae4d3df49bf5ad0c69be40f8abda289/fabric-events-interaction-v0-5.2.1+a67251b84c.jar:/home/anguscrump/.gradle/caches/modules-2/files-2.1/net.fabricmc.fabric-api/fabric-game-rule-api-v1/4.0.5+d871b99e4c/8b1189ddbfe446bf9468920526ed668db253da65/fabric-game-rule-api-v1-4.0.5+d871b99e4c.jar:/home/anguscrump/.gradle/caches/modules-2/files-2.1/net.fabricmc.fabric-api/fabric-gametest-api-v1/4.0.15+00a1fba64c/99dddf025652afece2f37a5f857c6ee5f7feedb1/fabric-gametest-api-v1-4.0.15+00a1fba64c.jar:/home/anguscrump/.gradle/caches/modules-2/files-2.1/net.fabricmc.fabric-api/fabric-item-api-v1/14.1.2+73d134684c/cb7fd76b622fbc467cb65f067c212fc256d3809f/fabric-item-api-v1-14.1.2+73d134684c.jar:/home/anguscrump/.gradle/caches/modules-2/files-2.1/net.fabricmc.fabric-api/fabric-recipe-api-v1/9.0.15+be4b75ae4c/c3510ef358ce97ea4fc804cd2f75f30c574ec947/fabric-recipe-api-v1-9.0.15+be4b75ae4c.jar:/home/anguscrump/.gradle/caches/modules-2/files-2.1/net.fabricmc.fabric-api/fabric-model-loading-api-v1/8.0.6+c80601bb4c/733d4b6475fa49b58125b0b1a6a9070cc5faa8c8/fabric-model-loading-api-v1-8.0.6+c80601bb4c.jar:/home/anguscrump/.gradle/caches/modules-2/files-2.1/net.fabricmc.fabric-api/fabric-renderer-indigo/8.1.0+1403e82c4c/2a11c1c6826ec7e4254d1cfa20f2f9b50da0ec7f/fabric-renderer-indigo-8.1.0+1403e82c4c.jar:/home/anguscrump/.gradle/caches/modules-2/files-2.1/net.fabricmc.fabric-api/fabric-renderer-api-v1/13.0.3+c80601bb4c/15b7e69feefe6e4157134633f96c62a80b41f44a/fabric-renderer-api-v1-13.0.3+c80601bb4c.jar:/home/anguscrump/.gradle/caches/modules-2/files-2.1/net.fabricmc.fabric-api/fabric-rendering-v1/23.1.0+1403e82c4c/96b6c53c0f9e4497597a4a06509b143c9e345efe/fabric-rendering-v1-23.1.0+1403e82c4c.jar:/home/anguscrump/.gradle/caches/modules-2/files-2.1/net.fabricmc.fabric-api/fabric-lifecycle-events-v1/4.1.0+6d50a0854c/52281bf82f04922d65a30d3f91975feb00911826/fabric-lifecycle-events-v1-4.1.0+6d50a0854c.jar:/home/anguscrump/.gradle/caches/modules-2/files-2.1/net.fabricmc.fabric-api/fabric-loot-api-v3/3.0.12+00a1fba64c/58ffa00757774d7060115afa05742753ff26c769/fabric-loot-api-v3-3.0.12+00a1fba64c.jar:/home/anguscrump/.gradle/caches/modules-2/files-2.1/net.fabricmc.fabric-api/fabric-menu-api-v1/2.0.13+d871b99e4c/e59c4c081a5dc1afb27c0167d6e1480c670c4d29/fabric-menu-api-v1-2.0.13+d871b99e4c.jar:/home/anguscrump/.gradle/caches/modules-2/files-2.1/net.fabricmc.fabric-api/fabric-message-api-v1/7.0.5+dae8ce3e4c/6211835e1348e8b9b89defb98a616adb483b8284/fabric-message-api-v1-7.0.5+dae8ce3e4c.jar:/home/anguscrump/.gradle/caches/modules-2/files-2.1/net.fabricmc.fabric-api/fabric-particles-v1/5.0.15+b61fef434c/e9659d152cefb7255056f432234a11621ab00945/fabric-particles-v1-5.0.15+b61fef434c.jar:/home/anguscrump/.gradle/caches/modules-2/files-2.1/net.fabricmc.fabric-api/fabric-object-builder-api-v1/23.0.16+b95dd56e4c/64b623486a5962dada51cb3e8a114ee49a6ba9de/fabric-object-builder-api-v1-23.0.16+b95dd56e4c.jar:/home/anguscrump/.gradle/caches/modules-2/files-2.1/net.fabricmc.fabric-api/fabric-registry-sync-v0/7.0.13+b61fef434c/b7cd637ba58adacb2abfd54f5f438211e5c3210d/fabric-registry-sync-v0-7.0.13+b61fef434c.jar:/home/anguscrump/.gradle/caches/modules-2/files-2.1/net.fabricmc.fabric-api/fabric-networking-api-v1/6.3.1+554860db4c/38ac77944d5e0fc623a163cde9b3eca04f791296/fabric-networking-api-v1-6.3.1+554860db4c.jar:/home/anguscrump/.gradle/caches/modules-2/files-2.1/net.fabricmc.fabric-api/fabric-permission-api-v1/1.0.0+f3e738be4c/67222d8951d4e68a26f7e42697ce7fdb3c4e8ce9/fabric-permission-api-v1-1.0.0+f3e738be4c.jar:/home/anguscrump/.gradle/caches/modules-2/files-2.1/net.fabricmc.fabric-api/fabric-rendering-fluids-v1/6.0.1+d871b99e4c/fe53bab501b2a582517f39ede3e1514074e8de7/fabric-rendering-fluids-v1-6.0.1+d871b99e4c.jar:/home/anguscrump/.gradle/caches/modules-2/files-2.1/net.fabricmc.fabric-api/fabric-tag-api-v1/2.1.0+73b1f9054c/5467b88af064043d14a1cbc32ebc65bf86a4898b/fabric-tag-api-v1-2.1.0+73b1f9054c.jar:/home/anguscrump/.gradle/caches/modules-2/files-2.1/net.fabricmc.fabric-api/fabric-resource-loader-v0/3.3.17+4fc5413f4c/c2e496d77853c7fd1f2b3bd00b44e355dc6ba576/fabric-resource-loader-v0-3.3.17+4fc5413f4c.jar:/home/anguscrump/.gradle/caches/modules-2/files-2.1/net.fabricmc.fabric-api/fabric-resource-loader-v1/2.0.10+7c44c7324c/bb44ca7ae64fe82666c2cd99920cdc017b15f368/fabric-resource-loader-v1-2.0.10+7c44c7324c.jar:/home/anguscrump/.gradle/caches/modules-2/files-2.1/net.fabricmc.fabric-api/fabric-screen-api-v1/5.0.1+d871b99e4c/fecba1d91754428c2d1f5f2e4d25685de3a8f71f/fabric-screen-api-v1-5.0.1+d871b99e4c.jar:/home/anguscrump/.gradle/caches/modules-2/files-2.1/net.fabricmc.fabric-api/fabric-api-base/2.0.3+ece063234c/bdf802883d0f9c1034c436367ab2c7e04ce34ca6/fabric-api-base-2.0.3+ece063234c.jar:/home/anguscrump/.gradle/caches/modules-2/files-2.1/net.fabricmc.fabric-api/fabric-biome-api-v1/18.0.4+35c80edc4c/c82be6aa7922f3212e1bac9441b25a7faa21c057/fabric-biome-api-v1-18.0.4+35c80edc4c.jar:/home/anguscrump/.gradle/caches/modules-2/files-2.1/net.fabricmc.fabric-api/fabric-block-api-v1/3.0.2+ec56b6014c/f5f91f5b317b7acd3014677dd909b55ebc4097b2/fabric-block-api-v1-3.0.2+ec56b6014c.jar:/home/anguscrump/.gradle/caches/modules-2/files-2.1/net.fabricmc.fabric-api/fabric-block-getter-api-v2/2.0.6+ec56b6014c/caabc9eb2f3823864682da5a1c5381a035c00d5f/fabric-block-getter-api-v2-2.0.6+ec56b6014c.jar:/home/anguscrump/.gradle/caches/modules-2/files-2.1/net.fabricmc.fabric-api/fabric-client-gametest-api-v1/5.0.16+cef2a4834c/3f63763d1230c87b2c43aa84c88916fce323687a/fabric-client-gametest-api-v1-5.0.16+cef2a4834c.jar:/home/anguscrump/.gradle/caches/modules-2/files-2.1/net.fabricmc.fabric-api/fabric-crash-report-info-v1/1.0.3+9f78a5a84c/8af0277ba9afc03c6882490db447d40d55ebcedb/fabric-crash-report-info-v1-1.0.3+9f78a5a84c.jar:/home/anguscrump/.gradle/caches/modules-2/files-2.1/net.fabricmc.fabric-api/fabric-key-mapping-api-v1/2.0.4+e2bdee784c/b098e3e06b71a0fec9d18843ba9327f038b7cd5/fabric-key-mapping-api-v1-2.0.4+e2bdee784c.jar:/home/anguscrump/.gradle/caches/modules-2/files-2.1/net.fabricmc.fabric-api/fabric-resource-conditions-api-v1/6.0.5+00a1fba64c/a8ca3e526e0825ee71a36a317cf5c33f0cda0e96/fabric-resource-conditions-api-v1-6.0.5+00a1fba64c.jar:/home/anguscrump/.gradle/caches/modules-2/files-2.1/net.fabricmc.fabric-api/fabric-serialization-api-v1/2.0.3+11a26f314c/55fc25d96a2a848b93a02f48220dff0181ec3056/fabric-serialization-api-v1-2.0.3+11a26f314c.jar:/home/anguscrump/.gradle/caches/modules-2/files-2.1/net.fabricmc.fabric-api/fabric-sound-api-v1/2.0.4+11a26f314c/b63ce87810bc5aa495cb39be7efd2b07e6772822/fabric-sound-api-v1-2.0.4+11a26f314c.jar:/home/anguscrump/.gradle/caches/modules-2/files-2.1/net.fabricmc.fabric-api/fabric-transitive-access-wideners-v1/8.1.0+acd9108d4c/d03c3735d4057a1d574c6e8d51fec7d21ab63b5c/fabric-transitive-access-wideners-v1-8.1.0+acd9108d4c.jar:/home/anguscrump/Documents/Coding/ribbon-world/build/classes/java/main:/home/anguscrump/Documents/Coding/ribbon-world/build/resources/main
Launcher Type: SUN_STANDARD

[Global flags]
     intx CICompilerCount                          = 4                                         {product} {ergonomic}
     uint ConcGCThreads                            = 2                                         {product} {ergonomic}
     uint G1ConcRefinementThreads                  = 9                                         {product} {ergonomic}
   size_t G1HeapRegionSize                         = 2097152                                   {product} {ergonomic}
   size_t InitialHeapSize                          = 260046848                                 {product} {ergonomic}
   size_t MarkStackSize                            = 4194304                                   {product} {ergonomic}
   size_t MarkStackSizeMax                         = 536870912                                 {product} {ergonomic}
   size_t MaxHeapSize                              = 4034920448                                {product} {ergonomic}
   size_t MaxNewSize                               = 2420113408                                {product} {ergonomic}
   size_t MinHeapDeltaBytes                        = 2097152                                   {product} {ergonomic}
   size_t MinHeapSize                              = 8388608                                   {product} {ergonomic}
    uintx NonNMethodCodeHeapSize                   = 5849088                                {pd product} {ergonomic}
    uintx NonProfiledCodeHeapSize                  = 122912768                              {pd product} {ergonomic}
    uintx ProfiledCodeHeapSize                     = 122912768                              {pd product} {ergonomic}
    uintx ReservedCodeCacheSize                    = 251674624                              {pd product} {ergonomic}
     bool SegmentedCodeCache                       = true                                      {product} {ergonomic}
   size_t SoftMaxHeapSize                          = 4034920448                             {manageable} {ergonomic}
     bool UseCompressedOops                        = true                           {product lp64_product} {ergonomic}
     bool UseG1GC                                  = true                                      {product} {ergonomic}

Logging:
Log output configuration:
 #0: 
[error occurred during error reporting (printing log configuration), id 0xb, SIGSEGV (0xb) at pc=0x0000ffff5f0d05b8]
Release file:
JAVA_VERSION="25.0.3"
MODULES="java.base java.compiler java.datatransfer java.xml java.prefs java.desktop java.instrument java.logging java.management java.security.sasl java.naming java.rmi java.management.rmi java.net.http java.scripting java.security.jgss java.transaction.xa java.sql java.sql.rowset java.xml.crypto java.se java.smartcardio jdk.accessibility jdk.internal.jvmstat jdk.attach jdk.charsets jdk.internal.opt jdk.zipfs jdk.compiler jdk.crypto.cryptoki jdk.crypto.ec jdk.dynalink jdk.internal.ed jdk.editpad jdk.internal.vm.ci jdk.graal.compiler jdk.graal.compiler.management jdk.hotspot.agent jdk.httpserver jdk.incubator.vector jdk.internal.le jdk.internal.md jdk.jartool jdk.javadoc jdk.jcmd jdk.management jdk.management.agent jdk.jconsole jdk.jdeps jdk.jdwp.agent jdk.jdi jdk.jfr jdk.jlink jdk.jpackage jdk.jshell jdk.jsobject jdk.jstatd jdk.localedata jdk.management.jfr jdk.naming.dns jdk.naming.rmi jdk.net jdk.nio.mapmode jdk.sctp jdk.security.auth jdk.security.jgss jdk.unsupported jdk.unsupported.desktop jdk.xml.dom"
IMPLEMENTOR="JetBrains s.r.o."
IMPLEMENTOR_VERSION="JBRSDK-25.0.3+9-480.61-nomod"
JAVA_RUNTIME_VERSION="25.0.3+9-b480.61"
LIBC="gnu"
OS_ARCH="aarch64"
OS_NAME="Linux"
SOURCE=".:git:52b04970adc8+"

Environment Variables:
PATH=/home/anguscrump/.local/bin:/home/anguscrump/bin:/usr/local/sbin:/usr/local/bin:/usr/sbin:/usr/bin:/sbin:/bin:/var/lib/snapd/snap/bin:/home/anguscrump/.cargo/bin
XDG_CACHE_HOME=/home/anguscrump/.cache
XDG_CONFIG_HOME=/home/anguscrump/.config
SHELL=/bin/bash
DISPLAY=:0
WAYLAND_DISPLAY=wayland-1
LANG=en_AU.UTF-8

Active Locale:
LC_ALL=en_AU.UTF-8
LC_COLLATE=en_AU.UTF-8
LC_CTYPE=en_AU.UTF-8
LC_MESSAGES=en_AU.UTF-8
LC_MONETARY=en_AU.UTF-8
LC_NUMERIC=en_AU.UTF-8
LC_TIME=en_AU.UTF-8

Signal Handlers:
   SIGSEGV: crash_handler in libjvm.so, mask=11100100010111111101111111111110, flags=SA_RESTART|SA_SIGINFO, unblocked
    SIGBUS: crash_handler in libjvm.so, mask=11100100010111111101111111111110, flags=SA_RESTART|SA_SIGINFO, unblocked
    SIGFPE: crash_handler in libjvm.so, mask=11100100010111111101111111111110, flags=SA_RESTART|SA_SIGINFO, unblocked
   SIGPIPE: javaSignalHandler in libjvm.so, mask=11100100010111111101111111111110, flags=SA_RESTART|SA_SIGINFO, blocked
   SIGXFSZ: javaSignalHandler in libjvm.so, mask=11100100010111111101111111111110, flags=SA_RESTART|SA_SIGINFO, blocked
    SIGILL: crash_handler in libjvm.so, mask=11100100010111111101111111111110, flags=SA_RESTART|SA_SIGINFO, unblocked
   SIGUSR2: SR_handler in libjvm.so, mask=00000000000000000000000000000000, flags=SA_RESTART|SA_SIGINFO, blocked
    SIGHUP: UserHandler in libjvm.so, mask=11100100010111111101111111111110, flags=SA_RESTART|SA_SIGINFO, blocked
    SIGINT: UserHandler in libjvm.so, mask=11100100010111111101111111111110, flags=SA_RESTART|SA_SIGINFO, blocked
   SIGTERM: UserHandler in libjvm.so, mask=11100100010111111101111111111110, flags=SA_RESTART|SA_SIGINFO, blocked
   SIGQUIT: UserHandler in libjvm.so, mask=11100100010111111101111111111110, flags=SA_RESTART|SA_SIGINFO, blocked
   SIGTRAP: crash_handler in libjvm.so, mask=11100100010111111101111111111110, flags=SA_RESTART|SA_SIGINFO, unblocked


Compilation memory statistics disabled.

Periodic native trim disabled

JNI global refs:
JNI global refs: 64, weak refs: 47

JNI global refs memory usage: 1491, weak refs: 857

Process memory usage:
Resident Set Size: 2068384K (13% of 15755056K total physical memory with 5231168K free physical memory)

OOME stack traces (most recent first):
Classloader memory used:
Loader net.fabricmc.loader.impl.launch.knot.KnotClassLoader                            : 122 M
Loader bootstrap                                                                       : 12482 K
Loader jdk.internal.loader.ClassLoaders$AppClassLoader                                 : 6983 K
Loader jdk.internal.loader.ClassLoaders$PlatformClassLoader                            : 498 K

---------------  S Y S T E M  ---------------

OS:
Fedora Asahi Remix release 44 (Forty Four)
uname: Linux 7.0.8-fairydust+ #1 SMP PREEMPT_DYNAMIC Sun May 17 15:02:15 AEST 2026 aarch64
OS uptime: 0 days 6:22 hours
libc: glibc 2.43 NPTL 2.43 
rlimit (soft/hard): STACK 8192k/infinity , CORE infinity/infinity , NPROC 31098/31098 , NOFILE 524288/524288 , AS infinity/infinity , CPU infinity/infinity , DATA infinity/infinity , FSIZE infinity/infinity , MEMLOCK 8192k/8192k
load average: 5.75 3.43 2.56

/proc/meminfo:
MemTotal:       15755056 kB
MemFree:         2073920 kB
MemAvailable:    5228288 kB
Buffers:             480 kB
Cached:          4955760 kB
SwapCached:      1871136 kB
Active:          5987824 kB
Inactive:        5196848 kB
Active(anon):    5055872 kB
Inactive(anon):  2135360 kB
Active(file):     931952 kB
Inactive(file):  3061488 kB
Unevictable:      834224 kB
Mlocked:             688 kB
SwapTotal:      33554336 kB
SwapFree:       30146032 kB
Zswap:            505712 kB
Zswapped:        1001360 kB
Dirty:              6352 kB
Writeback:             0 kB
AnonPages:       6775728 kB
Mapped:           652032 kB
Shmem:            963536 kB
KReclaimable:     305328 kB
Slab:             687344 kB
SReclaimable:     305328 kB
SUnreclaim:       382016 kB
KernelStack:       45344 kB
PageTables:        63440 kB
SecPageTables:      1744 kB
NFS_Unstable:          0 kB
Bounce:                0 kB
WritebackTmp:          0 kB
CommitLimit:    41431856 kB
Committed_AS:   25536144 kB
VmallocTotal:   136898928640 kB
VmallocUsed:       93808 kB
VmallocChunk:          0 kB
Percpu:             7200 kB
HardwareCorrupted:     0 kB
AnonHugePages:     98304 kB
ShmemHugePages:        0 kB
ShmemPmdMapped:        0 kB
FileHugePages:         0 kB
FilePmdMapped:         0 kB
CmaTotal:          65536 kB
CmaFree:           28640 kB
Balloon:               0 kB
HugePages_Total:       0
HugePages_Free:        0
HugePages_Rsvd:        0
HugePages_Surp:        0
Hugepagesize:      32768 kB
Hugetlb:               0 kB

/sys/kernel/mm/transparent_hugepage/enabled: always [madvise] never
/sys/kernel/mm/transparent_hugepage/hpage_pmd_size: 33554432
/sys/kernel/mm/transparent_hugepage/shmem_enabled: always within_size advise [never] deny force
/sys/kernel/mm/transparent_hugepage/defrag (defrag/compaction efforts parameter): always defer defer+madvise [madvise] never

Process Memory:
Virtual Size: 10855808K (peak: 11547728K)
Resident Set Size: 2072016K (peak: 2249328K) (anon: 1999392K, file: 69072K, shmem: 3552K)
Swapped out: 0K
C-Heap outstanding allocations: 117361K, retained: 327246K
glibc malloc tunables: (default)

/proc/sys/kernel/threads-max (system-wide limit on the number of threads): 62196
/proc/sys/vm/max_map_count (maximum number of memory map areas a process may have): 1048576
/proc/sys/vm/swappiness (control to define how aggressively the kernel swaps out anonymous memory): 60
/proc/sys/kernel/pid_max (system-wide limit on number of process identifiers): 4194304

container information not found.
Steal ticks since vm start: 0
Steal ticks percentage since vm start:  0.000

CPU: total 10 (initial active 10) 0x61:0x2:0x025:0(0x024), fp, asimd, evtstrm, aes, pmull, sha1, sha256, crc32, lse, fphp, asimdhp, dcpop, sha3, sha512, paca
/proc/cpuinfo:
processor	: 0
BogoMIPS	: 48.00
Features	: fp asimd evtstrm aes pmull sha1 sha2 crc32 atomics fphp asimdhp cpuid asimdrdm jscvt fcma lrcpc dcpop sha3 asimddp sha512 asimdfhm dit uscat ilrcpc flagm ssbs sb paca pacg dcpodp flagm2 frint
CPU implementer	: 0x61
CPU architecture: 8
CPU variant	: 0x2
CPU part	: 0x024
CPU revision	: 0

processor	: 1
BogoMIPS	: 48.00
Features	: fp asimd evtstrm aes pmull sha1 sha2 crc32 atomics fphp asimdhp cpuid asimdrdm jscvt fcma lrcpc dcpop sha3 asimddp sha512 asimdfhm dit uscat ilrcpc flagm ssbs sb paca pacg dcpodp flagm2 frint
CPU implementer	: 0x61
CPU architecture: 8
CPU variant	: 0x2
CPU part	: 0x024
CPU revision	: 0

processor	: 2
BogoMIPS	: 48.00
Features	: fp asimd evtstrm aes pmull sha1 sha2 crc32 atomics fphp asimdhp cpuid asimdrdm jscvt fcma lrcpc dcpop sha3 asimddp sha512 asimdfhm dit uscat ilrcpc flagm ssbs sb paca pacg dcpodp flagm2 frint
CPU implementer	: 0x61
CPU architecture: 8
CPU variant	: 0x2
CPU part	: 0x025
CPU revision	: 0

processor	: 3
BogoMIPS	: 48.00
Features	: fp asimd evtstrm aes pmull sha1 sha2 crc32 atomics fphp asimdhp cpuid asimdrdm jscvt fcma lrcpc dcpop sha3 asimddp sha512 asimdfhm dit uscat ilrcpc flagm ssbs sb paca pacg dcpodp flagm2 frint
CPU implementer	: 0x61
CPU architecture: 8
CPU variant	: 0x2
CPU part	: 0x025
CPU revision	: 0

processor	: 4
BogoMIPS	: 48.00
Features	: fp asimd evtstrm aes pmull sha1 sha2 crc32 atomics fphp asimdhp cpuid asimdrdm jscvt fcma lrcpc dcpop sha3 asimddp sha512 asimdfhm dit uscat ilrcpc flagm ssbs sb paca pacg dcpodp flagm2 frint
CPU implementer	: 0x61
CPU architecture: 8
CPU variant	: 0x2
CPU part	: 0x025
CPU revision	: 0

processor	: 5
BogoMIPS	: 48.00
Features	: fp asimd evtstrm aes pmull sha1 sha2 crc32 atomics fphp asimdhp cpuid asimdrdm jscvt fcma lrcpc dcpop sha3 asimddp sha512 asimdfhm dit uscat ilrcpc flagm ssbs sb paca pacg dcpodp flagm2 frint
CPU implementer	: 0x61
CPU architecture: 8
CPU variant	: 0x2
CPU part	: 0x025
CPU revision	: 0

processor	: 6
BogoMIPS	: 48.00
Features	: fp asimd evtstrm aes pmull sha1 sha2 crc32 atomics fphp asimdhp cpuid asimdrdm jscvt fcma lrcpc dcpop sha3 asimddp sha512 asimdfhm dit uscat ilrcpc flagm ssbs sb paca pacg dcpodp flagm2 frint
CPU implementer	: 0x61
CPU architecture: 8
CPU variant	: 0x2
CPU part	: 0x025
CPU revision	: 0

processor	: 7
BogoMIPS	: 48.00
Features	: fp asimd evtstrm aes pmull sha1 sha2 crc32 atomics fphp asimdhp cpuid asimdrdm jscvt fcma lrcpc dcpop sha3 asimddp sha512 asimdfhm dit uscat ilrcpc flagm ssbs sb paca pacg dcpodp flagm2 frint
CPU implementer	: 0x61
CPU architecture: 8
CPU variant	: 0x2
CPU part	: 0x025
CPU revision	: 0

processor	: 8
BogoMIPS	: 48.00
Features	: fp asimd evtstrm aes pmull sha1 sha2 crc32 atomics fphp asimdhp cpuid asimdrdm jscvt fcma lrcpc dcpop sha3 asimddp sha512 asimdfhm dit uscat ilrcpc flagm ssbs sb paca pacg dcpodp flagm2 frint
CPU implementer	: 0x61
CPU architecture: 8
CPU variant	: 0x2
CPU part	: 0x025
CPU revision	: 0

processor	: 9
BogoMIPS	: 48.00
Features	: fp asimd evtstrm aes pmull sha1 sha2 crc32 atomics fphp asimdhp cpuid asimdrdm jscvt fcma lrcpc dcpop sha3 asimddp sha512 asimdfhm dit uscat ilrcpc flagm ssbs sb paca pacg dcpodp flagm2 frint
CPU implementer	: 0x61
CPU architecture: 8
CPU variant	: 0x2
CPU part	: 0x025
CPU revision	: 0


Online cpus: 0-9
Offline cpus: 

Memory: 16k page, physical 15755056k(5228288k free), swap 33554336k(30146032k free)
Page Sizes: 16k

vm_info: OpenJDK 64-Bit Server VM (25.0.3+9-b480.61) for linux-aarch64 JRE (25.0.3+9-b480.61), built on 2026-05-12 with gcc 10.3.1 20210422 (Red Hat 10.3.1-1.2.0.1)

END.
