#
# A fatal error has been detected by the Java Runtime Environment:
#
#  SIGSEGV (0xb) at pc=0x0000fffe1053c670, pid=49849, tid=49866
#
# JRE version: OpenJDK Runtime Environment JBR-25.0.3+9-480.61-nomod (25.0.3+9) (build 25.0.3+9-b480.61)
# Java VM: OpenJDK 64-Bit Server VM JBR-25.0.3+9-480.61-nomod (25.0.3+9-b480.61, mixed mode, sharing, tiered, compressed oops, compressed class ptrs, g1 gc, linux-aarch64)
# Problematic frame:
# C  [libopenal.so+0x9c670]
#
# Core dump will be written. Default location: Determined by the following: "/usr/lib/systemd/systemd-coredump %P %u %g %s %t %c %h %d %F" (alternatively, falling back to /home/anguscrump/Documents/Coding/ribbon-world/run/core.49849)
#
# If you would like to submit a bug report, please visit:
#   https://youtrack.jetbrains.com/issues/JBR
#

---------------  S U M M A R Y ------------

Command Line: -Dfabric.dli.config=/home/anguscrump/Documents/Coding/ribbon-world/.gradle/loom-cache/launch.cfg -Dfabric.dli.env=client -Dfabric.dli.main=net.fabricmc.loader.impl.launch.knot.KnotClient --sun-misc-unsafe-memory-access=allow --enable-native-access=ALL-UNNAMED --sun-misc-unsafe-memory-access=allow --enable-native-access=ALL-UNNAMED -Dfile.encoding=UTF-8 -Duser.country=AU -Duser.language=en -Duser.variant -Dawt.toolkit.name=XToolkit net.fabricmc.devlaunchinjector.Main

Host: AArch64, 10 cores, 15G, Fedora Asahi Remix release 44 (Forty Four)
Time: Wed May 20 13:33:04 2026 AEST elapsed time: 9.350330 seconds (0d 0h 0m 9s)

---------------  T H R E A D  ---------------

Current thread (0x0000fffed420da90):  VMThread "VM Thread"          [id=49866, stack(0x0000fffed8604000,0x0000fffed8804000) (2048K)]

Stack: [0x0000fffed8604000,0x0000fffed8804000],  sp=0x0000fffed88021b0,  free space=2040k
Native frames: (J=compiled Java code, j=interpreted, Vv=VM code, C=native code)
C  [libopenal.so+0x9c670]
C  [libc.so.6+0x3eb2c]  __run_exit_handlers+0x1ac
C  [libc.so.6+0x3ec20]  internal_addseverity+0x0
V  [libjvm.so+0xc7c05c]
V  [libjvm.so+0x88dad0]  vm_exit(int)+0x0
V  [libjvm.so+0xf8e1c4]  VM_Operation::evaluate()+0xf4
V  [libjvm.so+0xf91550]  VMThread::evaluate_operation(VM_Operation*)+0xb0
V  [libjvm.so+0xf92138]  VMThread::inner_execute(VM_Operation*)+0x2d8
V  [libjvm.so+0xf92450]  VMThread::run()+0xac
V  [libjvm.so+0xef92b8]  Thread::call_run()+0xa8
V  [libjvm.so+0xc71af4]  thread_native_entry(Thread*)+0xe0
C  [libc.so.6+0x8f81c]  start_thread+0x3bc

siginfo: si_signo: 11 (SIGSEGV), si_code: 1 (SEGV_MAPERR), si_addr: 0x0000000000000000

Registers:
R0=0x0000fffe10654c38
R1=0x0000000000000000
R2=0x0000000000000000
R3=0x0000000000000000
R4=0x0000fffdf4000030
R5=0x00000000424104fc
R6=0x0000000000000400
R7=0x0000fffe98000980
R8=0x0000fffdf40020f0
R9=0x5a27ca591a192486
R10=0x0000000000000054
R11=0x0000fffedd4966e8
R12=0x0000000000000030
R13=0x0000fffed8803880
R14=0x0000000000000000
R15=0x0000fffe98033190
R16=0x0000000000000001
R17=0x0000fffedd371b40
R18=0x0000000000001e21
R19=0x0000fffdf40020f0
R20=0x0000fffdf40021a0
R21=0x0000fffe10654be8
R22=0x0000fffdf40020d0
R23=0x0000fffe10654b58
R24=0x0000fffe10654c68
R25=0x0000fffed684b260
R26=0x0000000000000b2b
R27=0x0000fffe1053c5a4
R28=0x0000fffe10654be8
R29=0x0000fffed88021b0
R30=0x0000fffe1053c660


Register to memory mapping:

R0 =0x0000fffe10654c38: <offset 0x00000000001b4c38> in /tmp/lwjgl_anguscrump/3.4.1-snapshot/arm64/libopenal.so at 0x0000fffe104a0000
R1 =0x0 is null
R2 =0x0 is null
R3 =0x0 is null
R4 =0x0000fffdf4000030 points into unknown readable memory: 0x0000000200000000 | 00 00 00 00 02 00 00 00
R5 =0x00000000424104fc is an unknown value
R6 =0x0000000000000400 is an unknown value
R7 =0x0000fffe98000980 points into unknown readable memory: 0x0000000200000002 | 02 00 00 00 02 00 00 00
R8 =0x0000fffdf40020f0 points into unknown readable memory: 0x0000000000000000 | 00 00 00 00 00 00 00 00
R9 =0x5a27ca591a192486 is an unknown value
R10=0x0000000000000054 is an unknown value
R11=0x0000fffedd4966e8: <offset 0x00000000001c66e8> in /lib64/libc.so.6 at 0x0000fffedd2d0000
R12=0x0000000000000030 is an unknown value
R13=0x0000fffed8803880 points into unknown readable memory: 0x0000fffea4001c80 | 80 1c 00 a4 fe ff 00 00
R14=0x0 is null
R15=0x0000fffe98033190 points into unknown readable memory: 0x0000000000000040 | 40 00 00 00 00 00 00 00
R16=0x0000000000000001 is an unknown value
R17=0x0000fffedd371b40: __libc_free+0x0000000000000000 in /lib64/libc.so.6 at 0x0000fffedd2d0000
R18=0x0000000000001e21 is an unknown value
R19=0x0000fffdf40020f0 points into unknown readable memory: 0x0000000000000000 | 00 00 00 00 00 00 00 00
R20=0x0000fffdf40021a0 points into unknown readable memory: 0x0000fffdf40000c8 | c8 00 00 f4 fd ff 00 00
R21=0x0000fffe10654be8: <offset 0x00000000001b4be8> in /tmp/lwjgl_anguscrump/3.4.1-snapshot/arm64/libopenal.so at 0x0000fffe104a0000
R22=0x0000fffdf40020d0 points into unknown readable memory: 0x0000fffdf4001ee0 | e0 1e 00 f4 fd ff 00 00
R23=0x0000fffe10654b58: <offset 0x00000000001b4b58> in /tmp/lwjgl_anguscrump/3.4.1-snapshot/arm64/libopenal.so at 0x0000fffe104a0000
R24=0x0000fffe10654c68: <offset 0x00000000001b4c68> in /tmp/lwjgl_anguscrump/3.4.1-snapshot/arm64/libopenal.so at 0x0000fffe104a0000
R25=0x0000fffed684b260 points into unknown readable memory: 0x0000fffed680b1e0 | e0 b1 80 d6 fe ff 00 00
R26=0x0000000000000b2b is an unknown value
R27=0x0000fffe1053c5a4: <offset 0x000000000009c5a4> in /tmp/lwjgl_anguscrump/3.4.1-snapshot/arm64/libopenal.so at 0x0000fffe104a0000
R28=0x0000fffe10654be8: <offset 0x00000000001b4be8> in /tmp/lwjgl_anguscrump/3.4.1-snapshot/arm64/libopenal.so at 0x0000fffe104a0000
R29=0x0000fffed88021b0 points into unknown readable memory: 0x0000fffed88021f0 | f0 21 80 d8 fe ff 00 00
R30=0x0000fffe1053c660: <offset 0x000000000009c660> in /tmp/lwjgl_anguscrump/3.4.1-snapshot/arm64/libopenal.so at 0x0000fffe104a0000

Top of Stack: (sp=0x0000fffed88021b0)
0x0000fffed88021b0:   0000fffed88021f0 0000fffedd30eb2c   .!......,.0.....
0x0000fffed88021c0:   0000fffedd491000 0000fffedd492210   ..I......"I.....
0x0000fffed88021d0:   0000fffedd54fc78 0000000000000000   x.T.............
0x0000fffed88021e0:   0000fffedd490658 0000fffedd492000   X.I...... I.....
0x0000fffed88021f0:   0000fffed8802260 007ffffedd30ec20   `"...... .0.....
0x0000fffed8802200:   0000000000000000 0000fffedbbdb938   ........8.......
0x0000fffed8802210:   0000fffedbbdb938 0000fffea4001260   8.......`.......
0x0000fffed8802220:   0000fffea4001278 0000fffea4001650   x.......P.......
0x0000fffed8802230:   00000000000003d8 0000fffedd21fc18   ..........!.....
0x0000fffed8802240:   00000000000003d8 0000fffedd21fc18   ..........!.....
0x0000fffed8802250:   0000fffed420e060 0000fffe00000001   `. .............
0x0000fffed8802260:   0000fffed8802270 007dfffedc95c05c   p"......\.....}.
0x0000fffed8802270:   0000fffed8802280 0000fffedc56dad0   ."........V.....
0x0000fffed8802280:   0000fffed88022a0 0000fffedcc6e1c4   ."..............
0x0000fffed8802290:   0000fffed420e060 0000fffedc2a1e60   `. .....`.*.....
0x0000fffed88022a0:   0000fffed88023b0 0000fffedcc71550   .#......P.......
0x0000fffed88022b0:   0000fffed420e060 0000fffedd14d000   `. .............
0x0000fffed88022c0:   0000fffedbbdb938 0000fffed8803880   8........8......
0x0000fffed88022d0:   0000fffea4001260 0000fffed420da90   `......... .....
0x0000fffed88022e0:   0000fffea4001278 0000fffea4001650   x.......P.......
0x0000fffed88022f0:   00000000000003d8 0000fffedd147000   .........p......
0x0000fffed8802300:   ffffff0f00000000 0000000000000000   ................
0x0000fffed8802310:   0000000000000014 0000000000000000   ................
0x0000fffed8802320:   3fc9ba5e353f7cee 0000000000000000   .|?5^..?........
0x0000fffed8802330:   0000fffed8802350 0000fffedc9ff3f8   P#..............
0x0000fffed8802340:   0000fffed8802380 0000000000000000   .#..............
0x0000fffed8802350:   0000fffed8802360 0003fffedd398b04   `#........9.....
0x0000fffed8802360:   0000fffed8802370 006ffffedc95cd64   p#......d.....o.
0x0000fffed8802370:   0000fffed8802390 0000fffedcbe94c0   .#..............
0x0000fffed8802380:   0000000000001bec 00000000068cf0fe   ................
0x0000fffed8802390:   0000fffed88023b0 0000fffedcc7152c   .#......,.......
0x0000fffed88023a0:   0000fffed420e060 f9bd3e5372e3f900   `. ........rS>..

Instructions: (pc=0x0000fffe1053c670)
  0x0000fffe1053c570:   80 08 00 90 00 e0 44 f9 e2 27 40 f9 01 00 40 f9
  0x0000fffe1053c580:   42 00 01 eb 01 00 80 d2 61 00 00 54 fd 7b c5 a8
  0x0000fffe1053c590:   c0 03 5f d6 df d8 fd 97 fa d8 fd 97 0d db fd 97
  0x0000fffe1053c5a0:   f4 ff ff 17 fd 7b bc a9 fd 03 00 91 f5 5b 02 a9
  0x0000fffe1053c5b0:   f5 03 00 aa 00 00 40 f9 f3 53 01 a9 f7 63 03 a9
  0x0000fffe1053c5c0:   80 00 00 b4 c1 08 00 90 21 bc 45 f9 20 00 3f d6
  0x0000fffe1053c5d0:   a0 62 43 39 80 09 00 35 b3 42 40 f9 b8 02 02 91
  0x0000fffe1053c5e0:   16 07 40 f9 7f 02 16 eb 20 03 00 54 d7 08 00 90
  0x0000fffe1053c5f0:   f7 62 2d 91 1f 20 03 d5 74 02 40 f9 14 02 00 b4
  0x0000fffe1053c600:   e0 03 14 aa 82 0e 40 f9 01 0c 41 f8 03 10 40 f9
  0x0000fffe1053c610:   41 00 00 f9 22 04 00 f9 43 00 00 b4 60 00 3f d6
  0x0000fffe1053c620:   80 06 40 f9 60 00 00 b4 e1 16 40 f9 20 00 3f d6
  0x0000fffe1053c630:   e0 03 14 aa 01 08 80 d2 ca d9 fd 97 73 22 00 91
  0x0000fffe1053c640:   df 02 13 eb a1 fd ff 54 b6 42 40 f9 b6 00 00 b4
  0x0000fffe1053c650:   01 0b 40 f9 e0 03 16 aa 21 00 16 cb c1 d9 fd 97
  0x0000fffe1053c660:   e0 03 15 aa a2 2e 40 f9 01 0c 45 f8 03 10 40 f9
=>0x0000fffe1053c670:   41 00 00 f9 22 04 00 f9 43 00 00 b4 60 00 3f d6
  0x0000fffe1053c680:   e0 03 15 aa a2 16 40 f9 01 0c 42 f8 03 10 40 f9
  0x0000fffe1053c690:   41 00 00 f9 22 04 00 f9 43 00 00 b4 60 00 3f d6
  0x0000fffe1053c6a0:   a0 0e 40 f9 80 00 00 b4 c1 08 00 90 21 c0 45 f9
  0x0000fffe1053c6b0:   20 00 3f d6 a0 0a 40 f9 80 00 00 b4 c1 08 00 90
  0x0000fffe1053c6c0:   21 c4 45 f9 20 00 3f d6 a0 06 40 f9 80 00 00 b4
  0x0000fffe1053c6d0:   c1 08 00 90 21 c8 45 f9 20 00 3f d6 a0 02 40 f9
  0x0000fffe1053c6e0:   80 00 00 b4 c1 08 00 90 21 cc 45 f9 20 00 3f d6
  0x0000fffe1053c6f0:   f3 53 41 a9 f5 5b 42 a9 f7 63 43 a9 fd 7b c4 a8
  0x0000fffe1053c700:   c0 03 5f d6 e0 03 15 aa bf 62 03 39 a2 5a 40 f9
  0x0000fffe1053c710:   01 8c 4a f8 03 10 40 f9 41 00 00 f9 22 04 00 f9
  0x0000fffe1053c720:   43 00 00 b4 60 00 3f d6 a0 52 40 f9 60 f5 ff b4
  0x0000fffe1053c730:   c1 08 00 90 21 c0 45 f9 20 00 3f d6 a7 ff ff 17
  0x0000fffe1053c740:   fd 7b bd a9 fd 03 00 91 f3 53 01 a9 53 00 01 cb
  0x0000fffe1053c750:   f4 03 00 aa f5 13 00 f9 f5 03 01 aa 7f 3e 00 f1
  0x0000fffe1053c760:   08 03 00 54 00 00 40 f9 7f 06 00 f1 41 01 00 54


Stack slot to memory mapping:

stack at sp + 0 slots: 0x0000fffed88021f0 points into unknown readable memory: 0x0000fffed8802260 | 60 22 80 d8 fe ff 00 00
stack at sp + 1 slots: 0x0000fffedd30eb2c: <offset 0x000000000003eb2c> in /lib64/libc.so.6 at 0x0000fffedd2d0000
stack at sp + 2 slots: 0x0000fffedd491000: <offset 0x00000000001c1000> in /lib64/libc.so.6 at 0x0000fffedd2d0000
stack at sp + 3 slots: 0x0000fffedd492210: <offset 0x00000000001c2210> in /lib64/libc.so.6 at 0x0000fffedd2d0000
stack at sp + 4 slots: 0x0000fffedd54fc78: __pointer_chk_guard+0x0000000000000000 in /lib/ld-linux-aarch64.so.1 at 0x0000fffedd510000
stack at sp + 5 slots: 0x0 is null
stack at sp + 6 slots: 0x0000fffedd490658: <offset 0x00000000001c0658> in /lib64/libc.so.6 at 0x0000fffedd2d0000
stack at sp + 7 slots: 0x0000fffedd492000: <offset 0x00000000001c2000> in /lib64/libc.so.6 at 0x0000fffedd2d0000

VM_Operation (0x0000fffedbbdb938): Exit, mode: safepoint, requested by thread 0x0000fffed4031730


---------------  P R O C E S S  ---------------

Threads class SMR info:
_java_thread_list=0x0000fffda0003670, length=20, elements={
0x0000fffed4031730, 0x0000fffed42156a0, 0x0000fffed4218ee0, 0x0000fffed421a7c0,
0x0000fffed421c240, 0x0000fffed421dba0, 0x0000fffed421f450, 0x0000fffed4221210,
0x0000fffed4222c30, 0x0000fffed425c5e0, 0x0000fffed57817d0, 0x0000fffed57327c0,
0x0000fffed621f040, 0x0000fffed645cc50, 0x0000fffed6469880, 0x0000fffed646a680,
0x0000fffe44042b10, 0x0000fffdec072850, 0x0000fffdac445e90, 0x0000fffe6d1a6fe0
}

Java Threads: ( => current thread )
  0x0000fffed4031730 JavaThread "Render thread"                     [_thread_blocked, id=49855, stack(0x0000fffedb9e0000,0x0000fffedbbde000) (2040K)]
  0x0000fffed42156a0 JavaThread "Common-Cleaner"             daemon [_thread_blocked, id=49867, stack(0x0000fffed8804000,0x0000fffed8a14000) (2112K)]
  0x0000fffed4218ee0 JavaThread "Reference Handler"          daemon [_thread_blocked, id=49868, stack(0x0000fffebd1dc000,0x0000fffebd3dc000) (2048K)]
  0x0000fffed421a7c0 JavaThread "Finalizer"                  daemon [_thread_blocked, id=49869, stack(0x0000fffebcfdc000,0x0000fffebd1dc000) (2048K)]
  0x0000fffed421c240 JavaThread "Signal Dispatcher"          daemon [_thread_blocked, id=49870, stack(0x0000fffebcddc000,0x0000fffebcfdc000) (2048K)]
  0x0000fffed421dba0 JavaThread "Service Thread"             daemon [_thread_blocked, id=49871, stack(0x0000fffebcbdc000,0x0000fffebcddc000) (2048K)]
  0x0000fffed421f450 JavaThread "Monitor Deflation Thread"   daemon [_thread_blocked, id=49872, stack(0x0000fffebc9dc000,0x0000fffebcbdc000) (2048K)]
  0x0000fffed4221210 JavaThread "C2 CompilerThread0"         daemon [_thread_blocked, id=49873, stack(0x0000fffebc7dc000,0x0000fffebc9dc000) (2048K)]
  0x0000fffed4222c30 JavaThread "C1 CompilerThread0"         daemon [_thread_blocked, id=49874, stack(0x0000fffebc5dc000,0x0000fffebc7dc000) (2048K)]
  0x0000fffed425c5e0 JavaThread "Notification Thread"        daemon [_thread_blocked, id=49875, stack(0x0000fffebc3dc000,0x0000fffebc5dc000) (2048K)]
  0x0000fffed57817d0 JavaThread "process reaper"             daemon [_thread_blocked, id=49911, stack(0x0000fffebc16c000,0x0000fffebc1a0000) (208K)]
  0x0000fffed57327c0 JavaThread "JNA Cleaner"                daemon [_thread_blocked, id=49912, stack(0x0000fffeb09b0000,0x0000fffeb0bb0000) (2048K)]
  0x0000fffed621f040 JavaThread "Timer hack thread"          daemon [_thread_blocked, id=49932, stack(0x0000fffeb0db0000,0x0000fffeb0fb0000) (2048K)]
  0x0000fffed645cc50 JavaThread "Yggdrasil Key Fetcher"      daemon [_thread_blocked, id=49934, stack(0x0000fffeb01b0000,0x0000fffeb03b0000) (2048K)]
  0x0000fffed6469880 JavaThread "Download-1"                 daemon [_thread_blocked, id=49935, stack(0x0000fffeb07b0000,0x0000fffeb09b0000) (2048K)]
  0x0000fffed646a680 JavaThread "Download-2"                 daemon [_thread_blocked, id=49936, stack(0x0000fffeb05b0000,0x0000fffeb07b0000) (2048K)]
  0x0000fffe44042b10 JavaThread "Keep-Alive-Timer"           daemon [_thread_blocked, id=49944, stack(0x0000fffeb0bb0000,0x0000fffeb0db0000) (2048K)]
  0x0000fffdec072850 JavaThread "ForkJoinPool.commonPool-worker-1" daemon [_thread_blocked, id=49972, stack(0x0000fffdc8f80000,0x0000fffdc9180000) (2048K)]
  0x0000fffdac445e90 JavaThread "Sound engine"               daemon [_thread_blocked, id=50002, stack(0x0000fffeb1e00000,0x0000fffeb2000000) (2048K)]
  0x0000fffe6d1a6fe0 JavaThread "C2 CompilerThread1"         daemon [_thread_blocked, id=50004, stack(0x0000fffeb03b0000,0x0000fffeb05b0000) (2048K)]
Total: 20

Other Threads:
=>0x0000fffed420da90 VMThread "VM Thread"                           [id=49866, stack(0x0000fffed8604000,0x0000fffed8804000) (2048K)]
  0x0000fffed41867b0 WorkerThread "GC Thread#0"                     [id=49857, stack(0x0000fffed9bf8000,0x0000fffed9df8000) (2048K)]
  0x0000fffe98007c00 WorkerThread "GC Thread#1"                     [id=49882, stack(0x0000fffeb1c00000,0x0000fffeb1e00000) (2048K)]
  0x0000fffe980086c0 WorkerThread "GC Thread#2"                     [id=49883, stack(0x0000fffeb19f0000,0x0000fffeb1bf0000) (2048K)]
  0x0000fffe98009280 WorkerThread "GC Thread#3"                     [id=49884, stack(0x0000fffeb17e0000,0x0000fffeb19e0000) (2048K)]
  0x0000fffe98009ff0 WorkerThread "GC Thread#4"                     [id=49885, stack(0x0000fffeb15d0000,0x0000fffeb17d0000) (2048K)]
  0x0000fffe9800ad60 WorkerThread "GC Thread#5"                     [id=49886, stack(0x0000fffeb13c0000,0x0000fffeb15c0000) (2048K)]
  0x0000fffe98015d10 WorkerThread "GC Thread#6"                     [id=49900, stack(0x0000fffe85c00000,0x0000fffe85e00000) (2048K)]
  0x0000fffe9800e8b0 WorkerThread "GC Thread#7"                     [id=49902, stack(0x0000fffe859f0000,0x0000fffe85bf0000) (2048K)]
  0x0000fffe98018120 WorkerThread "GC Thread#8"                     [id=49903, stack(0x0000fffe857e0000,0x0000fffe859e0000) (2048K)]
  0x0000fffed419e930 ConcurrentGCThread "G1 Main Marker"            terminated
  0x0000fffed419fb20 WorkerThread "G1 Conc#0"                       [id=49859, stack(0x0000fffed97d8000,0x0000fffed99d8000) (2048K)]
  0x0000fffeb8000c80 WorkerThread "G1 Conc#1"                       [id=49904, stack(0x0000fffe855d0000,0x0000fffe857d0000) (2048K)]
  0x0000fffed41ed480 ConcurrentGCThread "G1 Refine#0"               terminated
  0x0000fffed41ee690 ConcurrentGCThread "G1 Service"                terminated
Total: 15

Threads with active compile tasks:
C1 CompilerThread0  9363 16586       3       org.apache.logging.log4j.core.Logger$PrivateConfig::<init> (67 bytes)
Total: 1

VM state: at safepoint (shutting down)

VM Mutex/Monitor currently owned by a thread:  ([mutex/lock_event])
[0x0000fffedd1e9558] Threads_lock - owner thread: 0x0000fffed420da90
[0x0000fffedd1e96f0] Heap_lock - owner thread: 0x0000fffed4031730

Heap address: 0x000000070f800000, size: 3848 MB, Compressed Oops mode: Zero based, Oop shift amount: 3

CDS archive(s) mapped at: [0x0000060000000000-0x0000060001d00000-0x0000060001d00000), size 30408704, SharedBaseAddress: 0x0000060000000000, ArchiveRelocationMode: 1.
Compressed class space mapped at: 0x0000060002000000-0x0000060042000000, reserved size: 1073741824
UseCompressedClassPointers 1, UseCompactObjectHeaders 0
Narrow klass pointer bits 32, Max shift 3
Narrow klass base: 0x0000060000000000, Narrow klass shift: 0
Encoding Range: [0x0000060000000000 - 0x0000060100000000), (4294967296 bytes)
Klass Range:    [0x0000060000010000 - 0x0000060042000000), (1107230720 bytes)
Klass ID Range:  [65536 - 1107296249) (1107230713)
Protection zone: [0x0000060000000000 - 0x0000060000010000), (65536 bytes)

GC Precious Log:
 CardTable entry size: 512
 Card Set container configuration: InlinePtr #cards 4 size 8 Array Of Cards #cards 16 size 48 Howl #buckets 8 coarsen threshold 3686 Howl Bitmap #cards 512 size 80 coarsen threshold 460 Card regions per heap region 1 cards per card region 4096
 CPUs: 10 total, 10 available
 Memory: 15385M
 Large Page Support: Disabled
 NUMA Support: Disabled
 Compressed Oops: Enabled (Zero based)
 Heap Region Size: 2M
 Heap Min Capacity: 8M
 Heap Initial Capacity: 248M
 Heap Max Capacity: 3848M
 Pre-touch: Disabled
 Parallel Workers: 9
 Concurrent Workers: 2
 Concurrent Refinement Workers: 9
 Periodic GC: Disabled

Heap:
 garbage-first heap   total reserved 3940352K, committed 522240K, used 284631K [0x000000070f800000, 0x0000000800000000)
  region size 2048K, 57 young (116736K), 18 survivors (36864K)

Heap Regions: E=young(eden), S=young(survivor), O=old, HS=humongous(starts), HC=humongous(continues), CS=collection set, F=free, TAMS=top-at-mark-start, PB=parsable bottom
|   0|0x000000070f800000, 0x000000070fa00000, 0x000000070fa00000|100%|HS|  |TAMS 0x000000070f800000| PB 0x000000070f800000| Complete |  0
|   1|0x000000070fa00000, 0x000000070fc00000, 0x000000070fc00000|100%|HS|  |TAMS 0x000000070fa00000| PB 0x000000070fa00000| Complete |  0
|   2|0x000000070fc00000, 0x000000070fe00000, 0x000000070fe00000|100%|HS|  |TAMS 0x000000070fc00000| PB 0x000000070fc00000| Complete |  0
|   3|0x000000070fe00000, 0x0000000710000000, 0x0000000710000000|100%| O|  |TAMS 0x000000070fe00000| PB 0x000000070fe00000| Untracked |  0
|   4|0x0000000710000000, 0x0000000710200000, 0x0000000710200000|100%| O|  |TAMS 0x0000000710000000| PB 0x0000000710000000| Untracked |  0
|   5|0x0000000710200000, 0x0000000710400000, 0x0000000710400000|100%| O|  |TAMS 0x0000000710200000| PB 0x0000000710200000| Untracked |  0
|   6|0x0000000710400000, 0x0000000710600000, 0x0000000710600000|100%| O|  |TAMS 0x0000000710400000| PB 0x0000000710400000| Untracked |  0
|   7|0x0000000710600000, 0x0000000710800000, 0x0000000710800000|100%| O|  |TAMS 0x0000000710600000| PB 0x0000000710600000| Untracked |  0
|   8|0x0000000710800000, 0x0000000710a00000, 0x0000000710a00000|100%| O|  |TAMS 0x0000000710800000| PB 0x0000000710800000| Untracked |  0
|   9|0x0000000710a00000, 0x0000000710c00000, 0x0000000710c00000|100%| O|  |TAMS 0x0000000710a00000| PB 0x0000000710a00000| Untracked |  0
|  10|0x0000000710c00000, 0x0000000710e00000, 0x0000000710e00000|100%| O|  |TAMS 0x0000000710c00000| PB 0x0000000710c00000| Untracked |  0
|  11|0x0000000710e00000, 0x0000000711000000, 0x0000000711000000|100%| O|  |TAMS 0x0000000710e00000| PB 0x0000000710e00000| Untracked |  0
|  12|0x0000000711000000, 0x0000000711200000, 0x0000000711200000|100%| O|  |TAMS 0x0000000711000000| PB 0x0000000711000000| Untracked |  0
|  13|0x0000000711200000, 0x0000000711400000, 0x0000000711400000|100%| O|  |TAMS 0x0000000711200000| PB 0x0000000711200000| Untracked |  0
|  14|0x0000000711400000, 0x0000000711600000, 0x0000000711600000|100%| O|  |TAMS 0x0000000711400000| PB 0x0000000711400000| Untracked |  0
|  15|0x0000000711600000, 0x0000000711800000, 0x0000000711800000|100%| O|  |TAMS 0x0000000711600000| PB 0x0000000711600000| Untracked |  0
|  16|0x0000000711800000, 0x0000000711a00000, 0x0000000711a00000|100%| O|  |TAMS 0x0000000711800000| PB 0x0000000711800000| Untracked |  0
|  17|0x0000000711a00000, 0x0000000711c00000, 0x0000000711c00000|100%| O|  |TAMS 0x0000000711a00000| PB 0x0000000711a00000| Untracked |  0
|  18|0x0000000711c00000, 0x0000000711e00000, 0x0000000711e00000|100%| O|  |TAMS 0x0000000711c00000| PB 0x0000000711c00000| Untracked |  0
|  19|0x0000000711e00000, 0x0000000712000000, 0x0000000712000000|100%| O|  |TAMS 0x0000000711e00000| PB 0x0000000711e00000| Untracked |  0
|  20|0x0000000712000000, 0x0000000712200000, 0x0000000712200000|100%| O|  |TAMS 0x0000000712000000| PB 0x0000000712000000| Untracked |  0
|  21|0x0000000712200000, 0x0000000712400000, 0x0000000712400000|100%| O|  |TAMS 0x0000000712200000| PB 0x0000000712200000| Untracked |  0
|  22|0x0000000712400000, 0x0000000712600000, 0x0000000712600000|100%| O|  |TAMS 0x0000000712400000| PB 0x0000000712400000| Untracked |  0
|  23|0x0000000712600000, 0x0000000712800000, 0x0000000712800000|100%| O|  |TAMS 0x0000000712600000| PB 0x0000000712600000| Untracked |  0
|  24|0x0000000712800000, 0x0000000712a00000, 0x0000000712a00000|100%| O|  |TAMS 0x0000000712800000| PB 0x0000000712800000| Untracked |  0
|  25|0x0000000712a00000, 0x0000000712c00000, 0x0000000712c00000|100%| O|  |TAMS 0x0000000712a00000| PB 0x0000000712a00000| Untracked |  0
|  26|0x0000000712c00000, 0x0000000712e00000, 0x0000000712e00000|100%|HS|  |TAMS 0x0000000712c00000| PB 0x0000000712c00000| Complete |  0
|  27|0x0000000712e00000, 0x0000000713000000, 0x0000000713000000|100%|HC|  |TAMS 0x0000000712e00000| PB 0x0000000712e00000| Complete |  0
|  28|0x0000000713000000, 0x0000000713200000, 0x0000000713200000|100%|HC|  |TAMS 0x0000000713000000| PB 0x0000000713000000| Complete |  0
|  29|0x0000000713200000, 0x0000000713400000, 0x0000000713400000|100%|HC|  |TAMS 0x0000000713200000| PB 0x0000000713200000| Complete |  0
|  30|0x0000000713400000, 0x0000000713600000, 0x0000000713600000|100%|HC|  |TAMS 0x0000000713400000| PB 0x0000000713400000| Complete |  0
|  31|0x0000000713600000, 0x0000000713800000, 0x0000000713800000|100%|HC|  |TAMS 0x0000000713600000| PB 0x0000000713600000| Complete |  0
|  32|0x0000000713800000, 0x0000000713a00000, 0x0000000713a00000|100%| O|  |TAMS 0x0000000713800000| PB 0x0000000713800000| Untracked |  0
|  33|0x0000000713a00000, 0x0000000713c00000, 0x0000000713c00000|100%| O|  |TAMS 0x0000000713a00000| PB 0x0000000713a00000| Untracked |  0
|  34|0x0000000713c00000, 0x0000000713e00000, 0x0000000713e00000|100%| O|  |TAMS 0x0000000713c00000| PB 0x0000000713c00000| Untracked |  0
|  35|0x0000000713e00000, 0x0000000714000000, 0x0000000714000000|100%| O|  |TAMS 0x0000000713e00000| PB 0x0000000713e00000| Untracked |  0
|  36|0x0000000714000000, 0x0000000714200000, 0x0000000714200000|100%| O|  |TAMS 0x0000000714000000| PB 0x0000000714000000| Untracked |  0
|  37|0x0000000714200000, 0x0000000714400000, 0x0000000714400000|100%| O|  |TAMS 0x0000000714200000| PB 0x0000000714200000| Untracked |  0
|  38|0x0000000714400000, 0x0000000714600000, 0x0000000714600000|100%| O|  |TAMS 0x0000000714400000| PB 0x0000000714400000| Untracked |  0
|  39|0x0000000714600000, 0x0000000714800000, 0x0000000714800000|100%| O|  |TAMS 0x0000000714600000| PB 0x0000000714600000| Untracked |  0
|  40|0x0000000714800000, 0x0000000714a00000, 0x0000000714a00000|100%| O|  |TAMS 0x0000000714800000| PB 0x0000000714800000| Untracked |  0
|  41|0x0000000714a00000, 0x0000000714c00000, 0x0000000714c00000|100%| O|  |TAMS 0x0000000714a00000| PB 0x0000000714a00000| Untracked |  0
|  42|0x0000000714c00000, 0x0000000714e00000, 0x0000000714e00000|100%| O|  |TAMS 0x0000000714c00000| PB 0x0000000714c00000| Untracked |  0
|  43|0x0000000714e00000, 0x0000000715000000, 0x0000000715000000|100%| O|  |TAMS 0x0000000714e00000| PB 0x0000000714e00000| Untracked |  0
|  44|0x0000000715000000, 0x0000000715200000, 0x0000000715200000|100%| O|  |TAMS 0x0000000715000000| PB 0x0000000715000000| Untracked |  0
|  45|0x0000000715200000, 0x0000000715400000, 0x0000000715400000|100%| O|  |TAMS 0x0000000715200000| PB 0x0000000715200000| Untracked |  0
|  46|0x0000000715400000, 0x0000000715600000, 0x0000000715600000|100%| O|  |TAMS 0x0000000715400000| PB 0x0000000715400000| Untracked |  0
|  47|0x0000000715600000, 0x0000000715800000, 0x0000000715800000|100%|HS|  |TAMS 0x0000000715600000| PB 0x0000000715600000| Complete |  0
|  48|0x0000000715800000, 0x0000000715a00000, 0x0000000715a00000|100%|HS|  |TAMS 0x0000000715800000| PB 0x0000000715800000| Complete |  0
|  49|0x0000000715a00000, 0x0000000715c00000, 0x0000000715c00000|100%| O|  |TAMS 0x0000000715a00000| PB 0x0000000715a00000| Untracked |  0
|  50|0x0000000715c00000, 0x0000000715e00000, 0x0000000715e00000|100%| O|  |TAMS 0x0000000715c00000| PB 0x0000000715c00000| Untracked |  0
|  51|0x0000000715e00000, 0x0000000716000000, 0x0000000716000000|100%| O|  |TAMS 0x0000000715e00000| PB 0x0000000715e00000| Untracked |  0
|  52|0x0000000716000000, 0x0000000716200000, 0x0000000716200000|100%| O|  |TAMS 0x0000000716000000| PB 0x0000000716000000| Untracked |  0
|  53|0x0000000716200000, 0x0000000716400000, 0x0000000716400000|100%| O|  |TAMS 0x0000000716200000| PB 0x0000000716200000| Untracked |  0
|  54|0x0000000716400000, 0x0000000716600000, 0x0000000716600000|100%| O|  |TAMS 0x0000000716400000| PB 0x0000000716400000| Untracked |  0
|  55|0x0000000716600000, 0x0000000716800000, 0x0000000716800000|100%| O|Cm|TAMS 0x0000000716600000| PB 0x0000000716600000| Complete |  0
|  56|0x0000000716800000, 0x0000000716a00000, 0x0000000716a00000|100%| O|  |TAMS 0x0000000716800000| PB 0x0000000716800000| Untracked |  0
|  57|0x0000000716a00000, 0x0000000716c00000, 0x0000000716c00000|100%| O|  |TAMS 0x0000000716a00000| PB 0x0000000716a00000| Untracked |  0
|  58|0x0000000716c00000, 0x0000000716e00000, 0x0000000716e00000|100%| O|Cm|TAMS 0x0000000716c00000| PB 0x0000000716c00000| Complete |  0
|  59|0x0000000716e00000, 0x0000000717000000, 0x0000000717000000|100%| O|  |TAMS 0x0000000716e00000| PB 0x0000000716e00000| Untracked |  0
|  60|0x0000000717000000, 0x0000000717200000, 0x0000000717200000|100%| O|  |TAMS 0x0000000717000000| PB 0x0000000717000000| Untracked |  0
|  61|0x0000000717200000, 0x0000000717400000, 0x0000000717400000|100%| O|  |TAMS 0x0000000717200000| PB 0x0000000717200000| Untracked |  0
|  62|0x0000000717400000, 0x0000000717600000, 0x0000000717600000|100%| O|  |TAMS 0x0000000717400000| PB 0x0000000717400000| Untracked |  0
|  63|0x0000000717600000, 0x0000000717800000, 0x0000000717800000|100%| O|  |TAMS 0x0000000717600000| PB 0x0000000717600000| Untracked |  0
|  64|0x0000000717800000, 0x0000000717800000, 0x0000000717a00000|  0%| F|  |TAMS 0x0000000717800000| PB 0x0000000717800000| Untracked |  0
|  65|0x0000000717a00000, 0x0000000717a00000, 0x0000000717c00000|  0%| F|  |TAMS 0x0000000717a00000| PB 0x0000000717a00000| Untracked |  0
|  66|0x0000000717c00000, 0x0000000717c00000, 0x0000000717e00000|  0%| F|  |TAMS 0x0000000717c00000| PB 0x0000000717c00000| Untracked |  0
|  67|0x0000000717e00000, 0x0000000717e00000, 0x0000000718000000|  0%| F|  |TAMS 0x0000000717e00000| PB 0x0000000717e00000| Untracked |  0
|  68|0x0000000718000000, 0x0000000718000000, 0x0000000718200000|  0%| F|  |TAMS 0x0000000718000000| PB 0x0000000718000000| Untracked |  0
|  69|0x0000000718200000, 0x0000000718200000, 0x0000000718400000|  0%| F|  |TAMS 0x0000000718200000| PB 0x0000000718200000| Untracked |  0
|  70|0x0000000718400000, 0x0000000718400000, 0x0000000718600000|  0%| F|  |TAMS 0x0000000718400000| PB 0x0000000718400000| Untracked |  0
|  71|0x0000000718600000, 0x0000000718600000, 0x0000000718800000|  0%| F|  |TAMS 0x0000000718600000| PB 0x0000000718600000| Untracked |  0
|  72|0x0000000718800000, 0x0000000718800000, 0x0000000718a00000|  0%| F|  |TAMS 0x0000000718800000| PB 0x0000000718800000| Untracked |  0
|  73|0x0000000718a00000, 0x0000000718a00000, 0x0000000718c00000|  0%| F|  |TAMS 0x0000000718a00000| PB 0x0000000718a00000| Untracked |  0
|  74|0x0000000718c00000, 0x0000000718c00000, 0x0000000718e00000|  0%| F|  |TAMS 0x0000000718c00000| PB 0x0000000718c00000| Untracked |  0
|  75|0x0000000718e00000, 0x0000000719000000, 0x0000000719000000|100%| O|  |TAMS 0x0000000718e00000| PB 0x0000000718e00000| Untracked |  0
|  76|0x0000000719000000, 0x0000000719200000, 0x0000000719200000|100%| O|  |TAMS 0x0000000719000000| PB 0x0000000719000000| Untracked |  0
|  77|0x0000000719200000, 0x0000000719200000, 0x0000000719400000|  0%| F|  |TAMS 0x0000000719200000| PB 0x0000000719200000| Untracked |  0
|  78|0x0000000719400000, 0x0000000719400000, 0x0000000719600000|  0%| F|  |TAMS 0x0000000719400000| PB 0x0000000719400000| Untracked |  0
|  79|0x0000000719600000, 0x0000000719600000, 0x0000000719800000|  0%| F|  |TAMS 0x0000000719600000| PB 0x0000000719600000| Untracked |  0
|  80|0x0000000719800000, 0x0000000719800000, 0x0000000719a00000|  0%| F|  |TAMS 0x0000000719800000| PB 0x0000000719800000| Untracked |  0
|  81|0x0000000719a00000, 0x0000000719a00000, 0x0000000719c00000|  0%| F|  |TAMS 0x0000000719a00000| PB 0x0000000719a00000| Untracked |  0
|  82|0x0000000719c00000, 0x0000000719e00000, 0x0000000719e00000|100%| O|  |TAMS 0x0000000719c00000| PB 0x0000000719c00000| Untracked |  0
|  83|0x0000000719e00000, 0x000000071a000000, 0x000000071a000000|100%| O|  |TAMS 0x0000000719e00000| PB 0x0000000719e00000| Untracked |  0
|  84|0x000000071a000000, 0x000000071a200000, 0x000000071a200000|100%| O|  |TAMS 0x000000071a000000| PB 0x000000071a000000| Untracked |  0
|  85|0x000000071a200000, 0x000000071a400000, 0x000000071a400000|100%| O|  |TAMS 0x000000071a200000| PB 0x000000071a200000| Untracked |  0
|  86|0x000000071a400000, 0x000000071a400000, 0x000000071a600000|  0%| F|  |TAMS 0x000000071a400000| PB 0x000000071a400000| Untracked |  0
|  87|0x000000071a600000, 0x000000071a600000, 0x000000071a800000|  0%| F|  |TAMS 0x000000071a600000| PB 0x000000071a600000| Untracked |  0
|  88|0x000000071a800000, 0x000000071a800000, 0x000000071aa00000|  0%| F|  |TAMS 0x000000071a800000| PB 0x000000071a800000| Untracked |  0
|  89|0x000000071aa00000, 0x000000071aa00000, 0x000000071ac00000|  0%| F|  |TAMS 0x000000071aa00000| PB 0x000000071aa00000| Untracked |  0
|  90|0x000000071ac00000, 0x000000071ac00000, 0x000000071ae00000|  0%| F|  |TAMS 0x000000071ac00000| PB 0x000000071ac00000| Untracked |  0
|  91|0x000000071ae00000, 0x000000071ae00000, 0x000000071b000000|  0%| F|  |TAMS 0x000000071ae00000| PB 0x000000071ae00000| Untracked |  0
|  92|0x000000071b000000, 0x000000071b000000, 0x000000071b200000|  0%| F|  |TAMS 0x000000071b000000| PB 0x000000071b000000| Untracked |  0
|  93|0x000000071b200000, 0x000000071b200000, 0x000000071b400000|  0%| F|  |TAMS 0x000000071b200000| PB 0x000000071b200000| Untracked |  0
|  94|0x000000071b400000, 0x000000071b400000, 0x000000071b600000|  0%| F|  |TAMS 0x000000071b400000| PB 0x000000071b400000| Untracked |  0
|  95|0x000000071b600000, 0x000000071b600000, 0x000000071b800000|  0%| F|  |TAMS 0x000000071b600000| PB 0x000000071b600000| Untracked |  0
|  96|0x000000071b800000, 0x000000071b800000, 0x000000071ba00000|  0%| F|  |TAMS 0x000000071b800000| PB 0x000000071b800000| Untracked |  0
|  97|0x000000071ba00000, 0x000000071ba00000, 0x000000071bc00000|  0%| F|  |TAMS 0x000000071ba00000| PB 0x000000071ba00000| Untracked |  0
|  98|0x000000071bc00000, 0x000000071bc00000, 0x000000071be00000|  0%| F|  |TAMS 0x000000071bc00000| PB 0x000000071bc00000| Untracked |  0
|  99|0x000000071be00000, 0x000000071be00000, 0x000000071c000000|  0%| F|  |TAMS 0x000000071be00000| PB 0x000000071be00000| Untracked |  0
| 100|0x000000071c000000, 0x000000071c200000, 0x000000071c200000|100%| O|  |TAMS 0x000000071c000000| PB 0x000000071c000000| Untracked |  0
| 101|0x000000071c200000, 0x000000071c400000, 0x000000071c400000|100%| O|  |TAMS 0x000000071c200000| PB 0x000000071c200000| Untracked |  0
| 102|0x000000071c400000, 0x000000071c600000, 0x000000071c600000|100%| S|CS|TAMS 0x000000071c400000| PB 0x000000071c400000| Complete |  0
| 103|0x000000071c600000, 0x000000071c800000, 0x000000071c800000|100%| S|CS|TAMS 0x000000071c600000| PB 0x000000071c600000| Complete |  0
| 104|0x000000071c800000, 0x000000071ca00000, 0x000000071ca00000|100%| S|CS|TAMS 0x000000071c800000| PB 0x000000071c800000| Complete |  0
| 105|0x000000071ca00000, 0x000000071cc00000, 0x000000071cc00000|100%| S|CS|TAMS 0x000000071ca00000| PB 0x000000071ca00000| Complete |  0
| 106|0x000000071cc00000, 0x000000071ce00000, 0x000000071ce00000|100%| S|CS|TAMS 0x000000071cc00000| PB 0x000000071cc00000| Complete |  0
| 107|0x000000071ce00000, 0x000000071d000000, 0x000000071d000000|100%| S|CS|TAMS 0x000000071ce00000| PB 0x000000071ce00000| Complete |  0
| 108|0x000000071d000000, 0x000000071d200000, 0x000000071d200000|100%| S|CS|TAMS 0x000000071d000000| PB 0x000000071d000000| Complete |  0
| 109|0x000000071d200000, 0x000000071d200000, 0x000000071d400000|  0%| F|  |TAMS 0x000000071d200000| PB 0x000000071d200000| Untracked |  0
| 110|0x000000071d400000, 0x000000071d400000, 0x000000071d600000|  0%| F|  |TAMS 0x000000071d400000| PB 0x000000071d400000| Untracked |  0
| 111|0x000000071d600000, 0x000000071d600000, 0x000000071d800000|  0%| F|  |TAMS 0x000000071d600000| PB 0x000000071d600000| Untracked |  0
| 112|0x000000071d800000, 0x000000071d800000, 0x000000071da00000|  0%| F|  |TAMS 0x000000071d800000| PB 0x000000071d800000| Untracked |  0
| 113|0x000000071da00000, 0x000000071da00000, 0x000000071dc00000|  0%| F|  |TAMS 0x000000071da00000| PB 0x000000071da00000| Untracked |  0
| 114|0x000000071dc00000, 0x000000071dc00000, 0x000000071de00000|  0%| F|  |TAMS 0x000000071dc00000| PB 0x000000071dc00000| Untracked |  0
| 115|0x000000071de00000, 0x000000071de00000, 0x000000071e000000|  0%| F|  |TAMS 0x000000071de00000| PB 0x000000071de00000| Untracked |  0
| 116|0x000000071e000000, 0x000000071e000000, 0x000000071e200000|  0%| F|  |TAMS 0x000000071e000000| PB 0x000000071e000000| Untracked |  0
| 117|0x000000071e200000, 0x000000071e200000, 0x000000071e400000|  0%| F|  |TAMS 0x000000071e200000| PB 0x000000071e200000| Untracked |  0
| 118|0x000000071e400000, 0x000000071e400000, 0x000000071e600000|  0%| F|  |TAMS 0x000000071e400000| PB 0x000000071e400000| Untracked |  0
| 119|0x000000071e600000, 0x000000071e600000, 0x000000071e800000|  0%| F|  |TAMS 0x000000071e600000| PB 0x000000071e600000| Untracked |  0
| 120|0x000000071e800000, 0x000000071e800000, 0x000000071ea00000|  0%| F|  |TAMS 0x000000071e800000| PB 0x000000071e800000| Untracked |  0
| 121|0x000000071ea00000, 0x000000071ea00000, 0x000000071ec00000|  0%| F|  |TAMS 0x000000071ea00000| PB 0x000000071ea00000| Untracked |  0
| 122|0x000000071ec00000, 0x000000071ec00000, 0x000000071ee00000|  0%| F|  |TAMS 0x000000071ec00000| PB 0x000000071ec00000| Untracked |  0
| 123|0x000000071ee00000, 0x000000071ee00000, 0x000000071f000000|  0%| F|  |TAMS 0x000000071ee00000| PB 0x000000071ee00000| Untracked |  0
| 124|0x000000071f000000, 0x000000071f000000, 0x000000071f200000|  0%| F|  |TAMS 0x000000071f000000| PB 0x000000071f000000| Untracked |  0
| 125|0x000000071f200000, 0x000000071f200000, 0x000000071f400000|  0%| F|  |TAMS 0x000000071f200000| PB 0x000000071f200000| Untracked |  0
| 126|0x000000071f400000, 0x000000071f400000, 0x000000071f600000|  0%| F|  |TAMS 0x000000071f400000| PB 0x000000071f400000| Untracked |  0
| 127|0x000000071f600000, 0x000000071f600000, 0x000000071f800000|  0%| F|  |TAMS 0x000000071f600000| PB 0x000000071f600000| Untracked |  0
| 128|0x000000071f800000, 0x000000071f800000, 0x000000071fa00000|  0%| F|  |TAMS 0x000000071f800000| PB 0x000000071f800000| Untracked |  0
| 129|0x000000071fa00000, 0x000000071fa00000, 0x000000071fc00000|  0%| F|  |TAMS 0x000000071fa00000| PB 0x000000071fa00000| Untracked |  0
| 130|0x000000071fc00000, 0x000000071fc00000, 0x000000071fe00000|  0%| F|  |TAMS 0x000000071fc00000| PB 0x000000071fc00000| Untracked |  0
| 131|0x000000071fe00000, 0x000000071fe00000, 0x0000000720000000|  0%| F|  |TAMS 0x000000071fe00000| PB 0x000000071fe00000| Untracked |  0
| 132|0x0000000720000000, 0x0000000720000000, 0x0000000720200000|  0%| F|  |TAMS 0x0000000720000000| PB 0x0000000720000000| Untracked |  0
| 133|0x0000000720200000, 0x0000000720200000, 0x0000000720400000|  0%| F|  |TAMS 0x0000000720200000| PB 0x0000000720200000| Untracked |  0
| 134|0x0000000720400000, 0x0000000720400000, 0x0000000720600000|  0%| F|  |TAMS 0x0000000720400000| PB 0x0000000720400000| Untracked |  0
| 135|0x0000000720600000, 0x0000000720600000, 0x0000000720800000|  0%| F|  |TAMS 0x0000000720600000| PB 0x0000000720600000| Untracked |  0
| 136|0x0000000720800000, 0x0000000720800000, 0x0000000720a00000|  0%| F|  |TAMS 0x0000000720800000| PB 0x0000000720800000| Untracked |  0
| 137|0x0000000720a00000, 0x0000000720a00000, 0x0000000720c00000|  0%| F|  |TAMS 0x0000000720a00000| PB 0x0000000720a00000| Untracked |  0
| 138|0x0000000720c00000, 0x0000000720c00000, 0x0000000720e00000|  0%| F|  |TAMS 0x0000000720c00000| PB 0x0000000720c00000| Untracked |  0
| 139|0x0000000720e00000, 0x0000000720e00000, 0x0000000721000000|  0%| F|  |TAMS 0x0000000720e00000| PB 0x0000000720e00000| Untracked |  0
| 140|0x0000000721000000, 0x0000000721000000, 0x0000000721200000|  0%| F|  |TAMS 0x0000000721000000| PB 0x0000000721000000| Untracked |  0
| 141|0x0000000721200000, 0x0000000721200000, 0x0000000721400000|  0%| F|  |TAMS 0x0000000721200000| PB 0x0000000721200000| Untracked |  0
| 142|0x0000000721400000, 0x0000000721400000, 0x0000000721600000|  0%| F|  |TAMS 0x0000000721400000| PB 0x0000000721400000| Untracked |  0
| 143|0x0000000721600000, 0x0000000721600000, 0x0000000721800000|  0%| F|  |TAMS 0x0000000721600000| PB 0x0000000721600000| Untracked |  0
| 144|0x0000000721800000, 0x0000000721800000, 0x0000000721a00000|  0%| F|  |TAMS 0x0000000721800000| PB 0x0000000721800000| Untracked |  0
| 145|0x0000000721a00000, 0x0000000721a00000, 0x0000000721c00000|  0%| F|  |TAMS 0x0000000721a00000| PB 0x0000000721a00000| Untracked |  0
| 146|0x0000000721c00000, 0x0000000721c00000, 0x0000000721e00000|  0%| F|  |TAMS 0x0000000721c00000| PB 0x0000000721c00000| Untracked |  0
| 147|0x0000000721e00000, 0x0000000721e00000, 0x0000000722000000|  0%| F|  |TAMS 0x0000000721e00000| PB 0x0000000721e00000| Untracked |  0
| 148|0x0000000722000000, 0x0000000722000000, 0x0000000722200000|  0%| F|  |TAMS 0x0000000722000000| PB 0x0000000722000000| Untracked |  0
| 149|0x0000000722200000, 0x0000000722200000, 0x0000000722400000|  0%| F|  |TAMS 0x0000000722200000| PB 0x0000000722200000| Untracked |  0
| 150|0x0000000722400000, 0x0000000722400000, 0x0000000722600000|  0%| F|  |TAMS 0x0000000722400000| PB 0x0000000722400000| Untracked |  0
| 151|0x0000000722600000, 0x0000000722600000, 0x0000000722800000|  0%| F|  |TAMS 0x0000000722600000| PB 0x0000000722600000| Untracked |  0
| 152|0x0000000722800000, 0x0000000722800000, 0x0000000722a00000|  0%| F|  |TAMS 0x0000000722800000| PB 0x0000000722800000| Untracked |  0
| 153|0x0000000722a00000, 0x0000000722a00000, 0x0000000722c00000|  0%| F|  |TAMS 0x0000000722a00000| PB 0x0000000722a00000| Untracked |  0
| 154|0x0000000722c00000, 0x0000000722c00000, 0x0000000722e00000|  0%| F|  |TAMS 0x0000000722c00000| PB 0x0000000722c00000| Untracked |  0
| 155|0x0000000722e00000, 0x0000000722e00000, 0x0000000723000000|  0%| F|  |TAMS 0x0000000722e00000| PB 0x0000000722e00000| Untracked |  0
| 156|0x0000000723000000, 0x0000000723000000, 0x0000000723200000|  0%| F|  |TAMS 0x0000000723000000| PB 0x0000000723000000| Untracked |  0
| 157|0x0000000723200000, 0x0000000723200000, 0x0000000723400000|  0%| F|  |TAMS 0x0000000723200000| PB 0x0000000723200000| Untracked |  0
| 158|0x0000000723400000, 0x0000000723400000, 0x0000000723600000|  0%| F|  |TAMS 0x0000000723400000| PB 0x0000000723400000| Untracked |  0
| 159|0x0000000723600000, 0x0000000723600000, 0x0000000723800000|  0%| F|  |TAMS 0x0000000723600000| PB 0x0000000723600000| Untracked |  0
| 160|0x0000000723800000, 0x0000000723800000, 0x0000000723a00000|  0%| F|  |TAMS 0x0000000723800000| PB 0x0000000723800000| Untracked |  0
| 161|0x0000000723a00000, 0x0000000723a00000, 0x0000000723c00000|  0%| F|  |TAMS 0x0000000723a00000| PB 0x0000000723a00000| Untracked |  0
| 162|0x0000000723c00000, 0x0000000723c00000, 0x0000000723e00000|  0%| F|  |TAMS 0x0000000723c00000| PB 0x0000000723c00000| Untracked |  0
| 163|0x0000000723e00000, 0x0000000723e00000, 0x0000000724000000|  0%| F|  |TAMS 0x0000000723e00000| PB 0x0000000723e00000| Untracked |  0
| 164|0x0000000724000000, 0x0000000724000000, 0x0000000724200000|  0%| F|  |TAMS 0x0000000724000000| PB 0x0000000724000000| Untracked |  0
| 165|0x0000000724200000, 0x0000000724200000, 0x0000000724400000|  0%| F|  |TAMS 0x0000000724200000| PB 0x0000000724200000| Untracked |  0
| 166|0x0000000724400000, 0x0000000724400000, 0x0000000724600000|  0%| F|  |TAMS 0x0000000724400000| PB 0x0000000724400000| Untracked |  0
| 167|0x0000000724600000, 0x0000000724600000, 0x0000000724800000|  0%| F|  |TAMS 0x0000000724600000| PB 0x0000000724600000| Untracked |  0
| 168|0x0000000724800000, 0x0000000724800000, 0x0000000724a00000|  0%| F|  |TAMS 0x0000000724800000| PB 0x0000000724800000| Untracked |  0
| 169|0x0000000724a00000, 0x0000000724a00000, 0x0000000724c00000|  0%| F|  |TAMS 0x0000000724a00000| PB 0x0000000724a00000| Untracked |  0
| 170|0x0000000724c00000, 0x0000000724c00000, 0x0000000724e00000|  0%| F|  |TAMS 0x0000000724c00000| PB 0x0000000724c00000| Untracked |  0
| 171|0x0000000724e00000, 0x0000000724e00000, 0x0000000725000000|  0%| F|  |TAMS 0x0000000724e00000| PB 0x0000000724e00000| Untracked |  0
| 172|0x0000000725000000, 0x0000000725000000, 0x0000000725200000|  0%| F|  |TAMS 0x0000000725000000| PB 0x0000000725000000| Untracked |  0
| 173|0x0000000725200000, 0x0000000725200000, 0x0000000725400000|  0%| F|  |TAMS 0x0000000725200000| PB 0x0000000725200000| Untracked |  0
| 174|0x0000000725400000, 0x0000000725400000, 0x0000000725600000|  0%| F|  |TAMS 0x0000000725400000| PB 0x0000000725400000| Untracked |  0
| 175|0x0000000725600000, 0x0000000725600000, 0x0000000725800000|  0%| F|  |TAMS 0x0000000725600000| PB 0x0000000725600000| Untracked |  0
| 176|0x0000000725800000, 0x0000000725800000, 0x0000000725a00000|  0%| F|  |TAMS 0x0000000725800000| PB 0x0000000725800000| Untracked |  0
| 177|0x0000000725a00000, 0x0000000725a00000, 0x0000000725c00000|  0%| F|  |TAMS 0x0000000725a00000| PB 0x0000000725a00000| Untracked |  0
| 178|0x0000000725c00000, 0x0000000725c00000, 0x0000000725e00000|  0%| F|  |TAMS 0x0000000725c00000| PB 0x0000000725c00000| Untracked |  0
| 179|0x0000000725e00000, 0x0000000725e00000, 0x0000000726000000|  0%| F|  |TAMS 0x0000000725e00000| PB 0x0000000725e00000| Untracked |  0
| 180|0x0000000726000000, 0x0000000726000000, 0x0000000726200000|  0%| F|  |TAMS 0x0000000726000000| PB 0x0000000726000000| Untracked |  0
| 181|0x0000000726200000, 0x0000000726200000, 0x0000000726400000|  0%| F|  |TAMS 0x0000000726200000| PB 0x0000000726200000| Untracked |  0
| 182|0x0000000726400000, 0x0000000726400000, 0x0000000726600000|  0%| F|  |TAMS 0x0000000726400000| PB 0x0000000726400000| Untracked |  0
| 183|0x0000000726600000, 0x0000000726600000, 0x0000000726800000|  0%| F|  |TAMS 0x0000000726600000| PB 0x0000000726600000| Untracked |  0
| 184|0x0000000726800000, 0x0000000726800000, 0x0000000726a00000|  0%| F|  |TAMS 0x0000000726800000| PB 0x0000000726800000| Untracked |  0
| 185|0x0000000726a00000, 0x0000000726a00000, 0x0000000726c00000|  0%| F|  |TAMS 0x0000000726a00000| PB 0x0000000726a00000| Untracked |  0
| 186|0x0000000726c00000, 0x0000000726c00000, 0x0000000726e00000|  0%| F|  |TAMS 0x0000000726c00000| PB 0x0000000726c00000| Untracked |  0
| 187|0x0000000726e00000, 0x0000000726e00000, 0x0000000727000000|  0%| F|  |TAMS 0x0000000726e00000| PB 0x0000000726e00000| Untracked |  0
| 188|0x0000000727000000, 0x0000000727000000, 0x0000000727200000|  0%| F|  |TAMS 0x0000000727000000| PB 0x0000000727000000| Untracked |  0
| 189|0x0000000727200000, 0x0000000727200000, 0x0000000727400000|  0%| F|  |TAMS 0x0000000727200000| PB 0x0000000727200000| Untracked |  0
| 190|0x0000000727400000, 0x0000000727400000, 0x0000000727600000|  0%| F|  |TAMS 0x0000000727400000| PB 0x0000000727400000| Untracked |  0
| 191|0x0000000727600000, 0x0000000727600000, 0x0000000727800000|  0%| F|  |TAMS 0x0000000727600000| PB 0x0000000727600000| Untracked |  0
| 192|0x0000000727800000, 0x0000000727800000, 0x0000000727a00000|  0%| F|  |TAMS 0x0000000727800000| PB 0x0000000727800000| Untracked |  0
| 193|0x0000000727a00000, 0x0000000727adbb60, 0x0000000727c00000| 42%| E|  |TAMS 0x0000000727a00000| PB 0x0000000727a00000| Complete |  0
| 194|0x0000000727c00000, 0x0000000727e00000, 0x0000000727e00000|100%| E|CS|TAMS 0x0000000727c00000| PB 0x0000000727c00000| Complete |  0
| 195|0x0000000727e00000, 0x0000000728000000, 0x0000000728000000|100%| E|CS|TAMS 0x0000000727e00000| PB 0x0000000727e00000| Complete |  0
| 196|0x0000000728000000, 0x0000000728200000, 0x0000000728200000|100%| E|CS|TAMS 0x0000000728000000| PB 0x0000000728000000| Complete |  0
| 197|0x0000000728200000, 0x0000000728400000, 0x0000000728400000|100%| E|CS|TAMS 0x0000000728200000| PB 0x0000000728200000| Complete |  0
| 198|0x0000000728400000, 0x0000000728600000, 0x0000000728600000|100%| E|  |TAMS 0x0000000728400000| PB 0x0000000728400000| Complete |  0
| 199|0x0000000728600000, 0x0000000728800000, 0x0000000728800000|100%| E|CS|TAMS 0x0000000728600000| PB 0x0000000728600000| Complete |  0
| 200|0x0000000728800000, 0x0000000728a00000, 0x0000000728a00000|100%| E|CS|TAMS 0x0000000728800000| PB 0x0000000728800000| Complete |  0
| 201|0x0000000728a00000, 0x0000000728c00000, 0x0000000728c00000|100%| E|CS|TAMS 0x0000000728a00000| PB 0x0000000728a00000| Complete |  0
| 202|0x0000000728c00000, 0x0000000728e00000, 0x0000000728e00000|100%| E|CS|TAMS 0x0000000728c00000| PB 0x0000000728c00000| Complete |  0
| 203|0x0000000728e00000, 0x0000000729000000, 0x0000000729000000|100%| E|CS|TAMS 0x0000000728e00000| PB 0x0000000728e00000| Complete |  0
| 204|0x0000000729000000, 0x0000000729200000, 0x0000000729200000|100%| E|CS|TAMS 0x0000000729000000| PB 0x0000000729000000| Complete |  0
| 205|0x0000000729200000, 0x0000000729400000, 0x0000000729400000|100%| E|CS|TAMS 0x0000000729200000| PB 0x0000000729200000| Complete |  0
| 206|0x0000000729400000, 0x0000000729600000, 0x0000000729600000|100%| E|CS|TAMS 0x0000000729400000| PB 0x0000000729400000| Complete |  0
| 207|0x0000000729600000, 0x0000000729800000, 0x0000000729800000|100%| E|CS|TAMS 0x0000000729600000| PB 0x0000000729600000| Complete |  0
| 208|0x0000000729800000, 0x0000000729a00000, 0x0000000729a00000|100%| E|CS|TAMS 0x0000000729800000| PB 0x0000000729800000| Complete |  0
| 209|0x0000000729a00000, 0x0000000729c00000, 0x0000000729c00000|100%| E|CS|TAMS 0x0000000729a00000| PB 0x0000000729a00000| Complete |  0
| 210|0x0000000729c00000, 0x0000000729e00000, 0x0000000729e00000|100%| E|CS|TAMS 0x0000000729c00000| PB 0x0000000729c00000| Complete |  0
| 211|0x0000000729e00000, 0x000000072a000000, 0x000000072a000000|100%| E|CS|TAMS 0x0000000729e00000| PB 0x0000000729e00000| Complete |  0
| 212|0x000000072a000000, 0x000000072a200000, 0x000000072a200000|100%| E|CS|TAMS 0x000000072a000000| PB 0x000000072a000000| Complete |  0
| 213|0x000000072a200000, 0x000000072a400000, 0x000000072a400000|100%| E|CS|TAMS 0x000000072a200000| PB 0x000000072a200000| Complete |  0
| 214|0x000000072a400000, 0x000000072a600000, 0x000000072a600000|100%| E|CS|TAMS 0x000000072a400000| PB 0x000000072a400000| Complete |  0
| 215|0x000000072a600000, 0x000000072a800000, 0x000000072a800000|100%| E|CS|TAMS 0x000000072a600000| PB 0x000000072a600000| Complete |  0
| 216|0x000000072a800000, 0x000000072aa00000, 0x000000072aa00000|100%| E|CS|TAMS 0x000000072a800000| PB 0x000000072a800000| Complete |  0
| 217|0x000000072aa00000, 0x000000072ac00000, 0x000000072ac00000|100%| E|CS|TAMS 0x000000072aa00000| PB 0x000000072aa00000| Complete |  0
| 218|0x000000072ac00000, 0x000000072ae00000, 0x000000072ae00000|100%| E|CS|TAMS 0x000000072ac00000| PB 0x000000072ac00000| Complete |  0
| 219|0x000000072ae00000, 0x000000072b000000, 0x000000072b000000|100%| E|CS|TAMS 0x000000072ae00000| PB 0x000000072ae00000| Complete |  0
| 220|0x000000072b000000, 0x000000072b200000, 0x000000072b200000|100%| E|CS|TAMS 0x000000072b000000| PB 0x000000072b000000| Complete |  0
| 221|0x000000072b200000, 0x000000072b400000, 0x000000072b400000|100%| S|CS|TAMS 0x000000072b200000| PB 0x000000072b200000| Complete |  0
| 222|0x000000072b400000, 0x000000072b600000, 0x000000072b600000|100%| S|CS|TAMS 0x000000072b400000| PB 0x000000072b400000| Complete |  0
| 223|0x000000072b600000, 0x000000072b800000, 0x000000072b800000|100%| S|CS|TAMS 0x000000072b600000| PB 0x000000072b600000| Complete |  0
| 224|0x000000072b800000, 0x000000072ba00000, 0x000000072ba00000|100%| S|CS|TAMS 0x000000072b800000| PB 0x000000072b800000| Complete |  0
| 225|0x000000072ba00000, 0x000000072bc00000, 0x000000072bc00000|100%| S|CS|TAMS 0x000000072ba00000| PB 0x000000072ba00000| Complete |  0
| 226|0x000000072bc00000, 0x000000072be00000, 0x000000072be00000|100%| S|CS|TAMS 0x000000072bc00000| PB 0x000000072bc00000| Complete |  0
| 227|0x000000072be00000, 0x000000072c000000, 0x000000072c000000|100%| S|CS|TAMS 0x000000072be00000| PB 0x000000072be00000| Complete |  0
| 228|0x000000072c000000, 0x000000072c200000, 0x000000072c200000|100%| S|CS|TAMS 0x000000072c000000| PB 0x000000072c000000| Complete |  0
| 229|0x000000072c200000, 0x000000072c400000, 0x000000072c400000|100%| S|CS|TAMS 0x000000072c200000| PB 0x000000072c200000| Complete |  0
| 230|0x000000072c400000, 0x000000072c600000, 0x000000072c600000|100%| S|CS|TAMS 0x000000072c400000| PB 0x000000072c400000| Complete |  0
| 231|0x000000072c600000, 0x000000072c800000, 0x000000072c800000|100%| S|CS|TAMS 0x000000072c600000| PB 0x000000072c600000| Complete |  0
| 240|0x000000072d800000, 0x000000072da00000, 0x000000072da00000|100%| E|CS|TAMS 0x000000072d800000| PB 0x000000072d800000| Complete |  0
| 241|0x000000072da00000, 0x000000072dc00000, 0x000000072dc00000|100%| E|CS|TAMS 0x000000072da00000| PB 0x000000072da00000| Complete |  0
| 242|0x000000072dc00000, 0x000000072de00000, 0x000000072de00000|100%| E|CS|TAMS 0x000000072dc00000| PB 0x000000072dc00000| Complete |  0
| 243|0x000000072de00000, 0x000000072e000000, 0x000000072e000000|100%| E|CS|TAMS 0x000000072de00000| PB 0x000000072de00000| Complete |  0
| 244|0x000000072e000000, 0x000000072e200000, 0x000000072e200000|100%| E|CS|TAMS 0x000000072e000000| PB 0x000000072e000000| Complete |  0
| 245|0x000000072e200000, 0x000000072e400000, 0x000000072e400000|100%| E|CS|TAMS 0x000000072e200000| PB 0x000000072e200000| Complete |  0
| 246|0x000000072e400000, 0x000000072e600000, 0x000000072e600000|100%| E|CS|TAMS 0x000000072e400000| PB 0x000000072e400000| Complete |  0
| 247|0x000000072e600000, 0x000000072e800000, 0x000000072e800000|100%| E|CS|TAMS 0x000000072e600000| PB 0x000000072e600000| Complete |  0
| 248|0x000000072e800000, 0x000000072ea00000, 0x000000072ea00000|100%| E|CS|TAMS 0x000000072e800000| PB 0x000000072e800000| Complete |  0
| 249|0x000000072ea00000, 0x000000072ec00000, 0x000000072ec00000|100%| E|CS|TAMS 0x000000072ea00000| PB 0x000000072ea00000| Complete |  0
|1911|0x00000007fe600000, 0x00000007fe7f5f90, 0x00000007fe800000| 98%| O|  |TAMS 0x00000007fe600000| PB 0x00000007fe600000| Untracked |  0
|1912|0x00000007fe800000, 0x00000007fea00000, 0x00000007fea00000|100%| O|  |TAMS 0x00000007fe800000| PB 0x00000007fe800000| Untracked |  0
|1913|0x00000007fea00000, 0x00000007fec00000, 0x00000007fec00000|100%| O|  |TAMS 0x00000007fea00000| PB 0x00000007fea00000| Untracked |  0
|1914|0x00000007fec00000, 0x00000007fee00000, 0x00000007fee00000|100%| O|  |TAMS 0x00000007fec00000| PB 0x00000007fec00000| Untracked |  0
|1915|0x00000007fee00000, 0x00000007ff000000, 0x00000007ff000000|100%| O|  |TAMS 0x00000007fee00000| PB 0x00000007fee00000| Untracked |  0
|1916|0x00000007ff000000, 0x00000007ff200000, 0x00000007ff200000|100%| O|  |TAMS 0x00000007ff000000| PB 0x00000007ff000000| Untracked |  0
|1917|0x00000007ff200000, 0x00000007ff400000, 0x00000007ff400000|100%| O|  |TAMS 0x00000007ff200000| PB 0x00000007ff200000| Untracked |  0
|1918|0x00000007ff400000, 0x00000007ff600000, 0x00000007ff600000|100%| O|  |TAMS 0x00000007ff400000| PB 0x00000007ff400000| Untracked |  0
|1919|0x00000007ff600000, 0x00000007ff800000, 0x00000007ff800000|100%| O|  |TAMS 0x00000007ff600000| PB 0x00000007ff600000| Untracked |  0
|1920|0x00000007ff800000, 0x00000007ffa00000, 0x00000007ffa00000|100%| O|  |TAMS 0x00000007ff800000| PB 0x00000007ff800000| Untracked |  0
|1921|0x00000007ffa00000, 0x00000007ffc00000, 0x00000007ffc00000|100%| O|  |TAMS 0x00000007ffa00000| PB 0x00000007ffa00000| Untracked |  0
|1922|0x00000007ffc00000, 0x00000007ffe00000, 0x00000007ffe00000|100%| O|  |TAMS 0x00000007ffc00000| PB 0x00000007ffc00000| Untracked |  0
|1923|0x00000007ffe00000, 0x0000000800000000, 0x0000000800000000|100%| E|CS|TAMS 0x00000007ffe00000| PB 0x00000007ffe00000| Complete |  0

Card table byte_map: [0x0000fffed9e78000,0x0000fffeda5fc000] _byte_map_base: 0x0000fffed65fc000

Marking Bits: (CMBitMap*) 0x0000fffed4187510
 Bits: [0x0000fffebd3dc000, 0x0000fffec0ffc000)

Polling page: 0x0000fffedd4f4000

Metaspace:
Metaspace        used 108397K, committed 109952K, reserved 1179648K
 class space     used 18995K, committed 19648K, reserved 1048576K

Usage:
  Non-class:     87.31 MB used.
      Class:     18.55 MB used.
       Both:    105.86 MB used.

Virtual space:
  Non-class space:      128.00 MB reserved,      88.19 MB ( 69%) committed,  2 nodes.
      Class space:        1.00 GB reserved,      19.19 MB (  2%) committed,  1 nodes.
             Both:        1.12 GB reserved,     107.38 MB (  9%) committed. 

Chunk freelists:
   Non-Class:  7.20 MB
       Class:  12.80 MB
        Both:  20.00 MB

MaxMetaspaceSize: unlimited
CompressedClassSpaceSize: 1.00 GB
Initial GC threshold: 21.00 MB
Current GC threshold: 169.31 MB
CDS: on
 - commit_granule_bytes: 65536.
 - commit_granule_words: 8192.
 - virtual_space_node_default_size: 8388608.
 - enlarge_chunks_in_place: 1.
UseCompressedClassPointers 1, UseCompactObjectHeaders 0
Narrow klass pointer bits 32, Max shift 3
Narrow klass base: 0x0000060000000000, Narrow klass shift: 0
Encoding Range: [0x0000060000000000 - 0x0000060100000000), (4294967296 bytes)
Klass Range:    [0x0000060000010000 - 0x0000060042000000), (1107230720 bytes)
Klass ID Range:  [65536 - 1107296249) (1107230713)
Protection zone: [0x0000060000000000 - 0x0000060000010000), (65536 bytes)


Internal statistics:

num_allocs_failed_limit: 24.
num_arena_births: 2430.
num_arena_deaths: 0.
num_vsnodes_births: 3.
num_vsnodes_deaths: 0.
num_space_committed: 1713.
num_space_uncommitted: 0.
num_chunks_returned_to_freelist: 24.
num_chunks_taken_from_freelist: 7264.
num_chunk_merges: 24.
num_chunk_splits: 4888.
num_chunks_enlarged: 3596.
num_inconsistent_stats: 0.

CodeHeap 'non-profiled nmethods': size=120032Kb used=7134Kb max_used=7134Kb free=112897Kb
 bounds [0x0000fffec8ac8000, 0x0000fffec91c8000, 0x0000fffed0000000]
CodeHeap 'profiled nmethods': size=120032Kb used=19160Kb max_used=19160Kb free=100871Kb
 bounds [0x0000fffec0ffc000, 0x0000fffec22bc000, 0x0000fffec8534000]
CodeHeap 'non-nmethods': size=5712Kb used=3097Kb max_used=3156Kb free=2614Kb
 bounds [0x0000fffec8534000, 0x0000fffec8864000, 0x0000fffec8ac8000]
CodeCache: size=245776Kb, used=29391Kb, max_used=29450Kb, free=216382Kb
 total_blobs=16742, nmethods=14188, adapters=2413, full_count=0
Compilation: enabled, stopped_count=0, restarted_count=0

Compilation events (20 events):
Event: 9.324 Thread 0x0000fffed4222c30 nmethod 16581 0x0000fffec22b5208 code [0x0000fffec22b5300, 0x0000fffec22b5420]
Event: 9.324 Thread 0x0000fffed4222c30 16582       3       java.util.HashMap::clear (50 bytes)
Event: 9.324 Thread 0x0000fffed4222c30 nmethod 16582 0x0000fffec22b5448 code [0x0000fffec22b5540, 0x0000fffec22b58c8]
Event: 9.327 Thread 0x0000fffe6d1a6fe0 nmethod 16565 0x0000fffec91bb708 code [0x0000fffec91bb800, 0x0000fffec91bbec0]
Event: 9.327 Thread 0x0000fffe6d1a6fe0 16564       4       java.lang.invoke.MethodType::parameterSlotCount (8 bytes)
Event: 9.327 Thread 0x0000fffe6d1a6fe0 nmethod 16564 0x0000fffec91bbf08 code [0x0000fffec91bc000, 0x0000fffec91bc0b0]
Event: 9.327 Thread 0x0000fffe6d1a6fe0 16579       4       org.lwjgl.system.MemoryStack::setPointer (17 bytes)
Event: 9.327 Thread 0x0000fffe6d1a6fe0 nmethod 16579 0x0000fffec91bc0c8 code [0x0000fffec91bc1c0, 0x0000fffec91bc2a0]
Event: 9.327 Thread 0x0000fffe6d1a6fe0 16574       4       org.lwjgl.system.jemalloc.JEmalloc::nje_free (10 bytes)
Event: 9.328 Thread 0x0000fffe6d1a6fe0 nmethod 16574 0x0000fffec91bc2c8 code [0x0000fffec91bc3c0, 0x0000fffec91bc4a8]
Event: 9.328 Thread 0x0000fffe6d1a6fe0 16575       4       com.mojang.blaze3d.platform.NativeImage::close (49 bytes)
Event: 9.328 Thread 0x0000fffe6d1a6fe0 nmethod 16575 0x0000fffec91bc508 code [0x0000fffec91bc600, 0x0000fffec91bc7a0]
Event: 9.343 Thread 0x0000fffed4221210 nmethod 16557% 0x0000fffec91bc808 code [0x0000fffec91bc900, 0x0000fffec91bfac0]
Event: 9.349 Thread 0x0000fffed4222c30 16583       3       org.apache.logging.log4j.core.util.internal.InternalLoggerRegistry$$Lambda/0x0000060002119ee8::apply (8 bytes)
Event: 9.349 Thread 0x0000fffed4222c30 nmethod 16583 0x0000fffec22b5908 code [0x0000fffec22b5a00, 0x0000fffec22b61a8]
Event: 9.349 Thread 0x0000fffed4222c30 16585       3       org.apache.logging.log4j.core.config.AbstractConfiguration::getLoggerConfig (56 bytes)
Event: 9.350 Thread 0x0000fffed4222c30 nmethod 16585 0x0000fffec22b61c8 code [0x0000fffec22b62c0, 0x0000fffec22b6fe8]
Event: 9.350 Thread 0x0000fffed4222c30 16588       3       org.apache.logging.log4j.core.AbstractLifeCycle::isStarted (16 bytes)
Event: 9.350 Thread 0x0000fffed4222c30 nmethod 16588 0x0000fffec22b7008 code [0x0000fffec22b7100, 0x0000fffec22b7290]
Event: 9.350 Thread 0x0000fffed4222c30 16586       3       org.apache.logging.log4j.core.Logger$PrivateConfig::<init> (67 bytes)

GC Heap Usage History (20 events):
Event: 2.453 {heap Before GC invocations=12 (full 0):
 garbage-first heap   total reserved 3940352K, committed 260096K, used 223958K [0x000000070f800000, 0x0000000800000000)
  region size 2048K, 69 young (141312K), 7 survivors (14336K)
}
Event: 2.467 {heap After GC invocations=13 (full 0):
 garbage-first heap   total reserved 3940352K, committed 260096K, used 102755K [0x000000070f800000, 0x0000000800000000)
  region size 2048K, 8 young (16384K), 8 survivors (16384K)
}
Event: 2.746 {heap Before GC invocations=13 (full 0):
 garbage-first heap   total reserved 3940352K, committed 260096K, used 227683K [0x000000070f800000, 0x0000000800000000)
  region size 2048K, 69 young (141312K), 8 survivors (16384K)
}
Event: 2.754 {heap After GC invocations=14 (full 0):
 garbage-first heap   total reserved 3940352K, committed 520192K, used 107458K [0x000000070f800000, 0x0000000800000000)
  region size 2048K, 6 young (12288K), 6 survivors (12288K)
}
Event: 3.304 {heap Before GC invocations=14 (full 0):
 garbage-first heap   total reserved 3940352K, committed 520192K, used 406466K [0x000000070f800000, 0x0000000800000000)
  region size 2048K, 152 young (311296K), 6 survivors (12288K)
}
Event: 3.312 {heap After GC invocations=15 (full 0):
 garbage-first heap   total reserved 3940352K, committed 520192K, used 117964K [0x000000070f800000, 0x0000000800000000)
  region size 2048K, 12 young (24576K), 12 survivors (24576K)
}
Event: 3.415 {heap Before GC invocations=15 (full 0):
 garbage-first heap   total reserved 3940352K, committed 520192K, used 183500K [0x000000070f800000, 0x0000000800000000)
  region size 2048K, 45 young (92160K), 12 survivors (24576K)
}
Event: 3.420 {heap After GC invocations=16 (full 0):
 garbage-first heap   total reserved 3940352K, committed 520192K, used 118740K [0x000000070f800000, 0x0000000800000000)
  region size 2048K, 8 young (16384K), 8 survivors (16384K)
}
Event: 3.795 {heap Before GC invocations=17 (full 0):
 garbage-first heap   total reserved 3940352K, committed 397312K, used 339924K [0x000000070f800000, 0x0000000800000000)
  region size 2048K, 116 young (237568K), 8 survivors (16384K)
}
Event: 3.803 {heap After GC invocations=18 (full 0):
 garbage-first heap   total reserved 3940352K, committed 397312K, used 125260K [0x000000070f800000, 0x0000000800000000)
  region size 2048K, 12 young (24576K), 12 survivors (24576K)
}
Event: 4.294 {heap Before GC invocations=18 (full 0):
 garbage-first heap   total reserved 3940352K, committed 397312K, used 342348K [0x000000070f800000, 0x0000000800000000)
  region size 2048K, 116 young (237568K), 12 survivors (24576K)
}
Event: 4.305 {heap After GC invocations=19 (full 0):
 garbage-first heap   total reserved 3940352K, committed 397312K, used 142082K [0x000000070f800000, 0x0000000800000000)
  region size 2048K, 12 young (24576K), 12 survivors (24576K)
}
Event: 4.906 {heap Before GC invocations=19 (full 0):
 garbage-first heap   total reserved 3940352K, committed 397312K, used 355074K [0x000000070f800000, 0x0000000800000000)
  region size 2048K, 116 young (237568K), 12 survivors (24576K)
}
Event: 4.917 {heap After GC invocations=20 (full 0):
 garbage-first heap   total reserved 3940352K, committed 397312K, used 149303K [0x000000070f800000, 0x0000000800000000)
  region size 2048K, 11 young (22528K), 11 survivors (22528K)
}
Event: 5.297 {heap Before GC invocations=20 (full 0):
 garbage-first heap   total reserved 3940352K, committed 397312K, used 364343K [0x000000070f800000, 0x0000000800000000)
  region size 2048K, 116 young (237568K), 11 survivors (22528K)
}
Event: 5.306 {heap After GC invocations=21 (full 0):
 garbage-first heap   total reserved 3940352K, committed 483328K, used 162595K [0x000000070f800000, 0x0000000800000000)
  region size 2048K, 10 young (20480K), 10 survivors (20480K)
}
Event: 5.432 {heap Before GC invocations=21 (full 0):
 garbage-first heap   total reserved 3940352K, committed 483328K, used 428835K [0x000000070f800000, 0x0000000800000000)
  region size 2048K, 141 young (288768K), 10 survivors (20480K)
}
Event: 5.439 {heap After GC invocations=22 (full 0):
 garbage-first heap   total reserved 3940352K, committed 483328K, used 178537K [0x000000070f800000, 0x0000000800000000)
  region size 2048K, 18 young (36864K), 18 survivors (36864K)
}
Event: 6.178 {heap Before GC invocations=23 (full 0):
 garbage-first heap   total reserved 3940352K, committed 483328K, used 452969K [0x000000070f800000, 0x0000000800000000)
  region size 2048K, 141 young (288768K), 18 survivors (36864K)
}
Event: 6.195 {heap After GC invocations=24 (full 0):
 garbage-first heap   total reserved 3940352K, committed 522240K, used 208855K [0x000000070f800000, 0x0000000800000000)
  region size 2048K, 18 young (36864K), 18 survivors (36864K)
}

Metaspace Usage History (20 events):
Event: 2.453 {metaspace Before GC invocations=12 (full 0):
 Metaspace       used 45215K, committed 45696K, reserved 1114112K
  class space    used 6768K, committed 6976K, reserved 1048576K
}
Event: 2.467 {metaspace After GC invocations=13 (full 0):
 Metaspace       used 45215K, committed 45696K, reserved 1114112K
  class space    used 6768K, committed 6976K, reserved 1048576K
}
Event: 2.746 {metaspace Before GC invocations=13 (full 0):
 Metaspace       used 47280K, committed 47744K, reserved 1114112K
  class space    used 7148K, committed 7360K, reserved 1048576K
}
Event: 2.754 {metaspace After GC invocations=14 (full 0):
 Metaspace       used 47280K, committed 47744K, reserved 1114112K
  class space    used 7148K, committed 7360K, reserved 1048576K
}
Event: 3.304 {metaspace Before GC invocations=14 (full 0):
 Metaspace       used 58778K, committed 59328K, reserved 1114112K
  class space    used 10259K, committed 10496K, reserved 1048576K
}
Event: 3.312 {metaspace After GC invocations=15 (full 0):
 Metaspace       used 58778K, committed 59328K, reserved 1114112K
  class space    used 10259K, committed 10496K, reserved 1048576K
}
Event: 3.415 {metaspace Before GC invocations=15 (full 0):
 Metaspace       used 61005K, committed 61568K, reserved 1114112K
  class space    used 10753K, committed 10944K, reserved 1048576K
}
Event: 3.420 {metaspace After GC invocations=16 (full 0):
 Metaspace       used 61005K, committed 61568K, reserved 1114112K
  class space    used 10753K, committed 10944K, reserved 1048576K
}
Event: 3.795 {metaspace Before GC invocations=17 (full 0):
 Metaspace       used 74511K, committed 75136K, reserved 1114112K
  class space    used 13860K, committed 14144K, reserved 1048576K
}
Event: 3.803 {metaspace After GC invocations=18 (full 0):
 Metaspace       used 74511K, committed 75136K, reserved 1114112K
  class space    used 13860K, committed 14144K, reserved 1048576K
}
Event: 4.294 {metaspace Before GC invocations=18 (full 0):
 Metaspace       used 86952K, committed 87744K, reserved 1179648K
  class space    used 15676K, committed 16000K, reserved 1048576K
}
Event: 4.305 {metaspace After GC invocations=19 (full 0):
 Metaspace       used 86952K, committed 87744K, reserved 1179648K
  class space    used 15676K, committed 16000K, reserved 1048576K
}
Event: 4.906 {metaspace Before GC invocations=19 (full 0):
 Metaspace       used 97178K, committed 98560K, reserved 1179648K
  class space    used 17151K, committed 17664K, reserved 1048576K
}
Event: 4.917 {metaspace After GC invocations=20 (full 0):
 Metaspace       used 97178K, committed 98560K, reserved 1179648K
  class space    used 17151K, committed 17664K, reserved 1048576K
}
Event: 5.297 {metaspace Before GC invocations=20 (full 0):
 Metaspace       used 101081K, committed 102528K, reserved 1179648K
  class space    used 17834K, committed 18432K, reserved 1048576K
}
Event: 5.306 {metaspace After GC invocations=21 (full 0):
 Metaspace       used 101081K, committed 102528K, reserved 1179648K
  class space    used 17834K, committed 18432K, reserved 1048576K
}
Event: 5.432 {metaspace Before GC invocations=21 (full 0):
 Metaspace       used 102302K, committed 103680K, reserved 1179648K
  class space    used 17992K, committed 18560K, reserved 1048576K
}
Event: 5.439 {metaspace After GC invocations=22 (full 0):
 Metaspace       used 102302K, committed 103680K, reserved 1179648K
  class space    used 17992K, committed 18560K, reserved 1048576K
}
Event: 6.178 {metaspace Before GC invocations=23 (full 0):
 Metaspace       used 104968K, committed 106368K, reserved 1179648K
  class space    used 18367K, committed 18944K, reserved 1048576K
}
Event: 6.195 {metaspace After GC invocations=24 (full 0):
 Metaspace       used 104968K, committed 106368K, reserved 1179648K
  class space    used 18367K, committed 18944K, reserved 1048576K
}

Dll operation events (14 events):
Event: 0.001 Loaded shared library /home/anguscrump/.jdks/jbr-25.0.3/lib/libjava.so
Event: 0.015 Loaded shared library /home/anguscrump/.jdks/jbr-25.0.3/lib/libnio.so
Event: 0.020 Loaded shared library /home/anguscrump/.jdks/jbr-25.0.3/lib/libzip.so
Event: 0.024 Loaded shared library /home/anguscrump/.jdks/jbr-25.0.3/lib/libnet.so
Event: 0.029 Loaded shared library /home/anguscrump/.jdks/jbr-25.0.3/lib/libzip.so
Event: 0.051 Loaded shared library /home/anguscrump/.jdks/jbr-25.0.3/lib/libjimage.so
Event: 0.222 Loaded shared library /home/anguscrump/.jdks/jbr-25.0.3/lib/libmanagement.so
Event: 0.223 Loaded shared library /home/anguscrump/.jdks/jbr-25.0.3/lib/libmanagement_ext.so
Event: 0.346 Loaded shared library /home/anguscrump/.jdks/jbr-25.0.3/lib/libverify.so
Event: 1.363 Loaded shared library /home/anguscrump/.cache/JNA/temp/jna5788429311423665370.tmp
Event: 3.986 Loaded shared library /home/anguscrump/.jdks/jbr-25.0.3/lib/libextnet.so
Event: 4.202 Loaded shared library /tmp/lwjgl_anguscrump/3.4.1-snapshot/arm64/liblwjgl.so
Event: 4.390 Loaded shared library /tmp/lwjgl_anguscrump/3.4.1-snapshot/arm64/liblwjgl_opengl.so
Event: 4.526 Loaded shared library /tmp/lwjgl_anguscrump/3.4.1-snapshot/arm64/liblwjgl_stb.so

Deoptimization events (20 events):
Event: 9.319 Thread 0x0000fffed4031730 Uncommon trap: trap_request=0xffffffde fr.pc=0x0000fffec9179064 relative=0x0000000000000564
Event: 9.319 Thread 0x0000fffed4031730 Uncommon trap: reason=class_check action=maybe_recompile pc=0x0000fffec9179064 method=java.util.HashMap.removeNode(ILjava/lang/Object;Ljava/lang/Object;ZZ)Ljava/util/HashMap$Node; @ 68 c2
Event: 9.319 Thread 0x0000fffed4031730 DEOPT PACKING pc=0x0000fffec9179064 sp=0x0000fffedbbdb7a0
Event: 9.319 Thread 0x0000fffed4031730 DEOPT UNPACKING pc=0x0000fffec86490dc sp=0x0000fffedbbdb680 mode 2
Event: 9.319 Thread 0x0000fffed4031730 Uncommon trap: trap_request=0xffffffde fr.pc=0x0000fffec9175af0 relative=0x00000000000005b0
Event: 9.319 Thread 0x0000fffed4031730 Uncommon trap: reason=class_check action=maybe_recompile pc=0x0000fffec9175af0 method=java.util.HashMap.removeNode(ILjava/lang/Object;Ljava/lang/Object;ZZ)Ljava/util/HashMap$Node; @ 143 c2
Event: 9.319 Thread 0x0000fffed4031730 DEOPT PACKING pc=0x0000fffec9175af0 sp=0x0000fffedbbdb6f0
Event: 9.319 Thread 0x0000fffed4031730 DEOPT UNPACKING pc=0x0000fffec86490dc sp=0x0000fffedbbdb680 mode 2
Event: 9.319 Thread 0x0000fffed4031730 Uncommon trap: trap_request=0xffffff45 fr.pc=0x0000fffec913cca4 relative=0x00000000000000e4
Event: 9.319 Thread 0x0000fffed4031730 Uncommon trap: reason=unstable_if action=reinterpret pc=0x0000fffec913cca4 method=com.mojang.blaze3d.opengl.GlTextureView.close()V @ 24 c2
Event: 9.319 Thread 0x0000fffed4031730 DEOPT PACKING pc=0x0000fffec913cca4 sp=0x0000fffedbbdb710
Event: 9.319 Thread 0x0000fffed4031730 DEOPT UNPACKING pc=0x0000fffec86490dc sp=0x0000fffedbbdb6a0 mode 2
Event: 9.320 Thread 0x0000fffed4031730 Uncommon trap: trap_request=0xffffff45 fr.pc=0x0000fffec912ca5c relative=0x000000000000011c
Event: 9.320 Thread 0x0000fffed4031730 Uncommon trap: reason=unstable_if action=reinterpret pc=0x0000fffec912ca5c method=java.util.HashMap.clear()V @ 23 c2
Event: 9.320 Thread 0x0000fffed4031730 DEOPT PACKING pc=0x0000fffec912ca5c sp=0x0000fffedbbdb9e0
Event: 9.320 Thread 0x0000fffed4031730 DEOPT UNPACKING pc=0x0000fffec86490dc sp=0x0000fffedbbdb970 mode 2
Event: 9.322 Thread 0x0000fffed4031730 Uncommon trap: trap_request=0xffffff45 fr.pc=0x0000fffec91339c4 relative=0x0000000000000144
Event: 9.322 Thread 0x0000fffed4031730 Uncommon trap: reason=unstable_if action=reinterpret pc=0x0000fffec91339c4 method=java.util.HashMap.clear()V @ 23 c2
Event: 9.322 Thread 0x0000fffed4031730 DEOPT PACKING pc=0x0000fffec91339c4 sp=0x0000fffedbbdbab0
Event: 9.322 Thread 0x0000fffed4031730 DEOPT UNPACKING pc=0x0000fffec86490dc sp=0x0000fffedbbdb9d0 mode 2

Classes loaded (20 events):
Event: 5.228 Loading class java/lang/StringUTF16$CodePointsSpliterator
Event: 5.228 Loading class java/lang/StringUTF16$CodePointsSpliterator done
Event: 5.243 Loading class sun/net/www/HeaderParser$ParserIterator
Event: 5.243 Loading class sun/net/www/HeaderParser$ParserIterator done
Event: 5.243 Loading class sun/net/www/protocol/http/AuthenticationHeader$SchemeMapValue
Event: 5.243 Loading class sun/net/www/protocol/http/AuthenticationHeader$SchemeMapValue done
Event: 5.329 Loading class java/util/stream/SpinedBuffer$1Splitr
Event: 5.329 Loading class java/util/stream/SpinedBuffer$1Splitr done
Event: 5.408 Loading class java/util/Locale$LocaleKey
Event: 5.408 Loading class java/util/Locale$LocaleKey done
Event: 5.408 Loading class java/util/Locale$LocaleNameGetter
Event: 5.408 Loading class java/util/Locale$LocaleNameGetter done
Event: 5.408 Loading class java/util/Locale$LanguageRange
Event: 5.408 Loading class java/util/Locale$LanguageRange done
Event: 7.304 Loading class java/awt/font/TextAttribute
Event: 7.304 Loading class java/awt/font/TextAttribute done
Event: 7.756 Loading class javax/sound/sampled/AudioFormat
Event: 7.756 Loading class javax/sound/sampled/AudioFormat done
Event: 7.756 Loading class javax/sound/sampled/AudioFormat$Encoding
Event: 7.756 Loading class javax/sound/sampled/AudioFormat$Encoding done

Classes unloaded (0 events):
No events

Classes redefined (0 events):
No events

Internal exceptions (20 events):
Event: 7.315 Thread 0x0000fffed4031730 Implicit null exception at 0x0000fffec9174820 to 0x0000fffec9174a50
Event: 7.701 Thread 0x0000fffed6f51ca0 Exception <a 'java/lang/NoSuchMethodError'{0x000000072905d660}: 'void java.lang.invoke.DirectMethodHandle$Holder.invokeStaticInit(java.lang.Object, java.lang.Object, java.lang.Object, int, int, float)'> (0x000000072905d660) 
thrown [src/hotspot/share/interpreter/linkResolver.cpp, line 814]
Event: 7.701 Thread 0x0000fffed6f51ca0 Exception <a 'java/lang/NoSuchMethodError'{0x0000000729065c90}: 'void java.lang.invoke.DirectMethodHandle$Holder.invokeSpecial(java.lang.Object, java.lang.Object, java.lang.Object, java.lang.Object, int, int, float)'> (0x0000000729065c90) 
thrown [src/hotspot/share/interpreter/linkResolver.cpp, line 814]
Event: 7.701 Thread 0x0000fffed6f51ca0 Exception <a 'java/lang/NoSuchMethodError'{0x000000072906de38}: 'void java.lang.invoke.DelegatingMethodHandle$Holder.reinvoke_L(java.lang.Object, java.lang.Object, java.lang.Object, int, int, float)'> (0x000000072906de38) 
thrown [src/hotspot/share/interpreter/linkResolver.cpp, line 814]
Event: 7.702 Thread 0x0000fffed6f51ca0 Exception <a 'java/lang/NoSuchMethodError'{0x000000072908f9c8}: 'void java.lang.invoke.DirectMethodHandle$Holder.invokeSpecial(java.lang.Object, java.lang.Object, java.lang.Object, int, int, float)'> (0x000000072908f9c8) 
thrown [src/hotspot/share/interpreter/linkResolver.cpp, line 814]
Event: 7.705 Thread 0x0000fffed6f51ca0 Exception <a 'java/lang/NoSuchMethodError'{0x00000007290cbb70}: 'void java.lang.invoke.DirectMethodHandle$Holder.invokeStaticInit(java.lang.Object, java.lang.Object, java.lang.Object, int, int, int)'> (0x00000007290cbb70) 
thrown [src/hotspot/share/interpreter/linkResolver.cpp, line 814]
Event: 7.705 Thread 0x0000fffed6f51ca0 Exception <a 'java/lang/NoSuchMethodError'{0x00000007290dbfb8}: 'void java.lang.invoke.DelegatingMethodHandle$Holder.reinvoke_L(java.lang.Object, java.lang.Object, java.lang.Object, int, int, int)'> (0x00000007290dbfb8) 
thrown [src/hotspot/share/interpreter/linkResolver.cpp, line 814]
Event: 7.708 Thread 0x0000fffed6f51ca0 Exception <a 'java/lang/NoSuchMethodError'{0x00000007291443f0}: 'void java.lang.invoke.DirectMethodHandle$Holder.invokeSpecial(java.lang.Object, java.lang.Object, java.lang.Object, int, int, int)'> (0x00000007291443f0) 
thrown [src/hotspot/share/interpreter/linkResolver.cpp, line 814]
Event: 7.715 Thread 0x0000fffed6f51ca0 Exception <a 'java/lang/NoSuchMethodError'{0x000000072917a220}: 'void java.lang.invoke.DirectMethodHandle$Holder.invokeStaticInit(java.lang.Object, java.lang.Object, java.lang.Object, int, int, long)'> (0x000000072917a220) 
thrown [src/hotspot/share/interpreter/linkResolver.cpp, line 814]
Event: 7.715 Thread 0x0000fffed6f51ca0 Exception <a 'java/lang/NoSuchMethodError'{0x000000072918a680}: 'void java.lang.invoke.DelegatingMethodHandle$Holder.reinvoke_L(java.lang.Object, java.lang.Object, java.lang.Object, int, int, long)'> (0x000000072918a680) 
thrown [src/hotspot/share/interpreter/linkResolver.cpp, line 814]
Event: 7.715 Thread 0x0000fffed6f51ca0 Exception <a 'java/lang/NoSuchMethodError'{0x00000007291abaf0}: 'void java.lang.invoke.DirectMethodHandle$Holder.invokeSpecial(java.lang.Object, java.lang.Object, java.lang.Object, int, int, long)'> (0x00000007291abaf0) 
thrown [src/hotspot/share/interpreter/linkResolver.cpp, line 814]
Event: 7.716 Thread 0x0000fffed6f51ca0 Exception <a 'java/lang/NoSuchMethodError'{0x00000007291bbf60}: 'void java.lang.invoke.DirectMethodHandle$Holder.invokeSpecial(java.lang.Object, java.lang.Object, long, int, int, long)'> (0x00000007291bbf60) 
thrown [src/hotspot/share/interpreter/linkResolver.cpp, line 814]
Event: 7.814 Thread 0x0000fffed6f51ca0 Exception <a 'java/lang/NoSuchMethodError'{0x0000000728c79110}: 'void java.lang.invoke.DirectMethodHandle$Holder.invokeStaticInit(java.lang.Object, java.lang.Object, java.lang.Object, int, int, long, int, int)'> (0x0000000728c79110) 
thrown [src/hotspot/share/interpreter/linkResolver.cpp, line 814]
Event: 7.814 Thread 0x0000fffed6f51ca0 Exception <a 'java/lang/NoSuchMethodError'{0x0000000728c898a0}: 'void java.lang.invoke.DelegatingMethodHandle$Holder.reinvoke_L(java.lang.Object, java.lang.Object, java.lang.Object, int, int, long, int, int)'> (0x0000000728c898a0) 
thrown [src/hotspot/share/interpreter/linkResolver.cpp, line 814]
Event: 7.815 Thread 0x0000fffed6f51ca0 Exception <a 'java/lang/NoSuchMethodError'{0x0000000728cab268}: 'void java.lang.invoke.DirectMethodHandle$Holder.invokeSpecial(java.lang.Object, java.lang.Object, java.lang.Object, int, int, long, int, int)'> (0x0000000728cab268) 
thrown [src/hotspot/share/interpreter/linkResolver.cpp, line 814]
Event: 7.815 Thread 0x0000fffed6f51ca0 Exception <a 'java/lang/NoSuchMethodError'{0x0000000728ccb8e8}: 'void java.lang.invoke.DirectMethodHandle$Holder.invokeSpecial(java.lang.Object, java.lang.Object, int)'> (0x0000000728ccb8e8) 
thrown [src/hotspot/share/interpreter/linkResolver.cpp, line 814]
Event: 8.309 Thread 0x0000fffed4031730 Implicit null exception at 0x0000fffec91a2ba0 to 0x0000fffec91a2da8
Event: 8.694 Thread 0x0000fffed4031730 Exception <a 'java/lang/NoSuchMethodError'{0x00000007289923d0}: 'java.lang.Object java.lang.invoke.DirectMethodHandle$Holder.newInvokeSpecial(java.lang.Object, java.lang.Object, long, double, double)'> (0x00000007289923d0) 
thrown [src/hotspot/share/interpreter/linkResolver.cpp, line 814]
Event: 9.235 Thread 0x0000fffed4031730 Exception <a 'java/lang/NoSuchMethodError'{0x00000007284ca218}: 'java.lang.Object java.lang.invoke.DirectMethodHandle$Holder.invokeSpecial(java.lang.Object, java.lang.Object, java.lang.Object, long, java.lang.Object, int)'> (0x00000007284ca218) 
thrown [src/hotspot/share/interpreter/linkResolver.cpp, line 814]
Event: 9.350 Thread 0x0000fffed4031730 Exception <a 'sun/nio/fs/UnixException'{0x000000072811c958}> (0x000000072811c958) 
thrown [src/hotspot/share/prims/jni.cpp, line 535]

VM Operations (20 events):
Event: 5.462 Executing non-safepoint VM operation: HandshakeAllThreads (Deoptimize) done
Event: 5.462 Executing non-safepoint VM operation: HandshakeAllThreads (Deoptimize)
Event: 5.465 Executing non-safepoint VM operation: HandshakeAllThreads (Deoptimize) done
Event: 5.472 Executing safepoint VM operation: G1PauseRemark
Event: 5.476 Executing safepoint VM operation: G1PauseRemark done
Event: 5.488 Executing non-safepoint VM operation: HandshakeAllThreads (Deoptimize)
Event: 5.488 Executing non-safepoint VM operation: HandshakeAllThreads (Deoptimize) done
Event: 5.489 Executing non-safepoint VM operation: HandshakeAllThreads (Deoptimize)
Event: 5.489 Executing non-safepoint VM operation: HandshakeAllThreads (Deoptimize) done
Event: 5.519 Executing safepoint VM operation: G1PauseCleanup
Event: 5.520 Executing safepoint VM operation: G1PauseCleanup done
Event: 5.571 Executing non-safepoint VM operation: HandshakeAllThreads (Deoptimize)
Event: 5.571 Executing non-safepoint VM operation: HandshakeAllThreads (Deoptimize) done
Event: 5.759 Executing non-safepoint VM operation: HandshakeAllThreads (Deoptimize)
Event: 5.759 Executing non-safepoint VM operation: HandshakeAllThreads (Deoptimize) done
Event: 5.897 Executing non-safepoint VM operation: HandshakeAllThreads (Deoptimize)
Event: 5.897 Executing non-safepoint VM operation: HandshakeAllThreads (Deoptimize) done
Event: 6.178 Executing safepoint VM operation: G1CollectForAllocation (G1 Evacuation Pause)
Event: 6.195 Executing safepoint VM operation: G1CollectForAllocation (G1 Evacuation Pause) done
Event: 9.350 Executing safepoint VM operation: Exit

Memory protections (20 events):
Event: 4.836 Protecting memory [0x0000fffeb03b0000,0x0000fffeb03bc000] with protection modes 0
Event: 4.927 Protecting memory [0x0000fffeb0fb0000,0x0000fffeb0fbc000] with protection modes 0
Event: 4.927 Protecting memory [0x0000fffeb11b0000,0x0000fffeb11bc000] with protection modes 0
Event: 4.928 Protecting memory [0x0000fffdf0320000,0x0000fffdf032c000] with protection modes 0
Event: 4.928 Protecting memory [0x0000fffdf0120000,0x0000fffdf012c000] with protection modes 0
Event: 4.928 Protecting memory [0x0000fffddfe00000,0x0000fffddfe0c000] with protection modes 0
Event: 4.928 Protecting memory [0x0000fffddfc00000,0x0000fffddfc0c000] with protection modes 0
Event: 4.928 Protecting memory [0x0000fffdde100000,0x0000fffdde10c000] with protection modes 0
Event: 4.928 Protecting memory [0x0000fffdddf00000,0x0000fffdddf0c000] with protection modes 0
Event: 5.000 Protecting memory [0x0000fffdc8f80000,0x0000fffdc8f8c000] with protection modes 0
Event: 5.332 Protecting memory [0x0000fffdc8f80000,0x0000fffdc8f8c000] with protection modes 0
Event: 6.286 Protecting memory [0x0000fffda7444000,0x0000fffda7450000] with protection modes 0
Event: 7.317 Protecting memory [0x0000fffebc1dc000,0x0000fffebc1e8000] with protection modes 0
Event: 7.813 Protecting memory [0x0000fffe85e00000,0x0000fffe85e0c000] with protection modes 0
Event: 9.317 Protecting memory [0x0000fffeb1e00000,0x0000fffeb1e0c000] with protection modes 0
Event: 9.320 Protecting memory [0x0000fffeb1e00000,0x0000fffeb1e0c000] with protection modes 0
Event: 9.323 Protecting memory [0x0000fffeb03b0000,0x0000fffeb03bc000] with protection modes 0
Event: 9.349 Protecting memory [0x0000fffdde100000,0x0000fffdde10c000] with protection modes 0
Event: 9.349 Protecting memory [0x0000fffda7444000,0x0000fffda7450000] with protection modes 0
Event: 9.349 Protecting memory [0x0000fffeb11b0000,0x0000fffeb11bc000] with protection modes 0

Nmethod flushes (20 events):
Event: 5.475 Thread 0x0000fffed420da90 flushing  nmethod 0x0000fffec156ec08
Event: 5.475 Thread 0x0000fffed420da90 flushing  nmethod 0x0000fffec156f148
Event: 5.475 Thread 0x0000fffed420da90 flushing  nmethod 0x0000fffec156f408
Event: 5.475 Thread 0x0000fffed420da90 flushing  nmethod 0x0000fffec15bcb88
Event: 5.475 Thread 0x0000fffed420da90 flushing  nmethod 0x0000fffec15bfc48
Event: 5.475 Thread 0x0000fffed420da90 flushing  nmethod 0x0000fffec178c6c8
Event: 5.475 Thread 0x0000fffed420da90 flushing  nmethod 0x0000fffec178ef08
Event: 5.475 Thread 0x0000fffed420da90 flushing  nmethod 0x0000fffec187d888
Event: 5.475 Thread 0x0000fffed420da90 flushing  nmethod 0x0000fffec187e248
Event: 5.475 Thread 0x0000fffed420da90 flushing  nmethod 0x0000fffec19d4448
Event: 5.475 Thread 0x0000fffed420da90 flushing  nmethod 0x0000fffec19d5248
Event: 5.475 Thread 0x0000fffed420da90 flushing  nmethod 0x0000fffec19d5888
Event: 5.475 Thread 0x0000fffed420da90 flushing  nmethod 0x0000fffec1a8f648
Event: 5.475 Thread 0x0000fffed420da90 flushing  nmethod 0x0000fffec1a90808
Event: 5.475 Thread 0x0000fffed420da90 flushing  nmethod 0x0000fffec1b7b208
Event: 5.475 Thread 0x0000fffed420da90 flushing  nmethod 0x0000fffec1b7b848
Event: 5.475 Thread 0x0000fffed420da90 flushing  nmethod 0x0000fffec1b7e0c8
Event: 5.475 Thread 0x0000fffed420da90 flushing  nmethod 0x0000fffec1b7fb48
Event: 5.475 Thread 0x0000fffed420da90 flushing  nmethod 0x0000fffec1b80d08
Event: 5.475 Thread 0x0000fffed420da90 flushing  nmethod 0x0000fffec1b81708

Events (20 events):
Event: 9.320 Thread 0x0000fffdac33d100 Thread exited: 0x0000fffdac33d100
Event: 9.320 Thread 0x0000fffed4031730 Thread added: 0x0000fffdac445e90
Event: 9.322 Thread 0x0000fffed7721a30 Thread exited: 0x0000fffed7721a30
Event: 9.322 Thread 0x0000fffed77230a0 Thread exited: 0x0000fffed77230a0
Event: 9.322 Thread 0x0000fffed7722300 Thread exited: 0x0000fffed7722300
Event: 9.322 Thread 0x0000fffed76ebf60 Thread exited: 0x0000fffed76ebf60
Event: 9.322 Thread 0x0000fffdec000ee0 Thread exited: 0x0000fffdec000ee0
Event: 9.322 Thread 0x0000fffed77241b0 Thread exited: 0x0000fffed77241b0
Event: 9.322 Thread 0x0000fffdec015dd0 Thread exited: 0x0000fffdec015dd0
Event: 9.323 Thread 0x0000fffde8004d90 Thread exited: 0x0000fffde8004d90
Event: 9.323 Thread 0x0000fffed7725880 Thread exited: 0x0000fffed7725880
Event: 9.323 Thread 0x0000fffdac348f20 Thread exited: 0x0000fffdac348f20
Event: 9.323 Thread 0x0000fffed4222c30 Thread added: 0x0000fffe6d1a6fe0
Event: 9.348 Thread 0x0000fffed4031730 Thread added: 0x0000fffed7a417c0
Event: 9.349 Thread 0x0000fffed4031730 Thread added: 0x0000fffdac076b60
Event: 9.349 Thread 0x0000fffed4031730 Thread added: 0x0000fffdac0761c0
Event: 9.349 Thread 0x0000fffdac076b60 Thread exited: 0x0000fffdac076b60
Event: 9.349 Thread 0x0000fffed7a417c0 Thread exited: 0x0000fffed7a417c0
Event: 9.350 Thread 0x0000fffdac0761c0 Thread exited: 0x0000fffdac0761c0
Event: 9.350 Thread 0x0000fffed4031730 Before exit entered


Dynamic libraries:
70f800000-72c800000 rw-p 00000000 00:00 0 
72c800000-72d800000 ---p 00000000 00:00 0 
72d800000-72ec00000 rw-p 00000000 00:00 0 
72ec00000-7fe600000 ---p 00000000 00:00 0 
7fe600000-7ffc00000 rw-p 00000000 00:00 0 
7ffc00000-7ffe50000 rw-p 01d70000 00:25 8789750                          /home/anguscrump/.jdks/jbr-25.0.3/lib/server/classes.jsa
7ffe50000-800000000 rw-p 00000000 00:00 0 
60000000000-60000010000 ---p 00000000 00:00 0 
60000010000-60001d00000 rw-p 00010000 00:25 8789750                      /home/anguscrump/.jdks/jbr-25.0.3/lib/server/classes.jsa
60001d00000-60002000000 ---p 00000000 00:00 0 
60002000000-60002040000 rw-p 00000000 00:00 0 
60002040000-600020e0000 rw-p 00000000 00:00 0 
600020e0000-60002e40000 rw-p 00000000 00:00 0 
60002e40000-60002e80000 rw-p 00000000 00:00 0 
60002e80000-60003170000 rw-p 00000000 00:00 0 
60003170000-60003180000 ---p 00000000 00:00 0 
60003180000-60003340000 rw-p 00000000 00:00 0 
60003340000-60042000000 ---p 00000000 00:00 0 
aaab5cc60000-aaab5cc64000 r-xp 00000000 00:25 8789212                    /home/anguscrump/.jdks/jbr-25.0.3/bin/java
aaab5cc7c000-aaab5cc80000 r--p 0000c000 00:25 8789212                    /home/anguscrump/.jdks/jbr-25.0.3/bin/java
aaab5cc80000-aaab5cc84000 rw-p 00010000 00:25 8789212                    /home/anguscrump/.jdks/jbr-25.0.3/bin/java
aaab9200c000-aaab92200000 rw-p 00000000 00:00 0                          [heap]
fffda0000000-fffda0200000 rw-p 00000000 00:00 0 
fffda0200000-fffda4000000 ---p 00000000 00:00 0 
fffda7444000-fffda7450000 ---p 00000000 00:00 0 
fffda7450000-fffda7644000 rw-p 00000000 00:00 0 
fffdac000000-fffdac200000 rw-p 00000000 00:00 0 
fffdac200000-fffdac600000 rw-p 00000000 00:00 0 
fffdac600000-fffdb0000000 ---p 00000000 00:00 0 
fffdb4000000-fffdb4200000 rw-p 00000000 00:00 0 
fffdb4200000-fffdb8000000 ---p 00000000 00:00 0 
fffdb8000000-fffdb8200000 rw-p 00000000 00:00 0 
fffdb8200000-fffdbc000000 ---p 00000000 00:00 0 
fffdbe080000-fffdc0000000 rw-p 00000000 00:00 0 
fffdc0000000-fffdc0200000 rw-p 00000000 00:00 0 
fffdc0200000-fffdc4000000 ---p 00000000 00:00 0 
fffdc4000000-fffdc4200000 rw-p 00000000 00:00 0 
fffdc4200000-fffdc8000000 ---p 00000000 00:00 0 
fffdc8080000-fffdc8e00000 rw-p 00000000 00:00 0 
fffdc8f80000-fffdc8f8c000 ---p 00000000 00:00 0 
fffdc8f8c000-fffdc9180000 rw-p 00000000 00:00 0 
fffdc9180000-fffdcb800000 rw-p 00000000 00:00 0 
fffdcb980000-fffdcc000000 rw-p 00000000 00:00 0 
fffdcc000000-fffdcc200000 rw-p 00000000 00:00 0 
fffdcc200000-fffdd0000000 ---p 00000000 00:00 0 
fffdd0000000-fffdd0200000 rw-p 00000000 00:00 0 
fffdd0200000-fffdd4000000 ---p 00000000 00:00 0 
fffdd4000000-fffdd4200000 rw-p 00000000 00:00 0 
fffdd4200000-fffdd8000000 ---p 00000000 00:00 0 
fffdd8000000-fffdd8200000 rw-p 00000000 00:00 0 
fffdd8200000-fffddc000000 ---p 00000000 00:00 0 
fffddc080000-fffddd400000 rw-p 00000000 00:00 0 
fffddd480000-fffdddf00000 rw-p 00000000 00:00 0 
fffdddf00000-fffdddf0c000 ---p 00000000 00:00 0 
fffdddf0c000-fffdde100000 rw-p 00000000 00:00 0 
fffdde100000-fffdde10c000 ---p 00000000 00:00 0 
fffdde10c000-fffdde300000 rw-p 00000000 00:00 0 
fffdde300000-fffddfc00000 rw-p 00000000 00:00 0 
fffddfc00000-fffddfc0c000 ---p 00000000 00:00 0 
fffddfc0c000-fffddfe00000 rw-p 00000000 00:00 0 
fffddfe00000-fffddfe0c000 ---p 00000000 00:00 0 
fffddfe0c000-fffde0000000 rw-p 00000000 00:00 0 
fffde0000000-fffde0200000 rw-p 00000000 00:00 0 
fffde0200000-fffde4000000 ---p 00000000 00:00 0 
fffde4000000-fffde4200000 rw-p 00000000 00:00 0 
fffde4200000-fffde8000000 ---p 00000000 00:00 0 
fffde8000000-fffde8200000 rw-p 00000000 00:00 0 
fffde8200000-fffdec000000 ---p 00000000 00:00 0 
fffdec000000-fffdec200000 rw-p 00000000 00:00 0 
fffdec200000-fffdf0000000 ---p 00000000 00:00 0 
fffdf0620000-fffdf06b0000 r-xp 00000000 00:25 3200165                    /usr/lib64/libflite_cmulex.so.2.2
fffdf06b0000-fffdf06bc000 ---p 00090000 00:25 3200165                    /usr/lib64/libflite_cmulex.so.2.2
fffdf06bc000-fffdf06c0000 r--p 0008c000 00:25 3200165                    /usr/lib64/libflite_cmulex.so.2.2
fffdf06c0000-fffdf06c4000 rw-p 00000000 00:00 0 
fffdf06d0000-fffdf06e0000 r-xp 00000000 00:25 3200167                    /usr/lib64/libflite_usenglish.so.2.2
fffdf06e0000-fffdf06e4000 ---p 00010000 00:25 3200167                    /usr/lib64/libflite_usenglish.so.2.2
fffdf06e4000-fffdf06f0000 r--p 00014000 00:25 3200167                    /usr/lib64/libflite_usenglish.so.2.2
fffdf06f0000-fffdf06f4000 rw-p 00000000 00:00 0 
fffdf0700000-fffdf0ac8000 r-xp 00000000 00:25 3200159                    /usr/lib64/libflite_cmu_us_kal16.so.2.2
fffdf0ac8000-fffdf0ad8000 ---p 003c8000 00:25 3200159                    /usr/lib64/libflite_cmu_us_kal16.so.2.2
fffdf0ad8000-fffdf0ae0000 r--p 003c8000 00:25 3200159                    /usr/lib64/libflite_cmu_us_kal16.so.2.2
fffdf0ae0000-fffdf0ae4000 rw-p 003d0000 00:25 3200159                    /usr/lib64/libflite_cmu_us_kal16.so.2.2
fffdf0af0000-fffdf0b34000 r-xp 00000000 00:25 3101837                    /usr/lib64/libmp3lame.so.0.0.0
fffdf0b34000-fffdf0b4c000 ---p 00044000 00:25 3101837                    /usr/lib64/libmp3lame.so.0.0.0
fffdf0b4c000-fffdf0b50000 r--p 0004c000 00:25 3101837                    /usr/lib64/libmp3lame.so.0.0.0
fffdf0b50000-fffdf0b80000 rw-p 00000000 00:00 0 
fffdf0b90000-fffdf0be0000 r-xp 00000000 00:25 3105171                    /usr/lib64/libmpg123.so.0.48.3
fffdf0be0000-fffdf0bec000 ---p 00050000 00:25 3105171                    /usr/lib64/libmpg123.so.0.48.3
fffdf0bec000-fffdf0bf0000 r--p 0004c000 00:25 3105171                    /usr/lib64/libmpg123.so.0.48.3
fffdf0bf0000-fffdf0bf4000 rw-p 00050000 00:25 3105171                    /usr/lib64/libmpg123.so.0.48.3
fffdf0c00000-fffdf4000000 rw-p 00000000 00:00 0 
fffdf4000000-fffdf4200000 rw-p 00000000 00:00 0 
fffdf4200000-fffdf8000000 ---p 00000000 00:00 0 
fffdf8010000-fffdf8078000 r-xp 00000000 00:25 3101166                    /usr/lib64/libopus.so.0.11.0
fffdf8078000-fffdf808c000 ---p 00068000 00:25 3101166                    /usr/lib64/libopus.so.0.11.0
fffdf808c000-fffdf8090000 r--p 0006c000 00:25 3101166                    /usr/lib64/libopus.so.0.11.0
fffdf8090000-fffdf8094000 rw-p 00000000 00:00 0 
fffdf80a0000-fffdf8118000 r-xp 00000000 00:25 3101194                    /usr/lib64/libvorbisenc.so.2.0.12
fffdf8118000-fffdf8128000 ---p 00078000 00:25 3101194                    /usr/lib64/libvorbisenc.so.2.0.12
fffdf8128000-fffdf8140000 r--p 00078000 00:25 3101194                    /usr/lib64/libvorbisenc.so.2.0.12
fffdf8140000-fffdf8144000 rw-p 00090000 00:25 3101194                    /usr/lib64/libvorbisenc.so.2.0.12
fffdf8150000-fffdf817c000 r-xp 00000000 00:25 3101192                    /usr/lib64/libvorbis.so.0.4.9
fffdf817c000-fffdf818c000 ---p 0002c000 00:25 3101192                    /usr/lib64/libvorbis.so.0.4.9
fffdf818c000-fffdf8190000 r--p 0002c000 00:25 3101192                    /usr/lib64/libvorbis.so.0.4.9
fffdf8190000-fffdf8194000 rw-p 00000000 00:00 0 
fffdf81a0000-fffdf81e0000 r-xp 00000000 00:25 3101748                    /usr/lib64/libFLAC.so.14.0.0
fffdf81e0000-fffdf81ec000 ---p 00040000 00:25 3101748                    /usr/lib64/libFLAC.so.14.0.0
fffdf81ec000-fffdf81f0000 r--p 0004c000 00:25 3101748                    /usr/lib64/libFLAC.so.14.0.0
fffdf81f0000-fffdf81f4000 rw-p 00050000 00:25 3101748                    /usr/lib64/libFLAC.so.14.0.0
fffdf8200000-fffdfc000000 rw-p 00000000 00:00 0 
fffdfc000000-fffdfc200000 rw-p 00000000 00:00 0 
fffdfc200000-fffe00000000 ---p 00000000 00:00 0 
fffe00010000-fffe00018000 r-xp 00000000 00:25 3101183                    /usr/lib64/libogg.so.0.8.6
fffe00018000-fffe0002c000 ---p 00008000 00:25 3101183                    /usr/lib64/libogg.so.0.8.6
fffe0002c000-fffe00030000 r--p 0000c000 00:25 3101183                    /usr/lib64/libogg.so.0.8.6
fffe00030000-fffe00034000 rw-p 00000000 00:00 0 
fffe00040000-fffe0004c000 r-xp 00000000 00:25 3104966                    /usr/lib64/libgsm.so.1.0.24
fffe0004c000-fffe0005c000 ---p 0000c000 00:25 3104966                    /usr/lib64/libgsm.so.1.0.24
fffe0005c000-fffe00060000 r--p 0000c000 00:25 3104966                    /usr/lib64/libgsm.so.1.0.24
fffe00060000-fffe00064000 rw-p 00010000 00:25 3104966                    /usr/lib64/libgsm.so.1.0.24
fffe00070000-fffe00078000 r-xp 00000000 00:25 3200036                    /usr/lib64/libasyncns.so.0.3.1
fffe00078000-fffe0008c000 ---p 00008000 00:25 3200036                    /usr/lib64/libasyncns.so.0.3.1
fffe0008c000-fffe00090000 r--p 0000c000 00:25 3200036                    /usr/lib64/libasyncns.so.0.3.1
fffe00090000-fffe00094000 rw-p 00000000 00:00 0 
fffe000a0000-fffe00118000 r-xp 00000000 00:25 3105180                    /usr/lib64/libsndfile.so.1.0.37
fffe00118000-fffe0012c000 ---p 00078000 00:25 3105180                    /usr/lib64/libsndfile.so.1.0.37
fffe0012c000-fffe00130000 r--p 0007c000 00:25 3105180                    /usr/lib64/libsndfile.so.1.0.37
fffe00130000-fffe00134000 rw-p 00080000 00:25 3105180                    /usr/lib64/libsndfile.so.1.0.37
fffe00140000-fffe001bc000 r-xp 00000000 00:25 3200048                    /usr/lib64/pulseaudio/libpulsecommon-17.0.so
fffe001bc000-fffe001cc000 ---p 0007c000 00:25 3200048                    /usr/lib64/pulseaudio/libpulsecommon-17.0.so
fffe001cc000-fffe001d0000 r--p 0007c000 00:25 3200048                    /usr/lib64/pulseaudio/libpulsecommon-17.0.so
fffe001d0000-fffe001d4000 rw-p 00080000 00:25 3200048                    /usr/lib64/pulseaudio/libpulsecommon-17.0.so
fffe001e0000-fffe0022c000 r-xp 00000000 00:25 3200047                    /usr/lib64/libpulse.so.0.24.3
fffe0022c000-fffe0023c000 ---p 0004c000 00:25 3200047                    /usr/lib64/libpulse.so.0.24.3
fffe0023c000-fffe00240000 r--p 0004c000 00:25 3200047                    /usr/lib64/libpulse.so.0.24.3
fffe00240000-fffe00244000 rw-p 00050000 00:25 3200047                    /usr/lib64/libpulse.so.0.24.3
fffe00250000-fffe00254000 r-xp 00000000 00:25 3200045                    /usr/lib64/libpulse-simple.so.0.1.1
fffe00254000-fffe0026c000 ---p 00004000 00:25 3200045                    /usr/lib64/libpulse-simple.so.0.1.1
fffe0026c000-fffe00270000 r--p 0000c000 00:25 3200045                    /usr/lib64/libpulse-simple.so.0.1.1
fffe00270000-fffe00274000 rw-p 00000000 00:00 0 
fffe00280000-fffe002bc000 r-xp 00000000 00:25 3200143                    /usr/lib64/libflite.so.2.2
fffe002bc000-fffe002cc000 ---p 0003c000 00:25 3200143                    /usr/lib64/libflite.so.2.2
fffe002cc000-fffe002d0000 r--p 0003c000 00:25 3200143                    /usr/lib64/libflite.so.2.2
fffe002d0000-fffe002d4000 rw-p 00040000 00:25 3200143                    /usr/lib64/libflite.so.2.2
fffe00410000-fffe02810000 rw-p 00000000 00:00 0 
fffe02810000-fffe03020000 rw-p 00000000 00:00 0 
fffe03020000-fffe03044000 r-xp 00000000 00:25 3826951                    /usr/lib64/pipewire-0.3/libpipewire-module-session-manager.so
fffe03044000-fffe0305c000 ---p 00024000 00:25 3826951                    /usr/lib64/pipewire-0.3/libpipewire-module-session-manager.so
fffe0305c000-fffe03060000 r--p 0002c000 00:25 3826951                    /usr/lib64/pipewire-0.3/libpipewire-module-session-manager.so
fffe03060000-fffe03064000 rw-p 00000000 00:00 0 
fffe03070000-fffe0307c000 r-xp 00000000 00:25 3826933                    /usr/lib64/pipewire-0.3/libpipewire-module-metadata.so
fffe0307c000-fffe0308c000 ---p 0000c000 00:25 3826933                    /usr/lib64/pipewire-0.3/libpipewire-module-metadata.so
fffe0308c000-fffe03090000 r--p 0000c000 00:25 3826933                    /usr/lib64/pipewire-0.3/libpipewire-module-metadata.so
fffe03090000-fffe03094000 rw-p 00010000 00:25 3826933                    /usr/lib64/pipewire-0.3/libpipewire-module-metadata.so
fffe030a0000-fffe030a8000 r-xp 00000000 00:25 3826923                    /usr/lib64/pipewire-0.3/libpipewire-module-adapter.so
fffe030a8000-fffe030bc000 ---p 00008000 00:25 3826923                    /usr/lib64/pipewire-0.3/libpipewire-module-adapter.so
fffe030bc000-fffe030c0000 r--p 0000c000 00:25 3826923                    /usr/lib64/pipewire-0.3/libpipewire-module-adapter.so
fffe030c0000-fffe030c4000 rw-p 00010000 00:25 3826923                    /usr/lib64/pipewire-0.3/libpipewire-module-adapter.so
fffe030d0000-fffe030e0000 r-xp 00000000 00:25 3826925                    /usr/lib64/pipewire-0.3/libpipewire-module-client-device.so
fffe030e0000-fffe030ec000 ---p 00010000 00:25 3826925                    /usr/lib64/pipewire-0.3/libpipewire-module-client-device.so
fffe030ec000-fffe030f0000 r--p 0000c000 00:25 3826925                    /usr/lib64/pipewire-0.3/libpipewire-module-client-device.so
fffe030f0000-fffe030f4000 rw-p 00010000 00:25 3826925                    /usr/lib64/pipewire-0.3/libpipewire-module-client-device.so
fffe03100000-fffe0319c000 r-xp 00000000 00:25 3099166                    /usr/lib64/libpcre2-8.so.0.15.0
fffe0319c000-fffe031ac000 ---p 0009c000 00:25 3099166                    /usr/lib64/libpcre2-8.so.0.15.0
fffe031ac000-fffe031b0000 r--p 0009c000 00:25 3099166                    /usr/lib64/libpcre2-8.so.0.15.0
fffe031b0000-fffe031b4000 rw-p 000a0000 00:25 3099166                    /usr/lib64/libpcre2-8.so.0.15.0
fffe031c0000-fffe039d0000 rw-p 00000000 00:00 0 
fffe039d0000-fffe07cb8000 r--p 00000000 00:25 3827814                    /usr/lib64/libLLVM.so.22.1
fffe07cb8000-fffe07cc4000 ---p 042e8000 00:25 3827814                    /usr/lib64/libLLVM.so.22.1
fffe07cc4000-fffe0bcf8000 r-xp 042e4000 00:25 3827814                    /usr/lib64/libLLVM.so.22.1
fffe0bcf8000-fffe0bd04000 ---p 08328000 00:25 3827814                    /usr/lib64/libLLVM.so.22.1
fffe0bd04000-fffe0bf28000 r--p 08314000 00:25 3827814                    /usr/lib64/libLLVM.so.22.1
fffe0bf28000-fffe0bf2c000 rw-p 08538000 00:25 3827814                    /usr/lib64/libLLVM.so.22.1
fffe0bf2c000-fffe0bf38000 ---p 0855c000 00:25 3827814                    /usr/lib64/libLLVM.so.22.1
fffe0bf38000-fffe0bf44000 rw-p 08538000 00:25 3827814                    /usr/lib64/libLLVM.so.22.1
fffe0bf44000-fffe0bff0000 rw-p 00000000 00:00 0 
fffe0c000000-fffe0c200000 rw-p 00000000 00:00 0 
fffe0c200000-fffe10000000 ---p 00000000 00:00 0 
fffe10030000-fffe10054000 r-xp 00000000 00:25 3826926                    /usr/lib64/pipewire-0.3/libpipewire-module-client-node.so
fffe10054000-fffe1006c000 ---p 00024000 00:25 3826926                    /usr/lib64/pipewire-0.3/libpipewire-module-client-node.so
fffe1006c000-fffe10070000 r--p 0002c000 00:25 3826926                    /usr/lib64/pipewire-0.3/libpipewire-module-client-node.so
fffe10070000-fffe10074000 rw-p 00030000 00:25 3826926                    /usr/lib64/pipewire-0.3/libpipewire-module-client-node.so
fffe10080000-fffe100b0000 r-xp 00000000 00:25 3102648                    /usr/lib64/libselinux.so.1
fffe100b0000-fffe100bc000 ---p 00030000 00:25 3102648                    /usr/lib64/libselinux.so.1
fffe100bc000-fffe100c0000 r--p 0002c000 00:25 3102648                    /usr/lib64/libselinux.so.1
fffe100c0000-fffe100c4000 rw-p 00030000 00:25 3102648                    /usr/lib64/libselinux.so.1
fffe100d0000-fffe100fc000 r-xp 00000000 00:25 3826940                    /usr/lib64/pipewire-0.3/libpipewire-module-protocol-native.so
fffe100fc000-fffe10104000 ---p 0002c000 00:25 3826940                    /usr/lib64/pipewire-0.3/libpipewire-module-protocol-native.so
fffe10104000-fffe10110000 r--p 00034000 00:25 3826940                    /usr/lib64/pipewire-0.3/libpipewire-module-protocol-native.so
fffe10110000-fffe10114000 rw-p 00040000 00:25 3826940                    /usr/lib64/pipewire-0.3/libpipewire-module-protocol-native.so
fffe10120000-fffe10128000 r-xp 00000000 00:25 3826945                    /usr/lib64/pipewire-0.3/libpipewire-module-rt.so
fffe10128000-fffe1013c000 ---p 00008000 00:25 3826945                    /usr/lib64/pipewire-0.3/libpipewire-module-rt.so
fffe1013c000-fffe10140000 r--p 0000c000 00:25 3826945                    /usr/lib64/pipewire-0.3/libpipewire-module-rt.so
fffe10140000-fffe10144000 rw-p 00010000 00:25 3826945                    /usr/lib64/pipewire-0.3/libpipewire-module-rt.so
fffe10150000-fffe101a4000 r-xp 00000000 00:25 3098658                    /usr/lib64/libdbus-1.so.3.38.3
fffe101a4000-fffe101bc000 ---p 00054000 00:25 3098658                    /usr/lib64/libdbus-1.so.3.38.3
fffe101bc000-fffe101c0000 r--p 0005c000 00:25 3098658                    /usr/lib64/libdbus-1.so.3.38.3
fffe101c0000-fffe101c4000 rw-p 00060000 00:25 3098658                    /usr/lib64/libdbus-1.so.3.38.3
fffe101d0000-fffe101d8000 r-xp 00000000 00:25 3826985                    /usr/lib64/spa-0.2/support/libspa-dbus.so
fffe101d8000-fffe101ec000 ---p 00008000 00:25 3826985                    /usr/lib64/spa-0.2/support/libspa-dbus.so
fffe101ec000-fffe101f0000 r--p 0000c000 00:25 3826985                    /usr/lib64/spa-0.2/support/libspa-dbus.so
fffe101f0000-fffe101f4000 rw-p 00010000 00:25 3826985                    /usr/lib64/spa-0.2/support/libspa-dbus.so
fffe10200000-fffe1031c000 r-xp 00000000 00:25 3098609                    /usr/lib64/libsystemd.so.0.42.0
fffe1031c000-fffe10324000 ---p 0011c000 00:25 3098609                    /usr/lib64/libsystemd.so.0.42.0
fffe10324000-fffe10330000 r--p 00124000 00:25 3098609                    /usr/lib64/libsystemd.so.0.42.0
fffe10330000-fffe10334000 rw-p 00130000 00:25 3098609                    /usr/lib64/libsystemd.so.0.42.0
fffe10340000-fffe10344000 r-xp 00000000 00:25 3826986                    /usr/lib64/spa-0.2/support/libspa-journal.so
fffe10344000-fffe1035c000 ---p 00004000 00:25 3826986                    /usr/lib64/spa-0.2/support/libspa-journal.so
fffe1035c000-fffe10360000 r--p 0000c000 00:25 3826986                    /usr/lib64/spa-0.2/support/libspa-journal.so
fffe10360000-fffe10364000 rw-p 00010000 00:25 3826986                    /usr/lib64/spa-0.2/support/libspa-journal.so
fffe10370000-fffe10394000 r-xp 00000000 00:25 3826987                    /usr/lib64/spa-0.2/support/libspa-support.so
fffe10394000-fffe103a8000 ---p 00024000 00:25 3826987                    /usr/lib64/spa-0.2/support/libspa-support.so
fffe103a8000-fffe103b0000 r--p 00028000 00:25 3826987                    /usr/lib64/spa-0.2/support/libspa-support.so
fffe103b0000-fffe103b4000 rw-p 00030000 00:25 3826987                    /usr/lib64/spa-0.2/support/libspa-support.so
fffe103c0000-fffe1046c000 r-xp 00000000 00:25 3826921                    /usr/lib64/libpipewire-0.3.so.0.1605.0
fffe1046c000-fffe10474000 ---p 000ac000 00:25 3826921                    /usr/lib64/libpipewire-0.3.so.0.1605.0
fffe10474000-fffe10490000 r--p 000b4000 00:25 3826921                    /usr/lib64/libpipewire-0.3.so.0.1605.0
fffe10490000-fffe10494000 rw-p 000d0000 00:25 3826921                    /usr/lib64/libpipewire-0.3.so.0.1605.0
fffe104a0000-fffe10634000 r-xp 00000000 00:35 332                        /tmp/lwjgl_anguscrump/3.4.1-snapshot/arm64/libopenal.so
fffe10634000-fffe10640000 ---p 00194000 00:35 332                        /tmp/lwjgl_anguscrump/3.4.1-snapshot/arm64/libopenal.so
fffe10640000-fffe1064c000 r--p 00190000 00:35 332                        /tmp/lwjgl_anguscrump/3.4.1-snapshot/arm64/libopenal.so
fffe1064c000-fffe10650000 rw-p 0019c000 00:35 332                        /tmp/lwjgl_anguscrump/3.4.1-snapshot/arm64/libopenal.so
fffe10650000-fffe10734000 rw-p 00000000 00:00 0 
fffe10940000-fffe10bc0000 rw-p 00000000 00:00 0 
fffe10bc0000-fffe10c3c000 r-xp 00000000 00:35 331                        /tmp/lwjgl_anguscrump/3.4.1-snapshot/arm64/liblwjgl_stb.so
fffe10c3c000-fffe10c48000 ---p 0007c000 00:35 331                        /tmp/lwjgl_anguscrump/3.4.1-snapshot/arm64/liblwjgl_stb.so
fffe10c48000-fffe10c4c000 r--p 00078000 00:35 331                        /tmp/lwjgl_anguscrump/3.4.1-snapshot/arm64/liblwjgl_stb.so
fffe10c4c000-fffe10c50000 rw-p 0007c000 00:35 331                        /tmp/lwjgl_anguscrump/3.4.1-snapshot/arm64/liblwjgl_stb.so
fffe10c60000-fffe10c70000 r-xp 00000000 00:25 3115554                    /usr/lib64/libEGL.so.1.1.0
fffe10c70000-fffe10c7c000 ---p 00010000 00:25 3115554                    /usr/lib64/libEGL.so.1.1.0
fffe10c7c000-fffe10c80000 r--p 0000c000 00:25 3115554                    /usr/lib64/libEGL.so.1.1.0
fffe10c80000-fffe10c84000 rw-p 00010000 00:25 3115554                    /usr/lib64/libEGL.so.1.1.0
fffe10c90000-fffe10ce8000 r-xp 00000000 00:35 330                        /tmp/lwjgl_anguscrump/3.4.1-snapshot/arm64/liblwjgl_opengl.so
fffe10ce8000-fffe10cf8000 ---p 00058000 00:35 330                        /tmp/lwjgl_anguscrump/3.4.1-snapshot/arm64/liblwjgl_opengl.so
fffe10cf8000-fffe10cfc000 rw-p 00058000 00:35 330                        /tmp/lwjgl_anguscrump/3.4.1-snapshot/arm64/liblwjgl_opengl.so
fffe10e8c000-fffe1169c000 rw-p 00000000 00:00 0 
fffe14000000-fffe14200000 rw-p 00000000 00:00 0 
fffe14200000-fffe18000000 ---p 00000000 00:00 0 
fffe18000000-fffe18200000 rw-p 00000000 00:00 0 
fffe18200000-fffe1c000000 ---p 00000000 00:00 0 
fffe1c000000-fffe1c300000 rw-p 00000000 00:00 0 
fffe1c300000-fffe1c400000 rw-p 00000000 00:00 0 
fffe1c400000-fffe1cf00000 rw-p 00000000 00:00 0 
fffe1cf00000-fffe1cf60000 rw-p 00000000 00:00 0 
fffe1cf60000-fffe1d000000 ---p 00000000 00:00 0 
fffe1d000000-fffe1d8d0000 rw-p 00000000 00:00 0 
fffe1d8d0000-fffe20000000 ---p 00000000 00:00 0 
fffe20000000-fffe20200000 rw-p 00000000 00:00 0 
fffe20200000-fffe24000000 ---p 00000000 00:00 0 
fffe24000000-fffe24200000 rw-p 00000000 00:00 0 
fffe24200000-fffe25a00000 rw-p 00000000 00:00 0 
fffe25a00000-fffe28000000 ---p 00000000 00:00 0 
fffe28000000-fffe28200000 rw-p 00000000 00:00 0 
fffe28200000-fffe2c000000 ---p 00000000 00:00 0 
fffe2c000000-fffe2c200000 rw-p 00000000 00:00 0 
fffe2c200000-fffe30000000 ---p 00000000 00:00 0 
fffe30000000-fffe30200000 rw-p 00000000 00:00 0 
fffe30200000-fffe34000000 ---p 00000000 00:00 0 
fffe34000000-fffe34200000 rw-p 00000000 00:00 0 
fffe34200000-fffe38000000 ---p 00000000 00:00 0 
fffe38000000-fffe38200000 rw-p 00000000 00:00 0 
fffe38200000-fffe3c000000 ---p 00000000 00:00 0 
fffe3c000000-fffe3c200000 rw-p 00000000 00:00 0 
fffe3c200000-fffe40000000 ---p 00000000 00:00 0 
fffe40000000-fffe40200000 rw-p 00000000 00:00 0 
fffe40200000-fffe44000000 ---p 00000000 00:00 0 
fffe44000000-fffe44200000 rw-p 00000000 00:00 0 
fffe44200000-fffe48000000 ---p 00000000 00:00 0 
fffe48000000-fffe48200000 rw-p 00000000 00:00 0 
fffe48200000-fffe4c000000 ---p 00000000 00:00 0 
fffe4c000000-fffe4c200000 rw-p 00000000 00:00 0 
fffe4c200000-fffe50000000 ---p 00000000 00:00 0 
fffe50000000-fffe50200000 rw-p 00000000 00:00 0 
fffe50200000-fffe54000000 ---p 00000000 00:00 0 
fffe54000000-fffe54200000 rw-p 00000000 00:00 0 
fffe54200000-fffe58000000 ---p 00000000 00:00 0 
fffe58000000-fffe58200000 rw-p 00000000 00:00 0 
fffe58200000-fffe5c000000 ---p 00000000 00:00 0 
fffe5c000000-fffe5c200000 rw-p 00000000 00:00 0 
fffe5c200000-fffe60000000 ---p 00000000 00:00 0 
fffe60000000-fffe60200000 rw-p 00000000 00:00 0 
fffe60200000-fffe64000000 ---p 00000000 00:00 0 
fffe64000000-fffe64200000 rw-p 00000000 00:00 0 
fffe64200000-fffe66200000 rw-p 00000000 00:00 0 
fffe66200000-fffe68000000 ---p 00000000 00:00 0 
fffe68000000-fffe68200000 rw-p 00000000 00:00 0 
fffe68200000-fffe69800000 rw-p 00000000 00:00 0 
fffe69800000-fffe6c000000 ---p 00000000 00:00 0 
fffe6c000000-fffe6c200000 rw-p 00000000 00:00 0 
fffe6c200000-fffe6d200000 rw-p 00000000 00:00 0 
fffe6d200000-fffe70000000 ---p 00000000 00:00 0 
fffe70000000-fffe70200000 rw-p 00000000 00:00 0 
fffe70200000-fffe74000000 ---p 00000000 00:00 0 
fffe74000000-fffe74200000 rw-p 00000000 00:00 0 
fffe74200000-fffe78000000 ---p 00000000 00:00 0 
fffe78000000-fffe78200000 rw-p 00000000 00:00 0 
fffe78200000-fffe7c000000 ---p 00000000 00:00 0 
fffe7c000000-fffe7c200000 rw-p 00000000 00:00 0 
fffe7c200000-fffe80000000 ---p 00000000 00:00 0 
fffe80000000-fffe80200000 rw-p 00000000 00:00 0 
fffe80200000-fffe84000000 ---p 00000000 00:00 0 
fffe841c0000-fffe841f0000 r-xp 00000000 00:25 3098672                    /usr/lib64/liblzma.so.5.8.2
fffe841f0000-fffe841fc000 ---p 00030000 00:25 3098672                    /usr/lib64/liblzma.so.5.8.2
fffe841fc000-fffe84200000 r--p 0003c000 00:25 3098672                    /usr/lib64/liblzma.so.5.8.2
fffe84200000-fffe84204000 rw-p 00000000 00:00 0 
fffe84210000-fffe84238000 r-xp 00000000 00:25 3098080                    /usr/lib64/libtinfo.so.6.6
fffe84238000-fffe8424c000 ---p 00028000 00:25 3098080                    /usr/lib64/libtinfo.so.6.6
fffe8424c000-fffe84250000 r--p 0002c000 00:25 3098080                    /usr/lib64/libtinfo.so.6.6
fffe84250000-fffe84254000 rw-p 00030000 00:25 3098080                    /usr/lib64/libtinfo.so.6.6
fffe84260000-fffe843bc000 r-xp 00000000 00:25 3098680                    /usr/lib64/libxml2.so.2.12.10
fffe843bc000-fffe843c4000 ---p 0015c000 00:25 3098680                    /usr/lib64/libxml2.so.2.12.10
fffe843c4000-fffe843d0000 r--p 00164000 00:25 3098680                    /usr/lib64/libxml2.so.2.12.10
fffe843d0000-fffe843d4000 rw-p 00170000 00:25 3098680                    /usr/lib64/libxml2.so.2.12.10
fffe843e0000-fffe84414000 r-xp 00000000 00:25 3859435                    /usr/lib64/libedit.so.0.0.78
fffe84414000-fffe8442c000 ---p 00034000 00:25 3859435                    /usr/lib64/libedit.so.0.0.78
fffe8442c000-fffe84430000 r--p 0003c000 00:25 3859435                    /usr/lib64/libedit.so.0.0.78
fffe84430000-fffe84434000 rw-p 00040000 00:25 3859435                    /usr/lib64/libedit.so.0.0.78
fffe84440000-fffe84458000 r-xp 00000000 00:25 3099018                    /usr/lib64/libffi.so.8.2.0
fffe84458000-fffe8446c000 ---p 00018000 00:25 3099018                    /usr/lib64/libffi.so.8.2.0
fffe8446c000-fffe84470000 r--p 0001c000 00:25 3099018                    /usr/lib64/libffi.so.8.2.0
fffe84470000-fffe84474000 rw-p 00020000 00:25 3099018                    /usr/lib64/libffi.so.8.2.0
fffe84480000-fffe846fc000 r-xp 00000000 00:25 3955255                    /usr/lib64/libstdc++.so.6.0.35
fffe846fc000-fffe8470c000 ---p 0027c000 00:25 3955255                    /usr/lib64/libstdc++.so.6.0.35
fffe8470c000-fffe84720000 r--p 0027c000 00:25 3955255                    /usr/lib64/libstdc++.so.6.0.35
fffe84720000-fffe84724000 rw-p 00290000 00:25 3955255                    /usr/lib64/libstdc++.so.6.0.35
fffe84724000-fffe84728000 rw-p 00000000 00:00 0 
fffe84a00000-fffe84ac4000 r-xp 00000000 00:25 3098619                    /usr/lib64/libzstd.so.1.5.7
fffe84ac4000-fffe84adc000 ---p 000c4000 00:25 3098619                    /usr/lib64/libzstd.so.1.5.7
fffe84adc000-fffe84ae0000 r--p 000cc000 00:25 3098619                    /usr/lib64/libzstd.so.1.5.7
fffe84ae0000-fffe84ae4000 rw-p 000d0000 00:25 3098619                    /usr/lib64/libzstd.so.1.5.7
fffe84cf0000-fffe84e08000 r-xp 00000000 00:25 3105144                    /usr/lib64/libGLdispatch.so.0.0.0
fffe84e08000-fffe84e14000 ---p 00118000 00:25 3105144                    /usr/lib64/libGLdispatch.so.0.0.0
fffe84e14000-fffe84e30000 r--p 00124000 00:25 3105144                    /usr/lib64/libGLdispatch.so.0.0.0
fffe84e30000-fffe84e34000 rw-p 00140000 00:25 3105144                    /usr/lib64/libGLdispatch.so.0.0.0
fffe84e34000-fffe84e3c000 rw-p 00000000 00:00 0 
fffe84ef0000-fffe84ef8000 r-xp 00000000 00:25 3101940                    /usr/lib64/libXfixes.so.3.1.0
fffe84ef8000-fffe84f0c000 ---p 00008000 00:25 3101940                    /usr/lib64/libXfixes.so.3.1.0
fffe84f0c000-fffe84f10000 r--p 0000c000 00:25 3101940                    /usr/lib64/libXfixes.so.3.1.0
fffe84f10000-fffe84f14000 rw-p 00010000 00:25 3101940                    /usr/lib64/libXfixes.so.3.1.0
fffe84f20000-fffe84f2c000 r-xp 00000000 00:25 3101960                    /usr/lib64/libXcursor.so.1.0.2
fffe84f2c000-fffe84f3c000 ---p 0000c000 00:25 3101960                    /usr/lib64/libXcursor.so.1.0.2
fffe84f3c000-fffe84f40000 r--p 0000c000 00:25 3101960                    /usr/lib64/libXcursor.so.1.0.2
fffe84f40000-fffe84f44000 rw-p 00000000 00:00 0 
fffe84f50000-fffe84f5c000 r-xp 00000000 00:25 3101950                    /usr/lib64/libXrender.so.1.3.0
fffe84f5c000-fffe84f6c000 ---p 0000c000 00:25 3101950                    /usr/lib64/libXrender.so.1.3.0
fffe84f6c000-fffe84f70000 r--p 0000c000 00:25 3101950                    /usr/lib64/libXrender.so.1.3.0
fffe84f70000-fffe84f74000 rw-p 00010000 00:25 3101950                    /usr/lib64/libXrender.so.1.3.0
fffe84fb0000-fffe84fdc000 r-xp 00000000 00:25 3101927                    /usr/lib64/libxcb.so.1.1.0
fffe84fdc000-fffe84fec000 ---p 0002c000 00:25 3101927                    /usr/lib64/libxcb.so.1.1.0
fffe84fec000-fffe84ff0000 r--p 0002c000 00:25 3101927                    /usr/lib64/libxcb.so.1.1.0
fffe84ff0000-fffe84ff4000 rw-p 00030000 00:25 3101927                    /usr/lib64/libxcb.so.1.1.0
fffe85000000-fffe85400000 rw-p 00000000 00:00 0 
fffe85450000-fffe85598000 r-xp 00000000 00:25 3101932                    /usr/lib64/libX11.so.6.4.0
fffe85598000-fffe855ac000 ---p 00148000 00:25 3101932                    /usr/lib64/libX11.so.6.4.0
fffe855ac000-fffe855b0000 r--p 0014c000 00:25 3101932                    /usr/lib64/libX11.so.6.4.0
fffe855b0000-fffe855b4000 rw-p 00150000 00:25 3101932                    /usr/lib64/libX11.so.6.4.0
fffe855c0000-fffe85e00000 rw-p 00000000 00:00 0 
fffe86000000-fffe93e94000 r--p 00000000 00:25 3810908                    /usr/lib/locale/locale-archive
fffe93ea0000-fffe93eb4000 r-xp 00000000 00:25 3101935                    /usr/lib64/libXext.so.6.4.0
fffe93eb4000-fffe93ecc000 ---p 00014000 00:25 3101935                    /usr/lib64/libXext.so.6.4.0
fffe93ecc000-fffe93ed0000 r--p 0001c000 00:25 3101935                    /usr/lib64/libXext.so.6.4.0
fffe93ed0000-fffe93ed4000 rw-p 00020000 00:25 3101935                    /usr/lib64/libXext.so.6.4.0
fffe93ee0000-fffe93f54000 r-xp 00000000 00:35 329                        /tmp/lwjgl_anguscrump/3.4.1-snapshot/arm64/libjemalloc.so
fffe93f54000-fffe93f60000 ---p 00074000 00:35 329                        /tmp/lwjgl_anguscrump/3.4.1-snapshot/arm64/libjemalloc.so
fffe93f60000-fffe93f64000 r--p 00070000 00:35 329                        /tmp/lwjgl_anguscrump/3.4.1-snapshot/arm64/libjemalloc.so
fffe93f64000-fffe93f68000 rw-p 00074000 00:35 329                        /tmp/lwjgl_anguscrump/3.4.1-snapshot/arm64/libjemalloc.so
fffe93f68000-fffe93ff4000 rw-p 00000000 00:00 0 
fffe94000000-fffe94400000 rw-p 00000000 00:00 0 
fffe94400000-fffe94bc0000 rw-p 00000000 00:00 0 
fffe94bc0000-fffe94c00000 rw-p 00000000 00:00 0 
fffe94c00000-fffe95100000 rw-p 00000000 00:00 0 
fffe95100000-fffe95200000 rw-p 00000000 00:00 0 
fffe95200000-fffe95d20000 rw-p 00000000 00:00 0 
fffe95d20000-fffe95e00000 rw-p 00000000 00:00 0 
fffe95e00000-fffe967e0000 rw-p 00000000 00:00 0 
fffe967e0000-fffe96820000 rw-p 00000000 00:00 0 
fffe96820000-fffe97f80000 rw-p 00000000 00:00 0 
fffe97f80000-fffe98000000 rw-p 00000000 00:00 0 
fffe98000000-fffe98200000 rw-p 00000000 00:00 0 
fffe98200000-fffe98600000 rw-p 00000000 00:00 0 
fffe98600000-fffe9c000000 ---p 00000000 00:00 0 
fffe9c000000-fffe9c200000 rw-p 00000000 00:00 0 
fffe9c200000-fffea0000000 ---p 00000000 00:00 0 
fffea0000000-fffea0200000 rw-p 00000000 00:00 0 
fffea0200000-fffea4000000 ---p 00000000 00:00 0 
fffea4000000-fffea4200000 rw-p 00000000 00:00 0 
fffea4200000-fffea8000000 ---p 00000000 00:00 0 
fffea8000000-fffea8200000 rw-p 00000000 00:00 0 
fffea8200000-fffeac000000 ---p 00000000 00:00 0 
fffeac000000-fffeac200000 rw-p 00000000 00:00 0 
fffeac200000-fffeb0000000 ---p 00000000 00:00 0 
fffeb0050000-fffeb00c4000 r-xp 00000000 00:35 328                        /tmp/lwjgl_anguscrump/3.4.1-snapshot/arm64/libglfw.so
fffeb00c4000-fffeb00d4000 ---p 00074000 00:35 328                        /tmp/lwjgl_anguscrump/3.4.1-snapshot/arm64/libglfw.so
fffeb00d4000-fffeb00dc000 rw-p 00074000 00:35 328                        /tmp/lwjgl_anguscrump/3.4.1-snapshot/arm64/libglfw.so
fffeb00dc000-fffeb0100000 rw-p 00000000 00:00 0 
fffeb0110000-fffeb0194000 r-xp 00000000 00:35 327                        /tmp/lwjgl_anguscrump/3.4.1-snapshot/arm64/liblwjgl.so
fffeb0194000-fffeb01a0000 ---p 00084000 00:35 327                        /tmp/lwjgl_anguscrump/3.4.1-snapshot/arm64/liblwjgl.so
fffeb01a0000-fffeb01a4000 r--p 00080000 00:35 327                        /tmp/lwjgl_anguscrump/3.4.1-snapshot/arm64/liblwjgl.so
fffeb01a4000-fffeb01a8000 rw-p 00084000 00:35 327                        /tmp/lwjgl_anguscrump/3.4.1-snapshot/arm64/liblwjgl.so
fffeb01b0000-fffeb01bc000 ---p 00000000 00:00 0 
fffeb01bc000-fffeb03b0000 rw-p 00000000 00:00 0 
fffeb03b0000-fffeb03bc000 ---p 00000000 00:00 0 
fffeb03bc000-fffeb05b0000 rw-p 00000000 00:00 0 
fffeb05b0000-fffeb05bc000 ---p 00000000 00:00 0 
fffeb05bc000-fffeb07b0000 rw-p 00000000 00:00 0 
fffeb07b0000-fffeb07bc000 ---p 00000000 00:00 0 
fffeb07bc000-fffeb09b0000 rw-p 00000000 00:00 0 
fffeb09b0000-fffeb09bc000 ---p 00000000 00:00 0 
fffeb09bc000-fffeb0bb0000 rw-p 00000000 00:00 0 
fffeb0bb0000-fffeb0bbc000 ---p 00000000 00:00 0 
fffeb0bbc000-fffeb0db0000 rw-p 00000000 00:00 0 
fffeb0db0000-fffeb0dbc000 ---p 00000000 00:00 0 
fffeb0dbc000-fffeb0fb0000 rw-p 00000000 00:00 0 
fffeb0fb0000-fffeb0fbc000 ---p 00000000 00:00 0 
fffeb0fbc000-fffeb11b0000 rw-p 00000000 00:00 0 
fffeb11b0000-fffeb11bc000 ---p 00000000 00:00 0 
fffeb11bc000-fffeb1e00000 rw-p 00000000 00:00 0 
fffeb1e00000-fffeb1e0c000 ---p 00000000 00:00 0 
fffeb1e0c000-fffeb2000000 rw-p 00000000 00:00 0 
fffeb2000000-fffeb4000000 rw-p 00000000 00:00 0 
fffeb4000000-fffeb4200000 rw-p 00000000 00:00 0 
fffeb4200000-fffeb8000000 ---p 00000000 00:00 0 
fffeb8000000-fffeb8200000 rw-p 00000000 00:00 0 
fffeb8200000-fffebc000000 ---p 00000000 00:00 0 
fffebc020000-fffebc024000 r-xp 00000000 00:25 3101844                    /usr/lib64/libXau.so.6.0.0
fffebc024000-fffebc03c000 ---p 00004000 00:25 3101844                    /usr/lib64/libXau.so.6.0.0
fffebc03c000-fffebc040000 r--p 0000c000 00:25 3101844                    /usr/lib64/libXau.so.6.0.0
fffebc040000-fffebc044000 rw-p 00000000 00:00 0 
fffebc050000-fffebc054000 r-xp 00000000 00:25 8789711                    /home/anguscrump/.jdks/jbr-25.0.3/lib/libextnet.so
fffebc054000-fffebc06c000 ---p 00004000 00:25 8789711                    /home/anguscrump/.jdks/jbr-25.0.3/lib/libextnet.so
fffebc06c000-fffebc070000 r--p 0000c000 00:25 8789711                    /home/anguscrump/.jdks/jbr-25.0.3/lib/libextnet.so
fffebc070000-fffebc074000 rw-p 00000000 00:00 0 
fffebc080000-fffebc0b0000 r-xp 00000000 00:25 3098606                    /usr/lib64/libnss_resolve.so.2
fffebc0b0000-fffebc0bc000 ---p 00030000 00:25 3098606                    /usr/lib64/libnss_resolve.so.2
fffebc0bc000-fffebc0c0000 r--p 0003c000 00:25 3098606                    /usr/lib64/libnss_resolve.so.2
fffebc0c0000-fffebc0c4000 rw-p 00040000 00:25 3098606                    /usr/lib64/libnss_resolve.so.2
fffebc0d0000-fffebc0d4000 r-xp 00000000 00:25 3115273                    /usr/lib64/libnss_mdns4_minimal.so.2
fffebc0d4000-fffebc0ec000 ---p 00004000 00:25 3115273                    /usr/lib64/libnss_mdns4_minimal.so.2
fffebc0ec000-fffebc0f0000 r--p 0000c000 00:25 3115273                    /usr/lib64/libnss_mdns4_minimal.so.2
fffebc0f0000-fffebc0f4000 rw-p 00000000 00:00 0 
fffebc100000-fffebc144000 r-xp 00000000 00:25 3098611                    /usr/lib64/libudev.so.1.7.12
fffebc144000-fffebc158000 ---p 00044000 00:25 3098611                    /usr/lib64/libudev.so.1.7.12
fffebc158000-fffebc160000 r--p 00048000 00:25 3098611                    /usr/lib64/libudev.so.1.7.12
fffebc160000-fffebc164000 rw-p 00050000 00:25 3098611                    /usr/lib64/libudev.so.1.7.12
fffebc16c000-fffebc178000 ---p 00000000 00:00 0 
fffebc178000-fffebc1a0000 rw-p 00000000 00:00 0 
fffebc1a0000-fffebc1c4000 r-xp 00000000 00:25 8839715                    /home/anguscrump/.cache/JNA/temp/jna5788429311423665370.tmp (deleted)
fffebc1c4000-fffebc1d0000 ---p 00024000 00:25 8839715                    /home/anguscrump/.cache/JNA/temp/jna5788429311423665370.tmp (deleted)
fffebc1d0000-fffebc1d4000 r--p 00020000 00:25 8839715                    /home/anguscrump/.cache/JNA/temp/jna5788429311423665370.tmp (deleted)
fffebc1d4000-fffebc1d8000 rw-p 00024000 00:25 8839715                    /home/anguscrump/.cache/JNA/temp/jna5788429311423665370.tmp (deleted)
fffebc3dc000-fffebc3e8000 ---p 00000000 00:00 0 
fffebc3e8000-fffebc5dc000 rw-p 00000000 00:00 0 
fffebc5dc000-fffebc5e8000 ---p 00000000 00:00 0 
fffebc5e8000-fffebc7dc000 rw-p 00000000 00:00 0 
fffebc7dc000-fffebc7e8000 ---p 00000000 00:00 0 
fffebc7e8000-fffebc9dc000 rw-p 00000000 00:00 0 
fffebc9dc000-fffebc9e8000 ---p 00000000 00:00 0 
fffebc9e8000-fffebcbdc000 rw-p 00000000 00:00 0 
fffebcbdc000-fffebcbe8000 ---p 00000000 00:00 0 
fffebcbe8000-fffebcddc000 rw-p 00000000 00:00 0 
fffebcddc000-fffebcde8000 ---p 00000000 00:00 0 
fffebcde8000-fffebcfdc000 rw-p 00000000 00:00 0 
fffebcfdc000-fffebcfe8000 ---p 00000000 00:00 0 
fffebcfe8000-fffebd1dc000 rw-p 00000000 00:00 0 
fffebd1dc000-fffebd1e8000 ---p 00000000 00:00 0 
fffebd1e8000-fffebd3dc000 rw-p 00000000 00:00 0 
fffebd3dc000-fffebdb1c000 rw-p 00000000 00:00 0 
fffebdb1c000-fffebdb5c000 ---p 00000000 00:00 0 
fffebdb5c000-fffebdbac000 rw-p 00000000 00:00 0 
fffebdbac000-fffec0f94000 ---p 00000000 00:00 0 
fffec0f94000-fffec0ffc000 rw-p 00000000 00:00 0 
fffec0ffc000-fffec22bc000 rwxp 00000000 00:00 0 
fffec22bc000-fffec8534000 ---p 00000000 00:00 0 
fffec8534000-fffec8864000 rwxp 00000000 00:00 0 
fffec8864000-fffec8ac8000 ---p 00000000 00:00 0 
fffec8ac8000-fffec91c8000 rwxp 00000000 00:00 0 
fffec91c8000-fffed0000000 ---p 00000000 00:00 0 
fffed0000000-fffed3ff4000 r--s 00000000 00:25 8789745                    /home/anguscrump/.jdks/jbr-25.0.3/lib/modules
fffed4000000-fffed4200000 rw-p 00000000 00:00 0 
fffed4200000-fffed8000000 rw-p 00000000 00:00 0 
fffed8030000-fffed8040000 r-xp 00000000 00:25 8789741                    /home/anguscrump/.jdks/jbr-25.0.3/lib/libverify.so
fffed8040000-fffed804c000 ---p 00010000 00:25 8789741                    /home/anguscrump/.jdks/jbr-25.0.3/lib/libverify.so
fffed804c000-fffed8050000 r--p 0000c000 00:25 8789741                    /home/anguscrump/.jdks/jbr-25.0.3/lib/libverify.so
fffed8050000-fffed8054000 rw-p 00000000 00:00 0 
fffed8060000-fffed8080000 r-xp 00000000 00:25 3955245                    /usr/lib64/libgcc_s-16-20260515.so.1
fffed8080000-fffed808c000 ---p 00020000 00:25 3955245                    /usr/lib64/libgcc_s-16-20260515.so.1
fffed808c000-fffed8090000 r--p 0001c000 00:25 3955245                    /usr/lib64/libgcc_s-16-20260515.so.1
fffed8090000-fffed8094000 rw-p 00000000 00:00 0 
fffed80a0000-fffed80cc000 r-xp 00000000 00:25 3098605                    /usr/lib64/libnss_myhostname.so.2
fffed80cc000-fffed80d8000 ---p 0002c000 00:25 3098605                    /usr/lib64/libnss_myhostname.so.2
fffed80d8000-fffed80e0000 r--p 00028000 00:25 3098605                    /usr/lib64/libnss_myhostname.so.2
fffed80e0000-fffed80e4000 rw-p 00030000 00:25 3098605                    /usr/lib64/libnss_myhostname.so.2
fffed80f0000-fffed80f8000 r-xp 00000000 00:25 8789729                    /home/anguscrump/.jdks/jbr-25.0.3/lib/libmanagement_ext.so
fffed80f8000-fffed810c000 ---p 00008000 00:25 8789729                    /home/anguscrump/.jdks/jbr-25.0.3/lib/libmanagement_ext.so
fffed810c000-fffed8110000 r--p 0000c000 00:25 8789729                    /home/anguscrump/.jdks/jbr-25.0.3/lib/libmanagement_ext.so
fffed8110000-fffed8114000 rw-p 00000000 00:00 0 
fffed8120000-fffed8124000 r-xp 00000000 00:25 8789728                    /home/anguscrump/.jdks/jbr-25.0.3/lib/libmanagement.so
fffed8124000-fffed813c000 ---p 00004000 00:25 8789728                    /home/anguscrump/.jdks/jbr-25.0.3/lib/libmanagement.so
fffed813c000-fffed8140000 r--p 0000c000 00:25 8789728                    /home/anguscrump/.jdks/jbr-25.0.3/lib/libmanagement.so
fffed8140000-fffed8144000 rw-p 00000000 00:00 0 
fffed8150000-fffed8158000 r-xp 00000000 00:25 8789743                    /home/anguscrump/.jdks/jbr-25.0.3/lib/libzip.so
fffed8158000-fffed816c000 ---p 00008000 00:25 8789743                    /home/anguscrump/.jdks/jbr-25.0.3/lib/libzip.so
fffed816c000-fffed8170000 r--p 0000c000 00:25 8789743                    /home/anguscrump/.jdks/jbr-25.0.3/lib/libzip.so
fffed8170000-fffed8174000 rw-p 00000000 00:00 0 
fffed8180000-fffed818c000 r-xp 00000000 00:25 8789731                    /home/anguscrump/.jdks/jbr-25.0.3/lib/libnet.so
fffed818c000-fffed819c000 ---p 0000c000 00:25 8789731                    /home/anguscrump/.jdks/jbr-25.0.3/lib/libnet.so
fffed819c000-fffed81a0000 r--p 0000c000 00:25 8789731                    /home/anguscrump/.jdks/jbr-25.0.3/lib/libnet.so
fffed81a0000-fffed81a4000 rw-p 00000000 00:00 0 
fffed81b0000-fffed81c4000 r-xp 00000000 00:25 8789733                    /home/anguscrump/.jdks/jbr-25.0.3/lib/libnio.so
fffed81c4000-fffed81dc000 ---p 00014000 00:25 8789733                    /home/anguscrump/.jdks/jbr-25.0.3/lib/libnio.so
fffed81dc000-fffed81e0000 r--p 0001c000 00:25 8789733                    /home/anguscrump/.jdks/jbr-25.0.3/lib/libnio.so
fffed81e0000-fffed81e4000 rw-p 00020000 00:25 8789733                    /home/anguscrump/.jdks/jbr-25.0.3/lib/libnio.so
fffed81e4000-fffed83e4000 rw-p 00000000 00:00 0 
fffed83e4000-fffed8804000 rw-p 00000000 00:00 0 
fffed8804000-fffed8810000 ---p 00000000 00:00 0 
fffed8810000-fffed8a14000 rw-p 00000000 00:00 0 
fffed8a14000-fffed8a18000 r-xp 00000000 00:35 853                        /tmp/#853 (deleted)
fffed8a18000-fffed8a1c000 rw-p 00000000 00:00 0 
fffed8a40000-fffed8a84000 rw-p 00000000 00:00 0 
fffed8a84000-fffed8ea4000 rw-p 00000000 00:00 0 
fffed8ea4000-fffed97c8000 rw-p 00000000 00:00 0 
fffed97c8000-fffed9df8000 rw-p 00000000 00:00 0 
fffed9df8000-fffed9f60000 rw-p 00000000 00:00 0 
fffed9f60000-fffed9f68000 ---p 00000000 00:00 0 
fffed9f68000-fffed9f74000 rw-p 00000000 00:00 0 
fffed9f74000-fffeda5ec000 ---p 00000000 00:00 0 
fffeda5ec000-fffeda6e4000 rw-p 00000000 00:00 0 
fffeda6e4000-fffeda6ec000 ---p 00000000 00:00 0 
fffeda6ec000-fffeda6f8000 rw-p 00000000 00:00 0 
fffeda6f8000-fffedad70000 ---p 00000000 00:00 0 
fffedad70000-fffedb5bc000 rw-p 00000000 00:00 0 
fffedb5bc000-fffedb778000 ---p 00000000 00:00 0 
fffedb778000-fffedb7c4000 rw-p 00000000 00:00 0 
fffedb7c4000-fffedb950000 ---p 00000000 00:00 0 
fffedb950000-fffedb974000 r-xp 00000000 00:25 8789719                    /home/anguscrump/.jdks/jbr-25.0.3/lib/libjava.so
fffedb974000-fffedb98c000 ---p 00024000 00:25 8789719                    /home/anguscrump/.jdks/jbr-25.0.3/lib/libjava.so
fffedb98c000-fffedb990000 r--p 0002c000 00:25 8789719                    /home/anguscrump/.jdks/jbr-25.0.3/lib/libjava.so
fffedb990000-fffedb994000 rw-p 00030000 00:25 8789719                    /home/anguscrump/.jdks/jbr-25.0.3/lib/libjava.so
fffedb9a0000-fffedb9bc000 r-xp 00000000 00:25 8789723                    /home/anguscrump/.jdks/jbr-25.0.3/lib/libjimage.so
fffedb9bc000-fffedb9cc000 ---p 0001c000 00:25 8789723                    /home/anguscrump/.jdks/jbr-25.0.3/lib/libjimage.so
fffedb9cc000-fffedb9d0000 r--p 0001c000 00:25 8789723                    /home/anguscrump/.jdks/jbr-25.0.3/lib/libjimage.so
fffedb9d0000-fffedb9d4000 rw-p 00020000 00:25 8789723                    /home/anguscrump/.jdks/jbr-25.0.3/lib/libjimage.so
fffedb9e0000-fffedb9ec000 ---p 00000000 00:00 0 
fffedb9ec000-fffedbbe0000 rw-p 00000000 00:00 0 
fffedbbe0000-fffedbc90000 r-xp 00000000 00:25 3800671                    /usr/lib64/libm.so.6
fffedbc90000-fffedbc9c000 ---p 000b0000 00:25 3800671                    /usr/lib64/libm.so.6
fffedbc9c000-fffedbca0000 r--p 000ac000 00:25 3800671                    /usr/lib64/libm.so.6
fffedbca0000-fffedbca4000 rw-p 000b0000 00:25 3800671                    /usr/lib64/libm.so.6
fffedbcb0000-fffedbcb4000 r-xp 00000000 00:25 3800679                    /usr/lib64/librt.so.1
fffedbcb4000-fffedbccc000 ---p 00004000 00:25 3800679                    /usr/lib64/librt.so.1
fffedbccc000-fffedbcd0000 r--p 0000c000 00:25 3800679                    /usr/lib64/librt.so.1
fffedbcd0000-fffedbcd4000 rw-p 00000000 00:00 0 
fffedbce0000-fffedd060000 r-xp 00000000 00:25 8789753                    /home/anguscrump/.jdks/jbr-25.0.3/lib/server/libjvm.so
fffedd060000-fffedd070000 ---p 01380000 00:25 8789753                    /home/anguscrump/.jdks/jbr-25.0.3/lib/server/libjvm.so
fffedd070000-fffedd150000 r--p 01380000 00:25 8789753                    /home/anguscrump/.jdks/jbr-25.0.3/lib/server/libjvm.so
fffedd150000-fffedd180000 rw-p 01460000 00:25 8789753                    /home/anguscrump/.jdks/jbr-25.0.3/lib/server/libjvm.so
fffedd180000-fffedd228000 rw-p 00000000 00:00 0 
fffedd230000-fffedd234000 r-xp 00000000 00:25 3800677                    /usr/lib64/libpthread.so.0
fffedd234000-fffedd24c000 ---p 00004000 00:25 3800677                    /usr/lib64/libpthread.so.0
fffedd24c000-fffedd250000 r--p 0000c000 00:25 3800677                    /usr/lib64/libpthread.so.0
fffedd250000-fffedd254000 rw-p 00000000 00:00 0 
fffedd260000-fffedd264000 r-xp 00000000 00:25 3800670                    /usr/lib64/libdl.so.2
fffedd264000-fffedd27c000 ---p 00004000 00:25 3800670                    /usr/lib64/libdl.so.2
fffedd27c000-fffedd280000 r--p 0000c000 00:25 3800670                    /usr/lib64/libdl.so.2
fffedd280000-fffedd284000 rw-p 00000000 00:00 0 
fffedd290000-fffedd2b0000 r-xp 00000000 00:25 3098599                    /usr/lib64/libz.so.1.3.1.zlib-ng
fffedd2b0000-fffedd2bc000 ---p 00020000 00:25 3098599                    /usr/lib64/libz.so.1.3.1.zlib-ng
fffedd2bc000-fffedd2c0000 r--p 0001c000 00:25 3098599                    /usr/lib64/libz.so.1.3.1.zlib-ng
fffedd2c0000-fffedd2c4000 rw-p 00020000 00:25 3098599                    /usr/lib64/libz.so.1.3.1.zlib-ng
fffedd2d0000-fffedd478000 r-xp 00000000 00:25 3800669                    /usr/lib64/libc.so.6
fffedd478000-fffedd48c000 ---p 001a8000 00:25 3800669                    /usr/lib64/libc.so.6
fffedd48c000-fffedd490000 r--p 001ac000 00:25 3800669                    /usr/lib64/libc.so.6
fffedd490000-fffedd494000 rw-p 001b0000 00:25 3800669                    /usr/lib64/libc.so.6
fffedd494000-fffedd49c000 rw-p 00000000 00:00 0 
fffedd4a0000-fffedd4a4000 r--p 00000000 00:00 0 
fffedd4a4000-fffedd4ac000 r--s 00000000 00:25 3811701                    /usr/lib64/gconv/gconv-modules.cache
fffedd4ac000-fffedd4c0000 rw-p 00000000 00:00 0 
fffedd4c0000-fffedd4c8000 ---p 00000000 00:00 0 
fffedd4c8000-fffedd4d0000 rw-s 00000000 00:35 851                        /tmp/hsperfdata_anguscrump/49849 (deleted)
fffedd4d0000-fffedd4e0000 r-xp 00000000 00:25 8789724                    /home/anguscrump/.jdks/jbr-25.0.3/lib/libjli.so
fffedd4e0000-fffedd4ec000 ---p 00010000 00:25 8789724                    /home/anguscrump/.jdks/jbr-25.0.3/lib/libjli.so
fffedd4ec000-fffedd4f0000 r--p 0000c000 00:25 8789724                    /home/anguscrump/.jdks/jbr-25.0.3/lib/libjli.so
fffedd4f0000-fffedd4f4000 rw-p 00010000 00:25 8789724                    /home/anguscrump/.jdks/jbr-25.0.3/lib/libjli.so
fffedd4f4000-fffedd4f8000 ---p 00000000 00:00 0 
fffedd4f8000-fffedd4fc000 r--p 00000000 00:00 0 
fffedd4fc000-fffedd50c000 r--p 00000000 00:00 0                          [vvar]
fffedd50c000-fffedd510000 r-xp 00000000 00:00 0                          [vdso]
fffedd510000-fffedd53c000 r-xp 00000000 00:25 3800657                    /usr/lib/ld-linux-aarch64.so.1
fffedd53c000-fffedd540000 rw-p 00000000 00:00 0 
fffedd540000-fffedd544000 ---p 00000000 00:00 0 
fffedd544000-fffedd54c000 rw-p 00000000 00:00 0 
fffedd54c000-fffedd550000 r--p 0002c000 00:25 3800657                    /usr/lib/ld-linux-aarch64.so.1
fffedd550000-fffedd554000 rw-p 00030000 00:25 3800657                    /usr/lib/ld-linux-aarch64.so.1
ffffc58a8000-ffffc58cc000 rw-p 00000000 00:00 0                          [stack]
Total number of mappings: 594

JVMTI agents: none


VM Arguments:
jvm_args: -Dfabric.dli.config=/home/anguscrump/Documents/Coding/ribbon-world/.gradle/loom-cache/launch.cfg -Dfabric.dli.env=client -Dfabric.dli.main=net.fabricmc.loader.impl.launch.knot.KnotClient --sun-misc-unsafe-memory-access=allow --enable-native-access=ALL-UNNAMED --sun-misc-unsafe-memory-access=allow --enable-native-access=ALL-UNNAMED -Dfile.encoding=UTF-8 -Duser.country=AU -Duser.language=en -Duser.variant -Dawt.toolkit.name=XToolkit 
java_command: net.fabricmc.devlaunchinjector.Main
java_class_path (initial): /home/anguscrump/Documents/Coding/ribbon-world/build/classes/java/client:/home/anguscrump/Documents/Coding/ribbon-world/build/resources/client:/home/anguscrump/.gradle/caches/modules-2/files-2.1/net.fabricmc/fabric-loader/0.19.2/cc647a5b22dbc49b9a3267cebcee25fc4882b108/fabric-loader-0.19.2.jar:/home/anguscrump/.gradle/caches/modules-2/files-2.1/net.fabricmc.fabric-api/fabric-api/0.149.0+26.1.2/1d3aa9049af831d4d7ed7fbf1b5f0fbb37d7fab4/fabric-api-0.149.0+26.1.2.jar:/home/anguscrump/.gradle/caches/modules-2/files-2.1/org.ow2.asm/asm/9.9/c29635c8a7afa03d74b33c1884df8abb2b3f3dcc/asm-9.9.jar:/home/anguscrump/.gradle/caches/modules-2/files-2.1/org.ow2.asm/asm-analysis/9.9/bf4fa6e66638851c1cd22c2caea0c3ee5d5f437/asm-analysis-9.9.jar:/home/anguscrump/.gradle/caches/modules-2/files-2.1/org.ow2.asm/asm-commons/9.9/db9165a3bf908ded6b08612d583a15d1d0c7bda0/asm-commons-9.9.jar:/home/anguscrump/.gradle/caches/modules-2/files-2.1/org.ow2.asm/asm-tree/9.9/f8de6eead6d24dd0f45bd065bbe112b2cda6ea21/asm-tree-9.9.jar:/home/anguscrump/.gradle/caches/modules-2/files-2.1/org.ow2.asm/asm-util/9.9/42fdfc0508b43807c8078d6e82ecff2ce2112ae8/asm-util-9.9.jar:/home/anguscrump/.gradle/caches/modules-2/files-2.1/net.fabricmc/sponge-mixin/0.17.2+mixin.0.8.7/edf98d1d98229e46e36c61774ae2b54dcd852981/sponge-mixin-0.17.2+mixin.0.8.7.jar:/home/anguscrump/.gradle/caches/modules-2/files-2.1/io.github.llamalad7/mixinextras-fabric/0.5.4/5e167154bcb9942111313a5e186e16cd7265f858/mixinextras-fabric-0.5.4.jar:/home/anguscrump/.gradle/caches/modules-2/files-2.1/net.fabricmc/dev-launch-injector/0.2.1+build.8/da8bef7e6e2f952da707f282bdb46882a0fce5e3/dev-launch-injector-0.2.1+build.8.jar:/home/anguscrump/.gradle/caches/modules-2/files-2.1/net.fabricmc/fabric-log4j-util/1.0.2/ef0b3fb613356feb75a67d54f2fad6f03a006648/fabric-log4j-util-1.0.2.jar:/home/anguscrump/.gradle/caches/modules-2/files-2.1/at.yawk.lz4/lz4-java/1.10.1/f541d7f910fe3d76f38f799c507c48cc81b12ecb/lz4-java-1.10.1.jar:/home/anguscrump/.gradle/caches/modules-2/files-2.1/com.azure/azure-json/1.4.0/fcc1d354dbc3e0300e5276b1bf124d0247799cd8/azure-json-1.4.0.jar:/home/anguscrump/.gradle/caches/modules-2/files-2.1/com.github.oshi/oshi-core/6.9.0/3224870731860cfcd7744581a05b559e94291e7/oshi-core-6.9.0.jar:/home/anguscrump/.gradle/caches/modules-2/files-2.1/com.google.code.gson/gson/2.13.2/48b8230771e573b54ce6e867a9001e75977fe78e/gson-2.13.2.jar:/home/anguscrump/.gradle/caches/modules-2/files-2.1/com.google.guava/failureaccess/1.0.3/aeaffd00d57023a2c947393ed251f0354f0985fc/failureaccess-1.0.3.jar:/home/anguscrump/.gradle/caches/modules-2/files-2.1/com.google.guava/guava/33.5.0-jre/8699de25f2f979108d6c1b804a7ba38cda1116bc/guava-33.5.0-jre.jar:/home/anguscrump/.gradle/caches/modules-2/files-2.1/com.ibm.icu/icu4j/77.1/38693cf0b1d7362a8b726af74dc06026a7c23809/icu4j-77.1.jar:/home/anguscrump/.gradle/caches/modules-2/files-2.1/com.microsoft.azure/msal4j/1.23.1/6c722b514873b24a4e1ce9c22dca36ea3c22bdbe/msal4j-1.23.1.jar:/home/anguscrump/.gradle/caches/modules-2/files-2.1/com.mojang/authlib/7.0.63/54895b4e25e8b9b4cbbbe25f24eccf2b71b1ac2b/authlib-7.0.63.jar:/home/anguscrump/.gradle/caches/modules-2/files-2.1/com.mojang/blocklist/1.0.10/5c685c5ffa94c4cd39496c7184c1d122e515ecef/blocklist-1.0.10.jar:/home/anguscrump/.gradle/caches/modules-2/files-2.1/com.mojang/brigadier/1.3.10/d15b53a14cf20fdcaa98f731af5dda654452c010/brigadier-1.3.10.jar:/home/anguscrump/.gradle/caches/modules-2/files-2.1/com.mojang/datafixerupper/9.0.19/4e91f9712fa1e83231d1501625381b0210a977da/datafixerupper-9.0.19.jar:/home/anguscrump/.gradle/caches/modules-2/files-2.1/com.mojang/jtracy/1.0.37/a3fb649b2e2b2288d2978f0b0bc3d83f62809d1e/jtracy-1.0.37.jar:/home/anguscrump/.gradle/caches/modules-2/files-2.1/com.mojang/jtracy/1.0.37/e1b4395227af41195da9e2ead13c48ee0b7d31cd/jtracy-1.0.37-natives-linux.jar:/home/anguscrump/.gradle/caches/modules-2/files-2.1/com.mojang/logging/1.6.11/fd147240733010c158249d986323f9ef98977fe/logging-1.6.11.jar:/home/anguscrump/.gradle/caches/modules-2/files-2.1/com.mojang/patchy/2.2.10/da05971b07cbb379d002cf7eaec6a2048211fefc/patchy-2.2.10.jar:/home/anguscrump/.gradle/caches/modules-2/files-2.1/com.mojang/text2speech/1.18.11/e853a12cdd6ba4f4836e8f4bf3b37844a13482b6/text2speech-1.18.11.jar:/home/anguscrump/.gradle/caches/modules-2/files-2.1/commons-codec/commons-codec/1.19.0/8c0dbe3ae883fceda9b50a6c76e745e548073388/commons-codec-1.19.0.jar:/home/anguscrump/.gradle/caches/modules-2/files-2.1/commons-io/commons-io/2.20.0/36f3474daec2849c149e877614e7f979b2082cd2/commons-io-2.20.0.jar:/home/anguscrump/.gradle/caches/modules-2/files-2.1/io.netty/netty-buffer/4.2.7.Final/5555ff561643bf2f8430fb57c24403c0efe15994/netty-buffer-4.2.7.Final.jar:/home/anguscrump/.gradle/caches/modules-2/files-2.1/io.netty/netty-codec-base/4.2.7.Final/915e381ebabcf115f1c7ff7032d55c48afb50210/netty-codec-base-4.2.7.Final.jar:/home/anguscrump/.gradle/caches/modules-2/files-2.1/io.netty/netty-codec-compression/4.2.7.Final/572341bc1ca90fd9d6e47f1d2694aab5258566e9/netty-codec-compression-4.2.7.Final.jar:/home/anguscrump/.gradle/caches/modules-2/files-2.1/io.netty/netty-codec-http/4.2.7.Final/b734c108854099c421fd94d92d9f865e4d4da853/netty-codec-http-4.2.7.Final.jar:/home/anguscrump/.gradle/caches/modules-2/files-2.1/io.netty/netty-common/4.2.7.Final/11aa30df26af4fca3239ac1917f303a280f301e1/netty-common-4.2.7.Final.jar:/home/anguscrump/.gradle/caches/modules-2/files-2.1/io.netty/netty-handler/4.2.7.Final/7ad8a1f851e2e6fe93cdd091871fda2b81c03b5b/netty-handler-4.2.7.Final.jar:/home/anguscrump/.gradle/caches/modules-2/files-2.1/io.netty/netty-resolver/4.2.7.Final/5f3e5ef8de03992cd4fb46960dc0085ec1a12a12/netty-resolver-4.2.7.Final.jar:/home/anguscrump/.gradle/caches/modules-2/files-2.1/io.netty/netty-transport-classes-epoll/4.2.7.Final/1075c09f48a78eef9d819fbfd9096b903fdd362a/netty-transport-classes-epoll-4.2.7.Final.jar:/home/anguscrump/.gradle/caches/modules-2/files-2.1/io.netty/netty-transport-classes-kqueue/4.2.7.Final/bdec7c23c75caabd848426d073c09568e8d5f94e/netty-transport-classes-kqueue-4.2.7.Final.jar:/home/anguscrump/.gradle/caches/modules-2/files-2.1/io.netty/netty-transport-native-epoll/4.2.7.Final/98d02251c98c8f07a23ac5ea27657d9e0ef57614/netty-transport-native-epoll-4.2.7.Final-linux-aarch_64.jar:/home/anguscrump/.gradle/caches/modules-2/files-2.1/io.netty/netty-transport-native-epoll/4.2.7.Final/e83998bfc10b5289d9bcbe807c4079ef0eed8e6f/netty-transport-native-epoll-4.2.7.Final-linux-x86_64.jar:/home/anguscrump/.gradle/caches/modules-2/files-2.1/io.netty/netty-transport-native-unix-common/4.2.7.Final/89953f04259ea7502cffb313630dd51e00e60669/netty-transport-native-unix-common-4.2.7.Final.jar:/home/anguscrump/.gradle/caches/modules-2/files-2.1/io.netty/netty-transport/4.2.7.Final/83ea548981d0d8c4a98027cc1a6f9624f902e142/netty-transport-4.2.7.Final.jar:/home/anguscrump/.gradle/caches/modules-2/files-2.1/it.unimi.dsi/fastutil/8.5.18/a6cff377eecc19c2037bf31568a6d7106b50ba1f/fastutil-8.5.18.jar:/home/anguscrump/.gradle/caches/modules-2/files-2.1/net.java.dev.jna/jna-platform/5.17.0/a4934c44d25a9d8c2ddf4203affd20330cb3426f/jna-platform-5.17.0.jar:/home/anguscrump/.gradle/caches/modules-2/files-2.1/net.java.dev.jna/jna/5.17.0/33d12735bef894440780fce64f9758d420c7bae2/jna-5.17.0.jar:/home/anguscrump/.gradle/caches/modules-2/files-2.1/net.sf.jopt-simple/jopt-simple/5.0.4/4fdac2fbe92dfad86aa6e9301736f6b4342a3f5c/jopt-simple-5.0.4.jar:/home/anguscrump/.gradle/caches/modules-2/files-2.1/org.apache.commons/commons-compress/1.28.0/e482f2c7a88dac3c497e96aa420b6a769f59c8d7/commons-compress-1.28.0.jar:/home/anguscrump/.gradle/caches/modules-2/files-2.1/org.apache.commons/commons-lang3/3.19.0/d6524b169a6574cd253760c472d419b47bfd37e6/commons-lang3-3.19.0.jar:/home/anguscrump/.gradle/caches/modules-2/files-2.1/org.apache.logging.log4j/log4j-api/2.25.2/292c1a2b1702f1e1e3adb13e1c57e5bff60335ff/log4j-api-2.25.2.jar:/home/anguscrump/.gradle/caches/modules-2/files-2.1/org.apache.logging.log4j/log4j-core/2.25.2/d4d0ad2e51e03e531f784891fbfff1bae1e13a12/log4j-core-2.25.2.jar:/home/anguscrump/.gradle/caches/modules-2/files-2.1/org.apache.logging.log4j/log4j-slf4j2-impl/2.25.2/5eec0c392661dee8a366baec17e8896900dd978f/log4j-slf4j2-impl-2.25.2.jar:/home/anguscrump/.gradle/caches/modules-2/files-2.1/org.jcraft/jorbis/0.0.17/8872d22b293e8f5d7d56ff92be966e6dc28ebdc6/jorbis-0.0.17.jar:/home/anguscrump/.gradle/caches/modules-2/files-2.1/org.joml/joml/1.10.8/fc0a71dad90a2cf41d82a76156a0e700af8e4f8d/joml-1.10.8.jar:/home/anguscrump/.gradle/caches/modules-2/files-2.1/org.jspecify/jspecify/1.0.0/7425a601c1c7ec76645a78d22b8c6a627edee507/jspecify-1.0.0.jar:/home/anguscrump/.gradle/caches/modules-2/files-2.1/org.lwjgl/lwjgl-freetype/3.4.1/caa75a37e857efc9b0686e434d708d6420c5b6ea/lwjgl-freetype-3.4.1.jar:/home/anguscrump/.gradle/caches/modules-2/files-2.1/org.lwjgl/lwjgl-freetype/3.4.1/8f37d0da3386ff602ec54cd06626881895711041/lwjgl-freetype-3.4.1-natives-linux-arm64.jar:/home/anguscrump/.gradle/caches/modules-2/files-2.1/org.lwjgl/lwjgl-freetype/3.4.1/40a29a29b1549c4cad073ccd682e3776ffb454fa/lwjgl-freetype-3.4.1-natives-linux.jar:/home/anguscrump/.gradle/caches/modules-2/files-2.1/org.lwjgl/lwjgl-glfw/3.4.1/a782b1ddd175c9107bf300fd92920579ea65e2a4/lwjgl-glfw-3.4.1.jar:/home/anguscrump/.gradle/caches/modules-2/files-2.1/org.lwjgl/lwjgl-glfw/3.4.1/e5e87034c47118960746077dba46280e8de864b3/lwjgl-glfw-3.4.1-natives-linux-arm64.jar:/home/anguscrump/.gradle/caches/modules-2/files-2.1/org.lwjgl/lwjgl-glfw/3.4.1/23cdf7655ce9f3b27ad90f08e73345e0d5b46362/lwjgl-glfw-3.4.1-natives-linux.jar:/home/anguscrump/.gradle/caches/modules-2/files-2.1/org.lwjgl/lwjgl-jemalloc/3.4.1/16b663092854fc6adfe0a941e61cae2bb2e437b6/lwjgl-jemalloc-3.4.1.jar:/home/anguscrump/.gradle/caches/modules-2/files-2.1/org.lwjgl/lwjgl-jemalloc/3.4.1/7891964dfb723209c6d02b0401432348fb707cc0/lwjgl-jemalloc-3.4.1-natives-linux-arm64.jar:/home/anguscrump/.gradle/caches/modules-2/files-2.1/org.lwjgl/lwjgl-jemalloc/3.4.1/b83c82d941f2e624d150d6d1e2efcf4ea49ff8ea/lwjgl-jemalloc-3.4.1-natives-linux.jar:/home/anguscrump/.gradle/caches/modules-2/files-2.1/org.lwjgl/lwjgl-openal/3.4.1/8508bd60589de0539aa465b78fcf838efd07ae9a/lwjgl-openal-3.4.1.jar:/home/anguscrump/.gradle/caches/modules-2/files-2.1/org.lwjgl/lwjgl-openal/3.4.1/3729b70cdd42df5571b075e051fa2fc8586dc538/lwjgl-openal-3.4.1-natives-linux-arm64.jar:/home/anguscrump/.gradle/caches/modules-2/files-2.1/org.lwjgl/lwjgl-openal/3.4.1/dbff577119266cd4312e4eb9cc2b171407c56360/lwjgl-openal-3.4.1-natives-linux.jar:/home/anguscrump/.gradle/caches/modules-2/files-2.1/org.lwjgl/lwjgl-opengl/3.4.1/830412cab823c029cda6b9729f9d2ed36cf79959/lwjgl-opengl-3.4.1.jar:/home/anguscrump/.gradle/caches/modules-2/files-2.1/org.lwjgl/lwjgl-opengl/3.4.1/61a4103e56bbaeb74ad3f19ec14299fd6891c4b0/lwjgl-opengl-3.4.1-natives-linux-arm64.jar:/home/anguscrump/.gradle/caches/modules-2/files-2.1/org.lwjgl/lwjgl-opengl/3.4.1/b750599f0e75ddb19f1d0fe993f3011334b710ae/lwjgl-opengl-3.4.1-natives-linux.jar:/home/anguscrump/.gradle/caches/modules-2/files-2.1/org.lwjgl/lwjgl-stb/3.4.1/f077c3dafc31924fbe8acb0b913f08977ba27f8e/lwjgl-stb-3.4.1.jar:/home/anguscrump/.gradle/caches/modules-2/files-2.1/org.lwjgl/lwjgl-stb/3.4.1/3bc107f901f931fea07cb0d80b1d74a34b806a2b/lwjgl-stb-3.4.1-natives-linux-arm64.jar:/home/anguscrump/.gradle/caches/modules-2/files-2.1/org.lwjgl/lwjgl-stb/3.4.1/7e1cfae909da6c68f3cb6073a9bfeb6c90e82a57/lwjgl-stb-3.4.1-natives-linux.jar:/home/anguscrump/.gradle/caches/modules-2/files-2.1/org.lwjgl/lwjgl-tinyfd/3.4.1/562697d40dbd2ed0424bf24dcf65d51170f81adf/lwjgl-tinyfd-3.4.1.jar:/home/anguscrump/.gradle/caches/modules-2/files-2.1/org.lwjgl/lwjgl-tinyfd/3.4.1/20771d2b4e01f5295156912ab62e170508aef618/lwjgl-tinyfd-3.4.1-natives-linux-arm64.jar:/home/anguscrump/.gradle/caches/modules-2/files-2.1/org.lwjgl/lwjgl-tinyfd/3.4.1/fc6a72690afc8defb60d82ad1de64dd8f537154c/lwjgl-tinyfd-3.4.1-natives-linux.jar:/home/anguscrump/.gradle/caches/modules-2/files-2.1/org.lwjgl/lwjgl/3.4.1/6105690714874b995aa7812e4f7732a21109276c/lwjgl-3.4.1.jar:/home/anguscrump/.gradle/caches/modules-2/files-2.1/org.lwjgl/lwjgl/3.4.1/46883f3b622d8b4d7f27b627ca3360cda3db0e0e/lwjgl-3.4.1-natives-linux-arm64.jar:/home/anguscrump/.gradle/caches/modules-2/files-2.1/org.lwjgl/lwjgl/3.4.1/2734e106bd95db49fe0da8cf8bf7fd96475c436c/lwjgl-3.4.1-natives-linux.jar:/home/anguscrump/.gradle/caches/modules-2/files-2.1/org.slf4j/slf4j-api/2.0.17/d9e58ac9c7779ba3bf8142aff6c830617a7fe60f/slf4j-api-2.0.17.jar:/home/anguscrump/Documents/Coding/ribbon-world/.gradle/loom-cache/minecraftMaven/net/minecraft/minecraft-clientOnly-52430b475d/26.1.2/minecraft-clientOnly-52430b475d-26.1.2.jar:/home/anguscrump/Documents/Coding/ribbon-world/.gradle/loom-cache/minecraftMaven/net/minecraft/minecraft-common-52430b475d/26.1.2/minecraft-common-52430b475d-26.1.2.jar:/home/anguscrump/.gradle/caches/modules-2/files-2.1/io.netty/netty-transport-native-kqueue/4.2.7.Final/40868fd4e43bce2798245f790624b58803dc26b6/netty-transport-native-kqueue-4.2.7.Final-osx-x86_64.jar:/home/anguscrump/.gradle/caches/modules-2/files-2.1/io.netty/netty-transport-native-kqueue/4.2.7.Final/e5a0feef41410c8a5ae00c6cb4e0c99bd0aded6a/netty-transport-native-kqueue-4.2.7.Final-osx-aarch_64.jar:/home/anguscrump/.gradle/caches/modules-2/files-2.1/net.fabricmc.fabric-api/fabric-transfer-api-v1/8.0.5+357ea7334c/2aff9d7c8e917d2a69c71aa18e28c915e0040a8e/fabric-transfer-api-v1-8.0.5+357ea7334c.jar:/home/anguscrump/.gradle/caches/modules-2/files-2.1/net.fabricmc.fabric-api/fabric-api-lookup-api-v1/2.0.11+d5a053b64c/dbb4489647b411352b735654440311d7560dc1f4/fabric-api-lookup-api-v1-2.0.11+d5a053b64c.jar:/home/anguscrump/.gradle/caches/modules-2/files-2.1/net.fabricmc.fabric-api/fabric-command-api-v2/3.0.5+e2bdee784c/d2bfa62e2f489900be2210dfb84458dcdecb75b6/fabric-command-api-v2-3.0.5+e2bdee784c.jar:/home/anguscrump/.gradle/caches/modules-2/files-2.1/net.fabricmc.fabric-api/fabric-content-registries-v0/11.1.1+1a3b26974c/8761c4bd7f8feb484746055f6ff22e387cd84e9f/fabric-content-registries-v0-11.1.1+1a3b26974c.jar:/home/anguscrump/.gradle/caches/modules-2/files-2.1/net.fabricmc.fabric-api/fabric-data-generation-api-v1/24.2.0+73b1f9054c/d5dcd98301b93a9b2470d354d150327e264797c5/fabric-data-generation-api-v1-24.2.0+73b1f9054c.jar:/home/anguscrump/.gradle/caches/modules-2/files-2.1/net.fabricmc.fabric-api/fabric-convention-tags-v2/4.6.0+e47fb87c4c/40a40554e3e4d37b5640c0198bc81a1b94735f2c/fabric-convention-tags-v2-4.6.0+e47fb87c4c.jar:/home/anguscrump/.gradle/caches/modules-2/files-2.1/net.fabricmc.fabric-api/fabric-creative-tab-api-v1/5.0.11+d871b99e4c/9e6937cef2aa7955d2ff66c9d2415118c58ec15c/fabric-creative-tab-api-v1-5.0.11+d871b99e4c.jar:/home/anguscrump/.gradle/caches/modules-2/files-2.1/net.fabricmc.fabric-api/fabric-data-attachment-api-v1/2.2.6+d602a8964c/91d2f002a7431a412cef7016c5ca7ee2b3c67718/fabric-data-attachment-api-v1-2.2.6+d602a8964c.jar:/home/anguscrump/.gradle/caches/modules-2/files-2.1/net.fabricmc.fabric-api/fabric-debug-api-v1/1.0.1+c792624d4c/3e65954340d5153face34ee7d2f9b114271bca38/fabric-debug-api-v1-1.0.1+c792624d4c.jar:/home/anguscrump/.gradle/caches/modules-2/files-2.1/net.fabricmc.fabric-api/fabric-dimensions-v1/5.1.5+9cbf5da54c/53c66317546644a3915ec20df2d77f4e3093ffab/fabric-dimensions-v1-5.1.5+9cbf5da54c.jar:/home/anguscrump/.gradle/caches/modules-2/files-2.1/net.fabricmc.fabric-api/fabric-entity-events-v1/5.0.2+e2bdee784c/3f15c7b85c55f03b5d5fa89a48a0eb1dc6461465/fabric-entity-events-v1-5.0.2+e2bdee784c.jar:/home/anguscrump/.gradle/caches/modules-2/files-2.1/net.fabricmc.fabric-api/fabric-events-interaction-v0/5.2.1+a67251b84c/cf25f4932ae4d3df49bf5ad0c69be40f8abda289/fabric-events-interaction-v0-5.2.1+a67251b84c.jar:/home/anguscrump/.gradle/caches/modules-2/files-2.1/net.fabricmc.fabric-api/fabric-game-rule-api-v1/4.0.5+d871b99e4c/8b1189ddbfe446bf9468920526ed668db253da65/fabric-game-rule-api-v1-4.0.5+d871b99e4c.jar:/home/anguscrump/.gradle/caches/modules-2/files-2.1/net.fabricmc.fabric-api/fabric-gametest-api-v1/4.0.15+00a1fba64c/99dddf025652afece2f37a5f857c6ee5f7feedb1/fabric-gametest-api-v1-4.0.15+00a1fba64c.jar:/home/anguscrump/.gradle/caches/modules-2/files-2.1/net.fabricmc.fabric-api/fabric-item-api-v1/14.1.2+73d134684c/cb7fd76b622fbc467cb65f067c212fc256d3809f/fabric-item-api-v1-14.1.2+73d134684c.jar:/home/anguscrump/.gradle/caches/modules-2/files-2.1/net.fabricmc.fabric-api/fabric-recipe-api-v1/9.0.15+be4b75ae4c/c3510ef358ce97ea4fc804cd2f75f30c574ec947/fabric-recipe-api-v1-9.0.15+be4b75ae4c.jar:/home/anguscrump/.gradle/caches/modules-2/files-2.1/net.fabricmc.fabric-api/fabric-model-loading-api-v1/8.0.6+c80601bb4c/733d4b6475fa49b58125b0b1a6a9070cc5faa8c8/fabric-model-loading-api-v1-8.0.6+c80601bb4c.jar:/home/anguscrump/.gradle/caches/modules-2/files-2.1/net.fabricmc.fabric-api/fabric-renderer-indigo/8.1.0+1403e82c4c/2a11c1c6826ec7e4254d1cfa20f2f9b50da0ec7f/fabric-renderer-indigo-8.1.0+1403e82c4c.jar:/home/anguscrump/.gradle/caches/modules-2/files-2.1/net.fabricmc.fabric-api/fabric-renderer-api-v1/13.0.3+c80601bb4c/15b7e69feefe6e4157134633f96c62a80b41f44a/fabric-renderer-api-v1-13.0.3+c80601bb4c.jar:/home/anguscrump/.gradle/caches/modules-2/files-2.1/net.fabricmc.fabric-api/fabric-rendering-v1/23.1.0+1403e82c4c/96b6c53c0f9e4497597a4a06509b143c9e345efe/fabric-rendering-v1-23.1.0+1403e82c4c.jar:/home/anguscrump/.gradle/caches/modules-2/files-2.1/net.fabricmc.fabric-api/fabric-lifecycle-events-v1/4.1.0+6d50a0854c/52281bf82f04922d65a30d3f91975feb00911826/fabric-lifecycle-events-v1-4.1.0+6d50a0854c.jar:/home/anguscrump/.gradle/caches/modules-2/files-2.1/net.fabricmc.fabric-api/fabric-loot-api-v3/3.0.12+00a1fba64c/58ffa00757774d7060115afa05742753ff26c769/fabric-loot-api-v3-3.0.12+00a1fba64c.jar:/home/anguscrump/.gradle/caches/modules-2/files-2.1/net.fabricmc.fabric-api/fabric-menu-api-v1/2.0.13+d871b99e4c/e59c4c081a5dc1afb27c0167d6e1480c670c4d29/fabric-menu-api-v1-2.0.13+d871b99e4c.jar:/home/anguscrump/.gradle/caches/modules-2/files-2.1/net.fabricmc.fabric-api/fabric-message-api-v1/7.0.5+dae8ce3e4c/6211835e1348e8b9b89defb98a616adb483b8284/fabric-message-api-v1-7.0.5+dae8ce3e4c.jar:/home/anguscrump/.gradle/caches/modules-2/files-2.1/net.fabricmc.fabric-api/fabric-particles-v1/5.0.15+b61fef434c/e9659d152cefb7255056f432234a11621ab00945/fabric-particles-v1-5.0.15+b61fef434c.jar:/home/anguscrump/.gradle/caches/modules-2/files-2.1/net.fabricmc.fabric-api/fabric-object-builder-api-v1/23.0.16+b95dd56e4c/64b623486a5962dada51cb3e8a114ee49a6ba9de/fabric-object-builder-api-v1-23.0.16+b95dd56e4c.jar:/home/anguscrump/.gradle/caches/modules-2/files-2.1/net.fabricmc.fabric-api/fabric-registry-sync-v0/7.0.13+b61fef434c/b7cd637ba58adacb2abfd54f5f438211e5c3210d/fabric-registry-sync-v0-7.0.13+b61fef434c.jar:/home/anguscrump/.gradle/caches/modules-2/files-2.1/net.fabricmc.fabric-api/fabric-networking-api-v1/6.3.1+554860db4c/38ac77944d5e0fc623a163cde9b3eca04f791296/fabric-networking-api-v1-6.3.1+554860db4c.jar:/home/anguscrump/.gradle/caches/modules-2/files-2.1/net.fabricmc.fabric-api/fabric-permission-api-v1/1.0.0+f3e738be4c/67222d8951d4e68a26f7e42697ce7fdb3c4e8ce9/fabric-permission-api-v1-1.0.0+f3e738be4c.jar:/home/anguscrump/.gradle/caches/modules-2/files-2.1/net.fabricmc.fabric-api/fabric-rendering-fluids-v1/6.0.1+d871b99e4c/fe53bab501b2a582517f39ede3e1514074e8de7/fabric-rendering-fluids-v1-6.0.1+d871b99e4c.jar:/home/anguscrump/.gradle/caches/modules-2/files-2.1/net.fabricmc.fabric-api/fabric-tag-api-v1/2.1.0+73b1f9054c/5467b88af064043d14a1cbc32ebc65bf86a4898b/fabric-tag-api-v1-2.1.0+73b1f9054c.jar:/home/anguscrump/.gradle/caches/modules-2/files-2.1/net.fabricmc.fabric-api/fabric-resource-loader-v0/3.3.17+4fc5413f4c/c2e496d77853c7fd1f2b3bd00b44e355dc6ba576/fabric-resource-loader-v0-3.3.17+4fc5413f4c.jar:/home/anguscrump/.gradle/caches/modules-2/files-2.1/net.fabricmc.fabric-api/fabric-resource-loader-v1/2.0.10+7c44c7324c/bb44ca7ae64fe82666c2cd99920cdc017b15f368/fabric-resource-loader-v1-2.0.10+7c44c7324c.jar:/home/anguscrump/.gradle/caches/modules-2/files-2.1/net.fabricmc.fabric-api/fabric-screen-api-v1/5.0.1+d871b99e4c/fecba1d91754428c2d1f5f2e4d25685de3a8f71f/fabric-screen-api-v1-5.0.1+d871b99e4c.jar:/home/anguscrump/.gradle/caches/modules-2/files-2.1/net.fabricmc.fabric-api/fabric-api-base/2.0.3+ece063234c/bdf802883d0f9c1034c436367ab2c7e04ce34ca6/fabric-api-base-2.0.3+ece063234c.jar:/home/anguscrump/.gradle/caches/modules-2/files-2.1/net.fabricmc.fabric-api/fabric-biome-api-v1/18.0.4+35c80edc4c/c82be6aa7922f3212e1bac9441b25a7faa21c057/fabric-biome-api-v1-18.0.4+35c80edc4c.jar:/home/anguscrump/.gradle/caches/modules-2/files-2.1/net.fabricmc.fabric-api/fabric-block-api-v1/3.0.2+ec56b6014c/f5f91f5b317b7acd3014677dd909b55ebc4097b2/fabric-block-api-v1-3.0.2+ec56b6014c.jar:/home/anguscrump/.gradle/caches/modules-2/files-2.1/net.fabricmc.fabric-api/fabric-block-getter-api-v2/2.0.6+ec56b6014c/caabc9eb2f3823864682da5a1c5381a035c00d5f/fabric-block-getter-api-v2-2.0.6+ec56b6014c.jar:/home/anguscrump/.gradle/caches/modules-2/files-2.1/net.fabricmc.fabric-api/fabric-client-gametest-api-v1/5.0.16+cef2a4834c/3f63763d1230c87b2c43aa84c88916fce323687a/fabric-client-gametest-api-v1-5.0.16+cef2a4834c.jar:/home/anguscrump/.gradle/caches/modules-2/files-2.1/net.fabricmc.fabric-api/fabric-crash-report-info-v1/1.0.3+9f78a5a84c/8af0277ba9afc03c6882490db447d40d55ebcedb/fabric-crash-report-info-v1-1.0.3+9f78a5a84c.jar:/home/anguscrump/.gradle/caches/modules-2/files-2.1/net.fabricmc.fabric-api/fabric-key-mapping-api-v1/2.0.4+e2bdee784c/b098e3e06b71a0fec9d18843ba9327f038b7cd5/fabric-key-mapping-api-v1-2.0.4+e2bdee784c.jar:/home/anguscrump/.gradle/caches/modules-2/files-2.1/net.fabricmc.fabric-api/fabric-resource-conditions-api-v1/6.0.5+00a1fba64c/a8ca3e526e0825ee71a36a317cf5c33f0cda0e96/fabric-resource-conditions-api-v1-6.0.5+00a1fba64c.jar:/home/anguscrump/.gradle/caches/modules-2/files-2.1/net.fabricmc.fabric-api/fabric-serialization-api-v1/2.0.3+11a26f314c/55fc25d96a2a848b93a02f48220dff0181ec3056/fabric-serialization-api-v1-2.0.3+11a26f314c.jar:/home/anguscrump/.gradle/caches/modules-2/files-2.1/net.fabricmc.fabric-api/fabric-sound-api-v1/2.0.4+11a26f314c/b63ce87810bc5aa495cb39be7efd2b07e6772822/fabric-sound-api-v1-2.0.4+11a26f314c.jar:/home/anguscrump/.gradle/caches/modules-2/files-2.1/net.fabricmc.fabric-api/fabric-transitive-access-wideners-v1/8.1.0+acd9108d4c/d03c3735d4057a1d574c6e8d51fec7d21ab63b5c/fabric-transitive-access-wideners-v1-8.1.0+acd9108d4c.jar:/home/anguscrump/Documents/Coding/ribbon-world/build/classes/java/main:/home/anguscrump/Documents/Coding/ribbon-world/build/resources/main
Launcher Type: SUN_STANDARD

[Global flags]
     intx CICompilerCount                          = 4                                         {product} {ergonomic}
     uint ConcGCThreads                            = 2                                         {product} {ergonomic}
     uint G1ConcRefinementThreads                  = 9                                         {product} {ergonomic}
   size_t G1HeapRegionSize                         = 2097152                                   {product} {ergonomic}
   size_t InitialHeapSize                          = 260046848                                 {product} {ergonomic}
   size_t MarkStackSize                            = 4194304                                   {product} {ergonomic}
   size_t MarkStackSizeMax                         = 536870912                                 {product} {ergonomic}
   size_t MaxHeapSize                              = 4034920448                                {product} {ergonomic}
   size_t MaxNewSize                               = 2420113408                                {product} {ergonomic}
   size_t MinHeapDeltaBytes                        = 2097152                                   {product} {ergonomic}
   size_t MinHeapSize                              = 8388608                                   {product} {ergonomic}
    uintx NonNMethodCodeHeapSize                   = 5849088                                {pd product} {ergonomic}
    uintx NonProfiledCodeHeapSize                  = 122912768                              {pd product} {ergonomic}
    uintx ProfiledCodeHeapSize                     = 122912768                              {pd product} {ergonomic}
    uintx ReservedCodeCacheSize                    = 251674624                              {pd product} {ergonomic}
     bool SegmentedCodeCache                       = true                                      {product} {ergonomic}
   size_t SoftMaxHeapSize                          = 4034920448                             {manageable} {ergonomic}
     bool UseCompressedOops                        = true                           {product lp64_product} {ergonomic}
     bool UseG1GC                                  = true                                      {product} {ergonomic}

Logging:
Log output configuration:
 #0: 
[error occurred during error reporting (printing log configuration), id 0xb, SIGSEGV (0xb) at pc=0x0000fffedc7f05b8]
Release file:
JAVA_VERSION="25.0.3"
MODULES="java.base java.compiler java.datatransfer java.xml java.prefs java.desktop java.instrument java.logging java.management java.security.sasl java.naming java.rmi java.management.rmi java.net.http java.scripting java.security.jgss java.transaction.xa java.sql java.sql.rowset java.xml.crypto java.se java.smartcardio jdk.accessibility jdk.internal.jvmstat jdk.attach jdk.charsets jdk.internal.opt jdk.zipfs jdk.compiler jdk.crypto.cryptoki jdk.crypto.ec jdk.dynalink jdk.internal.ed jdk.editpad jdk.internal.vm.ci jdk.graal.compiler jdk.graal.compiler.management jdk.hotspot.agent jdk.httpserver jdk.incubator.vector jdk.internal.le jdk.internal.md jdk.jartool jdk.javadoc jdk.jcmd jdk.management jdk.management.agent jdk.jconsole jdk.jdeps jdk.jdwp.agent jdk.jdi jdk.jfr jdk.jlink jdk.jpackage jdk.jshell jdk.jsobject jdk.jstatd jdk.localedata jdk.management.jfr jdk.naming.dns jdk.naming.rmi jdk.net jdk.nio.mapmode jdk.sctp jdk.security.auth jdk.security.jgss jdk.unsupported jdk.unsupported.desktop jdk.xml.dom"
IMPLEMENTOR="JetBrains s.r.o."
IMPLEMENTOR_VERSION="JBRSDK-25.0.3+9-480.61-nomod"
JAVA_RUNTIME_VERSION="25.0.3+9-b480.61"
LIBC="gnu"
OS_ARCH="aarch64"
OS_NAME="Linux"
SOURCE=".:git:52b04970adc8+"

Environment Variables:
PATH=/home/anguscrump/.local/bin:/home/anguscrump/bin:/usr/local/sbin:/usr/local/bin:/usr/sbin:/usr/bin:/sbin:/bin:/var/lib/snapd/snap/bin:/home/anguscrump/.cargo/bin
XDG_CACHE_HOME=/home/anguscrump/.cache
XDG_CONFIG_HOME=/home/anguscrump/.config
SHELL=/bin/bash
DISPLAY=:0
WAYLAND_DISPLAY=wayland-1
LANG=en_AU.UTF-8

Active Locale:
LC_ALL=en_AU.UTF-8
LC_COLLATE=en_AU.UTF-8
LC_CTYPE=en_AU.UTF-8
LC_MESSAGES=en_AU.UTF-8
LC_MONETARY=en_AU.UTF-8
LC_NUMERIC=en_AU.UTF-8
LC_TIME=en_AU.UTF-8

Signal Handlers:
   SIGSEGV: crash_handler in libjvm.so, mask=11100100010111111101111111111110, flags=SA_RESTART|SA_SIGINFO, unblocked
    SIGBUS: crash_handler in libjvm.so, mask=11100100010111111101111111111110, flags=SA_RESTART|SA_SIGINFO, unblocked
    SIGFPE: crash_handler in libjvm.so, mask=11100100010111111101111111111110, flags=SA_RESTART|SA_SIGINFO, unblocked
   SIGPIPE: javaSignalHandler in libjvm.so, mask=11100100010111111101111111111110, flags=SA_RESTART|SA_SIGINFO, blocked
   SIGXFSZ: javaSignalHandler in libjvm.so, mask=11100100010111111101111111111110, flags=SA_RESTART|SA_SIGINFO, blocked
    SIGILL: crash_handler in libjvm.so, mask=11100100010111111101111111111110, flags=SA_RESTART|SA_SIGINFO, unblocked
   SIGUSR2: SR_handler in libjvm.so, mask=00000000000000000000000000000000, flags=SA_RESTART|SA_SIGINFO, blocked
    SIGHUP: UserHandler in libjvm.so, mask=11100100010111111101111111111110, flags=SA_RESTART|SA_SIGINFO, blocked
    SIGINT: UserHandler in libjvm.so, mask=11100100010111111101111111111110, flags=SA_RESTART|SA_SIGINFO, blocked
   SIGTERM: UserHandler in libjvm.so, mask=11100100010111111101111111111110, flags=SA_RESTART|SA_SIGINFO, blocked
   SIGQUIT: UserHandler in libjvm.so, mask=11100100010111111101111111111110, flags=SA_RESTART|SA_SIGINFO, blocked
   SIGTRAP: crash_handler in libjvm.so, mask=11100100010111111101111111111110, flags=SA_RESTART|SA_SIGINFO, unblocked


Compilation memory statistics disabled.

Periodic native trim disabled

JNI global refs:
JNI global refs: 62, weak refs: 47

JNI global refs memory usage: 1491, weak refs: 857

Process memory usage:
Resident Set Size: 931584K (5% of 15755056K total physical memory with 6639760K free physical memory)

OOME stack traces (most recent first):
Classloader memory used:
Loader net.fabricmc.loader.impl.launch.knot.KnotClassLoader                            : 90769 K
Loader bootstrap                                                                       : 10252 K
Loader jdk.internal.loader.ClassLoaders$AppClassLoader                                 : 6884 K
Loader jdk.internal.loader.ClassLoaders$PlatformClassLoader                            : 490 K

---------------  S Y S T E M  ---------------

OS:
Fedora Asahi Remix release 44 (Forty Four)
uname: Linux 7.0.8-fairydust+ #1 SMP PREEMPT_DYNAMIC Sun May 17 15:02:15 AEST 2026 aarch64
OS uptime: 0 days 2:02 hours
libc: glibc 2.43 NPTL 2.43 
rlimit (soft/hard): STACK 8192k/infinity , CORE infinity/infinity , NPROC 31098/31098 , NOFILE 524288/524288 , AS infinity/infinity , CPU infinity/infinity , DATA infinity/infinity , FSIZE infinity/infinity , MEMLOCK 8192k/8192k
load average: 2.91 2.43 2.13

/proc/meminfo:
MemTotal:       15755056 kB
MemFree:         3140528 kB
MemAvailable:    6609600 kB
Buffers:             624 kB
Cached:          5206016 kB
SwapCached:      2486336 kB
Active:          7197280 kB
Inactive:        2818640 kB
Active(anon):    4780608 kB
Inactive(anon):   819440 kB
Active(file):    2416672 kB
Inactive(file):  1999200 kB
Unevictable:      681648 kB
Mlocked:             688 kB
SwapTotal:      33554336 kB
SwapFree:       29122112 kB
Zswap:            881344 kB
Zswapped:        1634032 kB
Dirty:              8656 kB
Writeback:             0 kB
AnonPages:       5344800 kB
Mapped:           825792 kB
Shmem:            791920 kB
KReclaimable:      89872 kB
Slab:             377552 kB
SReclaimable:      89872 kB
SUnreclaim:       287680 kB
KernelStack:       42880 kB
PageTables:        54000 kB
SecPageTables:       832 kB
NFS_Unstable:          0 kB
Bounce:                0 kB
WritebackTmp:          0 kB
CommitLimit:    41431856 kB
Committed_AS:   21297712 kB
VmallocTotal:   136898928640 kB
VmallocUsed:       91200 kB
VmallocChunk:          0 kB
Percpu:             6720 kB
HardwareCorrupted:     0 kB
AnonHugePages:    622592 kB
ShmemHugePages:        0 kB
ShmemPmdMapped:        0 kB
FileHugePages:         0 kB
FilePmdMapped:         0 kB
CmaTotal:          65536 kB
CmaFree:           61408 kB
Balloon:               0 kB
HugePages_Total:       0
HugePages_Free:        0
HugePages_Rsvd:        0
HugePages_Surp:        0
Hugepagesize:      32768 kB
Hugetlb:               0 kB

/sys/kernel/mm/transparent_hugepage/enabled: always [madvise] never
/sys/kernel/mm/transparent_hugepage/hpage_pmd_size: 33554432
/sys/kernel/mm/transparent_hugepage/shmem_enabled: always within_size advise [never] deny force
/sys/kernel/mm/transparent_hugepage/defrag (defrag/compaction efforts parameter): always defer defer+madvise [madvise] never

Process Memory:
Virtual Size: 9919232K (peak: 10235088K)
Resident Set Size: 932912K (peak: 996848K) (anon: 862016K, file: 67520K, shmem: 3376K)
Swapped out: 0K
C-Heap outstanding allocations: 127805K, retained: 167474K
glibc malloc tunables: (default)

/proc/sys/kernel/threads-max (system-wide limit on the number of threads): 62196
/proc/sys/vm/max_map_count (maximum number of memory map areas a process may have): 1048576
/proc/sys/vm/swappiness (control to define how aggressively the kernel swaps out anonymous memory): 60
/proc/sys/kernel/pid_max (system-wide limit on number of process identifiers): 4194304

container information not found.
Steal ticks since vm start: 0
Steal ticks percentage since vm start:  0.000

CPU: total 10 (initial active 10) 0x61:0x2:0x025:0(0x024), fp, asimd, evtstrm, aes, pmull, sha1, sha256, crc32, lse, fphp, asimdhp, dcpop, sha3, sha512, paca
/proc/cpuinfo:
processor	: 0
BogoMIPS	: 48.00
Features	: fp asimd evtstrm aes pmull sha1 sha2 crc32 atomics fphp asimdhp cpuid asimdrdm jscvt fcma lrcpc dcpop sha3 asimddp sha512 asimdfhm dit uscat ilrcpc flagm ssbs sb paca pacg dcpodp flagm2 frint
CPU implementer	: 0x61
CPU architecture: 8
CPU variant	: 0x2
CPU part	: 0x024
CPU revision	: 0

processor	: 1
BogoMIPS	: 48.00
Features	: fp asimd evtstrm aes pmull sha1 sha2 crc32 atomics fphp asimdhp cpuid asimdrdm jscvt fcma lrcpc dcpop sha3 asimddp sha512 asimdfhm dit uscat ilrcpc flagm ssbs sb paca pacg dcpodp flagm2 frint
CPU implementer	: 0x61
CPU architecture: 8
CPU variant	: 0x2
CPU part	: 0x024
CPU revision	: 0

processor	: 2
BogoMIPS	: 48.00
Features	: fp asimd evtstrm aes pmull sha1 sha2 crc32 atomics fphp asimdhp cpuid asimdrdm jscvt fcma lrcpc dcpop sha3 asimddp sha512 asimdfhm dit uscat ilrcpc flagm ssbs sb paca pacg dcpodp flagm2 frint
CPU implementer	: 0x61
CPU architecture: 8
CPU variant	: 0x2
CPU part	: 0x025
CPU revision	: 0

processor	: 3
BogoMIPS	: 48.00
Features	: fp asimd evtstrm aes pmull sha1 sha2 crc32 atomics fphp asimdhp cpuid asimdrdm jscvt fcma lrcpc dcpop sha3 asimddp sha512 asimdfhm dit uscat ilrcpc flagm ssbs sb paca pacg dcpodp flagm2 frint
CPU implementer	: 0x61
CPU architecture: 8
CPU variant	: 0x2
CPU part	: 0x025
CPU revision	: 0

processor	: 4
BogoMIPS	: 48.00
Features	: fp asimd evtstrm aes pmull sha1 sha2 crc32 atomics fphp asimdhp cpuid asimdrdm jscvt fcma lrcpc dcpop sha3 asimddp sha512 asimdfhm dit uscat ilrcpc flagm ssbs sb paca pacg dcpodp flagm2 frint
CPU implementer	: 0x61
CPU architecture: 8
CPU variant	: 0x2
CPU part	: 0x025
CPU revision	: 0

processor	: 5
BogoMIPS	: 48.00
Features	: fp asimd evtstrm aes pmull sha1 sha2 crc32 atomics fphp asimdhp cpuid asimdrdm jscvt fcma lrcpc dcpop sha3 asimddp sha512 asimdfhm dit uscat ilrcpc flagm ssbs sb paca pacg dcpodp flagm2 frint
CPU implementer	: 0x61
CPU architecture: 8
CPU variant	: 0x2
CPU part	: 0x025
CPU revision	: 0

processor	: 6
BogoMIPS	: 48.00
Features	: fp asimd evtstrm aes pmull sha1 sha2 crc32 atomics fphp asimdhp cpuid asimdrdm jscvt fcma lrcpc dcpop sha3 asimddp sha512 asimdfhm dit uscat ilrcpc flagm ssbs sb paca pacg dcpodp flagm2 frint
CPU implementer	: 0x61
CPU architecture: 8
CPU variant	: 0x2
CPU part	: 0x025
CPU revision	: 0

processor	: 7
BogoMIPS	: 48.00
Features	: fp asimd evtstrm aes pmull sha1 sha2 crc32 atomics fphp asimdhp cpuid asimdrdm jscvt fcma lrcpc dcpop sha3 asimddp sha512 asimdfhm dit uscat ilrcpc flagm ssbs sb paca pacg dcpodp flagm2 frint
CPU implementer	: 0x61
CPU architecture: 8
CPU variant	: 0x2
CPU part	: 0x025
CPU revision	: 0

processor	: 8
BogoMIPS	: 48.00
Features	: fp asimd evtstrm aes pmull sha1 sha2 crc32 atomics fphp asimdhp cpuid asimdrdm jscvt fcma lrcpc dcpop sha3 asimddp sha512 asimdfhm dit uscat ilrcpc flagm ssbs sb paca pacg dcpodp flagm2 frint
CPU implementer	: 0x61
CPU architecture: 8
CPU variant	: 0x2
CPU part	: 0x025
CPU revision	: 0

processor	: 9
BogoMIPS	: 48.00
Features	: fp asimd evtstrm aes pmull sha1 sha2 crc32 atomics fphp asimdhp cpuid asimdrdm jscvt fcma lrcpc dcpop sha3 asimddp sha512 asimdfhm dit uscat ilrcpc flagm ssbs sb paca pacg dcpodp flagm2 frint
CPU implementer	: 0x61
CPU architecture: 8
CPU variant	: 0x2
CPU part	: 0x025
CPU revision	: 0


Online cpus: 0-9
Offline cpus: 

Memory: 16k page, physical 15755056k(6609600k free), swap 33554336k(29122112k free)
Page Sizes: 16k

vm_info: OpenJDK 64-Bit Server VM (25.0.3+9-b480.61) for linux-aarch64 JRE (25.0.3+9-b480.61), built on 2026-05-12 with gcc 10.3.1 20210422 (Red Hat 10.3.1-1.2.0.1)

END.
