#
# A fatal error has been detected by the Java Runtime Environment:
#
#  SIGSEGV (0xb) at pc=0x0000fffe5fbbc670, pid=365945, tid=365961
#
# JRE version: OpenJDK Runtime Environment JBR-25.0.3+9-480.61-nomod (25.0.3+9) (build 25.0.3+9-b480.61)
# Java VM: OpenJDK 64-Bit Server VM JBR-25.0.3+9-480.61-nomod (25.0.3+9-b480.61, mixed mode, sharing, tiered, compressed oops, compressed class ptrs, g1 gc, linux-aarch64)
# Problematic frame:
# C  [libopenal.so+0x9c670]
#
# Core dump will be written. Default location: Determined by the following: "/usr/lib/systemd/systemd-coredump %P %u %g %s %t %c %h %d %F" (alternatively, falling back to /home/anguscrump/Documents/Coding/ribbon-world/run/core.365945)
#
# If you would like to submit a bug report, please visit:
#   https://youtrack.jetbrains.com/issues/JBR
#

---------------  S U M M A R Y ------------

Command Line: -Dfabric.dli.config=/home/anguscrump/Documents/Coding/ribbon-world/.gradle/loom-cache/launch.cfg -Dfabric.dli.env=client -Dfabric.dli.main=net.fabricmc.loader.impl.launch.knot.KnotClient --sun-misc-unsafe-memory-access=allow --enable-native-access=ALL-UNNAMED --sun-misc-unsafe-memory-access=allow --enable-native-access=ALL-UNNAMED -Dfile.encoding=UTF-8 -Duser.country=AU -Duser.language=en -Duser.variant -Dawt.toolkit.name=XToolkit net.fabricmc.devlaunchinjector.Main

Host: AArch64, 10 cores, 15G, Fedora Asahi Remix release 44 (Forty Four)
Time: Tue May 19 23:30:22 2026 AEST elapsed time: 57.917629 seconds (0d 0h 0m 57s)

---------------  T H R E A D  ---------------

Current thread (0x0000ffff2c20dab0):  VMThread "VM Thread"          [id=365961, stack(0x0000ffff300b4000,0x0000ffff302b4000) (2048K)]

Stack: [0x0000ffff300b4000,0x0000ffff302b4000],  sp=0x0000ffff302b21b0,  free space=2040k
Native frames: (J=compiled Java code, j=interpreted, Vv=VM code, C=native code)
C  [libopenal.so+0x9c670]
C  [libc.so.6+0x3eb2c]  __run_exit_handlers+0x1ac
C  [libc.so.6+0x3ec20]  internal_addseverity+0x0
V  [libjvm.so+0xc7c05c]
V  [libjvm.so+0x88dad0]  vm_exit(int)+0x0
V  [libjvm.so+0xf8e1c4]  VM_Operation::evaluate()+0xf4
V  [libjvm.so+0xf91550]  VMThread::evaluate_operation(VM_Operation*)+0xb0
V  [libjvm.so+0xf92138]  VMThread::inner_execute(VM_Operation*)+0x2d8
V  [libjvm.so+0xf92450]  VMThread::run()+0xac
V  [libjvm.so+0xef92b8]  Thread::call_run()+0xa8
V  [libjvm.so+0xc71af4]  thread_native_entry(Thread*)+0xe0
C  [libc.so.6+0x8f81c]  start_thread+0x3bc

siginfo: si_signo: 11 (SIGSEGV), si_code: 1 (SEGV_MAPERR), si_addr: 0x0000000000000000

Registers:
R0=0x0000fffe5fcd4c38
R1=0x0000000000000000
R2=0x0000000000000000
R3=0x0000000000000000
R4=0x0000fffe54000030
R5=0x0000000042600dfc
R6=0x0000000000000400
R7=0x0000fffef4000980
R8=0x0000fffe540020f0
R9=0x3b3cdbdcc81c7738
R10=0x0000000000000054
R11=0x0000ffff351566e8
R12=0x0000000000000030
R13=0x0000ffff302b3880
R14=0x0000000000000000
R15=0x0000fffef404b310
R16=0x0000000000000001
R17=0x0000ffff35031b40
R18=0x0000000000018001
R19=0x0000fffe540020f0
R20=0x0000fffe540021a0
R21=0x0000fffe5fcd4be8
R22=0x0000fffe540020d0
R23=0x0000fffe5fcd4b58
R24=0x0000fffe5fcd4c68
R25=0x0000ffff2eafc1e0
R26=0x0000000000000b2b
R27=0x0000fffe5fbbc5a4
R28=0x0000fffe5fcd4be8
R29=0x0000ffff302b21b0
R30=0x0000fffe5fbbc660


Register to memory mapping:

R0 =0x0000fffe5fcd4c38: <offset 0x00000000001b4c38> in /tmp/lwjgl_anguscrump/3.4.1-snapshot/arm64/libopenal.so at 0x0000fffe5fb20000
R1 =0x0 is null
R2 =0x0 is null
R3 =0x0 is null
R4 =0x0000fffe54000030 points into unknown readable memory: 0x0000000200000000 | 00 00 00 00 02 00 00 00
R5 =0x0000000042600dfc is an unknown value
R6 =0x0000000000000400 is an unknown value
R7 =0x0000fffef4000980 points into unknown readable memory: 0x0000000200000002 | 02 00 00 00 02 00 00 00
R8 =0x0000fffe540020f0 points into unknown readable memory: 0x0000000000000000 | 00 00 00 00 00 00 00 00
R9 =0x3b3cdbdcc81c7738 is an unknown value
R10=0x0000000000000054 is an unknown value
R11=0x0000ffff351566e8: <offset 0x00000000001c66e8> in /lib64/libc.so.6 at 0x0000ffff34f90000
R12=0x0000000000000030 is an unknown value
R13=0x0000ffff302b3880 points into unknown readable memory: 0x0000fffefc002e10 | 10 2e 00 fc fe ff 00 00
R14=0x0 is null
R15=0x0000fffef404b310 points into unknown readable memory: 0x0000000000000040 | 40 00 00 00 00 00 00 00
R16=0x0000000000000001 is an unknown value
R17=0x0000ffff35031b40: __libc_free+0x0000000000000000 in /lib64/libc.so.6 at 0x0000ffff34f90000
R18=0x0000000000018001 is an unknown value
R19=0x0000fffe540020f0 points into unknown readable memory: 0x0000000000000000 | 00 00 00 00 00 00 00 00
R20=0x0000fffe540021a0 points into unknown readable memory: 0x0000fffe540000d8 | d8 00 00 54 fe ff 00 00
R21=0x0000fffe5fcd4be8: <offset 0x00000000001b4be8> in /tmp/lwjgl_anguscrump/3.4.1-snapshot/arm64/libopenal.so at 0x0000fffe5fb20000
R22=0x0000fffe540020d0 points into unknown readable memory: 0x0000fffe54001ee0 | e0 1e 00 54 fe ff 00 00
R23=0x0000fffe5fcd4b58: <offset 0x00000000001b4b58> in /tmp/lwjgl_anguscrump/3.4.1-snapshot/arm64/libopenal.so at 0x0000fffe5fb20000
R24=0x0000fffe5fcd4c68: <offset 0x00000000001b4c68> in /tmp/lwjgl_anguscrump/3.4.1-snapshot/arm64/libopenal.so at 0x0000fffe5fb20000
R25=0x0000ffff2eafc1e0 points into unknown readable memory: 0x0000ffff2eabc230 | 30 c2 ab 2e ff ff 00 00
R26=0x0000000000000b2b is an unknown value
R27=0x0000fffe5fbbc5a4: <offset 0x000000000009c5a4> in /tmp/lwjgl_anguscrump/3.4.1-snapshot/arm64/libopenal.so at 0x0000fffe5fb20000
R28=0x0000fffe5fcd4be8: <offset 0x00000000001b4be8> in /tmp/lwjgl_anguscrump/3.4.1-snapshot/arm64/libopenal.so at 0x0000fffe5fb20000
R29=0x0000ffff302b21b0 points into unknown readable memory: 0x0000ffff302b21f0 | f0 21 2b 30 ff ff 00 00
R30=0x0000fffe5fbbc660: <offset 0x000000000009c660> in /tmp/lwjgl_anguscrump/3.4.1-snapshot/arm64/libopenal.so at 0x0000fffe5fb20000

Top of Stack: (sp=0x0000ffff302b21b0)
0x0000ffff302b21b0:   0000ffff302b21f0 0000ffff34fceb2c   .!+0....,..4....
0x0000ffff302b21c0:   0000ffff35151000 0000ffff35152210   ...5.....".5....
0x0000ffff302b21d0:   0000ffff35213c78 0000000000000000   x<!5............
0x0000ffff302b21e0:   0000ffff35150658 0000ffff35152000   X..5..... .5....
0x0000ffff302b21f0:   0000ffff302b2260 0072ffff34fcec20   `"+0.... ..4..r.
0x0000ffff302b2200:   0000000000000000 0000ffff3389b938   ........8..3....
0x0000ffff302b2210:   0000ffff3389b938 0000fffefc0023c0   8..3.....#......
0x0000ffff302b2220:   0000fffefc0023d8 0000fffefc0027b0   .#.......'......
0x0000ffff302b2230:   00000000000003d8 0000ffff34edfc18   ...........4....
0x0000ffff302b2240:   00000000000003d8 0000ffff34edfc18   ...........4....
0x0000ffff302b2250:   0000ffff2c20e080 0000ffff00000001   .. ,............
0x0000ffff302b2260:   0000ffff302b2270 0065ffff3461c05c   p"+0....\.a4..e.
0x0000ffff302b2270:   0000ffff302b2280 0000ffff3422dad0   ."+0......"4....
0x0000ffff302b2280:   0000ffff302b22a0 0000ffff3492e1c4   ."+0.......4....
0x0000ffff302b2290:   0000ffff2c20e080 0000ffff33f61e60   .. ,....`..3....
0x0000ffff302b22a0:   0000ffff302b23b0 0000ffff34931550   .#+0....P..4....
0x0000ffff302b22b0:   0000ffff2c20e080 0000ffff34e0d000   .. ,.......4....
0x0000ffff302b22c0:   0000ffff3389b938 0000ffff302b3880   8..3.....8+0....
0x0000ffff302b22d0:   0000fffefc0023c0 0000ffff2c20dab0   .#........ ,....
0x0000ffff302b22e0:   0000fffefc0023d8 0000fffefc0027b0   .#.......'......
0x0000ffff302b22f0:   00000000000003d8 0000ffff34e07000   .........p.4....
0x0000ffff302b2300:   ffffff0f00000000 0000000000000000   ................
0x0000ffff302b2310:   0000000000000018 0000000000000000   ................
0x0000ffff302b2320:   3fc9ba5e353f7cee 0000000000000000   .|?5^..?........
0x0000ffff302b2330:   0000ffff302b2350 0000ffff346bf3f8   P#+0......k4....
0x0000ffff302b2340:   0000ffff302b2380 0000000000000000   .#+0............
0x0000ffff302b2350:   0000ffff302b2360 004fffff35058b04   `#+0.......5..O.
0x0000ffff302b2360:   0000ffff302b2370 0006ffff3461cd64   p#+0....d.a4....
0x0000ffff302b2370:   0000ffff302b2390 0000ffff348a94c0   .#+0.......4....
0x0000ffff302b2380:   00000000000069a5 00000000030ba43e   .i......>.......
0x0000ffff302b2390:   0000ffff302b23b0 0000ffff3493152c   .#+0....,..4....
0x0000ffff302b23a0:   0000ffff2c20e080 ccc40b202933fa00   .. ,......3) ...

Instructions: (pc=0x0000fffe5fbbc670)
  0x0000fffe5fbbc570:   80 08 00 90 00 e0 44 f9 e2 27 40 f9 01 00 40 f9
  0x0000fffe5fbbc580:   42 00 01 eb 01 00 80 d2 61 00 00 54 fd 7b c5 a8
  0x0000fffe5fbbc590:   c0 03 5f d6 df d8 fd 97 fa d8 fd 97 0d db fd 97
  0x0000fffe5fbbc5a0:   f4 ff ff 17 fd 7b bc a9 fd 03 00 91 f5 5b 02 a9
  0x0000fffe5fbbc5b0:   f5 03 00 aa 00 00 40 f9 f3 53 01 a9 f7 63 03 a9
  0x0000fffe5fbbc5c0:   80 00 00 b4 c1 08 00 90 21 bc 45 f9 20 00 3f d6
  0x0000fffe5fbbc5d0:   a0 62 43 39 80 09 00 35 b3 42 40 f9 b8 02 02 91
  0x0000fffe5fbbc5e0:   16 07 40 f9 7f 02 16 eb 20 03 00 54 d7 08 00 90
  0x0000fffe5fbbc5f0:   f7 62 2d 91 1f 20 03 d5 74 02 40 f9 14 02 00 b4
  0x0000fffe5fbbc600:   e0 03 14 aa 82 0e 40 f9 01 0c 41 f8 03 10 40 f9
  0x0000fffe5fbbc610:   41 00 00 f9 22 04 00 f9 43 00 00 b4 60 00 3f d6
  0x0000fffe5fbbc620:   80 06 40 f9 60 00 00 b4 e1 16 40 f9 20 00 3f d6
  0x0000fffe5fbbc630:   e0 03 14 aa 01 08 80 d2 ca d9 fd 97 73 22 00 91
  0x0000fffe5fbbc640:   df 02 13 eb a1 fd ff 54 b6 42 40 f9 b6 00 00 b4
  0x0000fffe5fbbc650:   01 0b 40 f9 e0 03 16 aa 21 00 16 cb c1 d9 fd 97
  0x0000fffe5fbbc660:   e0 03 15 aa a2 2e 40 f9 01 0c 45 f8 03 10 40 f9
=>0x0000fffe5fbbc670:   41 00 00 f9 22 04 00 f9 43 00 00 b4 60 00 3f d6
  0x0000fffe5fbbc680:   e0 03 15 aa a2 16 40 f9 01 0c 42 f8 03 10 40 f9
  0x0000fffe5fbbc690:   41 00 00 f9 22 04 00 f9 43 00 00 b4 60 00 3f d6
  0x0000fffe5fbbc6a0:   a0 0e 40 f9 80 00 00 b4 c1 08 00 90 21 c0 45 f9
  0x0000fffe5fbbc6b0:   20 00 3f d6 a0 0a 40 f9 80 00 00 b4 c1 08 00 90
  0x0000fffe5fbbc6c0:   21 c4 45 f9 20 00 3f d6 a0 06 40 f9 80 00 00 b4
  0x0000fffe5fbbc6d0:   c1 08 00 90 21 c8 45 f9 20 00 3f d6 a0 02 40 f9
  0x0000fffe5fbbc6e0:   80 00 00 b4 c1 08 00 90 21 cc 45 f9 20 00 3f d6
  0x0000fffe5fbbc6f0:   f3 53 41 a9 f5 5b 42 a9 f7 63 43 a9 fd 7b c4 a8
  0x0000fffe5fbbc700:   c0 03 5f d6 e0 03 15 aa bf 62 03 39 a2 5a 40 f9
  0x0000fffe5fbbc710:   01 8c 4a f8 03 10 40 f9 41 00 00 f9 22 04 00 f9
  0x0000fffe5fbbc720:   43 00 00 b4 60 00 3f d6 a0 52 40 f9 60 f5 ff b4
  0x0000fffe5fbbc730:   c1 08 00 90 21 c0 45 f9 20 00 3f d6 a7 ff ff 17
  0x0000fffe5fbbc740:   fd 7b bd a9 fd 03 00 91 f3 53 01 a9 53 00 01 cb
  0x0000fffe5fbbc750:   f4 03 00 aa f5 13 00 f9 f5 03 01 aa 7f 3e 00 f1
  0x0000fffe5fbbc760:   08 03 00 54 00 00 40 f9 7f 06 00 f1 41 01 00 54


Stack slot to memory mapping:

stack at sp + 0 slots: 0x0000ffff302b21f0 points into unknown readable memory: 0x0000ffff302b2260 | 60 22 2b 30 ff ff 00 00
stack at sp + 1 slots: 0x0000ffff34fceb2c: <offset 0x000000000003eb2c> in /lib64/libc.so.6 at 0x0000ffff34f90000
stack at sp + 2 slots: 0x0000ffff35151000: <offset 0x00000000001c1000> in /lib64/libc.so.6 at 0x0000ffff34f90000
stack at sp + 3 slots: 0x0000ffff35152210: <offset 0x00000000001c2210> in /lib64/libc.so.6 at 0x0000ffff34f90000
stack at sp + 4 slots: 0x0000ffff35213c78: __pointer_chk_guard+0x0000000000000000 in /lib/ld-linux-aarch64.so.1 at 0x0000ffff351d4000
stack at sp + 5 slots: 0x0 is null
stack at sp + 6 slots: 0x0000ffff35150658: <offset 0x00000000001c0658> in /lib64/libc.so.6 at 0x0000ffff34f90000
stack at sp + 7 slots: 0x0000ffff35152000: <offset 0x00000000001c2000> in /lib64/libc.so.6 at 0x0000ffff34f90000

VM_Operation (0x0000ffff3389b938): Exit, mode: safepoint, requested by thread 0x0000ffff2c031730


---------------  P R O C E S S  ---------------

Threads class SMR info:
_java_thread_list=0x0000fffdf0000950, length=24, elements={
0x0000ffff2c031730, 0x0000ffff2c2156c0, 0x0000ffff2c218f00, 0x0000ffff2c21a7e0,
0x0000ffff2c21c260, 0x0000ffff2c21dbc0, 0x0000ffff2c21f470, 0x0000ffff2c221230,
0x0000ffff2c222c50, 0x0000ffff2c25c550, 0x0000ffff2d7e94d0, 0x0000ffff2d7eb8c0,
0x0000ffff2e4ce0e0, 0x0000ffff2e70aeb0, 0x0000ffff2e7178c0, 0x0000ffff2e7186c0,
0x0000fffe300ba020, 0x0000ffff2de9a760, 0x0000ffff2c9eefe0, 0x0000fffdcc0074d0,
0x0000fffe04595f00, 0x0000fffe045967d0, 0x0000fffdec1b3cf0, 0x0000fffe045c7060
}

Java Threads: ( => current thread )
  0x0000ffff2c031730 JavaThread "Render thread"                     [_thread_blocked, id=365947, stack(0x0000ffff336a0000,0x0000ffff3389e000) (2040K)]
  0x0000ffff2c2156c0 JavaThread "Common-Cleaner"             daemon [_thread_blocked, id=365962, stack(0x0000ffff302b4000,0x0000ffff304c4000) (2112K)]
  0x0000ffff2c218f00 JavaThread "Reference Handler"          daemon [_thread_blocked, id=365963, stack(0x0000ffff1503c000,0x0000ffff1523c000) (2048K)]
  0x0000ffff2c21a7e0 JavaThread "Finalizer"                  daemon [_thread_blocked, id=365964, stack(0x0000ffff14e3c000,0x0000ffff1503c000) (2048K)]
  0x0000ffff2c21c260 JavaThread "Signal Dispatcher"          daemon [_thread_blocked, id=365965, stack(0x0000ffff14c3c000,0x0000ffff14e3c000) (2048K)]
  0x0000ffff2c21dbc0 JavaThread "Service Thread"             daemon [_thread_blocked, id=365966, stack(0x0000ffff14a3c000,0x0000ffff14c3c000) (2048K)]
  0x0000ffff2c21f470 JavaThread "Monitor Deflation Thread"   daemon [_thread_blocked, id=365967, stack(0x0000ffff1483c000,0x0000ffff14a3c000) (2048K)]
  0x0000ffff2c221230 JavaThread "C2 CompilerThread0"         daemon [_thread_blocked, id=365968, stack(0x0000ffff1463c000,0x0000ffff1483c000) (2048K)]
  0x0000ffff2c222c50 JavaThread "C1 CompilerThread0"         daemon [_thread_blocked, id=365969, stack(0x0000ffff1443c000,0x0000ffff1463c000) (2048K)]
  0x0000ffff2c25c550 JavaThread "Notification Thread"        daemon [_thread_blocked, id=365970, stack(0x0000ffff1423c000,0x0000ffff1443c000) (2048K)]
  0x0000ffff2d7e94d0 JavaThread "process reaper"             daemon [_thread_blocked, id=366011, stack(0x0000ffff1404c000,0x0000ffff14080000) (208K)]
  0x0000ffff2d7eb8c0 JavaThread "JNA Cleaner"                daemon [_thread_blocked, id=366012, stack(0x0000ffff08db0000,0x0000ffff08fb0000) (2048K)]
  0x0000ffff2e4ce0e0 JavaThread "Timer hack thread"          daemon [_thread_blocked, id=366042, stack(0x0000ffff08bb0000,0x0000ffff08db0000) (2048K)]
  0x0000ffff2e70aeb0 JavaThread "Yggdrasil Key Fetcher"      daemon [_thread_blocked, id=366045, stack(0x0000ffff083b0000,0x0000ffff085b0000) (2048K)]
  0x0000ffff2e7178c0 JavaThread "Download-1"                 daemon [_thread_blocked, id=366046, stack(0x0000fffedde00000,0x0000fffede000000) (2048K)]
  0x0000ffff2e7186c0 JavaThread "Download-2"                 daemon [_thread_blocked, id=366047, stack(0x0000ffff09c00000,0x0000ffff09e00000) (2048K)]
  0x0000fffe300ba020 JavaThread "ForkJoinPool.commonPool-worker-1" daemon [_thread_blocked, id=366086, stack(0x0000fffe20880000,0x0000fffe20a80000) (2048K)]
  0x0000ffff2de9a760 JavaThread "Netty Local IO #0"          daemon [_thread_blocked, id=366324, stack(0x0000fffdfd8e8000,0x0000fffdfdae8000) (2048K)]
  0x0000ffff2c9eefe0 JavaThread "Netty Local IO #1"          daemon [_thread_blocked, id=366326, stack(0x0000fffdfd6e8000,0x0000fffdfd8e8000) (2048K)]
  0x0000fffdcc0074d0 JavaThread "Netty Local IO #2"          daemon [_thread_blocked, id=366327, stack(0x0000fffdfd4e8000,0x0000fffdfd6e8000) (2048K)]
  0x0000fffe04595f00 JavaThread "Netty Local IO #3"          daemon [_thread_blocked, id=366533, stack(0x0000fffe16300000,0x0000fffe16500000) (2048K)]
  0x0000fffe045967d0 JavaThread "Netty Local IO #4"          daemon [_thread_blocked, id=366534, stack(0x0000fffdfd2e8000,0x0000fffdfd4e8000) (2048K)]
  0x0000fffdec1b3cf0 JavaThread "Netty Local IO #5"          daemon [_thread_blocked, id=366535, stack(0x0000fffdfd0e8000,0x0000fffdfd2e8000) (2048K)]
  0x0000fffe045c7060 JavaThread "Sound engine"               daemon [_thread_blocked, id=366759, stack(0x0000fffeddc00000,0x0000fffedde00000) (2048K)]
Total: 24

Other Threads:
=>0x0000ffff2c20dab0 VMThread "VM Thread"                           [id=365961, stack(0x0000ffff300b4000,0x0000ffff302b4000) (2048K)]
  0x0000ffff2c1867b0 WorkerThread "GC Thread#0"                     [id=365948, stack(0x0000ffff318b8000,0x0000ffff31ab8000) (2048K)]
  0x0000fffef4007c00 WorkerThread "GC Thread#1"                     [id=365976, stack(0x0000ffff09a00000,0x0000ffff09c00000) (2048K)]
  0x0000fffef40086c0 WorkerThread "GC Thread#2"                     [id=365977, stack(0x0000ffff097f0000,0x0000ffff099f0000) (2048K)]
  0x0000fffef4009280 WorkerThread "GC Thread#3"                     [id=365978, stack(0x0000ffff095e0000,0x0000ffff097e0000) (2048K)]
  0x0000fffef4009ff0 WorkerThread "GC Thread#4"                     [id=365979, stack(0x0000ffff093d0000,0x0000ffff095d0000) (2048K)]
  0x0000fffef400ad60 WorkerThread "GC Thread#5"                     [id=365980, stack(0x0000ffff091c0000,0x0000ffff093c0000) (2048K)]
  0x0000fffef4015910 WorkerThread "GC Thread#6"                     [id=365995, stack(0x0000fffedda00000,0x0000fffeddc00000) (2048K)]
  0x0000fffef400e560 WorkerThread "GC Thread#7"                     [id=366002, stack(0x0000fffedd7f0000,0x0000fffedd9f0000) (2048K)]
  0x0000fffef4017bc0 WorkerThread "GC Thread#8"                     [id=366003, stack(0x0000fffedd5e0000,0x0000fffedd7e0000) (2048K)]
  0x0000ffff2c19e930 ConcurrentGCThread "G1 Main Marker"            terminated
  0x0000ffff2c19fb20 WorkerThread "G1 Conc#0"                       [id=365950, stack(0x0000ffff31498000,0x0000ffff31698000) (2048K)]
  0x0000ffff10000c80 WorkerThread "G1 Conc#1"                       [id=366004, stack(0x0000fffedd3d0000,0x0000fffedd5d0000) (2048K)]
  0x0000ffff2c1ed480 ConcurrentGCThread "G1 Refine#0"               terminated
  0x0000ffff2c1ee690 ConcurrentGCThread "G1 Service"                terminated
Total: 15

Threads with active compile tasks:
C1 CompilerThread0  57937 34842       3       org.apache.logging.log4j.core.LoggerContext::lambda$updateLoggers$3 (6 bytes)
Total: 1

VM state: at safepoint (shutting down)

VM Mutex/Monitor currently owned by a thread:  ([mutex/lock_event])
[0x0000ffff34ea9558] Threads_lock - owner thread: 0x0000ffff2c20dab0
[0x0000ffff34ea96f0] Heap_lock - owner thread: 0x0000ffff2c031730

Heap address: 0x000000070f800000, size: 3848 MB, Compressed Oops mode: Zero based, Oop shift amount: 3

CDS archive(s) mapped at: [0x0000300000000000-0x0000300001d00000-0x0000300001d00000), size 30408704, SharedBaseAddress: 0x0000300000000000, ArchiveRelocationMode: 1.
Compressed class space mapped at: 0x0000300002000000-0x0000300042000000, reserved size: 1073741824
UseCompressedClassPointers 1, UseCompactObjectHeaders 0
Narrow klass pointer bits 32, Max shift 3
Narrow klass base: 0x0000300000000000, Narrow klass shift: 0
Encoding Range: [0x0000300000000000 - 0x0000300100000000), (4294967296 bytes)
Klass Range:    [0x0000300000010000 - 0x0000300042000000), (1107230720 bytes)
Klass ID Range:  [65536 - 1107296249) (1107230713)
Protection zone: [0x0000300000000000 - 0x0000300000010000), (65536 bytes)

GC Precious Log:
 CardTable entry size: 512
 Card Set container configuration: InlinePtr #cards 4 size 8 Array Of Cards #cards 16 size 48 Howl #buckets 8 coarsen threshold 3686 Howl Bitmap #cards 512 size 80 coarsen threshold 460 Card regions per heap region 1 cards per card region 4096
 CPUs: 10 total, 10 available
 Memory: 15385M
 Large Page Support: Disabled
 NUMA Support: Disabled
 Compressed Oops: Enabled (Zero based)
 Heap Region Size: 2M
 Heap Min Capacity: 8M
 Heap Initial Capacity: 248M
 Heap Max Capacity: 3848M
 Pre-touch: Disabled
 Parallel Workers: 9
 Concurrent Workers: 2
 Concurrent Refinement Workers: 9
 Periodic GC: Disabled

Heap:
 garbage-first heap   total reserved 3940352K, committed 1042432K, used 791159K [0x000000070f800000, 0x0000000800000000)
  region size 2048K, 167 young (342016K), 31 survivors (63488K)

Heap Regions: E=young(eden), S=young(survivor), O=old, HS=humongous(starts), HC=humongous(continues), CS=collection set, F=free, TAMS=top-at-mark-start, PB=parsable bottom
|   0|0x000000070f800000, 0x000000070fa00000, 0x000000070fa00000|100%|HS|  |TAMS 0x000000070f800000| PB 0x000000070f800000| Complete |  0
|   1|0x000000070fa00000, 0x000000070fc00000, 0x000000070fc00000|100%|HS|  |TAMS 0x000000070fa00000| PB 0x000000070fa00000| Complete |  0
|   2|0x000000070fc00000, 0x000000070fe00000, 0x000000070fe00000|100%|HS|  |TAMS 0x000000070fc00000| PB 0x000000070fc00000| Complete |  0
|   3|0x000000070fe00000, 0x0000000710000000, 0x0000000710000000|100%| O|  |TAMS 0x000000070fe00000| PB 0x000000070fe00000| Untracked |  0
|   4|0x0000000710000000, 0x0000000710200000, 0x0000000710200000|100%| O|  |TAMS 0x0000000710000000| PB 0x0000000710000000| Untracked |  0
|   5|0x0000000710200000, 0x0000000710400000, 0x0000000710400000|100%| O|  |TAMS 0x0000000710200000| PB 0x0000000710200000| Untracked |  0
|   6|0x0000000710400000, 0x0000000710600000, 0x0000000710600000|100%| O|  |TAMS 0x0000000710400000| PB 0x0000000710400000| Untracked |  0
|   7|0x0000000710600000, 0x0000000710800000, 0x0000000710800000|100%| O|  |TAMS 0x0000000710600000| PB 0x0000000710600000| Untracked |  0
|   8|0x0000000710800000, 0x0000000710a00000, 0x0000000710a00000|100%| O|  |TAMS 0x0000000710800000| PB 0x0000000710800000| Untracked |  0
|   9|0x0000000710a00000, 0x0000000710c00000, 0x0000000710c00000|100%| O|  |TAMS 0x0000000710a00000| PB 0x0000000710a00000| Untracked |  0
|  10|0x0000000710c00000, 0x0000000710e00000, 0x0000000710e00000|100%| O|  |TAMS 0x0000000710c00000| PB 0x0000000710c00000| Untracked |  0
|  11|0x0000000710e00000, 0x0000000711000000, 0x0000000711000000|100%| O|  |TAMS 0x0000000710e00000| PB 0x0000000710e00000| Untracked |  0
|  12|0x0000000711000000, 0x0000000711200000, 0x0000000711200000|100%| O|  |TAMS 0x0000000711000000| PB 0x0000000711000000| Untracked |  0
|  13|0x0000000711200000, 0x0000000711400000, 0x0000000711400000|100%| O|  |TAMS 0x0000000711200000| PB 0x0000000711200000| Untracked |  0
|  14|0x0000000711400000, 0x0000000711600000, 0x0000000711600000|100%| O|  |TAMS 0x0000000711400000| PB 0x0000000711400000| Untracked |  0
|  15|0x0000000711600000, 0x0000000711800000, 0x0000000711800000|100%| O|  |TAMS 0x0000000711600000| PB 0x0000000711600000| Untracked |  0
|  16|0x0000000711800000, 0x0000000711a00000, 0x0000000711a00000|100%|HS|  |TAMS 0x0000000711800000| PB 0x0000000711800000| Complete |  0
|  17|0x0000000711a00000, 0x0000000711c00000, 0x0000000711c00000|100%| O|  |TAMS 0x0000000711a00000| PB 0x0000000711a00000| Untracked |  0
|  18|0x0000000711c00000, 0x0000000711e00000, 0x0000000711e00000|100%| O|  |TAMS 0x0000000711c00000| PB 0x0000000711c00000| Untracked |  0
|  19|0x0000000711e00000, 0x0000000712000000, 0x0000000712000000|100%| O|  |TAMS 0x0000000711e00000| PB 0x0000000711e00000| Untracked |  0
|  20|0x0000000712000000, 0x0000000712200000, 0x0000000712200000|100%| O|  |TAMS 0x0000000712000000| PB 0x0000000712000000| Untracked |  0
|  21|0x0000000712200000, 0x0000000712400000, 0x0000000712400000|100%| O|  |TAMS 0x0000000712200000| PB 0x0000000712200000| Untracked |  0
|  22|0x0000000712400000, 0x0000000712600000, 0x0000000712600000|100%| O|  |TAMS 0x0000000712400000| PB 0x0000000712400000| Untracked |  0
|  23|0x0000000712600000, 0x0000000712800000, 0x0000000712800000|100%| O|  |TAMS 0x0000000712600000| PB 0x0000000712600000| Untracked |  0
|  24|0x0000000712800000, 0x0000000712a00000, 0x0000000712a00000|100%| O|  |TAMS 0x0000000712800000| PB 0x0000000712800000| Untracked |  0
|  25|0x0000000712a00000, 0x0000000712c00000, 0x0000000712c00000|100%| O|  |TAMS 0x0000000712a00000| PB 0x0000000712a00000| Untracked |  0
|  26|0x0000000712c00000, 0x0000000712e00000, 0x0000000712e00000|100%|HS|  |TAMS 0x0000000712c00000| PB 0x0000000712c00000| Complete |  0
|  27|0x0000000712e00000, 0x0000000713000000, 0x0000000713000000|100%|HC|  |TAMS 0x0000000712e00000| PB 0x0000000712e00000| Complete |  0
|  28|0x0000000713000000, 0x0000000713200000, 0x0000000713200000|100%|HC|  |TAMS 0x0000000713000000| PB 0x0000000713000000| Complete |  0
|  29|0x0000000713200000, 0x0000000713400000, 0x0000000713400000|100%|HC|  |TAMS 0x0000000713200000| PB 0x0000000713200000| Complete |  0
|  30|0x0000000713400000, 0x0000000713600000, 0x0000000713600000|100%|HC|  |TAMS 0x0000000713400000| PB 0x0000000713400000| Complete |  0
|  31|0x0000000713600000, 0x0000000713800000, 0x0000000713800000|100%|HC|  |TAMS 0x0000000713600000| PB 0x0000000713600000| Complete |  0
|  32|0x0000000713800000, 0x0000000713a00000, 0x0000000713a00000|100%| O|  |TAMS 0x0000000713800000| PB 0x0000000713800000| Untracked |  0
|  33|0x0000000713a00000, 0x0000000713c00000, 0x0000000713c00000|100%| O|  |TAMS 0x0000000713a00000| PB 0x0000000713a00000| Untracked |  0
|  34|0x0000000713c00000, 0x0000000713e00000, 0x0000000713e00000|100%| O|  |TAMS 0x0000000713c00000| PB 0x0000000713c00000| Untracked |  0
|  35|0x0000000713e00000, 0x0000000714000000, 0x0000000714000000|100%| O|  |TAMS 0x0000000713e00000| PB 0x0000000713e00000| Untracked |  0
|  36|0x0000000714000000, 0x0000000714200000, 0x0000000714200000|100%| O|  |TAMS 0x0000000714000000| PB 0x0000000714000000| Untracked |  0
|  37|0x0000000714200000, 0x0000000714400000, 0x0000000714400000|100%| O|  |TAMS 0x0000000714200000| PB 0x0000000714200000| Untracked |  0
|  38|0x0000000714400000, 0x0000000714600000, 0x0000000714600000|100%| O|  |TAMS 0x0000000714400000| PB 0x0000000714400000| Untracked |  0
|  39|0x0000000714600000, 0x0000000714800000, 0x0000000714800000|100%| O|  |TAMS 0x0000000714600000| PB 0x0000000714600000| Untracked |  0
|  40|0x0000000714800000, 0x0000000714a00000, 0x0000000714a00000|100%| O|  |TAMS 0x0000000714800000| PB 0x0000000714800000| Untracked |  0
|  41|0x0000000714a00000, 0x0000000714c00000, 0x0000000714c00000|100%| O|  |TAMS 0x0000000714a00000| PB 0x0000000714a00000| Untracked |  0
|  42|0x0000000714c00000, 0x0000000714e00000, 0x0000000714e00000|100%| O|  |TAMS 0x0000000714c00000| PB 0x0000000714c00000| Untracked |  0
|  43|0x0000000714e00000, 0x0000000715000000, 0x0000000715000000|100%| O|  |TAMS 0x0000000714e00000| PB 0x0000000714e00000| Untracked |  0
|  44|0x0000000715000000, 0x0000000715200000, 0x0000000715200000|100%| O|  |TAMS 0x0000000715000000| PB 0x0000000715000000| Untracked |  0
|  45|0x0000000715200000, 0x0000000715400000, 0x0000000715400000|100%| O|  |TAMS 0x0000000715200000| PB 0x0000000715200000| Untracked |  0
|  46|0x0000000715400000, 0x0000000715600000, 0x0000000715600000|100%| O|  |TAMS 0x0000000715400000| PB 0x0000000715400000| Untracked |  0
|  47|0x0000000715600000, 0x0000000715800000, 0x0000000715800000|100%| O|  |TAMS 0x0000000715600000| PB 0x0000000715600000| Untracked |  0
|  48|0x0000000715800000, 0x0000000715a00000, 0x0000000715a00000|100%| O|  |TAMS 0x0000000715800000| PB 0x0000000715800000| Untracked |  0
|  49|0x0000000715a00000, 0x0000000715c00000, 0x0000000715c00000|100%| O|  |TAMS 0x0000000715a00000| PB 0x0000000715a00000| Untracked |  0
|  50|0x0000000715c00000, 0x0000000715e00000, 0x0000000715e00000|100%| O|  |TAMS 0x0000000715c00000| PB 0x0000000715c00000| Untracked |  0
|  51|0x0000000715e00000, 0x0000000716000000, 0x0000000716000000|100%|HS|  |TAMS 0x0000000715e00000| PB 0x0000000715e00000| Complete |  0
|  52|0x0000000716000000, 0x0000000716200000, 0x0000000716200000|100%| O|  |TAMS 0x0000000716000000| PB 0x0000000716000000| Untracked |  0
|  53|0x0000000716200000, 0x0000000716400000, 0x0000000716400000|100%| O|  |TAMS 0x0000000716200000| PB 0x0000000716200000| Untracked |  0
|  54|0x0000000716400000, 0x0000000716600000, 0x0000000716600000|100%| O|  |TAMS 0x0000000716400000| PB 0x0000000716400000| Untracked |  0
|  55|0x0000000716600000, 0x0000000716800000, 0x0000000716800000|100%| O|  |TAMS 0x0000000716600000| PB 0x0000000716600000| Untracked |  0
|  56|0x0000000716800000, 0x0000000716a00000, 0x0000000716a00000|100%| O|  |TAMS 0x0000000716800000| PB 0x0000000716800000| Untracked |  0
|  57|0x0000000716a00000, 0x0000000716c00000, 0x0000000716c00000|100%| O|  |TAMS 0x0000000716a00000| PB 0x0000000716a00000| Untracked |  0
|  58|0x0000000716c00000, 0x0000000716e00000, 0x0000000716e00000|100%| O|  |TAMS 0x0000000716c00000| PB 0x0000000716c00000| Untracked |  0
|  59|0x0000000716e00000, 0x0000000717000000, 0x0000000717000000|100%| O|  |TAMS 0x0000000716e00000| PB 0x0000000716e00000| Untracked |  0
|  60|0x0000000717000000, 0x0000000717200000, 0x0000000717200000|100%| O|  |TAMS 0x0000000717000000| PB 0x0000000717000000| Untracked |  0
|  61|0x0000000717200000, 0x0000000717400000, 0x0000000717400000|100%| O|  |TAMS 0x0000000717200000| PB 0x0000000717200000| Untracked |  0
|  62|0x0000000717400000, 0x0000000717600000, 0x0000000717600000|100%| O|  |TAMS 0x0000000717400000| PB 0x0000000717400000| Untracked |  0
|  63|0x0000000717600000, 0x0000000717800000, 0x0000000717800000|100%| O|  |TAMS 0x0000000717600000| PB 0x0000000717600000| Untracked |  0
|  64|0x0000000717800000, 0x0000000717a00000, 0x0000000717a00000|100%| O|  |TAMS 0x0000000717800000| PB 0x0000000717800000| Untracked |  0
|  65|0x0000000717a00000, 0x0000000717c00000, 0x0000000717c00000|100%| O|  |TAMS 0x0000000717a00000| PB 0x0000000717a00000| Untracked |  0
|  66|0x0000000717c00000, 0x0000000717e00000, 0x0000000717e00000|100%| O|  |TAMS 0x0000000717c00000| PB 0x0000000717c00000| Untracked |  0
|  67|0x0000000717e00000, 0x0000000718000000, 0x0000000718000000|100%| O|  |TAMS 0x0000000717e00000| PB 0x0000000717e00000| Untracked |  0
|  68|0x0000000718000000, 0x0000000718200000, 0x0000000718200000|100%| O|  |TAMS 0x0000000718000000| PB 0x0000000718000000| Untracked |  0
|  69|0x0000000718200000, 0x0000000718400000, 0x0000000718400000|100%| O|  |TAMS 0x0000000718200000| PB 0x0000000718200000| Untracked |  0
|  70|0x0000000718400000, 0x0000000718600000, 0x0000000718600000|100%| O|  |TAMS 0x0000000718400000| PB 0x0000000718400000| Untracked |  0
|  71|0x0000000718600000, 0x0000000718800000, 0x0000000718800000|100%| O|  |TAMS 0x0000000718600000| PB 0x0000000718600000| Untracked |  0
|  72|0x0000000718800000, 0x0000000718a00000, 0x0000000718a00000|100%| O|  |TAMS 0x0000000718800000| PB 0x0000000718800000| Untracked |  0
|  73|0x0000000718a00000, 0x0000000718c00000, 0x0000000718c00000|100%| O|  |TAMS 0x0000000718a00000| PB 0x0000000718a00000| Untracked |  0
|  74|0x0000000718c00000, 0x0000000718e00000, 0x0000000718e00000|100%| O|  |TAMS 0x0000000718c00000| PB 0x0000000718c00000| Untracked |  0
|  75|0x0000000718e00000, 0x0000000719000000, 0x0000000719000000|100%| O|  |TAMS 0x0000000718e00000| PB 0x0000000718e00000| Untracked |  0
|  76|0x0000000719000000, 0x0000000719200000, 0x0000000719200000|100%| O|  |TAMS 0x0000000719000000| PB 0x0000000719000000| Untracked |  0
|  77|0x0000000719200000, 0x0000000719400000, 0x0000000719400000|100%| O|  |TAMS 0x0000000719200000| PB 0x0000000719200000| Untracked |  0
|  78|0x0000000719400000, 0x0000000719600000, 0x0000000719600000|100%| O|  |TAMS 0x0000000719400000| PB 0x0000000719400000| Untracked |  0
|  79|0x0000000719600000, 0x0000000719800000, 0x0000000719800000|100%| O|  |TAMS 0x0000000719600000| PB 0x0000000719600000| Untracked |  0
|  80|0x0000000719800000, 0x0000000719a00000, 0x0000000719a00000|100%| O|  |TAMS 0x0000000719800000| PB 0x0000000719800000| Untracked |  0
|  81|0x0000000719a00000, 0x0000000719c00000, 0x0000000719c00000|100%| O|  |TAMS 0x0000000719a00000| PB 0x0000000719a00000| Untracked |  0
|  82|0x0000000719c00000, 0x0000000719e00000, 0x0000000719e00000|100%| O|  |TAMS 0x0000000719c00000| PB 0x0000000719c00000| Untracked |  0
|  83|0x0000000719e00000, 0x000000071a000000, 0x000000071a000000|100%| O|  |TAMS 0x0000000719e00000| PB 0x0000000719e00000| Untracked |  0
|  84|0x000000071a000000, 0x000000071a200000, 0x000000071a200000|100%| O|  |TAMS 0x000000071a000000| PB 0x000000071a000000| Untracked |  0
|  85|0x000000071a200000, 0x000000071a400000, 0x000000071a400000|100%| O|  |TAMS 0x000000071a200000| PB 0x000000071a200000| Untracked |  0
|  86|0x000000071a400000, 0x000000071a600000, 0x000000071a600000|100%| O|  |TAMS 0x000000071a400000| PB 0x000000071a400000| Untracked |  0
|  87|0x000000071a600000, 0x000000071a800000, 0x000000071a800000|100%| O|  |TAMS 0x000000071a600000| PB 0x000000071a600000| Untracked |  0
|  88|0x000000071a800000, 0x000000071aa00000, 0x000000071aa00000|100%| O|  |TAMS 0x000000071a800000| PB 0x000000071a800000| Untracked |  0
|  89|0x000000071aa00000, 0x000000071ac00000, 0x000000071ac00000|100%| O|  |TAMS 0x000000071aa00000| PB 0x000000071aa00000| Untracked |  0
|  90|0x000000071ac00000, 0x000000071ae00000, 0x000000071ae00000|100%| O|  |TAMS 0x000000071ac00000| PB 0x000000071ac00000| Untracked |  0
|  91|0x000000071ae00000, 0x000000071ae00000, 0x000000071b000000|  0%| F|  |TAMS 0x000000071ae00000| PB 0x000000071ae00000| Untracked |  0
|  92|0x000000071b000000, 0x000000071b200000, 0x000000071b200000|100%| O|  |TAMS 0x000000071b000000| PB 0x000000071b000000| Untracked |  0
|  93|0x000000071b200000, 0x000000071b400000, 0x000000071b400000|100%| O|  |TAMS 0x000000071b200000| PB 0x000000071b200000| Untracked |  0
|  94|0x000000071b400000, 0x000000071b600000, 0x000000071b600000|100%| O|  |TAMS 0x000000071b400000| PB 0x000000071b400000| Untracked |  0
|  95|0x000000071b600000, 0x000000071b800000, 0x000000071b800000|100%| O|  |TAMS 0x000000071b600000| PB 0x000000071b600000| Untracked |  0
|  96|0x000000071b800000, 0x000000071ba00000, 0x000000071ba00000|100%| O|  |TAMS 0x000000071b800000| PB 0x000000071b800000| Untracked |  0
|  97|0x000000071ba00000, 0x000000071bc00000, 0x000000071bc00000|100%| O|  |TAMS 0x000000071ba00000| PB 0x000000071ba00000| Untracked |  0
|  98|0x000000071bc00000, 0x000000071be00000, 0x000000071be00000|100%| O|  |TAMS 0x000000071bc00000| PB 0x000000071bc00000| Untracked |  0
|  99|0x000000071be00000, 0x000000071c000000, 0x000000071c000000|100%| O|  |TAMS 0x000000071be00000| PB 0x000000071be00000| Untracked |  0
| 100|0x000000071c000000, 0x000000071c200000, 0x000000071c200000|100%| O|  |TAMS 0x000000071c000000| PB 0x000000071c000000| Untracked |  0
| 101|0x000000071c200000, 0x000000071c400000, 0x000000071c400000|100%| O|  |TAMS 0x000000071c200000| PB 0x000000071c200000| Untracked |  0
| 102|0x000000071c400000, 0x000000071c600000, 0x000000071c600000|100%| O|  |TAMS 0x000000071c400000| PB 0x000000071c400000| Untracked |  0
| 103|0x000000071c600000, 0x000000071c800000, 0x000000071c800000|100%| O|  |TAMS 0x000000071c600000| PB 0x000000071c600000| Untracked |  0
| 104|0x000000071c800000, 0x000000071ca00000, 0x000000071ca00000|100%| O|  |TAMS 0x000000071c800000| PB 0x000000071c800000| Untracked |  0
| 105|0x000000071ca00000, 0x000000071cc00000, 0x000000071cc00000|100%| O|  |TAMS 0x000000071ca00000| PB 0x000000071ca00000| Untracked |  0
| 106|0x000000071cc00000, 0x000000071ce00000, 0x000000071ce00000|100%| O|  |TAMS 0x000000071cc00000| PB 0x000000071cc00000| Untracked |  0
| 107|0x000000071ce00000, 0x000000071d000000, 0x000000071d000000|100%| O|  |TAMS 0x000000071ce00000| PB 0x000000071ce00000| Untracked |  0
| 108|0x000000071d000000, 0x000000071d200000, 0x000000071d200000|100%| O|  |TAMS 0x000000071d000000| PB 0x000000071d000000| Untracked |  0
| 109|0x000000071d200000, 0x000000071d400000, 0x000000071d400000|100%| O|  |TAMS 0x000000071d200000| PB 0x000000071d200000| Untracked |  0
| 110|0x000000071d400000, 0x000000071d600000, 0x000000071d600000|100%| O|  |TAMS 0x000000071d400000| PB 0x000000071d400000| Untracked |  0
| 111|0x000000071d600000, 0x000000071d800000, 0x000000071d800000|100%| O|  |TAMS 0x000000071d600000| PB 0x000000071d600000| Untracked |  0
| 112|0x000000071d800000, 0x000000071da00000, 0x000000071da00000|100%| O|  |TAMS 0x000000071d800000| PB 0x000000071d800000| Untracked |  0
| 113|0x000000071da00000, 0x000000071dc00000, 0x000000071dc00000|100%| O|  |TAMS 0x000000071da00000| PB 0x000000071da00000| Untracked |  0
| 114|0x000000071dc00000, 0x000000071de00000, 0x000000071de00000|100%| O|  |TAMS 0x000000071dc00000| PB 0x000000071dc00000| Untracked |  0
| 115|0x000000071de00000, 0x000000071e000000, 0x000000071e000000|100%| O|  |TAMS 0x000000071de00000| PB 0x000000071de00000| Untracked |  0
| 116|0x000000071e000000, 0x000000071e200000, 0x000000071e200000|100%| O|  |TAMS 0x000000071e000000| PB 0x000000071e000000| Untracked |  0
| 117|0x000000071e200000, 0x000000071e400000, 0x000000071e400000|100%| O|  |TAMS 0x000000071e200000| PB 0x000000071e200000| Untracked |  0
| 118|0x000000071e400000, 0x000000071e600000, 0x000000071e600000|100%| O|  |TAMS 0x000000071e400000| PB 0x000000071e400000| Untracked |  0
| 119|0x000000071e600000, 0x000000071e600000, 0x000000071e800000|  0%| F|  |TAMS 0x000000071e600000| PB 0x000000071e600000| Untracked |  0
| 120|0x000000071e800000, 0x000000071ea00000, 0x000000071ea00000|100%| O|  |TAMS 0x000000071e800000| PB 0x000000071e800000| Untracked |  0
| 121|0x000000071ea00000, 0x000000071ea00000, 0x000000071ec00000|  0%| F|  |TAMS 0x000000071ea00000| PB 0x000000071ea00000| Untracked |  0
| 122|0x000000071ec00000, 0x000000071ee00000, 0x000000071ee00000|100%| O|  |TAMS 0x000000071ec00000| PB 0x000000071ec00000| Untracked |  0
| 123|0x000000071ee00000, 0x000000071f000000, 0x000000071f000000|100%| O|  |TAMS 0x000000071ee00000| PB 0x000000071ee00000| Untracked |  0
| 124|0x000000071f000000, 0x000000071f200000, 0x000000071f200000|100%| O|  |TAMS 0x000000071f000000| PB 0x000000071f000000| Untracked |  0
| 125|0x000000071f200000, 0x000000071f400000, 0x000000071f400000|100%| O|  |TAMS 0x000000071f200000| PB 0x000000071f200000| Untracked |  0
| 126|0x000000071f400000, 0x000000071f600000, 0x000000071f600000|100%| O|  |TAMS 0x000000071f400000| PB 0x000000071f400000| Untracked |  0
| 127|0x000000071f600000, 0x000000071f600000, 0x000000071f800000|  0%| F|  |TAMS 0x000000071f600000| PB 0x000000071f600000| Untracked |  0
| 128|0x000000071f800000, 0x000000071fa00000, 0x000000071fa00000|100%| O|  |TAMS 0x000000071f800000| PB 0x000000071f800000| Untracked |  0
| 129|0x000000071fa00000, 0x000000071fc00000, 0x000000071fc00000|100%| O|  |TAMS 0x000000071fa00000| PB 0x000000071fa00000| Untracked |  0
| 130|0x000000071fc00000, 0x000000071fe00000, 0x000000071fe00000|100%| O|  |TAMS 0x000000071fc00000| PB 0x000000071fc00000| Untracked |  0
| 131|0x000000071fe00000, 0x0000000720000000, 0x0000000720000000|100%| O|  |TAMS 0x000000071fe00000| PB 0x000000071fe00000| Untracked |  0
| 132|0x0000000720000000, 0x0000000720200000, 0x0000000720200000|100%| O|  |TAMS 0x0000000720000000| PB 0x0000000720000000| Untracked |  0
| 133|0x0000000720200000, 0x0000000720400000, 0x0000000720400000|100%| O|  |TAMS 0x0000000720200000| PB 0x0000000720200000| Untracked |  0
| 134|0x0000000720400000, 0x0000000720600000, 0x0000000720600000|100%| O|  |TAMS 0x0000000720400000| PB 0x0000000720400000| Untracked |  0
| 135|0x0000000720600000, 0x0000000720600000, 0x0000000720800000|  0%| F|  |TAMS 0x0000000720600000| PB 0x0000000720600000| Untracked |  0
| 136|0x0000000720800000, 0x0000000720a00000, 0x0000000720a00000|100%| O|  |TAMS 0x0000000720800000| PB 0x0000000720800000| Untracked |  0
| 137|0x0000000720a00000, 0x0000000720c00000, 0x0000000720c00000|100%| O|  |TAMS 0x0000000720a00000| PB 0x0000000720a00000| Untracked |  0
| 138|0x0000000720c00000, 0x0000000720e00000, 0x0000000720e00000|100%| O|  |TAMS 0x0000000720c00000| PB 0x0000000720c00000| Untracked |  0
| 139|0x0000000720e00000, 0x0000000721000000, 0x0000000721000000|100%| O|  |TAMS 0x0000000720e00000| PB 0x0000000720e00000| Untracked |  0
| 140|0x0000000721000000, 0x0000000721200000, 0x0000000721200000|100%| O|  |TAMS 0x0000000721000000| PB 0x0000000721000000| Untracked |  0
| 141|0x0000000721200000, 0x0000000721400000, 0x0000000721400000|100%| O|  |TAMS 0x0000000721200000| PB 0x0000000721200000| Untracked |  0
| 142|0x0000000721400000, 0x0000000721600000, 0x0000000721600000|100%| O|  |TAMS 0x0000000721400000| PB 0x0000000721400000| Untracked |  0
| 143|0x0000000721600000, 0x0000000721800000, 0x0000000721800000|100%| O|  |TAMS 0x0000000721600000| PB 0x0000000721600000| Untracked |  0
| 144|0x0000000721800000, 0x0000000721a00000, 0x0000000721a00000|100%| O|  |TAMS 0x0000000721800000| PB 0x0000000721800000| Untracked |  0
| 145|0x0000000721a00000, 0x0000000721c00000, 0x0000000721c00000|100%| O|  |TAMS 0x0000000721a00000| PB 0x0000000721a00000| Untracked |  0
| 146|0x0000000721c00000, 0x0000000721e00000, 0x0000000721e00000|100%| O|  |TAMS 0x0000000721c00000| PB 0x0000000721c00000| Untracked |  0
| 147|0x0000000721e00000, 0x0000000722000000, 0x0000000722000000|100%| O|  |TAMS 0x0000000721e00000| PB 0x0000000721e00000| Untracked |  0
| 148|0x0000000722000000, 0x0000000722200000, 0x0000000722200000|100%| O|  |TAMS 0x0000000722000000| PB 0x0000000722000000| Untracked |  0
| 149|0x0000000722200000, 0x0000000722400000, 0x0000000722400000|100%| O|  |TAMS 0x0000000722200000| PB 0x0000000722200000| Untracked |  0
| 150|0x0000000722400000, 0x0000000722600000, 0x0000000722600000|100%| O|  |TAMS 0x0000000722400000| PB 0x0000000722400000| Untracked |  0
| 151|0x0000000722600000, 0x0000000722800000, 0x0000000722800000|100%| O|  |TAMS 0x0000000722600000| PB 0x0000000722600000| Untracked |  0
| 152|0x0000000722800000, 0x0000000722a00000, 0x0000000722a00000|100%| O|  |TAMS 0x0000000722800000| PB 0x0000000722800000| Untracked |  0
| 153|0x0000000722a00000, 0x0000000722c00000, 0x0000000722c00000|100%| O|  |TAMS 0x0000000722a00000| PB 0x0000000722a00000| Untracked |  0
| 154|0x0000000722c00000, 0x0000000722c00000, 0x0000000722e00000|  0%| F|  |TAMS 0x0000000722c00000| PB 0x0000000722c00000| Untracked |  0
| 155|0x0000000722e00000, 0x0000000723000000, 0x0000000723000000|100%| O|  |TAMS 0x0000000722e00000| PB 0x0000000722e00000| Untracked |  0
| 156|0x0000000723000000, 0x0000000723000000, 0x0000000723200000|  0%| F|  |TAMS 0x0000000723000000| PB 0x0000000723000000| Untracked |  0
| 157|0x0000000723200000, 0x0000000723400000, 0x0000000723400000|100%| O|  |TAMS 0x0000000723200000| PB 0x0000000723200000| Untracked |  0
| 158|0x0000000723400000, 0x0000000723600000, 0x0000000723600000|100%| O|  |TAMS 0x0000000723400000| PB 0x0000000723400000| Untracked |  0
| 159|0x0000000723600000, 0x0000000723800000, 0x0000000723800000|100%| O|  |TAMS 0x0000000723600000| PB 0x0000000723600000| Untracked |  0
| 160|0x0000000723800000, 0x0000000723a00000, 0x0000000723a00000|100%| O|  |TAMS 0x0000000723800000| PB 0x0000000723800000| Untracked |  0
| 161|0x0000000723a00000, 0x0000000723a00000, 0x0000000723c00000|  0%| F|  |TAMS 0x0000000723a00000| PB 0x0000000723a00000| Untracked |  0
| 162|0x0000000723c00000, 0x0000000723e00000, 0x0000000723e00000|100%| O|  |TAMS 0x0000000723c00000| PB 0x0000000723c00000| Untracked |  0
| 163|0x0000000723e00000, 0x0000000724000000, 0x0000000724000000|100%| O|  |TAMS 0x0000000723e00000| PB 0x0000000723e00000| Untracked |  0
| 164|0x0000000724000000, 0x0000000724000000, 0x0000000724200000|  0%| F|  |TAMS 0x0000000724000000| PB 0x0000000724000000| Untracked |  0
| 165|0x0000000724200000, 0x0000000724400000, 0x0000000724400000|100%| O|  |TAMS 0x0000000724200000| PB 0x0000000724200000| Untracked |  0
| 166|0x0000000724400000, 0x0000000724600000, 0x0000000724600000|100%| O|  |TAMS 0x0000000724400000| PB 0x0000000724400000| Untracked |  0
| 167|0x0000000724600000, 0x0000000724800000, 0x0000000724800000|100%| O|  |TAMS 0x0000000724600000| PB 0x0000000724600000| Untracked |  0
| 168|0x0000000724800000, 0x0000000724a00000, 0x0000000724a00000|100%| O|  |TAMS 0x0000000724800000| PB 0x0000000724800000| Untracked |  0
| 169|0x0000000724a00000, 0x0000000724a00000, 0x0000000724c00000|  0%| F|  |TAMS 0x0000000724a00000| PB 0x0000000724a00000| Untracked |  0
| 170|0x0000000724c00000, 0x0000000724e00000, 0x0000000724e00000|100%| O|  |TAMS 0x0000000724c00000| PB 0x0000000724c00000| Untracked |  0
| 171|0x0000000724e00000, 0x0000000725000000, 0x0000000725000000|100%| O|  |TAMS 0x0000000724e00000| PB 0x0000000724e00000| Untracked |  0
| 172|0x0000000725000000, 0x0000000725200000, 0x0000000725200000|100%| O|  |TAMS 0x0000000725000000| PB 0x0000000725000000| Untracked |  0
| 173|0x0000000725200000, 0x0000000725400000, 0x0000000725400000|100%| O|  |TAMS 0x0000000725200000| PB 0x0000000725200000| Untracked |  0
| 174|0x0000000725400000, 0x0000000725600000, 0x0000000725600000|100%| O|  |TAMS 0x0000000725400000| PB 0x0000000725400000| Untracked |  0
| 175|0x0000000725600000, 0x0000000725800000, 0x0000000725800000|100%| O|  |TAMS 0x0000000725600000| PB 0x0000000725600000| Untracked |  0
| 176|0x0000000725800000, 0x0000000725800000, 0x0000000725a00000|  0%| F|  |TAMS 0x0000000725800000| PB 0x0000000725800000| Untracked |  0
| 177|0x0000000725a00000, 0x0000000725c00000, 0x0000000725c00000|100%| O|  |TAMS 0x0000000725a00000| PB 0x0000000725a00000| Untracked |  0
| 178|0x0000000725c00000, 0x0000000725c00000, 0x0000000725e00000|  0%| F|  |TAMS 0x0000000725c00000| PB 0x0000000725c00000| Untracked |  0
| 179|0x0000000725e00000, 0x0000000725e00000, 0x0000000726000000|  0%| F|  |TAMS 0x0000000725e00000| PB 0x0000000725e00000| Untracked |  0
| 180|0x0000000726000000, 0x0000000726200000, 0x0000000726200000|100%| O|  |TAMS 0x0000000726000000| PB 0x0000000726000000| Untracked |  0
| 181|0x0000000726200000, 0x0000000726400000, 0x0000000726400000|100%| O|  |TAMS 0x0000000726200000| PB 0x0000000726200000| Untracked |  0
| 182|0x0000000726400000, 0x0000000726600000, 0x0000000726600000|100%| O|  |TAMS 0x0000000726400000| PB 0x0000000726400000| Untracked |  0
| 183|0x0000000726600000, 0x0000000726800000, 0x0000000726800000|100%| O|  |TAMS 0x0000000726600000| PB 0x0000000726600000| Untracked |  0
| 184|0x0000000726800000, 0x0000000726a00000, 0x0000000726a00000|100%| O|  |TAMS 0x0000000726800000| PB 0x0000000726800000| Untracked |  0
| 185|0x0000000726a00000, 0x0000000726c00000, 0x0000000726c00000|100%| O|  |TAMS 0x0000000726a00000| PB 0x0000000726a00000| Untracked |  0
| 186|0x0000000726c00000, 0x0000000726c00000, 0x0000000726e00000|  0%| F|  |TAMS 0x0000000726c00000| PB 0x0000000726c00000| Untracked |  0
| 187|0x0000000726e00000, 0x0000000727000000, 0x0000000727000000|100%| O|  |TAMS 0x0000000726e00000| PB 0x0000000726e00000| Untracked |  0
| 188|0x0000000727000000, 0x0000000727200000, 0x0000000727200000|100%| O|  |TAMS 0x0000000727000000| PB 0x0000000727000000| Untracked |  0
| 189|0x0000000727200000, 0x0000000727400000, 0x0000000727400000|100%| O|  |TAMS 0x0000000727200000| PB 0x0000000727200000| Untracked |  0
| 190|0x0000000727400000, 0x0000000727600000, 0x0000000727600000|100%| O|  |TAMS 0x0000000727400000| PB 0x0000000727400000| Untracked |  0
| 191|0x0000000727600000, 0x0000000727800000, 0x0000000727800000|100%| O|  |TAMS 0x0000000727600000| PB 0x0000000727600000| Untracked |  0
| 192|0x0000000727800000, 0x0000000727a00000, 0x0000000727a00000|100%| O|  |TAMS 0x0000000727800000| PB 0x0000000727800000| Untracked |  0
| 193|0x0000000727a00000, 0x0000000727c00000, 0x0000000727c00000|100%| O|  |TAMS 0x0000000727a00000| PB 0x0000000727a00000| Untracked |  0
| 194|0x0000000727c00000, 0x0000000727e00000, 0x0000000727e00000|100%| O|  |TAMS 0x0000000727c00000| PB 0x0000000727c00000| Untracked |  0
| 195|0x0000000727e00000, 0x0000000728000000, 0x0000000728000000|100%| O|  |TAMS 0x0000000727e00000| PB 0x0000000727e00000| Untracked |  0
| 196|0x0000000728000000, 0x0000000728200000, 0x0000000728200000|100%| O|  |TAMS 0x0000000728000000| PB 0x0000000728000000| Untracked |  0
| 197|0x0000000728200000, 0x0000000728400000, 0x0000000728400000|100%| O|  |TAMS 0x0000000728200000| PB 0x0000000728200000| Untracked |  0
| 198|0x0000000728400000, 0x0000000728600000, 0x0000000728600000|100%| O|  |TAMS 0x0000000728400000| PB 0x0000000728400000| Untracked |  0
| 199|0x0000000728600000, 0x0000000728800000, 0x0000000728800000|100%| O|  |TAMS 0x0000000728600000| PB 0x0000000728600000| Untracked |  0
| 200|0x0000000728800000, 0x0000000728a00000, 0x0000000728a00000|100%| O|  |TAMS 0x0000000728800000| PB 0x0000000728800000| Untracked |  0
| 201|0x0000000728a00000, 0x0000000728c00000, 0x0000000728c00000|100%| O|  |TAMS 0x0000000728a00000| PB 0x0000000728a00000| Untracked |  0
| 202|0x0000000728c00000, 0x0000000728e00000, 0x0000000728e00000|100%| O|  |TAMS 0x0000000728c00000| PB 0x0000000728c00000| Untracked |  0
| 203|0x0000000728e00000, 0x0000000729000000, 0x0000000729000000|100%| O|  |TAMS 0x0000000728e00000| PB 0x0000000728e00000| Untracked |  0
| 204|0x0000000729000000, 0x0000000729200000, 0x0000000729200000|100%| O|  |TAMS 0x0000000729000000| PB 0x0000000729000000| Untracked |  0
| 205|0x0000000729200000, 0x0000000729400000, 0x0000000729400000|100%| O|  |TAMS 0x0000000729200000| PB 0x0000000729200000| Untracked |  0
| 206|0x0000000729400000, 0x0000000729600000, 0x0000000729600000|100%| O|  |TAMS 0x0000000729400000| PB 0x0000000729400000| Untracked |  0
| 207|0x0000000729600000, 0x0000000729800000, 0x0000000729800000|100%| O|  |TAMS 0x0000000729600000| PB 0x0000000729600000| Untracked |  0
| 208|0x0000000729800000, 0x0000000729a00000, 0x0000000729a00000|100%| O|  |TAMS 0x0000000729800000| PB 0x0000000729800000| Untracked |  0
| 209|0x0000000729a00000, 0x0000000729c00000, 0x0000000729c00000|100%| O|  |TAMS 0x0000000729a00000| PB 0x0000000729a00000| Untracked |  0
| 210|0x0000000729c00000, 0x0000000729e00000, 0x0000000729e00000|100%| O|  |TAMS 0x0000000729c00000| PB 0x0000000729c00000| Untracked |  0
| 211|0x0000000729e00000, 0x000000072a000000, 0x000000072a000000|100%| O|  |TAMS 0x0000000729e00000| PB 0x0000000729e00000| Untracked |  0
| 212|0x000000072a000000, 0x000000072a200000, 0x000000072a200000|100%| O|  |TAMS 0x000000072a000000| PB 0x000000072a000000| Untracked |  0
| 213|0x000000072a200000, 0x000000072a400000, 0x000000072a400000|100%| O|  |TAMS 0x000000072a200000| PB 0x000000072a200000| Untracked |  0
| 214|0x000000072a400000, 0x000000072a600000, 0x000000072a600000|100%| O|  |TAMS 0x000000072a400000| PB 0x000000072a400000| Untracked |  0
| 215|0x000000072a600000, 0x000000072a800000, 0x000000072a800000|100%| O|  |TAMS 0x000000072a600000| PB 0x000000072a600000| Untracked |  0
| 216|0x000000072a800000, 0x000000072aa00000, 0x000000072aa00000|100%| O|  |TAMS 0x000000072a800000| PB 0x000000072a800000| Untracked |  0
| 217|0x000000072aa00000, 0x000000072ac00000, 0x000000072ac00000|100%| O|  |TAMS 0x000000072aa00000| PB 0x000000072aa00000| Untracked |  0
| 218|0x000000072ac00000, 0x000000072ac00000, 0x000000072ae00000|  0%| F|  |TAMS 0x000000072ac00000| PB 0x000000072ac00000| Untracked |  0
| 219|0x000000072ae00000, 0x000000072ae00000, 0x000000072b000000|  0%| F|  |TAMS 0x000000072ae00000| PB 0x000000072ae00000| Untracked |  0
| 220|0x000000072b000000, 0x000000072b000000, 0x000000072b200000|  0%| F|  |TAMS 0x000000072b000000| PB 0x000000072b000000| Untracked |  0
| 221|0x000000072b200000, 0x000000072b200000, 0x000000072b400000|  0%| F|  |TAMS 0x000000072b200000| PB 0x000000072b200000| Untracked |  0
| 222|0x000000072b400000, 0x000000072b400000, 0x000000072b600000|  0%| F|  |TAMS 0x000000072b400000| PB 0x000000072b400000| Untracked |  0
| 223|0x000000072b600000, 0x000000072b600000, 0x000000072b800000|  0%| F|  |TAMS 0x000000072b600000| PB 0x000000072b600000| Untracked |  0
| 224|0x000000072b800000, 0x000000072b800000, 0x000000072ba00000|  0%| F|  |TAMS 0x000000072b800000| PB 0x000000072b800000| Untracked |  0
| 225|0x000000072ba00000, 0x000000072ba00000, 0x000000072bc00000|  0%| F|  |TAMS 0x000000072ba00000| PB 0x000000072ba00000| Untracked |  0
| 226|0x000000072bc00000, 0x000000072be00000, 0x000000072be00000|100%| S|CS|TAMS 0x000000072bc00000| PB 0x000000072bc00000| Complete |  0
| 227|0x000000072be00000, 0x000000072c000000, 0x000000072c000000|100%| S|CS|TAMS 0x000000072be00000| PB 0x000000072be00000| Complete |  0
| 228|0x000000072c000000, 0x000000072c200000, 0x000000072c200000|100%| S|CS|TAMS 0x000000072c000000| PB 0x000000072c000000| Complete |  0
| 229|0x000000072c200000, 0x000000072c400000, 0x000000072c400000|100%| S|CS|TAMS 0x000000072c200000| PB 0x000000072c200000| Complete |  0
| 230|0x000000072c400000, 0x000000072c400000, 0x000000072c600000|  0%| F|  |TAMS 0x000000072c400000| PB 0x000000072c400000| Untracked |  0
| 231|0x000000072c600000, 0x000000072c600000, 0x000000072c800000|  0%| F|  |TAMS 0x000000072c600000| PB 0x000000072c600000| Untracked |  0
| 232|0x000000072c800000, 0x000000072c800000, 0x000000072ca00000|  0%| F|  |TAMS 0x000000072c800000| PB 0x000000072c800000| Untracked |  0
| 233|0x000000072ca00000, 0x000000072ca00000, 0x000000072cc00000|  0%| F|  |TAMS 0x000000072ca00000| PB 0x000000072ca00000| Untracked |  0
| 234|0x000000072cc00000, 0x000000072cc00000, 0x000000072ce00000|  0%| F|  |TAMS 0x000000072cc00000| PB 0x000000072cc00000| Untracked |  0
| 235|0x000000072ce00000, 0x000000072ce00000, 0x000000072d000000|  0%| F|  |TAMS 0x000000072ce00000| PB 0x000000072ce00000| Untracked |  0
| 236|0x000000072d000000, 0x000000072d000000, 0x000000072d200000|  0%| F|  |TAMS 0x000000072d000000| PB 0x000000072d000000| Untracked |  0
| 237|0x000000072d200000, 0x000000072d200000, 0x000000072d400000|  0%| F|  |TAMS 0x000000072d200000| PB 0x000000072d200000| Untracked |  0
| 238|0x000000072d400000, 0x000000072d400000, 0x000000072d600000|  0%| F|  |TAMS 0x000000072d400000| PB 0x000000072d400000| Untracked |  0
| 239|0x000000072d600000, 0x000000072d600000, 0x000000072d800000|  0%| F|  |TAMS 0x000000072d600000| PB 0x000000072d600000| Untracked |  0
| 240|0x000000072d800000, 0x000000072d800000, 0x000000072da00000|  0%| F|  |TAMS 0x000000072d800000| PB 0x000000072d800000| Untracked |  0
| 241|0x000000072da00000, 0x000000072dc00000, 0x000000072dc00000|100%| S|CS|TAMS 0x000000072da00000| PB 0x000000072da00000| Complete |  0
| 242|0x000000072dc00000, 0x000000072de00000, 0x000000072de00000|100%| S|CS|TAMS 0x000000072dc00000| PB 0x000000072dc00000| Complete |  0
| 243|0x000000072de00000, 0x000000072e000000, 0x000000072e000000|100%| S|CS|TAMS 0x000000072de00000| PB 0x000000072de00000| Complete |  0
| 244|0x000000072e000000, 0x000000072e200000, 0x000000072e200000|100%| S|CS|TAMS 0x000000072e000000| PB 0x000000072e000000| Complete |  0
| 245|0x000000072e200000, 0x000000072e400000, 0x000000072e400000|100%| S|CS|TAMS 0x000000072e200000| PB 0x000000072e200000| Complete |  0
| 246|0x000000072e400000, 0x000000072e400000, 0x000000072e600000|  0%| F|  |TAMS 0x000000072e400000| PB 0x000000072e400000| Untracked |  0
| 247|0x000000072e600000, 0x000000072e600000, 0x000000072e800000|  0%| F|  |TAMS 0x000000072e600000| PB 0x000000072e600000| Untracked |  0
| 248|0x000000072e800000, 0x000000072e800000, 0x000000072ea00000|  0%| F|  |TAMS 0x000000072e800000| PB 0x000000072e800000| Untracked |  0
| 249|0x000000072ea00000, 0x000000072ea00000, 0x000000072ec00000|  0%| F|  |TAMS 0x000000072ea00000| PB 0x000000072ea00000| Untracked |  0
| 250|0x000000072ec00000, 0x000000072ec00000, 0x000000072ee00000|  0%| F|  |TAMS 0x000000072ec00000| PB 0x000000072ec00000| Untracked |  0
| 251|0x000000072ee00000, 0x000000072ee00000, 0x000000072f000000|  0%| F|  |TAMS 0x000000072ee00000| PB 0x000000072ee00000| Untracked |  0
| 252|0x000000072f000000, 0x000000072f000000, 0x000000072f200000|  0%| F|  |TAMS 0x000000072f000000| PB 0x000000072f000000| Untracked |  0
| 253|0x000000072f200000, 0x000000072f200000, 0x000000072f400000|  0%| F|  |TAMS 0x000000072f200000| PB 0x000000072f200000| Untracked |  0
| 254|0x000000072f400000, 0x000000072f400000, 0x000000072f600000|  0%| F|  |TAMS 0x000000072f400000| PB 0x000000072f400000| Untracked |  0
| 255|0x000000072f600000, 0x000000072f600000, 0x000000072f800000|  0%| F|  |TAMS 0x000000072f600000| PB 0x000000072f600000| Untracked |  0
| 256|0x000000072f800000, 0x000000072f800000, 0x000000072fa00000|  0%| F|  |TAMS 0x000000072f800000| PB 0x000000072f800000| Untracked |  0
| 257|0x000000072fa00000, 0x000000072fa00000, 0x000000072fc00000|  0%| F|  |TAMS 0x000000072fa00000| PB 0x000000072fa00000| Untracked |  0
| 258|0x000000072fc00000, 0x000000072fc00000, 0x000000072fe00000|  0%| F|  |TAMS 0x000000072fc00000| PB 0x000000072fc00000| Untracked |  0
| 259|0x000000072fe00000, 0x000000072fe00000, 0x0000000730000000|  0%| F|  |TAMS 0x000000072fe00000| PB 0x000000072fe00000| Untracked |  0
| 260|0x0000000730000000, 0x0000000730000000, 0x0000000730200000|  0%| F|  |TAMS 0x0000000730000000| PB 0x0000000730000000| Untracked |  0
| 261|0x0000000730200000, 0x0000000730200000, 0x0000000730400000|  0%| F|  |TAMS 0x0000000730200000| PB 0x0000000730200000| Untracked |  0
| 262|0x0000000730400000, 0x0000000730400000, 0x0000000730600000|  0%| F|  |TAMS 0x0000000730400000| PB 0x0000000730400000| Untracked |  0
| 263|0x0000000730600000, 0x0000000730600000, 0x0000000730800000|  0%| F|  |TAMS 0x0000000730600000| PB 0x0000000730600000| Untracked |  0
| 264|0x0000000730800000, 0x0000000730800000, 0x0000000730a00000|  0%| F|  |TAMS 0x0000000730800000| PB 0x0000000730800000| Untracked |  0
| 265|0x0000000730a00000, 0x0000000730a00000, 0x0000000730c00000|  0%| F|  |TAMS 0x0000000730a00000| PB 0x0000000730a00000| Untracked |  0
| 266|0x0000000730c00000, 0x0000000730c00000, 0x0000000730e00000|  0%| F|  |TAMS 0x0000000730c00000| PB 0x0000000730c00000| Untracked |  0
| 267|0x0000000730e00000, 0x0000000730e00000, 0x0000000731000000|  0%| F|  |TAMS 0x0000000730e00000| PB 0x0000000730e00000| Untracked |  0
| 268|0x0000000731000000, 0x0000000731000000, 0x0000000731200000|  0%| F|  |TAMS 0x0000000731000000| PB 0x0000000731000000| Untracked |  0
| 269|0x0000000731200000, 0x0000000731200000, 0x0000000731400000|  0%| F|  |TAMS 0x0000000731200000| PB 0x0000000731200000| Untracked |  0
| 270|0x0000000731400000, 0x0000000731400000, 0x0000000731600000|  0%| F|  |TAMS 0x0000000731400000| PB 0x0000000731400000| Untracked |  0
| 271|0x0000000731600000, 0x0000000731600000, 0x0000000731800000|  0%| F|  |TAMS 0x0000000731600000| PB 0x0000000731600000| Untracked |  0
| 272|0x0000000731800000, 0x0000000731800000, 0x0000000731a00000|  0%| F|  |TAMS 0x0000000731800000| PB 0x0000000731800000| Untracked |  0
| 273|0x0000000731a00000, 0x0000000731a00000, 0x0000000731c00000|  0%| F|  |TAMS 0x0000000731a00000| PB 0x0000000731a00000| Untracked |  0
| 274|0x0000000731c00000, 0x0000000731c00000, 0x0000000731e00000|  0%| F|  |TAMS 0x0000000731c00000| PB 0x0000000731c00000| Untracked |  0
| 275|0x0000000731e00000, 0x0000000731e00000, 0x0000000732000000|  0%| F|  |TAMS 0x0000000731e00000| PB 0x0000000731e00000| Untracked |  0
| 276|0x0000000732000000, 0x0000000732000000, 0x0000000732200000|  0%| F|  |TAMS 0x0000000732000000| PB 0x0000000732000000| Untracked |  0
| 277|0x0000000732200000, 0x0000000732200000, 0x0000000732400000|  0%| F|  |TAMS 0x0000000732200000| PB 0x0000000732200000| Untracked |  0
| 278|0x0000000732400000, 0x0000000732400000, 0x0000000732600000|  0%| F|  |TAMS 0x0000000732400000| PB 0x0000000732400000| Untracked |  0
| 279|0x0000000732600000, 0x0000000732600000, 0x0000000732800000|  0%| F|  |TAMS 0x0000000732600000| PB 0x0000000732600000| Untracked |  0
| 280|0x0000000732800000, 0x0000000732800000, 0x0000000732a00000|  0%| F|  |TAMS 0x0000000732800000| PB 0x0000000732800000| Untracked |  0
| 281|0x0000000732a00000, 0x0000000732a00000, 0x0000000732c00000|  0%| F|  |TAMS 0x0000000732a00000| PB 0x0000000732a00000| Untracked |  0
| 282|0x0000000732c00000, 0x0000000732c00000, 0x0000000732e00000|  0%| F|  |TAMS 0x0000000732c00000| PB 0x0000000732c00000| Untracked |  0
| 283|0x0000000732e00000, 0x0000000732e00000, 0x0000000733000000|  0%| F|  |TAMS 0x0000000732e00000| PB 0x0000000732e00000| Untracked |  0
| 284|0x0000000733000000, 0x0000000733000000, 0x0000000733200000|  0%| F|  |TAMS 0x0000000733000000| PB 0x0000000733000000| Untracked |  0
| 285|0x0000000733200000, 0x0000000733200000, 0x0000000733400000|  0%| F|  |TAMS 0x0000000733200000| PB 0x0000000733200000| Untracked |  0
| 286|0x0000000733400000, 0x0000000733400000, 0x0000000733600000|  0%| F|  |TAMS 0x0000000733400000| PB 0x0000000733400000| Untracked |  0
| 287|0x0000000733600000, 0x0000000733600000, 0x0000000733800000|  0%| F|  |TAMS 0x0000000733600000| PB 0x0000000733600000| Untracked |  0
| 288|0x0000000733800000, 0x0000000733800000, 0x0000000733a00000|  0%| F|  |TAMS 0x0000000733800000| PB 0x0000000733800000| Untracked |  0
| 289|0x0000000733a00000, 0x0000000733a00000, 0x0000000733c00000|  0%| F|  |TAMS 0x0000000733a00000| PB 0x0000000733a00000| Untracked |  0
| 290|0x0000000733c00000, 0x0000000733c00000, 0x0000000733e00000|  0%| F|  |TAMS 0x0000000733c00000| PB 0x0000000733c00000| Untracked |  0
| 291|0x0000000733e00000, 0x0000000733e00000, 0x0000000734000000|  0%| F|  |TAMS 0x0000000733e00000| PB 0x0000000733e00000| Untracked |  0
| 292|0x0000000734000000, 0x0000000734000000, 0x0000000734200000|  0%| F|  |TAMS 0x0000000734000000| PB 0x0000000734000000| Untracked |  0
| 293|0x0000000734200000, 0x0000000734200000, 0x0000000734400000|  0%| F|  |TAMS 0x0000000734200000| PB 0x0000000734200000| Untracked |  0
| 294|0x0000000734400000, 0x0000000734400000, 0x0000000734600000|  0%| F|  |TAMS 0x0000000734400000| PB 0x0000000734400000| Untracked |  0
| 295|0x0000000734600000, 0x0000000734600000, 0x0000000734800000|  0%| F|  |TAMS 0x0000000734600000| PB 0x0000000734600000| Untracked |  0
| 296|0x0000000734800000, 0x0000000734800000, 0x0000000734a00000|  0%| F|  |TAMS 0x0000000734800000| PB 0x0000000734800000| Untracked |  0
| 297|0x0000000734a00000, 0x0000000734a00000, 0x0000000734c00000|  0%| F|  |TAMS 0x0000000734a00000| PB 0x0000000734a00000| Untracked |  0
| 298|0x0000000734c00000, 0x0000000734c00000, 0x0000000734e00000|  0%| F|  |TAMS 0x0000000734c00000| PB 0x0000000734c00000| Untracked |  0
| 299|0x0000000734e00000, 0x0000000734e00000, 0x0000000735000000|  0%| F|  |TAMS 0x0000000734e00000| PB 0x0000000734e00000| Untracked |  0
| 300|0x0000000735000000, 0x0000000735000000, 0x0000000735200000|  0%| F|  |TAMS 0x0000000735000000| PB 0x0000000735000000| Untracked |  0
| 301|0x0000000735200000, 0x0000000735200000, 0x0000000735400000|  0%| F|  |TAMS 0x0000000735200000| PB 0x0000000735200000| Untracked |  0
| 302|0x0000000735400000, 0x0000000735400000, 0x0000000735600000|  0%| F|  |TAMS 0x0000000735400000| PB 0x0000000735400000| Untracked |  0
| 303|0x0000000735600000, 0x0000000735600000, 0x0000000735800000|  0%| F|  |TAMS 0x0000000735600000| PB 0x0000000735600000| Untracked |  0
| 304|0x0000000735800000, 0x0000000735800000, 0x0000000735a00000|  0%| F|  |TAMS 0x0000000735800000| PB 0x0000000735800000| Untracked |  0
| 305|0x0000000735a00000, 0x0000000735a00000, 0x0000000735c00000|  0%| F|  |TAMS 0x0000000735a00000| PB 0x0000000735a00000| Untracked |  0
| 306|0x0000000735c00000, 0x0000000735c00000, 0x0000000735e00000|  0%| F|  |TAMS 0x0000000735c00000| PB 0x0000000735c00000| Untracked |  0
| 307|0x0000000735e00000, 0x0000000735e00000, 0x0000000736000000|  0%| F|  |TAMS 0x0000000735e00000| PB 0x0000000735e00000| Untracked |  0
| 308|0x0000000736000000, 0x0000000736000000, 0x0000000736200000|  0%| F|  |TAMS 0x0000000736000000| PB 0x0000000736000000| Untracked |  0
| 309|0x0000000736200000, 0x0000000736200000, 0x0000000736400000|  0%| F|  |TAMS 0x0000000736200000| PB 0x0000000736200000| Untracked |  0
| 310|0x0000000736400000, 0x0000000736400000, 0x0000000736600000|  0%| F|  |TAMS 0x0000000736400000| PB 0x0000000736400000| Untracked |  0
| 311|0x0000000736600000, 0x0000000736600000, 0x0000000736800000|  0%| F|  |TAMS 0x0000000736600000| PB 0x0000000736600000| Untracked |  0
| 312|0x0000000736800000, 0x0000000736800000, 0x0000000736a00000|  0%| F|  |TAMS 0x0000000736800000| PB 0x0000000736800000| Untracked |  0
| 313|0x0000000736a00000, 0x0000000736a00000, 0x0000000736c00000|  0%| F|  |TAMS 0x0000000736a00000| PB 0x0000000736a00000| Untracked |  0
| 314|0x0000000736c00000, 0x0000000736c00000, 0x0000000736e00000|  0%| F|  |TAMS 0x0000000736c00000| PB 0x0000000736c00000| Untracked |  0
| 315|0x0000000736e00000, 0x0000000736e00000, 0x0000000737000000|  0%| F|  |TAMS 0x0000000736e00000| PB 0x0000000736e00000| Untracked |  0
| 316|0x0000000737000000, 0x0000000737000000, 0x0000000737200000|  0%| F|  |TAMS 0x0000000737000000| PB 0x0000000737000000| Untracked |  0
| 317|0x0000000737200000, 0x0000000737200000, 0x0000000737400000|  0%| F|  |TAMS 0x0000000737200000| PB 0x0000000737200000| Untracked |  0
| 318|0x0000000737400000, 0x0000000737400000, 0x0000000737600000|  0%| F|  |TAMS 0x0000000737400000| PB 0x0000000737400000| Untracked |  0
| 319|0x0000000737600000, 0x0000000737600000, 0x0000000737800000|  0%| F|  |TAMS 0x0000000737600000| PB 0x0000000737600000| Untracked |  0
| 320|0x0000000737800000, 0x0000000737800000, 0x0000000737a00000|  0%| F|  |TAMS 0x0000000737800000| PB 0x0000000737800000| Untracked |  0
| 321|0x0000000737a00000, 0x0000000737a00000, 0x0000000737c00000|  0%| F|  |TAMS 0x0000000737a00000| PB 0x0000000737a00000| Untracked |  0
| 322|0x0000000737c00000, 0x0000000737c00000, 0x0000000737e00000|  0%| F|  |TAMS 0x0000000737c00000| PB 0x0000000737c00000| Untracked |  0
| 323|0x0000000737e00000, 0x0000000737e00000, 0x0000000738000000|  0%| F|  |TAMS 0x0000000737e00000| PB 0x0000000737e00000| Untracked |  0
| 324|0x0000000738000000, 0x0000000738000000, 0x0000000738200000|  0%| F|  |TAMS 0x0000000738000000| PB 0x0000000738000000| Untracked |  0
| 325|0x0000000738200000, 0x0000000738200000, 0x0000000738400000|  0%| F|  |TAMS 0x0000000738200000| PB 0x0000000738200000| Untracked |  0
| 326|0x0000000738400000, 0x0000000738400000, 0x0000000738600000|  0%| F|  |TAMS 0x0000000738400000| PB 0x0000000738400000| Untracked |  0
| 327|0x0000000738600000, 0x0000000738600000, 0x0000000738800000|  0%| F|  |TAMS 0x0000000738600000| PB 0x0000000738600000| Untracked |  0
| 328|0x0000000738800000, 0x0000000738800000, 0x0000000738a00000|  0%| F|  |TAMS 0x0000000738800000| PB 0x0000000738800000| Untracked |  0
| 329|0x0000000738a00000, 0x0000000738a00000, 0x0000000738c00000|  0%| F|  |TAMS 0x0000000738a00000| PB 0x0000000738a00000| Untracked |  0
| 330|0x0000000738c00000, 0x0000000738c00000, 0x0000000738e00000|  0%| F|  |TAMS 0x0000000738c00000| PB 0x0000000738c00000| Untracked |  0
| 331|0x0000000738e00000, 0x0000000738e00000, 0x0000000739000000|  0%| F|  |TAMS 0x0000000738e00000| PB 0x0000000738e00000| Untracked |  0
| 332|0x0000000739000000, 0x0000000739000000, 0x0000000739200000|  0%| F|  |TAMS 0x0000000739000000| PB 0x0000000739000000| Untracked |  0
| 333|0x0000000739200000, 0x00000007393c9e58, 0x0000000739400000| 89%| E|  |TAMS 0x0000000739200000| PB 0x0000000739200000| Complete |  0
| 334|0x0000000739400000, 0x0000000739600000, 0x0000000739600000|100%| E|CS|TAMS 0x0000000739400000| PB 0x0000000739400000| Complete |  0
| 335|0x0000000739600000, 0x0000000739800000, 0x0000000739800000|100%| E|CS|TAMS 0x0000000739600000| PB 0x0000000739600000| Complete |  0
| 336|0x0000000739800000, 0x0000000739a00000, 0x0000000739a00000|100%| E|CS|TAMS 0x0000000739800000| PB 0x0000000739800000| Complete |  0
| 337|0x0000000739a00000, 0x0000000739c00000, 0x0000000739c00000|100%| E|CS|TAMS 0x0000000739a00000| PB 0x0000000739a00000| Complete |  0
| 338|0x0000000739c00000, 0x0000000739e00000, 0x0000000739e00000|100%| E|CS|TAMS 0x0000000739c00000| PB 0x0000000739c00000| Complete |  0
| 339|0x0000000739e00000, 0x000000073a000000, 0x000000073a000000|100%| E|CS|TAMS 0x0000000739e00000| PB 0x0000000739e00000| Complete |  0
| 340|0x000000073a000000, 0x000000073a200000, 0x000000073a200000|100%| E|CS|TAMS 0x000000073a000000| PB 0x000000073a000000| Complete |  0
| 341|0x000000073a200000, 0x000000073a400000, 0x000000073a400000|100%| E|  |TAMS 0x000000073a200000| PB 0x000000073a200000| Complete |  0
| 342|0x000000073a400000, 0x000000073a600000, 0x000000073a600000|100%| E|CS|TAMS 0x000000073a400000| PB 0x000000073a400000| Complete |  0
| 343|0x000000073a600000, 0x000000073a800000, 0x000000073a800000|100%| E|CS|TAMS 0x000000073a600000| PB 0x000000073a600000| Complete |  0
| 344|0x000000073a800000, 0x000000073aa00000, 0x000000073aa00000|100%| E|CS|TAMS 0x000000073a800000| PB 0x000000073a800000| Complete |  0
| 345|0x000000073aa00000, 0x000000073ac00000, 0x000000073ac00000|100%| E|CS|TAMS 0x000000073aa00000| PB 0x000000073aa00000| Complete |  0
| 346|0x000000073ac00000, 0x000000073ae00000, 0x000000073ae00000|100%| E|CS|TAMS 0x000000073ac00000| PB 0x000000073ac00000| Complete |  0
| 347|0x000000073ae00000, 0x000000073b000000, 0x000000073b000000|100%| E|CS|TAMS 0x000000073ae00000| PB 0x000000073ae00000| Complete |  0
| 348|0x000000073b000000, 0x000000073b200000, 0x000000073b200000|100%| E|CS|TAMS 0x000000073b000000| PB 0x000000073b000000| Complete |  0
| 349|0x000000073b200000, 0x000000073b400000, 0x000000073b400000|100%| E|CS|TAMS 0x000000073b200000| PB 0x000000073b200000| Complete |  0
| 350|0x000000073b400000, 0x000000073b600000, 0x000000073b600000|100%| E|CS|TAMS 0x000000073b400000| PB 0x000000073b400000| Complete |  0
| 351|0x000000073b600000, 0x000000073b800000, 0x000000073b800000|100%| E|CS|TAMS 0x000000073b600000| PB 0x000000073b600000| Complete |  0
| 352|0x000000073b800000, 0x000000073ba00000, 0x000000073ba00000|100%| E|CS|TAMS 0x000000073b800000| PB 0x000000073b800000| Complete |  0
| 353|0x000000073ba00000, 0x000000073bc00000, 0x000000073bc00000|100%| E|CS|TAMS 0x000000073ba00000| PB 0x000000073ba00000| Complete |  0
| 354|0x000000073bc00000, 0x000000073be00000, 0x000000073be00000|100%| E|CS|TAMS 0x000000073bc00000| PB 0x000000073bc00000| Complete |  0
| 355|0x000000073be00000, 0x000000073c000000, 0x000000073c000000|100%| E|CS|TAMS 0x000000073be00000| PB 0x000000073be00000| Complete |  0
| 356|0x000000073c000000, 0x000000073c200000, 0x000000073c200000|100%| E|CS|TAMS 0x000000073c000000| PB 0x000000073c000000| Complete |  0
| 357|0x000000073c200000, 0x000000073c400000, 0x000000073c400000|100%| E|CS|TAMS 0x000000073c200000| PB 0x000000073c200000| Complete |  0
| 358|0x000000073c400000, 0x000000073c600000, 0x000000073c600000|100%| E|CS|TAMS 0x000000073c400000| PB 0x000000073c400000| Complete |  0
| 359|0x000000073c600000, 0x000000073c800000, 0x000000073c800000|100%| E|CS|TAMS 0x000000073c600000| PB 0x000000073c600000| Complete |  0
| 360|0x000000073c800000, 0x000000073ca00000, 0x000000073ca00000|100%| E|CS|TAMS 0x000000073c800000| PB 0x000000073c800000| Complete |  0
| 361|0x000000073ca00000, 0x000000073cc00000, 0x000000073cc00000|100%| E|CS|TAMS 0x000000073ca00000| PB 0x000000073ca00000| Complete |  0
| 362|0x000000073cc00000, 0x000000073ce00000, 0x000000073ce00000|100%| E|CS|TAMS 0x000000073cc00000| PB 0x000000073cc00000| Complete |  0
| 363|0x000000073ce00000, 0x000000073d000000, 0x000000073d000000|100%| E|CS|TAMS 0x000000073ce00000| PB 0x000000073ce00000| Complete |  0
| 364|0x000000073d000000, 0x000000073d200000, 0x000000073d200000|100%| E|CS|TAMS 0x000000073d000000| PB 0x000000073d000000| Complete |  0
| 365|0x000000073d200000, 0x000000073d400000, 0x000000073d400000|100%| E|CS|TAMS 0x000000073d200000| PB 0x000000073d200000| Complete |  0
| 366|0x000000073d400000, 0x000000073d600000, 0x000000073d600000|100%| E|CS|TAMS 0x000000073d400000| PB 0x000000073d400000| Complete |  0
| 367|0x000000073d600000, 0x000000073d800000, 0x000000073d800000|100%| E|CS|TAMS 0x000000073d600000| PB 0x000000073d600000| Complete |  0
| 368|0x000000073d800000, 0x000000073da00000, 0x000000073da00000|100%| E|CS|TAMS 0x000000073d800000| PB 0x000000073d800000| Complete |  0
| 369|0x000000073da00000, 0x000000073dc00000, 0x000000073dc00000|100%| E|CS|TAMS 0x000000073da00000| PB 0x000000073da00000| Complete |  0
| 370|0x000000073dc00000, 0x000000073de00000, 0x000000073de00000|100%| E|CS|TAMS 0x000000073dc00000| PB 0x000000073dc00000| Complete |  0
| 371|0x000000073de00000, 0x000000073e000000, 0x000000073e000000|100%| E|CS|TAMS 0x000000073de00000| PB 0x000000073de00000| Complete |  0
| 372|0x000000073e000000, 0x000000073e200000, 0x000000073e200000|100%| E|CS|TAMS 0x000000073e000000| PB 0x000000073e000000| Complete |  0
| 373|0x000000073e200000, 0x000000073e400000, 0x000000073e400000|100%| E|CS|TAMS 0x000000073e200000| PB 0x000000073e200000| Complete |  0
| 374|0x000000073e400000, 0x000000073e600000, 0x000000073e600000|100%| E|CS|TAMS 0x000000073e400000| PB 0x000000073e400000| Complete |  0
| 375|0x000000073e600000, 0x000000073e800000, 0x000000073e800000|100%| E|CS|TAMS 0x000000073e600000| PB 0x000000073e600000| Complete |  0
| 376|0x000000073e800000, 0x000000073ea00000, 0x000000073ea00000|100%| E|CS|TAMS 0x000000073e800000| PB 0x000000073e800000| Complete |  0
| 377|0x000000073ea00000, 0x000000073ec00000, 0x000000073ec00000|100%| E|CS|TAMS 0x000000073ea00000| PB 0x000000073ea00000| Complete |  0
| 378|0x000000073ec00000, 0x000000073ee00000, 0x000000073ee00000|100%| E|CS|TAMS 0x000000073ec00000| PB 0x000000073ec00000| Complete |  0
| 379|0x000000073ee00000, 0x000000073f000000, 0x000000073f000000|100%| E|CS|TAMS 0x000000073ee00000| PB 0x000000073ee00000| Complete |  0
| 380|0x000000073f000000, 0x000000073f200000, 0x000000073f200000|100%| E|CS|TAMS 0x000000073f000000| PB 0x000000073f000000| Complete |  0
| 381|0x000000073f200000, 0x000000073f400000, 0x000000073f400000|100%| E|CS|TAMS 0x000000073f200000| PB 0x000000073f200000| Complete |  0
| 382|0x000000073f400000, 0x000000073f600000, 0x000000073f600000|100%| E|CS|TAMS 0x000000073f400000| PB 0x000000073f400000| Complete |  0
| 383|0x000000073f600000, 0x000000073f800000, 0x000000073f800000|100%| E|CS|TAMS 0x000000073f600000| PB 0x000000073f600000| Complete |  0
| 384|0x000000073f800000, 0x000000073fa00000, 0x000000073fa00000|100%| E|CS|TAMS 0x000000073f800000| PB 0x000000073f800000| Complete |  0
| 385|0x000000073fa00000, 0x000000073fc00000, 0x000000073fc00000|100%| E|CS|TAMS 0x000000073fa00000| PB 0x000000073fa00000| Complete |  0
| 386|0x000000073fc00000, 0x000000073fe00000, 0x000000073fe00000|100%| E|CS|TAMS 0x000000073fc00000| PB 0x000000073fc00000| Complete |  0
| 387|0x000000073fe00000, 0x0000000740000000, 0x0000000740000000|100%| E|CS|TAMS 0x000000073fe00000| PB 0x000000073fe00000| Complete |  0
| 388|0x0000000740000000, 0x0000000740200000, 0x0000000740200000|100%| E|CS|TAMS 0x0000000740000000| PB 0x0000000740000000| Complete |  0
| 389|0x0000000740200000, 0x0000000740400000, 0x0000000740400000|100%| E|CS|TAMS 0x0000000740200000| PB 0x0000000740200000| Complete |  0
| 390|0x0000000740400000, 0x0000000740600000, 0x0000000740600000|100%| E|CS|TAMS 0x0000000740400000| PB 0x0000000740400000| Complete |  0
| 391|0x0000000740600000, 0x0000000740800000, 0x0000000740800000|100%| E|CS|TAMS 0x0000000740600000| PB 0x0000000740600000| Complete |  0
| 392|0x0000000740800000, 0x0000000740a00000, 0x0000000740a00000|100%| E|CS|TAMS 0x0000000740800000| PB 0x0000000740800000| Complete |  0
| 393|0x0000000740a00000, 0x0000000740c00000, 0x0000000740c00000|100%| E|CS|TAMS 0x0000000740a00000| PB 0x0000000740a00000| Complete |  0
| 394|0x0000000740c00000, 0x0000000740e00000, 0x0000000740e00000|100%| E|CS|TAMS 0x0000000740c00000| PB 0x0000000740c00000| Complete |  0
| 395|0x0000000740e00000, 0x0000000741000000, 0x0000000741000000|100%| E|CS|TAMS 0x0000000740e00000| PB 0x0000000740e00000| Complete |  0
| 396|0x0000000741000000, 0x0000000741200000, 0x0000000741200000|100%| E|CS|TAMS 0x0000000741000000| PB 0x0000000741000000| Complete |  0
| 397|0x0000000741200000, 0x0000000741400000, 0x0000000741400000|100%| E|CS|TAMS 0x0000000741200000| PB 0x0000000741200000| Complete |  0
| 398|0x0000000741400000, 0x0000000741600000, 0x0000000741600000|100%| E|CS|TAMS 0x0000000741400000| PB 0x0000000741400000| Complete |  0
| 399|0x0000000741600000, 0x0000000741800000, 0x0000000741800000|100%| E|CS|TAMS 0x0000000741600000| PB 0x0000000741600000| Complete |  0
| 400|0x0000000741800000, 0x0000000741a00000, 0x0000000741a00000|100%| E|CS|TAMS 0x0000000741800000| PB 0x0000000741800000| Complete |  0
| 401|0x0000000741a00000, 0x0000000741c00000, 0x0000000741c00000|100%| E|CS|TAMS 0x0000000741a00000| PB 0x0000000741a00000| Complete |  0
| 402|0x0000000741c00000, 0x0000000741e00000, 0x0000000741e00000|100%| E|CS|TAMS 0x0000000741c00000| PB 0x0000000741c00000| Complete |  0
| 403|0x0000000741e00000, 0x0000000742000000, 0x0000000742000000|100%| E|CS|TAMS 0x0000000741e00000| PB 0x0000000741e00000| Complete |  0
| 404|0x0000000742000000, 0x0000000742200000, 0x0000000742200000|100%| E|CS|TAMS 0x0000000742000000| PB 0x0000000742000000| Complete |  0
| 405|0x0000000742200000, 0x0000000742400000, 0x0000000742400000|100%| E|CS|TAMS 0x0000000742200000| PB 0x0000000742200000| Complete |  0
| 406|0x0000000742400000, 0x0000000742600000, 0x0000000742600000|100%| E|CS|TAMS 0x0000000742400000| PB 0x0000000742400000| Complete |  0
| 407|0x0000000742600000, 0x0000000742800000, 0x0000000742800000|100%| E|CS|TAMS 0x0000000742600000| PB 0x0000000742600000| Complete |  0
| 408|0x0000000742800000, 0x0000000742a00000, 0x0000000742a00000|100%| E|CS|TAMS 0x0000000742800000| PB 0x0000000742800000| Complete |  0
| 409|0x0000000742a00000, 0x0000000742c00000, 0x0000000742c00000|100%| E|CS|TAMS 0x0000000742a00000| PB 0x0000000742a00000| Complete |  0
| 410|0x0000000742c00000, 0x0000000742e00000, 0x0000000742e00000|100%| E|CS|TAMS 0x0000000742c00000| PB 0x0000000742c00000| Complete |  0
| 411|0x0000000742e00000, 0x0000000743000000, 0x0000000743000000|100%| E|CS|TAMS 0x0000000742e00000| PB 0x0000000742e00000| Complete |  0
| 412|0x0000000743000000, 0x0000000743200000, 0x0000000743200000|100%| E|CS|TAMS 0x0000000743000000| PB 0x0000000743000000| Complete |  0
| 413|0x0000000743200000, 0x0000000743400000, 0x0000000743400000|100%| E|CS|TAMS 0x0000000743200000| PB 0x0000000743200000| Complete |  0
| 414|0x0000000743400000, 0x0000000743600000, 0x0000000743600000|100%| E|CS|TAMS 0x0000000743400000| PB 0x0000000743400000| Complete |  0
| 415|0x0000000743600000, 0x0000000743800000, 0x0000000743800000|100%| E|CS|TAMS 0x0000000743600000| PB 0x0000000743600000| Complete |  0
| 416|0x0000000743800000, 0x0000000743a00000, 0x0000000743a00000|100%| E|CS|TAMS 0x0000000743800000| PB 0x0000000743800000| Complete |  0
| 417|0x0000000743a00000, 0x0000000743c00000, 0x0000000743c00000|100%| E|CS|TAMS 0x0000000743a00000| PB 0x0000000743a00000| Complete |  0
| 418|0x0000000743c00000, 0x0000000743e00000, 0x0000000743e00000|100%| E|CS|TAMS 0x0000000743c00000| PB 0x0000000743c00000| Complete |  0
| 419|0x0000000743e00000, 0x0000000744000000, 0x0000000744000000|100%| E|CS|TAMS 0x0000000743e00000| PB 0x0000000743e00000| Complete |  0
| 420|0x0000000744000000, 0x0000000744200000, 0x0000000744200000|100%| E|CS|TAMS 0x0000000744000000| PB 0x0000000744000000| Complete |  0
| 421|0x0000000744200000, 0x0000000744400000, 0x0000000744400000|100%| E|CS|TAMS 0x0000000744200000| PB 0x0000000744200000| Complete |  0
| 422|0x0000000744400000, 0x0000000744600000, 0x0000000744600000|100%| E|CS|TAMS 0x0000000744400000| PB 0x0000000744400000| Complete |  0
| 423|0x0000000744600000, 0x0000000744800000, 0x0000000744800000|100%| E|CS|TAMS 0x0000000744600000| PB 0x0000000744600000| Complete |  0
| 424|0x0000000744800000, 0x0000000744a00000, 0x0000000744a00000|100%| E|CS|TAMS 0x0000000744800000| PB 0x0000000744800000| Complete |  0
| 425|0x0000000744a00000, 0x0000000744c00000, 0x0000000744c00000|100%| E|CS|TAMS 0x0000000744a00000| PB 0x0000000744a00000| Complete |  0
| 426|0x0000000744c00000, 0x0000000744e00000, 0x0000000744e00000|100%| E|CS|TAMS 0x0000000744c00000| PB 0x0000000744c00000| Complete |  0
| 427|0x0000000744e00000, 0x0000000745000000, 0x0000000745000000|100%| E|CS|TAMS 0x0000000744e00000| PB 0x0000000744e00000| Complete |  0
| 428|0x0000000745000000, 0x0000000745200000, 0x0000000745200000|100%| E|CS|TAMS 0x0000000745000000| PB 0x0000000745000000| Complete |  0
| 429|0x0000000745200000, 0x0000000745400000, 0x0000000745400000|100%| E|CS|TAMS 0x0000000745200000| PB 0x0000000745200000| Complete |  0
| 430|0x0000000745400000, 0x0000000745600000, 0x0000000745600000|100%| E|CS|TAMS 0x0000000745400000| PB 0x0000000745400000| Complete |  0
| 431|0x0000000745600000, 0x0000000745800000, 0x0000000745800000|100%| E|CS|TAMS 0x0000000745600000| PB 0x0000000745600000| Complete |  0
| 432|0x0000000745800000, 0x0000000745a00000, 0x0000000745a00000|100%| E|CS|TAMS 0x0000000745800000| PB 0x0000000745800000| Complete |  0
| 433|0x0000000745a00000, 0x0000000745c00000, 0x0000000745c00000|100%| E|CS|TAMS 0x0000000745a00000| PB 0x0000000745a00000| Complete |  0
| 434|0x0000000745c00000, 0x0000000745e00000, 0x0000000745e00000|100%| E|CS|TAMS 0x0000000745c00000| PB 0x0000000745c00000| Complete |  0
| 435|0x0000000745e00000, 0x0000000746000000, 0x0000000746000000|100%| E|CS|TAMS 0x0000000745e00000| PB 0x0000000745e00000| Complete |  0
| 436|0x0000000746000000, 0x0000000746200000, 0x0000000746200000|100%| E|CS|TAMS 0x0000000746000000| PB 0x0000000746000000| Complete |  0
| 437|0x0000000746200000, 0x0000000746400000, 0x0000000746400000|100%| E|CS|TAMS 0x0000000746200000| PB 0x0000000746200000| Complete |  0
| 438|0x0000000746400000, 0x0000000746600000, 0x0000000746600000|100%| E|CS|TAMS 0x0000000746400000| PB 0x0000000746400000| Complete |  0
| 439|0x0000000746600000, 0x0000000746800000, 0x0000000746800000|100%| E|CS|TAMS 0x0000000746600000| PB 0x0000000746600000| Complete |  0
| 440|0x0000000746800000, 0x0000000746a00000, 0x0000000746a00000|100%| E|CS|TAMS 0x0000000746800000| PB 0x0000000746800000| Complete |  0
| 441|0x0000000746a00000, 0x0000000746c00000, 0x0000000746c00000|100%| E|CS|TAMS 0x0000000746a00000| PB 0x0000000746a00000| Complete |  0
| 442|0x0000000746c00000, 0x0000000746e00000, 0x0000000746e00000|100%| E|CS|TAMS 0x0000000746c00000| PB 0x0000000746c00000| Complete |  0
| 443|0x0000000746e00000, 0x0000000747000000, 0x0000000747000000|100%| E|CS|TAMS 0x0000000746e00000| PB 0x0000000746e00000| Complete |  0
| 444|0x0000000747000000, 0x0000000747200000, 0x0000000747200000|100%| E|CS|TAMS 0x0000000747000000| PB 0x0000000747000000| Complete |  0
| 445|0x0000000747200000, 0x0000000747400000, 0x0000000747400000|100%| E|CS|TAMS 0x0000000747200000| PB 0x0000000747200000| Complete |  0
| 446|0x0000000747400000, 0x0000000747600000, 0x0000000747600000|100%| E|CS|TAMS 0x0000000747400000| PB 0x0000000747400000| Complete |  0
| 447|0x0000000747600000, 0x0000000747800000, 0x0000000747800000|100%| E|CS|TAMS 0x0000000747600000| PB 0x0000000747600000| Complete |  0
| 448|0x0000000747800000, 0x0000000747a00000, 0x0000000747a00000|100%| E|CS|TAMS 0x0000000747800000| PB 0x0000000747800000| Complete |  0
| 449|0x0000000747a00000, 0x0000000747c00000, 0x0000000747c00000|100%| E|CS|TAMS 0x0000000747a00000| PB 0x0000000747a00000| Complete |  0
| 450|0x0000000747c00000, 0x0000000747e00000, 0x0000000747e00000|100%| E|CS|TAMS 0x0000000747c00000| PB 0x0000000747c00000| Complete |  0
| 451|0x0000000747e00000, 0x0000000748000000, 0x0000000748000000|100%| E|CS|TAMS 0x0000000747e00000| PB 0x0000000747e00000| Complete |  0
| 452|0x0000000748000000, 0x0000000748200000, 0x0000000748200000|100%| S|CS|TAMS 0x0000000748000000| PB 0x0000000748000000| Complete |  0
| 453|0x0000000748200000, 0x0000000748400000, 0x0000000748400000|100%| S|CS|TAMS 0x0000000748200000| PB 0x0000000748200000| Complete |  0
| 454|0x0000000748400000, 0x0000000748600000, 0x0000000748600000|100%| S|CS|TAMS 0x0000000748400000| PB 0x0000000748400000| Complete |  0
| 455|0x0000000748600000, 0x0000000748800000, 0x0000000748800000|100%| S|CS|TAMS 0x0000000748600000| PB 0x0000000748600000| Complete |  0
| 456|0x0000000748800000, 0x0000000748a00000, 0x0000000748a00000|100%| S|CS|TAMS 0x0000000748800000| PB 0x0000000748800000| Complete |  0
| 457|0x0000000748a00000, 0x0000000748c00000, 0x0000000748c00000|100%| S|CS|TAMS 0x0000000748a00000| PB 0x0000000748a00000| Complete |  0
| 458|0x0000000748c00000, 0x0000000748e00000, 0x0000000748e00000|100%| S|CS|TAMS 0x0000000748c00000| PB 0x0000000748c00000| Complete |  0
| 459|0x0000000748e00000, 0x0000000749000000, 0x0000000749000000|100%| S|CS|TAMS 0x0000000748e00000| PB 0x0000000748e00000| Complete |  0
| 460|0x0000000749000000, 0x0000000749200000, 0x0000000749200000|100%| S|CS|TAMS 0x0000000749000000| PB 0x0000000749000000| Complete |  0
| 461|0x0000000749200000, 0x0000000749400000, 0x0000000749400000|100%| S|CS|TAMS 0x0000000749200000| PB 0x0000000749200000| Complete |  0
| 462|0x0000000749400000, 0x0000000749600000, 0x0000000749600000|100%| S|CS|TAMS 0x0000000749400000| PB 0x0000000749400000| Complete |  0
| 463|0x0000000749600000, 0x0000000749800000, 0x0000000749800000|100%| S|CS|TAMS 0x0000000749600000| PB 0x0000000749600000| Complete |  0
| 464|0x0000000749800000, 0x0000000749a00000, 0x0000000749a00000|100%| S|CS|TAMS 0x0000000749800000| PB 0x0000000749800000| Complete |  0
| 465|0x0000000749a00000, 0x0000000749c00000, 0x0000000749c00000|100%| S|CS|TAMS 0x0000000749a00000| PB 0x0000000749a00000| Complete |  0
| 466|0x0000000749c00000, 0x0000000749e00000, 0x0000000749e00000|100%| S|CS|TAMS 0x0000000749c00000| PB 0x0000000749c00000| Complete |  0
| 467|0x0000000749e00000, 0x000000074a000000, 0x000000074a000000|100%| S|CS|TAMS 0x0000000749e00000| PB 0x0000000749e00000| Complete |  0
| 468|0x000000074a000000, 0x000000074a200000, 0x000000074a200000|100%| S|CS|TAMS 0x000000074a000000| PB 0x000000074a000000| Complete |  0
| 469|0x000000074a200000, 0x000000074a400000, 0x000000074a400000|100%| S|CS|TAMS 0x000000074a200000| PB 0x000000074a200000| Complete |  0
| 470|0x000000074a400000, 0x000000074a600000, 0x000000074a600000|100%| S|CS|TAMS 0x000000074a400000| PB 0x000000074a400000| Complete |  0
| 471|0x000000074a600000, 0x000000074a800000, 0x000000074a800000|100%| S|CS|TAMS 0x000000074a600000| PB 0x000000074a600000| Complete |  0
| 472|0x000000074a800000, 0x000000074aa00000, 0x000000074aa00000|100%| S|CS|TAMS 0x000000074a800000| PB 0x000000074a800000| Complete |  0
| 473|0x000000074aa00000, 0x000000074ac00000, 0x000000074ac00000|100%| S|CS|TAMS 0x000000074aa00000| PB 0x000000074aa00000| Complete |  0
|1889|0x00000007fba00000, 0x00000007fba9dc60, 0x00000007fbc00000| 30%| O|  |TAMS 0x00000007fba00000| PB 0x00000007fba00000| Untracked |  0
|1890|0x00000007fbc00000, 0x00000007fbe00000, 0x00000007fbe00000|100%| O|  |TAMS 0x00000007fbc00000| PB 0x00000007fbc00000| Untracked |  0
|1891|0x00000007fbe00000, 0x00000007fc000000, 0x00000007fc000000|100%| O|  |TAMS 0x00000007fbe00000| PB 0x00000007fbe00000| Untracked |  0
|1892|0x00000007fc000000, 0x00000007fc200000, 0x00000007fc200000|100%| O|  |TAMS 0x00000007fc000000| PB 0x00000007fc000000| Untracked |  0
|1893|0x00000007fc200000, 0x00000007fc400000, 0x00000007fc400000|100%| O|  |TAMS 0x00000007fc200000| PB 0x00000007fc200000| Untracked |  0
|1894|0x00000007fc400000, 0x00000007fc600000, 0x00000007fc600000|100%| O|  |TAMS 0x00000007fc400000| PB 0x00000007fc400000| Untracked |  0
|1895|0x00000007fc600000, 0x00000007fc800000, 0x00000007fc800000|100%| O|  |TAMS 0x00000007fc600000| PB 0x00000007fc600000| Untracked |  0
|1896|0x00000007fc800000, 0x00000007fca00000, 0x00000007fca00000|100%| O|  |TAMS 0x00000007fc800000| PB 0x00000007fc800000| Untracked |  0
|1897|0x00000007fca00000, 0x00000007fcc00000, 0x00000007fcc00000|100%| O|  |TAMS 0x00000007fca00000| PB 0x00000007fca00000| Untracked |  0
|1898|0x00000007fcc00000, 0x00000007fce00000, 0x00000007fce00000|100%| O|  |TAMS 0x00000007fcc00000| PB 0x00000007fcc00000| Untracked |  0
|1899|0x00000007fce00000, 0x00000007fd000000, 0x00000007fd000000|100%| O|  |TAMS 0x00000007fce00000| PB 0x00000007fce00000| Untracked |  0
|1900|0x00000007fd000000, 0x00000007fd200000, 0x00000007fd200000|100%| O|  |TAMS 0x00000007fd000000| PB 0x00000007fd000000| Untracked |  0
|1901|0x00000007fd200000, 0x00000007fd400000, 0x00000007fd400000|100%| O|  |TAMS 0x00000007fd200000| PB 0x00000007fd200000| Untracked |  0
|1902|0x00000007fd400000, 0x00000007fd600000, 0x00000007fd600000|100%| E|CS|TAMS 0x00000007fd400000| PB 0x00000007fd400000| Complete |  0
|1903|0x00000007fd600000, 0x00000007fd800000, 0x00000007fd800000|100%| E|CS|TAMS 0x00000007fd600000| PB 0x00000007fd600000| Complete |  0
|1904|0x00000007fd800000, 0x00000007fda00000, 0x00000007fda00000|100%| O|  |TAMS 0x00000007fd800000| PB 0x00000007fd800000| Untracked |  0
|1905|0x00000007fda00000, 0x00000007fdc00000, 0x00000007fdc00000|100%| E|CS|TAMS 0x00000007fda00000| PB 0x00000007fda00000| Complete |  0
|1906|0x00000007fdc00000, 0x00000007fde00000, 0x00000007fde00000|100%| E|CS|TAMS 0x00000007fdc00000| PB 0x00000007fdc00000| Complete |  0
|1907|0x00000007fde00000, 0x00000007fe000000, 0x00000007fe000000|100%| E|CS|TAMS 0x00000007fde00000| PB 0x00000007fde00000| Complete |  0
|1908|0x00000007fe000000, 0x00000007fe200000, 0x00000007fe200000|100%| E|CS|TAMS 0x00000007fe000000| PB 0x00000007fe000000| Complete |  0
|1909|0x00000007fe200000, 0x00000007fe400000, 0x00000007fe400000|100%| E|CS|TAMS 0x00000007fe200000| PB 0x00000007fe200000| Complete |  0
|1910|0x00000007fe400000, 0x00000007fe600000, 0x00000007fe600000|100%| E|CS|TAMS 0x00000007fe400000| PB 0x00000007fe400000| Complete |  0
|1911|0x00000007fe600000, 0x00000007fe800000, 0x00000007fe800000|100%| E|CS|TAMS 0x00000007fe600000| PB 0x00000007fe600000| Complete |  0
|1912|0x00000007fe800000, 0x00000007fea00000, 0x00000007fea00000|100%| E|CS|TAMS 0x00000007fe800000| PB 0x00000007fe800000| Complete |  0
|1913|0x00000007fea00000, 0x00000007fec00000, 0x00000007fec00000|100%| E|CS|TAMS 0x00000007fea00000| PB 0x00000007fea00000| Complete |  0
|1914|0x00000007fec00000, 0x00000007fee00000, 0x00000007fee00000|100%| E|CS|TAMS 0x00000007fec00000| PB 0x00000007fec00000| Complete |  0
|1915|0x00000007fee00000, 0x00000007ff000000, 0x00000007ff000000|100%| E|CS|TAMS 0x00000007fee00000| PB 0x00000007fee00000| Complete |  0
|1916|0x00000007ff000000, 0x00000007ff200000, 0x00000007ff200000|100%| E|CS|TAMS 0x00000007ff000000| PB 0x00000007ff000000| Complete |  0
|1917|0x00000007ff200000, 0x00000007ff400000, 0x00000007ff400000|100%| O|  |TAMS 0x00000007ff200000| PB 0x00000007ff200000| Untracked |  0
|1918|0x00000007ff400000, 0x00000007ff600000, 0x00000007ff600000|100%| E|CS|TAMS 0x00000007ff400000| PB 0x00000007ff400000| Complete |  0
|1919|0x00000007ff600000, 0x00000007ff800000, 0x00000007ff800000|100%| E|CS|TAMS 0x00000007ff600000| PB 0x00000007ff600000| Complete |  0
|1920|0x00000007ff800000, 0x00000007ffa00000, 0x00000007ffa00000|100%| O|  |TAMS 0x00000007ff800000| PB 0x00000007ff800000| Untracked |  0
|1921|0x00000007ffa00000, 0x00000007ffc00000, 0x00000007ffc00000|100%| O|  |TAMS 0x00000007ffa00000| PB 0x00000007ffa00000| Untracked |  0
|1922|0x00000007ffc00000, 0x00000007ffe00000, 0x00000007ffe00000|100%| O|  |TAMS 0x00000007ffc00000| PB 0x00000007ffc00000| Untracked |  0
|1923|0x00000007ffe00000, 0x0000000800000000, 0x0000000800000000|100%| E|CS|TAMS 0x00000007ffe00000| PB 0x00000007ffe00000| Complete |  0

Card table byte_map: [0x0000ffff31b38000,0x0000ffff322bc000] _byte_map_base: 0x0000ffff2e2bc000

Marking Bits: (CMBitMap*) 0x0000ffff2c187510
 Bits: [0x0000ffff153dc000, 0x0000ffff18ffc000)

Polling page: 0x0000ffff351b8000

Metaspace:
Metaspace        used 143114K, committed 144896K, reserved 1179648K
 class space     used 24660K, committed 25408K, reserved 1048576K

Usage:
  Non-class:    115.68 MB used.
      Class:     24.08 MB used.
       Both:    139.76 MB used.

Virtual space:
  Non-class space:      128.00 MB reserved,     116.69 MB ( 91%) committed,  2 nodes.
      Class space:        1.00 GB reserved,      24.81 MB (  2%) committed,  1 nodes.
             Both:        1.12 GB reserved,     141.50 MB ( 12%) committed. 

Chunk freelists:
   Non-Class:  11.06 MB
       Class:  7.05 MB
        Both:  18.11 MB

MaxMetaspaceSize: unlimited
CompressedClassSpaceSize: 1.00 GB
Initial GC threshold: 21.00 MB
Current GC threshold: 235.56 MB
CDS: on
 - commit_granule_bytes: 65536.
 - commit_granule_words: 8192.
 - virtual_space_node_default_size: 8388608.
 - enlarge_chunks_in_place: 1.
UseCompressedClassPointers 1, UseCompactObjectHeaders 0
Narrow klass pointer bits 32, Max shift 3
Narrow klass base: 0x0000300000000000, Narrow klass shift: 0
Encoding Range: [0x0000300000000000 - 0x0000300100000000), (4294967296 bytes)
Klass Range:    [0x0000300000010000 - 0x0000300042000000), (1107230720 bytes)
Klass ID Range:  [65536 - 1107296249) (1107230713)
Protection zone: [0x0000300000000000 - 0x0000300000010000), (65536 bytes)


Internal statistics:

num_allocs_failed_limit: 47.
num_arena_births: 3004.
num_arena_deaths: 54.
num_vsnodes_births: 3.
num_vsnodes_deaths: 0.
num_space_committed: 2259.
num_space_uncommitted: 0.
num_chunks_returned_to_freelist: 118.
num_chunks_taken_from_freelist: 9498.
num_chunk_merges: 64.
num_chunk_splits: 6320.
num_chunks_enlarged: 4713.
num_inconsistent_stats: 0.

CodeHeap 'non-profiled nmethods': size=120032Kb used=15218Kb max_used=15254Kb free=104813Kb
 bounds [0x0000ffff20ac8000, 0x0000ffff219b8000, 0x0000ffff28000000]
CodeHeap 'profiled nmethods': size=120032Kb used=26863Kb max_used=27930Kb free=93168Kb
 bounds [0x0000ffff18ffc000, 0x0000ffff1ab7c000, 0x0000ffff20534000]
CodeHeap 'non-nmethods': size=5712Kb used=3328Kb max_used=3558Kb free=2383Kb
 bounds [0x0000ffff20534000, 0x0000ffff208e4000, 0x0000ffff20ac8000]
CodeCache: size=245776Kb, used=45409Kb, max_used=46742Kb, free=200364Kb
 total_blobs=25017, nmethods=22207, adapters=2665, full_count=0
Compilation: enabled, stopped_count=0, restarted_count=0

Compilation events (20 events):
Event: 57.837 Thread 0x0000ffff2c222c50 nmethod 34832 0x0000ffff1a975108 code [0x0000ffff1a975200, 0x0000ffff1a9753a8]
Event: 57.839 Thread 0x0000ffff2c222c50 34833       3       com.mojang.blaze3d.opengl.GlProgram$$Lambda/0x000030000327b380::accept (10 bytes)
Event: 57.839 Thread 0x0000ffff2c222c50 nmethod 34833 0x0000ffff1a1d9708 code [0x0000ffff1a1d9800, 0x0000ffff1a1d9ae0]
Event: 57.839 Thread 0x0000ffff2c222c50 34834       3       com.mojang.blaze3d.opengl.Uniform::close (1 bytes)
Event: 57.839 Thread 0x0000ffff2c222c50 nmethod 34834 0x0000ffff19c16748 code [0x0000ffff19c16840, 0x0000ffff19c16960]
Event: 57.913 Thread 0x0000ffff2c222c50 34835       1       java.util.concurrent.CopyOnWriteArrayList::getArray (5 bytes)
Event: 57.913 Thread 0x0000ffff2c222c50 nmethod 34835 0x0000ffff210de088 code [0x0000ffff210de180, 0x0000ffff210de268]
Event: 57.913 Thread 0x0000ffff2c222c50 34836       3       java.lang.Character::toUpperCase (9 bytes)
Event: 57.913 Thread 0x0000ffff2c222c50 nmethod 34836 0x0000ffff1a307fc8 code [0x0000ffff1a3080c0, 0x0000ffff1a3082e8]
Event: 57.914 Thread 0x0000ffff2c222c50 34837       3       org.apache.logging.log4j.core.util.internal.InternalLoggerRegistry$$Lambda/0x0000300002119ee8::apply (8 bytes)
Event: 57.914 Thread 0x0000ffff2c222c50 nmethod 34837 0x0000ffff19173f88 code [0x0000ffff19174080, 0x0000ffff19174828]
Event: 57.914 Thread 0x0000ffff2c222c50 34838       3       org.apache.logging.log4j.core.util.internal.InternalLoggerRegistry::lambda$getLoggers$2 (23 bytes)
Event: 57.914 Thread 0x0000ffff2c222c50 nmethod 34838 0x0000ffff192b41c8 code [0x0000ffff192b42c0, 0x0000ffff192b4900]
Event: 57.914 Thread 0x0000ffff2c222c50 34839       3       org.apache.logging.log4j.core.Logger$PrivateConfig::<init> (67 bytes)
Event: 57.915 Thread 0x0000ffff2c222c50 nmethod 34839 0x0000ffff19a59448 code [0x0000ffff19a59540, 0x0000ffff19a59dd0]
Event: 57.915 Thread 0x0000ffff2c222c50 34840       3       org.apache.logging.log4j.core.config.LoggerConfig::getLevel (35 bytes)
Event: 57.915 Thread 0x0000ffff2c222c50 nmethod 34840 0x0000ffff1a52a8c8 code [0x0000ffff1a52a9c0, 0x0000ffff1a52ae08]
Event: 57.915 Thread 0x0000ffff2c222c50 34841       3       org.apache.logging.log4j.core.LoggerContext$$Lambda/0x000030000211a168::accept (12 bytes)
Event: 57.915 Thread 0x0000ffff2c222c50 nmethod 34841 0x0000ffff1a1cf948 code [0x0000ffff1a1cfa40, 0x0000ffff1a1cfd08]
Event: 57.915 Thread 0x0000ffff2c222c50 34842       3       org.apache.logging.log4j.core.LoggerContext::lambda$updateLoggers$3 (6 bytes)

GC Heap Usage History (20 events):
Event: 47.883 {heap Before GC invocations=74 (full 0):
 garbage-first heap   total reserved 3940352K, committed 935936K, used 882158K [0x000000070f800000, 0x0000000800000000)
  region size 2048K, 244 young (499712K), 19 survivors (38912K)
}
Event: 47.904 {heap After GC invocations=75 (full 0):
 garbage-first heap   total reserved 3940352K, committed 940032K, used 419334K [0x000000070f800000, 0x0000000800000000)
  region size 2048K, 17 young (34816K), 17 survivors (34816K)
}
Event: 48.942 {heap Before GC invocations=75 (full 0):
 garbage-first heap   total reserved 3940352K, committed 940032K, used 888326K [0x000000070f800000, 0x0000000800000000)
  region size 2048K, 247 young (505856K), 17 survivors (34816K)
}
Event: 48.953 {heap After GC invocations=76 (full 0):
 garbage-first heap   total reserved 3940352K, committed 940032K, used 429809K [0x000000070f800000, 0x0000000800000000)
  region size 2048K, 19 young (38912K), 19 survivors (38912K)
}
Event: 49.834 {heap Before GC invocations=77 (full 0):
 garbage-first heap   total reserved 3940352K, committed 940032K, used 888561K [0x000000070f800000, 0x0000000800000000)
  region size 2048K, 243 young (497664K), 19 survivors (38912K)
}
Event: 49.861 {heap After GC invocations=78 (full 0):
 garbage-first heap   total reserved 3940352K, committed 940032K, used 437637K [0x000000070f800000, 0x0000000800000000)
  region size 2048K, 16 young (32768K), 16 survivors (32768K)
}
Event: 50.723 {heap Before GC invocations=78 (full 0):
 garbage-first heap   total reserved 3940352K, committed 940032K, used 886149K [0x000000070f800000, 0x0000000800000000)
  region size 2048K, 236 young (483328K), 16 survivors (32768K)
}
Event: 50.741 {heap After GC invocations=79 (full 0):
 garbage-first heap   total reserved 3940352K, committed 944128K, used 439296K [0x000000070f800000, 0x0000000800000000)
  region size 2048K, 22 young (45056K), 22 survivors (45056K)
}
Event: 51.592 {heap Before GC invocations=79 (full 0):
 garbage-first heap   total reserved 3940352K, committed 944128K, used 893952K [0x000000070f800000, 0x0000000800000000)
  region size 2048K, 244 young (499712K), 22 survivors (45056K)
}
Event: 51.612 {heap After GC invocations=80 (full 0):
 garbage-first heap   total reserved 3940352K, committed 950272K, used 449331K [0x000000070f800000, 0x0000000800000000)
  region size 2048K, 21 young (43008K), 21 survivors (43008K)
}
Event: 52.781 {heap Before GC invocations=81 (full 0):
 garbage-first heap   total reserved 3940352K, committed 950272K, used 897843K [0x000000070f800000, 0x0000000800000000)
  region size 2048K, 241 young (493568K), 21 survivors (43008K)
}
Event: 52.809 {heap After GC invocations=82 (full 0):
 garbage-first heap   total reserved 3940352K, committed 954368K, used 459676K [0x000000070f800000, 0x0000000800000000)
  region size 2048K, 21 young (43008K), 21 survivors (43008K)
}
Event: 53.843 {heap Before GC invocations=82 (full 0):
 garbage-first heap   total reserved 3940352K, committed 954368K, used 904092K [0x000000070f800000, 0x0000000800000000)
  region size 2048K, 238 young (487424K), 21 survivors (43008K)
}
Event: 53.851 {heap After GC invocations=83 (full 0):
 garbage-first heap   total reserved 3940352K, committed 970752K, used 459991K [0x000000070f800000, 0x0000000800000000)
  region size 2048K, 16 young (32768K), 16 survivors (32768K)
}
Event: 54.948 {heap Before GC invocations=83 (full 0):
 garbage-first heap   total reserved 3940352K, committed 970752K, used 916695K [0x000000070f800000, 0x0000000800000000)
  region size 2048K, 239 young (489472K), 16 survivors (32768K)
}
Event: 54.978 {heap After GC invocations=84 (full 0):
 garbage-first heap   total reserved 3940352K, committed 970752K, used 467007K [0x000000070f800000, 0x0000000800000000)
  region size 2048K, 19 young (38912K), 19 survivors (38912K)
}
Event: 55.409 {heap Before GC invocations=85 (full 0):
 garbage-first heap   total reserved 3940352K, committed 970752K, used 915519K [0x000000070f800000, 0x0000000800000000)
  region size 2048K, 239 young (489472K), 19 survivors (38912K)
}
Event: 55.418 {heap After GC invocations=86 (full 0):
 garbage-first heap   total reserved 3940352K, committed 983040K, used 491917K [0x000000070f800000, 0x0000000800000000)
  region size 2048K, 27 young (55296K), 27 survivors (55296K)
}
Event: 55.451 {heap Before GC invocations=86 (full 0):
 garbage-first heap   total reserved 3940352K, committed 983040K, used 930189K [0x000000070f800000, 0x0000000800000000)
  region size 2048K, 242 young (495616K), 27 survivors (55296K)
}
Event: 55.467 {heap After GC invocations=87 (full 0):
 garbage-first heap   total reserved 3940352K, committed 1042432K, used 516727K [0x000000070f800000, 0x0000000800000000)
  region size 2048K, 31 young (63488K), 31 survivors (63488K)
}

Metaspace Usage History (20 events):
Event: 47.883 {metaspace Before GC invocations=74 (full 0):
 Metaspace       used 142743K, committed 144448K, reserved 1179648K
  class space    used 24624K, committed 25344K, reserved 1048576K
}
Event: 47.904 {metaspace After GC invocations=75 (full 0):
 Metaspace       used 142743K, committed 144448K, reserved 1179648K
  class space    used 24624K, committed 25344K, reserved 1048576K
}
Event: 48.942 {metaspace Before GC invocations=75 (full 0):
 Metaspace       used 142754K, committed 144512K, reserved 1179648K
  class space    used 24624K, committed 25344K, reserved 1048576K
}
Event: 48.953 {metaspace After GC invocations=76 (full 0):
 Metaspace       used 142754K, committed 144512K, reserved 1179648K
  class space    used 24624K, committed 25344K, reserved 1048576K
}
Event: 49.834 {metaspace Before GC invocations=77 (full 0):
 Metaspace       used 142802K, committed 144512K, reserved 1179648K
  class space    used 24628K, committed 25344K, reserved 1048576K
}
Event: 49.861 {metaspace After GC invocations=78 (full 0):
 Metaspace       used 142802K, committed 144512K, reserved 1179648K
  class space    used 24628K, committed 25344K, reserved 1048576K
}
Event: 50.723 {metaspace Before GC invocations=78 (full 0):
 Metaspace       used 142852K, committed 144640K, reserved 1179648K
  class space    used 24635K, committed 25344K, reserved 1048576K
}
Event: 50.741 {metaspace After GC invocations=79 (full 0):
 Metaspace       used 142852K, committed 144640K, reserved 1179648K
  class space    used 24635K, committed 25344K, reserved 1048576K
}
Event: 51.592 {metaspace Before GC invocations=79 (full 0):
 Metaspace       used 142880K, committed 144640K, reserved 1179648K
  class space    used 24639K, committed 25344K, reserved 1048576K
}
Event: 51.612 {metaspace After GC invocations=80 (full 0):
 Metaspace       used 142880K, committed 144640K, reserved 1179648K
  class space    used 24639K, committed 25344K, reserved 1048576K
}
Event: 52.781 {metaspace Before GC invocations=81 (full 0):
 Metaspace       used 142941K, committed 144704K, reserved 1179648K
  class space    used 24643K, committed 25344K, reserved 1048576K
}
Event: 52.809 {metaspace After GC invocations=82 (full 0):
 Metaspace       used 142941K, committed 144704K, reserved 1179648K
  class space    used 24643K, committed 25344K, reserved 1048576K
}
Event: 53.843 {metaspace Before GC invocations=82 (full 0):
 Metaspace       used 142998K, committed 144768K, reserved 1179648K
  class space    used 24643K, committed 25344K, reserved 1048576K
}
Event: 53.851 {metaspace After GC invocations=83 (full 0):
 Metaspace       used 142998K, committed 144768K, reserved 1179648K
  class space    used 24643K, committed 25344K, reserved 1048576K
}
Event: 54.948 {metaspace Before GC invocations=83 (full 0):
 Metaspace       used 143025K, committed 144768K, reserved 1179648K
  class space    used 24645K, committed 25344K, reserved 1048576K
}
Event: 54.978 {metaspace After GC invocations=84 (full 0):
 Metaspace       used 143025K, committed 144768K, reserved 1179648K
  class space    used 24645K, committed 25344K, reserved 1048576K
}
Event: 55.409 {metaspace Before GC invocations=85 (full 0):
 Metaspace       used 143042K, committed 144832K, reserved 1179648K
  class space    used 24646K, committed 25344K, reserved 1048576K
}
Event: 55.418 {metaspace After GC invocations=86 (full 0):
 Metaspace       used 143042K, committed 144832K, reserved 1179648K
  class space    used 24646K, committed 25344K, reserved 1048576K
}
Event: 55.451 {metaspace Before GC invocations=86 (full 0):
 Metaspace       used 143052K, committed 144832K, reserved 1179648K
  class space    used 24647K, committed 25344K, reserved 1048576K
}
Event: 55.467 {metaspace After GC invocations=87 (full 0):
 Metaspace       used 143052K, committed 144832K, reserved 1179648K
  class space    used 24647K, committed 25344K, reserved 1048576K
}

Dll operation events (14 events):
Event: 0.001 Loaded shared library /home/anguscrump/.jdks/jbr-25.0.3/lib/libjava.so
Event: 0.016 Loaded shared library /home/anguscrump/.jdks/jbr-25.0.3/lib/libnio.so
Event: 0.020 Loaded shared library /home/anguscrump/.jdks/jbr-25.0.3/lib/libzip.so
Event: 0.025 Loaded shared library /home/anguscrump/.jdks/jbr-25.0.3/lib/libnet.so
Event: 0.029 Loaded shared library /home/anguscrump/.jdks/jbr-25.0.3/lib/libzip.so
Event: 0.051 Loaded shared library /home/anguscrump/.jdks/jbr-25.0.3/lib/libjimage.so
Event: 0.220 Loaded shared library /home/anguscrump/.jdks/jbr-25.0.3/lib/libmanagement.so
Event: 0.220 Loaded shared library /home/anguscrump/.jdks/jbr-25.0.3/lib/libmanagement_ext.so
Event: 0.345 Loaded shared library /home/anguscrump/.jdks/jbr-25.0.3/lib/libverify.so
Event: 1.356 Loaded shared library /home/anguscrump/.cache/JNA/temp/jna2370494158722432069.tmp
Event: 3.807 Loaded shared library /home/anguscrump/.jdks/jbr-25.0.3/lib/libextnet.so
Event: 3.986 Loaded shared library /tmp/lwjgl_anguscrump/3.4.1-snapshot/arm64/liblwjgl.so
Event: 4.207 Loaded shared library /tmp/lwjgl_anguscrump/3.4.1-snapshot/arm64/liblwjgl_opengl.so
Event: 4.353 Loaded shared library /tmp/lwjgl_anguscrump/3.4.1-snapshot/arm64/liblwjgl_stb.so

Deoptimization events (20 events):
Event: 57.836 Thread 0x0000fffe04568d00 Uncommon trap: reason=unstable_if action=reinterpret pc=0x0000ffff20cf04a4 method=java.lang.Thread.getAndClearInterrupt()Z @ 6 c2
Event: 57.836 Thread 0x0000fffe4408f480 DEOPT PACKING pc=0x0000ffff20cf04a4 sp=0x0000ffff087ae030
Event: 57.836 Thread 0x0000fffe70006b90 Uncommon trap: reason=unstable_if action=reinterpret pc=0x0000ffff214fdaa4 method=java.util.concurrent.SynchronousQueue.poll(JLjava/util/concurrent/TimeUnit;)Ljava/lang/Object; @ 21 c2
Event: 57.836 Thread 0x0000fffde4008ed0 DEOPT UNPACKING pc=0x0000ffff20647f9c sp=0x0000fffdffe2e060 mode 2
Event: 57.836 Thread 0x0000fffe04568d00 DEOPT PACKING pc=0x0000ffff20cf04a4 sp=0x0000fffdffb32030
Event: 57.836 Thread 0x0000fffe4408f480 DEOPT UNPACKING pc=0x0000ffff20647f9c sp=0x0000ffff087adf60 mode 2
Event: 57.836 Thread 0x0000fffe04568d00 DEOPT UNPACKING pc=0x0000ffff20647f9c sp=0x0000fffdffb31f60 mode 2
Event: 57.836 Thread 0x0000fffdec0d8eb0 DEOPT UNPACKING pc=0x0000ffff20647f9c sp=0x0000fffdfdce5f30 mode 2
Event: 57.836 Thread 0x0000fffe70006b90 DEOPT PACKING pc=0x0000ffff214fdaa4 sp=0x0000fffe15efe190
Event: 57.836 Thread 0x0000fffe70006b90 DEOPT UNPACKING pc=0x0000ffff20647f9c sp=0x0000fffe15efe060 mode 2
Event: 57.836 Thread 0x0000fffdec0d85e0 Uncommon trap: reason=unstable_if action=reinterpret pc=0x0000ffff214fdaa4 method=java.util.concurrent.SynchronousQueue.poll(JLjava/util/concurrent/TimeUnit;)Ljava/lang/Object; @ 21 c2
Event: 57.836 Thread 0x0000fffdec0d85e0 DEOPT PACKING pc=0x0000ffff214fdaa4 sp=0x0000fffdfdee6190
Event: 57.836 Thread 0x0000fffdec0d85e0 DEOPT UNPACKING pc=0x0000ffff20647f9c sp=0x0000fffdfdee6060 mode 2
Event: 57.836 Thread 0x0000fffdec0d8eb0 Uncommon trap: trap_request=0xffffff45 fr.pc=0x0000ffff214fdaa4 relative=0x0000000000000324
Event: 57.836 Thread 0x0000fffdec0d8eb0 Uncommon trap: reason=unstable_if action=reinterpret pc=0x0000ffff214fdaa4 method=java.util.concurrent.SynchronousQueue.poll(JLjava/util/concurrent/TimeUnit;)Ljava/lang/Object; @ 21 c2
Event: 57.836 Thread 0x0000fffdec0d8eb0 DEOPT PACKING pc=0x0000ffff214fdaa4 sp=0x0000fffdfdce6190
Event: 57.836 Thread 0x0000fffdec0d8eb0 DEOPT UNPACKING pc=0x0000ffff20647f9c sp=0x0000fffdfdce6060 mode 2
Event: 57.836 Thread 0x0000fffe70005590 Uncommon trap: reason=unstable_if action=reinterpret pc=0x0000ffff214fdaa4 method=java.util.concurrent.SynchronousQueue.poll(JLjava/util/concurrent/TimeUnit;)Ljava/lang/Object; @ 21 c2
Event: 57.836 Thread 0x0000fffe70005590 DEOPT PACKING pc=0x0000ffff214fdaa4 sp=0x0000fffe160fe190
Event: 57.836 Thread 0x0000fffe70005590 DEOPT UNPACKING pc=0x0000ffff20647f9c sp=0x0000fffe160fe060 mode 2

Classes loaded (20 events):
Event: 21.527 Loading class java/nio/channels/AlreadyConnectedException
Event: 21.527 Loading class java/nio/channels/AlreadyConnectedException done
Event: 21.534 Loading class java/nio/channels/UnsupportedAddressTypeException
Event: 21.534 Loading class java/nio/channels/UnsupportedAddressTypeException done
Event: 21.574 Loading class java/util/stream/FindOps$FindSink$OfInt
Event: 21.575 Loading class java/util/stream/FindOps$FindSink$OfInt done
Event: 21.754 Loading class java/util/IdentityHashMap$ValueSpliterator
Event: 21.754 Loading class java/util/IdentityHashMap$ValueSpliterator done
Event: 23.109 Loading class java/lang/FdLibm$Log1p
Event: 23.109 Loading class java/lang/FdLibm$Log1p done
Event: 24.786 Loading class java/util/Spliterators$LongIteratorSpliterator
Event: 24.786 Loading class java/util/Spliterators$LongIteratorSpliterator done
Event: 24.963 Loading class java/util/zip/CRC32C
Event: 24.963 Loading class java/util/zip/CRC32C done
Event: 25.393 Loading class java/lang/runtime/SwitchBootstraps$StaticHolders
Event: 25.393 Loading class java/lang/runtime/SwitchBootstraps$StaticHolders done
Event: 25.393 Loading class java/lang/runtime/SwitchBootstraps$MappedEnumCache
Event: 25.393 Loading class java/lang/runtime/SwitchBootstraps$MappedEnumCache done
Event: 49.167 Loading class java/util/DualPivotQuicksort$Sorter
Event: 49.168 Loading class java/util/DualPivotQuicksort$Sorter done

Classes unloaded (20 events):
Event: 22.288 Thread 0x0000ffff2c20dab0 Unloading class 0x000030000338d800 'java/lang/invoke/LambdaForm$DMH+0x000030000338d800'
Event: 22.288 Thread 0x0000ffff2c20dab0 Unloading class 0x000030000338d400 'java/lang/invoke/LambdaForm$DMH+0x000030000338d400'
Event: 22.288 Thread 0x0000ffff2c20dab0 Unloading class 0x000030000338c800 'java/lang/invoke/LambdaForm$DMH+0x000030000338c800'
Event: 22.288 Thread 0x0000ffff2c20dab0 Unloading class 0x000030000338cc00 'java/lang/invoke/LambdaForm$DMH+0x000030000338cc00'
Event: 22.288 Thread 0x0000ffff2c20dab0 Unloading class 0x000030000338c000 'java/lang/invoke/LambdaForm$DMH+0x000030000338c000'
Event: 29.143 Thread 0x0000ffff2c20dab0 Unloading class 0x000030000387f400 'java/lang/invoke/LambdaForm$DMH+0x000030000387f400'
Event: 29.143 Thread 0x0000ffff2c20dab0 Unloading class 0x000030000387e800 'java/lang/invoke/LambdaForm$MH+0x000030000387e800'
Event: 29.143 Thread 0x0000ffff2c20dab0 Unloading class 0x000030000387e400 'java/lang/invoke/LambdaForm$MH+0x000030000387e400'
Event: 29.143 Thread 0x0000ffff2c20dab0 Unloading class 0x000030000387e000 'java/lang/invoke/LambdaForm$MH+0x000030000387e000'
Event: 29.143 Thread 0x0000ffff2c20dab0 Unloading class 0x000030000387dc00 'java/lang/invoke/LambdaForm$MH+0x000030000387dc00'
Event: 29.143 Thread 0x0000ffff2c20dab0 Unloading class 0x000030000387d800 'java/lang/invoke/LambdaForm$DMH+0x000030000387d800'
Event: 29.143 Thread 0x0000ffff2c20dab0 Unloading class 0x000030000387d000 'java/lang/invoke/LambdaForm$DMH+0x000030000387d000'
Event: 29.143 Thread 0x0000ffff2c20dab0 Unloading class 0x000030000387cc00 'java/lang/invoke/LambdaForm$DMH+0x000030000387cc00'
Event: 29.143 Thread 0x0000ffff2c20dab0 Unloading class 0x0000300003872400 'java/lang/invoke/LambdaForm$DMH+0x0000300003872400'
Event: 29.143 Thread 0x0000ffff2c20dab0 Unloading class 0x0000300003872000 'java/lang/invoke/LambdaForm$DMH+0x0000300003872000'
Event: 29.143 Thread 0x0000ffff2c20dab0 Unloading class 0x0000300003871c00 'java/lang/invoke/LambdaForm$DMH+0x0000300003871c00'
Event: 29.143 Thread 0x0000ffff2c20dab0 Unloading class 0x0000300003871800 'java/lang/invoke/LambdaForm$DMH+0x0000300003871800'
Event: 29.143 Thread 0x0000ffff2c20dab0 Unloading class 0x0000300003871400 'java/lang/invoke/LambdaForm$DMH+0x0000300003871400'
Event: 29.143 Thread 0x0000ffff2c20dab0 Unloading class 0x0000300003871000 'java/lang/invoke/LambdaForm$DMH+0x0000300003871000'
Event: 29.143 Thread 0x0000ffff2c20dab0 Unloading class 0x0000300003870c00 'java/lang/invoke/LambdaForm$DMH+0x0000300003870c00'

Classes redefined (0 events):
No events

Internal exceptions (20 events):
Event: 55.847 Thread 0x0000fffe04568d00 Exception <a 'sun/nio/fs/UnixException'{0x0000000739f83340}> (0x0000000739f83340) 
thrown [src/hotspot/share/prims/jni.cpp, line 535]
Event: 55.848 Thread 0x0000fffe70005590 Exception <a 'sun/nio/fs/UnixException'{0x0000000739f7eee0}> (0x0000000739f7eee0) 
thrown [src/hotspot/share/prims/jni.cpp, line 535]
Event: 55.848 Thread 0x0000fffe04568d00 Exception <a 'sun/nio/fs/UnixException'{0x0000000739f84048}> (0x0000000739f84048) 
thrown [src/hotspot/share/prims/jni.cpp, line 535]
Event: 55.848 Thread 0x0000fffe70005590 Exception <a 'sun/nio/fs/UnixException'{0x0000000739f8f2c0}> (0x0000000739f8f2c0) 
thrown [src/hotspot/share/prims/jni.cpp, line 535]
Event: 55.864 Thread 0x0000fffe04568d00 Exception <a 'sun/nio/fs/UnixException'{0x0000000739f95fc0}> (0x0000000739f95fc0) 
thrown [src/hotspot/share/prims/jni.cpp, line 535]
Event: 55.865 Thread 0x0000fffe4408f480 Exception <a 'sun/nio/fs/UnixException'{0x0000000739f9b320}> (0x0000000739f9b320) 
thrown [src/hotspot/share/prims/jni.cpp, line 535]
Event: 55.867 Thread 0x0000fffe70005590 Exception <a 'sun/nio/fs/UnixException'{0x0000000739fa4028}> (0x0000000739fa4028) 
thrown [src/hotspot/share/prims/jni.cpp, line 535]
Event: 55.872 Thread 0x0000fffe045944c0 Exception <a 'sun/nio/fs/UnixException'{0x00000007ff1d0a20}> (0x00000007ff1d0a20) 
thrown [src/hotspot/share/prims/jni.cpp, line 535]
Event: 55.872 Thread 0x0000fffe045944c0 Exception <a 'sun/nio/fs/UnixException'{0x00000007ff1d0cb8}> (0x00000007ff1d0cb8) 
thrown [src/hotspot/share/prims/jni.cpp, line 535]
Event: 55.872 Thread 0x0000fffe045944c0 Exception <a 'sun/nio/fs/UnixException'{0x00000007ff1d0f70}> (0x00000007ff1d0f70) 
thrown [src/hotspot/share/prims/jni.cpp, line 535]
Event: 57.836 Thread 0x0000fffdf80184a0 Implicit null exception at 0x0000ffff214fd86c to 0x0000ffff214fda94
Event: 57.836 Thread 0x0000fffdec0d85e0 Implicit null exception at 0x0000ffff214fd86c to 0x0000ffff214fda94
Event: 57.836 Thread 0x0000fffe4408f480 Implicit null exception at 0x0000ffff214fd86c to 0x0000ffff214fda94
Event: 57.836 Thread 0x0000fffe04568d00 Implicit null exception at 0x0000ffff214fd86c to 0x0000ffff214fda94
Event: 57.836 Thread 0x0000fffdf801b9c0 Implicit null exception at 0x0000ffff214fd86c to 0x0000ffff214fda94
Event: 57.836 Thread 0x0000fffe70005590 Implicit null exception at 0x0000ffff214fd86c to 0x0000ffff214fda94
Event: 57.836 Thread 0x0000fffde4008ed0 Implicit null exception at 0x0000ffff214fd86c to 0x0000ffff214fda94
Event: 57.836 Thread 0x0000fffe70006b90 Implicit null exception at 0x0000ffff214fd86c to 0x0000ffff214fda94
Event: 57.836 Thread 0x0000fffdec0d8eb0 Implicit null exception at 0x0000ffff214fd86c to 0x0000ffff214fda94
Event: 57.915 Thread 0x0000ffff2c031730 Exception <a 'sun/nio/fs/UnixException'{0x00000007392c2620}> (0x00000007392c2620) 
thrown [src/hotspot/share/prims/jni.cpp, line 535]

VM Operations (20 events):
Event: 51.613 Executing safepoint VM operation: G1CollectForAllocation (G1 Evacuation Pause) done
Event: 51.759 Executing safepoint VM operation: G1PauseRemark
Event: 51.765 Executing safepoint VM operation: G1PauseRemark done
Event: 51.820 Executing safepoint VM operation: G1PauseCleanup
Event: 51.820 Executing safepoint VM operation: G1PauseCleanup done
Event: 52.781 Executing safepoint VM operation: G1CollectForAllocation (G1 Evacuation Pause)
Event: 52.809 Executing safepoint VM operation: G1CollectForAllocation (G1 Evacuation Pause) done
Event: 53.843 Executing safepoint VM operation: G1CollectForAllocation (G1 Evacuation Pause)
Event: 53.851 Executing safepoint VM operation: G1CollectForAllocation (G1 Evacuation Pause) done
Event: 54.948 Executing safepoint VM operation: G1CollectForAllocation (G1 Evacuation Pause)
Event: 54.978 Executing safepoint VM operation: G1CollectForAllocation (G1 Evacuation Pause) done
Event: 55.126 Executing safepoint VM operation: G1PauseRemark
Event: 55.133 Executing safepoint VM operation: G1PauseRemark done
Event: 55.189 Executing safepoint VM operation: G1PauseCleanup
Event: 55.189 Executing safepoint VM operation: G1PauseCleanup done
Event: 55.409 Executing safepoint VM operation: G1CollectForAllocation (G1 Evacuation Pause)
Event: 55.418 Executing safepoint VM operation: G1CollectForAllocation (G1 Evacuation Pause) done
Event: 55.451 Executing safepoint VM operation: G1CollectForAllocation (G1 Evacuation Pause)
Event: 55.467 Executing safepoint VM operation: G1CollectForAllocation (G1 Evacuation Pause) done
Event: 57.915 Executing safepoint VM operation: Exit

Memory protections (20 events):
Event: 38.323 Protecting memory [0x0000fffdfd0e8000,0x0000fffdfd0f4000] with protection modes 0
Event: 38.427 Protecting memory [0x0000ffff09e00000,0x0000ffff09e0c000] with protection modes 0
Event: 39.294 Protecting memory [0x0000ffff09e00000,0x0000ffff09e0c000] with protection modes 0
Event: 41.188 Protecting memory [0x0000ffff09e00000,0x0000ffff09e0c000] with protection modes 0
Event: 41.261 Protecting memory [0x0000fffdfcee8000,0x0000fffdfcef4000] with protection modes 0
Event: 41.277 Protecting memory [0x0000ffff089b0000,0x0000ffff089bc000] with protection modes 0
Event: 42.822 Protecting memory [0x0000ffff09e00000,0x0000ffff09e0c000] with protection modes 0
Event: 42.923 Protecting memory [0x0000fffdfcee8000,0x0000fffdfcef4000] with protection modes 0
Event: 44.929 Protecting memory [0x0000ffff09e00000,0x0000ffff09e0c000] with protection modes 0
Event: 46.855 Protecting memory [0x0000ffff09e00000,0x0000ffff09e0c000] with protection modes 0
Event: 49.308 Protecting memory [0x0000ffff09e00000,0x0000ffff09e0c000] with protection modes 0
Event: 51.580 Protecting memory [0x0000ffff09e00000,0x0000ffff09e0c000] with protection modes 0
Event: 55.358 Protecting memory [0x0000ffff09e00000,0x0000ffff09e0c000] with protection modes 0
Event: 55.358 Protecting memory [0x0000fffdfcee8000,0x0000fffdfcef4000] with protection modes 0
Event: 55.918 Protecting memory [0x0000ffff089b0000,0x0000ffff089bc000] with protection modes 0
Event: 57.802 Protecting memory [0x0000fffeddc00000,0x0000fffeddc0c000] with protection modes 0
Event: 57.817 Protecting memory [0x0000fffeddc00000,0x0000fffeddc0c000] with protection modes 0
Event: 57.913 Protecting memory [0x0000fffdfdae8000,0x0000fffdfdaf4000] with protection modes 0
Event: 57.913 Protecting memory [0x0000fffdfdce8000,0x0000fffdfdcf4000] with protection modes 0
Event: 57.913 Protecting memory [0x0000fffdff934000,0x0000fffdff940000] with protection modes 0

Nmethod flushes (20 events):
Event: 55.130 Thread 0x0000ffff2c20dab0 flushing  nmethod 0x0000ffff19173f88
Event: 55.130 Thread 0x0000ffff2c20dab0 flushing  nmethod 0x0000ffff1919f988
Event: 55.130 Thread 0x0000ffff2c20dab0 flushing  nmethod 0x0000ffff199f4408
Event: 55.130 Thread 0x0000ffff2c20dab0 flushing  nmethod 0x0000ffff1a0634c8
Event: 55.130 Thread 0x0000ffff2c20dab0 flushing  nmethod 0x0000ffff1a237dc8
Event: 55.130 Thread 0x0000ffff2c20dab0 flushing  nmethod 0x0000ffff1a6bfc08
Event: 55.130 Thread 0x0000ffff2c20dab0 flushing  nmethod 0x0000ffff1a75adc8
Event: 55.130 Thread 0x0000ffff2c20dab0 flushing  nmethod 0x0000ffff1a928908
Event: 55.130 Thread 0x0000ffff2c20dab0 flushing  nmethod 0x0000ffff1a9cbd48
Event: 55.130 Thread 0x0000ffff2c20dab0 flushing  nmethod 0x0000ffff1aac4d48
Event: 55.130 Thread 0x0000ffff2c20dab0 flushing  nmethod 0x0000ffff20dccf08
Event: 55.130 Thread 0x0000ffff2c20dab0 flushing  nmethod 0x0000ffff2124f188
Event: 55.130 Thread 0x0000ffff2c20dab0 flushing  nmethod 0x0000ffff190c59c8
Event: 55.130 Thread 0x0000ffff2c20dab0 flushing  nmethod 0x0000ffff19348388
Event: 55.130 Thread 0x0000ffff2c20dab0 flushing  nmethod 0x0000ffff19f26788
Event: 55.130 Thread 0x0000ffff2c20dab0 flushing  nmethod 0x0000ffff19f887c8
Event: 55.130 Thread 0x0000ffff2c20dab0 flushing  nmethod 0x0000ffff1a08dec8
Event: 55.130 Thread 0x0000ffff2c20dab0 flushing  nmethod 0x0000ffff1a296d08
Event: 55.130 Thread 0x0000ffff2c20dab0 flushing  nmethod 0x0000ffff1a3a04c8
Event: 55.130 Thread 0x0000ffff2c20dab0 flushing  nmethod 0x0000ffff1a7d2f08

Events (20 events):
Event: 57.836 Thread 0x0000ffff2f9d8530 Thread exited: 0x0000ffff2f9d8530
Event: 57.836 Thread 0x0000fffe2c000ee0 Thread exited: 0x0000fffe2c000ee0
Event: 57.836 Thread 0x0000fffe44000ee0 Thread exited: 0x0000fffe44000ee0
Event: 57.836 Thread 0x0000fffe44015e50 Thread exited: 0x0000fffe44015e50
Event: 57.836 Thread 0x0000fffdf801b9c0 Thread exited: 0x0000fffdf801b9c0
Event: 57.836 Thread 0x0000fffde4008ed0 Thread exited: 0x0000fffde4008ed0
Event: 57.836 Thread 0x0000fffe70005590 Thread exited: 0x0000fffe70005590
Event: 57.837 Thread 0x0000fffdf80184a0 Thread exited: 0x0000fffdf80184a0
Event: 57.837 Thread 0x0000fffe70006b90 Thread exited: 0x0000fffe70006b90
Event: 57.837 Thread 0x0000fffe04568d00 Thread exited: 0x0000fffe04568d00
Event: 57.837 Thread 0x0000fffe4408f480 Thread exited: 0x0000fffe4408f480
Event: 57.837 Thread 0x0000fffdec0d85e0 Thread exited: 0x0000fffdec0d85e0
Event: 57.837 Thread 0x0000fffdec0d8eb0 Thread exited: 0x0000fffdec0d8eb0
Event: 57.913 Thread 0x0000ffff2c031730 Thread added: 0x0000ffff2de38fc0
Event: 57.913 Thread 0x0000ffff2c031730 Thread added: 0x0000fffe0420cfe0
Event: 57.913 Thread 0x0000ffff2c031730 Thread added: 0x0000fffe042646f0
Event: 57.913 Thread 0x0000ffff2de38fc0 Thread exited: 0x0000ffff2de38fc0
Event: 57.913 Thread 0x0000fffe0420cfe0 Thread exited: 0x0000fffe0420cfe0
Event: 57.915 Thread 0x0000fffe042646f0 Thread exited: 0x0000fffe042646f0
Event: 57.915 Thread 0x0000ffff2c031730 Before exit entered


Dynamic libraries:
70f800000-74ac00000 rw-p 00000000 00:00 0 
74ac00000-7fba00000 ---p 00000000 00:00 0 
7fba00000-7ffc00000 rw-p 00000000 00:00 0 
7ffc00000-7ffe50000 rw-p 01d70000 00:25 8789750                          /home/anguscrump/.jdks/jbr-25.0.3/lib/server/classes.jsa
7ffe50000-800000000 rw-p 00000000 00:00 0 
300000000000-300000010000 ---p 00000000 00:00 0 
300000010000-300001d00000 rw-p 00010000 00:25 8789750                    /home/anguscrump/.jdks/jbr-25.0.3/lib/server/classes.jsa
300001d00000-300002000000 ---p 00000000 00:00 0 
300002000000-300002040000 rw-p 00000000 00:00 0 
300002040000-3000020e0000 rw-p 00000000 00:00 0 
3000020e0000-300002e40000 rw-p 00000000 00:00 0 
300002e40000-300002e80000 rw-p 00000000 00:00 0 
300002e80000-300003160000 rw-p 00000000 00:00 0 
300003160000-300003180000 rw-p 00000000 00:00 0 
300003180000-3000035c0000 rw-p 00000000 00:00 0 
3000035c0000-3000035d0000 rw-p 00000000 00:00 0 
3000035d0000-300003600000 ---p 00000000 00:00 0 
300003600000-300003900000 rw-p 00000000 00:00 0 
300003900000-300042000000 ---p 00000000 00:00 0 
aaaae3110000-aaaae3114000 r-xp 00000000 00:25 8789212                    /home/anguscrump/.jdks/jbr-25.0.3/bin/java
aaaae312c000-aaaae3130000 r--p 0000c000 00:25 8789212                    /home/anguscrump/.jdks/jbr-25.0.3/bin/java
aaaae3130000-aaaae3134000 rw-p 00010000 00:25 8789212                    /home/anguscrump/.jdks/jbr-25.0.3/bin/java
aaab03974000-aaab03a00000 rw-p 00000000 00:00 0                          [heap]
fffd98000000-fffd98200000 rw-p 00000000 00:00 0 
fffd98200000-fffd98c00000 rw-p 00000000 00:00 0 
fffd98c00000-fffd9c000000 ---p 00000000 00:00 0 
fffda0000000-fffda0200000 rw-p 00000000 00:00 0 
fffda0200000-fffda4000000 ---p 00000000 00:00 0 
fffda6680000-fffda7000000 rw-p 00000000 00:00 0 
fffdb0000000-fffdb0200000 rw-p 00000000 00:00 0 
fffdb0200000-fffdb4000000 ---p 00000000 00:00 0 
fffdb7000000-fffdc0000000 rw-p 00000000 00:00 0 
fffdc0000000-fffdc0200000 rw-p 00000000 00:00 0 
fffdc0200000-fffdc4000000 ---p 00000000 00:00 0 
fffdc4000000-fffdc4200000 rw-p 00000000 00:00 0 
fffdc4200000-fffdc8000000 ---p 00000000 00:00 0 
fffdc8000000-fffdc8200000 rw-p 00000000 00:00 0 
fffdc8200000-fffdcc000000 ---p 00000000 00:00 0 
fffdcc000000-fffdcc200000 rw-p 00000000 00:00 0 
fffdcc200000-fffdd0000000 ---p 00000000 00:00 0 
fffdd0000000-fffdd0200000 rw-p 00000000 00:00 0 
fffdd0200000-fffdd4000000 ---p 00000000 00:00 0 
fffdd4000000-fffdd4200000 rw-p 00000000 00:00 0 
fffdd4200000-fffdd8000000 ---p 00000000 00:00 0 
fffdd8000000-fffdd8200000 rw-p 00000000 00:00 0 
fffdd8200000-fffddc000000 ---p 00000000 00:00 0 
fffddc000000-fffddc200000 rw-p 00000000 00:00 0 
fffddc200000-fffde0000000 ---p 00000000 00:00 0 
fffde0000000-fffde0200000 rw-p 00000000 00:00 0 
fffde0200000-fffde4000000 ---p 00000000 00:00 0 
fffde4000000-fffde4200000 rw-p 00000000 00:00 0 
fffde4200000-fffde8000000 ---p 00000000 00:00 0 
fffde8000000-fffde8200000 rw-p 00000000 00:00 0 
fffde8200000-fffde9800000 rw-p 00000000 00:00 0 
fffde9800000-fffdec000000 ---p 00000000 00:00 0 
fffdec000000-fffdec200000 rw-p 00000000 00:00 0 
fffdec200000-fffdecc00000 rw-p 00000000 00:00 0 
fffdecc00000-fffdf0000000 ---p 00000000 00:00 0 
fffdf0000000-fffdf0200000 rw-p 00000000 00:00 0 
fffdf0200000-fffdf4000000 ---p 00000000 00:00 0 
fffdf4000000-fffdf4200000 rw-p 00000000 00:00 0 
fffdf4200000-fffdf8000000 ---p 00000000 00:00 0 
fffdf8000000-fffdf8200000 rw-p 00000000 00:00 0 
fffdf8200000-fffdfc000000 ---p 00000000 00:00 0 
fffdfc480000-fffdfce00000 rw-p 00000000 00:00 0 
fffdfd0e8000-fffdfd0f4000 ---p 00000000 00:00 0 
fffdfd0f4000-fffdfd2e8000 rw-p 00000000 00:00 0 
fffdfd2e8000-fffdfd2f4000 ---p 00000000 00:00 0 
fffdfd2f4000-fffdfd4e8000 rw-p 00000000 00:00 0 
fffdfd4e8000-fffdfd4f4000 ---p 00000000 00:00 0 
fffdfd4f4000-fffdfd6e8000 rw-p 00000000 00:00 0 
fffdfd6e8000-fffdfd6f4000 ---p 00000000 00:00 0 
fffdfd6f4000-fffdfd8e8000 rw-p 00000000 00:00 0 
fffdfd8e8000-fffdfd8f4000 ---p 00000000 00:00 0 
fffdfd8f4000-fffdfdae8000 rw-p 00000000 00:00 0 
fffdfdae8000-fffdfdaf4000 ---p 00000000 00:00 0 
fffdfdaf4000-fffdfdce8000 rw-p 00000000 00:00 0 
fffdfdce8000-fffdfdcf4000 ---p 00000000 00:00 0 
fffdfdcf4000-fffdfdee8000 rw-p 00000000 00:00 0 
fffdfe0e8000-fffdff108000 rw-p 00000000 00:00 0 
fffdff934000-fffdff940000 ---p 00000000 00:00 0 
fffdff940000-fffdffb34000 rw-p 00000000 00:00 0 
fffe04000000-fffe04200000 rw-p 00000000 00:00 0 
fffe04200000-fffe04800000 rw-p 00000000 00:00 0 
fffe04800000-fffe08000000 ---p 00000000 00:00 0 
fffe0c000000-fffe0c200000 rw-p 00000000 00:00 0 
fffe0c200000-fffe10000000 ---p 00000000 00:00 0 
fffe10000000-fffe10200000 rw-p 00000000 00:00 0 
fffe10200000-fffe14000000 ---p 00000000 00:00 0 
fffe16300000-fffe1630c000 ---p 00000000 00:00 0 
fffe1630c000-fffe16500000 rw-p 00000000 00:00 0 
fffe16500000-fffe18000000 rw-p 00000000 00:00 0 
fffe18000000-fffe18200000 rw-p 00000000 00:00 0 
fffe18200000-fffe1c000000 ---p 00000000 00:00 0 
fffe1c000000-fffe1c200000 rw-p 00000000 00:00 0 
fffe1c200000-fffe20000000 ---p 00000000 00:00 0 
fffe20080000-fffe20880000 rw-p 00000000 00:00 0 
fffe20880000-fffe2088c000 ---p 00000000 00:00 0 
fffe2088c000-fffe20a80000 rw-p 00000000 00:00 0 
fffe20a80000-fffe21400000 rw-p 00000000 00:00 0 
fffe21580000-fffe24000000 rw-p 00000000 00:00 0 
fffe24000000-fffe24200000 rw-p 00000000 00:00 0 
fffe24200000-fffe28000000 ---p 00000000 00:00 0 
fffe28000000-fffe28200000 rw-p 00000000 00:00 0 
fffe28200000-fffe2c000000 ---p 00000000 00:00 0 
fffe2c000000-fffe2c200000 rw-p 00000000 00:00 0 
fffe2c200000-fffe30000000 ---p 00000000 00:00 0 
fffe30000000-fffe30200000 rw-p 00000000 00:00 0 
fffe30200000-fffe34000000 ---p 00000000 00:00 0 
fffe34000000-fffe34200000 rw-p 00000000 00:00 0 
fffe34200000-fffe38000000 ---p 00000000 00:00 0 
fffe38000000-fffe38200000 rw-p 00000000 00:00 0 
fffe38200000-fffe3c000000 ---p 00000000 00:00 0 
fffe3c000000-fffe3ca00000 rw-p 00000000 00:00 0 
fffe3ca80000-fffe3d080000 rw-p 00000000 00:00 0 
fffe3d680000-fffe3fa00000 rw-p 00000000 00:00 0 
fffe40000000-fffe40200000 rw-p 00000000 00:00 0 
fffe40200000-fffe44000000 ---p 00000000 00:00 0 
fffe44000000-fffe44200000 rw-p 00000000 00:00 0 
fffe44200000-fffe48000000 ---p 00000000 00:00 0 
fffe482f0000-fffe48380000 r-xp 00000000 00:25 3200165                    /usr/lib64/libflite_cmulex.so.2.2
fffe48380000-fffe4838c000 ---p 00090000 00:25 3200165                    /usr/lib64/libflite_cmulex.so.2.2
fffe4838c000-fffe48390000 r--p 0008c000 00:25 3200165                    /usr/lib64/libflite_cmulex.so.2.2
fffe48390000-fffe48394000 rw-p 00000000 00:00 0 
fffe483a0000-fffe483b0000 r-xp 00000000 00:25 3200167                    /usr/lib64/libflite_usenglish.so.2.2
fffe483b0000-fffe483b4000 ---p 00010000 00:25 3200167                    /usr/lib64/libflite_usenglish.so.2.2
fffe483b4000-fffe483c0000 r--p 00014000 00:25 3200167                    /usr/lib64/libflite_usenglish.so.2.2
fffe483c0000-fffe483c4000 rw-p 00000000 00:00 0 
fffe483d0000-fffe48798000 r-xp 00000000 00:25 3200159                    /usr/lib64/libflite_cmu_us_kal16.so.2.2
fffe48798000-fffe487a8000 ---p 003c8000 00:25 3200159                    /usr/lib64/libflite_cmu_us_kal16.so.2.2
fffe487a8000-fffe487b0000 r--p 003c8000 00:25 3200159                    /usr/lib64/libflite_cmu_us_kal16.so.2.2
fffe487b0000-fffe487b4000 rw-p 003d0000 00:25 3200159                    /usr/lib64/libflite_cmu_us_kal16.so.2.2
fffe487c0000-fffe48804000 r-xp 00000000 00:25 3101837                    /usr/lib64/libmp3lame.so.0.0.0
fffe48804000-fffe4881c000 ---p 00044000 00:25 3101837                    /usr/lib64/libmp3lame.so.0.0.0
fffe4881c000-fffe48820000 r--p 0004c000 00:25 3101837                    /usr/lib64/libmp3lame.so.0.0.0
fffe48820000-fffe48850000 rw-p 00000000 00:00 0 
fffe48860000-fffe488b0000 r-xp 00000000 00:25 3105171                    /usr/lib64/libmpg123.so.0.48.3
fffe488b0000-fffe488bc000 ---p 00050000 00:25 3105171                    /usr/lib64/libmpg123.so.0.48.3
fffe488bc000-fffe488c0000 r--p 0004c000 00:25 3105171                    /usr/lib64/libmpg123.so.0.48.3
fffe488c0000-fffe488c4000 rw-p 00050000 00:25 3105171                    /usr/lib64/libmpg123.so.0.48.3
fffe488d0000-fffe488d8000 r-xp 00000000 00:25 3101183                    /usr/lib64/libogg.so.0.8.6
fffe488d8000-fffe488ec000 ---p 00008000 00:25 3101183                    /usr/lib64/libogg.so.0.8.6
fffe488ec000-fffe488f0000 r--p 0000c000 00:25 3101183                    /usr/lib64/libogg.so.0.8.6
fffe488f0000-fffe488f4000 rw-p 00000000 00:00 0 
fffe48900000-fffe48968000 r-xp 00000000 00:25 3101166                    /usr/lib64/libopus.so.0.11.0
fffe48968000-fffe4897c000 ---p 00068000 00:25 3101166                    /usr/lib64/libopus.so.0.11.0
fffe4897c000-fffe48980000 r--p 0006c000 00:25 3101166                    /usr/lib64/libopus.so.0.11.0
fffe48980000-fffe48984000 rw-p 00000000 00:00 0 
fffe48990000-fffe48a08000 r-xp 00000000 00:25 3101194                    /usr/lib64/libvorbisenc.so.2.0.12
fffe48a08000-fffe48a18000 ---p 00078000 00:25 3101194                    /usr/lib64/libvorbisenc.so.2.0.12
fffe48a18000-fffe48a30000 r--p 00078000 00:25 3101194                    /usr/lib64/libvorbisenc.so.2.0.12
fffe48a30000-fffe48a34000 rw-p 00090000 00:25 3101194                    /usr/lib64/libvorbisenc.so.2.0.12
fffe48a40000-fffe48a6c000 r-xp 00000000 00:25 3101192                    /usr/lib64/libvorbis.so.0.4.9
fffe48a6c000-fffe48a7c000 ---p 0002c000 00:25 3101192                    /usr/lib64/libvorbis.so.0.4.9
fffe48a7c000-fffe48a80000 r--p 0002c000 00:25 3101192                    /usr/lib64/libvorbis.so.0.4.9
fffe48a80000-fffe48a84000 rw-p 00000000 00:00 0 
fffe48a90000-fffe48ad0000 r-xp 00000000 00:25 3101748                    /usr/lib64/libFLAC.so.14.0.0
fffe48ad0000-fffe48adc000 ---p 00040000 00:25 3101748                    /usr/lib64/libFLAC.so.14.0.0
fffe48adc000-fffe48ae0000 r--p 0004c000 00:25 3101748                    /usr/lib64/libFLAC.so.14.0.0
fffe48ae0000-fffe48ae4000 rw-p 00050000 00:25 3101748                    /usr/lib64/libFLAC.so.14.0.0
fffe48af0000-fffe48afc000 r-xp 00000000 00:25 3104966                    /usr/lib64/libgsm.so.1.0.24
fffe48afc000-fffe48b0c000 ---p 0000c000 00:25 3104966                    /usr/lib64/libgsm.so.1.0.24
fffe48b0c000-fffe48b10000 r--p 0000c000 00:25 3104966                    /usr/lib64/libgsm.so.1.0.24
fffe48b10000-fffe48b14000 rw-p 00010000 00:25 3104966                    /usr/lib64/libgsm.so.1.0.24
fffe48b20000-fffe48b28000 r-xp 00000000 00:25 3200036                    /usr/lib64/libasyncns.so.0.3.1
fffe48b28000-fffe48b3c000 ---p 00008000 00:25 3200036                    /usr/lib64/libasyncns.so.0.3.1
fffe48b3c000-fffe48b40000 r--p 0000c000 00:25 3200036                    /usr/lib64/libasyncns.so.0.3.1
fffe48b40000-fffe48b44000 rw-p 00000000 00:00 0 
fffe48b50000-fffe48bc8000 r-xp 00000000 00:25 3105180                    /usr/lib64/libsndfile.so.1.0.37
fffe48bc8000-fffe48bdc000 ---p 00078000 00:25 3105180                    /usr/lib64/libsndfile.so.1.0.37
fffe48bdc000-fffe48be0000 r--p 0007c000 00:25 3105180                    /usr/lib64/libsndfile.so.1.0.37
fffe48be0000-fffe48be4000 rw-p 00080000 00:25 3105180                    /usr/lib64/libsndfile.so.1.0.37
fffe48bf0000-fffe48c6c000 r-xp 00000000 00:25 3200048                    /usr/lib64/pulseaudio/libpulsecommon-17.0.so
fffe48c6c000-fffe48c7c000 ---p 0007c000 00:25 3200048                    /usr/lib64/pulseaudio/libpulsecommon-17.0.so
fffe48c7c000-fffe48c80000 r--p 0007c000 00:25 3200048                    /usr/lib64/pulseaudio/libpulsecommon-17.0.so
fffe48c80000-fffe48c84000 rw-p 00080000 00:25 3200048                    /usr/lib64/pulseaudio/libpulsecommon-17.0.so
fffe48c90000-fffe48cdc000 r-xp 00000000 00:25 3200047                    /usr/lib64/libpulse.so.0.24.3
fffe48cdc000-fffe48cec000 ---p 0004c000 00:25 3200047                    /usr/lib64/libpulse.so.0.24.3
fffe48cec000-fffe48cf0000 r--p 0004c000 00:25 3200047                    /usr/lib64/libpulse.so.0.24.3
fffe48cf0000-fffe48cf4000 rw-p 00050000 00:25 3200047                    /usr/lib64/libpulse.so.0.24.3
fffe48d00000-fffe48d04000 r-xp 00000000 00:25 3200045                    /usr/lib64/libpulse-simple.so.0.1.1
fffe48d04000-fffe48d1c000 ---p 00004000 00:25 3200045                    /usr/lib64/libpulse-simple.so.0.1.1
fffe48d1c000-fffe48d20000 r--p 0000c000 00:25 3200045                    /usr/lib64/libpulse-simple.so.0.1.1
fffe48d20000-fffe48d24000 rw-p 00000000 00:00 0 
fffe48d30000-fffe48d6c000 r-xp 00000000 00:25 3200143                    /usr/lib64/libflite.so.2.2
fffe48d6c000-fffe48d7c000 ---p 0003c000 00:25 3200143                    /usr/lib64/libflite.so.2.2
fffe48d7c000-fffe48d80000 r--p 0003c000 00:25 3200143                    /usr/lib64/libflite.so.2.2
fffe48d80000-fffe48d84000 rw-p 00040000 00:25 3200143                    /usr/lib64/libflite.so.2.2
fffe48e00000-fffe50000000 rw-p 00000000 00:00 0 
fffe50000000-fffe50200000 rw-p 00000000 00:00 0 
fffe50200000-fffe54000000 ---p 00000000 00:00 0 
fffe54000000-fffe54200000 rw-p 00000000 00:00 0 
fffe54200000-fffe58000000 ---p 00000000 00:00 0 
fffe58000000-fffe58200000 rw-p 00000000 00:00 0 
fffe58200000-fffe58400000 rw-p 00000000 00:00 0 
fffe58400000-fffe5c000000 ---p 00000000 00:00 0 
fffe5c0f0000-fffe5e4f0000 rw-p 00000000 00:00 0 
fffe5e4f0000-fffe5ed00000 rw-p 00000000 00:00 0 
fffe5ed00000-fffe5ed24000 r-xp 00000000 00:25 3826951                    /usr/lib64/pipewire-0.3/libpipewire-module-session-manager.so
fffe5ed24000-fffe5ed3c000 ---p 00024000 00:25 3826951                    /usr/lib64/pipewire-0.3/libpipewire-module-session-manager.so
fffe5ed3c000-fffe5ed40000 r--p 0002c000 00:25 3826951                    /usr/lib64/pipewire-0.3/libpipewire-module-session-manager.so
fffe5ed40000-fffe5ed44000 rw-p 00000000 00:00 0 
fffe5ed50000-fffe5ed5c000 r-xp 00000000 00:25 3826933                    /usr/lib64/pipewire-0.3/libpipewire-module-metadata.so
fffe5ed5c000-fffe5ed6c000 ---p 0000c000 00:25 3826933                    /usr/lib64/pipewire-0.3/libpipewire-module-metadata.so
fffe5ed6c000-fffe5ed70000 r--p 0000c000 00:25 3826933                    /usr/lib64/pipewire-0.3/libpipewire-module-metadata.so
fffe5ed70000-fffe5ed74000 rw-p 00010000 00:25 3826933                    /usr/lib64/pipewire-0.3/libpipewire-module-metadata.so
fffe5ed80000-fffe5ed88000 r-xp 00000000 00:25 3826923                    /usr/lib64/pipewire-0.3/libpipewire-module-adapter.so
fffe5ed88000-fffe5ed9c000 ---p 00008000 00:25 3826923                    /usr/lib64/pipewire-0.3/libpipewire-module-adapter.so
fffe5ed9c000-fffe5eda0000 r--p 0000c000 00:25 3826923                    /usr/lib64/pipewire-0.3/libpipewire-module-adapter.so
fffe5eda0000-fffe5eda4000 rw-p 00010000 00:25 3826923                    /usr/lib64/pipewire-0.3/libpipewire-module-adapter.so
fffe5edb0000-fffe5edc0000 r-xp 00000000 00:25 3826925                    /usr/lib64/pipewire-0.3/libpipewire-module-client-device.so
fffe5edc0000-fffe5edcc000 ---p 00010000 00:25 3826925                    /usr/lib64/pipewire-0.3/libpipewire-module-client-device.so
fffe5edcc000-fffe5edd0000 r--p 0000c000 00:25 3826925                    /usr/lib64/pipewire-0.3/libpipewire-module-client-device.so
fffe5edd0000-fffe5edd4000 rw-p 00010000 00:25 3826925                    /usr/lib64/pipewire-0.3/libpipewire-module-client-device.so
fffe5ede0000-fffe5ee04000 r-xp 00000000 00:25 3826926                    /usr/lib64/pipewire-0.3/libpipewire-module-client-node.so
fffe5ee04000-fffe5ee1c000 ---p 00024000 00:25 3826926                    /usr/lib64/pipewire-0.3/libpipewire-module-client-node.so
fffe5ee1c000-fffe5ee20000 r--p 0002c000 00:25 3826926                    /usr/lib64/pipewire-0.3/libpipewire-module-client-node.so
fffe5ee20000-fffe5ee24000 rw-p 00030000 00:25 3826926                    /usr/lib64/pipewire-0.3/libpipewire-module-client-node.so
fffe5ee30000-fffe5eecc000 r-xp 00000000 00:25 3099166                    /usr/lib64/libpcre2-8.so.0.15.0
fffe5eecc000-fffe5eedc000 ---p 0009c000 00:25 3099166                    /usr/lib64/libpcre2-8.so.0.15.0
fffe5eedc000-fffe5eee0000 r--p 0009c000 00:25 3099166                    /usr/lib64/libpcre2-8.so.0.15.0
fffe5eee0000-fffe5eee4000 rw-p 000a0000 00:25 3099166                    /usr/lib64/libpcre2-8.so.0.15.0
fffe5eef0000-fffe5ef20000 r-xp 00000000 00:25 3102648                    /usr/lib64/libselinux.so.1
fffe5ef20000-fffe5ef2c000 ---p 00030000 00:25 3102648                    /usr/lib64/libselinux.so.1
fffe5ef2c000-fffe5ef30000 r--p 0002c000 00:25 3102648                    /usr/lib64/libselinux.so.1
fffe5ef30000-fffe5ef34000 rw-p 00030000 00:25 3102648                    /usr/lib64/libselinux.so.1
fffe5ef40000-fffe5ef6c000 r-xp 00000000 00:25 3826940                    /usr/lib64/pipewire-0.3/libpipewire-module-protocol-native.so
fffe5ef6c000-fffe5ef74000 ---p 0002c000 00:25 3826940                    /usr/lib64/pipewire-0.3/libpipewire-module-protocol-native.so
fffe5ef74000-fffe5ef80000 r--p 00034000 00:25 3826940                    /usr/lib64/pipewire-0.3/libpipewire-module-protocol-native.so
fffe5ef80000-fffe5ef84000 rw-p 00040000 00:25 3826940                    /usr/lib64/pipewire-0.3/libpipewire-module-protocol-native.so
fffe5ef90000-fffe5f7a0000 rw-p 00000000 00:00 0 
fffe5f7a0000-fffe5f7a8000 r-xp 00000000 00:25 3826945                    /usr/lib64/pipewire-0.3/libpipewire-module-rt.so
fffe5f7a8000-fffe5f7bc000 ---p 00008000 00:25 3826945                    /usr/lib64/pipewire-0.3/libpipewire-module-rt.so
fffe5f7bc000-fffe5f7c0000 r--p 0000c000 00:25 3826945                    /usr/lib64/pipewire-0.3/libpipewire-module-rt.so
fffe5f7c0000-fffe5f7c4000 rw-p 00010000 00:25 3826945                    /usr/lib64/pipewire-0.3/libpipewire-module-rt.so
fffe5f7d0000-fffe5f824000 r-xp 00000000 00:25 3098658                    /usr/lib64/libdbus-1.so.3.38.3
fffe5f824000-fffe5f83c000 ---p 00054000 00:25 3098658                    /usr/lib64/libdbus-1.so.3.38.3
fffe5f83c000-fffe5f840000 r--p 0005c000 00:25 3098658                    /usr/lib64/libdbus-1.so.3.38.3
fffe5f840000-fffe5f844000 rw-p 00060000 00:25 3098658                    /usr/lib64/libdbus-1.so.3.38.3
fffe5f850000-fffe5f858000 r-xp 00000000 00:25 3826985                    /usr/lib64/spa-0.2/support/libspa-dbus.so
fffe5f858000-fffe5f86c000 ---p 00008000 00:25 3826985                    /usr/lib64/spa-0.2/support/libspa-dbus.so
fffe5f86c000-fffe5f870000 r--p 0000c000 00:25 3826985                    /usr/lib64/spa-0.2/support/libspa-dbus.so
fffe5f870000-fffe5f874000 rw-p 00010000 00:25 3826985                    /usr/lib64/spa-0.2/support/libspa-dbus.so
fffe5f880000-fffe5f99c000 r-xp 00000000 00:25 3098609                    /usr/lib64/libsystemd.so.0.42.0
fffe5f99c000-fffe5f9a4000 ---p 0011c000 00:25 3098609                    /usr/lib64/libsystemd.so.0.42.0
fffe5f9a4000-fffe5f9b0000 r--p 00124000 00:25 3098609                    /usr/lib64/libsystemd.so.0.42.0
fffe5f9b0000-fffe5f9b4000 rw-p 00130000 00:25 3098609                    /usr/lib64/libsystemd.so.0.42.0
fffe5f9c0000-fffe5f9c4000 r-xp 00000000 00:25 3826986                    /usr/lib64/spa-0.2/support/libspa-journal.so
fffe5f9c4000-fffe5f9dc000 ---p 00004000 00:25 3826986                    /usr/lib64/spa-0.2/support/libspa-journal.so
fffe5f9dc000-fffe5f9e0000 r--p 0000c000 00:25 3826986                    /usr/lib64/spa-0.2/support/libspa-journal.so
fffe5f9e0000-fffe5f9e4000 rw-p 00010000 00:25 3826986                    /usr/lib64/spa-0.2/support/libspa-journal.so
fffe5f9f0000-fffe5fa14000 r-xp 00000000 00:25 3826987                    /usr/lib64/spa-0.2/support/libspa-support.so
fffe5fa14000-fffe5fa28000 ---p 00024000 00:25 3826987                    /usr/lib64/spa-0.2/support/libspa-support.so
fffe5fa28000-fffe5fa30000 r--p 00028000 00:25 3826987                    /usr/lib64/spa-0.2/support/libspa-support.so
fffe5fa30000-fffe5fa34000 rw-p 00030000 00:25 3826987                    /usr/lib64/spa-0.2/support/libspa-support.so
fffe5fa40000-fffe5faec000 r-xp 00000000 00:25 3826921                    /usr/lib64/libpipewire-0.3.so.0.1605.0
fffe5faec000-fffe5faf4000 ---p 000ac000 00:25 3826921                    /usr/lib64/libpipewire-0.3.so.0.1605.0
fffe5faf4000-fffe5fb10000 r--p 000b4000 00:25 3826921                    /usr/lib64/libpipewire-0.3.so.0.1605.0
fffe5fb10000-fffe5fb14000 rw-p 000d0000 00:25 3826921                    /usr/lib64/libpipewire-0.3.so.0.1605.0
fffe5fb20000-fffe5fcb4000 r-xp 00000000 00:2b 2584                       /tmp/lwjgl_anguscrump/3.4.1-snapshot/arm64/libopenal.so
fffe5fcb4000-fffe5fcc0000 ---p 00194000 00:2b 2584                       /tmp/lwjgl_anguscrump/3.4.1-snapshot/arm64/libopenal.so
fffe5fcc0000-fffe5fccc000 r--p 00190000 00:2b 2584                       /tmp/lwjgl_anguscrump/3.4.1-snapshot/arm64/libopenal.so
fffe5fccc000-fffe5fcd0000 rw-p 0019c000 00:2b 2584                       /tmp/lwjgl_anguscrump/3.4.1-snapshot/arm64/libopenal.so
fffe5fcd0000-fffe5fdb4000 rw-p 00000000 00:00 0 
fffe5fec0000-fffe60140000 rw-p 00000000 00:00 0 
fffe60140000-fffe601bc000 r-xp 00000000 00:2b 2583                       /tmp/lwjgl_anguscrump/3.4.1-snapshot/arm64/liblwjgl_stb.so
fffe601bc000-fffe601c8000 ---p 0007c000 00:2b 2583                       /tmp/lwjgl_anguscrump/3.4.1-snapshot/arm64/liblwjgl_stb.so
fffe601c8000-fffe601cc000 r--p 00078000 00:2b 2583                       /tmp/lwjgl_anguscrump/3.4.1-snapshot/arm64/liblwjgl_stb.so
fffe601cc000-fffe601d0000 rw-p 0007c000 00:2b 2583                       /tmp/lwjgl_anguscrump/3.4.1-snapshot/arm64/liblwjgl_stb.so
fffe601e0000-fffe601f0000 r-xp 00000000 00:25 3115554                    /usr/lib64/libEGL.so.1.1.0
fffe601f0000-fffe601fc000 ---p 00010000 00:25 3115554                    /usr/lib64/libEGL.so.1.1.0
fffe601fc000-fffe60200000 r--p 0000c000 00:25 3115554                    /usr/lib64/libEGL.so.1.1.0
fffe60200000-fffe60204000 rw-p 00010000 00:25 3115554                    /usr/lib64/libEGL.so.1.1.0
fffe60210000-fffe60268000 r-xp 00000000 00:2b 2582                       /tmp/lwjgl_anguscrump/3.4.1-snapshot/arm64/liblwjgl_opengl.so
fffe60268000-fffe60278000 ---p 00058000 00:2b 2582                       /tmp/lwjgl_anguscrump/3.4.1-snapshot/arm64/liblwjgl_opengl.so
fffe60278000-fffe6027c000 rw-p 00058000 00:2b 2582                       /tmp/lwjgl_anguscrump/3.4.1-snapshot/arm64/liblwjgl_opengl.so
fffe610a0000-fffe610d0000 r-xp 00000000 00:25 3098672                    /usr/lib64/liblzma.so.5.8.2
fffe610d0000-fffe610dc000 ---p 00030000 00:25 3098672                    /usr/lib64/liblzma.so.5.8.2
fffe610dc000-fffe610e0000 r--p 0003c000 00:25 3098672                    /usr/lib64/liblzma.so.5.8.2
fffe610e0000-fffe610e4000 rw-p 00000000 00:00 0 
fffe610f0000-fffe6124c000 r-xp 00000000 00:25 3098680                    /usr/lib64/libxml2.so.2.12.10
fffe6124c000-fffe61254000 ---p 0015c000 00:25 3098680                    /usr/lib64/libxml2.so.2.12.10
fffe61254000-fffe61260000 r--p 00164000 00:25 3098680                    /usr/lib64/libxml2.so.2.12.10
fffe61260000-fffe61264000 rw-p 00170000 00:25 3098680                    /usr/lib64/libxml2.so.2.12.10
fffe61270000-fffe65558000 r--p 00000000 00:25 3827814                    /usr/lib64/libLLVM.so.22.1
fffe65558000-fffe65564000 ---p 042e8000 00:25 3827814                    /usr/lib64/libLLVM.so.22.1
fffe65564000-fffe69598000 r-xp 042e4000 00:25 3827814                    /usr/lib64/libLLVM.so.22.1
fffe69598000-fffe695a4000 ---p 08328000 00:25 3827814                    /usr/lib64/libLLVM.so.22.1
fffe695a4000-fffe697c8000 r--p 08314000 00:25 3827814                    /usr/lib64/libLLVM.so.22.1
fffe697c8000-fffe697cc000 rw-p 08538000 00:25 3827814                    /usr/lib64/libLLVM.so.22.1
fffe697cc000-fffe697d8000 ---p 0855c000 00:25 3827814                    /usr/lib64/libLLVM.so.22.1
fffe697d8000-fffe697e4000 rw-p 08538000 00:25 3827814                    /usr/lib64/libLLVM.so.22.1
fffe697e4000-fffe69890000 rw-p 00000000 00:00 0 
fffe6c000000-fffe6c200000 rw-p 00000000 00:00 0 
fffe6c200000-fffe70000000 ---p 00000000 00:00 0 
fffe70000000-fffe70200000 rw-p 00000000 00:00 0 
fffe70200000-fffe74000000 ---p 00000000 00:00 0 
fffe74000000-fffe74380000 rw-p 00000000 00:00 0 
fffe74380000-fffe74400000 rw-p 00000000 00:00 0 
fffe74400000-fffe74600000 rw-p 00000000 00:00 0 
fffe74600000-fffe75000000 rw-p 00000000 00:00 0 
fffe75000000-fffe75f00000 rw-p 00000000 00:00 0 
fffe75f00000-fffe75fc0000 rw-p 00000000 00:00 0 
fffe75fc0000-fffe76000000 ---p 00000000 00:00 0 
fffe76000000-fffe774f0000 rw-p 00000000 00:00 0 
fffe774f0000-fffe78000000 ---p 00000000 00:00 0 
fffe78000000-fffe78200000 rw-p 00000000 00:00 0 
fffe78200000-fffe7c000000 ---p 00000000 00:00 0 
fffe7c000000-fffe7c200000 rw-p 00000000 00:00 0 
fffe7c200000-fffe7d800000 rw-p 00000000 00:00 0 
fffe7d800000-fffe80000000 ---p 00000000 00:00 0 
fffe80000000-fffe80200000 rw-p 00000000 00:00 0 
fffe80200000-fffe84000000 ---p 00000000 00:00 0 
fffe84000000-fffe84200000 rw-p 00000000 00:00 0 
fffe84200000-fffe88000000 ---p 00000000 00:00 0 
fffe88000000-fffe88200000 rw-p 00000000 00:00 0 
fffe88200000-fffe8c000000 ---p 00000000 00:00 0 
fffe8c000000-fffe8c200000 rw-p 00000000 00:00 0 
fffe8c200000-fffe90000000 ---p 00000000 00:00 0 
fffe90000000-fffe90200000 rw-p 00000000 00:00 0 
fffe90200000-fffe94000000 ---p 00000000 00:00 0 
fffe94000000-fffe94200000 rw-p 00000000 00:00 0 
fffe94200000-fffe98000000 ---p 00000000 00:00 0 
fffe98000000-fffe98200000 rw-p 00000000 00:00 0 
fffe98200000-fffe9c000000 ---p 00000000 00:00 0 
fffe9c000000-fffe9c200000 rw-p 00000000 00:00 0 
fffe9c200000-fffea0000000 ---p 00000000 00:00 0 
fffea0000000-fffea0200000 rw-p 00000000 00:00 0 
fffea0200000-fffea4000000 ---p 00000000 00:00 0 
fffea4000000-fffea4200000 rw-p 00000000 00:00 0 
fffea4200000-fffea8000000 ---p 00000000 00:00 0 
fffea8000000-fffea8200000 rw-p 00000000 00:00 0 
fffea8200000-fffeac000000 ---p 00000000 00:00 0 
fffeac000000-fffeac200000 rw-p 00000000 00:00 0 
fffeac200000-fffeb0000000 ---p 00000000 00:00 0 
fffeb0000000-fffeb0200000 rw-p 00000000 00:00 0 
fffeb0200000-fffeb4000000 ---p 00000000 00:00 0 
fffeb4000000-fffeb4200000 rw-p 00000000 00:00 0 
fffeb4200000-fffeb8000000 ---p 00000000 00:00 0 
fffeb8000000-fffeb8200000 rw-p 00000000 00:00 0 
fffeb8200000-fffebc000000 ---p 00000000 00:00 0 
fffebc000000-fffebc200000 rw-p 00000000 00:00 0 
fffebc200000-fffebe200000 rw-p 00000000 00:00 0 
fffebe200000-fffec0000000 ---p 00000000 00:00 0 
fffec0000000-fffec0200000 rw-p 00000000 00:00 0 
fffec0200000-fffec2400000 rw-p 00000000 00:00 0 
fffec2400000-fffec4000000 ---p 00000000 00:00 0 
fffec4000000-fffec4200000 rw-p 00000000 00:00 0 
fffec4200000-fffec6000000 rw-p 00000000 00:00 0 
fffec6000000-fffec8000000 ---p 00000000 00:00 0 
fffec8000000-fffec8200000 rw-p 00000000 00:00 0 
fffec8200000-fffecc000000 ---p 00000000 00:00 0 
fffecc000000-fffecc200000 rw-p 00000000 00:00 0 
fffecc200000-fffed0000000 ---p 00000000 00:00 0 
fffed0000000-fffed0200000 rw-p 00000000 00:00 0 
fffed0200000-fffed4000000 ---p 00000000 00:00 0 
fffed4000000-fffed4200000 rw-p 00000000 00:00 0 
fffed4200000-fffed8000000 ---p 00000000 00:00 0 
fffed8000000-fffed8200000 rw-p 00000000 00:00 0 
fffed8200000-fffedc000000 ---p 00000000 00:00 0 
fffedc040000-fffedc068000 r-xp 00000000 00:25 3098080                    /usr/lib64/libtinfo.so.6.6
fffedc068000-fffedc07c000 ---p 00028000 00:25 3098080                    /usr/lib64/libtinfo.so.6.6
fffedc07c000-fffedc080000 r--p 0002c000 00:25 3098080                    /usr/lib64/libtinfo.so.6.6
fffedc080000-fffedc084000 rw-p 00030000 00:25 3098080                    /usr/lib64/libtinfo.so.6.6
fffedc090000-fffedc0c4000 r-xp 00000000 00:25 3859435                    /usr/lib64/libedit.so.0.0.78
fffedc0c4000-fffedc0dc000 ---p 00034000 00:25 3859435                    /usr/lib64/libedit.so.0.0.78
fffedc0dc000-fffedc0e0000 r--p 0003c000 00:25 3859435                    /usr/lib64/libedit.so.0.0.78
fffedc0e0000-fffedc0e4000 rw-p 00040000 00:25 3859435                    /usr/lib64/libedit.so.0.0.78
fffedc0f0000-fffedc108000 r-xp 00000000 00:25 3099018                    /usr/lib64/libffi.so.8.2.0
fffedc108000-fffedc11c000 ---p 00018000 00:25 3099018                    /usr/lib64/libffi.so.8.2.0
fffedc11c000-fffedc120000 r--p 0001c000 00:25 3099018                    /usr/lib64/libffi.so.8.2.0
fffedc120000-fffedc124000 rw-p 00020000 00:25 3099018                    /usr/lib64/libffi.so.8.2.0
fffedc130000-fffedc3ac000 r-xp 00000000 00:25 3565243                    /usr/lib64/libstdc++.so.6.0.35
fffedc3ac000-fffedc3bc000 ---p 0027c000 00:25 3565243                    /usr/lib64/libstdc++.so.6.0.35
fffedc3bc000-fffedc3d0000 r--p 0027c000 00:25 3565243                    /usr/lib64/libstdc++.so.6.0.35
fffedc3d0000-fffedc3d4000 rw-p 00290000 00:25 3565243                    /usr/lib64/libstdc++.so.6.0.35
fffedc3d4000-fffedc3d8000 rw-p 00000000 00:00 0 
fffedc6b0000-fffedc774000 r-xp 00000000 00:25 3098619                    /usr/lib64/libzstd.so.1.5.7
fffedc774000-fffedc78c000 ---p 000c4000 00:25 3098619                    /usr/lib64/libzstd.so.1.5.7
fffedc78c000-fffedc790000 r--p 000cc000 00:25 3098619                    /usr/lib64/libzstd.so.1.5.7
fffedc790000-fffedc794000 rw-p 000d0000 00:25 3098619                    /usr/lib64/libzstd.so.1.5.7
fffedc9a0000-fffedcab8000 r-xp 00000000 00:25 3105144                    /usr/lib64/libGLdispatch.so.0.0.0
fffedcab8000-fffedcac4000 ---p 00118000 00:25 3105144                    /usr/lib64/libGLdispatch.so.0.0.0
fffedcac4000-fffedcae0000 r--p 00124000 00:25 3105144                    /usr/lib64/libGLdispatch.so.0.0.0
fffedcae0000-fffedcae4000 rw-p 00140000 00:25 3105144                    /usr/lib64/libGLdispatch.so.0.0.0
fffedcae4000-fffedcaec000 rw-p 00000000 00:00 0 
fffedcba0000-fffedcba8000 r-xp 00000000 00:25 3101940                    /usr/lib64/libXfixes.so.3.1.0
fffedcba8000-fffedcbbc000 ---p 00008000 00:25 3101940                    /usr/lib64/libXfixes.so.3.1.0
fffedcbbc000-fffedcbc0000 r--p 0000c000 00:25 3101940                    /usr/lib64/libXfixes.so.3.1.0
fffedcbc0000-fffedcbc4000 rw-p 00010000 00:25 3101940                    /usr/lib64/libXfixes.so.3.1.0
fffedcbd0000-fffedcbdc000 r-xp 00000000 00:25 3101960                    /usr/lib64/libXcursor.so.1.0.2
fffedcbdc000-fffedcbec000 ---p 0000c000 00:25 3101960                    /usr/lib64/libXcursor.so.1.0.2
fffedcbec000-fffedcbf0000 r--p 0000c000 00:25 3101960                    /usr/lib64/libXcursor.so.1.0.2
fffedcbf0000-fffedcbf4000 rw-p 00000000 00:00 0 
fffedcc00000-fffedcc0c000 r-xp 00000000 00:25 3101950                    /usr/lib64/libXrender.so.1.3.0
fffedcc0c000-fffedcc1c000 ---p 0000c000 00:25 3101950                    /usr/lib64/libXrender.so.1.3.0
fffedcc1c000-fffedcc20000 r--p 0000c000 00:25 3101950                    /usr/lib64/libXrender.so.1.3.0
fffedcc20000-fffedcc24000 rw-p 00010000 00:25 3101950                    /usr/lib64/libXrender.so.1.3.0
fffedcc90000-fffedcdd8000 r-xp 00000000 00:25 3101932                    /usr/lib64/libX11.so.6.4.0
fffedcdd8000-fffedcdec000 ---p 00148000 00:25 3101932                    /usr/lib64/libX11.so.6.4.0
fffedcdec000-fffedcdf0000 r--p 0014c000 00:25 3101932                    /usr/lib64/libX11.so.6.4.0
fffedcdf0000-fffedcdf4000 rw-p 00150000 00:25 3101932                    /usr/lib64/libX11.so.6.4.0
fffedce00000-fffedd200000 rw-p 00000000 00:00 0 
fffedd230000-fffedd244000 r-xp 00000000 00:25 3101935                    /usr/lib64/libXext.so.6.4.0
fffedd244000-fffedd25c000 ---p 00014000 00:25 3101935                    /usr/lib64/libXext.so.6.4.0
fffedd25c000-fffedd260000 r--p 0001c000 00:25 3101935                    /usr/lib64/libXext.so.6.4.0
fffedd260000-fffedd264000 rw-p 00020000 00:25 3101935                    /usr/lib64/libXext.so.6.4.0
fffedd2a0000-fffedd314000 r-xp 00000000 00:2b 2581                       /tmp/lwjgl_anguscrump/3.4.1-snapshot/arm64/libjemalloc.so
fffedd314000-fffedd320000 ---p 00074000 00:2b 2581                       /tmp/lwjgl_anguscrump/3.4.1-snapshot/arm64/libjemalloc.so
fffedd320000-fffedd324000 r--p 00070000 00:2b 2581                       /tmp/lwjgl_anguscrump/3.4.1-snapshot/arm64/libjemalloc.so
fffedd324000-fffedd328000 rw-p 00074000 00:2b 2581                       /tmp/lwjgl_anguscrump/3.4.1-snapshot/arm64/libjemalloc.so
fffedd328000-fffedd3b4000 rw-p 00000000 00:00 0 
fffedd3c0000-fffeddc00000 rw-p 00000000 00:00 0 
fffeddc00000-fffeddc0c000 ---p 00000000 00:00 0 
fffeddc0c000-fffedde00000 rw-p 00000000 00:00 0 
fffedde00000-fffedde0c000 ---p 00000000 00:00 0 
fffedde0c000-fffede000000 rw-p 00000000 00:00 0 
fffede000000-fffeebe94000 r--p 00000000 00:25 3810908                    /usr/lib/locale/locale-archive
fffeebec0000-fffeebec4000 r-xp 00000000 00:25 3101844                    /usr/lib64/libXau.so.6.0.0
fffeebec4000-fffeebedc000 ---p 00004000 00:25 3101844                    /usr/lib64/libXau.so.6.0.0
fffeebedc000-fffeebee0000 r--p 0000c000 00:25 3101844                    /usr/lib64/libXau.so.6.0.0
fffeebee0000-fffeebee4000 rw-p 00000000 00:00 0 
fffeebef0000-fffeebf1c000 r-xp 00000000 00:25 3101927                    /usr/lib64/libxcb.so.1.1.0
fffeebf1c000-fffeebf2c000 ---p 0002c000 00:25 3101927                    /usr/lib64/libxcb.so.1.1.0
fffeebf2c000-fffeebf30000 r--p 0002c000 00:25 3101927                    /usr/lib64/libxcb.so.1.1.0
fffeebf30000-fffeebf34000 rw-p 00030000 00:25 3101927                    /usr/lib64/libxcb.so.1.1.0
fffeebf40000-fffeebfb4000 r-xp 00000000 00:2b 2580                       /tmp/lwjgl_anguscrump/3.4.1-snapshot/arm64/libglfw.so
fffeebfb4000-fffeebfc4000 ---p 00074000 00:2b 2580                       /tmp/lwjgl_anguscrump/3.4.1-snapshot/arm64/libglfw.so
fffeebfc4000-fffeebfcc000 rw-p 00074000 00:2b 2580                       /tmp/lwjgl_anguscrump/3.4.1-snapshot/arm64/libglfw.so
fffeebfcc000-fffeebff0000 rw-p 00000000 00:00 0 
fffeec000000-fffeec400000 rw-p 00000000 00:00 0 
fffeec400000-fffeecbc0000 rw-p 00000000 00:00 0 
fffeecbc0000-fffeecc00000 rw-p 00000000 00:00 0 
fffeecc00000-fffeed180000 rw-p 00000000 00:00 0 
fffeed180000-fffeed200000 rw-p 00000000 00:00 0 
fffeed200000-fffeee300000 rw-p 00000000 00:00 0 
fffeee300000-fffeee400000 rw-p 00000000 00:00 0 
fffeee400000-fffeee860000 rw-p 00000000 00:00 0 
fffeee860000-fffef0000000 rw-p 00000000 00:00 0 
fffef0000000-fffef0200000 rw-p 00000000 00:00 0 
fffef0200000-fffef4000000 ---p 00000000 00:00 0 
fffef4000000-fffef4200000 rw-p 00000000 00:00 0 
fffef4200000-fffef4600000 rw-p 00000000 00:00 0 
fffef4600000-fffef8000000 ---p 00000000 00:00 0 
fffef8000000-fffef8200000 rw-p 00000000 00:00 0 
fffef8200000-fffefc000000 ---p 00000000 00:00 0 
fffefc000000-fffefc200000 rw-p 00000000 00:00 0 
fffefc200000-ffff00000000 ---p 00000000 00:00 0 
ffff00000000-ffff00200000 rw-p 00000000 00:00 0 
ffff00200000-ffff04000000 ---p 00000000 00:00 0 
ffff04000000-ffff04200000 rw-p 00000000 00:00 0 
ffff04200000-ffff08000000 ---p 00000000 00:00 0 
ffff08020000-ffff080a4000 r-xp 00000000 00:2b 2579                       /tmp/lwjgl_anguscrump/3.4.1-snapshot/arm64/liblwjgl.so
ffff080a4000-ffff080b0000 ---p 00084000 00:2b 2579                       /tmp/lwjgl_anguscrump/3.4.1-snapshot/arm64/liblwjgl.so
ffff080b0000-ffff080b4000 r--p 00080000 00:2b 2579                       /tmp/lwjgl_anguscrump/3.4.1-snapshot/arm64/liblwjgl.so
ffff080b4000-ffff080b8000 rw-p 00084000 00:2b 2579                       /tmp/lwjgl_anguscrump/3.4.1-snapshot/arm64/liblwjgl.so
ffff080c0000-ffff080c4000 r-xp 00000000 00:25 8789711                    /home/anguscrump/.jdks/jbr-25.0.3/lib/libextnet.so
ffff080c4000-ffff080dc000 ---p 00004000 00:25 8789711                    /home/anguscrump/.jdks/jbr-25.0.3/lib/libextnet.so
ffff080dc000-ffff080e0000 r--p 0000c000 00:25 8789711                    /home/anguscrump/.jdks/jbr-25.0.3/lib/libextnet.so
ffff080e0000-ffff080e4000 rw-p 00000000 00:00 0 
ffff080f0000-ffff08120000 r-xp 00000000 00:25 3098606                    /usr/lib64/libnss_resolve.so.2
ffff08120000-ffff0812c000 ---p 00030000 00:25 3098606                    /usr/lib64/libnss_resolve.so.2
ffff0812c000-ffff08130000 r--p 0003c000 00:25 3098606                    /usr/lib64/libnss_resolve.so.2
ffff08130000-ffff08134000 rw-p 00040000 00:25 3098606                    /usr/lib64/libnss_resolve.so.2
ffff08140000-ffff08184000 r-xp 00000000 00:25 3098611                    /usr/lib64/libudev.so.1.7.12
ffff08184000-ffff08198000 ---p 00044000 00:25 3098611                    /usr/lib64/libudev.so.1.7.12
ffff08198000-ffff081a0000 r--p 00048000 00:25 3098611                    /usr/lib64/libudev.so.1.7.12
ffff081a0000-ffff081a4000 rw-p 00050000 00:25 3098611                    /usr/lib64/libudev.so.1.7.12
ffff083b0000-ffff083bc000 ---p 00000000 00:00 0 
ffff083bc000-ffff085b0000 rw-p 00000000 00:00 0 
ffff08bb0000-ffff08bbc000 ---p 00000000 00:00 0 
ffff08bbc000-ffff08db0000 rw-p 00000000 00:00 0 
ffff08db0000-ffff08dbc000 ---p 00000000 00:00 0 
ffff08dbc000-ffff08fb0000 rw-p 00000000 00:00 0 
ffff091b0000-ffff09c00000 rw-p 00000000 00:00 0 
ffff09c00000-ffff09c0c000 ---p 00000000 00:00 0 
ffff09c0c000-ffff09e00000 rw-p 00000000 00:00 0 
ffff0a000000-ffff0c000000 rw-p 00000000 00:00 0 
ffff0c000000-ffff0c200000 rw-p 00000000 00:00 0 
ffff0c200000-ffff10000000 ---p 00000000 00:00 0 
ffff10000000-ffff10200000 rw-p 00000000 00:00 0 
ffff10200000-ffff14000000 ---p 00000000 00:00 0 
ffff14020000-ffff14024000 r-xp 00000000 00:25 3115273                    /usr/lib64/libnss_mdns4_minimal.so.2
ffff14024000-ffff1403c000 ---p 00004000 00:25 3115273                    /usr/lib64/libnss_mdns4_minimal.so.2
ffff1403c000-ffff14040000 r--p 0000c000 00:25 3115273                    /usr/lib64/libnss_mdns4_minimal.so.2
ffff14040000-ffff14044000 rw-p 00000000 00:00 0 
ffff1404c000-ffff14058000 ---p 00000000 00:00 0 
ffff14058000-ffff14080000 rw-p 00000000 00:00 0 
ffff14080000-ffff140a4000 r-xp 00000000 00:25 8817959                    /home/anguscrump/.cache/JNA/temp/jna2370494158722432069.tmp (deleted)
ffff140a4000-ffff140b0000 ---p 00024000 00:25 8817959                    /home/anguscrump/.cache/JNA/temp/jna2370494158722432069.tmp (deleted)
ffff140b0000-ffff140b4000 r--p 00020000 00:25 8817959                    /home/anguscrump/.cache/JNA/temp/jna2370494158722432069.tmp (deleted)
ffff140b4000-ffff140b8000 rw-p 00024000 00:25 8817959                    /home/anguscrump/.cache/JNA/temp/jna2370494158722432069.tmp (deleted)
ffff140c0000-ffff140d0000 r-xp 00000000 00:25 8789741                    /home/anguscrump/.jdks/jbr-25.0.3/lib/libverify.so
ffff140d0000-ffff140dc000 ---p 00010000 00:25 8789741                    /home/anguscrump/.jdks/jbr-25.0.3/lib/libverify.so
ffff140dc000-ffff140e0000 r--p 0000c000 00:25 8789741                    /home/anguscrump/.jdks/jbr-25.0.3/lib/libverify.so
ffff140e0000-ffff140e4000 rw-p 00000000 00:00 0 
ffff140f0000-ffff14110000 r-xp 00000000 00:25 3565233                    /usr/lib64/libgcc_s-16-20260501.so.1
ffff14110000-ffff1411c000 ---p 00020000 00:25 3565233                    /usr/lib64/libgcc_s-16-20260501.so.1
ffff1411c000-ffff14120000 r--p 0001c000 00:25 3565233                    /usr/lib64/libgcc_s-16-20260501.so.1
ffff14120000-ffff14124000 rw-p 00000000 00:00 0 
ffff14130000-ffff1415c000 r-xp 00000000 00:25 3098605                    /usr/lib64/libnss_myhostname.so.2
ffff1415c000-ffff14168000 ---p 0002c000 00:25 3098605                    /usr/lib64/libnss_myhostname.so.2
ffff14168000-ffff14170000 r--p 00028000 00:25 3098605                    /usr/lib64/libnss_myhostname.so.2
ffff14170000-ffff14174000 rw-p 00030000 00:25 3098605                    /usr/lib64/libnss_myhostname.so.2
ffff14180000-ffff14188000 r-xp 00000000 00:25 8789729                    /home/anguscrump/.jdks/jbr-25.0.3/lib/libmanagement_ext.so
ffff14188000-ffff1419c000 ---p 00008000 00:25 8789729                    /home/anguscrump/.jdks/jbr-25.0.3/lib/libmanagement_ext.so
ffff1419c000-ffff141a0000 r--p 0000c000 00:25 8789729                    /home/anguscrump/.jdks/jbr-25.0.3/lib/libmanagement_ext.so
ffff141a0000-ffff141a4000 rw-p 00000000 00:00 0 
ffff141b0000-ffff141b4000 r-xp 00000000 00:25 8789728                    /home/anguscrump/.jdks/jbr-25.0.3/lib/libmanagement.so
ffff141b4000-ffff141cc000 ---p 00004000 00:25 8789728                    /home/anguscrump/.jdks/jbr-25.0.3/lib/libmanagement.so
ffff141cc000-ffff141d0000 r--p 0000c000 00:25 8789728                    /home/anguscrump/.jdks/jbr-25.0.3/lib/libmanagement.so
ffff141d0000-ffff141d4000 rw-p 00000000 00:00 0 
ffff141e0000-ffff141e8000 r-xp 00000000 00:25 8789743                    /home/anguscrump/.jdks/jbr-25.0.3/lib/libzip.so
ffff141e8000-ffff141fc000 ---p 00008000 00:25 8789743                    /home/anguscrump/.jdks/jbr-25.0.3/lib/libzip.so
ffff141fc000-ffff14200000 r--p 0000c000 00:25 8789743                    /home/anguscrump/.jdks/jbr-25.0.3/lib/libzip.so
ffff14200000-ffff14204000 rw-p 00000000 00:00 0 
ffff14210000-ffff1421c000 r-xp 00000000 00:25 8789731                    /home/anguscrump/.jdks/jbr-25.0.3/lib/libnet.so
ffff1421c000-ffff1422c000 ---p 0000c000 00:25 8789731                    /home/anguscrump/.jdks/jbr-25.0.3/lib/libnet.so
ffff1422c000-ffff14230000 r--p 0000c000 00:25 8789731                    /home/anguscrump/.jdks/jbr-25.0.3/lib/libnet.so
ffff14230000-ffff14234000 rw-p 00000000 00:00 0 
ffff1423c000-ffff14248000 ---p 00000000 00:00 0 
ffff14248000-ffff1443c000 rw-p 00000000 00:00 0 
ffff1443c000-ffff14448000 ---p 00000000 00:00 0 
ffff14448000-ffff1463c000 rw-p 00000000 00:00 0 
ffff1463c000-ffff14648000 ---p 00000000 00:00 0 
ffff14648000-ffff1483c000 rw-p 00000000 00:00 0 
ffff1483c000-ffff14848000 ---p 00000000 00:00 0 
ffff14848000-ffff14a3c000 rw-p 00000000 00:00 0 
ffff14a3c000-ffff14a48000 ---p 00000000 00:00 0 
ffff14a48000-ffff14c3c000 rw-p 00000000 00:00 0 
ffff14c3c000-ffff14c48000 ---p 00000000 00:00 0 
ffff14c48000-ffff14e3c000 rw-p 00000000 00:00 0 
ffff14e3c000-ffff14e48000 ---p 00000000 00:00 0 
ffff14e48000-ffff1503c000 rw-p 00000000 00:00 0 
ffff1503c000-ffff15048000 ---p 00000000 00:00 0 
ffff15048000-ffff1523c000 rw-p 00000000 00:00 0 
ffff1523c000-ffff162ac000 rw-p 00000000 00:00 0 
ffff162ac000-ffff18ee4000 ---p 00000000 00:00 0 
ffff18ee4000-ffff18ffc000 rw-p 00000000 00:00 0 
ffff18ffc000-ffff1ab7c000 rwxp 00000000 00:00 0 
ffff1ab7c000-ffff20534000 ---p 00000000 00:00 0 
ffff20534000-ffff208e4000 rwxp 00000000 00:00 0 
ffff208e4000-ffff20ac8000 ---p 00000000 00:00 0 
ffff20ac8000-ffff219b8000 rwxp 00000000 00:00 0 
ffff219b8000-ffff28000000 ---p 00000000 00:00 0 
ffff28000000-ffff2bff4000 r--s 00000000 00:25 8789745                    /home/anguscrump/.jdks/jbr-25.0.3/lib/modules
ffff2c000000-ffff2c200000 rw-p 00000000 00:00 0 
ffff2c200000-ffff30000000 rw-p 00000000 00:00 0 
ffff30010000-ffff30024000 r-xp 00000000 00:25 8789733                    /home/anguscrump/.jdks/jbr-25.0.3/lib/libnio.so
ffff30024000-ffff3003c000 ---p 00014000 00:25 8789733                    /home/anguscrump/.jdks/jbr-25.0.3/lib/libnio.so
ffff3003c000-ffff30040000 r--p 0001c000 00:25 8789733                    /home/anguscrump/.jdks/jbr-25.0.3/lib/libnio.so
ffff30040000-ffff30044000 rw-p 00020000 00:25 8789733                    /home/anguscrump/.jdks/jbr-25.0.3/lib/libnio.so
ffff30044000-ffff300a4000 rw-p 00000000 00:00 0 
ffff300a4000-ffff302b4000 rw-p 00000000 00:00 0 
ffff302b4000-ffff302c0000 ---p 00000000 00:00 0 
ffff302c0000-ffff306d4000 rw-p 00000000 00:00 0 
ffff306d4000-ffff306d8000 r-xp 00000000 00:2b 9905                       /tmp/#9905 (deleted)
ffff306d8000-ffff306dc000 rw-p 00000000 00:00 0 
ffff30744000-ffff30b64000 rw-p 00000000 00:00 0 
ffff30b64000-ffff31488000 rw-p 00000000 00:00 0 
ffff31488000-ffff31ab8000 rw-p 00000000 00:00 0 
ffff31ab8000-ffff31d14000 rw-p 00000000 00:00 0 
ffff31d14000-ffff32298000 ---p 00000000 00:00 0 
ffff32298000-ffff32498000 rw-p 00000000 00:00 0 
ffff32498000-ffff32a1c000 ---p 00000000 00:00 0 
ffff32a1c000-ffff3329c000 rw-p 00000000 00:00 0 
ffff3329c000-ffff33438000 ---p 00000000 00:00 0 
ffff33438000-ffff334a8000 rw-p 00000000 00:00 0 
ffff334a8000-ffff33610000 ---p 00000000 00:00 0 
ffff33610000-ffff33634000 r-xp 00000000 00:25 8789719                    /home/anguscrump/.jdks/jbr-25.0.3/lib/libjava.so
ffff33634000-ffff3364c000 ---p 00024000 00:25 8789719                    /home/anguscrump/.jdks/jbr-25.0.3/lib/libjava.so
ffff3364c000-ffff33650000 r--p 0002c000 00:25 8789719                    /home/anguscrump/.jdks/jbr-25.0.3/lib/libjava.so
ffff33650000-ffff33654000 rw-p 00030000 00:25 8789719                    /home/anguscrump/.jdks/jbr-25.0.3/lib/libjava.so
ffff33660000-ffff3367c000 r-xp 00000000 00:25 8789723                    /home/anguscrump/.jdks/jbr-25.0.3/lib/libjimage.so
ffff3367c000-ffff3368c000 ---p 0001c000 00:25 8789723                    /home/anguscrump/.jdks/jbr-25.0.3/lib/libjimage.so
ffff3368c000-ffff33690000 r--p 0001c000 00:25 8789723                    /home/anguscrump/.jdks/jbr-25.0.3/lib/libjimage.so
ffff33690000-ffff33694000 rw-p 00020000 00:25 8789723                    /home/anguscrump/.jdks/jbr-25.0.3/lib/libjimage.so
ffff336a0000-ffff336ac000 ---p 00000000 00:00 0 
ffff336ac000-ffff338a0000 rw-p 00000000 00:00 0 
ffff338a0000-ffff33950000 r-xp 00000000 00:25 3800671                    /usr/lib64/libm.so.6
ffff33950000-ffff3395c000 ---p 000b0000 00:25 3800671                    /usr/lib64/libm.so.6
ffff3395c000-ffff33960000 r--p 000ac000 00:25 3800671                    /usr/lib64/libm.so.6
ffff33960000-ffff33964000 rw-p 000b0000 00:25 3800671                    /usr/lib64/libm.so.6
ffff33970000-ffff33974000 r-xp 00000000 00:25 3800679                    /usr/lib64/librt.so.1
ffff33974000-ffff3398c000 ---p 00004000 00:25 3800679                    /usr/lib64/librt.so.1
ffff3398c000-ffff33990000 r--p 0000c000 00:25 3800679                    /usr/lib64/librt.so.1
ffff33990000-ffff33994000 rw-p 00000000 00:00 0 
ffff339a0000-ffff34d20000 r-xp 00000000 00:25 8789753                    /home/anguscrump/.jdks/jbr-25.0.3/lib/server/libjvm.so
ffff34d20000-ffff34d30000 ---p 01380000 00:25 8789753                    /home/anguscrump/.jdks/jbr-25.0.3/lib/server/libjvm.so
ffff34d30000-ffff34e10000 r--p 01380000 00:25 8789753                    /home/anguscrump/.jdks/jbr-25.0.3/lib/server/libjvm.so
ffff34e10000-ffff34e40000 rw-p 01460000 00:25 8789753                    /home/anguscrump/.jdks/jbr-25.0.3/lib/server/libjvm.so
ffff34e40000-ffff34ee8000 rw-p 00000000 00:00 0 
ffff34ef0000-ffff34ef4000 r-xp 00000000 00:25 3800677                    /usr/lib64/libpthread.so.0
ffff34ef4000-ffff34f0c000 ---p 00004000 00:25 3800677                    /usr/lib64/libpthread.so.0
ffff34f0c000-ffff34f10000 r--p 0000c000 00:25 3800677                    /usr/lib64/libpthread.so.0
ffff34f10000-ffff34f14000 rw-p 00000000 00:00 0 
ffff34f20000-ffff34f24000 r-xp 00000000 00:25 3800670                    /usr/lib64/libdl.so.2
ffff34f24000-ffff34f3c000 ---p 00004000 00:25 3800670                    /usr/lib64/libdl.so.2
ffff34f3c000-ffff34f40000 r--p 0000c000 00:25 3800670                    /usr/lib64/libdl.so.2
ffff34f40000-ffff34f44000 rw-p 00000000 00:00 0 
ffff34f50000-ffff34f70000 r-xp 00000000 00:25 3098599                    /usr/lib64/libz.so.1.3.1.zlib-ng
ffff34f70000-ffff34f7c000 ---p 00020000 00:25 3098599                    /usr/lib64/libz.so.1.3.1.zlib-ng
ffff34f7c000-ffff34f80000 r--p 0001c000 00:25 3098599                    /usr/lib64/libz.so.1.3.1.zlib-ng
ffff34f80000-ffff34f84000 rw-p 00020000 00:25 3098599                    /usr/lib64/libz.so.1.3.1.zlib-ng
ffff34f90000-ffff35138000 r-xp 00000000 00:25 3800669                    /usr/lib64/libc.so.6
ffff35138000-ffff3514c000 ---p 001a8000 00:25 3800669                    /usr/lib64/libc.so.6
ffff3514c000-ffff35150000 r--p 001ac000 00:25 3800669                    /usr/lib64/libc.so.6
ffff35150000-ffff35154000 rw-p 001b0000 00:25 3800669                    /usr/lib64/libc.so.6
ffff35154000-ffff3515c000 rw-p 00000000 00:00 0 
ffff35164000-ffff35168000 r--p 00000000 00:00 0 
ffff35168000-ffff35170000 r--s 00000000 00:25 3811701                    /usr/lib64/gconv/gconv-modules.cache
ffff35170000-ffff35180000 rw-p 00000000 00:00 0 
ffff35180000-ffff35188000 ---p 00000000 00:00 0 
ffff35188000-ffff35190000 rw-s 00000000 00:2b 9903                       /tmp/hsperfdata_anguscrump/365945 (deleted)
ffff35190000-ffff351a0000 r-xp 00000000 00:25 8789724                    /home/anguscrump/.jdks/jbr-25.0.3/lib/libjli.so
ffff351a0000-ffff351ac000 ---p 00010000 00:25 8789724                    /home/anguscrump/.jdks/jbr-25.0.3/lib/libjli.so
ffff351ac000-ffff351b0000 r--p 0000c000 00:25 8789724                    /home/anguscrump/.jdks/jbr-25.0.3/lib/libjli.so
ffff351b0000-ffff351b4000 rw-p 00010000 00:25 8789724                    /home/anguscrump/.jdks/jbr-25.0.3/lib/libjli.so
ffff351b4000-ffff351b8000 rw-p 00000000 00:00 0 
ffff351b8000-ffff351bc000 ---p 00000000 00:00 0 
ffff351bc000-ffff351c0000 r--p 00000000 00:00 0 
ffff351c0000-ffff351d0000 r--p 00000000 00:00 0                          [vvar]
ffff351d0000-ffff351d4000 r-xp 00000000 00:00 0                          [vdso]
ffff351d4000-ffff35200000 r-xp 00000000 00:25 3800657                    /usr/lib/ld-linux-aarch64.so.1
ffff35200000-ffff35204000 rw-p 00000000 00:00 0 
ffff35204000-ffff35208000 ---p 00000000 00:00 0 
ffff35208000-ffff35210000 rw-p 00000000 00:00 0 
ffff35210000-ffff35214000 r--p 0002c000 00:25 3800657                    /usr/lib/ld-linux-aarch64.so.1
ffff35214000-ffff35218000 rw-p 00030000 00:25 3800657                    /usr/lib/ld-linux-aarch64.so.1
ffffdad24000-ffffdad48000 rw-p 00000000 00:00 0                          [stack]
Total number of mappings: 630

JVMTI agents: none


VM Arguments:
jvm_args: -Dfabric.dli.config=/home/anguscrump/Documents/Coding/ribbon-world/.gradle/loom-cache/launch.cfg -Dfabric.dli.env=client -Dfabric.dli.main=net.fabricmc.loader.impl.launch.knot.KnotClient --sun-misc-unsafe-memory-access=allow --enable-native-access=ALL-UNNAMED --sun-misc-unsafe-memory-access=allow --enable-native-access=ALL-UNNAMED -Dfile.encoding=UTF-8 -Duser.country=AU -Duser.language=en -Duser.variant -Dawt.toolkit.name=XToolkit 
java_command: net.fabricmc.devlaunchinjector.Main
java_class_path (initial): /home/anguscrump/Documents/Coding/ribbon-world/build/classes/java/client:/home/anguscrump/Documents/Coding/ribbon-world/build/resources/client:/home/anguscrump/.gradle/caches/modules-2/files-2.1/net.fabricmc/fabric-loader/0.19.2/cc647a5b22dbc49b9a3267cebcee25fc4882b108/fabric-loader-0.19.2.jar:/home/anguscrump/.gradle/caches/modules-2/files-2.1/net.fabricmc.fabric-api/fabric-api/0.149.0+26.1.2/1d3aa9049af831d4d7ed7fbf1b5f0fbb37d7fab4/fabric-api-0.149.0+26.1.2.jar:/home/anguscrump/.gradle/caches/modules-2/files-2.1/org.ow2.asm/asm/9.9/c29635c8a7afa03d74b33c1884df8abb2b3f3dcc/asm-9.9.jar:/home/anguscrump/.gradle/caches/modules-2/files-2.1/org.ow2.asm/asm-analysis/9.9/bf4fa6e66638851c1cd22c2caea0c3ee5d5f437/asm-analysis-9.9.jar:/home/anguscrump/.gradle/caches/modules-2/files-2.1/org.ow2.asm/asm-commons/9.9/db9165a3bf908ded6b08612d583a15d1d0c7bda0/asm-commons-9.9.jar:/home/anguscrump/.gradle/caches/modules-2/files-2.1/org.ow2.asm/asm-tree/9.9/f8de6eead6d24dd0f45bd065bbe112b2cda6ea21/asm-tree-9.9.jar:/home/anguscrump/.gradle/caches/modules-2/files-2.1/org.ow2.asm/asm-util/9.9/42fdfc0508b43807c8078d6e82ecff2ce2112ae8/asm-util-9.9.jar:/home/anguscrump/.gradle/caches/modules-2/files-2.1/net.fabricmc/sponge-mixin/0.17.2+mixin.0.8.7/edf98d1d98229e46e36c61774ae2b54dcd852981/sponge-mixin-0.17.2+mixin.0.8.7.jar:/home/anguscrump/.gradle/caches/modules-2/files-2.1/io.github.llamalad7/mixinextras-fabric/0.5.4/5e167154bcb9942111313a5e186e16cd7265f858/mixinextras-fabric-0.5.4.jar:/home/anguscrump/.gradle/caches/modules-2/files-2.1/net.fabricmc/dev-launch-injector/0.2.1+build.8/da8bef7e6e2f952da707f282bdb46882a0fce5e3/dev-launch-injector-0.2.1+build.8.jar:/home/anguscrump/.gradle/caches/modules-2/files-2.1/net.fabricmc/fabric-log4j-util/1.0.2/ef0b3fb613356feb75a67d54f2fad6f03a006648/fabric-log4j-util-1.0.2.jar:/home/anguscrump/.gradle/caches/modules-2/files-2.1/at.yawk.lz4/lz4-java/1.10.1/f541d7f910fe3d76f38f799c507c48cc81b12ecb/lz4-java-1.10.1.jar:/home/anguscrump/.gradle/caches/modules-2/files-2.1/com.azure/azure-json/1.4.0/fcc1d354dbc3e0300e5276b1bf124d0247799cd8/azure-json-1.4.0.jar:/home/anguscrump/.gradle/caches/modules-2/files-2.1/com.github.oshi/oshi-core/6.9.0/3224870731860cfcd7744581a05b559e94291e7/oshi-core-6.9.0.jar:/home/anguscrump/.gradle/caches/modules-2/files-2.1/com.google.code.gson/gson/2.13.2/48b8230771e573b54ce6e867a9001e75977fe78e/gson-2.13.2.jar:/home/anguscrump/.gradle/caches/modules-2/files-2.1/com.google.guava/failureaccess/1.0.3/aeaffd00d57023a2c947393ed251f0354f0985fc/failureaccess-1.0.3.jar:/home/anguscrump/.gradle/caches/modules-2/files-2.1/com.google.guava/guava/33.5.0-jre/8699de25f2f979108d6c1b804a7ba38cda1116bc/guava-33.5.0-jre.jar:/home/anguscrump/.gradle/caches/modules-2/files-2.1/com.ibm.icu/icu4j/77.1/38693cf0b1d7362a8b726af74dc06026a7c23809/icu4j-77.1.jar:/home/anguscrump/.gradle/caches/modules-2/files-2.1/com.microsoft.azure/msal4j/1.23.1/6c722b514873b24a4e1ce9c22dca36ea3c22bdbe/msal4j-1.23.1.jar:/home/anguscrump/.gradle/caches/modules-2/files-2.1/com.mojang/authlib/7.0.63/54895b4e25e8b9b4cbbbe25f24eccf2b71b1ac2b/authlib-7.0.63.jar:/home/anguscrump/.gradle/caches/modules-2/files-2.1/com.mojang/blocklist/1.0.10/5c685c5ffa94c4cd39496c7184c1d122e515ecef/blocklist-1.0.10.jar:/home/anguscrump/.gradle/caches/modules-2/files-2.1/com.mojang/brigadier/1.3.10/d15b53a14cf20fdcaa98f731af5dda654452c010/brigadier-1.3.10.jar:/home/anguscrump/.gradle/caches/modules-2/files-2.1/com.mojang/datafixerupper/9.0.19/4e91f9712fa1e83231d1501625381b0210a977da/datafixerupper-9.0.19.jar:/home/anguscrump/.gradle/caches/modules-2/files-2.1/com.mojang/jtracy/1.0.37/a3fb649b2e2b2288d2978f0b0bc3d83f62809d1e/jtracy-1.0.37.jar:/home/anguscrump/.gradle/caches/modules-2/files-2.1/com.mojang/jtracy/1.0.37/e1b4395227af41195da9e2ead13c48ee0b7d31cd/jtracy-1.0.37-natives-linux.jar:/home/anguscrump/.gradle/caches/modules-2/files-2.1/com.mojang/logging/1.6.11/fd147240733010c158249d986323f9ef98977fe/logging-1.6.11.jar:/home/anguscrump/.gradle/caches/modules-2/files-2.1/com.mojang/patchy/2.2.10/da05971b07cbb379d002cf7eaec6a2048211fefc/patchy-2.2.10.jar:/home/anguscrump/.gradle/caches/modules-2/files-2.1/com.mojang/text2speech/1.18.11/e853a12cdd6ba4f4836e8f4bf3b37844a13482b6/text2speech-1.18.11.jar:/home/anguscrump/.gradle/caches/modules-2/files-2.1/commons-codec/commons-codec/1.19.0/8c0dbe3ae883fceda9b50a6c76e745e548073388/commons-codec-1.19.0.jar:/home/anguscrump/.gradle/caches/modules-2/files-2.1/commons-io/commons-io/2.20.0/36f3474daec2849c149e877614e7f979b2082cd2/commons-io-2.20.0.jar:/home/anguscrump/.gradle/caches/modules-2/files-2.1/io.netty/netty-buffer/4.2.7.Final/5555ff561643bf2f8430fb57c24403c0efe15994/netty-buffer-4.2.7.Final.jar:/home/anguscrump/.gradle/caches/modules-2/files-2.1/io.netty/netty-codec-base/4.2.7.Final/915e381ebabcf115f1c7ff7032d55c48afb50210/netty-codec-base-4.2.7.Final.jar:/home/anguscrump/.gradle/caches/modules-2/files-2.1/io.netty/netty-codec-compression/4.2.7.Final/572341bc1ca90fd9d6e47f1d2694aab5258566e9/netty-codec-compression-4.2.7.Final.jar:/home/anguscrump/.gradle/caches/modules-2/files-2.1/io.netty/netty-codec-http/4.2.7.Final/b734c108854099c421fd94d92d9f865e4d4da853/netty-codec-http-4.2.7.Final.jar:/home/anguscrump/.gradle/caches/modules-2/files-2.1/io.netty/netty-common/4.2.7.Final/11aa30df26af4fca3239ac1917f303a280f301e1/netty-common-4.2.7.Final.jar:/home/anguscrump/.gradle/caches/modules-2/files-2.1/io.netty/netty-handler/4.2.7.Final/7ad8a1f851e2e6fe93cdd091871fda2b81c03b5b/netty-handler-4.2.7.Final.jar:/home/anguscrump/.gradle/caches/modules-2/files-2.1/io.netty/netty-resolver/4.2.7.Final/5f3e5ef8de03992cd4fb46960dc0085ec1a12a12/netty-resolver-4.2.7.Final.jar:/home/anguscrump/.gradle/caches/modules-2/files-2.1/io.netty/netty-transport-classes-epoll/4.2.7.Final/1075c09f48a78eef9d819fbfd9096b903fdd362a/netty-transport-classes-epoll-4.2.7.Final.jar:/home/anguscrump/.gradle/caches/modules-2/files-2.1/io.netty/netty-transport-classes-kqueue/4.2.7.Final/bdec7c23c75caabd848426d073c09568e8d5f94e/netty-transport-classes-kqueue-4.2.7.Final.jar:/home/anguscrump/.gradle/caches/modules-2/files-2.1/io.netty/netty-transport-native-epoll/4.2.7.Final/98d02251c98c8f07a23ac5ea27657d9e0ef57614/netty-transport-native-epoll-4.2.7.Final-linux-aarch_64.jar:/home/anguscrump/.gradle/caches/modules-2/files-2.1/io.netty/netty-transport-native-epoll/4.2.7.Final/e83998bfc10b5289d9bcbe807c4079ef0eed8e6f/netty-transport-native-epoll-4.2.7.Final-linux-x86_64.jar:/home/anguscrump/.gradle/caches/modules-2/files-2.1/io.netty/netty-transport-native-unix-common/4.2.7.Final/89953f04259ea7502cffb313630dd51e00e60669/netty-transport-native-unix-common-4.2.7.Final.jar:/home/anguscrump/.gradle/caches/modules-2/files-2.1/io.netty/netty-transport/4.2.7.Final/83ea548981d0d8c4a98027cc1a6f9624f902e142/netty-transport-4.2.7.Final.jar:/home/anguscrump/.gradle/caches/modules-2/files-2.1/it.unimi.dsi/fastutil/8.5.18/a6cff377eecc19c2037bf31568a6d7106b50ba1f/fastutil-8.5.18.jar:/home/anguscrump/.gradle/caches/modules-2/files-2.1/net.java.dev.jna/jna-platform/5.17.0/a4934c44d25a9d8c2ddf4203affd20330cb3426f/jna-platform-5.17.0.jar:/home/anguscrump/.gradle/caches/modules-2/files-2.1/net.java.dev.jna/jna/5.17.0/33d12735bef894440780fce64f9758d420c7bae2/jna-5.17.0.jar:/home/anguscrump/.gradle/caches/modules-2/files-2.1/net.sf.jopt-simple/jopt-simple/5.0.4/4fdac2fbe92dfad86aa6e9301736f6b4342a3f5c/jopt-simple-5.0.4.jar:/home/anguscrump/.gradle/caches/modules-2/files-2.1/org.apache.commons/commons-compress/1.28.0/e482f2c7a88dac3c497e96aa420b6a769f59c8d7/commons-compress-1.28.0.jar:/home/anguscrump/.gradle/caches/modules-2/files-2.1/org.apache.commons/commons-lang3/3.19.0/d6524b169a6574cd253760c472d419b47bfd37e6/commons-lang3-3.19.0.jar:/home/anguscrump/.gradle/caches/modules-2/files-2.1/org.apache.logging.log4j/log4j-api/2.25.2/292c1a2b1702f1e1e3adb13e1c57e5bff60335ff/log4j-api-2.25.2.jar:/home/anguscrump/.gradle/caches/modules-2/files-2.1/org.apache.logging.log4j/log4j-core/2.25.2/d4d0ad2e51e03e531f784891fbfff1bae1e13a12/log4j-core-2.25.2.jar:/home/anguscrump/.gradle/caches/modules-2/files-2.1/org.apache.logging.log4j/log4j-slf4j2-impl/2.25.2/5eec0c392661dee8a366baec17e8896900dd978f/log4j-slf4j2-impl-2.25.2.jar:/home/anguscrump/.gradle/caches/modules-2/files-2.1/org.jcraft/jorbis/0.0.17/8872d22b293e8f5d7d56ff92be966e6dc28ebdc6/jorbis-0.0.17.jar:/home/anguscrump/.gradle/caches/modules-2/files-2.1/org.joml/joml/1.10.8/fc0a71dad90a2cf41d82a76156a0e700af8e4f8d/joml-1.10.8.jar:/home/anguscrump/.gradle/caches/modules-2/files-2.1/org.jspecify/jspecify/1.0.0/7425a601c1c7ec76645a78d22b8c6a627edee507/jspecify-1.0.0.jar:/home/anguscrump/.gradle/caches/modules-2/files-2.1/org.lwjgl/lwjgl-freetype/3.4.1/caa75a37e857efc9b0686e434d708d6420c5b6ea/lwjgl-freetype-3.4.1.jar:/home/anguscrump/.gradle/caches/modules-2/files-2.1/org.lwjgl/lwjgl-freetype/3.4.1/8f37d0da3386ff602ec54cd06626881895711041/lwjgl-freetype-3.4.1-natives-linux-arm64.jar:/home/anguscrump/.gradle/caches/modules-2/files-2.1/org.lwjgl/lwjgl-freetype/3.4.1/40a29a29b1549c4cad073ccd682e3776ffb454fa/lwjgl-freetype-3.4.1-natives-linux.jar:/home/anguscrump/.gradle/caches/modules-2/files-2.1/org.lwjgl/lwjgl-glfw/3.4.1/a782b1ddd175c9107bf300fd92920579ea65e2a4/lwjgl-glfw-3.4.1.jar:/home/anguscrump/.gradle/caches/modules-2/files-2.1/org.lwjgl/lwjgl-glfw/3.4.1/e5e87034c47118960746077dba46280e8de864b3/lwjgl-glfw-3.4.1-natives-linux-arm64.jar:/home/anguscrump/.gradle/caches/modules-2/files-2.1/org.lwjgl/lwjgl-glfw/3.4.1/23cdf7655ce9f3b27ad90f08e73345e0d5b46362/lwjgl-glfw-3.4.1-natives-linux.jar:/home/anguscrump/.gradle/caches/modules-2/files-2.1/org.lwjgl/lwjgl-jemalloc/3.4.1/16b663092854fc6adfe0a941e61cae2bb2e437b6/lwjgl-jemalloc-3.4.1.jar:/home/anguscrump/.gradle/caches/modules-2/files-2.1/org.lwjgl/lwjgl-jemalloc/3.4.1/7891964dfb723209c6d02b0401432348fb707cc0/lwjgl-jemalloc-3.4.1-natives-linux-arm64.jar:/home/anguscrump/.gradle/caches/modules-2/files-2.1/org.lwjgl/lwjgl-jemalloc/3.4.1/b83c82d941f2e624d150d6d1e2efcf4ea49ff8ea/lwjgl-jemalloc-3.4.1-natives-linux.jar:/home/anguscrump/.gradle/caches/modules-2/files-2.1/org.lwjgl/lwjgl-openal/3.4.1/8508bd60589de0539aa465b78fcf838efd07ae9a/lwjgl-openal-3.4.1.jar:/home/anguscrump/.gradle/caches/modules-2/files-2.1/org.lwjgl/lwjgl-openal/3.4.1/3729b70cdd42df5571b075e051fa2fc8586dc538/lwjgl-openal-3.4.1-natives-linux-arm64.jar:/home/anguscrump/.gradle/caches/modules-2/files-2.1/org.lwjgl/lwjgl-openal/3.4.1/dbff577119266cd4312e4eb9cc2b171407c56360/lwjgl-openal-3.4.1-natives-linux.jar:/home/anguscrump/.gradle/caches/modules-2/files-2.1/org.lwjgl/lwjgl-opengl/3.4.1/830412cab823c029cda6b9729f9d2ed36cf79959/lwjgl-opengl-3.4.1.jar:/home/anguscrump/.gradle/caches/modules-2/files-2.1/org.lwjgl/lwjgl-opengl/3.4.1/61a4103e56bbaeb74ad3f19ec14299fd6891c4b0/lwjgl-opengl-3.4.1-natives-linux-arm64.jar:/home/anguscrump/.gradle/caches/modules-2/files-2.1/org.lwjgl/lwjgl-opengl/3.4.1/b750599f0e75ddb19f1d0fe993f3011334b710ae/lwjgl-opengl-3.4.1-natives-linux.jar:/home/anguscrump/.gradle/caches/modules-2/files-2.1/org.lwjgl/lwjgl-stb/3.4.1/f077c3dafc31924fbe8acb0b913f08977ba27f8e/lwjgl-stb-3.4.1.jar:/home/anguscrump/.gradle/caches/modules-2/files-2.1/org.lwjgl/lwjgl-stb/3.4.1/3bc107f901f931fea07cb0d80b1d74a34b806a2b/lwjgl-stb-3.4.1-natives-linux-arm64.jar:/home/anguscrump/.gradle/caches/modules-2/files-2.1/org.lwjgl/lwjgl-stb/3.4.1/7e1cfae909da6c68f3cb6073a9bfeb6c90e82a57/lwjgl-stb-3.4.1-natives-linux.jar:/home/anguscrump/.gradle/caches/modules-2/files-2.1/org.lwjgl/lwjgl-tinyfd/3.4.1/562697d40dbd2ed0424bf24dcf65d51170f81adf/lwjgl-tinyfd-3.4.1.jar:/home/anguscrump/.gradle/caches/modules-2/files-2.1/org.lwjgl/lwjgl-tinyfd/3.4.1/20771d2b4e01f5295156912ab62e170508aef618/lwjgl-tinyfd-3.4.1-natives-linux-arm64.jar:/home/anguscrump/.gradle/caches/modules-2/files-2.1/org.lwjgl/lwjgl-tinyfd/3.4.1/fc6a72690afc8defb60d82ad1de64dd8f537154c/lwjgl-tinyfd-3.4.1-natives-linux.jar:/home/anguscrump/.gradle/caches/modules-2/files-2.1/org.lwjgl/lwjgl/3.4.1/6105690714874b995aa7812e4f7732a21109276c/lwjgl-3.4.1.jar:/home/anguscrump/.gradle/caches/modules-2/files-2.1/org.lwjgl/lwjgl/3.4.1/46883f3b622d8b4d7f27b627ca3360cda3db0e0e/lwjgl-3.4.1-natives-linux-arm64.jar:/home/anguscrump/.gradle/caches/modules-2/files-2.1/org.lwjgl/lwjgl/3.4.1/2734e106bd95db49fe0da8cf8bf7fd96475c436c/lwjgl-3.4.1-natives-linux.jar:/home/anguscrump/.gradle/caches/modules-2/files-2.1/org.slf4j/slf4j-api/2.0.17/d9e58ac9c7779ba3bf8142aff6c830617a7fe60f/slf4j-api-2.0.17.jar:/home/anguscrump/Documents/Coding/ribbon-world/.gradle/loom-cache/minecraftMaven/net/minecraft/minecraft-clientOnly-52430b475d/26.1.2/minecraft-clientOnly-52430b475d-26.1.2.jar:/home/anguscrump/Documents/Coding/ribbon-world/.gradle/loom-cache/minecraftMaven/net/minecraft/minecraft-common-52430b475d/26.1.2/minecraft-common-52430b475d-26.1.2.jar:/home/anguscrump/.gradle/caches/modules-2/files-2.1/io.netty/netty-transport-native-kqueue/4.2.7.Final/40868fd4e43bce2798245f790624b58803dc26b6/netty-transport-native-kqueue-4.2.7.Final-osx-x86_64.jar:/home/anguscrump/.gradle/caches/modules-2/files-2.1/io.netty/netty-transport-native-kqueue/4.2.7.Final/e5a0feef41410c8a5ae00c6cb4e0c99bd0aded6a/netty-transport-native-kqueue-4.2.7.Final-osx-aarch_64.jar:/home/anguscrump/.gradle/caches/modules-2/files-2.1/net.fabricmc.fabric-api/fabric-transfer-api-v1/8.0.5+357ea7334c/2aff9d7c8e917d2a69c71aa18e28c915e0040a8e/fabric-transfer-api-v1-8.0.5+357ea7334c.jar:/home/anguscrump/.gradle/caches/modules-2/files-2.1/net.fabricmc.fabric-api/fabric-api-lookup-api-v1/2.0.11+d5a053b64c/dbb4489647b411352b735654440311d7560dc1f4/fabric-api-lookup-api-v1-2.0.11+d5a053b64c.jar:/home/anguscrump/.gradle/caches/modules-2/files-2.1/net.fabricmc.fabric-api/fabric-command-api-v2/3.0.5+e2bdee784c/d2bfa62e2f489900be2210dfb84458dcdecb75b6/fabric-command-api-v2-3.0.5+e2bdee784c.jar:/home/anguscrump/.gradle/caches/modules-2/files-2.1/net.fabricmc.fabric-api/fabric-content-registries-v0/11.1.1+1a3b26974c/8761c4bd7f8feb484746055f6ff22e387cd84e9f/fabric-content-registries-v0-11.1.1+1a3b26974c.jar:/home/anguscrump/.gradle/caches/modules-2/files-2.1/net.fabricmc.fabric-api/fabric-data-generation-api-v1/24.2.0+73b1f9054c/d5dcd98301b93a9b2470d354d150327e264797c5/fabric-data-generation-api-v1-24.2.0+73b1f9054c.jar:/home/anguscrump/.gradle/caches/modules-2/files-2.1/net.fabricmc.fabric-api/fabric-convention-tags-v2/4.6.0+e47fb87c4c/40a40554e3e4d37b5640c0198bc81a1b94735f2c/fabric-convention-tags-v2-4.6.0+e47fb87c4c.jar:/home/anguscrump/.gradle/caches/modules-2/files-2.1/net.fabricmc.fabric-api/fabric-creative-tab-api-v1/5.0.11+d871b99e4c/9e6937cef2aa7955d2ff66c9d2415118c58ec15c/fabric-creative-tab-api-v1-5.0.11+d871b99e4c.jar:/home/anguscrump/.gradle/caches/modules-2/files-2.1/net.fabricmc.fabric-api/fabric-data-attachment-api-v1/2.2.6+d602a8964c/91d2f002a7431a412cef7016c5ca7ee2b3c67718/fabric-data-attachment-api-v1-2.2.6+d602a8964c.jar:/home/anguscrump/.gradle/caches/modules-2/files-2.1/net.fabricmc.fabric-api/fabric-debug-api-v1/1.0.1+c792624d4c/3e65954340d5153face34ee7d2f9b114271bca38/fabric-debug-api-v1-1.0.1+c792624d4c.jar:/home/anguscrump/.gradle/caches/modules-2/files-2.1/net.fabricmc.fabric-api/fabric-dimensions-v1/5.1.5+9cbf5da54c/53c66317546644a3915ec20df2d77f4e3093ffab/fabric-dimensions-v1-5.1.5+9cbf5da54c.jar:/home/anguscrump/.gradle/caches/modules-2/files-2.1/net.fabricmc.fabric-api/fabric-entity-events-v1/5.0.2+e2bdee784c/3f15c7b85c55f03b5d5fa89a48a0eb1dc6461465/fabric-entity-events-v1-5.0.2+e2bdee784c.jar:/home/anguscrump/.gradle/caches/modules-2/files-2.1/net.fabricmc.fabric-api/fabric-events-interaction-v0/5.2.1+a67251b84c/cf25f4932ae4d3df49bf5ad0c69be40f8abda289/fabric-events-interaction-v0-5.2.1+a67251b84c.jar:/home/anguscrump/.gradle/caches/modules-2/files-2.1/net.fabricmc.fabric-api/fabric-game-rule-api-v1/4.0.5+d871b99e4c/8b1189ddbfe446bf9468920526ed668db253da65/fabric-game-rule-api-v1-4.0.5+d871b99e4c.jar:/home/anguscrump/.gradle/caches/modules-2/files-2.1/net.fabricmc.fabric-api/fabric-gametest-api-v1/4.0.15+00a1fba64c/99dddf025652afece2f37a5f857c6ee5f7feedb1/fabric-gametest-api-v1-4.0.15+00a1fba64c.jar:/home/anguscrump/.gradle/caches/modules-2/files-2.1/net.fabricmc.fabric-api/fabric-item-api-v1/14.1.2+73d134684c/cb7fd76b622fbc467cb65f067c212fc256d3809f/fabric-item-api-v1-14.1.2+73d134684c.jar:/home/anguscrump/.gradle/caches/modules-2/files-2.1/net.fabricmc.fabric-api/fabric-recipe-api-v1/9.0.15+be4b75ae4c/c3510ef358ce97ea4fc804cd2f75f30c574ec947/fabric-recipe-api-v1-9.0.15+be4b75ae4c.jar:/home/anguscrump/.gradle/caches/modules-2/files-2.1/net.fabricmc.fabric-api/fabric-model-loading-api-v1/8.0.6+c80601bb4c/733d4b6475fa49b58125b0b1a6a9070cc5faa8c8/fabric-model-loading-api-v1-8.0.6+c80601bb4c.jar:/home/anguscrump/.gradle/caches/modules-2/files-2.1/net.fabricmc.fabric-api/fabric-renderer-indigo/8.1.0+1403e82c4c/2a11c1c6826ec7e4254d1cfa20f2f9b50da0ec7f/fabric-renderer-indigo-8.1.0+1403e82c4c.jar:/home/anguscrump/.gradle/caches/modules-2/files-2.1/net.fabricmc.fabric-api/fabric-renderer-api-v1/13.0.3+c80601bb4c/15b7e69feefe6e4157134633f96c62a80b41f44a/fabric-renderer-api-v1-13.0.3+c80601bb4c.jar:/home/anguscrump/.gradle/caches/modules-2/files-2.1/net.fabricmc.fabric-api/fabric-rendering-v1/23.1.0+1403e82c4c/96b6c53c0f9e4497597a4a06509b143c9e345efe/fabric-rendering-v1-23.1.0+1403e82c4c.jar:/home/anguscrump/.gradle/caches/modules-2/files-2.1/net.fabricmc.fabric-api/fabric-lifecycle-events-v1/4.1.0+6d50a0854c/52281bf82f04922d65a30d3f91975feb00911826/fabric-lifecycle-events-v1-4.1.0+6d50a0854c.jar:/home/anguscrump/.gradle/caches/modules-2/files-2.1/net.fabricmc.fabric-api/fabric-loot-api-v3/3.0.12+00a1fba64c/58ffa00757774d7060115afa05742753ff26c769/fabric-loot-api-v3-3.0.12+00a1fba64c.jar:/home/anguscrump/.gradle/caches/modules-2/files-2.1/net.fabricmc.fabric-api/fabric-menu-api-v1/2.0.13+d871b99e4c/e59c4c081a5dc1afb27c0167d6e1480c670c4d29/fabric-menu-api-v1-2.0.13+d871b99e4c.jar:/home/anguscrump/.gradle/caches/modules-2/files-2.1/net.fabricmc.fabric-api/fabric-message-api-v1/7.0.5+dae8ce3e4c/6211835e1348e8b9b89defb98a616adb483b8284/fabric-message-api-v1-7.0.5+dae8ce3e4c.jar:/home/anguscrump/.gradle/caches/modules-2/files-2.1/net.fabricmc.fabric-api/fabric-particles-v1/5.0.15+b61fef434c/e9659d152cefb7255056f432234a11621ab00945/fabric-particles-v1-5.0.15+b61fef434c.jar:/home/anguscrump/.gradle/caches/modules-2/files-2.1/net.fabricmc.fabric-api/fabric-object-builder-api-v1/23.0.16+b95dd56e4c/64b623486a5962dada51cb3e8a114ee49a6ba9de/fabric-object-builder-api-v1-23.0.16+b95dd56e4c.jar:/home/anguscrump/.gradle/caches/modules-2/files-2.1/net.fabricmc.fabric-api/fabric-registry-sync-v0/7.0.13+b61fef434c/b7cd637ba58adacb2abfd54f5f438211e5c3210d/fabric-registry-sync-v0-7.0.13+b61fef434c.jar:/home/anguscrump/.gradle/caches/modules-2/files-2.1/net.fabricmc.fabric-api/fabric-networking-api-v1/6.3.1+554860db4c/38ac77944d5e0fc623a163cde9b3eca04f791296/fabric-networking-api-v1-6.3.1+554860db4c.jar:/home/anguscrump/.gradle/caches/modules-2/files-2.1/net.fabricmc.fabric-api/fabric-permission-api-v1/1.0.0+f3e738be4c/67222d8951d4e68a26f7e42697ce7fdb3c4e8ce9/fabric-permission-api-v1-1.0.0+f3e738be4c.jar:/home/anguscrump/.gradle/caches/modules-2/files-2.1/net.fabricmc.fabric-api/fabric-rendering-fluids-v1/6.0.1+d871b99e4c/fe53bab501b2a582517f39ede3e1514074e8de7/fabric-rendering-fluids-v1-6.0.1+d871b99e4c.jar:/home/anguscrump/.gradle/caches/modules-2/files-2.1/net.fabricmc.fabric-api/fabric-tag-api-v1/2.1.0+73b1f9054c/5467b88af064043d14a1cbc32ebc65bf86a4898b/fabric-tag-api-v1-2.1.0+73b1f9054c.jar:/home/anguscrump/.gradle/caches/modules-2/files-2.1/net.fabricmc.fabric-api/fabric-resource-loader-v0/3.3.17+4fc5413f4c/c2e496d77853c7fd1f2b3bd00b44e355dc6ba576/fabric-resource-loader-v0-3.3.17+4fc5413f4c.jar:/home/anguscrump/.gradle/caches/modules-2/files-2.1/net.fabricmc.fabric-api/fabric-resource-loader-v1/2.0.10+7c44c7324c/bb44ca7ae64fe82666c2cd99920cdc017b15f368/fabric-resource-loader-v1-2.0.10+7c44c7324c.jar:/home/anguscrump/.gradle/caches/modules-2/files-2.1/net.fabricmc.fabric-api/fabric-screen-api-v1/5.0.1+d871b99e4c/fecba1d91754428c2d1f5f2e4d25685de3a8f71f/fabric-screen-api-v1-5.0.1+d871b99e4c.jar:/home/anguscrump/.gradle/caches/modules-2/files-2.1/net.fabricmc.fabric-api/fabric-api-base/2.0.3+ece063234c/bdf802883d0f9c1034c436367ab2c7e04ce34ca6/fabric-api-base-2.0.3+ece063234c.jar:/home/anguscrump/.gradle/caches/modules-2/files-2.1/net.fabricmc.fabric-api/fabric-biome-api-v1/18.0.4+35c80edc4c/c82be6aa7922f3212e1bac9441b25a7faa21c057/fabric-biome-api-v1-18.0.4+35c80edc4c.jar:/home/anguscrump/.gradle/caches/modules-2/files-2.1/net.fabricmc.fabric-api/fabric-block-api-v1/3.0.2+ec56b6014c/f5f91f5b317b7acd3014677dd909b55ebc4097b2/fabric-block-api-v1-3.0.2+ec56b6014c.jar:/home/anguscrump/.gradle/caches/modules-2/files-2.1/net.fabricmc.fabric-api/fabric-block-getter-api-v2/2.0.6+ec56b6014c/caabc9eb2f3823864682da5a1c5381a035c00d5f/fabric-block-getter-api-v2-2.0.6+ec56b6014c.jar:/home/anguscrump/.gradle/caches/modules-2/files-2.1/net.fabricmc.fabric-api/fabric-client-gametest-api-v1/5.0.16+cef2a4834c/3f63763d1230c87b2c43aa84c88916fce323687a/fabric-client-gametest-api-v1-5.0.16+cef2a4834c.jar:/home/anguscrump/.gradle/caches/modules-2/files-2.1/net.fabricmc.fabric-api/fabric-crash-report-info-v1/1.0.3+9f78a5a84c/8af0277ba9afc03c6882490db447d40d55ebcedb/fabric-crash-report-info-v1-1.0.3+9f78a5a84c.jar:/home/anguscrump/.gradle/caches/modules-2/files-2.1/net.fabricmc.fabric-api/fabric-key-mapping-api-v1/2.0.4+e2bdee784c/b098e3e06b71a0fec9d18843ba9327f038b7cd5/fabric-key-mapping-api-v1-2.0.4+e2bdee784c.jar:/home/anguscrump/.gradle/caches/modules-2/files-2.1/net.fabricmc.fabric-api/fabric-resource-conditions-api-v1/6.0.5+00a1fba64c/a8ca3e526e0825ee71a36a317cf5c33f0cda0e96/fabric-resource-conditions-api-v1-6.0.5+00a1fba64c.jar:/home/anguscrump/.gradle/caches/modules-2/files-2.1/net.fabricmc.fabric-api/fabric-serialization-api-v1/2.0.3+11a26f314c/55fc25d96a2a848b93a02f48220dff0181ec3056/fabric-serialization-api-v1-2.0.3+11a26f314c.jar:/home/anguscrump/.gradle/caches/modules-2/files-2.1/net.fabricmc.fabric-api/fabric-sound-api-v1/2.0.4+11a26f314c/b63ce87810bc5aa495cb39be7efd2b07e6772822/fabric-sound-api-v1-2.0.4+11a26f314c.jar:/home/anguscrump/.gradle/caches/modules-2/files-2.1/net.fabricmc.fabric-api/fabric-transitive-access-wideners-v1/8.1.0+acd9108d4c/d03c3735d4057a1d574c6e8d51fec7d21ab63b5c/fabric-transitive-access-wideners-v1-8.1.0+acd9108d4c.jar:/home/anguscrump/Documents/Coding/ribbon-world/build/classes/java/main:/home/anguscrump/Documents/Coding/ribbon-world/build/resources/main
Launcher Type: SUN_STANDARD

[Global flags]
     intx CICompilerCount                          = 4                                         {product} {ergonomic}
     uint ConcGCThreads                            = 2                                         {product} {ergonomic}
     uint G1ConcRefinementThreads                  = 9                                         {product} {ergonomic}
   size_t G1HeapRegionSize                         = 2097152                                   {product} {ergonomic}
   size_t InitialHeapSize                          = 260046848                                 {product} {ergonomic}
   size_t MarkStackSize                            = 4194304                                   {product} {ergonomic}
   size_t MarkStackSizeMax                         = 536870912                                 {product} {ergonomic}
   size_t MaxHeapSize                              = 4034920448                                {product} {ergonomic}
   size_t MaxNewSize                               = 2420113408                                {product} {ergonomic}
   size_t MinHeapDeltaBytes                        = 2097152                                   {product} {ergonomic}
   size_t MinHeapSize                              = 8388608                                   {product} {ergonomic}
    uintx NonNMethodCodeHeapSize                   = 5849088                                {pd product} {ergonomic}
    uintx NonProfiledCodeHeapSize                  = 122912768                              {pd product} {ergonomic}
    uintx ProfiledCodeHeapSize                     = 122912768                              {pd product} {ergonomic}
    uintx ReservedCodeCacheSize                    = 251674624                              {pd product} {ergonomic}
     bool SegmentedCodeCache                       = true                                      {product} {ergonomic}
   size_t SoftMaxHeapSize                          = 4034920448                             {manageable} {ergonomic}
     bool UseCompressedOops                        = true                           {product lp64_product} {ergonomic}
     bool UseG1GC                                  = true                                      {product} {ergonomic}

Logging:
Log output configuration:
 #0: 
[error occurred during error reporting (printing log configuration), id 0xb, SIGSEGV (0xb) at pc=0x0000ffff344b05b8]
Release file:
JAVA_VERSION="25.0.3"
MODULES="java.base java.compiler java.datatransfer java.xml java.prefs java.desktop java.instrument java.logging java.management java.security.sasl java.naming java.rmi java.management.rmi java.net.http java.scripting java.security.jgss java.transaction.xa java.sql java.sql.rowset java.xml.crypto java.se java.smartcardio jdk.accessibility jdk.internal.jvmstat jdk.attach jdk.charsets jdk.internal.opt jdk.zipfs jdk.compiler jdk.crypto.cryptoki jdk.crypto.ec jdk.dynalink jdk.internal.ed jdk.editpad jdk.internal.vm.ci jdk.graal.compiler jdk.graal.compiler.management jdk.hotspot.agent jdk.httpserver jdk.incubator.vector jdk.internal.le jdk.internal.md jdk.jartool jdk.javadoc jdk.jcmd jdk.management jdk.management.agent jdk.jconsole jdk.jdeps jdk.jdwp.agent jdk.jdi jdk.jfr jdk.jlink jdk.jpackage jdk.jshell jdk.jsobject jdk.jstatd jdk.localedata jdk.management.jfr jdk.naming.dns jdk.naming.rmi jdk.net jdk.nio.mapmode jdk.sctp jdk.security.auth jdk.security.jgss jdk.unsupported jdk.unsupported.desktop jdk.xml.dom"
IMPLEMENTOR="JetBrains s.r.o."
IMPLEMENTOR_VERSION="JBRSDK-25.0.3+9-480.61-nomod"
JAVA_RUNTIME_VERSION="25.0.3+9-b480.61"
LIBC="gnu"
OS_ARCH="aarch64"
OS_NAME="Linux"
SOURCE=".:git:52b04970adc8+"

Environment Variables:
PATH=/home/anguscrump/.local/bin:/home/anguscrump/bin:/usr/local/sbin:/usr/local/bin:/usr/sbin:/usr/bin:/sbin:/bin:/var/lib/snapd/snap/bin:/home/anguscrump/.cargo/bin
XDG_CACHE_HOME=/home/anguscrump/.cache
XDG_CONFIG_HOME=/home/anguscrump/.config
SHELL=/bin/bash
DISPLAY=:0
WAYLAND_DISPLAY=wayland-1
LANG=en_AU.UTF-8

Active Locale:
LC_ALL=en_AU.UTF-8
LC_COLLATE=en_AU.UTF-8
LC_CTYPE=en_AU.UTF-8
LC_MESSAGES=en_AU.UTF-8
LC_MONETARY=en_AU.UTF-8
LC_NUMERIC=en_AU.UTF-8
LC_TIME=en_AU.UTF-8

Signal Handlers:
   SIGSEGV: crash_handler in libjvm.so, mask=11100100010111111101111111111110, flags=SA_RESTART|SA_SIGINFO, unblocked
    SIGBUS: crash_handler in libjvm.so, mask=11100100010111111101111111111110, flags=SA_RESTART|SA_SIGINFO, unblocked
    SIGFPE: crash_handler in libjvm.so, mask=11100100010111111101111111111110, flags=SA_RESTART|SA_SIGINFO, unblocked
   SIGPIPE: javaSignalHandler in libjvm.so, mask=11100100010111111101111111111110, flags=SA_RESTART|SA_SIGINFO, blocked
   SIGXFSZ: javaSignalHandler in libjvm.so, mask=11100100010111111101111111111110, flags=SA_RESTART|SA_SIGINFO, blocked
    SIGILL: crash_handler in libjvm.so, mask=11100100010111111101111111111110, flags=SA_RESTART|SA_SIGINFO, unblocked
   SIGUSR2: SR_handler in libjvm.so, mask=00000000000000000000000000000000, flags=SA_RESTART|SA_SIGINFO, blocked
    SIGHUP: UserHandler in libjvm.so, mask=11100100010111111101111111111110, flags=SA_RESTART|SA_SIGINFO, blocked
    SIGINT: UserHandler in libjvm.so, mask=11100100010111111101111111111110, flags=SA_RESTART|SA_SIGINFO, blocked
   SIGTERM: UserHandler in libjvm.so, mask=11100100010111111101111111111110, flags=SA_RESTART|SA_SIGINFO, blocked
   SIGQUIT: UserHandler in libjvm.so, mask=11100100010111111101111111111110, flags=SA_RESTART|SA_SIGINFO, blocked
   SIGTRAP: crash_handler in libjvm.so, mask=11100100010111111101111111111110, flags=SA_RESTART|SA_SIGINFO, unblocked


Compilation memory statistics disabled.

Periodic native trim disabled

JNI global refs:
JNI global refs: 64, weak refs: 46

JNI global refs memory usage: 1491, weak refs: 1489

Process memory usage:
Resident Set Size: 1547568K (9% of 15755056K total physical memory with 4923776K free physical memory)

OOME stack traces (most recent first):
Classloader memory used:
Loader net.fabricmc.loader.impl.launch.knot.KnotClassLoader                            : 120 M
Loader bootstrap                                                                       : 12333 K
Loader jdk.internal.loader.ClassLoaders$AppClassLoader                                 : 6996 K
Loader jdk.internal.loader.ClassLoaders$PlatformClassLoader                            : 499 K

---------------  S Y S T E M  ---------------

OS:
Fedora Asahi Remix release 44 (Forty Four)
uname: Linux 7.0.8-fairydust+ #1 SMP PREEMPT_DYNAMIC Sun May 17 15:02:15 AEST 2026 aarch64
OS uptime: 0 days 7:30 hours
libc: glibc 2.43 NPTL 2.43 
rlimit (soft/hard): STACK 8192k/infinity , CORE infinity/infinity , NPROC 31098/31098 , NOFILE 524288/524288 , AS infinity/infinity , CPU infinity/infinity , DATA infinity/infinity , FSIZE infinity/infinity , MEMLOCK 8192k/8192k
load average: 3.29 2.26 1.60

/proc/meminfo:
MemTotal:       15755056 kB
MemFree:         1595504 kB
MemAvailable:    4924000 kB
Buffers:             480 kB
Cached:          5247120 kB
SwapCached:       891344 kB
Active:          5320816 kB
Inactive:        6424928 kB
Active(anon):    5105856 kB
Inactive(anon):  2471232 kB
Active(file):     214960 kB
Inactive(file):  3953696 kB
Unevictable:      868032 kB
Mlocked:             688 kB
SwapTotal:      33554336 kB
SwapFree:       31203920 kB
Zswap:            264656 kB
Zswapped:         924288 kB
Dirty:             15632 kB
Writeback:             0 kB
AnonPages:       7069840 kB
Mapped:           777488 kB
Shmem:           1079472 kB
KReclaimable:     303168 kB
Slab:             695136 kB
SReclaimable:     303168 kB
SUnreclaim:       391968 kB
KernelStack:       58528 kB
PageTables:        83296 kB
SecPageTables:      1744 kB
NFS_Unstable:          0 kB
Bounce:                0 kB
WritebackTmp:          0 kB
CommitLimit:    41431856 kB
Committed_AS:   36957712 kB
VmallocTotal:   136898928640 kB
VmallocUsed:      107440 kB
VmallocChunk:          0 kB
Percpu:             7200 kB
HardwareCorrupted:     0 kB
AnonHugePages:     98304 kB
ShmemHugePages:        0 kB
ShmemPmdMapped:        0 kB
FileHugePages:         0 kB
FilePmdMapped:         0 kB
CmaTotal:          65536 kB
CmaFree:           28640 kB
Balloon:               0 kB
HugePages_Total:       0
HugePages_Free:        0
HugePages_Rsvd:        0
HugePages_Surp:        0
Hugepagesize:      32768 kB
Hugetlb:               0 kB

/sys/kernel/mm/transparent_hugepage/enabled: always [madvise] never
/sys/kernel/mm/transparent_hugepage/hpage_pmd_size: 33554432
/sys/kernel/mm/transparent_hugepage/shmem_enabled: always within_size advise [never] deny force
/sys/kernel/mm/transparent_hugepage/defrag (defrag/compaction efforts parameter): always defer defer+madvise [madvise] never

Process Memory:
Virtual Size: 11200144K (peak: 11748800K)
Resident Set Size: 1549296K (peak: 1674368K) (anon: 1476736K, file: 69008K, shmem: 3552K)
Swapped out: 0K
C-Heap outstanding allocations: 132759K, retained: 271400K
glibc malloc tunables: (default)

/proc/sys/kernel/threads-max (system-wide limit on the number of threads): 62196
/proc/sys/vm/max_map_count (maximum number of memory map areas a process may have): 1048576
/proc/sys/vm/swappiness (control to define how aggressively the kernel swaps out anonymous memory): 60
/proc/sys/kernel/pid_max (system-wide limit on number of process identifiers): 4194304

container information not found.
Steal ticks since vm start: 0
Steal ticks percentage since vm start:  0.000

CPU: total 10 (initial active 10) 0x61:0x2:0x025:0(0x024), fp, asimd, evtstrm, aes, pmull, sha1, sha256, crc32, lse, fphp, asimdhp, dcpop, sha3, sha512, paca
/proc/cpuinfo:
processor	: 0
BogoMIPS	: 48.00
Features	: fp asimd evtstrm aes pmull sha1 sha2 crc32 atomics fphp asimdhp cpuid asimdrdm jscvt fcma lrcpc dcpop sha3 asimddp sha512 asimdfhm dit uscat ilrcpc flagm ssbs sb paca pacg dcpodp flagm2 frint
CPU implementer	: 0x61
CPU architecture: 8
CPU variant	: 0x2
CPU part	: 0x024
CPU revision	: 0

processor	: 1
BogoMIPS	: 48.00
Features	: fp asimd evtstrm aes pmull sha1 sha2 crc32 atomics fphp asimdhp cpuid asimdrdm jscvt fcma lrcpc dcpop sha3 asimddp sha512 asimdfhm dit uscat ilrcpc flagm ssbs sb paca pacg dcpodp flagm2 frint
CPU implementer	: 0x61
CPU architecture: 8
CPU variant	: 0x2
CPU part	: 0x024
CPU revision	: 0

processor	: 2
BogoMIPS	: 48.00
Features	: fp asimd evtstrm aes pmull sha1 sha2 crc32 atomics fphp asimdhp cpuid asimdrdm jscvt fcma lrcpc dcpop sha3 asimddp sha512 asimdfhm dit uscat ilrcpc flagm ssbs sb paca pacg dcpodp flagm2 frint
CPU implementer	: 0x61
CPU architecture: 8
CPU variant	: 0x2
CPU part	: 0x025
CPU revision	: 0

processor	: 3
BogoMIPS	: 48.00
Features	: fp asimd evtstrm aes pmull sha1 sha2 crc32 atomics fphp asimdhp cpuid asimdrdm jscvt fcma lrcpc dcpop sha3 asimddp sha512 asimdfhm dit uscat ilrcpc flagm ssbs sb paca pacg dcpodp flagm2 frint
CPU implementer	: 0x61
CPU architecture: 8
CPU variant	: 0x2
CPU part	: 0x025
CPU revision	: 0

processor	: 4
BogoMIPS	: 48.00
Features	: fp asimd evtstrm aes pmull sha1 sha2 crc32 atomics fphp asimdhp cpuid asimdrdm jscvt fcma lrcpc dcpop sha3 asimddp sha512 asimdfhm dit uscat ilrcpc flagm ssbs sb paca pacg dcpodp flagm2 frint
CPU implementer	: 0x61
CPU architecture: 8
CPU variant	: 0x2
CPU part	: 0x025
CPU revision	: 0

processor	: 5
BogoMIPS	: 48.00
Features	: fp asimd evtstrm aes pmull sha1 sha2 crc32 atomics fphp asimdhp cpuid asimdrdm jscvt fcma lrcpc dcpop sha3 asimddp sha512 asimdfhm dit uscat ilrcpc flagm ssbs sb paca pacg dcpodp flagm2 frint
CPU implementer	: 0x61
CPU architecture: 8
CPU variant	: 0x2
CPU part	: 0x025
CPU revision	: 0

processor	: 6
BogoMIPS	: 48.00
Features	: fp asimd evtstrm aes pmull sha1 sha2 crc32 atomics fphp asimdhp cpuid asimdrdm jscvt fcma lrcpc dcpop sha3 asimddp sha512 asimdfhm dit uscat ilrcpc flagm ssbs sb paca pacg dcpodp flagm2 frint
CPU implementer	: 0x61
CPU architecture: 8
CPU variant	: 0x2
CPU part	: 0x025
CPU revision	: 0

processor	: 7
BogoMIPS	: 48.00
Features	: fp asimd evtstrm aes pmull sha1 sha2 crc32 atomics fphp asimdhp cpuid asimdrdm jscvt fcma lrcpc dcpop sha3 asimddp sha512 asimdfhm dit uscat ilrcpc flagm ssbs sb paca pacg dcpodp flagm2 frint
CPU implementer	: 0x61
CPU architecture: 8
CPU variant	: 0x2
CPU part	: 0x025
CPU revision	: 0

processor	: 8
BogoMIPS	: 48.00
Features	: fp asimd evtstrm aes pmull sha1 sha2 crc32 atomics fphp asimdhp cpuid asimdrdm jscvt fcma lrcpc dcpop sha3 asimddp sha512 asimdfhm dit uscat ilrcpc flagm ssbs sb paca pacg dcpodp flagm2 frint
CPU implementer	: 0x61
CPU architecture: 8
CPU variant	: 0x2
CPU part	: 0x025
CPU revision	: 0

processor	: 9
BogoMIPS	: 48.00
Features	: fp asimd evtstrm aes pmull sha1 sha2 crc32 atomics fphp asimdhp cpuid asimdrdm jscvt fcma lrcpc dcpop sha3 asimddp sha512 asimdfhm dit uscat ilrcpc flagm ssbs sb paca pacg dcpodp flagm2 frint
CPU implementer	: 0x61
CPU architecture: 8
CPU variant	: 0x2
CPU part	: 0x025
CPU revision	: 0


Online cpus: 0-9
Offline cpus: 

Memory: 16k page, physical 15755056k(4924000k free), swap 33554336k(31203920k free)
Page Sizes: 16k

vm_info: OpenJDK 64-Bit Server VM (25.0.3+9-b480.61) for linux-aarch64 JRE (25.0.3+9-b480.61), built on 2026-05-12 with gcc 10.3.1 20210422 (Red Hat 10.3.1-1.2.0.1)

END.
