#
# A fatal error has been detected by the Java Runtime Environment:
#
#  SIGSEGV (0xb) at pc=0x0000fffe6df9c670, pid=39694, tid=39717
#
# JRE version: OpenJDK Runtime Environment JBR-25.0.3+9-480.61-nomod (25.0.3+9) (build 25.0.3+9-b480.61)
# Java VM: OpenJDK 64-Bit Server VM JBR-25.0.3+9-480.61-nomod (25.0.3+9-b480.61, mixed mode, sharing, tiered, compressed oops, compressed class ptrs, g1 gc, linux-aarch64)
# Problematic frame:
# C  [libopenal.so+0x9c670]
#
# Core dump will be written. Default location: Determined by the following: "/usr/lib/systemd/systemd-coredump %P %u %g %s %t %c %h %d %F" (alternatively, falling back to /home/anguscrump/Documents/Coding/ribbon-world/run/core.39694)
#
# If you would like to submit a bug report, please visit:
#   https://youtrack.jetbrains.com/issues/JBR
#

---------------  S U M M A R Y ------------

Command Line: -Dfabric.dli.config=/home/anguscrump/Documents/Coding/ribbon-world/.gradle/loom-cache/launch.cfg -Dfabric.dli.env=client -Dfabric.dli.main=net.fabricmc.loader.impl.launch.knot.KnotClient --sun-misc-unsafe-memory-access=allow --enable-native-access=ALL-UNNAMED --sun-misc-unsafe-memory-access=allow --enable-native-access=ALL-UNNAMED -Dfile.encoding=UTF-8 -Duser.country=AU -Duser.language=en -Duser.variant -Dawt.toolkit.name=XToolkit net.fabricmc.devlaunchinjector.Main

Host: AArch64, 10 cores, 15G, Fedora Asahi Remix release 44 (Forty Four)
Time: Wed May 20 13:14:10 2026 AEST elapsed time: 338.038159 seconds (0d 0h 5m 38s)

---------------  T H R E A D  ---------------

Current thread (0x0000ffff3020da80):  VMThread "VM Thread"          [id=39717, stack(0x0000ffff117d0000,0x0000ffff119d0000) (2048K)]

Stack: [0x0000ffff117d0000,0x0000ffff119d0000],  sp=0x0000ffff119ce1b0,  free space=2040k
Native frames: (J=compiled Java code, j=interpreted, Vv=VM code, C=native code)
C  [libopenal.so+0x9c670]
C  [libc.so.6+0x3eb2c]  __run_exit_handlers+0x1ac
C  [libc.so.6+0x3ec20]  internal_addseverity+0x0
V  [libjvm.so+0xc7c05c]
V  [libjvm.so+0x88dad0]  vm_exit(int)+0x0
V  [libjvm.so+0xf8e1c4]  VM_Operation::evaluate()+0xf4
V  [libjvm.so+0xf91550]  VMThread::evaluate_operation(VM_Operation*)+0xb0
V  [libjvm.so+0xf92138]  VMThread::inner_execute(VM_Operation*)+0x2d8
V  [libjvm.so+0xf92450]  VMThread::run()+0xac
V  [libjvm.so+0xef92b8]  Thread::call_run()+0xa8
V  [libjvm.so+0xc71af4]  thread_native_entry(Thread*)+0xe0
C  [libc.so.6+0x8f81c]  start_thread+0x3bc

siginfo: si_signo: 11 (SIGSEGV), si_code: 1 (SEGV_MAPERR), si_addr: 0x0000000000000000

Registers:
R0=0x0000fffe6e0b4c38
R1=0x0000000000000000
R2=0x0000000000000000
R3=0x0000000000000000
R4=0x0000fffe58000030
R5=0x00000000424104fc
R6=0x0000000000000400
R7=0x0000fffefc000980
R8=0x0000fffe580020f0
R9=0x6b6571e2f12682e5
R10=0x0000000000000054
R11=0x0000ffff3b5666e8
R12=0x0000000000000030
R13=0x0000ffff119cf880
R14=0x0000000000000000
R15=0x0000fffefc0963a0
R16=0x0000000000000001
R17=0x0000ffff3b441b40
R18=0x0000000000000012
R19=0x0000fffe580020f0
R20=0x0000fffe580021a0
R21=0x0000fffe6e0b4be8
R22=0x0000fffe580020d0
R23=0x0000fffe6e0b4b58
R24=0x0000fffe6e0b4c68
R25=0x0000ffff328c6e50
R26=0x0000000000000b2b
R27=0x0000fffe6df9c5a4
R28=0x0000fffe6e0b4be8
R29=0x0000ffff119ce1b0
R30=0x0000fffe6df9c660


Register to memory mapping:

R0 =0x0000fffe6e0b4c38: <offset 0x00000000001b4c38> in /tmp/lwjgl_anguscrump/3.4.1-snapshot/arm64/libopenal.so at 0x0000fffe6df00000
R1 =0x0 is null
R2 =0x0 is null
R3 =0x0 is null
R4 =0x0000fffe58000030 points into unknown readable memory: 0x0000000200000000 | 00 00 00 00 02 00 00 00
R5 =0x00000000424104fc is an unknown value
R6 =0x0000000000000400 is an unknown value
R7 =0x0000fffefc000980 points into unknown readable memory: 0x0000000200000002 | 02 00 00 00 02 00 00 00
R8 =0x0000fffe580020f0 points into unknown readable memory: 0x0000000000000000 | 00 00 00 00 00 00 00 00
R9 =0x6b6571e2f12682e5 is an unknown value
R10=0x0000000000000054 is an unknown value
R11=0x0000ffff3b5666e8: <offset 0x00000000001c66e8> in /lib64/libc.so.6 at 0x0000ffff3b3a0000
R12=0x0000000000000030 is an unknown value
R13=0x0000ffff119cf880 points into unknown readable memory: 0x0000ffff04002e10 | 10 2e 00 04 ff ff 00 00
R14=0x0 is null
R15=0x0000fffefc0963a0 points into unknown readable memory: 0x0000000000000040 | 40 00 00 00 00 00 00 00
R16=0x0000000000000001 is an unknown value
R17=0x0000ffff3b441b40: __libc_free+0x0000000000000000 in /lib64/libc.so.6 at 0x0000ffff3b3a0000
R18=0x0000000000000012 is an unknown value
R19=0x0000fffe580020f0 points into unknown readable memory: 0x0000000000000000 | 00 00 00 00 00 00 00 00
R20=0x0000fffe580021a0 points into unknown readable memory: 0x0000fffe580000c8 | c8 00 00 58 fe ff 00 00
R21=0x0000fffe6e0b4be8: <offset 0x00000000001b4be8> in /tmp/lwjgl_anguscrump/3.4.1-snapshot/arm64/libopenal.so at 0x0000fffe6df00000
R22=0x0000fffe580020d0 points into unknown readable memory: 0x0000fffe58001ee0 | e0 1e 00 58 fe ff 00 00
R23=0x0000fffe6e0b4b58: <offset 0x00000000001b4b58> in /tmp/lwjgl_anguscrump/3.4.1-snapshot/arm64/libopenal.so at 0x0000fffe6df00000
R24=0x0000fffe6e0b4c68: <offset 0x00000000001b4c68> in /tmp/lwjgl_anguscrump/3.4.1-snapshot/arm64/libopenal.so at 0x0000fffe6df00000
R25=0x0000ffff328c6e50 points into unknown readable memory: 0x0000ffff32886de0 | e0 6d 88 32 ff ff 00 00
R26=0x0000000000000b2b is an unknown value
R27=0x0000fffe6df9c5a4: <offset 0x000000000009c5a4> in /tmp/lwjgl_anguscrump/3.4.1-snapshot/arm64/libopenal.so at 0x0000fffe6df00000
R28=0x0000fffe6e0b4be8: <offset 0x00000000001b4be8> in /tmp/lwjgl_anguscrump/3.4.1-snapshot/arm64/libopenal.so at 0x0000fffe6df00000
R29=0x0000ffff119ce1b0 points into unknown readable memory: 0x0000ffff119ce1f0 | f0 e1 9c 11 ff ff 00 00
R30=0x0000fffe6df9c660: <offset 0x000000000009c660> in /tmp/lwjgl_anguscrump/3.4.1-snapshot/arm64/libopenal.so at 0x0000fffe6df00000

Top of Stack: (sp=0x0000ffff119ce1b0)
0x0000ffff119ce1b0:   0000ffff119ce1f0 0000ffff3b3deb2c   ........,.=;....
0x0000ffff119ce1c0:   0000ffff3b561000 0000ffff3b562210   ..V;....."V;....
0x0000ffff119ce1d0:   0000ffff3b627c78 0000000000000000   x|b;............
0x0000ffff119ce1e0:   0000ffff3b560658 0000ffff3b562000   X.V;..... V;....
0x0000ffff119ce1f0:   0000ffff119ce260 004cffff3b3dec20   `....... .=;..L.
0x0000ffff119ce200:   0000000000000000 0000ffff39cab938   ........8..9....
0x0000ffff119ce210:   0000ffff39cab938 0000ffff040023c0   8..9.....#......
0x0000ffff119ce220:   0000ffff040023d8 0000ffff040027b0   .#.......'......
0x0000ffff119ce230:   00000000000003d8 0000ffff3b2efc18   ...........;....
0x0000ffff119ce240:   00000000000003d8 0000ffff3b2efc18   ...........;....
0x0000ffff119ce250:   0000ffff3020e050 0000ffff00000001   P. 0............
0x0000ffff119ce260:   0000ffff119ce270 0021ffff3aa2c05c   p.......\..:..!.
0x0000ffff119ce270:   0000ffff119ce280 0000ffff3a63dad0   ..........c:....
0x0000ffff119ce280:   0000ffff119ce2a0 0000ffff3ad3e1c4   ...........:....
0x0000ffff119ce290:   0000ffff3020e050 0000ffff3a371e60   P. 0....`.7:....
0x0000ffff119ce2a0:   0000ffff119ce3b0 0000ffff3ad41550   ........P..:....
0x0000ffff119ce2b0:   0000ffff3020e050 0000ffff3b21d000   P. 0......!;....
0x0000ffff119ce2c0:   0000ffff39cab938 0000ffff119cf880   8..9............
0x0000ffff119ce2d0:   0000ffff040023c0 0000ffff3020da80   .#........ 0....
0x0000ffff119ce2e0:   0000ffff040023d8 0000ffff040027b0   .#.......'......
0x0000ffff119ce2f0:   00000000000003d8 0000ffff3b217000   .........p!;....
0x0000ffff119ce300:   ffffff0f00000000 0000000000000000   ................
0x0000ffff119ce310:   0000000000000011 0000000000000000   ................
0x0000ffff119ce320:   3fc9ba5e353f7cee 0000000000000000   .|?5^..?........
0x0000ffff119ce330:   0000ffff119ce350 0000ffff3aacf3f8   P..........:....
0x0000ffff119ce340:   0000ffff119ce380 0000000000000000   ................
0x0000ffff119ce350:   0000ffff119ce360 000dffff3b468b04   `.........F;....
0x0000ffff119ce360:   0000ffff119ce370 002fffff3aa2cd64   p.......d..:../.
0x0000ffff119ce370:   0000ffff119ce390 0000ffff3acb94c0   ...........:....
0x0000ffff119ce380:   000000000000177d 000000003a4aba42   }.......B.J:....
0x0000ffff119ce390:   0000ffff119ce3b0 0000ffff3ad4152c   ........,..:....
0x0000ffff119ce3a0:   0000ffff3020e050 ac1d52ae84144700   P. 0.....G...R..

Instructions: (pc=0x0000fffe6df9c670)
  0x0000fffe6df9c570:   80 08 00 90 00 e0 44 f9 e2 27 40 f9 01 00 40 f9
  0x0000fffe6df9c580:   42 00 01 eb 01 00 80 d2 61 00 00 54 fd 7b c5 a8
  0x0000fffe6df9c590:   c0 03 5f d6 df d8 fd 97 fa d8 fd 97 0d db fd 97
  0x0000fffe6df9c5a0:   f4 ff ff 17 fd 7b bc a9 fd 03 00 91 f5 5b 02 a9
  0x0000fffe6df9c5b0:   f5 03 00 aa 00 00 40 f9 f3 53 01 a9 f7 63 03 a9
  0x0000fffe6df9c5c0:   80 00 00 b4 c1 08 00 90 21 bc 45 f9 20 00 3f d6
  0x0000fffe6df9c5d0:   a0 62 43 39 80 09 00 35 b3 42 40 f9 b8 02 02 91
  0x0000fffe6df9c5e0:   16 07 40 f9 7f 02 16 eb 20 03 00 54 d7 08 00 90
  0x0000fffe6df9c5f0:   f7 62 2d 91 1f 20 03 d5 74 02 40 f9 14 02 00 b4
  0x0000fffe6df9c600:   e0 03 14 aa 82 0e 40 f9 01 0c 41 f8 03 10 40 f9
  0x0000fffe6df9c610:   41 00 00 f9 22 04 00 f9 43 00 00 b4 60 00 3f d6
  0x0000fffe6df9c620:   80 06 40 f9 60 00 00 b4 e1 16 40 f9 20 00 3f d6
  0x0000fffe6df9c630:   e0 03 14 aa 01 08 80 d2 ca d9 fd 97 73 22 00 91
  0x0000fffe6df9c640:   df 02 13 eb a1 fd ff 54 b6 42 40 f9 b6 00 00 b4
  0x0000fffe6df9c650:   01 0b 40 f9 e0 03 16 aa 21 00 16 cb c1 d9 fd 97
  0x0000fffe6df9c660:   e0 03 15 aa a2 2e 40 f9 01 0c 45 f8 03 10 40 f9
=>0x0000fffe6df9c670:   41 00 00 f9 22 04 00 f9 43 00 00 b4 60 00 3f d6
  0x0000fffe6df9c680:   e0 03 15 aa a2 16 40 f9 01 0c 42 f8 03 10 40 f9
  0x0000fffe6df9c690:   41 00 00 f9 22 04 00 f9 43 00 00 b4 60 00 3f d6
  0x0000fffe6df9c6a0:   a0 0e 40 f9 80 00 00 b4 c1 08 00 90 21 c0 45 f9
  0x0000fffe6df9c6b0:   20 00 3f d6 a0 0a 40 f9 80 00 00 b4 c1 08 00 90
  0x0000fffe6df9c6c0:   21 c4 45 f9 20 00 3f d6 a0 06 40 f9 80 00 00 b4
  0x0000fffe6df9c6d0:   c1 08 00 90 21 c8 45 f9 20 00 3f d6 a0 02 40 f9
  0x0000fffe6df9c6e0:   80 00 00 b4 c1 08 00 90 21 cc 45 f9 20 00 3f d6
  0x0000fffe6df9c6f0:   f3 53 41 a9 f5 5b 42 a9 f7 63 43 a9 fd 7b c4 a8
  0x0000fffe6df9c700:   c0 03 5f d6 e0 03 15 aa bf 62 03 39 a2 5a 40 f9
  0x0000fffe6df9c710:   01 8c 4a f8 03 10 40 f9 41 00 00 f9 22 04 00 f9
  0x0000fffe6df9c720:   43 00 00 b4 60 00 3f d6 a0 52 40 f9 60 f5 ff b4
  0x0000fffe6df9c730:   c1 08 00 90 21 c0 45 f9 20 00 3f d6 a7 ff ff 17
  0x0000fffe6df9c740:   fd 7b bd a9 fd 03 00 91 f3 53 01 a9 53 00 01 cb
  0x0000fffe6df9c750:   f4 03 00 aa f5 13 00 f9 f5 03 01 aa 7f 3e 00 f1
  0x0000fffe6df9c760:   08 03 00 54 00 00 40 f9 7f 06 00 f1 41 01 00 54


Stack slot to memory mapping:

stack at sp + 0 slots: 0x0000ffff119ce1f0 points into unknown readable memory: 0x0000ffff119ce260 | 60 e2 9c 11 ff ff 00 00
stack at sp + 1 slots: 0x0000ffff3b3deb2c: <offset 0x000000000003eb2c> in /lib64/libc.so.6 at 0x0000ffff3b3a0000
stack at sp + 2 slots: 0x0000ffff3b561000: <offset 0x00000000001c1000> in /lib64/libc.so.6 at 0x0000ffff3b3a0000
stack at sp + 3 slots: 0x0000ffff3b562210: <offset 0x00000000001c2210> in /lib64/libc.so.6 at 0x0000ffff3b3a0000
stack at sp + 4 slots: 0x0000ffff3b627c78: __pointer_chk_guard+0x0000000000000000 in /lib/ld-linux-aarch64.so.1 at 0x0000ffff3b5e8000
stack at sp + 5 slots: 0x0 is null
stack at sp + 6 slots: 0x0000ffff3b560658: <offset 0x00000000001c0658> in /lib64/libc.so.6 at 0x0000ffff3b3a0000
stack at sp + 7 slots: 0x0000ffff3b562000: <offset 0x00000000001c2000> in /lib64/libc.so.6 at 0x0000ffff3b3a0000

VM_Operation (0x0000ffff39cab938): Exit, mode: safepoint, requested by thread 0x0000ffff300316d0


---------------  P R O C E S S  ---------------

Threads class SMR info:
_java_thread_list=0x0000fffe68000d30, length=17, elements={
0x0000ffff300316d0, 0x0000ffff30215690, 0x0000ffff30218ed0, 0x0000ffff3021a7b0,
0x0000ffff3021c230, 0x0000ffff3021db90, 0x0000ffff3021f440, 0x0000ffff30221200,
0x0000ffff30222c20, 0x0000ffff3025cc90, 0x0000ffff31721180, 0x0000ffff32291350,
0x0000ffff324d1790, 0x0000ffff3003c910, 0x0000fffe10398f40, 0x0000fffde80081e0,
0x0000ffff31d4f750
}

Java Threads: ( => current thread )
  0x0000ffff300316d0 JavaThread "Render thread"                     [_thread_blocked, id=39700, stack(0x0000ffff39ab0000,0x0000ffff39cae000) (2040K)]
  0x0000ffff30215690 JavaThread "Common-Cleaner"             daemon [_thread_blocked, id=39718, stack(0x0000ffff11be0000,0x0000ffff11df0000) (2112K)]
  0x0000ffff30218ed0 JavaThread "Reference Handler"          daemon [_thread_blocked, id=39719, stack(0x0000ffff11420000,0x0000ffff11620000) (2048K)]
  0x0000ffff3021a7b0 JavaThread "Finalizer"                  daemon [_thread_blocked, id=39720, stack(0x0000ffff11220000,0x0000ffff11420000) (2048K)]
  0x0000ffff3021c230 JavaThread "Signal Dispatcher"          daemon [_thread_blocked, id=39721, stack(0x0000ffff11020000,0x0000ffff11220000) (2048K)]
  0x0000ffff3021db90 JavaThread "Service Thread"             daemon [_thread_blocked, id=39722, stack(0x0000ffff10e20000,0x0000ffff11020000) (2048K)]
  0x0000ffff3021f440 JavaThread "Monitor Deflation Thread"   daemon [_thread_blocked, id=39723, stack(0x0000ffff10c20000,0x0000ffff10e20000) (2048K)]
  0x0000ffff30221200 JavaThread "C2 CompilerThread0"         daemon [_thread_blocked, id=39724, stack(0x0000ffff10a20000,0x0000ffff10c20000) (2048K)]
  0x0000ffff30222c20 JavaThread "C1 CompilerThread0"         daemon [_thread_blocked, id=39725, stack(0x0000ffff10820000,0x0000ffff10a20000) (2048K)]
  0x0000ffff3025cc90 JavaThread "Notification Thread"        daemon [_thread_blocked, id=39726, stack(0x0000ffff10620000,0x0000ffff10820000) (2048K)]
  0x0000ffff31721180 JavaThread "JNA Cleaner"                daemon [_thread_blocked, id=39760, stack(0x0000fffee45b0000,0x0000fffee47b0000) (2048K)]
  0x0000ffff32291350 JavaThread "Timer hack thread"          daemon [_thread_blocked, id=39800, stack(0x0000fffee49b0000,0x0000fffee4bb0000) (2048K)]
  0x0000ffff324d1790 JavaThread "Yggdrasil Key Fetcher"      daemon [_thread_blocked, id=39803, stack(0x0000fffee43b0000,0x0000fffee45b0000) (2048K)]
  0x0000ffff3003c910 JavaThread "Netty Local IO #0"          daemon [_thread_blocked, id=39907, stack(0x0000fffe04e4c000,0x0000fffe0504c000) (2048K)]
  0x0000fffe10398f40 JavaThread "Netty Local IO #1"          daemon [_thread_blocked, id=39908, stack(0x0000fffe04924000,0x0000fffe04b24000) (2048K)]
  0x0000fffde80081e0 JavaThread "Netty Local IO #2"          daemon [_thread_blocked, id=39909, stack(0x0000fffe04724000,0x0000fffe04924000) (2048K)]
  0x0000ffff31d4f750 JavaThread "Sound engine"               daemon [_thread_blocked, id=41770, stack(0x0000fffee41b0000,0x0000fffee43b0000) (2048K)]
Total: 17

Other Threads:
=>0x0000ffff3020da80 VMThread "VM Thread"                           [id=39717, stack(0x0000ffff117d0000,0x0000ffff119d0000) (2048K)]
  0x0000ffff30186740 WorkerThread "GC Thread#0"                     [id=39703, stack(0x0000ffff340a8000,0x0000ffff342a8000) (2048K)]
  0x0000fffefc007c20 WorkerThread "GC Thread#1"                     [id=39730, stack(0x0000fffee5c00000,0x0000fffee5e00000) (2048K)]
  0x0000fffefc0086e0 WorkerThread "GC Thread#2"                     [id=39731, stack(0x0000fffee59f0000,0x0000fffee5bf0000) (2048K)]
  0x0000fffefc0092a0 WorkerThread "GC Thread#3"                     [id=39732, stack(0x0000fffee57e0000,0x0000fffee59e0000) (2048K)]
  0x0000fffefc00a010 WorkerThread "GC Thread#4"                     [id=39733, stack(0x0000fffee55d0000,0x0000fffee57d0000) (2048K)]
  0x0000fffefc00ad80 WorkerThread "GC Thread#5"                     [id=39734, stack(0x0000fffee53c0000,0x0000fffee55c0000) (2048K)]
  0x0000fffefc015910 WorkerThread "GC Thread#6"                     [id=39749, stack(0x0000fffe7fe00000,0x0000fffe80000000) (2048K)]
  0x0000fffefc00e5b0 WorkerThread "GC Thread#7"                     [id=39753, stack(0x0000fffe7fbf0000,0x0000fffe7fdf0000) (2048K)]
  0x0000fffefc017d60 WorkerThread "GC Thread#8"                     [id=39754, stack(0x0000fffe7f9e0000,0x0000fffe7fbe0000) (2048K)]
  0x0000ffff3019e8c0 ConcurrentGCThread "G1 Main Marker"            terminated
  0x0000ffff3019fab0 WorkerThread "G1 Conc#0"                       [id=39708, stack(0x0000ffff1cbec000,0x0000ffff1cdec000) (2048K)]
  0x0000ffff18000c80 WorkerThread "G1 Conc#1"                       [id=39755, stack(0x0000fffe7f7d0000,0x0000fffe7f9d0000) (2048K)]
  0x0000ffff301ed410 ConcurrentGCThread "G1 Refine#0"               terminated
  0x0000ffff301ee620 ConcurrentGCThread "G1 Service"                terminated
Total: 15

Threads with active compile tasks:
C1 CompilerThread0  338063 39141       3       org.apache.logging.log4j.core.util.internal.InternalLoggerRegistry$$Lambda/0x0000001c02119ee8::apply (8 bytes)
Total: 1

VM state: at safepoint (shutting down)

VM Mutex/Monitor currently owned by a thread:  ([mutex/lock_event])
[0x0000ffff3b2b9228] ThreadsLockThrottle_lock - owner thread: 0x0000ffff3021c230
[0x0000ffff3b2b9558] Threads_lock - owner thread: 0x0000ffff3020da80
[0x0000ffff3b2b96f0] Heap_lock - owner thread: 0x0000ffff300316d0

Heap address: 0x000000070f800000, size: 3848 MB, Compressed Oops mode: Zero based, Oop shift amount: 3

CDS archive(s) mapped at: [0x0000001c00000000-0x0000001c01d00000-0x0000001c01d00000), size 30408704, SharedBaseAddress: 0x0000001c00000000, ArchiveRelocationMode: 1.
Compressed class space mapped at: 0x0000001c02000000-0x0000001c42000000, reserved size: 1073741824
UseCompressedClassPointers 1, UseCompactObjectHeaders 0
Narrow klass pointer bits 32, Max shift 3
Narrow klass base: 0x0000001c00000000, Narrow klass shift: 0
Encoding Range: [0x0000001c00000000 - 0x0000001d00000000), (4294967296 bytes)
Klass Range:    [0x0000001c00010000 - 0x0000001c42000000), (1107230720 bytes)
Klass ID Range:  [65536 - 1107296249) (1107230713)
Protection zone: [0x0000001c00000000 - 0x0000001c00010000), (65536 bytes)

GC Precious Log:
 CardTable entry size: 512
 Card Set container configuration: InlinePtr #cards 4 size 8 Array Of Cards #cards 16 size 48 Howl #buckets 8 coarsen threshold 3686 Howl Bitmap #cards 512 size 80 coarsen threshold 460 Card regions per heap region 1 cards per card region 4096
 CPUs: 10 total, 10 available
 Memory: 15385M
 Large Page Support: Disabled
 NUMA Support: Disabled
 Compressed Oops: Enabled (Zero based)
 Heap Region Size: 2M
 Heap Min Capacity: 8M
 Heap Initial Capacity: 248M
 Heap Max Capacity: 3848M
 Pre-touch: Disabled
 Parallel Workers: 9
 Concurrent Workers: 2
 Concurrent Refinement Workers: 9
 Periodic GC: Disabled

Heap:
 garbage-first heap   total reserved 3940352K, committed 1705984K, used 888591K [0x000000070f800000, 0x0000000800000000)
  region size 2048K, 210 young (430080K), 39 survivors (79872K)

Heap Regions: E=young(eden), S=young(survivor), O=old, HS=humongous(starts), HC=humongous(continues), CS=collection set, F=free, TAMS=top-at-mark-start, PB=parsable bottom
|   0|0x000000070f800000, 0x000000070fa00000, 0x000000070fa00000|100%|HS|  |TAMS 0x000000070f800000| PB 0x000000070f800000| Complete |  0
|   1|0x000000070fa00000, 0x000000070fc00000, 0x000000070fc00000|100%|HS|  |TAMS 0x000000070fa00000| PB 0x000000070fa00000| Complete |  0
|   2|0x000000070fc00000, 0x000000070fe00000, 0x000000070fe00000|100%|HS|  |TAMS 0x000000070fc00000| PB 0x000000070fc00000| Complete |  0
|   3|0x000000070fe00000, 0x0000000710000000, 0x0000000710000000|100%| O|  |TAMS 0x000000070fe00000| PB 0x000000070fe00000| Untracked |  0
|   4|0x0000000710000000, 0x0000000710200000, 0x0000000710200000|100%| O|  |TAMS 0x0000000710000000| PB 0x0000000710000000| Untracked |  0
|   5|0x0000000710200000, 0x0000000710400000, 0x0000000710400000|100%| O|  |TAMS 0x0000000710200000| PB 0x0000000710200000| Untracked |  0
|   6|0x0000000710400000, 0x0000000710600000, 0x0000000710600000|100%| O|  |TAMS 0x0000000710400000| PB 0x0000000710400000| Untracked |  0
|   7|0x0000000710600000, 0x0000000710800000, 0x0000000710800000|100%| O|  |TAMS 0x0000000710600000| PB 0x0000000710600000| Untracked |  0
|   8|0x0000000710800000, 0x0000000710a00000, 0x0000000710a00000|100%| O|  |TAMS 0x0000000710800000| PB 0x0000000710800000| Untracked |  0
|   9|0x0000000710a00000, 0x0000000710c00000, 0x0000000710c00000|100%| O|  |TAMS 0x0000000710a00000| PB 0x0000000710a00000| Untracked |  0
|  10|0x0000000710c00000, 0x0000000710e00000, 0x0000000710e00000|100%| O|  |TAMS 0x0000000710c00000| PB 0x0000000710c00000| Untracked |  0
|  11|0x0000000710e00000, 0x0000000711000000, 0x0000000711000000|100%| O|  |TAMS 0x0000000710e00000| PB 0x0000000710e00000| Untracked |  0
|  12|0x0000000711000000, 0x0000000711200000, 0x0000000711200000|100%| O|  |TAMS 0x0000000711000000| PB 0x0000000711000000| Untracked |  0
|  13|0x0000000711200000, 0x0000000711400000, 0x0000000711400000|100%| O|  |TAMS 0x0000000711200000| PB 0x0000000711200000| Untracked |  0
|  14|0x0000000711400000, 0x0000000711600000, 0x0000000711600000|100%| O|  |TAMS 0x0000000711400000| PB 0x0000000711400000| Untracked |  0
|  15|0x0000000711600000, 0x0000000711800000, 0x0000000711800000|100%| O|  |TAMS 0x0000000711600000| PB 0x0000000711600000| Untracked |  0
|  16|0x0000000711800000, 0x0000000711a00000, 0x0000000711a00000|100%| O|  |TAMS 0x0000000711800000| PB 0x0000000711800000| Untracked |  0
|  17|0x0000000711a00000, 0x0000000711c00000, 0x0000000711c00000|100%| O|  |TAMS 0x0000000711a00000| PB 0x0000000711a00000| Untracked |  0
|  18|0x0000000711c00000, 0x0000000711e00000, 0x0000000711e00000|100%| O|  |TAMS 0x0000000711c00000| PB 0x0000000711c00000| Untracked |  0
|  19|0x0000000711e00000, 0x0000000712000000, 0x0000000712000000|100%| O|  |TAMS 0x0000000711e00000| PB 0x0000000711e00000| Untracked |  0
|  20|0x0000000712000000, 0x0000000712200000, 0x0000000712200000|100%| O|  |TAMS 0x0000000712000000| PB 0x0000000712000000| Untracked |  0
|  21|0x0000000712200000, 0x0000000712400000, 0x0000000712400000|100%| O|  |TAMS 0x0000000712200000| PB 0x0000000712200000| Untracked |  0
|  22|0x0000000712400000, 0x0000000712600000, 0x0000000712600000|100%| O|  |TAMS 0x0000000712400000| PB 0x0000000712400000| Untracked |  0
|  23|0x0000000712600000, 0x0000000712800000, 0x0000000712800000|100%| O|  |TAMS 0x0000000712600000| PB 0x0000000712600000| Untracked |  0
|  24|0x0000000712800000, 0x0000000712a00000, 0x0000000712a00000|100%| O|  |TAMS 0x0000000712800000| PB 0x0000000712800000| Untracked |  0
|  25|0x0000000712a00000, 0x0000000712c00000, 0x0000000712c00000|100%| O|  |TAMS 0x0000000712a00000| PB 0x0000000712a00000| Untracked |  0
|  26|0x0000000712c00000, 0x0000000712e00000, 0x0000000712e00000|100%|HS|  |TAMS 0x0000000712c00000| PB 0x0000000712c00000| Complete |  0
|  27|0x0000000712e00000, 0x0000000713000000, 0x0000000713000000|100%|HC|  |TAMS 0x0000000712e00000| PB 0x0000000712e00000| Complete |  0
|  28|0x0000000713000000, 0x0000000713200000, 0x0000000713200000|100%|HC|  |TAMS 0x0000000713000000| PB 0x0000000713000000| Complete |  0
|  29|0x0000000713200000, 0x0000000713400000, 0x0000000713400000|100%|HC|  |TAMS 0x0000000713200000| PB 0x0000000713200000| Complete |  0
|  30|0x0000000713400000, 0x0000000713600000, 0x0000000713600000|100%|HC|  |TAMS 0x0000000713400000| PB 0x0000000713400000| Complete |  0
|  31|0x0000000713600000, 0x0000000713800000, 0x0000000713800000|100%|HC|  |TAMS 0x0000000713600000| PB 0x0000000713600000| Complete |  0
|  32|0x0000000713800000, 0x0000000713a00000, 0x0000000713a00000|100%| O|  |TAMS 0x0000000713800000| PB 0x0000000713800000| Untracked |  0
|  33|0x0000000713a00000, 0x0000000713c00000, 0x0000000713c00000|100%| O|  |TAMS 0x0000000713a00000| PB 0x0000000713a00000| Untracked |  0
|  34|0x0000000713c00000, 0x0000000713e00000, 0x0000000713e00000|100%| O|  |TAMS 0x0000000713c00000| PB 0x0000000713c00000| Untracked |  0
|  35|0x0000000713e00000, 0x0000000714000000, 0x0000000714000000|100%| O|  |TAMS 0x0000000713e00000| PB 0x0000000713e00000| Untracked |  0
|  36|0x0000000714000000, 0x0000000714200000, 0x0000000714200000|100%| O|  |TAMS 0x0000000714000000| PB 0x0000000714000000| Untracked |  0
|  37|0x0000000714200000, 0x0000000714400000, 0x0000000714400000|100%| O|  |TAMS 0x0000000714200000| PB 0x0000000714200000| Untracked |  0
|  38|0x0000000714400000, 0x0000000714600000, 0x0000000714600000|100%| O|  |TAMS 0x0000000714400000| PB 0x0000000714400000| Untracked |  0
|  39|0x0000000714600000, 0x0000000714800000, 0x0000000714800000|100%| O|  |TAMS 0x0000000714600000| PB 0x0000000714600000| Untracked |  0
|  40|0x0000000714800000, 0x0000000714a00000, 0x0000000714a00000|100%| O|  |TAMS 0x0000000714800000| PB 0x0000000714800000| Untracked |  0
|  41|0x0000000714a00000, 0x0000000714c00000, 0x0000000714c00000|100%| O|  |TAMS 0x0000000714a00000| PB 0x0000000714a00000| Untracked |  0
|  42|0x0000000714c00000, 0x0000000714e00000, 0x0000000714e00000|100%| O|  |TAMS 0x0000000714c00000| PB 0x0000000714c00000| Untracked |  0
|  43|0x0000000714e00000, 0x0000000715000000, 0x0000000715000000|100%| O|  |TAMS 0x0000000714e00000| PB 0x0000000714e00000| Untracked |  0
|  44|0x0000000715000000, 0x0000000715200000, 0x0000000715200000|100%| O|  |TAMS 0x0000000715000000| PB 0x0000000715000000| Untracked |  0
|  45|0x0000000715200000, 0x0000000715400000, 0x0000000715400000|100%| O|  |TAMS 0x0000000715200000| PB 0x0000000715200000| Untracked |  0
|  46|0x0000000715400000, 0x0000000715600000, 0x0000000715600000|100%| O|  |TAMS 0x0000000715400000| PB 0x0000000715400000| Untracked |  0
|  47|0x0000000715600000, 0x0000000715800000, 0x0000000715800000|100%| O|  |TAMS 0x0000000715600000| PB 0x0000000715600000| Untracked |  0
|  48|0x0000000715800000, 0x0000000715a00000, 0x0000000715a00000|100%| O|  |TAMS 0x0000000715800000| PB 0x0000000715800000| Untracked |  0
|  49|0x0000000715a00000, 0x0000000715c00000, 0x0000000715c00000|100%| O|  |TAMS 0x0000000715a00000| PB 0x0000000715a00000| Untracked |  0
|  50|0x0000000715c00000, 0x0000000715e00000, 0x0000000715e00000|100%| O|  |TAMS 0x0000000715c00000| PB 0x0000000715c00000| Untracked |  0
|  51|0x0000000715e00000, 0x0000000716000000, 0x0000000716000000|100%| O|  |TAMS 0x0000000715e00000| PB 0x0000000715e00000| Untracked |  0
|  52|0x0000000716000000, 0x0000000716200000, 0x0000000716200000|100%| O|  |TAMS 0x0000000716000000| PB 0x0000000716000000| Untracked |  0
|  53|0x0000000716200000, 0x0000000716400000, 0x0000000716400000|100%|HS|  |TAMS 0x0000000716200000| PB 0x0000000716200000| Complete |  0
|  54|0x0000000716400000, 0x0000000716600000, 0x0000000716600000|100%|HS|  |TAMS 0x0000000716400000| PB 0x0000000716400000| Complete |  0
|  55|0x0000000716600000, 0x0000000716800000, 0x0000000716800000|100%| O|  |TAMS 0x0000000716600000| PB 0x0000000716600000| Untracked |  0
|  56|0x0000000716800000, 0x0000000716a00000, 0x0000000716a00000|100%| O|  |TAMS 0x0000000716800000| PB 0x0000000716800000| Untracked |  0
|  57|0x0000000716a00000, 0x0000000716c00000, 0x0000000716c00000|100%| O|  |TAMS 0x0000000716a00000| PB 0x0000000716a00000| Untracked |  0
|  58|0x0000000716c00000, 0x0000000716e00000, 0x0000000716e00000|100%| O|  |TAMS 0x0000000716c00000| PB 0x0000000716c00000| Untracked |  0
|  59|0x0000000716e00000, 0x0000000717000000, 0x0000000717000000|100%| O|  |TAMS 0x0000000716e00000| PB 0x0000000716e00000| Untracked |  0
|  60|0x0000000717000000, 0x0000000717200000, 0x0000000717200000|100%| O|  |TAMS 0x0000000717000000| PB 0x0000000717000000| Untracked |  0
|  61|0x0000000717200000, 0x0000000717400000, 0x0000000717400000|100%| O|  |TAMS 0x0000000717200000| PB 0x0000000717200000| Untracked |  0
|  62|0x0000000717400000, 0x0000000717600000, 0x0000000717600000|100%| O|  |TAMS 0x0000000717400000| PB 0x0000000717400000| Untracked |  0
|  63|0x0000000717600000, 0x0000000717800000, 0x0000000717800000|100%| O|  |TAMS 0x0000000717600000| PB 0x0000000717600000| Untracked |  0
|  64|0x0000000717800000, 0x0000000717a00000, 0x0000000717a00000|100%| O|  |TAMS 0x0000000717800000| PB 0x0000000717800000| Untracked |  0
|  65|0x0000000717a00000, 0x0000000717c00000, 0x0000000717c00000|100%| O|  |TAMS 0x0000000717a00000| PB 0x0000000717a00000| Untracked |  0
|  66|0x0000000717c00000, 0x0000000717e00000, 0x0000000717e00000|100%| O|  |TAMS 0x0000000717c00000| PB 0x0000000717c00000| Untracked |  0
|  67|0x0000000717e00000, 0x0000000718000000, 0x0000000718000000|100%| O|  |TAMS 0x0000000717e00000| PB 0x0000000717e00000| Untracked |  0
|  68|0x0000000718000000, 0x0000000718200000, 0x0000000718200000|100%| O|  |TAMS 0x0000000718000000| PB 0x0000000718000000| Untracked |  0
|  69|0x0000000718200000, 0x0000000718400000, 0x0000000718400000|100%| O|  |TAMS 0x0000000718200000| PB 0x0000000718200000| Untracked |  0
|  70|0x0000000718400000, 0x0000000718600000, 0x0000000718600000|100%| O|  |TAMS 0x0000000718400000| PB 0x0000000718400000| Untracked |  0
|  71|0x0000000718600000, 0x0000000718800000, 0x0000000718800000|100%| O|  |TAMS 0x0000000718600000| PB 0x0000000718600000| Untracked |  0
|  72|0x0000000718800000, 0x0000000718a00000, 0x0000000718a00000|100%| O|  |TAMS 0x0000000718800000| PB 0x0000000718800000| Untracked |  0
|  73|0x0000000718a00000, 0x0000000718c00000, 0x0000000718c00000|100%| O|  |TAMS 0x0000000718a00000| PB 0x0000000718a00000| Untracked |  0
|  74|0x0000000718c00000, 0x0000000718e00000, 0x0000000718e00000|100%| O|  |TAMS 0x0000000718c00000| PB 0x0000000718c00000| Untracked |  0
|  75|0x0000000718e00000, 0x0000000719000000, 0x0000000719000000|100%| O|  |TAMS 0x0000000718e00000| PB 0x0000000718e00000| Untracked |  0
|  76|0x0000000719000000, 0x0000000719200000, 0x0000000719200000|100%| O|  |TAMS 0x0000000719000000| PB 0x0000000719000000| Untracked |  0
|  77|0x0000000719200000, 0x0000000719400000, 0x0000000719400000|100%| O|  |TAMS 0x0000000719200000| PB 0x0000000719200000| Untracked |  0
|  78|0x0000000719400000, 0x0000000719600000, 0x0000000719600000|100%| O|  |TAMS 0x0000000719400000| PB 0x0000000719400000| Untracked |  0
|  79|0x0000000719600000, 0x0000000719800000, 0x0000000719800000|100%| O|  |TAMS 0x0000000719600000| PB 0x0000000719600000| Untracked |  0
|  80|0x0000000719800000, 0x0000000719a00000, 0x0000000719a00000|100%| O|  |TAMS 0x0000000719800000| PB 0x0000000719800000| Untracked |  0
|  81|0x0000000719a00000, 0x0000000719c00000, 0x0000000719c00000|100%| O|  |TAMS 0x0000000719a00000| PB 0x0000000719a00000| Untracked |  0
|  82|0x0000000719c00000, 0x0000000719e00000, 0x0000000719e00000|100%| O|  |TAMS 0x0000000719c00000| PB 0x0000000719c00000| Untracked |  0
|  83|0x0000000719e00000, 0x000000071a000000, 0x000000071a000000|100%| O|  |TAMS 0x0000000719e00000| PB 0x0000000719e00000| Untracked |  0
|  84|0x000000071a000000, 0x000000071a200000, 0x000000071a200000|100%| O|  |TAMS 0x000000071a000000| PB 0x000000071a000000| Untracked |  0
|  85|0x000000071a200000, 0x000000071a400000, 0x000000071a400000|100%| O|  |TAMS 0x000000071a200000| PB 0x000000071a200000| Untracked |  0
|  86|0x000000071a400000, 0x000000071a600000, 0x000000071a600000|100%| O|  |TAMS 0x000000071a400000| PB 0x000000071a400000| Untracked |  0
|  87|0x000000071a600000, 0x000000071a800000, 0x000000071a800000|100%| O|  |TAMS 0x000000071a600000| PB 0x000000071a600000| Untracked |  0
|  88|0x000000071a800000, 0x000000071aa00000, 0x000000071aa00000|100%| O|  |TAMS 0x000000071a800000| PB 0x000000071a800000| Untracked |  0
|  89|0x000000071aa00000, 0x000000071ac00000, 0x000000071ac00000|100%| O|  |TAMS 0x000000071aa00000| PB 0x000000071aa00000| Untracked |  0
|  90|0x000000071ac00000, 0x000000071ae00000, 0x000000071ae00000|100%| O|  |TAMS 0x000000071ac00000| PB 0x000000071ac00000| Untracked |  0
|  91|0x000000071ae00000, 0x000000071b000000, 0x000000071b000000|100%| O|  |TAMS 0x000000071ae00000| PB 0x000000071ae00000| Untracked |  0
|  92|0x000000071b000000, 0x000000071b200000, 0x000000071b200000|100%| O|  |TAMS 0x000000071b000000| PB 0x000000071b000000| Untracked |  0
|  93|0x000000071b200000, 0x000000071b400000, 0x000000071b400000|100%| O|  |TAMS 0x000000071b200000| PB 0x000000071b200000| Untracked |  0
|  94|0x000000071b400000, 0x000000071b600000, 0x000000071b600000|100%| O|  |TAMS 0x000000071b400000| PB 0x000000071b400000| Untracked |  0
|  95|0x000000071b600000, 0x000000071b800000, 0x000000071b800000|100%| O|  |TAMS 0x000000071b600000| PB 0x000000071b600000| Untracked |  0
|  96|0x000000071b800000, 0x000000071ba00000, 0x000000071ba00000|100%| O|  |TAMS 0x000000071b800000| PB 0x000000071b800000| Untracked |  0
|  97|0x000000071ba00000, 0x000000071bc00000, 0x000000071bc00000|100%| O|  |TAMS 0x000000071ba00000| PB 0x000000071ba00000| Untracked |  0
|  98|0x000000071bc00000, 0x000000071be00000, 0x000000071be00000|100%| O|  |TAMS 0x000000071bc00000| PB 0x000000071bc00000| Untracked |  0
|  99|0x000000071be00000, 0x000000071c000000, 0x000000071c000000|100%| O|  |TAMS 0x000000071be00000| PB 0x000000071be00000| Untracked |  0
| 100|0x000000071c000000, 0x000000071c200000, 0x000000071c200000|100%| O|  |TAMS 0x000000071c000000| PB 0x000000071c000000| Untracked |  0
| 101|0x000000071c200000, 0x000000071c400000, 0x000000071c400000|100%| O|  |TAMS 0x000000071c200000| PB 0x000000071c200000| Untracked |  0
| 102|0x000000071c400000, 0x000000071c600000, 0x000000071c600000|100%| O|  |TAMS 0x000000071c400000| PB 0x000000071c400000| Untracked |  0
| 103|0x000000071c600000, 0x000000071c800000, 0x000000071c800000|100%| O|  |TAMS 0x000000071c600000| PB 0x000000071c600000| Untracked |  0
| 104|0x000000071c800000, 0x000000071ca00000, 0x000000071ca00000|100%| O|  |TAMS 0x000000071c800000| PB 0x000000071c800000| Untracked |  0
| 105|0x000000071ca00000, 0x000000071cc00000, 0x000000071cc00000|100%| O|  |TAMS 0x000000071ca00000| PB 0x000000071ca00000| Untracked |  0
| 106|0x000000071cc00000, 0x000000071ce00000, 0x000000071ce00000|100%| O|  |TAMS 0x000000071cc00000| PB 0x000000071cc00000| Untracked |  0
| 107|0x000000071ce00000, 0x000000071d000000, 0x000000071d000000|100%| O|  |TAMS 0x000000071ce00000| PB 0x000000071ce00000| Untracked |  0
| 108|0x000000071d000000, 0x000000071d200000, 0x000000071d200000|100%| O|  |TAMS 0x000000071d000000| PB 0x000000071d000000| Untracked |  0
| 109|0x000000071d200000, 0x000000071d400000, 0x000000071d400000|100%| O|  |TAMS 0x000000071d200000| PB 0x000000071d200000| Untracked |  0
| 110|0x000000071d400000, 0x000000071d600000, 0x000000071d600000|100%| O|  |TAMS 0x000000071d400000| PB 0x000000071d400000| Untracked |  0
| 111|0x000000071d600000, 0x000000071d800000, 0x000000071d800000|100%| O|  |TAMS 0x000000071d600000| PB 0x000000071d600000| Untracked |  0
| 112|0x000000071d800000, 0x000000071da00000, 0x000000071da00000|100%| O|  |TAMS 0x000000071d800000| PB 0x000000071d800000| Untracked |  0
| 113|0x000000071da00000, 0x000000071dc00000, 0x000000071dc00000|100%| O|  |TAMS 0x000000071da00000| PB 0x000000071da00000| Untracked |  0
| 114|0x000000071dc00000, 0x000000071de00000, 0x000000071de00000|100%| O|  |TAMS 0x000000071dc00000| PB 0x000000071dc00000| Untracked |  0
| 115|0x000000071de00000, 0x000000071e000000, 0x000000071e000000|100%| O|  |TAMS 0x000000071de00000| PB 0x000000071de00000| Untracked |  0
| 116|0x000000071e000000, 0x000000071e200000, 0x000000071e200000|100%| O|  |TAMS 0x000000071e000000| PB 0x000000071e000000| Untracked |  0
| 117|0x000000071e200000, 0x000000071e400000, 0x000000071e400000|100%| O|  |TAMS 0x000000071e200000| PB 0x000000071e200000| Untracked |  0
| 118|0x000000071e400000, 0x000000071e600000, 0x000000071e600000|100%| O|  |TAMS 0x000000071e400000| PB 0x000000071e400000| Untracked |  0
| 119|0x000000071e600000, 0x000000071e800000, 0x000000071e800000|100%| O|  |TAMS 0x000000071e600000| PB 0x000000071e600000| Untracked |  0
| 120|0x000000071e800000, 0x000000071ea00000, 0x000000071ea00000|100%| O|  |TAMS 0x000000071e800000| PB 0x000000071e800000| Untracked |  0
| 121|0x000000071ea00000, 0x000000071ec00000, 0x000000071ec00000|100%| O|  |TAMS 0x000000071ea00000| PB 0x000000071ea00000| Untracked |  0
| 122|0x000000071ec00000, 0x000000071ee00000, 0x000000071ee00000|100%| O|  |TAMS 0x000000071ec00000| PB 0x000000071ec00000| Untracked |  0
| 123|0x000000071ee00000, 0x000000071f000000, 0x000000071f000000|100%| O|  |TAMS 0x000000071ee00000| PB 0x000000071ee00000| Untracked |  0
| 124|0x000000071f000000, 0x000000071f200000, 0x000000071f200000|100%| O|  |TAMS 0x000000071f000000| PB 0x000000071f000000| Untracked |  0
| 125|0x000000071f200000, 0x000000071f400000, 0x000000071f400000|100%| O|  |TAMS 0x000000071f200000| PB 0x000000071f200000| Untracked |  0
| 126|0x000000071f400000, 0x000000071f600000, 0x000000071f600000|100%| O|  |TAMS 0x000000071f400000| PB 0x000000071f400000| Untracked |  0
| 127|0x000000071f600000, 0x000000071f800000, 0x000000071f800000|100%| O|  |TAMS 0x000000071f600000| PB 0x000000071f600000| Untracked |  0
| 128|0x000000071f800000, 0x000000071fa00000, 0x000000071fa00000|100%| O|  |TAMS 0x000000071f800000| PB 0x000000071f800000| Untracked |  0
| 129|0x000000071fa00000, 0x000000071fc00000, 0x000000071fc00000|100%| O|  |TAMS 0x000000071fa00000| PB 0x000000071fa00000| Untracked |  0
| 130|0x000000071fc00000, 0x000000071fe00000, 0x000000071fe00000|100%| O|  |TAMS 0x000000071fc00000| PB 0x000000071fc00000| Untracked |  0
| 131|0x000000071fe00000, 0x0000000720000000, 0x0000000720000000|100%| O|  |TAMS 0x000000071fe00000| PB 0x000000071fe00000| Untracked |  0
| 132|0x0000000720000000, 0x0000000720200000, 0x0000000720200000|100%| O|  |TAMS 0x0000000720000000| PB 0x0000000720000000| Untracked |  0
| 133|0x0000000720200000, 0x0000000720400000, 0x0000000720400000|100%| O|  |TAMS 0x0000000720200000| PB 0x0000000720200000| Untracked |  0
| 134|0x0000000720400000, 0x0000000720600000, 0x0000000720600000|100%| O|  |TAMS 0x0000000720400000| PB 0x0000000720400000| Untracked |  0
| 135|0x0000000720600000, 0x0000000720800000, 0x0000000720800000|100%| O|  |TAMS 0x0000000720600000| PB 0x0000000720600000| Untracked |  0
| 136|0x0000000720800000, 0x0000000720a00000, 0x0000000720a00000|100%| O|  |TAMS 0x0000000720800000| PB 0x0000000720800000| Untracked |  0
| 137|0x0000000720a00000, 0x0000000720c00000, 0x0000000720c00000|100%| O|  |TAMS 0x0000000720a00000| PB 0x0000000720a00000| Untracked |  0
| 138|0x0000000720c00000, 0x0000000720e00000, 0x0000000720e00000|100%| O|  |TAMS 0x0000000720c00000| PB 0x0000000720c00000| Untracked |  0
| 139|0x0000000720e00000, 0x0000000721000000, 0x0000000721000000|100%| O|  |TAMS 0x0000000720e00000| PB 0x0000000720e00000| Untracked |  0
| 140|0x0000000721000000, 0x0000000721200000, 0x0000000721200000|100%| O|  |TAMS 0x0000000721000000| PB 0x0000000721000000| Untracked |  0
| 141|0x0000000721200000, 0x0000000721400000, 0x0000000721400000|100%| O|  |TAMS 0x0000000721200000| PB 0x0000000721200000| Untracked |  0
| 142|0x0000000721400000, 0x0000000721600000, 0x0000000721600000|100%| O|  |TAMS 0x0000000721400000| PB 0x0000000721400000| Untracked |  0
| 143|0x0000000721600000, 0x0000000721800000, 0x0000000721800000|100%| O|  |TAMS 0x0000000721600000| PB 0x0000000721600000| Untracked |  0
| 144|0x0000000721800000, 0x0000000721a00000, 0x0000000721a00000|100%| O|  |TAMS 0x0000000721800000| PB 0x0000000721800000| Untracked |  0
| 145|0x0000000721a00000, 0x0000000721c00000, 0x0000000721c00000|100%| O|  |TAMS 0x0000000721a00000| PB 0x0000000721a00000| Untracked |  0
| 146|0x0000000721c00000, 0x0000000721e00000, 0x0000000721e00000|100%| O|  |TAMS 0x0000000721c00000| PB 0x0000000721c00000| Untracked |  0
| 147|0x0000000721e00000, 0x0000000722000000, 0x0000000722000000|100%| O|  |TAMS 0x0000000721e00000| PB 0x0000000721e00000| Untracked |  0
| 148|0x0000000722000000, 0x0000000722200000, 0x0000000722200000|100%| O|  |TAMS 0x0000000722000000| PB 0x0000000722000000| Untracked |  0
| 149|0x0000000722200000, 0x0000000722400000, 0x0000000722400000|100%| O|  |TAMS 0x0000000722200000| PB 0x0000000722200000| Untracked |  0
| 150|0x0000000722400000, 0x0000000722600000, 0x0000000722600000|100%| O|  |TAMS 0x0000000722400000| PB 0x0000000722400000| Untracked |  0
| 151|0x0000000722600000, 0x0000000722800000, 0x0000000722800000|100%| O|  |TAMS 0x0000000722600000| PB 0x0000000722600000| Untracked |  0
| 152|0x0000000722800000, 0x0000000722a00000, 0x0000000722a00000|100%| O|  |TAMS 0x0000000722800000| PB 0x0000000722800000| Untracked |  0
| 153|0x0000000722a00000, 0x0000000722c00000, 0x0000000722c00000|100%| O|  |TAMS 0x0000000722a00000| PB 0x0000000722a00000| Untracked |  0
| 154|0x0000000722c00000, 0x0000000722e00000, 0x0000000722e00000|100%| O|  |TAMS 0x0000000722c00000| PB 0x0000000722c00000| Untracked |  0
| 155|0x0000000722e00000, 0x0000000723000000, 0x0000000723000000|100%| O|  |TAMS 0x0000000722e00000| PB 0x0000000722e00000| Untracked |  0
| 156|0x0000000723000000, 0x0000000723200000, 0x0000000723200000|100%| O|  |TAMS 0x0000000723000000| PB 0x0000000723000000| Untracked |  0
| 157|0x0000000723200000, 0x0000000723400000, 0x0000000723400000|100%| O|  |TAMS 0x0000000723200000| PB 0x0000000723200000| Untracked |  0
| 158|0x0000000723400000, 0x0000000723600000, 0x0000000723600000|100%| O|  |TAMS 0x0000000723400000| PB 0x0000000723400000| Untracked |  0
| 159|0x0000000723600000, 0x0000000723800000, 0x0000000723800000|100%| O|  |TAMS 0x0000000723600000| PB 0x0000000723600000| Untracked |  0
| 160|0x0000000723800000, 0x0000000723a00000, 0x0000000723a00000|100%| O|  |TAMS 0x0000000723800000| PB 0x0000000723800000| Untracked |  0
| 161|0x0000000723a00000, 0x0000000723c00000, 0x0000000723c00000|100%| O|  |TAMS 0x0000000723a00000| PB 0x0000000723a00000| Untracked |  0
| 162|0x0000000723c00000, 0x0000000723cc3f60, 0x0000000723e00000| 38%| O|  |TAMS 0x0000000723c00000| PB 0x0000000723c00000| Untracked |  0
| 163|0x0000000723e00000, 0x0000000723e00000, 0x0000000724000000|  0%| F|  |TAMS 0x0000000723e00000| PB 0x0000000723e00000| Untracked |  0
| 164|0x0000000724000000, 0x0000000724000000, 0x0000000724200000|  0%| F|  |TAMS 0x0000000724000000| PB 0x0000000724000000| Untracked |  0
| 165|0x0000000724200000, 0x0000000724400000, 0x0000000724400000|100%| O|  |TAMS 0x0000000724200000| PB 0x0000000724200000| Untracked |  0
| 166|0x0000000724400000, 0x0000000724400000, 0x0000000724600000|  0%| F|  |TAMS 0x0000000724400000| PB 0x0000000724400000| Untracked |  0
| 167|0x0000000724600000, 0x0000000724600000, 0x0000000724800000|  0%| F|  |TAMS 0x0000000724600000| PB 0x0000000724600000| Untracked |  0
| 168|0x0000000724800000, 0x0000000724a00000, 0x0000000724a00000|100%| O|  |TAMS 0x0000000724800000| PB 0x0000000724800000| Untracked |  0
| 169|0x0000000724a00000, 0x0000000724a00000, 0x0000000724c00000|  0%| F|  |TAMS 0x0000000724a00000| PB 0x0000000724a00000| Untracked |  0
| 170|0x0000000724c00000, 0x0000000724e00000, 0x0000000724e00000|100%| O|  |TAMS 0x0000000724c00000| PB 0x0000000724c00000| Untracked |  0
| 171|0x0000000724e00000, 0x0000000725000000, 0x0000000725000000|100%| O|  |TAMS 0x0000000724e00000| PB 0x0000000724e00000| Untracked |  0
| 172|0x0000000725000000, 0x0000000725000000, 0x0000000725200000|  0%| F|  |TAMS 0x0000000725000000| PB 0x0000000725000000| Untracked |  0
| 173|0x0000000725200000, 0x0000000725200000, 0x0000000725400000|  0%| F|  |TAMS 0x0000000725200000| PB 0x0000000725200000| Untracked |  0
| 174|0x0000000725400000, 0x0000000725400000, 0x0000000725600000|  0%| F|  |TAMS 0x0000000725400000| PB 0x0000000725400000| Untracked |  0
| 175|0x0000000725600000, 0x0000000725800000, 0x0000000725800000|100%| O|  |TAMS 0x0000000725600000| PB 0x0000000725600000| Untracked |  0
| 176|0x0000000725800000, 0x0000000725a00000, 0x0000000725a00000|100%| O|  |TAMS 0x0000000725800000| PB 0x0000000725800000| Untracked |  0
| 177|0x0000000725a00000, 0x0000000725a00000, 0x0000000725c00000|  0%| F|  |TAMS 0x0000000725a00000| PB 0x0000000725a00000| Untracked |  0
| 178|0x0000000725c00000, 0x0000000725c00000, 0x0000000725e00000|  0%| F|  |TAMS 0x0000000725c00000| PB 0x0000000725c00000| Untracked |  0
| 179|0x0000000725e00000, 0x0000000726000000, 0x0000000726000000|100%| O|  |TAMS 0x0000000725e00000| PB 0x0000000725e00000| Untracked |  0
| 180|0x0000000726000000, 0x0000000726200000, 0x0000000726200000|100%| O|  |TAMS 0x0000000726000000| PB 0x0000000726000000| Untracked |  0
| 181|0x0000000726200000, 0x0000000726400000, 0x0000000726400000|100%| O|  |TAMS 0x0000000726200000| PB 0x0000000726200000| Untracked |  0
| 182|0x0000000726400000, 0x0000000726600000, 0x0000000726600000|100%| O|  |TAMS 0x0000000726400000| PB 0x0000000726400000| Untracked |  0
| 183|0x0000000726600000, 0x0000000726800000, 0x0000000726800000|100%| O|  |TAMS 0x0000000726600000| PB 0x0000000726600000| Untracked |  0
| 184|0x0000000726800000, 0x0000000726a00000, 0x0000000726a00000|100%| O|  |TAMS 0x0000000726800000| PB 0x0000000726800000| Untracked |  0
| 185|0x0000000726a00000, 0x0000000726c00000, 0x0000000726c00000|100%| O|  |TAMS 0x0000000726a00000| PB 0x0000000726a00000| Untracked |  0
| 186|0x0000000726c00000, 0x0000000726e00000, 0x0000000726e00000|100%| O|  |TAMS 0x0000000726c00000| PB 0x0000000726c00000| Untracked |  0
| 187|0x0000000726e00000, 0x0000000726e00000, 0x0000000727000000|  0%| F|  |TAMS 0x0000000726e00000| PB 0x0000000726e00000| Untracked |  0
| 188|0x0000000727000000, 0x0000000727000000, 0x0000000727200000|  0%| F|  |TAMS 0x0000000727000000| PB 0x0000000727000000| Untracked |  0
| 189|0x0000000727200000, 0x0000000727400000, 0x0000000727400000|100%| O|  |TAMS 0x0000000727200000| PB 0x0000000727200000| Untracked |  0
| 190|0x0000000727400000, 0x0000000727600000, 0x0000000727600000|100%| O|  |TAMS 0x0000000727400000| PB 0x0000000727400000| Untracked |  0
| 191|0x0000000727600000, 0x0000000727800000, 0x0000000727800000|100%| O|  |TAMS 0x0000000727600000| PB 0x0000000727600000| Untracked |  0
| 192|0x0000000727800000, 0x0000000727a00000, 0x0000000727a00000|100%| O|  |TAMS 0x0000000727800000| PB 0x0000000727800000| Untracked |  0
| 193|0x0000000727a00000, 0x0000000727c00000, 0x0000000727c00000|100%| O|  |TAMS 0x0000000727a00000| PB 0x0000000727a00000| Untracked |  0
| 194|0x0000000727c00000, 0x0000000727e00000, 0x0000000727e00000|100%| O|  |TAMS 0x0000000727c00000| PB 0x0000000727c00000| Untracked |  0
| 195|0x0000000727e00000, 0x0000000728000000, 0x0000000728000000|100%| O|  |TAMS 0x0000000727e00000| PB 0x0000000727e00000| Untracked |  0
| 196|0x0000000728000000, 0x0000000728200000, 0x0000000728200000|100%|HS|  |TAMS 0x0000000728000000| PB 0x0000000728000000| Complete |  0
| 197|0x0000000728200000, 0x0000000728400000, 0x0000000728400000|100%|HC|  |TAMS 0x0000000728200000| PB 0x0000000728200000| Complete |  0
| 198|0x0000000728400000, 0x0000000728600000, 0x0000000728600000|100%| O|  |TAMS 0x0000000728400000| PB 0x0000000728400000| Untracked |  0
| 199|0x0000000728600000, 0x0000000728800000, 0x0000000728800000|100%| O|  |TAMS 0x0000000728600000| PB 0x0000000728600000| Untracked |  0
| 200|0x0000000728800000, 0x0000000728a00000, 0x0000000728a00000|100%| O|  |TAMS 0x0000000728800000| PB 0x0000000728800000| Untracked |  0
| 201|0x0000000728a00000, 0x0000000728c00000, 0x0000000728c00000|100%| O|  |TAMS 0x0000000728a00000| PB 0x0000000728a00000| Untracked |  0
| 202|0x0000000728c00000, 0x0000000728e00000, 0x0000000728e00000|100%| O|  |TAMS 0x0000000728c00000| PB 0x0000000728c00000| Untracked |  0
| 203|0x0000000728e00000, 0x0000000729000000, 0x0000000729000000|100%|HS|  |TAMS 0x0000000728e00000| PB 0x0000000728e00000| Complete |  0
| 204|0x0000000729000000, 0x0000000729200000, 0x0000000729200000|100%|HC|  |TAMS 0x0000000729000000| PB 0x0000000729000000| Complete |  0
| 205|0x0000000729200000, 0x0000000729400000, 0x0000000729400000|100%|HC|  |TAMS 0x0000000729200000| PB 0x0000000729200000| Complete |  0
| 206|0x0000000729400000, 0x0000000729600000, 0x0000000729600000|100%| O|  |TAMS 0x0000000729400000| PB 0x0000000729400000| Untracked |  0
| 207|0x0000000729600000, 0x0000000729800000, 0x0000000729800000|100%| O|  |TAMS 0x0000000729600000| PB 0x0000000729600000| Untracked |  0
| 208|0x0000000729800000, 0x0000000729a00000, 0x0000000729a00000|100%| O|  |TAMS 0x0000000729800000| PB 0x0000000729800000| Untracked |  0
| 209|0x0000000729a00000, 0x0000000729c00000, 0x0000000729c00000|100%| O|  |TAMS 0x0000000729a00000| PB 0x0000000729a00000| Untracked |  0
| 210|0x0000000729c00000, 0x0000000729e00000, 0x0000000729e00000|100%| O|  |TAMS 0x0000000729c00000| PB 0x0000000729c00000| Untracked |  0
| 211|0x0000000729e00000, 0x000000072a000000, 0x000000072a000000|100%| O|  |TAMS 0x0000000729e00000| PB 0x0000000729e00000| Untracked |  0
| 212|0x000000072a000000, 0x000000072a200000, 0x000000072a200000|100%| O|  |TAMS 0x000000072a000000| PB 0x000000072a000000| Untracked |  0
| 213|0x000000072a200000, 0x000000072a400000, 0x000000072a400000|100%| O|  |TAMS 0x000000072a200000| PB 0x000000072a200000| Untracked |  0
| 214|0x000000072a400000, 0x000000072a600000, 0x000000072a600000|100%| O|  |TAMS 0x000000072a400000| PB 0x000000072a400000| Untracked |  0
| 215|0x000000072a600000, 0x000000072a800000, 0x000000072a800000|100%| O|  |TAMS 0x000000072a600000| PB 0x000000072a600000| Untracked |  0
| 216|0x000000072a800000, 0x000000072aa00000, 0x000000072aa00000|100%| O|  |TAMS 0x000000072a800000| PB 0x000000072a800000| Untracked |  0
| 217|0x000000072aa00000, 0x000000072ac00000, 0x000000072ac00000|100%| O|  |TAMS 0x000000072aa00000| PB 0x000000072aa00000| Untracked |  0
| 218|0x000000072ac00000, 0x000000072ae00000, 0x000000072ae00000|100%| O|  |TAMS 0x000000072ac00000| PB 0x000000072ac00000| Untracked |  0
| 219|0x000000072ae00000, 0x000000072b000000, 0x000000072b000000|100%| O|  |TAMS 0x000000072ae00000| PB 0x000000072ae00000| Untracked |  0
| 220|0x000000072b000000, 0x000000072b200000, 0x000000072b200000|100%| O|  |TAMS 0x000000072b000000| PB 0x000000072b000000| Untracked |  0
| 221|0x000000072b200000, 0x000000072b400000, 0x000000072b400000|100%| O|  |TAMS 0x000000072b200000| PB 0x000000072b200000| Untracked |  0
| 222|0x000000072b400000, 0x000000072b600000, 0x000000072b600000|100%| O|  |TAMS 0x000000072b400000| PB 0x000000072b400000| Untracked |  0
| 223|0x000000072b600000, 0x000000072b800000, 0x000000072b800000|100%| O|  |TAMS 0x000000072b600000| PB 0x000000072b600000| Untracked |  0
| 224|0x000000072b800000, 0x000000072b800000, 0x000000072ba00000|  0%| F|  |TAMS 0x000000072b800000| PB 0x000000072b800000| Untracked |  0
| 225|0x000000072ba00000, 0x000000072bc00000, 0x000000072bc00000|100%| O|  |TAMS 0x000000072ba00000| PB 0x000000072ba00000| Untracked |  0
| 226|0x000000072bc00000, 0x000000072be00000, 0x000000072be00000|100%| O|  |TAMS 0x000000072bc00000| PB 0x000000072bc00000| Untracked |  0
| 227|0x000000072be00000, 0x000000072c000000, 0x000000072c000000|100%| O|  |TAMS 0x000000072be00000| PB 0x000000072be00000| Untracked |  0
| 228|0x000000072c000000, 0x000000072c200000, 0x000000072c200000|100%| O|  |TAMS 0x000000072c000000| PB 0x000000072c000000| Untracked |  0
| 229|0x000000072c200000, 0x000000072c400000, 0x000000072c400000|100%| O|  |TAMS 0x000000072c200000| PB 0x000000072c200000| Untracked |  0
| 230|0x000000072c400000, 0x000000072c600000, 0x000000072c600000|100%| O|  |TAMS 0x000000072c400000| PB 0x000000072c400000| Untracked |  0
| 231|0x000000072c600000, 0x000000072c800000, 0x000000072c800000|100%| O|  |TAMS 0x000000072c600000| PB 0x000000072c600000| Untracked |  0
| 232|0x000000072c800000, 0x000000072ca00000, 0x000000072ca00000|100%| O|  |TAMS 0x000000072c800000| PB 0x000000072c800000| Untracked |  0
| 233|0x000000072ca00000, 0x000000072ca00000, 0x000000072cc00000|  0%| F|  |TAMS 0x000000072ca00000| PB 0x000000072ca00000| Untracked |  0
| 234|0x000000072cc00000, 0x000000072cc00000, 0x000000072ce00000|  0%| F|  |TAMS 0x000000072cc00000| PB 0x000000072cc00000| Untracked |  0
| 235|0x000000072ce00000, 0x000000072ce00000, 0x000000072d000000|  0%| F|  |TAMS 0x000000072ce00000| PB 0x000000072ce00000| Untracked |  0
| 236|0x000000072d000000, 0x000000072d000000, 0x000000072d200000|  0%| F|  |TAMS 0x000000072d000000| PB 0x000000072d000000| Untracked |  0
| 237|0x000000072d200000, 0x000000072d200000, 0x000000072d400000|  0%| F|  |TAMS 0x000000072d200000| PB 0x000000072d200000| Untracked |  0
| 238|0x000000072d400000, 0x000000072d400000, 0x000000072d600000|  0%| F|  |TAMS 0x000000072d400000| PB 0x000000072d400000| Untracked |  0
| 239|0x000000072d600000, 0x000000072d600000, 0x000000072d800000|  0%| F|  |TAMS 0x000000072d600000| PB 0x000000072d600000| Untracked |  0
| 240|0x000000072d800000, 0x000000072d800000, 0x000000072da00000|  0%| F|  |TAMS 0x000000072d800000| PB 0x000000072d800000| Untracked |  0
| 241|0x000000072da00000, 0x000000072da00000, 0x000000072dc00000|  0%| F|  |TAMS 0x000000072da00000| PB 0x000000072da00000| Untracked |  0
| 242|0x000000072dc00000, 0x000000072dc00000, 0x000000072de00000|  0%| F|  |TAMS 0x000000072dc00000| PB 0x000000072dc00000| Untracked |  0
| 243|0x000000072de00000, 0x000000072de00000, 0x000000072e000000|  0%| F|  |TAMS 0x000000072de00000| PB 0x000000072de00000| Untracked |  0
| 244|0x000000072e000000, 0x000000072e200000, 0x000000072e200000|100%| O|  |TAMS 0x000000072e000000| PB 0x000000072e000000| Untracked |  0
| 245|0x000000072e200000, 0x000000072e200000, 0x000000072e400000|  0%| F|  |TAMS 0x000000072e200000| PB 0x000000072e200000| Untracked |  0
| 246|0x000000072e400000, 0x000000072e600000, 0x000000072e600000|100%| O|  |TAMS 0x000000072e400000| PB 0x000000072e400000| Untracked |  0
| 247|0x000000072e600000, 0x000000072e800000, 0x000000072e800000|100%| O|  |TAMS 0x000000072e600000| PB 0x000000072e600000| Untracked |  0
| 248|0x000000072e800000, 0x000000072e800000, 0x000000072ea00000|  0%| F|  |TAMS 0x000000072e800000| PB 0x000000072e800000| Untracked |  0
| 249|0x000000072ea00000, 0x000000072ec00000, 0x000000072ec00000|100%| O|  |TAMS 0x000000072ea00000| PB 0x000000072ea00000| Untracked |  0
| 250|0x000000072ec00000, 0x000000072ec00000, 0x000000072ee00000|  0%| F|  |TAMS 0x000000072ec00000| PB 0x000000072ec00000| Untracked |  0
| 251|0x000000072ee00000, 0x000000072ee00000, 0x000000072f000000|  0%| F|  |TAMS 0x000000072ee00000| PB 0x000000072ee00000| Untracked |  0
| 252|0x000000072f000000, 0x000000072f000000, 0x000000072f200000|  0%| F|  |TAMS 0x000000072f000000| PB 0x000000072f000000| Untracked |  0
| 253|0x000000072f200000, 0x000000072f200000, 0x000000072f400000|  0%| F|  |TAMS 0x000000072f200000| PB 0x000000072f200000| Untracked |  0
| 254|0x000000072f400000, 0x000000072f400000, 0x000000072f600000|  0%| F|  |TAMS 0x000000072f400000| PB 0x000000072f400000| Untracked |  0
| 255|0x000000072f600000, 0x000000072f600000, 0x000000072f800000|  0%| F|  |TAMS 0x000000072f600000| PB 0x000000072f600000| Untracked |  0
| 256|0x000000072f800000, 0x000000072f800000, 0x000000072fa00000|  0%| F|  |TAMS 0x000000072f800000| PB 0x000000072f800000| Untracked |  0
| 257|0x000000072fa00000, 0x000000072fa00000, 0x000000072fc00000|  0%| F|  |TAMS 0x000000072fa00000| PB 0x000000072fa00000| Untracked |  0
| 258|0x000000072fc00000, 0x000000072fc00000, 0x000000072fe00000|  0%| F|  |TAMS 0x000000072fc00000| PB 0x000000072fc00000| Untracked |  0
| 259|0x000000072fe00000, 0x000000072fe00000, 0x0000000730000000|  0%| F|  |TAMS 0x000000072fe00000| PB 0x000000072fe00000| Untracked |  0
| 260|0x0000000730000000, 0x0000000730000000, 0x0000000730200000|  0%| F|  |TAMS 0x0000000730000000| PB 0x0000000730000000| Untracked |  0
| 261|0x0000000730200000, 0x0000000730200000, 0x0000000730400000|  0%| F|  |TAMS 0x0000000730200000| PB 0x0000000730200000| Untracked |  0
| 262|0x0000000730400000, 0x0000000730400000, 0x0000000730600000|  0%| F|  |TAMS 0x0000000730400000| PB 0x0000000730400000| Untracked |  0
| 263|0x0000000730600000, 0x0000000730600000, 0x0000000730800000|  0%| F|  |TAMS 0x0000000730600000| PB 0x0000000730600000| Untracked |  0
| 264|0x0000000730800000, 0x0000000730800000, 0x0000000730a00000|  0%| F|  |TAMS 0x0000000730800000| PB 0x0000000730800000| Untracked |  0
| 265|0x0000000730a00000, 0x0000000730a00000, 0x0000000730c00000|  0%| F|  |TAMS 0x0000000730a00000| PB 0x0000000730a00000| Untracked |  0
| 266|0x0000000730c00000, 0x0000000730c00000, 0x0000000730e00000|  0%| F|  |TAMS 0x0000000730c00000| PB 0x0000000730c00000| Untracked |  0
| 267|0x0000000730e00000, 0x0000000730e00000, 0x0000000731000000|  0%| F|  |TAMS 0x0000000730e00000| PB 0x0000000730e00000| Untracked |  0
| 268|0x0000000731000000, 0x0000000731000000, 0x0000000731200000|  0%| F|  |TAMS 0x0000000731000000| PB 0x0000000731000000| Untracked |  0
| 269|0x0000000731200000, 0x0000000731200000, 0x0000000731400000|  0%| F|  |TAMS 0x0000000731200000| PB 0x0000000731200000| Untracked |  0
| 270|0x0000000731400000, 0x0000000731400000, 0x0000000731600000|  0%| F|  |TAMS 0x0000000731400000| PB 0x0000000731400000| Untracked |  0
| 271|0x0000000731600000, 0x0000000731600000, 0x0000000731800000|  0%| F|  |TAMS 0x0000000731600000| PB 0x0000000731600000| Untracked |  0
| 272|0x0000000731800000, 0x0000000731a00000, 0x0000000731a00000|100%| O|  |TAMS 0x0000000731800000| PB 0x0000000731800000| Untracked |  0
| 273|0x0000000731a00000, 0x0000000731a00000, 0x0000000731c00000|  0%| F|  |TAMS 0x0000000731a00000| PB 0x0000000731a00000| Untracked |  0
| 274|0x0000000731c00000, 0x0000000731c00000, 0x0000000731e00000|  0%| F|  |TAMS 0x0000000731c00000| PB 0x0000000731c00000| Untracked |  0
| 275|0x0000000731e00000, 0x0000000731e00000, 0x0000000732000000|  0%| F|  |TAMS 0x0000000731e00000| PB 0x0000000731e00000| Untracked |  0
| 276|0x0000000732000000, 0x0000000732000000, 0x0000000732200000|  0%| F|  |TAMS 0x0000000732000000| PB 0x0000000732000000| Untracked |  0
| 277|0x0000000732200000, 0x0000000732200000, 0x0000000732400000|  0%| F|  |TAMS 0x0000000732200000| PB 0x0000000732200000| Untracked |  0
| 278|0x0000000732400000, 0x0000000732400000, 0x0000000732600000|  0%| F|  |TAMS 0x0000000732400000| PB 0x0000000732400000| Untracked |  0
| 279|0x0000000732600000, 0x0000000732600000, 0x0000000732800000|  0%| F|  |TAMS 0x0000000732600000| PB 0x0000000732600000| Untracked |  0
| 280|0x0000000732800000, 0x0000000732800000, 0x0000000732a00000|  0%| F|  |TAMS 0x0000000732800000| PB 0x0000000732800000| Untracked |  0
| 281|0x0000000732a00000, 0x0000000732a00000, 0x0000000732c00000|  0%| F|  |TAMS 0x0000000732a00000| PB 0x0000000732a00000| Untracked |  0
| 282|0x0000000732c00000, 0x0000000732c00000, 0x0000000732e00000|  0%| F|  |TAMS 0x0000000732c00000| PB 0x0000000732c00000| Untracked |  0
| 283|0x0000000732e00000, 0x0000000732e00000, 0x0000000733000000|  0%| F|  |TAMS 0x0000000732e00000| PB 0x0000000732e00000| Untracked |  0
| 284|0x0000000733000000, 0x0000000733000000, 0x0000000733200000|  0%| F|  |TAMS 0x0000000733000000| PB 0x0000000733000000| Untracked |  0
| 285|0x0000000733200000, 0x0000000733200000, 0x0000000733400000|  0%| F|  |TAMS 0x0000000733200000| PB 0x0000000733200000| Untracked |  0
| 286|0x0000000733400000, 0x0000000733400000, 0x0000000733600000|  0%| F|  |TAMS 0x0000000733400000| PB 0x0000000733400000| Untracked |  0
| 287|0x0000000733600000, 0x0000000733600000, 0x0000000733800000|  0%| F|  |TAMS 0x0000000733600000| PB 0x0000000733600000| Untracked |  0
| 288|0x0000000733800000, 0x0000000733800000, 0x0000000733a00000|  0%| F|  |TAMS 0x0000000733800000| PB 0x0000000733800000| Untracked |  0
| 289|0x0000000733a00000, 0x0000000733a00000, 0x0000000733c00000|  0%| F|  |TAMS 0x0000000733a00000| PB 0x0000000733a00000| Untracked |  0
| 290|0x0000000733c00000, 0x0000000733c00000, 0x0000000733e00000|  0%| F|  |TAMS 0x0000000733c00000| PB 0x0000000733c00000| Untracked |  0
| 291|0x0000000733e00000, 0x0000000733e00000, 0x0000000734000000|  0%| F|  |TAMS 0x0000000733e00000| PB 0x0000000733e00000| Untracked |  0
| 292|0x0000000734000000, 0x0000000734000000, 0x0000000734200000|  0%| F|  |TAMS 0x0000000734000000| PB 0x0000000734000000| Untracked |  0
| 293|0x0000000734200000, 0x0000000734300000, 0x0000000734400000| 50%| S|CS|TAMS 0x0000000734200000| PB 0x0000000734200000| Complete |  0
| 294|0x0000000734400000, 0x0000000734600000, 0x0000000734600000|100%| S|CS|TAMS 0x0000000734400000| PB 0x0000000734400000| Complete |  0
| 295|0x0000000734600000, 0x0000000734800000, 0x0000000734800000|100%| S|CS|TAMS 0x0000000734600000| PB 0x0000000734600000| Complete |  0
| 296|0x0000000734800000, 0x0000000734a00000, 0x0000000734a00000|100%| S|CS|TAMS 0x0000000734800000| PB 0x0000000734800000| Complete |  0
| 297|0x0000000734a00000, 0x0000000734c00000, 0x0000000734c00000|100%| S|CS|TAMS 0x0000000734a00000| PB 0x0000000734a00000| Complete |  0
| 298|0x0000000734c00000, 0x0000000734e00000, 0x0000000734e00000|100%| S|CS|TAMS 0x0000000734c00000| PB 0x0000000734c00000| Complete |  0
| 299|0x0000000734e00000, 0x0000000735000000, 0x0000000735000000|100%| S|CS|TAMS 0x0000000734e00000| PB 0x0000000734e00000| Complete |  0
| 300|0x0000000735000000, 0x0000000735200000, 0x0000000735200000|100%| S|CS|TAMS 0x0000000735000000| PB 0x0000000735000000| Complete |  0
| 301|0x0000000735200000, 0x0000000735400000, 0x0000000735400000|100%| S|CS|TAMS 0x0000000735200000| PB 0x0000000735200000| Complete |  0
| 302|0x0000000735400000, 0x0000000735600000, 0x0000000735600000|100%| S|CS|TAMS 0x0000000735400000| PB 0x0000000735400000| Complete |  0
| 303|0x0000000735600000, 0x0000000735800000, 0x0000000735800000|100%| S|CS|TAMS 0x0000000735600000| PB 0x0000000735600000| Complete |  0
| 304|0x0000000735800000, 0x0000000735a00000, 0x0000000735a00000|100%| S|CS|TAMS 0x0000000735800000| PB 0x0000000735800000| Complete |  0
| 305|0x0000000735a00000, 0x0000000735c00000, 0x0000000735c00000|100%| S|CS|TAMS 0x0000000735a00000| PB 0x0000000735a00000| Complete |  0
| 306|0x0000000735c00000, 0x0000000735e00000, 0x0000000735e00000|100%| S|CS|TAMS 0x0000000735c00000| PB 0x0000000735c00000| Complete |  0
| 307|0x0000000735e00000, 0x0000000736000000, 0x0000000736000000|100%| S|CS|TAMS 0x0000000735e00000| PB 0x0000000735e00000| Complete |  0
| 308|0x0000000736000000, 0x0000000736200000, 0x0000000736200000|100%| S|CS|TAMS 0x0000000736000000| PB 0x0000000736000000| Complete |  0
| 309|0x0000000736200000, 0x0000000736400000, 0x0000000736400000|100%| S|CS|TAMS 0x0000000736200000| PB 0x0000000736200000| Complete |  0
| 310|0x0000000736400000, 0x0000000736600000, 0x0000000736600000|100%| S|CS|TAMS 0x0000000736400000| PB 0x0000000736400000| Complete |  0
| 311|0x0000000736600000, 0x0000000736800000, 0x0000000736800000|100%| S|CS|TAMS 0x0000000736600000| PB 0x0000000736600000| Complete |  0
| 312|0x0000000736800000, 0x0000000736a00000, 0x0000000736a00000|100%| S|CS|TAMS 0x0000000736800000| PB 0x0000000736800000| Complete |  0
| 313|0x0000000736a00000, 0x0000000736c00000, 0x0000000736c00000|100%| S|CS|TAMS 0x0000000736a00000| PB 0x0000000736a00000| Complete |  0
| 314|0x0000000736c00000, 0x0000000736e00000, 0x0000000736e00000|100%| S|CS|TAMS 0x0000000736c00000| PB 0x0000000736c00000| Complete |  0
| 315|0x0000000736e00000, 0x0000000737000000, 0x0000000737000000|100%| S|CS|TAMS 0x0000000736e00000| PB 0x0000000736e00000| Complete |  0
| 316|0x0000000737000000, 0x0000000737200000, 0x0000000737200000|100%| S|CS|TAMS 0x0000000737000000| PB 0x0000000737000000| Complete |  0
| 317|0x0000000737200000, 0x0000000737400000, 0x0000000737400000|100%| S|CS|TAMS 0x0000000737200000| PB 0x0000000737200000| Complete |  0
| 318|0x0000000737400000, 0x0000000737600000, 0x0000000737600000|100%| S|CS|TAMS 0x0000000737400000| PB 0x0000000737400000| Complete |  0
| 319|0x0000000737600000, 0x0000000737800000, 0x0000000737800000|100%| S|CS|TAMS 0x0000000737600000| PB 0x0000000737600000| Complete |  0
| 320|0x0000000737800000, 0x0000000737a00000, 0x0000000737a00000|100%| S|CS|TAMS 0x0000000737800000| PB 0x0000000737800000| Complete |  0
| 321|0x0000000737a00000, 0x0000000737c00000, 0x0000000737c00000|100%| S|CS|TAMS 0x0000000737a00000| PB 0x0000000737a00000| Complete |  0
| 322|0x0000000737c00000, 0x0000000737c00000, 0x0000000737e00000|  0%| F|  |TAMS 0x0000000737c00000| PB 0x0000000737c00000| Untracked |  0
| 323|0x0000000737e00000, 0x0000000737e00000, 0x0000000738000000|  0%| F|  |TAMS 0x0000000737e00000| PB 0x0000000737e00000| Untracked |  0
| 324|0x0000000738000000, 0x0000000738000000, 0x0000000738200000|  0%| F|  |TAMS 0x0000000738000000| PB 0x0000000738000000| Untracked |  0
| 325|0x0000000738200000, 0x0000000738200000, 0x0000000738400000|  0%| F|  |TAMS 0x0000000738200000| PB 0x0000000738200000| Untracked |  0
| 326|0x0000000738400000, 0x0000000738400000, 0x0000000738600000|  0%| F|  |TAMS 0x0000000738400000| PB 0x0000000738400000| Untracked |  0
| 327|0x0000000738600000, 0x0000000738600000, 0x0000000738800000|  0%| F|  |TAMS 0x0000000738600000| PB 0x0000000738600000| Untracked |  0
| 328|0x0000000738800000, 0x0000000738800000, 0x0000000738a00000|  0%| F|  |TAMS 0x0000000738800000| PB 0x0000000738800000| Untracked |  0
| 329|0x0000000738a00000, 0x0000000738a00000, 0x0000000738c00000|  0%| F|  |TAMS 0x0000000738a00000| PB 0x0000000738a00000| Untracked |  0
| 330|0x0000000738c00000, 0x0000000738c00000, 0x0000000738e00000|  0%| F|  |TAMS 0x0000000738c00000| PB 0x0000000738c00000| Untracked |  0
| 331|0x0000000738e00000, 0x0000000738e00000, 0x0000000739000000|  0%| F|  |TAMS 0x0000000738e00000| PB 0x0000000738e00000| Untracked |  0
| 332|0x0000000739000000, 0x0000000739200000, 0x0000000739200000|100%| S|CS|TAMS 0x0000000739000000| PB 0x0000000739000000| Complete |  0
| 333|0x0000000739200000, 0x0000000739400000, 0x0000000739400000|100%| S|CS|TAMS 0x0000000739200000| PB 0x0000000739200000| Complete |  0
| 334|0x0000000739400000, 0x0000000739600000, 0x0000000739600000|100%| S|CS|TAMS 0x0000000739400000| PB 0x0000000739400000| Complete |  0
| 335|0x0000000739600000, 0x0000000739800000, 0x0000000739800000|100%| S|CS|TAMS 0x0000000739600000| PB 0x0000000739600000| Complete |  0
| 336|0x0000000739800000, 0x0000000739a00000, 0x0000000739a00000|100%| S|CS|TAMS 0x0000000739800000| PB 0x0000000739800000| Complete |  0
| 337|0x0000000739a00000, 0x0000000739c00000, 0x0000000739c00000|100%| S|CS|TAMS 0x0000000739a00000| PB 0x0000000739a00000| Complete |  0
| 338|0x0000000739c00000, 0x0000000739e00000, 0x0000000739e00000|100%| S|CS|TAMS 0x0000000739c00000| PB 0x0000000739c00000| Complete |  0
| 339|0x0000000739e00000, 0x000000073a000000, 0x000000073a000000|100%| S|CS|TAMS 0x0000000739e00000| PB 0x0000000739e00000| Complete |  0
| 340|0x000000073a000000, 0x000000073a200000, 0x000000073a200000|100%| S|CS|TAMS 0x000000073a000000| PB 0x000000073a000000| Complete |  0
| 341|0x000000073a200000, 0x000000073a400000, 0x000000073a400000|100%| S|CS|TAMS 0x000000073a200000| PB 0x000000073a200000| Complete |  0
| 342|0x000000073a400000, 0x000000073a400000, 0x000000073a600000|  0%| F|  |TAMS 0x000000073a400000| PB 0x000000073a400000| Untracked |  0
| 343|0x000000073a600000, 0x000000073a600000, 0x000000073a800000|  0%| F|  |TAMS 0x000000073a600000| PB 0x000000073a600000| Untracked |  0
| 344|0x000000073a800000, 0x000000073a800000, 0x000000073aa00000|  0%| F|  |TAMS 0x000000073a800000| PB 0x000000073a800000| Untracked |  0
| 345|0x000000073aa00000, 0x000000073aa00000, 0x000000073ac00000|  0%| F|  |TAMS 0x000000073aa00000| PB 0x000000073aa00000| Untracked |  0
| 346|0x000000073ac00000, 0x000000073ac00000, 0x000000073ae00000|  0%| F|  |TAMS 0x000000073ac00000| PB 0x000000073ac00000| Untracked |  0
| 347|0x000000073ae00000, 0x000000073ae00000, 0x000000073b000000|  0%| F|  |TAMS 0x000000073ae00000| PB 0x000000073ae00000| Untracked |  0
| 348|0x000000073b000000, 0x000000073b000000, 0x000000073b200000|  0%| F|  |TAMS 0x000000073b000000| PB 0x000000073b000000| Untracked |  0
| 349|0x000000073b200000, 0x000000073b200000, 0x000000073b400000|  0%| F|  |TAMS 0x000000073b200000| PB 0x000000073b200000| Untracked |  0
| 350|0x000000073b400000, 0x000000073b400000, 0x000000073b600000|  0%| F|  |TAMS 0x000000073b400000| PB 0x000000073b400000| Untracked |  0
| 351|0x000000073b600000, 0x000000073b600000, 0x000000073b800000|  0%| F|  |TAMS 0x000000073b600000| PB 0x000000073b600000| Untracked |  0
| 352|0x000000073b800000, 0x000000073b800000, 0x000000073ba00000|  0%| F|  |TAMS 0x000000073b800000| PB 0x000000073b800000| Untracked |  0
| 353|0x000000073ba00000, 0x000000073ba00000, 0x000000073bc00000|  0%| F|  |TAMS 0x000000073ba00000| PB 0x000000073ba00000| Untracked |  0
| 354|0x000000073bc00000, 0x000000073bc00000, 0x000000073be00000|  0%| F|  |TAMS 0x000000073bc00000| PB 0x000000073bc00000| Untracked |  0
| 355|0x000000073be00000, 0x000000073be00000, 0x000000073c000000|  0%| F|  |TAMS 0x000000073be00000| PB 0x000000073be00000| Untracked |  0
| 356|0x000000073c000000, 0x000000073c000000, 0x000000073c200000|  0%| F|  |TAMS 0x000000073c000000| PB 0x000000073c000000| Untracked |  0
| 357|0x000000073c200000, 0x000000073c200000, 0x000000073c400000|  0%| F|  |TAMS 0x000000073c200000| PB 0x000000073c200000| Untracked |  0
| 358|0x000000073c400000, 0x000000073c400000, 0x000000073c600000|  0%| F|  |TAMS 0x000000073c400000| PB 0x000000073c400000| Untracked |  0
| 359|0x000000073c600000, 0x000000073c600000, 0x000000073c800000|  0%| F|  |TAMS 0x000000073c600000| PB 0x000000073c600000| Untracked |  0
| 360|0x000000073c800000, 0x000000073c800000, 0x000000073ca00000|  0%| F|  |TAMS 0x000000073c800000| PB 0x000000073c800000| Untracked |  0
| 361|0x000000073ca00000, 0x000000073ca00000, 0x000000073cc00000|  0%| F|  |TAMS 0x000000073ca00000| PB 0x000000073ca00000| Untracked |  0
| 362|0x000000073cc00000, 0x000000073cc00000, 0x000000073ce00000|  0%| F|  |TAMS 0x000000073cc00000| PB 0x000000073cc00000| Untracked |  0
| 363|0x000000073ce00000, 0x000000073ce00000, 0x000000073d000000|  0%| F|  |TAMS 0x000000073ce00000| PB 0x000000073ce00000| Untracked |  0
| 364|0x000000073d000000, 0x000000073d000000, 0x000000073d200000|  0%| F|  |TAMS 0x000000073d000000| PB 0x000000073d000000| Untracked |  0
| 365|0x000000073d200000, 0x000000073d200000, 0x000000073d400000|  0%| F|  |TAMS 0x000000073d200000| PB 0x000000073d200000| Untracked |  0
| 366|0x000000073d400000, 0x000000073d400000, 0x000000073d600000|  0%| F|  |TAMS 0x000000073d400000| PB 0x000000073d400000| Untracked |  0
| 367|0x000000073d600000, 0x000000073d600000, 0x000000073d800000|  0%| F|  |TAMS 0x000000073d600000| PB 0x000000073d600000| Untracked |  0
| 368|0x000000073d800000, 0x000000073d800000, 0x000000073da00000|  0%| F|  |TAMS 0x000000073d800000| PB 0x000000073d800000| Untracked |  0
| 369|0x000000073da00000, 0x000000073da00000, 0x000000073dc00000|  0%| F|  |TAMS 0x000000073da00000| PB 0x000000073da00000| Untracked |  0
| 370|0x000000073dc00000, 0x000000073dc00000, 0x000000073de00000|  0%| F|  |TAMS 0x000000073dc00000| PB 0x000000073dc00000| Untracked |  0
| 371|0x000000073de00000, 0x000000073de00000, 0x000000073e000000|  0%| F|  |TAMS 0x000000073de00000| PB 0x000000073de00000| Untracked |  0
| 372|0x000000073e000000, 0x000000073e000000, 0x000000073e200000|  0%| F|  |TAMS 0x000000073e000000| PB 0x000000073e000000| Untracked |  0
| 373|0x000000073e200000, 0x000000073e200000, 0x000000073e400000|  0%| F|  |TAMS 0x000000073e200000| PB 0x000000073e200000| Untracked |  0
| 374|0x000000073e400000, 0x000000073e400000, 0x000000073e600000|  0%| F|  |TAMS 0x000000073e400000| PB 0x000000073e400000| Untracked |  0
| 375|0x000000073e600000, 0x000000073e600000, 0x000000073e800000|  0%| F|  |TAMS 0x000000073e600000| PB 0x000000073e600000| Untracked |  0
| 376|0x000000073e800000, 0x000000073e800000, 0x000000073ea00000|  0%| F|  |TAMS 0x000000073e800000| PB 0x000000073e800000| Untracked |  0
| 377|0x000000073ea00000, 0x000000073ea00000, 0x000000073ec00000|  0%| F|  |TAMS 0x000000073ea00000| PB 0x000000073ea00000| Untracked |  0
| 378|0x000000073ec00000, 0x000000073ec00000, 0x000000073ee00000|  0%| F|  |TAMS 0x000000073ec00000| PB 0x000000073ec00000| Untracked |  0
| 379|0x000000073ee00000, 0x000000073ee00000, 0x000000073f000000|  0%| F|  |TAMS 0x000000073ee00000| PB 0x000000073ee00000| Untracked |  0
| 380|0x000000073f000000, 0x000000073f000000, 0x000000073f200000|  0%| F|  |TAMS 0x000000073f000000| PB 0x000000073f000000| Untracked |  0
| 381|0x000000073f200000, 0x000000073f200000, 0x000000073f400000|  0%| F|  |TAMS 0x000000073f200000| PB 0x000000073f200000| Untracked |  0
| 382|0x000000073f400000, 0x000000073f400000, 0x000000073f600000|  0%| F|  |TAMS 0x000000073f400000| PB 0x000000073f400000| Untracked |  0
| 383|0x000000073f600000, 0x000000073f600000, 0x000000073f800000|  0%| F|  |TAMS 0x000000073f600000| PB 0x000000073f600000| Untracked |  0
| 384|0x000000073f800000, 0x000000073f800000, 0x000000073fa00000|  0%| F|  |TAMS 0x000000073f800000| PB 0x000000073f800000| Untracked |  0
| 385|0x000000073fa00000, 0x000000073fa00000, 0x000000073fc00000|  0%| F|  |TAMS 0x000000073fa00000| PB 0x000000073fa00000| Untracked |  0
| 386|0x000000073fc00000, 0x000000073fc00000, 0x000000073fe00000|  0%| F|  |TAMS 0x000000073fc00000| PB 0x000000073fc00000| Untracked |  0
| 387|0x000000073fe00000, 0x000000073fe00000, 0x0000000740000000|  0%| F|  |TAMS 0x000000073fe00000| PB 0x000000073fe00000| Untracked |  0
| 388|0x0000000740000000, 0x0000000740000000, 0x0000000740200000|  0%| F|  |TAMS 0x0000000740000000| PB 0x0000000740000000| Untracked |  0
| 389|0x0000000740200000, 0x0000000740200000, 0x0000000740400000|  0%| F|  |TAMS 0x0000000740200000| PB 0x0000000740200000| Untracked |  0
| 390|0x0000000740400000, 0x0000000740400000, 0x0000000740600000|  0%| F|  |TAMS 0x0000000740400000| PB 0x0000000740400000| Untracked |  0
| 391|0x0000000740600000, 0x0000000740600000, 0x0000000740800000|  0%| F|  |TAMS 0x0000000740600000| PB 0x0000000740600000| Untracked |  0
| 392|0x0000000740800000, 0x0000000740800000, 0x0000000740a00000|  0%| F|  |TAMS 0x0000000740800000| PB 0x0000000740800000| Untracked |  0
| 393|0x0000000740a00000, 0x0000000740a00000, 0x0000000740c00000|  0%| F|  |TAMS 0x0000000740a00000| PB 0x0000000740a00000| Untracked |  0
| 394|0x0000000740c00000, 0x0000000740c00000, 0x0000000740e00000|  0%| F|  |TAMS 0x0000000740c00000| PB 0x0000000740c00000| Untracked |  0
| 395|0x0000000740e00000, 0x0000000740e00000, 0x0000000741000000|  0%| F|  |TAMS 0x0000000740e00000| PB 0x0000000740e00000| Untracked |  0
| 396|0x0000000741000000, 0x0000000741000000, 0x0000000741200000|  0%| F|  |TAMS 0x0000000741000000| PB 0x0000000741000000| Untracked |  0
| 397|0x0000000741200000, 0x0000000741200000, 0x0000000741400000|  0%| F|  |TAMS 0x0000000741200000| PB 0x0000000741200000| Untracked |  0
| 398|0x0000000741400000, 0x0000000741400000, 0x0000000741600000|  0%| F|  |TAMS 0x0000000741400000| PB 0x0000000741400000| Untracked |  0
| 399|0x0000000741600000, 0x0000000741600000, 0x0000000741800000|  0%| F|  |TAMS 0x0000000741600000| PB 0x0000000741600000| Untracked |  0
| 400|0x0000000741800000, 0x0000000741800000, 0x0000000741a00000|  0%| F|  |TAMS 0x0000000741800000| PB 0x0000000741800000| Untracked |  0
| 401|0x0000000741a00000, 0x0000000741a00000, 0x0000000741c00000|  0%| F|  |TAMS 0x0000000741a00000| PB 0x0000000741a00000| Untracked |  0
| 402|0x0000000741c00000, 0x0000000741c00000, 0x0000000741e00000|  0%| F|  |TAMS 0x0000000741c00000| PB 0x0000000741c00000| Untracked |  0
| 403|0x0000000741e00000, 0x0000000741e00000, 0x0000000742000000|  0%| F|  |TAMS 0x0000000741e00000| PB 0x0000000741e00000| Untracked |  0
| 404|0x0000000742000000, 0x0000000742000000, 0x0000000742200000|  0%| F|  |TAMS 0x0000000742000000| PB 0x0000000742000000| Untracked |  0
| 405|0x0000000742200000, 0x0000000742200000, 0x0000000742400000|  0%| F|  |TAMS 0x0000000742200000| PB 0x0000000742200000| Untracked |  0
| 406|0x0000000742400000, 0x0000000742400000, 0x0000000742600000|  0%| F|  |TAMS 0x0000000742400000| PB 0x0000000742400000| Untracked |  0
| 407|0x0000000742600000, 0x0000000742600000, 0x0000000742800000|  0%| F|  |TAMS 0x0000000742600000| PB 0x0000000742600000| Untracked |  0
| 408|0x0000000742800000, 0x0000000742800000, 0x0000000742a00000|  0%| F|  |TAMS 0x0000000742800000| PB 0x0000000742800000| Untracked |  0
| 409|0x0000000742a00000, 0x0000000742a00000, 0x0000000742c00000|  0%| F|  |TAMS 0x0000000742a00000| PB 0x0000000742a00000| Untracked |  0
| 410|0x0000000742c00000, 0x0000000742c00000, 0x0000000742e00000|  0%| F|  |TAMS 0x0000000742c00000| PB 0x0000000742c00000| Untracked |  0
| 411|0x0000000742e00000, 0x0000000742e00000, 0x0000000743000000|  0%| F|  |TAMS 0x0000000742e00000| PB 0x0000000742e00000| Untracked |  0
| 412|0x0000000743000000, 0x0000000743000000, 0x0000000743200000|  0%| F|  |TAMS 0x0000000743000000| PB 0x0000000743000000| Untracked |  0
| 413|0x0000000743200000, 0x0000000743200000, 0x0000000743400000|  0%| F|  |TAMS 0x0000000743200000| PB 0x0000000743200000| Untracked |  0
| 414|0x0000000743400000, 0x0000000743400000, 0x0000000743600000|  0%| F|  |TAMS 0x0000000743400000| PB 0x0000000743400000| Untracked |  0
| 415|0x0000000743600000, 0x0000000743600000, 0x0000000743800000|  0%| F|  |TAMS 0x0000000743600000| PB 0x0000000743600000| Untracked |  0
| 416|0x0000000743800000, 0x0000000743800000, 0x0000000743a00000|  0%| F|  |TAMS 0x0000000743800000| PB 0x0000000743800000| Untracked |  0
| 417|0x0000000743a00000, 0x0000000743a00000, 0x0000000743c00000|  0%| F|  |TAMS 0x0000000743a00000| PB 0x0000000743a00000| Untracked |  0
| 418|0x0000000743c00000, 0x0000000743c00000, 0x0000000743e00000|  0%| F|  |TAMS 0x0000000743c00000| PB 0x0000000743c00000| Untracked |  0
| 419|0x0000000743e00000, 0x0000000743e00000, 0x0000000744000000|  0%| F|  |TAMS 0x0000000743e00000| PB 0x0000000743e00000| Untracked |  0
| 420|0x0000000744000000, 0x0000000744000000, 0x0000000744200000|  0%| F|  |TAMS 0x0000000744000000| PB 0x0000000744000000| Untracked |  0
| 421|0x0000000744200000, 0x0000000744200000, 0x0000000744400000|  0%| F|  |TAMS 0x0000000744200000| PB 0x0000000744200000| Untracked |  0
| 422|0x0000000744400000, 0x0000000744400000, 0x0000000744600000|  0%| F|  |TAMS 0x0000000744400000| PB 0x0000000744400000| Untracked |  0
| 423|0x0000000744600000, 0x0000000744600000, 0x0000000744800000|  0%| F|  |TAMS 0x0000000744600000| PB 0x0000000744600000| Untracked |  0
| 424|0x0000000744800000, 0x0000000744800000, 0x0000000744a00000|  0%| F|  |TAMS 0x0000000744800000| PB 0x0000000744800000| Untracked |  0
| 425|0x0000000744a00000, 0x0000000744a00000, 0x0000000744c00000|  0%| F|  |TAMS 0x0000000744a00000| PB 0x0000000744a00000| Untracked |  0
| 426|0x0000000744c00000, 0x0000000744c00000, 0x0000000744e00000|  0%| F|  |TAMS 0x0000000744c00000| PB 0x0000000744c00000| Untracked |  0
| 427|0x0000000744e00000, 0x0000000744e00000, 0x0000000745000000|  0%| F|  |TAMS 0x0000000744e00000| PB 0x0000000744e00000| Untracked |  0
| 428|0x0000000745000000, 0x0000000745000000, 0x0000000745200000|  0%| F|  |TAMS 0x0000000745000000| PB 0x0000000745000000| Untracked |  0
| 429|0x0000000745200000, 0x0000000745200000, 0x0000000745400000|  0%| F|  |TAMS 0x0000000745200000| PB 0x0000000745200000| Untracked |  0
| 430|0x0000000745400000, 0x0000000745400000, 0x0000000745600000|  0%| F|  |TAMS 0x0000000745400000| PB 0x0000000745400000| Untracked |  0
| 431|0x0000000745600000, 0x0000000745600000, 0x0000000745800000|  0%| F|  |TAMS 0x0000000745600000| PB 0x0000000745600000| Untracked |  0
| 432|0x0000000745800000, 0x0000000745800000, 0x0000000745a00000|  0%| F|  |TAMS 0x0000000745800000| PB 0x0000000745800000| Untracked |  0
| 433|0x0000000745a00000, 0x0000000745a00000, 0x0000000745c00000|  0%| F|  |TAMS 0x0000000745a00000| PB 0x0000000745a00000| Untracked |  0
| 434|0x0000000745c00000, 0x0000000745c00000, 0x0000000745e00000|  0%| F|  |TAMS 0x0000000745c00000| PB 0x0000000745c00000| Untracked |  0
| 435|0x0000000745e00000, 0x0000000745e00000, 0x0000000746000000|  0%| F|  |TAMS 0x0000000745e00000| PB 0x0000000745e00000| Untracked |  0
| 436|0x0000000746000000, 0x0000000746000000, 0x0000000746200000|  0%| F|  |TAMS 0x0000000746000000| PB 0x0000000746000000| Untracked |  0
| 437|0x0000000746200000, 0x0000000746200000, 0x0000000746400000|  0%| F|  |TAMS 0x0000000746200000| PB 0x0000000746200000| Untracked |  0
| 438|0x0000000746400000, 0x0000000746400000, 0x0000000746600000|  0%| F|  |TAMS 0x0000000746400000| PB 0x0000000746400000| Untracked |  0
| 439|0x0000000746600000, 0x0000000746600000, 0x0000000746800000|  0%| F|  |TAMS 0x0000000746600000| PB 0x0000000746600000| Untracked |  0
| 440|0x0000000746800000, 0x0000000746800000, 0x0000000746a00000|  0%| F|  |TAMS 0x0000000746800000| PB 0x0000000746800000| Untracked |  0
| 441|0x0000000746a00000, 0x0000000746a00000, 0x0000000746c00000|  0%| F|  |TAMS 0x0000000746a00000| PB 0x0000000746a00000| Untracked |  0
| 442|0x0000000746c00000, 0x0000000746c00000, 0x0000000746e00000|  0%| F|  |TAMS 0x0000000746c00000| PB 0x0000000746c00000| Untracked |  0
| 443|0x0000000746e00000, 0x0000000746e00000, 0x0000000747000000|  0%| F|  |TAMS 0x0000000746e00000| PB 0x0000000746e00000| Untracked |  0
| 444|0x0000000747000000, 0x0000000747000000, 0x0000000747200000|  0%| F|  |TAMS 0x0000000747000000| PB 0x0000000747000000| Untracked |  0
| 445|0x0000000747200000, 0x0000000747200000, 0x0000000747400000|  0%| F|  |TAMS 0x0000000747200000| PB 0x0000000747200000| Untracked |  0
| 446|0x0000000747400000, 0x0000000747400000, 0x0000000747600000|  0%| F|  |TAMS 0x0000000747400000| PB 0x0000000747400000| Untracked |  0
| 447|0x0000000747600000, 0x0000000747600000, 0x0000000747800000|  0%| F|  |TAMS 0x0000000747600000| PB 0x0000000747600000| Untracked |  0
| 448|0x0000000747800000, 0x0000000747800000, 0x0000000747a00000|  0%| F|  |TAMS 0x0000000747800000| PB 0x0000000747800000| Untracked |  0
| 449|0x0000000747a00000, 0x0000000747a00000, 0x0000000747c00000|  0%| F|  |TAMS 0x0000000747a00000| PB 0x0000000747a00000| Untracked |  0
| 450|0x0000000747c00000, 0x0000000747c00000, 0x0000000747e00000|  0%| F|  |TAMS 0x0000000747c00000| PB 0x0000000747c00000| Untracked |  0
| 451|0x0000000747e00000, 0x0000000747e00000, 0x0000000748000000|  0%| F|  |TAMS 0x0000000747e00000| PB 0x0000000747e00000| Untracked |  0
| 452|0x0000000748000000, 0x0000000748000000, 0x0000000748200000|  0%| F|  |TAMS 0x0000000748000000| PB 0x0000000748000000| Untracked |  0
| 453|0x0000000748200000, 0x0000000748200000, 0x0000000748400000|  0%| F|  |TAMS 0x0000000748200000| PB 0x0000000748200000| Untracked |  0
| 454|0x0000000748400000, 0x0000000748400000, 0x0000000748600000|  0%| F|  |TAMS 0x0000000748400000| PB 0x0000000748400000| Untracked |  0
| 455|0x0000000748600000, 0x0000000748600000, 0x0000000748800000|  0%| F|  |TAMS 0x0000000748600000| PB 0x0000000748600000| Untracked |  0
| 456|0x0000000748800000, 0x0000000748800000, 0x0000000748a00000|  0%| F|  |TAMS 0x0000000748800000| PB 0x0000000748800000| Untracked |  0
| 457|0x0000000748a00000, 0x0000000748a00000, 0x0000000748c00000|  0%| F|  |TAMS 0x0000000748a00000| PB 0x0000000748a00000| Untracked |  0
| 458|0x0000000748c00000, 0x0000000748c00000, 0x0000000748e00000|  0%| F|  |TAMS 0x0000000748c00000| PB 0x0000000748c00000| Untracked |  0
| 459|0x0000000748e00000, 0x0000000748e00000, 0x0000000749000000|  0%| F|  |TAMS 0x0000000748e00000| PB 0x0000000748e00000| Untracked |  0
| 460|0x0000000749000000, 0x0000000749000000, 0x0000000749200000|  0%| F|  |TAMS 0x0000000749000000| PB 0x0000000749000000| Untracked |  0
| 461|0x0000000749200000, 0x0000000749200000, 0x0000000749400000|  0%| F|  |TAMS 0x0000000749200000| PB 0x0000000749200000| Untracked |  0
| 462|0x0000000749400000, 0x0000000749400000, 0x0000000749600000|  0%| F|  |TAMS 0x0000000749400000| PB 0x0000000749400000| Untracked |  0
| 463|0x0000000749600000, 0x0000000749600000, 0x0000000749800000|  0%| F|  |TAMS 0x0000000749600000| PB 0x0000000749600000| Untracked |  0
| 464|0x0000000749800000, 0x0000000749800000, 0x0000000749a00000|  0%| F|  |TAMS 0x0000000749800000| PB 0x0000000749800000| Untracked |  0
| 465|0x0000000749a00000, 0x0000000749a00000, 0x0000000749c00000|  0%| F|  |TAMS 0x0000000749a00000| PB 0x0000000749a00000| Untracked |  0
| 466|0x0000000749c00000, 0x0000000749c00000, 0x0000000749e00000|  0%| F|  |TAMS 0x0000000749c00000| PB 0x0000000749c00000| Untracked |  0
| 467|0x0000000749e00000, 0x0000000749e00000, 0x000000074a000000|  0%| F|  |TAMS 0x0000000749e00000| PB 0x0000000749e00000| Untracked |  0
| 468|0x000000074a000000, 0x000000074a000000, 0x000000074a200000|  0%| F|  |TAMS 0x000000074a000000| PB 0x000000074a000000| Untracked |  0
| 469|0x000000074a200000, 0x000000074a200000, 0x000000074a400000|  0%| F|  |TAMS 0x000000074a200000| PB 0x000000074a200000| Untracked |  0
| 470|0x000000074a400000, 0x000000074a400000, 0x000000074a600000|  0%| F|  |TAMS 0x000000074a400000| PB 0x000000074a400000| Untracked |  0
| 471|0x000000074a600000, 0x000000074a600000, 0x000000074a800000|  0%| F|  |TAMS 0x000000074a600000| PB 0x000000074a600000| Untracked |  0
| 472|0x000000074a800000, 0x000000074a800000, 0x000000074aa00000|  0%| F|  |TAMS 0x000000074a800000| PB 0x000000074a800000| Untracked |  0
| 473|0x000000074aa00000, 0x000000074aa00000, 0x000000074ac00000|  0%| F|  |TAMS 0x000000074aa00000| PB 0x000000074aa00000| Untracked |  0
| 474|0x000000074ac00000, 0x000000074ac00000, 0x000000074ae00000|  0%| F|  |TAMS 0x000000074ac00000| PB 0x000000074ac00000| Untracked |  0
| 475|0x000000074ae00000, 0x000000074ae00000, 0x000000074b000000|  0%| F|  |TAMS 0x000000074ae00000| PB 0x000000074ae00000| Untracked |  0
| 476|0x000000074b000000, 0x000000074b000000, 0x000000074b200000|  0%| F|  |TAMS 0x000000074b000000| PB 0x000000074b000000| Untracked |  0
| 477|0x000000074b200000, 0x000000074b200000, 0x000000074b400000|  0%| F|  |TAMS 0x000000074b200000| PB 0x000000074b200000| Untracked |  0
| 478|0x000000074b400000, 0x000000074b400000, 0x000000074b600000|  0%| F|  |TAMS 0x000000074b400000| PB 0x000000074b400000| Untracked |  0
| 479|0x000000074b600000, 0x000000074b600000, 0x000000074b800000|  0%| F|  |TAMS 0x000000074b600000| PB 0x000000074b600000| Untracked |  0
| 480|0x000000074b800000, 0x000000074b800000, 0x000000074ba00000|  0%| F|  |TAMS 0x000000074b800000| PB 0x000000074b800000| Untracked |  0
| 481|0x000000074ba00000, 0x000000074ba00000, 0x000000074bc00000|  0%| F|  |TAMS 0x000000074ba00000| PB 0x000000074ba00000| Untracked |  0
| 482|0x000000074bc00000, 0x000000074bc00000, 0x000000074be00000|  0%| F|  |TAMS 0x000000074bc00000| PB 0x000000074bc00000| Untracked |  0
| 483|0x000000074be00000, 0x000000074be00000, 0x000000074c000000|  0%| F|  |TAMS 0x000000074be00000| PB 0x000000074be00000| Untracked |  0
| 484|0x000000074c000000, 0x000000074c000000, 0x000000074c200000|  0%| F|  |TAMS 0x000000074c000000| PB 0x000000074c000000| Untracked |  0
| 485|0x000000074c200000, 0x000000074c200000, 0x000000074c400000|  0%| F|  |TAMS 0x000000074c200000| PB 0x000000074c200000| Untracked |  0
| 486|0x000000074c400000, 0x000000074c400000, 0x000000074c600000|  0%| F|  |TAMS 0x000000074c400000| PB 0x000000074c400000| Untracked |  0
| 487|0x000000074c600000, 0x000000074c600000, 0x000000074c800000|  0%| F|  |TAMS 0x000000074c600000| PB 0x000000074c600000| Untracked |  0
| 488|0x000000074c800000, 0x000000074c800000, 0x000000074ca00000|  0%| F|  |TAMS 0x000000074c800000| PB 0x000000074c800000| Untracked |  0
| 489|0x000000074ca00000, 0x000000074ca00000, 0x000000074cc00000|  0%| F|  |TAMS 0x000000074ca00000| PB 0x000000074ca00000| Untracked |  0
| 490|0x000000074cc00000, 0x000000074cc00000, 0x000000074ce00000|  0%| F|  |TAMS 0x000000074cc00000| PB 0x000000074cc00000| Untracked |  0
| 491|0x000000074ce00000, 0x000000074ce00000, 0x000000074d000000|  0%| F|  |TAMS 0x000000074ce00000| PB 0x000000074ce00000| Untracked |  0
| 492|0x000000074d000000, 0x000000074d000000, 0x000000074d200000|  0%| F|  |TAMS 0x000000074d000000| PB 0x000000074d000000| Untracked |  0
| 493|0x000000074d200000, 0x000000074d200000, 0x000000074d400000|  0%| F|  |TAMS 0x000000074d200000| PB 0x000000074d200000| Untracked |  0
| 494|0x000000074d400000, 0x000000074d400000, 0x000000074d600000|  0%| F|  |TAMS 0x000000074d400000| PB 0x000000074d400000| Untracked |  0
| 495|0x000000074d600000, 0x000000074d600000, 0x000000074d800000|  0%| F|  |TAMS 0x000000074d600000| PB 0x000000074d600000| Untracked |  0
| 496|0x000000074d800000, 0x000000074d800000, 0x000000074da00000|  0%| F|  |TAMS 0x000000074d800000| PB 0x000000074d800000| Untracked |  0
| 497|0x000000074da00000, 0x000000074da00000, 0x000000074dc00000|  0%| F|  |TAMS 0x000000074da00000| PB 0x000000074da00000| Untracked |  0
| 498|0x000000074dc00000, 0x000000074dc00000, 0x000000074de00000|  0%| F|  |TAMS 0x000000074dc00000| PB 0x000000074dc00000| Untracked |  0
| 499|0x000000074de00000, 0x000000074de00000, 0x000000074e000000|  0%| F|  |TAMS 0x000000074de00000| PB 0x000000074de00000| Untracked |  0
| 500|0x000000074e000000, 0x000000074e000000, 0x000000074e200000|  0%| F|  |TAMS 0x000000074e000000| PB 0x000000074e000000| Untracked |  0
| 501|0x000000074e200000, 0x000000074e200000, 0x000000074e400000|  0%| F|  |TAMS 0x000000074e200000| PB 0x000000074e200000| Untracked |  0
| 502|0x000000074e400000, 0x000000074e400000, 0x000000074e600000|  0%| F|  |TAMS 0x000000074e400000| PB 0x000000074e400000| Untracked |  0
| 503|0x000000074e600000, 0x000000074e600000, 0x000000074e800000|  0%| F|  |TAMS 0x000000074e600000| PB 0x000000074e600000| Untracked |  0
| 504|0x000000074e800000, 0x000000074e800000, 0x000000074ea00000|  0%| F|  |TAMS 0x000000074e800000| PB 0x000000074e800000| Untracked |  0
| 505|0x000000074ea00000, 0x000000074ea00000, 0x000000074ec00000|  0%| F|  |TAMS 0x000000074ea00000| PB 0x000000074ea00000| Untracked |  0
| 506|0x000000074ec00000, 0x000000074ec00000, 0x000000074ee00000|  0%| F|  |TAMS 0x000000074ec00000| PB 0x000000074ec00000| Untracked |  0
| 507|0x000000074ee00000, 0x000000074ee00000, 0x000000074f000000|  0%| F|  |TAMS 0x000000074ee00000| PB 0x000000074ee00000| Untracked |  0
| 508|0x000000074f000000, 0x000000074f000000, 0x000000074f200000|  0%| F|  |TAMS 0x000000074f000000| PB 0x000000074f000000| Untracked |  0
| 509|0x000000074f200000, 0x000000074f200000, 0x000000074f400000|  0%| F|  |TAMS 0x000000074f200000| PB 0x000000074f200000| Untracked |  0
| 510|0x000000074f400000, 0x000000074f400000, 0x000000074f600000|  0%| F|  |TAMS 0x000000074f400000| PB 0x000000074f400000| Untracked |  0
| 511|0x000000074f600000, 0x000000074f600000, 0x000000074f800000|  0%| F|  |TAMS 0x000000074f600000| PB 0x000000074f600000| Untracked |  0
| 512|0x000000074f800000, 0x000000074f800000, 0x000000074fa00000|  0%| F|  |TAMS 0x000000074f800000| PB 0x000000074f800000| Untracked |  0
| 513|0x000000074fa00000, 0x000000074fa00000, 0x000000074fc00000|  0%| F|  |TAMS 0x000000074fa00000| PB 0x000000074fa00000| Untracked |  0
| 514|0x000000074fc00000, 0x000000074fc00000, 0x000000074fe00000|  0%| F|  |TAMS 0x000000074fc00000| PB 0x000000074fc00000| Untracked |  0
| 515|0x000000074fe00000, 0x000000074fe00000, 0x0000000750000000|  0%| F|  |TAMS 0x000000074fe00000| PB 0x000000074fe00000| Untracked |  0
| 516|0x0000000750000000, 0x0000000750000000, 0x0000000750200000|  0%| F|  |TAMS 0x0000000750000000| PB 0x0000000750000000| Untracked |  0
| 517|0x0000000750200000, 0x0000000750200000, 0x0000000750400000|  0%| F|  |TAMS 0x0000000750200000| PB 0x0000000750200000| Untracked |  0
| 518|0x0000000750400000, 0x0000000750400000, 0x0000000750600000|  0%| F|  |TAMS 0x0000000750400000| PB 0x0000000750400000| Untracked |  0
| 519|0x0000000750600000, 0x0000000750600000, 0x0000000750800000|  0%| F|  |TAMS 0x0000000750600000| PB 0x0000000750600000| Untracked |  0
| 520|0x0000000750800000, 0x0000000750800000, 0x0000000750a00000|  0%| F|  |TAMS 0x0000000750800000| PB 0x0000000750800000| Untracked |  0
| 521|0x0000000750a00000, 0x0000000750a00000, 0x0000000750c00000|  0%| F|  |TAMS 0x0000000750a00000| PB 0x0000000750a00000| Untracked |  0
| 522|0x0000000750c00000, 0x0000000750c00000, 0x0000000750e00000|  0%| F|  |TAMS 0x0000000750c00000| PB 0x0000000750c00000| Untracked |  0
| 523|0x0000000750e00000, 0x0000000750e00000, 0x0000000751000000|  0%| F|  |TAMS 0x0000000750e00000| PB 0x0000000750e00000| Untracked |  0
| 524|0x0000000751000000, 0x0000000751000000, 0x0000000751200000|  0%| F|  |TAMS 0x0000000751000000| PB 0x0000000751000000| Untracked |  0
| 525|0x0000000751200000, 0x0000000751200000, 0x0000000751400000|  0%| F|  |TAMS 0x0000000751200000| PB 0x0000000751200000| Untracked |  0
| 526|0x0000000751400000, 0x0000000751400000, 0x0000000751600000|  0%| F|  |TAMS 0x0000000751400000| PB 0x0000000751400000| Untracked |  0
| 527|0x0000000751600000, 0x0000000751600000, 0x0000000751800000|  0%| F|  |TAMS 0x0000000751600000| PB 0x0000000751600000| Untracked |  0
| 528|0x0000000751800000, 0x0000000751800000, 0x0000000751a00000|  0%| F|  |TAMS 0x0000000751800000| PB 0x0000000751800000| Untracked |  0
| 529|0x0000000751a00000, 0x0000000751a00000, 0x0000000751c00000|  0%| F|  |TAMS 0x0000000751a00000| PB 0x0000000751a00000| Untracked |  0
| 530|0x0000000751c00000, 0x0000000751c00000, 0x0000000751e00000|  0%| F|  |TAMS 0x0000000751c00000| PB 0x0000000751c00000| Untracked |  0
| 531|0x0000000751e00000, 0x0000000751e00000, 0x0000000752000000|  0%| F|  |TAMS 0x0000000751e00000| PB 0x0000000751e00000| Untracked |  0
| 532|0x0000000752000000, 0x0000000752000000, 0x0000000752200000|  0%| F|  |TAMS 0x0000000752000000| PB 0x0000000752000000| Untracked |  0
| 533|0x0000000752200000, 0x0000000752200000, 0x0000000752400000|  0%| F|  |TAMS 0x0000000752200000| PB 0x0000000752200000| Untracked |  0
| 534|0x0000000752400000, 0x0000000752400000, 0x0000000752600000|  0%| F|  |TAMS 0x0000000752400000| PB 0x0000000752400000| Untracked |  0
| 535|0x0000000752600000, 0x0000000752600000, 0x0000000752800000|  0%| F|  |TAMS 0x0000000752600000| PB 0x0000000752600000| Untracked |  0
| 536|0x0000000752800000, 0x0000000752800000, 0x0000000752a00000|  0%| F|  |TAMS 0x0000000752800000| PB 0x0000000752800000| Untracked |  0
| 537|0x0000000752a00000, 0x0000000752a00000, 0x0000000752c00000|  0%| F|  |TAMS 0x0000000752a00000| PB 0x0000000752a00000| Untracked |  0
| 538|0x0000000752c00000, 0x0000000752c00000, 0x0000000752e00000|  0%| F|  |TAMS 0x0000000752c00000| PB 0x0000000752c00000| Untracked |  0
| 539|0x0000000752e00000, 0x0000000752e00000, 0x0000000753000000|  0%| F|  |TAMS 0x0000000752e00000| PB 0x0000000752e00000| Untracked |  0
| 540|0x0000000753000000, 0x0000000753000000, 0x0000000753200000|  0%| F|  |TAMS 0x0000000753000000| PB 0x0000000753000000| Untracked |  0
| 541|0x0000000753200000, 0x0000000753200000, 0x0000000753400000|  0%| F|  |TAMS 0x0000000753200000| PB 0x0000000753200000| Untracked |  0
| 542|0x0000000753400000, 0x0000000753400000, 0x0000000753600000|  0%| F|  |TAMS 0x0000000753400000| PB 0x0000000753400000| Untracked |  0
| 543|0x0000000753600000, 0x0000000753600000, 0x0000000753800000|  0%| F|  |TAMS 0x0000000753600000| PB 0x0000000753600000| Untracked |  0
| 544|0x0000000753800000, 0x0000000753800000, 0x0000000753a00000|  0%| F|  |TAMS 0x0000000753800000| PB 0x0000000753800000| Untracked |  0
| 545|0x0000000753a00000, 0x0000000753a00000, 0x0000000753c00000|  0%| F|  |TAMS 0x0000000753a00000| PB 0x0000000753a00000| Untracked |  0
| 546|0x0000000753c00000, 0x0000000753c00000, 0x0000000753e00000|  0%| F|  |TAMS 0x0000000753c00000| PB 0x0000000753c00000| Untracked |  0
| 547|0x0000000753e00000, 0x0000000753e00000, 0x0000000754000000|  0%| F|  |TAMS 0x0000000753e00000| PB 0x0000000753e00000| Untracked |  0
| 548|0x0000000754000000, 0x0000000754000000, 0x0000000754200000|  0%| F|  |TAMS 0x0000000754000000| PB 0x0000000754000000| Untracked |  0
| 549|0x0000000754200000, 0x0000000754200000, 0x0000000754400000|  0%| F|  |TAMS 0x0000000754200000| PB 0x0000000754200000| Untracked |  0
| 550|0x0000000754400000, 0x0000000754400000, 0x0000000754600000|  0%| F|  |TAMS 0x0000000754400000| PB 0x0000000754400000| Untracked |  0
| 551|0x0000000754600000, 0x0000000754600000, 0x0000000754800000|  0%| F|  |TAMS 0x0000000754600000| PB 0x0000000754600000| Untracked |  0
| 552|0x0000000754800000, 0x0000000754800000, 0x0000000754a00000|  0%| F|  |TAMS 0x0000000754800000| PB 0x0000000754800000| Untracked |  0
| 553|0x0000000754a00000, 0x0000000754a00000, 0x0000000754c00000|  0%| F|  |TAMS 0x0000000754a00000| PB 0x0000000754a00000| Untracked |  0
| 554|0x0000000754c00000, 0x0000000754c00000, 0x0000000754e00000|  0%| F|  |TAMS 0x0000000754c00000| PB 0x0000000754c00000| Untracked |  0
| 555|0x0000000754e00000, 0x0000000754e00000, 0x0000000755000000|  0%| F|  |TAMS 0x0000000754e00000| PB 0x0000000754e00000| Untracked |  0
| 556|0x0000000755000000, 0x0000000755000000, 0x0000000755200000|  0%| F|  |TAMS 0x0000000755000000| PB 0x0000000755000000| Untracked |  0
| 557|0x0000000755200000, 0x0000000755200000, 0x0000000755400000|  0%| F|  |TAMS 0x0000000755200000| PB 0x0000000755200000| Untracked |  0
| 558|0x0000000755400000, 0x0000000755400000, 0x0000000755600000|  0%| F|  |TAMS 0x0000000755400000| PB 0x0000000755400000| Untracked |  0
| 559|0x0000000755600000, 0x0000000755600000, 0x0000000755800000|  0%| F|  |TAMS 0x0000000755600000| PB 0x0000000755600000| Untracked |  0
| 560|0x0000000755800000, 0x0000000755800000, 0x0000000755a00000|  0%| F|  |TAMS 0x0000000755800000| PB 0x0000000755800000| Untracked |  0
| 561|0x0000000755a00000, 0x0000000755a00000, 0x0000000755c00000|  0%| F|  |TAMS 0x0000000755a00000| PB 0x0000000755a00000| Untracked |  0
| 562|0x0000000755c00000, 0x0000000755c00000, 0x0000000755e00000|  0%| F|  |TAMS 0x0000000755c00000| PB 0x0000000755c00000| Untracked |  0
| 563|0x0000000755e00000, 0x0000000755e00000, 0x0000000756000000|  0%| F|  |TAMS 0x0000000755e00000| PB 0x0000000755e00000| Untracked |  0
| 564|0x0000000756000000, 0x0000000756000000, 0x0000000756200000|  0%| F|  |TAMS 0x0000000756000000| PB 0x0000000756000000| Untracked |  0
| 565|0x0000000756200000, 0x0000000756200000, 0x0000000756400000|  0%| F|  |TAMS 0x0000000756200000| PB 0x0000000756200000| Untracked |  0
| 566|0x0000000756400000, 0x0000000756400000, 0x0000000756600000|  0%| F|  |TAMS 0x0000000756400000| PB 0x0000000756400000| Untracked |  0
| 567|0x0000000756600000, 0x0000000756600000, 0x0000000756800000|  0%| F|  |TAMS 0x0000000756600000| PB 0x0000000756600000| Untracked |  0
| 568|0x0000000756800000, 0x0000000756800000, 0x0000000756a00000|  0%| F|  |TAMS 0x0000000756800000| PB 0x0000000756800000| Untracked |  0
| 569|0x0000000756a00000, 0x0000000756a00000, 0x0000000756c00000|  0%| F|  |TAMS 0x0000000756a00000| PB 0x0000000756a00000| Untracked |  0
| 570|0x0000000756c00000, 0x0000000756c00000, 0x0000000756e00000|  0%| F|  |TAMS 0x0000000756c00000| PB 0x0000000756c00000| Untracked |  0
| 571|0x0000000756e00000, 0x0000000756e00000, 0x0000000757000000|  0%| F|  |TAMS 0x0000000756e00000| PB 0x0000000756e00000| Untracked |  0
| 572|0x0000000757000000, 0x0000000757000000, 0x0000000757200000|  0%| F|  |TAMS 0x0000000757000000| PB 0x0000000757000000| Untracked |  0
| 573|0x0000000757200000, 0x0000000757200000, 0x0000000757400000|  0%| F|  |TAMS 0x0000000757200000| PB 0x0000000757200000| Untracked |  0
| 574|0x0000000757400000, 0x0000000757400000, 0x0000000757600000|  0%| F|  |TAMS 0x0000000757400000| PB 0x0000000757400000| Untracked |  0
| 575|0x0000000757600000, 0x0000000757600000, 0x0000000757800000|  0%| F|  |TAMS 0x0000000757600000| PB 0x0000000757600000| Untracked |  0
| 576|0x0000000757800000, 0x0000000757800000, 0x0000000757a00000|  0%| F|  |TAMS 0x0000000757800000| PB 0x0000000757800000| Untracked |  0
| 577|0x0000000757a00000, 0x0000000757a00000, 0x0000000757c00000|  0%| F|  |TAMS 0x0000000757a00000| PB 0x0000000757a00000| Untracked |  0
| 578|0x0000000757c00000, 0x0000000757c00000, 0x0000000757e00000|  0%| F|  |TAMS 0x0000000757c00000| PB 0x0000000757c00000| Untracked |  0
| 579|0x0000000757e00000, 0x0000000757e00000, 0x0000000758000000|  0%| F|  |TAMS 0x0000000757e00000| PB 0x0000000757e00000| Untracked |  0
| 580|0x0000000758000000, 0x0000000758000000, 0x0000000758200000|  0%| F|  |TAMS 0x0000000758000000| PB 0x0000000758000000| Untracked |  0
| 581|0x0000000758200000, 0x0000000758200000, 0x0000000758400000|  0%| F|  |TAMS 0x0000000758200000| PB 0x0000000758200000| Untracked |  0
| 582|0x0000000758400000, 0x0000000758400000, 0x0000000758600000|  0%| F|  |TAMS 0x0000000758400000| PB 0x0000000758400000| Untracked |  0
| 583|0x0000000758600000, 0x0000000758600000, 0x0000000758800000|  0%| F|  |TAMS 0x0000000758600000| PB 0x0000000758600000| Untracked |  0
| 584|0x0000000758800000, 0x0000000758800000, 0x0000000758a00000|  0%| F|  |TAMS 0x0000000758800000| PB 0x0000000758800000| Untracked |  0
| 585|0x0000000758a00000, 0x0000000758a00000, 0x0000000758c00000|  0%| F|  |TAMS 0x0000000758a00000| PB 0x0000000758a00000| Untracked |  0
| 586|0x0000000758c00000, 0x0000000758c00000, 0x0000000758e00000|  0%| F|  |TAMS 0x0000000758c00000| PB 0x0000000758c00000| Untracked |  0
| 587|0x0000000758e00000, 0x0000000758e00000, 0x0000000759000000|  0%| F|  |TAMS 0x0000000758e00000| PB 0x0000000758e00000| Untracked |  0
| 588|0x0000000759000000, 0x0000000759000000, 0x0000000759200000|  0%| F|  |TAMS 0x0000000759000000| PB 0x0000000759000000| Untracked |  0
| 589|0x0000000759200000, 0x0000000759200000, 0x0000000759400000|  0%| F|  |TAMS 0x0000000759200000| PB 0x0000000759200000| Untracked |  0
| 590|0x0000000759400000, 0x0000000759400000, 0x0000000759600000|  0%| F|  |TAMS 0x0000000759400000| PB 0x0000000759400000| Untracked |  0
| 591|0x0000000759600000, 0x0000000759600000, 0x0000000759800000|  0%| F|  |TAMS 0x0000000759600000| PB 0x0000000759600000| Untracked |  0
| 592|0x0000000759800000, 0x0000000759800000, 0x0000000759a00000|  0%| F|  |TAMS 0x0000000759800000| PB 0x0000000759800000| Untracked |  0
| 593|0x0000000759a00000, 0x0000000759a00000, 0x0000000759c00000|  0%| F|  |TAMS 0x0000000759a00000| PB 0x0000000759a00000| Untracked |  0
| 594|0x0000000759c00000, 0x0000000759c00000, 0x0000000759e00000|  0%| F|  |TAMS 0x0000000759c00000| PB 0x0000000759c00000| Untracked |  0
| 595|0x0000000759e00000, 0x0000000759e00000, 0x000000075a000000|  0%| F|  |TAMS 0x0000000759e00000| PB 0x0000000759e00000| Untracked |  0
| 596|0x000000075a000000, 0x000000075a000000, 0x000000075a200000|  0%| F|  |TAMS 0x000000075a000000| PB 0x000000075a000000| Untracked |  0
| 597|0x000000075a200000, 0x000000075a200000, 0x000000075a400000|  0%| F|  |TAMS 0x000000075a200000| PB 0x000000075a200000| Untracked |  0
| 598|0x000000075a400000, 0x000000075a400000, 0x000000075a600000|  0%| F|  |TAMS 0x000000075a400000| PB 0x000000075a400000| Untracked |  0
| 599|0x000000075a600000, 0x000000075a600000, 0x000000075a800000|  0%| F|  |TAMS 0x000000075a600000| PB 0x000000075a600000| Untracked |  0
| 600|0x000000075a800000, 0x000000075a800000, 0x000000075aa00000|  0%| F|  |TAMS 0x000000075a800000| PB 0x000000075a800000| Untracked |  0
| 601|0x000000075aa00000, 0x000000075aa00000, 0x000000075ac00000|  0%| F|  |TAMS 0x000000075aa00000| PB 0x000000075aa00000| Untracked |  0
| 602|0x000000075ac00000, 0x000000075ac00000, 0x000000075ae00000|  0%| F|  |TAMS 0x000000075ac00000| PB 0x000000075ac00000| Untracked |  0
| 603|0x000000075ae00000, 0x000000075ae00000, 0x000000075b000000|  0%| F|  |TAMS 0x000000075ae00000| PB 0x000000075ae00000| Untracked |  0
| 604|0x000000075b000000, 0x000000075b000000, 0x000000075b200000|  0%| F|  |TAMS 0x000000075b000000| PB 0x000000075b000000| Untracked |  0
| 605|0x000000075b200000, 0x000000075b200000, 0x000000075b400000|  0%| F|  |TAMS 0x000000075b200000| PB 0x000000075b200000| Untracked |  0
| 606|0x000000075b400000, 0x000000075b400000, 0x000000075b600000|  0%| F|  |TAMS 0x000000075b400000| PB 0x000000075b400000| Untracked |  0
| 607|0x000000075b600000, 0x000000075b600000, 0x000000075b800000|  0%| F|  |TAMS 0x000000075b600000| PB 0x000000075b600000| Untracked |  0
| 608|0x000000075b800000, 0x000000075b800000, 0x000000075ba00000|  0%| F|  |TAMS 0x000000075b800000| PB 0x000000075b800000| Untracked |  0
| 609|0x000000075ba00000, 0x000000075ba00000, 0x000000075bc00000|  0%| F|  |TAMS 0x000000075ba00000| PB 0x000000075ba00000| Untracked |  0
| 610|0x000000075bc00000, 0x000000075bc00000, 0x000000075be00000|  0%| F|  |TAMS 0x000000075bc00000| PB 0x000000075bc00000| Untracked |  0
| 611|0x000000075be00000, 0x000000075be00000, 0x000000075c000000|  0%| F|  |TAMS 0x000000075be00000| PB 0x000000075be00000| Untracked |  0
| 612|0x000000075c000000, 0x000000075c000000, 0x000000075c200000|  0%| F|  |TAMS 0x000000075c000000| PB 0x000000075c000000| Untracked |  0
| 613|0x000000075c200000, 0x000000075c200000, 0x000000075c400000|  0%| F|  |TAMS 0x000000075c200000| PB 0x000000075c200000| Untracked |  0
| 614|0x000000075c400000, 0x000000075c400000, 0x000000075c600000|  0%| F|  |TAMS 0x000000075c400000| PB 0x000000075c400000| Untracked |  0
| 615|0x000000075c600000, 0x000000075c600000, 0x000000075c800000|  0%| F|  |TAMS 0x000000075c600000| PB 0x000000075c600000| Untracked |  0
| 616|0x000000075c800000, 0x000000075c800000, 0x000000075ca00000|  0%| F|  |TAMS 0x000000075c800000| PB 0x000000075c800000| Untracked |  0
| 617|0x000000075ca00000, 0x000000075ca00000, 0x000000075cc00000|  0%| F|  |TAMS 0x000000075ca00000| PB 0x000000075ca00000| Untracked |  0
| 618|0x000000075cc00000, 0x000000075cc00000, 0x000000075ce00000|  0%| F|  |TAMS 0x000000075cc00000| PB 0x000000075cc00000| Untracked |  0
| 619|0x000000075ce00000, 0x000000075ce00000, 0x000000075d000000|  0%| F|  |TAMS 0x000000075ce00000| PB 0x000000075ce00000| Untracked |  0
| 620|0x000000075d000000, 0x000000075d000000, 0x000000075d200000|  0%| F|  |TAMS 0x000000075d000000| PB 0x000000075d000000| Untracked |  0
| 621|0x000000075d200000, 0x000000075d200000, 0x000000075d400000|  0%| F|  |TAMS 0x000000075d200000| PB 0x000000075d200000| Untracked |  0
| 622|0x000000075d400000, 0x000000075d400000, 0x000000075d600000|  0%| F|  |TAMS 0x000000075d400000| PB 0x000000075d400000| Untracked |  0
| 623|0x000000075d600000, 0x000000075d600000, 0x000000075d800000|  0%| F|  |TAMS 0x000000075d600000| PB 0x000000075d600000| Untracked |  0
| 624|0x000000075d800000, 0x000000075d800000, 0x000000075da00000|  0%| F|  |TAMS 0x000000075d800000| PB 0x000000075d800000| Untracked |  0
| 625|0x000000075da00000, 0x000000075da00000, 0x000000075dc00000|  0%| F|  |TAMS 0x000000075da00000| PB 0x000000075da00000| Untracked |  0
| 626|0x000000075dc00000, 0x000000075dc00000, 0x000000075de00000|  0%| F|  |TAMS 0x000000075dc00000| PB 0x000000075dc00000| Untracked |  0
| 627|0x000000075de00000, 0x000000075de00000, 0x000000075e000000|  0%| F|  |TAMS 0x000000075de00000| PB 0x000000075de00000| Untracked |  0
| 628|0x000000075e000000, 0x000000075e000000, 0x000000075e200000|  0%| F|  |TAMS 0x000000075e000000| PB 0x000000075e000000| Untracked |  0
| 629|0x000000075e200000, 0x000000075e200000, 0x000000075e400000|  0%| F|  |TAMS 0x000000075e200000| PB 0x000000075e200000| Untracked |  0
| 630|0x000000075e400000, 0x000000075e400000, 0x000000075e600000|  0%| F|  |TAMS 0x000000075e400000| PB 0x000000075e400000| Untracked |  0
| 631|0x000000075e600000, 0x000000075e600000, 0x000000075e800000|  0%| F|  |TAMS 0x000000075e600000| PB 0x000000075e600000| Untracked |  0
| 632|0x000000075e800000, 0x000000075e800000, 0x000000075ea00000|  0%| F|  |TAMS 0x000000075e800000| PB 0x000000075e800000| Untracked |  0
| 633|0x000000075ea00000, 0x000000075ea00000, 0x000000075ec00000|  0%| F|  |TAMS 0x000000075ea00000| PB 0x000000075ea00000| Untracked |  0
| 634|0x000000075ec00000, 0x000000075ec00000, 0x000000075ee00000|  0%| F|  |TAMS 0x000000075ec00000| PB 0x000000075ec00000| Untracked |  0
| 635|0x000000075ee00000, 0x000000075ee00000, 0x000000075f000000|  0%| F|  |TAMS 0x000000075ee00000| PB 0x000000075ee00000| Untracked |  0
| 636|0x000000075f000000, 0x000000075f000000, 0x000000075f200000|  0%| F|  |TAMS 0x000000075f000000| PB 0x000000075f000000| Untracked |  0
| 637|0x000000075f200000, 0x000000075f200000, 0x000000075f400000|  0%| F|  |TAMS 0x000000075f200000| PB 0x000000075f200000| Untracked |  0
| 638|0x000000075f400000, 0x000000075f400000, 0x000000075f600000|  0%| F|  |TAMS 0x000000075f400000| PB 0x000000075f400000| Untracked |  0
| 639|0x000000075f600000, 0x000000075f600000, 0x000000075f800000|  0%| F|  |TAMS 0x000000075f600000| PB 0x000000075f600000| Untracked |  0
| 640|0x000000075f800000, 0x000000075f800000, 0x000000075fa00000|  0%| F|  |TAMS 0x000000075f800000| PB 0x000000075f800000| Untracked |  0
| 641|0x000000075fa00000, 0x000000075fa00000, 0x000000075fc00000|  0%| F|  |TAMS 0x000000075fa00000| PB 0x000000075fa00000| Untracked |  0
| 642|0x000000075fc00000, 0x000000075fc00000, 0x000000075fe00000|  0%| F|  |TAMS 0x000000075fc00000| PB 0x000000075fc00000| Untracked |  0
| 643|0x000000075fe00000, 0x000000075fe00000, 0x0000000760000000|  0%| F|  |TAMS 0x000000075fe00000| PB 0x000000075fe00000| Untracked |  0
| 644|0x0000000760000000, 0x0000000760000000, 0x0000000760200000|  0%| F|  |TAMS 0x0000000760000000| PB 0x0000000760000000| Untracked |  0
| 645|0x0000000760200000, 0x0000000760200000, 0x0000000760400000|  0%| F|  |TAMS 0x0000000760200000| PB 0x0000000760200000| Untracked |  0
| 646|0x0000000760400000, 0x0000000760400000, 0x0000000760600000|  0%| F|  |TAMS 0x0000000760400000| PB 0x0000000760400000| Untracked |  0
| 647|0x0000000760600000, 0x0000000760600000, 0x0000000760800000|  0%| F|  |TAMS 0x0000000760600000| PB 0x0000000760600000| Untracked |  0
| 648|0x0000000760800000, 0x0000000760800000, 0x0000000760a00000|  0%| F|  |TAMS 0x0000000760800000| PB 0x0000000760800000| Untracked |  0
| 649|0x0000000760a00000, 0x0000000760a00000, 0x0000000760c00000|  0%| F|  |TAMS 0x0000000760a00000| PB 0x0000000760a00000| Untracked |  0
| 650|0x0000000760c00000, 0x0000000760c00000, 0x0000000760e00000|  0%| F|  |TAMS 0x0000000760c00000| PB 0x0000000760c00000| Untracked |  0
| 651|0x0000000760e00000, 0x0000000760e00000, 0x0000000761000000|  0%| F|  |TAMS 0x0000000760e00000| PB 0x0000000760e00000| Untracked |  0
| 652|0x0000000761000000, 0x0000000761000000, 0x0000000761200000|  0%| F|  |TAMS 0x0000000761000000| PB 0x0000000761000000| Untracked |  0
| 653|0x0000000761200000, 0x0000000761200000, 0x0000000761400000|  0%| F|  |TAMS 0x0000000761200000| PB 0x0000000761200000| Untracked |  0
| 654|0x0000000761400000, 0x0000000761400000, 0x0000000761600000|  0%| F|  |TAMS 0x0000000761400000| PB 0x0000000761400000| Untracked |  0
| 655|0x0000000761600000, 0x0000000761600000, 0x0000000761800000|  0%| F|  |TAMS 0x0000000761600000| PB 0x0000000761600000| Untracked |  0
| 656|0x0000000761800000, 0x0000000761800000, 0x0000000761a00000|  0%| F|  |TAMS 0x0000000761800000| PB 0x0000000761800000| Untracked |  0
| 657|0x0000000761a00000, 0x0000000761a00000, 0x0000000761c00000|  0%| F|  |TAMS 0x0000000761a00000| PB 0x0000000761a00000| Untracked |  0
| 658|0x0000000761c00000, 0x0000000761c00000, 0x0000000761e00000|  0%| F|  |TAMS 0x0000000761c00000| PB 0x0000000761c00000| Untracked |  0
| 659|0x0000000761e00000, 0x0000000761e00000, 0x0000000762000000|  0%| F|  |TAMS 0x0000000761e00000| PB 0x0000000761e00000| Untracked |  0
| 660|0x0000000762000000, 0x00000007621c0a10, 0x0000000762200000| 87%| E|  |TAMS 0x0000000762000000| PB 0x0000000762000000| Complete |  0
| 661|0x0000000762200000, 0x0000000762400000, 0x0000000762400000|100%| E|CS|TAMS 0x0000000762200000| PB 0x0000000762200000| Complete |  0
| 662|0x0000000762400000, 0x0000000762600000, 0x0000000762600000|100%| E|CS|TAMS 0x0000000762400000| PB 0x0000000762400000| Complete |  0
| 663|0x0000000762600000, 0x0000000762800000, 0x0000000762800000|100%| E|CS|TAMS 0x0000000762600000| PB 0x0000000762600000| Complete |  0
| 664|0x0000000762800000, 0x0000000762a00000, 0x0000000762a00000|100%| E|CS|TAMS 0x0000000762800000| PB 0x0000000762800000| Complete |  0
| 665|0x0000000762a00000, 0x0000000762c00000, 0x0000000762c00000|100%| E|  |TAMS 0x0000000762a00000| PB 0x0000000762a00000| Complete |  0
| 666|0x0000000762c00000, 0x0000000762e00000, 0x0000000762e00000|100%| E|CS|TAMS 0x0000000762c00000| PB 0x0000000762c00000| Complete |  0
| 667|0x0000000762e00000, 0x0000000763000000, 0x0000000763000000|100%| E|CS|TAMS 0x0000000762e00000| PB 0x0000000762e00000| Complete |  0
| 668|0x0000000763000000, 0x0000000763200000, 0x0000000763200000|100%| E|CS|TAMS 0x0000000763000000| PB 0x0000000763000000| Complete |  0
| 669|0x0000000763200000, 0x0000000763400000, 0x0000000763400000|100%| E|CS|TAMS 0x0000000763200000| PB 0x0000000763200000| Complete |  0
| 670|0x0000000763400000, 0x0000000763600000, 0x0000000763600000|100%| E|CS|TAMS 0x0000000763400000| PB 0x0000000763400000| Complete |  0
| 671|0x0000000763600000, 0x0000000763800000, 0x0000000763800000|100%| E|CS|TAMS 0x0000000763600000| PB 0x0000000763600000| Complete |  0
| 672|0x0000000763800000, 0x0000000763a00000, 0x0000000763a00000|100%| E|CS|TAMS 0x0000000763800000| PB 0x0000000763800000| Complete |  0
| 673|0x0000000763a00000, 0x0000000763c00000, 0x0000000763c00000|100%| E|CS|TAMS 0x0000000763a00000| PB 0x0000000763a00000| Complete |  0
| 674|0x0000000763c00000, 0x0000000763e00000, 0x0000000763e00000|100%| E|CS|TAMS 0x0000000763c00000| PB 0x0000000763c00000| Complete |  0
| 675|0x0000000763e00000, 0x0000000764000000, 0x0000000764000000|100%| E|CS|TAMS 0x0000000763e00000| PB 0x0000000763e00000| Complete |  0
| 676|0x0000000764000000, 0x0000000764200000, 0x0000000764200000|100%| E|CS|TAMS 0x0000000764000000| PB 0x0000000764000000| Complete |  0
| 677|0x0000000764200000, 0x0000000764400000, 0x0000000764400000|100%| E|CS|TAMS 0x0000000764200000| PB 0x0000000764200000| Complete |  0
| 678|0x0000000764400000, 0x0000000764600000, 0x0000000764600000|100%| E|CS|TAMS 0x0000000764400000| PB 0x0000000764400000| Complete |  0
| 679|0x0000000764600000, 0x0000000764800000, 0x0000000764800000|100%| E|CS|TAMS 0x0000000764600000| PB 0x0000000764600000| Complete |  0
| 680|0x0000000764800000, 0x0000000764a00000, 0x0000000764a00000|100%| E|CS|TAMS 0x0000000764800000| PB 0x0000000764800000| Complete |  0
| 681|0x0000000764a00000, 0x0000000764c00000, 0x0000000764c00000|100%| E|CS|TAMS 0x0000000764a00000| PB 0x0000000764a00000| Complete |  0
| 682|0x0000000764c00000, 0x0000000764e00000, 0x0000000764e00000|100%| E|CS|TAMS 0x0000000764c00000| PB 0x0000000764c00000| Complete |  0
| 683|0x0000000764e00000, 0x0000000765000000, 0x0000000765000000|100%| E|CS|TAMS 0x0000000764e00000| PB 0x0000000764e00000| Complete |  0
| 684|0x0000000765000000, 0x0000000765200000, 0x0000000765200000|100%| E|CS|TAMS 0x0000000765000000| PB 0x0000000765000000| Complete |  0
| 685|0x0000000765200000, 0x0000000765400000, 0x0000000765400000|100%| E|CS|TAMS 0x0000000765200000| PB 0x0000000765200000| Complete |  0
| 686|0x0000000765400000, 0x0000000765600000, 0x0000000765600000|100%| E|CS|TAMS 0x0000000765400000| PB 0x0000000765400000| Complete |  0
| 687|0x0000000765600000, 0x0000000765800000, 0x0000000765800000|100%| E|CS|TAMS 0x0000000765600000| PB 0x0000000765600000| Complete |  0
| 688|0x0000000765800000, 0x0000000765a00000, 0x0000000765a00000|100%| E|CS|TAMS 0x0000000765800000| PB 0x0000000765800000| Complete |  0
| 689|0x0000000765a00000, 0x0000000765c00000, 0x0000000765c00000|100%| E|CS|TAMS 0x0000000765a00000| PB 0x0000000765a00000| Complete |  0
| 690|0x0000000765c00000, 0x0000000765e00000, 0x0000000765e00000|100%| E|CS|TAMS 0x0000000765c00000| PB 0x0000000765c00000| Complete |  0
| 691|0x0000000765e00000, 0x0000000766000000, 0x0000000766000000|100%| E|CS|TAMS 0x0000000765e00000| PB 0x0000000765e00000| Complete |  0
| 692|0x0000000766000000, 0x0000000766200000, 0x0000000766200000|100%| E|CS|TAMS 0x0000000766000000| PB 0x0000000766000000| Complete |  0
| 693|0x0000000766200000, 0x0000000766400000, 0x0000000766400000|100%| E|CS|TAMS 0x0000000766200000| PB 0x0000000766200000| Complete |  0
| 694|0x0000000766400000, 0x0000000766600000, 0x0000000766600000|100%| E|CS|TAMS 0x0000000766400000| PB 0x0000000766400000| Complete |  0
| 695|0x0000000766600000, 0x0000000766800000, 0x0000000766800000|100%| E|CS|TAMS 0x0000000766600000| PB 0x0000000766600000| Complete |  0
| 696|0x0000000766800000, 0x0000000766a00000, 0x0000000766a00000|100%| E|CS|TAMS 0x0000000766800000| PB 0x0000000766800000| Complete |  0
| 697|0x0000000766a00000, 0x0000000766c00000, 0x0000000766c00000|100%| E|CS|TAMS 0x0000000766a00000| PB 0x0000000766a00000| Complete |  0
| 698|0x0000000766c00000, 0x0000000766e00000, 0x0000000766e00000|100%| E|CS|TAMS 0x0000000766c00000| PB 0x0000000766c00000| Complete |  0
| 699|0x0000000766e00000, 0x0000000767000000, 0x0000000767000000|100%| E|CS|TAMS 0x0000000766e00000| PB 0x0000000766e00000| Complete |  0
| 700|0x0000000767000000, 0x0000000767200000, 0x0000000767200000|100%| E|CS|TAMS 0x0000000767000000| PB 0x0000000767000000| Complete |  0
| 701|0x0000000767200000, 0x0000000767400000, 0x0000000767400000|100%| E|CS|TAMS 0x0000000767200000| PB 0x0000000767200000| Complete |  0
| 702|0x0000000767400000, 0x0000000767600000, 0x0000000767600000|100%| E|CS|TAMS 0x0000000767400000| PB 0x0000000767400000| Complete |  0
| 703|0x0000000767600000, 0x0000000767800000, 0x0000000767800000|100%| E|CS|TAMS 0x0000000767600000| PB 0x0000000767600000| Complete |  0
| 704|0x0000000767800000, 0x0000000767a00000, 0x0000000767a00000|100%| E|CS|TAMS 0x0000000767800000| PB 0x0000000767800000| Complete |  0
| 705|0x0000000767a00000, 0x0000000767c00000, 0x0000000767c00000|100%| E|CS|TAMS 0x0000000767a00000| PB 0x0000000767a00000| Complete |  0
| 706|0x0000000767c00000, 0x0000000767e00000, 0x0000000767e00000|100%| E|CS|TAMS 0x0000000767c00000| PB 0x0000000767c00000| Complete |  0
| 707|0x0000000767e00000, 0x0000000768000000, 0x0000000768000000|100%| E|CS|TAMS 0x0000000767e00000| PB 0x0000000767e00000| Complete |  0
| 708|0x0000000768000000, 0x0000000768200000, 0x0000000768200000|100%| E|CS|TAMS 0x0000000768000000| PB 0x0000000768000000| Complete |  0
| 709|0x0000000768200000, 0x0000000768400000, 0x0000000768400000|100%| E|CS|TAMS 0x0000000768200000| PB 0x0000000768200000| Complete |  0
| 710|0x0000000768400000, 0x0000000768600000, 0x0000000768600000|100%| E|CS|TAMS 0x0000000768400000| PB 0x0000000768400000| Complete |  0
| 711|0x0000000768600000, 0x0000000768800000, 0x0000000768800000|100%| E|CS|TAMS 0x0000000768600000| PB 0x0000000768600000| Complete |  0
| 712|0x0000000768800000, 0x0000000768a00000, 0x0000000768a00000|100%| E|CS|TAMS 0x0000000768800000| PB 0x0000000768800000| Complete |  0
| 713|0x0000000768a00000, 0x0000000768c00000, 0x0000000768c00000|100%| E|CS|TAMS 0x0000000768a00000| PB 0x0000000768a00000| Complete |  0
| 714|0x0000000768c00000, 0x0000000768e00000, 0x0000000768e00000|100%| E|CS|TAMS 0x0000000768c00000| PB 0x0000000768c00000| Complete |  0
| 715|0x0000000768e00000, 0x0000000769000000, 0x0000000769000000|100%| E|CS|TAMS 0x0000000768e00000| PB 0x0000000768e00000| Complete |  0
| 716|0x0000000769000000, 0x0000000769200000, 0x0000000769200000|100%| E|CS|TAMS 0x0000000769000000| PB 0x0000000769000000| Complete |  0
| 717|0x0000000769200000, 0x0000000769400000, 0x0000000769400000|100%| E|CS|TAMS 0x0000000769200000| PB 0x0000000769200000| Complete |  0
| 718|0x0000000769400000, 0x0000000769600000, 0x0000000769600000|100%| E|CS|TAMS 0x0000000769400000| PB 0x0000000769400000| Complete |  0
| 719|0x0000000769600000, 0x0000000769800000, 0x0000000769800000|100%| E|CS|TAMS 0x0000000769600000| PB 0x0000000769600000| Complete |  0
| 720|0x0000000769800000, 0x0000000769a00000, 0x0000000769a00000|100%| E|CS|TAMS 0x0000000769800000| PB 0x0000000769800000| Complete |  0
| 721|0x0000000769a00000, 0x0000000769c00000, 0x0000000769c00000|100%| E|CS|TAMS 0x0000000769a00000| PB 0x0000000769a00000| Complete |  0
| 722|0x0000000769c00000, 0x0000000769e00000, 0x0000000769e00000|100%| E|CS|TAMS 0x0000000769c00000| PB 0x0000000769c00000| Complete |  0
| 723|0x0000000769e00000, 0x000000076a000000, 0x000000076a000000|100%| E|CS|TAMS 0x0000000769e00000| PB 0x0000000769e00000| Complete |  0
| 724|0x000000076a000000, 0x000000076a200000, 0x000000076a200000|100%| E|CS|TAMS 0x000000076a000000| PB 0x000000076a000000| Complete |  0
| 725|0x000000076a200000, 0x000000076a400000, 0x000000076a400000|100%| E|CS|TAMS 0x000000076a200000| PB 0x000000076a200000| Complete |  0
| 726|0x000000076a400000, 0x000000076a600000, 0x000000076a600000|100%| E|CS|TAMS 0x000000076a400000| PB 0x000000076a400000| Complete |  0
| 727|0x000000076a600000, 0x000000076a800000, 0x000000076a800000|100%| E|CS|TAMS 0x000000076a600000| PB 0x000000076a600000| Complete |  0
| 728|0x000000076a800000, 0x000000076aa00000, 0x000000076aa00000|100%| E|CS|TAMS 0x000000076a800000| PB 0x000000076a800000| Complete |  0
| 729|0x000000076aa00000, 0x000000076ac00000, 0x000000076ac00000|100%| E|CS|TAMS 0x000000076aa00000| PB 0x000000076aa00000| Complete |  0
| 730|0x000000076ac00000, 0x000000076ae00000, 0x000000076ae00000|100%| E|CS|TAMS 0x000000076ac00000| PB 0x000000076ac00000| Complete |  0
| 731|0x000000076ae00000, 0x000000076b000000, 0x000000076b000000|100%| E|CS|TAMS 0x000000076ae00000| PB 0x000000076ae00000| Complete |  0
| 732|0x000000076b000000, 0x000000076b200000, 0x000000076b200000|100%| E|CS|TAMS 0x000000076b000000| PB 0x000000076b000000| Complete |  0
| 733|0x000000076b200000, 0x000000076b400000, 0x000000076b400000|100%| E|CS|TAMS 0x000000076b200000| PB 0x000000076b200000| Complete |  0
| 734|0x000000076b400000, 0x000000076b600000, 0x000000076b600000|100%| E|CS|TAMS 0x000000076b400000| PB 0x000000076b400000| Complete |  0
| 735|0x000000076b600000, 0x000000076b800000, 0x000000076b800000|100%| E|CS|TAMS 0x000000076b600000| PB 0x000000076b600000| Complete |  0
| 736|0x000000076b800000, 0x000000076ba00000, 0x000000076ba00000|100%| E|CS|TAMS 0x000000076b800000| PB 0x000000076b800000| Complete |  0
| 737|0x000000076ba00000, 0x000000076bc00000, 0x000000076bc00000|100%| E|CS|TAMS 0x000000076ba00000| PB 0x000000076ba00000| Complete |  0
| 738|0x000000076bc00000, 0x000000076be00000, 0x000000076be00000|100%| E|CS|TAMS 0x000000076bc00000| PB 0x000000076bc00000| Complete |  0
| 739|0x000000076be00000, 0x000000076c000000, 0x000000076c000000|100%| E|CS|TAMS 0x000000076be00000| PB 0x000000076be00000| Complete |  0
| 740|0x000000076c000000, 0x000000076c200000, 0x000000076c200000|100%| E|CS|TAMS 0x000000076c000000| PB 0x000000076c000000| Complete |  0
| 741|0x000000076c200000, 0x000000076c400000, 0x000000076c400000|100%| E|CS|TAMS 0x000000076c200000| PB 0x000000076c200000| Complete |  0
| 742|0x000000076c400000, 0x000000076c600000, 0x000000076c600000|100%| E|CS|TAMS 0x000000076c400000| PB 0x000000076c400000| Complete |  0
| 743|0x000000076c600000, 0x000000076c800000, 0x000000076c800000|100%| E|CS|TAMS 0x000000076c600000| PB 0x000000076c600000| Complete |  0
| 744|0x000000076c800000, 0x000000076ca00000, 0x000000076ca00000|100%| E|CS|TAMS 0x000000076c800000| PB 0x000000076c800000| Complete |  0
| 745|0x000000076ca00000, 0x000000076cc00000, 0x000000076cc00000|100%| E|CS|TAMS 0x000000076ca00000| PB 0x000000076ca00000| Complete |  0
| 746|0x000000076cc00000, 0x000000076ce00000, 0x000000076ce00000|100%| E|CS|TAMS 0x000000076cc00000| PB 0x000000076cc00000| Complete |  0
| 747|0x000000076ce00000, 0x000000076d000000, 0x000000076d000000|100%| E|CS|TAMS 0x000000076ce00000| PB 0x000000076ce00000| Complete |  0
| 748|0x000000076d000000, 0x000000076d200000, 0x000000076d200000|100%| E|CS|TAMS 0x000000076d000000| PB 0x000000076d000000| Complete |  0
| 749|0x000000076d200000, 0x000000076d400000, 0x000000076d400000|100%| E|CS|TAMS 0x000000076d200000| PB 0x000000076d200000| Complete |  0
| 750|0x000000076d400000, 0x000000076d600000, 0x000000076d600000|100%| E|CS|TAMS 0x000000076d400000| PB 0x000000076d400000| Complete |  0
| 751|0x000000076d600000, 0x000000076d800000, 0x000000076d800000|100%| E|CS|TAMS 0x000000076d600000| PB 0x000000076d600000| Complete |  0
| 752|0x000000076d800000, 0x000000076da00000, 0x000000076da00000|100%| E|CS|TAMS 0x000000076d800000| PB 0x000000076d800000| Complete |  0
| 753|0x000000076da00000, 0x000000076dc00000, 0x000000076dc00000|100%| E|CS|TAMS 0x000000076da00000| PB 0x000000076da00000| Complete |  0
| 754|0x000000076dc00000, 0x000000076de00000, 0x000000076de00000|100%| E|CS|TAMS 0x000000076dc00000| PB 0x000000076dc00000| Complete |  0
| 755|0x000000076de00000, 0x000000076e000000, 0x000000076e000000|100%| E|CS|TAMS 0x000000076de00000| PB 0x000000076de00000| Complete |  0
| 756|0x000000076e000000, 0x000000076e200000, 0x000000076e200000|100%| E|CS|TAMS 0x000000076e000000| PB 0x000000076e000000| Complete |  0
| 757|0x000000076e200000, 0x000000076e400000, 0x000000076e400000|100%| E|CS|TAMS 0x000000076e200000| PB 0x000000076e200000| Complete |  0
| 758|0x000000076e400000, 0x000000076e600000, 0x000000076e600000|100%| E|CS|TAMS 0x000000076e400000| PB 0x000000076e400000| Complete |  0
| 759|0x000000076e600000, 0x000000076e800000, 0x000000076e800000|100%| E|CS|TAMS 0x000000076e600000| PB 0x000000076e600000| Complete |  0
| 760|0x000000076e800000, 0x000000076ea00000, 0x000000076ea00000|100%| E|CS|TAMS 0x000000076e800000| PB 0x000000076e800000| Complete |  0
| 761|0x000000076ea00000, 0x000000076ec00000, 0x000000076ec00000|100%| E|CS|TAMS 0x000000076ea00000| PB 0x000000076ea00000| Complete |  0
| 762|0x000000076ec00000, 0x000000076ee00000, 0x000000076ee00000|100%| E|CS|TAMS 0x000000076ec00000| PB 0x000000076ec00000| Complete |  0
| 763|0x000000076ee00000, 0x000000076f000000, 0x000000076f000000|100%| E|CS|TAMS 0x000000076ee00000| PB 0x000000076ee00000| Complete |  0
| 764|0x000000076f000000, 0x000000076f200000, 0x000000076f200000|100%| E|CS|TAMS 0x000000076f000000| PB 0x000000076f000000| Complete |  0
| 765|0x000000076f200000, 0x000000076f400000, 0x000000076f400000|100%| E|CS|TAMS 0x000000076f200000| PB 0x000000076f200000| Complete |  0
| 766|0x000000076f400000, 0x000000076f600000, 0x000000076f600000|100%| E|CS|TAMS 0x000000076f400000| PB 0x000000076f400000| Complete |  0
| 767|0x000000076f600000, 0x000000076f800000, 0x000000076f800000|100%| E|CS|TAMS 0x000000076f600000| PB 0x000000076f600000| Complete |  0
| 768|0x000000076f800000, 0x000000076fa00000, 0x000000076fa00000|100%| E|CS|TAMS 0x000000076f800000| PB 0x000000076f800000| Complete |  0
| 769|0x000000076fa00000, 0x000000076fc00000, 0x000000076fc00000|100%| E|CS|TAMS 0x000000076fa00000| PB 0x000000076fa00000| Complete |  0
| 770|0x000000076fc00000, 0x000000076fe00000, 0x000000076fe00000|100%| E|CS|TAMS 0x000000076fc00000| PB 0x000000076fc00000| Complete |  0
| 771|0x000000076fe00000, 0x0000000770000000, 0x0000000770000000|100%| E|CS|TAMS 0x000000076fe00000| PB 0x000000076fe00000| Complete |  0
| 772|0x0000000770000000, 0x0000000770200000, 0x0000000770200000|100%| E|CS|TAMS 0x0000000770000000| PB 0x0000000770000000| Complete |  0
| 773|0x0000000770200000, 0x0000000770400000, 0x0000000770400000|100%| E|CS|TAMS 0x0000000770200000| PB 0x0000000770200000| Complete |  0
| 774|0x0000000770400000, 0x0000000770600000, 0x0000000770600000|100%| E|CS|TAMS 0x0000000770400000| PB 0x0000000770400000| Complete |  0
| 775|0x0000000770600000, 0x0000000770800000, 0x0000000770800000|100%| E|CS|TAMS 0x0000000770600000| PB 0x0000000770600000| Complete |  0
| 776|0x0000000770800000, 0x0000000770a00000, 0x0000000770a00000|100%| E|CS|TAMS 0x0000000770800000| PB 0x0000000770800000| Complete |  0
| 777|0x0000000770a00000, 0x0000000770c00000, 0x0000000770c00000|100%| E|CS|TAMS 0x0000000770a00000| PB 0x0000000770a00000| Complete |  0
| 778|0x0000000770c00000, 0x0000000770e00000, 0x0000000770e00000|100%| E|CS|TAMS 0x0000000770c00000| PB 0x0000000770c00000| Complete |  0
| 779|0x0000000770e00000, 0x0000000771000000, 0x0000000771000000|100%| E|CS|TAMS 0x0000000770e00000| PB 0x0000000770e00000| Complete |  0
| 780|0x0000000771000000, 0x0000000771200000, 0x0000000771200000|100%| E|CS|TAMS 0x0000000771000000| PB 0x0000000771000000| Complete |  0
| 781|0x0000000771200000, 0x0000000771400000, 0x0000000771400000|100%| E|CS|TAMS 0x0000000771200000| PB 0x0000000771200000| Complete |  0
| 782|0x0000000771400000, 0x0000000771600000, 0x0000000771600000|100%| E|CS|TAMS 0x0000000771400000| PB 0x0000000771400000| Complete |  0
| 783|0x0000000771600000, 0x0000000771800000, 0x0000000771800000|100%| E|CS|TAMS 0x0000000771600000| PB 0x0000000771600000| Complete |  0
| 784|0x0000000771800000, 0x0000000771a00000, 0x0000000771a00000|100%| E|CS|TAMS 0x0000000771800000| PB 0x0000000771800000| Complete |  0
| 785|0x0000000771a00000, 0x0000000771c00000, 0x0000000771c00000|100%| E|CS|TAMS 0x0000000771a00000| PB 0x0000000771a00000| Complete |  0
| 786|0x0000000771c00000, 0x0000000771e00000, 0x0000000771e00000|100%| E|CS|TAMS 0x0000000771c00000| PB 0x0000000771c00000| Complete |  0
| 787|0x0000000771e00000, 0x0000000772000000, 0x0000000772000000|100%| E|CS|TAMS 0x0000000771e00000| PB 0x0000000771e00000| Complete |  0
| 788|0x0000000772000000, 0x0000000772200000, 0x0000000772200000|100%| E|CS|TAMS 0x0000000772000000| PB 0x0000000772000000| Complete |  0
| 789|0x0000000772200000, 0x0000000772400000, 0x0000000772400000|100%| E|CS|TAMS 0x0000000772200000| PB 0x0000000772200000| Complete |  0
| 790|0x0000000772400000, 0x0000000772600000, 0x0000000772600000|100%| E|CS|TAMS 0x0000000772400000| PB 0x0000000772400000| Complete |  0
| 791|0x0000000772600000, 0x0000000772800000, 0x0000000772800000|100%| E|CS|TAMS 0x0000000772600000| PB 0x0000000772600000| Complete |  0
| 792|0x0000000772800000, 0x0000000772a00000, 0x0000000772a00000|100%| E|CS|TAMS 0x0000000772800000| PB 0x0000000772800000| Complete |  0
| 793|0x0000000772a00000, 0x0000000772c00000, 0x0000000772c00000|100%| E|CS|TAMS 0x0000000772a00000| PB 0x0000000772a00000| Complete |  0
| 794|0x0000000772c00000, 0x0000000772e00000, 0x0000000772e00000|100%| E|CS|TAMS 0x0000000772c00000| PB 0x0000000772c00000| Complete |  0
| 795|0x0000000772e00000, 0x0000000773000000, 0x0000000773000000|100%| E|CS|TAMS 0x0000000772e00000| PB 0x0000000772e00000| Complete |  0
| 796|0x0000000773000000, 0x0000000773200000, 0x0000000773200000|100%| E|CS|TAMS 0x0000000773000000| PB 0x0000000773000000| Complete |  0
| 797|0x0000000773200000, 0x0000000773400000, 0x0000000773400000|100%| E|CS|TAMS 0x0000000773200000| PB 0x0000000773200000| Complete |  0
| 798|0x0000000773400000, 0x0000000773600000, 0x0000000773600000|100%| E|CS|TAMS 0x0000000773400000| PB 0x0000000773400000| Complete |  0
| 799|0x0000000773600000, 0x0000000773800000, 0x0000000773800000|100%| E|CS|TAMS 0x0000000773600000| PB 0x0000000773600000| Complete |  0
| 800|0x0000000773800000, 0x0000000773a00000, 0x0000000773a00000|100%| E|CS|TAMS 0x0000000773800000| PB 0x0000000773800000| Complete |  0
| 801|0x0000000773a00000, 0x0000000773c00000, 0x0000000773c00000|100%| E|CS|TAMS 0x0000000773a00000| PB 0x0000000773a00000| Complete |  0
| 802|0x0000000773c00000, 0x0000000773e00000, 0x0000000773e00000|100%| E|CS|TAMS 0x0000000773c00000| PB 0x0000000773c00000| Complete |  0
| 803|0x0000000773e00000, 0x0000000774000000, 0x0000000774000000|100%| E|CS|TAMS 0x0000000773e00000| PB 0x0000000773e00000| Complete |  0
| 804|0x0000000774000000, 0x0000000774200000, 0x0000000774200000|100%| E|CS|TAMS 0x0000000774000000| PB 0x0000000774000000| Complete |  0
| 805|0x0000000774200000, 0x0000000774400000, 0x0000000774400000|100%| E|CS|TAMS 0x0000000774200000| PB 0x0000000774200000| Complete |  0
| 806|0x0000000774400000, 0x0000000774600000, 0x0000000774600000|100%| E|CS|TAMS 0x0000000774400000| PB 0x0000000774400000| Complete |  0
| 807|0x0000000774600000, 0x0000000774800000, 0x0000000774800000|100%| E|CS|TAMS 0x0000000774600000| PB 0x0000000774600000| Complete |  0
| 808|0x0000000774800000, 0x0000000774a00000, 0x0000000774a00000|100%| E|CS|TAMS 0x0000000774800000| PB 0x0000000774800000| Complete |  0
| 809|0x0000000774a00000, 0x0000000774c00000, 0x0000000774c00000|100%| E|CS|TAMS 0x0000000774a00000| PB 0x0000000774a00000| Complete |  0
| 810|0x0000000774c00000, 0x0000000774e00000, 0x0000000774e00000|100%| E|CS|TAMS 0x0000000774c00000| PB 0x0000000774c00000| Complete |  0
| 811|0x0000000774e00000, 0x0000000775000000, 0x0000000775000000|100%| E|CS|TAMS 0x0000000774e00000| PB 0x0000000774e00000| Complete |  0
| 812|0x0000000775000000, 0x0000000775200000, 0x0000000775200000|100%| E|CS|TAMS 0x0000000775000000| PB 0x0000000775000000| Complete |  0
| 813|0x0000000775200000, 0x0000000775400000, 0x0000000775400000|100%| E|CS|TAMS 0x0000000775200000| PB 0x0000000775200000| Complete |  0
| 814|0x0000000775400000, 0x0000000775600000, 0x0000000775600000|100%| E|CS|TAMS 0x0000000775400000| PB 0x0000000775400000| Complete |  0
| 815|0x0000000775600000, 0x0000000775800000, 0x0000000775800000|100%| E|CS|TAMS 0x0000000775600000| PB 0x0000000775600000| Complete |  0
| 816|0x0000000775800000, 0x0000000775a00000, 0x0000000775a00000|100%| E|CS|TAMS 0x0000000775800000| PB 0x0000000775800000| Complete |  0
| 817|0x0000000775a00000, 0x0000000775c00000, 0x0000000775c00000|100%| E|CS|TAMS 0x0000000775a00000| PB 0x0000000775a00000| Complete |  0
| 818|0x0000000775c00000, 0x0000000775e00000, 0x0000000775e00000|100%| E|CS|TAMS 0x0000000775c00000| PB 0x0000000775c00000| Complete |  0
| 819|0x0000000775e00000, 0x0000000776000000, 0x0000000776000000|100%| E|CS|TAMS 0x0000000775e00000| PB 0x0000000775e00000| Complete |  0
| 820|0x0000000776000000, 0x0000000776200000, 0x0000000776200000|100%| E|CS|TAMS 0x0000000776000000| PB 0x0000000776000000| Complete |  0
| 821|0x0000000776200000, 0x0000000776400000, 0x0000000776400000|100%| E|CS|TAMS 0x0000000776200000| PB 0x0000000776200000| Complete |  0
| 822|0x0000000776400000, 0x0000000776600000, 0x0000000776600000|100%| E|CS|TAMS 0x0000000776400000| PB 0x0000000776400000| Complete |  0
| 823|0x0000000776600000, 0x0000000776800000, 0x0000000776800000|100%| E|CS|TAMS 0x0000000776600000| PB 0x0000000776600000| Complete |  0
| 824|0x0000000776800000, 0x0000000776a00000, 0x0000000776a00000|100%| E|CS|TAMS 0x0000000776800000| PB 0x0000000776800000| Complete |  0
|1916|0x00000007ff000000, 0x00000007ff200000, 0x00000007ff200000|100%| E|CS|TAMS 0x00000007ff000000| PB 0x00000007ff000000| Complete |  0
|1917|0x00000007ff200000, 0x00000007ff400000, 0x00000007ff400000|100%| E|CS|TAMS 0x00000007ff200000| PB 0x00000007ff200000| Complete |  0
|1918|0x00000007ff400000, 0x00000007ff600000, 0x00000007ff600000|100%| E|CS|TAMS 0x00000007ff400000| PB 0x00000007ff400000| Complete |  0
|1919|0x00000007ff600000, 0x00000007ff800000, 0x00000007ff800000|100%| E|CS|TAMS 0x00000007ff600000| PB 0x00000007ff600000| Complete |  0
|1920|0x00000007ff800000, 0x00000007ffa00000, 0x00000007ffa00000|100%| E|CS|TAMS 0x00000007ff800000| PB 0x00000007ff800000| Complete |  0
|1921|0x00000007ffa00000, 0x00000007ffc00000, 0x00000007ffc00000|100%| O|  |TAMS 0x00000007ffa00000| PB 0x00000007ffa00000| Untracked |  0
|1922|0x00000007ffc00000, 0x00000007ffe00000, 0x00000007ffe00000|100%| O|  |TAMS 0x00000007ffc00000| PB 0x00000007ffc00000| Untracked |  0
|1923|0x00000007ffe00000, 0x0000000800000000, 0x0000000800000000|100%| E|CS|TAMS 0x00000007ffe00000| PB 0x00000007ffe00000| Complete |  0

Card table byte_map: [0x0000ffff37f48000,0x0000ffff386cc000] _byte_map_base: 0x0000ffff346cc000

Marking Bits: (CMBitMap*) 0x0000ffff301874a0
 Bits: [0x0000ffff34328000, 0x0000ffff37f48000)

Polling page: 0x0000ffff3b5cc000

Metaspace:
Metaspace        used 143772K, committed 145472K, reserved 1179648K
 class space     used 24707K, committed 25408K, reserved 1048576K

Usage:
  Non-class:    116.27 MB used.
      Class:     24.13 MB used.
       Both:    140.40 MB used.

Virtual space:
  Non-class space:      128.00 MB reserved,     117.25 MB ( 92%) committed,  2 nodes.
      Class space:        1.00 GB reserved,      24.81 MB (  2%) committed,  1 nodes.
             Both:        1.12 GB reserved,     142.06 MB ( 12%) committed. 

Chunk freelists:
   Non-Class:  10.62 MB
       Class:  7.13 MB
        Both:  17.76 MB

MaxMetaspaceSize: unlimited
CompressedClassSpaceSize: 1.00 GB
Initial GC threshold: 21.00 MB
Current GC threshold: 236.56 MB
CDS: on
 - commit_granule_bytes: 65536.
 - commit_granule_words: 8192.
 - virtual_space_node_default_size: 8388608.
 - enlarge_chunks_in_place: 1.
UseCompressedClassPointers 1, UseCompactObjectHeaders 0
Narrow klass pointer bits 32, Max shift 3
Narrow klass base: 0x0000001c00000000, Narrow klass shift: 0
Encoding Range: [0x0000001c00000000 - 0x0000001d00000000), (4294967296 bytes)
Klass Range:    [0x0000001c00010000 - 0x0000001c42000000), (1107230720 bytes)
Klass ID Range:  [65536 - 1107296249) (1107230713)
Protection zone: [0x0000001c00000000 - 0x0000001c00010000), (65536 bytes)


Internal statistics:

num_allocs_failed_limit: 44.
num_arena_births: 2978.
num_arena_deaths: 32.
num_vsnodes_births: 3.
num_vsnodes_deaths: 0.
num_space_committed: 2268.
num_space_uncommitted: 0.
num_chunks_returned_to_freelist: 87.
num_chunks_taken_from_freelist: 9512.
num_chunk_merges: 54.
num_chunk_splits: 6320.
num_chunks_enlarged: 4697.
num_inconsistent_stats: 0.

CodeHeap 'non-profiled nmethods': size=120032Kb used=16198Kb max_used=19424Kb free=103833Kb
 bounds [0x0000ffff24ac8000, 0x0000ffff25dc8000, 0x0000ffff2c000000]
CodeHeap 'profiled nmethods': size=120032Kb used=16582Kb max_used=29900Kb free=103450Kb
 bounds [0x0000ffff1cffc000, 0x0000ffff1ed4c000, 0x0000ffff24534000]
CodeHeap 'non-nmethods': size=5712Kb used=3325Kb max_used=3463Kb free=2386Kb
 bounds [0x0000ffff24534000, 0x0000ffff248d4000, 0x0000ffff24ac8000]
CodeCache: size=245776Kb, used=36105Kb, max_used=52787Kb, free=209669Kb
 total_blobs=18085, nmethods=15279, adapters=2660, full_count=0
Compilation: enabled, stopped_count=0, restarted_count=0

Compilation events (20 events):
Event: 337.933 Thread 0x0000ffff30221200 39132       4       com.mojang.blaze3d.opengl.GlTexture::removeViews (29 bytes)
Event: 337.934 Thread 0x0000ffff30221200 nmethod 39132 0x0000ffff24e13208 code [0x0000ffff24e13300, 0x0000ffff24e13400]
Event: 337.940 Thread 0x0000ffff30222c20 nmethod 39131 0x0000ffff1d0ee548 code [0x0000ffff1d0ee640, 0x0000ffff1d0ef838]
Event: 337.940 Thread 0x0000ffff30222c20 39130       3       com.mojang.blaze3d.opengl.GlTexture::destroyImmediately (74 bytes)
Event: 337.949 Thread 0x0000ffff30221200 39133       4       jdk.internal.misc.CarrierThreadLocal::get (10 bytes)
Event: 337.950 Thread 0x0000ffff30222c20 nmethod 39130 0x0000ffff1dee7f88 code [0x0000ffff1dee8080, 0x0000ffff1dee9020]
Event: 337.952 Thread 0x0000ffff30222c20 39134       1       com.mojang.blaze3d.opengl.GlRenderPipeline::program (5 bytes)
Event: 337.952 Thread 0x0000ffff30222c20 nmethod 39134 0x0000ffff24bad808 code [0x0000ffff24bad900, 0x0000ffff24bad9e0]
Event: 337.952 Thread 0x0000ffff30222c20 39135       3       com.mojang.blaze3d.opengl.GlProgram$$Lambda/0x0000001c03299d40::accept (10 bytes)
Event: 337.952 Thread 0x0000ffff30222c20 nmethod 39135 0x0000ffff1d8355c8 code [0x0000ffff1d8356c0, 0x0000ffff1d8359a0]
Event: 337.952 Thread 0x0000ffff30222c20 39137       3       com.mojang.blaze3d.opengl.Uniform::close (1 bytes)
Event: 337.952 Thread 0x0000ffff30222c20 nmethod 39137 0x0000ffff1d042c08 code [0x0000ffff1d042d00, 0x0000ffff1d042e20]
Event: 337.953 Thread 0x0000ffff30221200 nmethod 39133 0x0000ffff24d40f88 code [0x0000ffff24d41080, 0x0000ffff24d412b8]
Event: 337.953 Thread 0x0000ffff30221200 39136       4       java.util.IdentityHashMap$IdentityHashMapIterator::nextIndex (72 bytes)
Event: 337.958 Thread 0x0000ffff30221200 nmethod 39136 0x0000ffff24e40648 code [0x0000ffff24e40740, 0x0000ffff24e40848]
Event: 338.032 Thread 0x0000ffff30222c20 39139       1       java.util.concurrent.CopyOnWriteArrayList::getArray (5 bytes)
Event: 338.032 Thread 0x0000ffff30222c20 nmethod 39139 0x0000ffff24baf488 code [0x0000ffff24baf580, 0x0000ffff24baf668]
Event: 338.032 Thread 0x0000ffff30221200 39138       4       java.util.concurrent.ConcurrentHashMap$Traverser::advance (188 bytes)
Event: 338.034 Thread 0x0000ffff30221200 nmethod 39138 0x0000ffff24cbfb88 code [0x0000ffff24cbfc80, 0x0000ffff24cbffb8]
Event: 338.036 Thread 0x0000ffff30222c20 39141       3       org.apache.logging.log4j.core.util.internal.InternalLoggerRegistry$$Lambda/0x0000001c02119ee8::apply (8 bytes)

GC Heap Usage History (20 events):
Event: 263.083 {heap Before GC invocations=102 (full 0):
 garbage-first heap   total reserved 3940352K, committed 1705984K, used 1494919K [0x000000070f800000, 0x0000000800000000)
  region size 2048K, 499 young (1021952K), 35 survivors (71680K)
}
Event: 263.116 {heap After GC invocations=103 (full 0):
 garbage-first heap   total reserved 3940352K, committed 1705984K, used 552224K [0x000000070f800000, 0x0000000800000000)
  region size 2048K, 33 young (67584K), 33 survivors (67584K)
}
Event: 265.812 {heap Before GC invocations=103 (full 0):
 garbage-first heap   total reserved 3940352K, committed 1705984K, used 1504544K [0x000000070f800000, 0x0000000800000000)
  region size 2048K, 499 young (1021952K), 33 survivors (67584K)
}
Event: 265.839 {heap After GC invocations=104 (full 0):
 garbage-first heap   total reserved 3940352K, committed 1705984K, used 583968K [0x000000070f800000, 0x0000000800000000)
  region size 2048K, 49 young (100352K), 49 survivors (100352K)
}
Event: 267.945 {heap Before GC invocations=104 (full 0):
 garbage-first heap   total reserved 3940352K, committed 1705984K, used 1505568K [0x000000070f800000, 0x0000000800000000)
  region size 2048K, 499 young (1021952K), 49 survivors (100352K)
}
Event: 267.972 {heap After GC invocations=105 (full 0):
 garbage-first heap   total reserved 3940352K, committed 1705984K, used 600064K [0x000000070f800000, 0x0000000800000000)
  region size 2048K, 40 young (81920K), 40 survivors (81920K)
}
Event: 270.242 {heap Before GC invocations=105 (full 0):
 garbage-first heap   total reserved 3940352K, committed 1705984K, used 1550336K [0x000000070f800000, 0x0000000800000000)
  region size 2048K, 499 young (1021952K), 40 survivors (81920K)
}
Event: 270.263 {heap After GC invocations=106 (full 0):
 garbage-first heap   total reserved 3940352K, committed 1705984K, used 623645K [0x000000070f800000, 0x0000000800000000)
  region size 2048K, 36 young (73728K), 36 survivors (73728K)
}
Event: 272.833 {heap Before GC invocations=106 (full 0):
 garbage-first heap   total reserved 3940352K, committed 1705984K, used 1571869K [0x000000070f800000, 0x0000000800000000)
  region size 2048K, 499 young (1021952K), 36 survivors (73728K)
}
Event: 272.860 {heap After GC invocations=107 (full 0):
 garbage-first heap   total reserved 3940352K, committed 1705984K, used 646666K [0x000000070f800000, 0x0000000800000000)
  region size 2048K, 32 young (65536K), 32 survivors (65536K)
}
Event: 278.960 {heap Before GC invocations=108 (full 0):
 garbage-first heap   total reserved 3940352K, committed 1705984K, used 1566218K [0x000000070f800000, 0x0000000800000000)
  region size 2048K, 499 young (1021952K), 32 survivors (65536K)
}
Event: 278.993 {heap After GC invocations=109 (full 0):
 garbage-first heap   total reserved 3940352K, committed 1705984K, used 627210K [0x000000070f800000, 0x0000000800000000)
  region size 2048K, 41 young (83968K), 41 survivors (83968K)
}
Event: 286.012 {heap Before GC invocations=109 (full 0):
 garbage-first heap   total reserved 3940352K, committed 1705984K, used 1565194K [0x000000070f800000, 0x0000000800000000)
  region size 2048K, 499 young (1021952K), 41 survivors (83968K)
}
Event: 286.049 {heap After GC invocations=110 (full 0):
 garbage-first heap   total reserved 3940352K, committed 1705984K, used 507639K [0x000000070f800000, 0x0000000800000000)
  region size 2048K, 42 young (86016K), 42 survivors (86016K)
}
Event: 288.836 {heap Before GC invocations=110 (full 0):
 garbage-first heap   total reserved 3940352K, committed 1705984K, used 1441527K [0x000000070f800000, 0x0000000800000000)
  region size 2048K, 499 young (1021952K), 42 survivors (86016K)
}
Event: 288.863 {heap After GC invocations=111 (full 0):
 garbage-first heap   total reserved 3940352K, committed 1705984K, used 516343K [0x000000070f800000, 0x0000000800000000)
  region size 2048K, 36 young (73728K), 36 survivors (73728K)
}
Event: 294.323 {heap Before GC invocations=111 (full 0):
 garbage-first heap   total reserved 3940352K, committed 1705984K, used 1462519K [0x000000070f800000, 0x0000000800000000)
  region size 2048K, 499 young (1021952K), 36 survivors (73728K)
}
Event: 294.348 {heap After GC invocations=112 (full 0):
 garbage-first heap   total reserved 3940352K, committed 1705984K, used 525071K [0x000000070f800000, 0x0000000800000000)
  region size 2048K, 30 young (61440K), 30 survivors (61440K)
}
Event: 337.107 {heap Before GC invocations=112 (full 0):
 garbage-first heap   total reserved 3940352K, committed 1705984K, used 1483535K [0x000000070f800000, 0x0000000800000000)
  region size 2048K, 499 young (1021952K), 30 survivors (61440K)
}
Event: 337.124 {heap After GC invocations=113 (full 0):
 garbage-first heap   total reserved 3940352K, committed 1705984K, used 542479K [0x000000070f800000, 0x0000000800000000)
  region size 2048K, 39 young (79872K), 39 survivors (79872K)
}

Metaspace Usage History (20 events):
Event: 263.083 {metaspace Before GC invocations=102 (full 0):
 Metaspace       used 143590K, committed 145344K, reserved 1179648K
  class space    used 24671K, committed 25408K, reserved 1048576K
}
Event: 263.116 {metaspace After GC invocations=103 (full 0):
 Metaspace       used 143590K, committed 145344K, reserved 1179648K
  class space    used 24671K, committed 25408K, reserved 1048576K
}
Event: 265.812 {metaspace Before GC invocations=103 (full 0):
 Metaspace       used 143592K, committed 145344K, reserved 1179648K
  class space    used 24671K, committed 25408K, reserved 1048576K
}
Event: 265.839 {metaspace After GC invocations=104 (full 0):
 Metaspace       used 143592K, committed 145344K, reserved 1179648K
  class space    used 24671K, committed 25408K, reserved 1048576K
}
Event: 267.945 {metaspace Before GC invocations=104 (full 0):
 Metaspace       used 143592K, committed 145344K, reserved 1179648K
  class space    used 24671K, committed 25408K, reserved 1048576K
}
Event: 267.972 {metaspace After GC invocations=105 (full 0):
 Metaspace       used 143592K, committed 145344K, reserved 1179648K
  class space    used 24671K, committed 25408K, reserved 1048576K
}
Event: 270.242 {metaspace Before GC invocations=105 (full 0):
 Metaspace       used 143592K, committed 145344K, reserved 1179648K
  class space    used 24671K, committed 25408K, reserved 1048576K
}
Event: 270.263 {metaspace After GC invocations=106 (full 0):
 Metaspace       used 143592K, committed 145344K, reserved 1179648K
  class space    used 24671K, committed 25408K, reserved 1048576K
}
Event: 272.833 {metaspace Before GC invocations=106 (full 0):
 Metaspace       used 143599K, committed 145344K, reserved 1179648K
  class space    used 24671K, committed 25408K, reserved 1048576K
}
Event: 272.860 {metaspace After GC invocations=107 (full 0):
 Metaspace       used 143599K, committed 145344K, reserved 1179648K
  class space    used 24671K, committed 25408K, reserved 1048576K
}
Event: 278.960 {metaspace Before GC invocations=108 (full 0):
 Metaspace       used 143599K, committed 145344K, reserved 1179648K
  class space    used 24671K, committed 25408K, reserved 1048576K
}
Event: 278.993 {metaspace After GC invocations=109 (full 0):
 Metaspace       used 143599K, committed 145344K, reserved 1179648K
  class space    used 24671K, committed 25408K, reserved 1048576K
}
Event: 286.012 {metaspace Before GC invocations=109 (full 0):
 Metaspace       used 143602K, committed 145344K, reserved 1179648K
  class space    used 24671K, committed 25408K, reserved 1048576K
}
Event: 286.049 {metaspace After GC invocations=110 (full 0):
 Metaspace       used 143602K, committed 145344K, reserved 1179648K
  class space    used 24671K, committed 25408K, reserved 1048576K
}
Event: 288.836 {metaspace Before GC invocations=110 (full 0):
 Metaspace       used 143607K, committed 145408K, reserved 1179648K
  class space    used 24671K, committed 25408K, reserved 1048576K
}
Event: 288.863 {metaspace After GC invocations=111 (full 0):
 Metaspace       used 143607K, committed 145408K, reserved 1179648K
  class space    used 24671K, committed 25408K, reserved 1048576K
}
Event: 294.323 {metaspace Before GC invocations=111 (full 0):
 Metaspace       used 143608K, committed 145408K, reserved 1179648K
  class space    used 24671K, committed 25408K, reserved 1048576K
}
Event: 294.348 {metaspace After GC invocations=112 (full 0):
 Metaspace       used 143608K, committed 145408K, reserved 1179648K
  class space    used 24671K, committed 25408K, reserved 1048576K
}
Event: 337.107 {metaspace Before GC invocations=112 (full 0):
 Metaspace       used 143691K, committed 145472K, reserved 1179648K
  class space    used 24691K, committed 25408K, reserved 1048576K
}
Event: 337.124 {metaspace After GC invocations=113 (full 0):
 Metaspace       used 143691K, committed 145472K, reserved 1179648K
  class space    used 24691K, committed 25408K, reserved 1048576K
}

Dll operation events (14 events):
Event: 0.001 Loaded shared library /home/anguscrump/.jdks/jbr-25.0.3/lib/libjava.so
Event: 0.018 Loaded shared library /home/anguscrump/.jdks/jbr-25.0.3/lib/libnio.so
Event: 0.023 Loaded shared library /home/anguscrump/.jdks/jbr-25.0.3/lib/libzip.so
Event: 0.028 Loaded shared library /home/anguscrump/.jdks/jbr-25.0.3/lib/libnet.so
Event: 0.034 Loaded shared library /home/anguscrump/.jdks/jbr-25.0.3/lib/libzip.so
Event: 0.057 Loaded shared library /home/anguscrump/.jdks/jbr-25.0.3/lib/libjimage.so
Event: 0.228 Loaded shared library /home/anguscrump/.jdks/jbr-25.0.3/lib/libmanagement.so
Event: 0.228 Loaded shared library /home/anguscrump/.jdks/jbr-25.0.3/lib/libmanagement_ext.so
Event: 0.350 Loaded shared library /home/anguscrump/.jdks/jbr-25.0.3/lib/libverify.so
Event: 1.354 Loaded shared library /home/anguscrump/.cache/JNA/temp/jna276824012156810295.tmp
Event: 3.983 Loaded shared library /home/anguscrump/.jdks/jbr-25.0.3/lib/libextnet.so
Event: 4.213 Loaded shared library /tmp/lwjgl_anguscrump/3.4.1-snapshot/arm64/liblwjgl.so
Event: 4.428 Loaded shared library /tmp/lwjgl_anguscrump/3.4.1-snapshot/arm64/liblwjgl_opengl.so
Event: 4.600 Loaded shared library /tmp/lwjgl_anguscrump/3.4.1-snapshot/arm64/liblwjgl_stb.so

Deoptimization events (20 events):
Event: 337.946 Thread 0x0000fffe2806cb10 DEOPT PACKING pc=0x0000ffff25d6ac44 sp=0x0000fffe5240dff0
Event: 337.946 Thread 0x0000fffe2806cb10 DEOPT UNPACKING pc=0x0000ffff24647f9c sp=0x0000fffe5240deb0 mode 2
Event: 337.946 Thread 0x0000fffe2806cb10 DEOPT PACKING pc=0x0000ffff1d9003a8 sp=0x0000fffe5240e0c0
Event: 337.946 Thread 0x0000fffe2806cb10 DEOPT UNPACKING pc=0x0000ffff245710bc sp=0x0000fffe5240dd60 mode 3
Event: 337.948 Thread 0x0000fffe001b0750 Uncommon trap: trap_request=0xffffff45 fr.pc=0x0000ffff25d6ac44 relative=0x0000000000000904
Event: 337.948 Thread 0x0000fffe001b0750 Uncommon trap: reason=unstable_if action=reinterpret pc=0x0000ffff25d6ac44 method=java.util.concurrent.LinkedTransferQueue$DualNode.await(Ljava/lang/Object;JLjava/lang/Object;Z)Ljava/lang/Object; @ 143 c2
Event: 337.948 Thread 0x0000fffe001b0750 DEOPT PACKING pc=0x0000ffff25d6ac44 sp=0x0000fffe3b97dfb0
Event: 337.948 Thread 0x0000fffe001b0750 DEOPT UNPACKING pc=0x0000ffff24647f9c sp=0x0000fffe3b97de70 mode 2
Event: 337.948 Thread 0x0000fffe001b0750 DEOPT PACKING pc=0x0000ffff1d9003a8 sp=0x0000fffe3b97e080
Event: 337.948 Thread 0x0000fffe001b0750 DEOPT UNPACKING pc=0x0000ffff245710bc sp=0x0000fffe3b97dd20 mode 3
Event: 337.949 Thread 0x0000fffe400ec820 Uncommon trap: trap_request=0xffffff45 fr.pc=0x0000ffff25d6ac44 relative=0x0000000000000904
Event: 337.949 Thread 0x0000fffe400ec820 Uncommon trap: reason=unstable_if action=reinterpret pc=0x0000ffff25d6ac44 method=java.util.concurrent.LinkedTransferQueue$DualNode.await(Ljava/lang/Object;JLjava/lang/Object;Z)Ljava/lang/Object; @ 143 c2
Event: 337.949 Thread 0x0000fffe400ec820 DEOPT PACKING pc=0x0000ffff25d6ac44 sp=0x0000fffe2477dff0
Event: 337.949 Thread 0x0000fffe400ec820 DEOPT UNPACKING pc=0x0000ffff24647f9c sp=0x0000fffe2477deb0 mode 2
Event: 337.949 Thread 0x0000fffe400ec820 DEOPT PACKING pc=0x0000ffff1d9003a8 sp=0x0000fffe2477e0c0
Event: 337.949 Thread 0x0000fffe400ec820 DEOPT UNPACKING pc=0x0000ffff245710bc sp=0x0000fffe2477dd60 mode 3
Event: 338.036 Thread 0x0000ffff300316d0 Uncommon trap: trap_request=0xffffff45 fr.pc=0x0000ffff25963bc8 relative=0x0000000000000c08
Event: 338.036 Thread 0x0000ffff300316d0 Uncommon trap: reason=unstable_if action=reinterpret pc=0x0000ffff25963bc8 method=sun.nio.fs.UnixFileSystemProvider.implDelete(Ljava/nio/file/Path;Z)Z @ 39 c2
Event: 338.036 Thread 0x0000ffff300316d0 DEOPT PACKING pc=0x0000ffff25963bc8 sp=0x0000ffff39cab660
Event: 338.036 Thread 0x0000ffff300316d0 DEOPT UNPACKING pc=0x0000ffff24647f9c sp=0x0000ffff39cab610 mode 2

Classes loaded (20 events):
Event: 15.437 Loading class java/nio/channels/UnsupportedAddressTypeException
Event: 15.437 Loading class java/nio/channels/UnsupportedAddressTypeException done
Event: 15.500 Loading class java/util/stream/FindOps$FindSink$OfInt
Event: 15.500 Loading class java/util/stream/FindOps$FindSink$OfInt done
Event: 15.625 Loading class java/util/DualPivotQuicksort$SortOperation
Event: 15.626 Loading class java/util/DualPivotQuicksort$SortOperation done
Event: 15.665 Loading class java/util/IdentityHashMap$ValueSpliterator
Event: 15.665 Loading class java/util/IdentityHashMap$ValueSpliterator done
Event: 15.751 Loading class java/util/zip/CRC32C
Event: 15.751 Loading class java/util/zip/CRC32C done
Event: 16.143 Loading class java/util/Spliterators$LongIteratorSpliterator
Event: 16.143 Loading class java/util/Spliterators$LongIteratorSpliterator done
Event: 16.241 Loading class java/lang/runtime/SwitchBootstraps$StaticHolders
Event: 16.241 Loading class java/lang/runtime/SwitchBootstraps$StaticHolders done
Event: 16.241 Loading class java/lang/runtime/SwitchBootstraps$MappedEnumCache
Event: 16.241 Loading class java/lang/runtime/SwitchBootstraps$MappedEnumCache done
Event: 21.016 Loading class java/util/DualPivotQuicksort$Sorter
Event: 21.016 Loading class java/util/DualPivotQuicksort$Sorter done
Event: 23.778 Loading class java/lang/FdLibm$Atan
Event: 23.778 Loading class java/lang/FdLibm$Atan done

Classes unloaded (16 events):
Event: 6.424 Thread 0x0000ffff3020da80 Unloading class 0x0000001c03141000 'java/lang/invoke/LambdaForm$MH+0x0000001c03141000'
Event: 6.424 Thread 0x0000ffff3020da80 Unloading class 0x0000001c03140c00 'java/lang/invoke/LambdaForm$DMH+0x0000001c03140c00'
Event: 15.995 Thread 0x0000ffff3020da80 Unloading class 0x0000001c033c4400 'java/lang/invoke/LambdaForm$DMH+0x0000001c033c4400'
Event: 15.995 Thread 0x0000ffff3020da80 Unloading class 0x0000001c033ac400 'java/lang/invoke/LambdaForm$DMH+0x0000001c033ac400'
Event: 15.995 Thread 0x0000ffff3020da80 Unloading class 0x0000001c03289000 'java/lang/invoke/LambdaForm$DMH+0x0000001c03289000'
Event: 15.995 Thread 0x0000ffff3020da80 Unloading class 0x0000001c03288c00 'java/lang/invoke/LambdaForm$DMH+0x0000001c03288c00'
Event: 15.995 Thread 0x0000ffff3020da80 Unloading class 0x0000001c03288800 'java/lang/invoke/LambdaForm$DMH+0x0000001c03288800'
Event: 15.995 Thread 0x0000ffff3020da80 Unloading class 0x0000001c03281c00 'java/lang/invoke/LambdaForm$DMH+0x0000001c03281c00'
Event: 15.995 Thread 0x0000ffff3020da80 Unloading class 0x0000001c03288400 'java/lang/invoke/LambdaForm$DMH+0x0000001c03288400'
Event: 15.995 Thread 0x0000ffff3020da80 Unloading class 0x0000001c03281800 'java/lang/invoke/LambdaForm$DMH+0x0000001c03281800'
Event: 17.126 Thread 0x0000ffff3020da80 Unloading class 0x0000001c03803c00 'java/lang/invoke/LambdaForm$MH+0x0000001c03803c00'
Event: 17.126 Thread 0x0000ffff3020da80 Unloading class 0x0000001c03803400 'java/lang/invoke/LambdaForm$MH+0x0000001c03803400'
Event: 17.126 Thread 0x0000ffff3020da80 Unloading class 0x0000001c03803000 'java/lang/invoke/LambdaForm$MH+0x0000001c03803000'
Event: 17.126 Thread 0x0000ffff3020da80 Unloading class 0x0000001c03801800 'java/lang/invoke/LambdaForm$DMH+0x0000001c03801800'
Event: 17.126 Thread 0x0000ffff3020da80 Unloading class 0x0000001c03560400 'java/lang/invoke/LambdaForm$DMH+0x0000001c03560400'
Event: 17.126 Thread 0x0000ffff3020da80 Unloading class 0x0000001c03560800 'java/lang/invoke/LambdaForm$DMH+0x0000001c03560800'

Classes redefined (0 events):
No events

Internal exceptions (20 events):
Event: 337.241 Thread 0x0000fffdf0006690 Exception <a 'sun/nio/fs/UnixException'{0x000000076260b868}> (0x000000076260b868) 
thrown [src/hotspot/share/prims/jni.cpp, line 535]
Event: 337.242 Thread 0x0000fffe1c0026f0 Exception <a 'sun/nio/fs/UnixException'{0x0000000762629080}> (0x0000000762629080) 
thrown [src/hotspot/share/prims/jni.cpp, line 535]
Event: 337.242 Thread 0x0000fffe4803e6b0 Exception <a 'sun/nio/fs/UnixException'{0x0000000762636480}> (0x0000000762636480) 
thrown [src/hotspot/share/prims/jni.cpp, line 535]
Event: 337.242 Thread 0x0000fffdf0006690 Exception <a 'sun/nio/fs/UnixException'{0x000000076260c238}> (0x000000076260c238) 
thrown [src/hotspot/share/prims/jni.cpp, line 535]
Event: 337.242 Thread 0x0000fffe4803e6b0 Exception <a 'sun/nio/fs/UnixException'{0x000000076263ac30}> (0x000000076263ac30) 
thrown [src/hotspot/share/prims/jni.cpp, line 535]
Event: 337.242 Thread 0x0000fffe1c0026f0 Exception <a 'sun/nio/fs/UnixException'{0x000000076262d9b0}> (0x000000076262d9b0) 
thrown [src/hotspot/share/prims/jni.cpp, line 535]
Event: 337.242 Thread 0x0000fffe28002070 Exception <a 'sun/nio/fs/UnixException'{0x0000000762646d88}> (0x0000000762646d88) 
thrown [src/hotspot/share/prims/jni.cpp, line 535]
Event: 337.242 Thread 0x0000fffe1c0026f0 Exception <a 'sun/nio/fs/UnixException'{0x0000000762649d58}> (0x0000000762649d58) 
thrown [src/hotspot/share/prims/jni.cpp, line 535]
Event: 337.242 Thread 0x0000fffe4803e6b0 Exception <a 'sun/nio/fs/UnixException'{0x000000076263d790}> (0x000000076263d790) 
thrown [src/hotspot/share/prims/jni.cpp, line 535]
Event: 337.242 Thread 0x0000fffe1c0026f0 Exception <a 'sun/nio/fs/UnixException'{0x000000076264e888}> (0x000000076264e888) 
thrown [src/hotspot/share/prims/jni.cpp, line 535]
Event: 337.243 Thread 0x0000fffe4803e6b0 Exception <a 'sun/nio/fs/UnixException'{0x000000076263e160}> (0x000000076263e160) 
thrown [src/hotspot/share/prims/jni.cpp, line 535]
Event: 337.243 Thread 0x0000fffdf0006690 Exception <a 'sun/nio/fs/UnixException'{0x000000076265ddb8}> (0x000000076265ddb8) 
thrown [src/hotspot/share/prims/jni.cpp, line 535]
Event: 337.243 Thread 0x0000fffe4803e6b0 Exception <a 'sun/nio/fs/UnixException'{0x000000076266b0d0}> (0x000000076266b0d0) 
thrown [src/hotspot/share/prims/jni.cpp, line 535]
Event: 337.243 Thread 0x0000fffe1c0026f0 Exception <a 'sun/nio/fs/UnixException'{0x00000007626533d8}> (0x00000007626533d8) 
thrown [src/hotspot/share/prims/jni.cpp, line 535]
Event: 337.245 Thread 0x0000fffe10324630 Exception <a 'sun/nio/fs/UnixException'{0x00000007629bb890}> (0x00000007629bb890) 
thrown [src/hotspot/share/prims/jni.cpp, line 535]
Event: 337.245 Thread 0x0000fffe10324630 Exception <a 'sun/nio/fs/UnixException'{0x00000007629bbb20}> (0x00000007629bbb20) 
thrown [src/hotspot/share/prims/jni.cpp, line 535]
Event: 337.245 Thread 0x0000fffe10324630 Exception <a 'sun/nio/fs/UnixException'{0x00000007629bbdd0}> (0x00000007629bbdd0) 
thrown [src/hotspot/share/prims/jni.cpp, line 535]
Event: 337.285 Thread 0x0000ffff300316d0 Implicit null exception at 0x0000ffff25d860f0 to 0x0000ffff25d89418
Event: 337.296 Thread 0x0000ffff300316d0 Implicit null exception at 0x0000ffff25aa8400 to 0x0000ffff25aa84e8
Event: 338.036 Thread 0x0000ffff300316d0 Exception <a 'sun/nio/fs/UnixException'{0x00000007623d8730}> (0x00000007623d8730) 
thrown [src/hotspot/share/prims/jni.cpp, line 535]

VM Operations (20 events):
Event: 272.860 Executing safepoint VM operation: G1CollectForAllocation (G1 Evacuation Pause) done
Event: 272.987 Executing safepoint VM operation: G1PauseRemark
Event: 273.003 Executing safepoint VM operation: G1PauseRemark done
Event: 273.052 Executing safepoint VM operation: G1PauseCleanup
Event: 273.053 Executing safepoint VM operation: G1PauseCleanup done
Event: 278.960 Executing safepoint VM operation: G1CollectForAllocation (G1 Evacuation Pause)
Event: 278.993 Executing safepoint VM operation: G1CollectForAllocation (G1 Evacuation Pause) done
Event: 286.011 Executing safepoint VM operation: G1CollectForAllocation (G1 Evacuation Pause)
Event: 286.049 Executing safepoint VM operation: G1CollectForAllocation (G1 Evacuation Pause) done
Event: 288.836 Executing safepoint VM operation: G1CollectForAllocation (G1 Evacuation Pause)
Event: 288.863 Executing safepoint VM operation: G1CollectForAllocation (G1 Evacuation Pause) done
Event: 294.322 Executing safepoint VM operation: G1CollectForAllocation (G1 Evacuation Pause)
Event: 294.348 Executing safepoint VM operation: G1CollectForAllocation (G1 Evacuation Pause) done
Event: 300.335 Executing non-safepoint VM operation: HandshakeAllThreads (HandshakeForDeflation)
Event: 300.335 Executing non-safepoint VM operation: HandshakeAllThreads (HandshakeForDeflation) done
Event: 300.335 Executing non-safepoint VM operation: RendezvousGCThreads
Event: 300.335 Executing non-safepoint VM operation: RendezvousGCThreads done
Event: 337.107 Executing safepoint VM operation: G1CollectForAllocation (G1 Evacuation Pause)
Event: 337.124 Executing safepoint VM operation: G1CollectForAllocation (G1 Evacuation Pause) done
Event: 338.036 Executing safepoint VM operation: Exit

Memory protections (20 events):
Event: 214.570 Protecting memory [0x0000ffff101f0000,0x0000ffff101fc000] with protection modes 0
Event: 214.570 Protecting memory [0x0000fffe52010000,0x0000fffe5201c000] with protection modes 0
Event: 215.408 Protecting memory [0x0000fffe3b380000,0x0000fffe3b38c000] with protection modes 0
Event: 219.108 Protecting memory [0x0000fffe24580000,0x0000fffe2458c000] with protection modes 0
Event: 219.108 Protecting memory [0x0000fffe1b800000,0x0000fffe1b80c000] with protection modes 0
Event: 246.954 Protecting memory [0x0000fffe3b980000,0x0000fffe3b98c000] with protection modes 0
Event: 246.954 Protecting memory [0x0000fffee51b0000,0x0000fffee51bc000] with protection modes 0
Event: 260.683 Protecting memory [0x0000fffee4bb0000,0x0000fffee4bbc000] with protection modes 0
Event: 271.595 Protecting memory [0x0000fffee4bb0000,0x0000fffee4bbc000] with protection modes 0
Event: 286.802 Protecting memory [0x0000fffee4bb0000,0x0000fffee4bbc000] with protection modes 0
Event: 304.189 Protecting memory [0x0000ffff103f0000,0x0000ffff103fc000] with protection modes 0
Event: 304.193 Protecting memory [0x0000fffe188ac000,0x0000fffe188b8000] with protection modes 0
Event: 337.081 Protecting memory [0x0000fffee5e00000,0x0000fffee5e0c000] with protection modes 0
Event: 337.081 Protecting memory [0x0000ffff103f0000,0x0000ffff103fc000] with protection modes 0
Event: 337.279 Protecting memory [0x0000fffee41b0000,0x0000fffee41bc000] with protection modes 0
Event: 337.898 Protecting memory [0x0000fffee41b0000,0x0000fffee41bc000] with protection modes 0
Event: 337.916 Protecting memory [0x0000fffee41b0000,0x0000fffee41bc000] with protection modes 0
Event: 338.031 Protecting memory [0x0000fffe24580000,0x0000fffe2458c000] with protection modes 0
Event: 338.031 Protecting memory [0x0000fffe3b780000,0x0000fffe3b78c000] with protection modes 0
Event: 338.031 Protecting memory [0x0000fffe52210000,0x0000fffe5221c000] with protection modes 0

Nmethod flushes (20 events):
Event: 272.997 Thread 0x0000ffff3020da80 flushing  nmethod 0x0000ffff1ebae208
Event: 272.997 Thread 0x0000ffff3020da80 flushing  nmethod 0x0000ffff1ebaffc8
Event: 272.997 Thread 0x0000ffff3020da80 flushing  nmethod 0x0000ffff1ebb0348
Event: 272.997 Thread 0x0000ffff3020da80 flushing  nmethod 0x0000ffff1ebb07c8
Event: 272.997 Thread 0x0000ffff3020da80 flushing  nmethod 0x0000ffff1ebb10c8
Event: 272.997 Thread 0x0000ffff3020da80 flushing  nmethod 0x0000ffff1ebb1ec8
Event: 272.997 Thread 0x0000ffff3020da80 flushing  nmethod 0x0000ffff1ebb22c8
Event: 272.997 Thread 0x0000ffff3020da80 flushing  nmethod 0x0000ffff1ec2a0c8
Event: 272.997 Thread 0x0000ffff3020da80 flushing  nmethod 0x0000ffff1ec2a3c8
Event: 272.997 Thread 0x0000ffff3020da80 flushing  nmethod 0x0000ffff1ec2a788
Event: 272.997 Thread 0x0000ffff3020da80 flushing  nmethod 0x0000ffff1ec2b348
Event: 272.997 Thread 0x0000ffff3020da80 flushing  nmethod 0x0000ffff1ec2b588
Event: 272.997 Thread 0x0000ffff3020da80 flushing  nmethod 0x0000ffff1ec2b848
Event: 272.997 Thread 0x0000ffff3020da80 flushing  nmethod 0x0000ffff1ec2c188
Event: 272.997 Thread 0x0000ffff3020da80 flushing  nmethod 0x0000ffff1ec2c408
Event: 272.997 Thread 0x0000ffff3020da80 flushing  nmethod 0x0000ffff1ec2d908
Event: 272.997 Thread 0x0000ffff3020da80 flushing  nmethod 0x0000ffff1ec2f308
Event: 272.997 Thread 0x0000ffff3020da80 flushing  nmethod 0x0000ffff1ec2f688
Event: 272.997 Thread 0x0000ffff3020da80 flushing  nmethod 0x0000ffff1ec306c8
Event: 272.997 Thread 0x0000ffff3020da80 flushing  nmethod 0x0000ffff1ecb5fc8

Events (20 events):
Event: 337.933 Thread 0x0000fffe2c001c10 Thread exited: 0x0000fffe2c001c10
Event: 337.933 Thread 0x0000fffe001afe80 Thread exited: 0x0000fffe001afe80
Event: 337.934 Thread 0x0000fffe2c05e840 Thread exited: 0x0000fffe2c05e840
Event: 337.944 Thread 0x0000fffe4c0077d0 Thread exited: 0x0000fffe4c0077d0
Event: 337.945 Thread 0x0000fffe280703f0 Thread exited: 0x0000fffe280703f0
Event: 337.945 Thread 0x0000fffe28002070 Thread exited: 0x0000fffe28002070
Event: 337.945 Thread 0x0000fffe4803e6b0 Thread exited: 0x0000fffe4803e6b0
Event: 337.945 Thread 0x0000fffdf0006690 Thread exited: 0x0000fffdf0006690
Event: 337.945 Thread 0x0000fffe1c00b860 Thread exited: 0x0000fffe1c00b860
Event: 337.945 Thread 0x0000fffe1c0026f0 Thread exited: 0x0000fffe1c0026f0
Event: 337.946 Thread 0x0000fffe2806cb10 Thread exited: 0x0000fffe2806cb10
Event: 337.948 Thread 0x0000fffe001b0750 Thread exited: 0x0000fffe001b0750
Event: 337.949 Thread 0x0000fffe400ec820 Thread exited: 0x0000fffe400ec820
Event: 338.031 Thread 0x0000ffff300316d0 Thread added: 0x0000fffe10107a70
Event: 338.031 Thread 0x0000ffff300316d0 Thread added: 0x0000fffe10216860
Event: 338.031 Thread 0x0000fffe10107a70 Thread exited: 0x0000fffe10107a70
Event: 338.031 Thread 0x0000ffff300316d0 Thread added: 0x0000fffe100ec7b0
Event: 338.032 Thread 0x0000fffe10216860 Thread exited: 0x0000fffe10216860
Event: 338.036 Thread 0x0000fffe100ec7b0 Thread exited: 0x0000fffe100ec7b0
Event: 338.036 Thread 0x0000ffff300316d0 Before exit entered


Dynamic libraries:
70f800000-776a00000 rw-p 00000000 00:00 0 
776a00000-7ff000000 ---p 00000000 00:00 0 
7ff000000-7ffc00000 rw-p 00000000 00:00 0 
7ffc00000-7ffe50000 rw-p 01d70000 00:25 8789750                          /home/anguscrump/.jdks/jbr-25.0.3/lib/server/classes.jsa
7ffe50000-800000000 rw-p 00000000 00:00 0 
1c00000000-1c00010000 ---p 00000000 00:00 0 
1c00010000-1c01d00000 rw-p 00010000 00:25 8789750                        /home/anguscrump/.jdks/jbr-25.0.3/lib/server/classes.jsa
1c01d00000-1c02000000 ---p 00000000 00:00 0 
1c02000000-1c02040000 rw-p 00000000 00:00 0 
1c02040000-1c020e0000 rw-p 00000000 00:00 0 
1c020e0000-1c02e40000 rw-p 00000000 00:00 0 
1c02e40000-1c02e80000 rw-p 00000000 00:00 0 
1c02e80000-1c031c0000 rw-p 00000000 00:00 0 
1c031c0000-1c031f0000 rw-p 00000000 00:00 0 
1c031f0000-1c03200000 ---p 00000000 00:00 0 
1c03200000-1c038e0000 rw-p 00000000 00:00 0 
1c038e0000-1c42000000 ---p 00000000 00:00 0 
aaab25d20000-aaab25d24000 r-xp 00000000 00:25 8789212                    /home/anguscrump/.jdks/jbr-25.0.3/bin/java
aaab25d3c000-aaab25d40000 r--p 0000c000 00:25 8789212                    /home/anguscrump/.jdks/jbr-25.0.3/bin/java
aaab25d40000-aaab25d44000 rw-p 00010000 00:25 8789212                    /home/anguscrump/.jdks/jbr-25.0.3/bin/java
aaab5d05c000-aaab5d200000 rw-p 00000000 00:00 0                          [heap]
fffdbc000000-fffdbc200000 rw-p 00000000 00:00 0 
fffdbc200000-fffdc0000000 ---p 00000000 00:00 0 
fffdc0000000-fffdc0200000 rw-p 00000000 00:00 0 
fffdc0200000-fffdc4000000 ---p 00000000 00:00 0 
fffdc4000000-fffdc4200000 rw-p 00000000 00:00 0 
fffdc4200000-fffdc8000000 ---p 00000000 00:00 0 
fffdd3000000-fffddc000000 rw-p 00000000 00:00 0 
fffddc000000-fffddc200000 rw-p 00000000 00:00 0 
fffddc200000-fffde0000000 ---p 00000000 00:00 0 
fffde0000000-fffde0200000 rw-p 00000000 00:00 0 
fffde0200000-fffde4000000 ---p 00000000 00:00 0 
fffde4000000-fffde4200000 rw-p 00000000 00:00 0 
fffde4200000-fffde8000000 ---p 00000000 00:00 0 
fffde8000000-fffde8200000 rw-p 00000000 00:00 0 
fffde8200000-fffdec000000 ---p 00000000 00:00 0 
fffdec000000-fffdec200000 rw-p 00000000 00:00 0 
fffdec200000-fffdf0000000 ---p 00000000 00:00 0 
fffdf0000000-fffdf0200000 rw-p 00000000 00:00 0 
fffdf0200000-fffdf4000000 ---p 00000000 00:00 0 
fffdf4000000-fffdf4200000 rw-p 00000000 00:00 0 
fffdf4200000-fffdf6a00000 rw-p 00000000 00:00 0 
fffdf6a00000-fffdf8000000 ---p 00000000 00:00 0 
fffdf8000000-fffdf8200000 rw-p 00000000 00:00 0 
fffdf8200000-fffdfc000000 ---p 00000000 00:00 0 
fffdfc000000-fffdfc200000 rw-p 00000000 00:00 0 
fffdfc200000-fffe00000000 ---p 00000000 00:00 0 
fffe00000000-fffe00200000 rw-p 00000000 00:00 0 
fffe00200000-fffe00400000 rw-p 00000000 00:00 0 
fffe00400000-fffe04000000 ---p 00000000 00:00 0 
fffe04724000-fffe04730000 ---p 00000000 00:00 0 
fffe04730000-fffe04924000 rw-p 00000000 00:00 0 
fffe04924000-fffe04930000 ---p 00000000 00:00 0 
fffe04930000-fffe04b24000 rw-p 00000000 00:00 0 
fffe04e4c000-fffe04e58000 ---p 00000000 00:00 0 
fffe04e58000-fffe0504c000 rw-p 00000000 00:00 0 
fffe0c000000-fffe0c200000 rw-p 00000000 00:00 0 
fffe0c200000-fffe10000000 ---p 00000000 00:00 0 
fffe10000000-fffe10200000 rw-p 00000000 00:00 0 
fffe10200000-fffe10800000 rw-p 00000000 00:00 0 
fffe10800000-fffe14000000 ---p 00000000 00:00 0 
fffe14000000-fffe14200000 rw-p 00000000 00:00 0 
fffe14200000-fffe18000000 ---p 00000000 00:00 0 
fffe1b800000-fffe1b80c000 ---p 00000000 00:00 0 
fffe1b80c000-fffe1ba00000 rw-p 00000000 00:00 0 
fffe1c000000-fffe1c200000 rw-p 00000000 00:00 0 
fffe1c200000-fffe1c400000 rw-p 00000000 00:00 0 
fffe1c400000-fffe20000000 ---p 00000000 00:00 0 
fffe20000000-fffe20200000 rw-p 00000000 00:00 0 
fffe20200000-fffe24000000 ---p 00000000 00:00 0 
fffe24580000-fffe2458c000 ---p 00000000 00:00 0 
fffe2458c000-fffe24780000 rw-p 00000000 00:00 0 
fffe24780000-fffe28000000 rw-p 00000000 00:00 0 
fffe28000000-fffe28200000 rw-p 00000000 00:00 0 
fffe28200000-fffe2c000000 ---p 00000000 00:00 0 
fffe2c000000-fffe2c200000 rw-p 00000000 00:00 0 
fffe2c200000-fffe30000000 ---p 00000000 00:00 0 
fffe30000000-fffe30200000 rw-p 00000000 00:00 0 
fffe30200000-fffe34000000 ---p 00000000 00:00 0 
fffe34000000-fffe34200000 rw-p 00000000 00:00 0 
fffe34200000-fffe38000000 ---p 00000000 00:00 0 
fffe38000000-fffe3ac00000 rw-p 00000000 00:00 0 
fffe3ad80000-fffe3b380000 rw-p 00000000 00:00 0 
fffe3b780000-fffe3b78c000 ---p 00000000 00:00 0 
fffe3b78c000-fffe3b980000 rw-p 00000000 00:00 0 
fffe3b980000-fffe3b98c000 ---p 00000000 00:00 0 
fffe3b98c000-fffe3bb80000 rw-p 00000000 00:00 0 
fffe3bb80000-fffe3c000000 rw-p 00000000 00:00 0 
fffe3c000000-fffe3c200000 rw-p 00000000 00:00 0 
fffe3c200000-fffe3cc00000 rw-p 00000000 00:00 0 
fffe3cc00000-fffe40000000 ---p 00000000 00:00 0 
fffe40000000-fffe40200000 rw-p 00000000 00:00 0 
fffe40200000-fffe44000000 ---p 00000000 00:00 0 
fffe44000000-fffe44200000 rw-p 00000000 00:00 0 
fffe44200000-fffe48000000 ---p 00000000 00:00 0 
fffe48000000-fffe48200000 rw-p 00000000 00:00 0 
fffe48200000-fffe4c000000 ---p 00000000 00:00 0 
fffe4c000000-fffe4c200000 rw-p 00000000 00:00 0 
fffe4c200000-fffe50000000 ---p 00000000 00:00 0 
fffe50100000-fffe52000000 rw-p 00000000 00:00 0 
fffe52210000-fffe5221c000 ---p 00000000 00:00 0 
fffe5221c000-fffe52410000 rw-p 00000000 00:00 0 
fffe52410000-fffe527d8000 r-xp 00000000 00:25 3200159                    /usr/lib64/libflite_cmu_us_kal16.so.2.2
fffe527d8000-fffe527e8000 ---p 003c8000 00:25 3200159                    /usr/lib64/libflite_cmu_us_kal16.so.2.2
fffe527e8000-fffe527f0000 r--p 003c8000 00:25 3200159                    /usr/lib64/libflite_cmu_us_kal16.so.2.2
fffe527f0000-fffe527f4000 rw-p 003d0000 00:25 3200159                    /usr/lib64/libflite_cmu_us_kal16.so.2.2
fffe52800000-fffe58000000 rw-p 00000000 00:00 0 
fffe58000000-fffe58200000 rw-p 00000000 00:00 0 
fffe58200000-fffe5c000000 ---p 00000000 00:00 0 
fffe5c2c0000-fffe5c350000 r-xp 00000000 00:25 3200165                    /usr/lib64/libflite_cmulex.so.2.2
fffe5c350000-fffe5c35c000 ---p 00090000 00:25 3200165                    /usr/lib64/libflite_cmulex.so.2.2
fffe5c35c000-fffe5c360000 r--p 0008c000 00:25 3200165                    /usr/lib64/libflite_cmulex.so.2.2
fffe5c360000-fffe5c364000 rw-p 00000000 00:00 0 
fffe5c370000-fffe5c380000 r-xp 00000000 00:25 3200167                    /usr/lib64/libflite_usenglish.so.2.2
fffe5c380000-fffe5c384000 ---p 00010000 00:25 3200167                    /usr/lib64/libflite_usenglish.so.2.2
fffe5c384000-fffe5c390000 r--p 00014000 00:25 3200167                    /usr/lib64/libflite_usenglish.so.2.2
fffe5c390000-fffe5c394000 rw-p 00000000 00:00 0 
fffe5c3a0000-fffe5c3e4000 r-xp 00000000 00:25 3101837                    /usr/lib64/libmp3lame.so.0.0.0
fffe5c3e4000-fffe5c3fc000 ---p 00044000 00:25 3101837                    /usr/lib64/libmp3lame.so.0.0.0
fffe5c3fc000-fffe5c400000 r--p 0004c000 00:25 3101837                    /usr/lib64/libmp3lame.so.0.0.0
fffe5c400000-fffe5c430000 rw-p 00000000 00:00 0 
fffe5c440000-fffe5c490000 r-xp 00000000 00:25 3105171                    /usr/lib64/libmpg123.so.0.48.3
fffe5c490000-fffe5c49c000 ---p 00050000 00:25 3105171                    /usr/lib64/libmpg123.so.0.48.3
fffe5c49c000-fffe5c4a0000 r--p 0004c000 00:25 3105171                    /usr/lib64/libmpg123.so.0.48.3
fffe5c4a0000-fffe5c4a4000 rw-p 00050000 00:25 3105171                    /usr/lib64/libmpg123.so.0.48.3
fffe5c4b0000-fffe5c4b8000 r-xp 00000000 00:25 3101183                    /usr/lib64/libogg.so.0.8.6
fffe5c4b8000-fffe5c4cc000 ---p 00008000 00:25 3101183                    /usr/lib64/libogg.so.0.8.6
fffe5c4cc000-fffe5c4d0000 r--p 0000c000 00:25 3101183                    /usr/lib64/libogg.so.0.8.6
fffe5c4d0000-fffe5c4d4000 rw-p 00000000 00:00 0 
fffe5c4e0000-fffe5c548000 r-xp 00000000 00:25 3101166                    /usr/lib64/libopus.so.0.11.0
fffe5c548000-fffe5c55c000 ---p 00068000 00:25 3101166                    /usr/lib64/libopus.so.0.11.0
fffe5c55c000-fffe5c560000 r--p 0006c000 00:25 3101166                    /usr/lib64/libopus.so.0.11.0
fffe5c560000-fffe5c564000 rw-p 00000000 00:00 0 
fffe5c570000-fffe5c5e8000 r-xp 00000000 00:25 3101194                    /usr/lib64/libvorbisenc.so.2.0.12
fffe5c5e8000-fffe5c5f8000 ---p 00078000 00:25 3101194                    /usr/lib64/libvorbisenc.so.2.0.12
fffe5c5f8000-fffe5c610000 r--p 00078000 00:25 3101194                    /usr/lib64/libvorbisenc.so.2.0.12
fffe5c610000-fffe5c614000 rw-p 00090000 00:25 3101194                    /usr/lib64/libvorbisenc.so.2.0.12
fffe5c620000-fffe5c64c000 r-xp 00000000 00:25 3101192                    /usr/lib64/libvorbis.so.0.4.9
fffe5c64c000-fffe5c65c000 ---p 0002c000 00:25 3101192                    /usr/lib64/libvorbis.so.0.4.9
fffe5c65c000-fffe5c660000 r--p 0002c000 00:25 3101192                    /usr/lib64/libvorbis.so.0.4.9
fffe5c660000-fffe5c664000 rw-p 00000000 00:00 0 
fffe5c670000-fffe5c6b0000 r-xp 00000000 00:25 3101748                    /usr/lib64/libFLAC.so.14.0.0
fffe5c6b0000-fffe5c6bc000 ---p 00040000 00:25 3101748                    /usr/lib64/libFLAC.so.14.0.0
fffe5c6bc000-fffe5c6c0000 r--p 0004c000 00:25 3101748                    /usr/lib64/libFLAC.so.14.0.0
fffe5c6c0000-fffe5c6c4000 rw-p 00050000 00:25 3101748                    /usr/lib64/libFLAC.so.14.0.0
fffe5c6d0000-fffe5c6dc000 r-xp 00000000 00:25 3104966                    /usr/lib64/libgsm.so.1.0.24
fffe5c6dc000-fffe5c6ec000 ---p 0000c000 00:25 3104966                    /usr/lib64/libgsm.so.1.0.24
fffe5c6ec000-fffe5c6f0000 r--p 0000c000 00:25 3104966                    /usr/lib64/libgsm.so.1.0.24
fffe5c6f0000-fffe5c6f4000 rw-p 00010000 00:25 3104966                    /usr/lib64/libgsm.so.1.0.24
fffe5c700000-fffe60000000 rw-p 00000000 00:00 0 
fffe60000000-fffe60200000 rw-p 00000000 00:00 0 
fffe60200000-fffe61800000 rw-p 00000000 00:00 0 
fffe61800000-fffe64000000 ---p 00000000 00:00 0 
fffe64000000-fffe64200000 rw-p 00000000 00:00 0 
fffe64200000-fffe68000000 ---p 00000000 00:00 0 
fffe68000000-fffe68200000 rw-p 00000000 00:00 0 
fffe68200000-fffe6c000000 ---p 00000000 00:00 0 
fffe6c030000-fffe6c038000 r-xp 00000000 00:25 3200036                    /usr/lib64/libasyncns.so.0.3.1
fffe6c038000-fffe6c04c000 ---p 00008000 00:25 3200036                    /usr/lib64/libasyncns.so.0.3.1
fffe6c04c000-fffe6c050000 r--p 0000c000 00:25 3200036                    /usr/lib64/libasyncns.so.0.3.1
fffe6c050000-fffe6c054000 rw-p 00000000 00:00 0 
fffe6c060000-fffe6c0d8000 r-xp 00000000 00:25 3105180                    /usr/lib64/libsndfile.so.1.0.37
fffe6c0d8000-fffe6c0ec000 ---p 00078000 00:25 3105180                    /usr/lib64/libsndfile.so.1.0.37
fffe6c0ec000-fffe6c0f0000 r--p 0007c000 00:25 3105180                    /usr/lib64/libsndfile.so.1.0.37
fffe6c0f0000-fffe6c0f4000 rw-p 00080000 00:25 3105180                    /usr/lib64/libsndfile.so.1.0.37
fffe6c100000-fffe6c17c000 r-xp 00000000 00:25 3200048                    /usr/lib64/pulseaudio/libpulsecommon-17.0.so
fffe6c17c000-fffe6c18c000 ---p 0007c000 00:25 3200048                    /usr/lib64/pulseaudio/libpulsecommon-17.0.so
fffe6c18c000-fffe6c190000 r--p 0007c000 00:25 3200048                    /usr/lib64/pulseaudio/libpulsecommon-17.0.so
fffe6c190000-fffe6c194000 rw-p 00080000 00:25 3200048                    /usr/lib64/pulseaudio/libpulsecommon-17.0.so
fffe6c1a0000-fffe6c1ec000 r-xp 00000000 00:25 3200047                    /usr/lib64/libpulse.so.0.24.3
fffe6c1ec000-fffe6c1fc000 ---p 0004c000 00:25 3200047                    /usr/lib64/libpulse.so.0.24.3
fffe6c1fc000-fffe6c200000 r--p 0004c000 00:25 3200047                    /usr/lib64/libpulse.so.0.24.3
fffe6c200000-fffe6c204000 rw-p 00050000 00:25 3200047                    /usr/lib64/libpulse.so.0.24.3
fffe6c210000-fffe6c214000 r-xp 00000000 00:25 3200045                    /usr/lib64/libpulse-simple.so.0.1.1
fffe6c214000-fffe6c22c000 ---p 00004000 00:25 3200045                    /usr/lib64/libpulse-simple.so.0.1.1
fffe6c22c000-fffe6c230000 r--p 0000c000 00:25 3200045                    /usr/lib64/libpulse-simple.so.0.1.1
fffe6c230000-fffe6c234000 rw-p 00000000 00:00 0 
fffe6c240000-fffe6c27c000 r-xp 00000000 00:25 3200143                    /usr/lib64/libflite.so.2.2
fffe6c27c000-fffe6c28c000 ---p 0003c000 00:25 3200143                    /usr/lib64/libflite.so.2.2
fffe6c28c000-fffe6c290000 r--p 0003c000 00:25 3200143                    /usr/lib64/libflite.so.2.2
fffe6c290000-fffe6c294000 rw-p 00040000 00:25 3200143                    /usr/lib64/libflite.so.2.2
fffe6c3d0000-fffe6c8d0000 rw-p 00000000 00:00 0 
fffe6c8d0000-fffe6d0e0000 rw-p 00000000 00:00 0 
fffe6d0e0000-fffe6d104000 r-xp 00000000 00:25 3826951                    /usr/lib64/pipewire-0.3/libpipewire-module-session-manager.so
fffe6d104000-fffe6d11c000 ---p 00024000 00:25 3826951                    /usr/lib64/pipewire-0.3/libpipewire-module-session-manager.so
fffe6d11c000-fffe6d120000 r--p 0002c000 00:25 3826951                    /usr/lib64/pipewire-0.3/libpipewire-module-session-manager.so
fffe6d120000-fffe6d124000 rw-p 00000000 00:00 0 
fffe6d130000-fffe6d13c000 r-xp 00000000 00:25 3826933                    /usr/lib64/pipewire-0.3/libpipewire-module-metadata.so
fffe6d13c000-fffe6d14c000 ---p 0000c000 00:25 3826933                    /usr/lib64/pipewire-0.3/libpipewire-module-metadata.so
fffe6d14c000-fffe6d150000 r--p 0000c000 00:25 3826933                    /usr/lib64/pipewire-0.3/libpipewire-module-metadata.so
fffe6d150000-fffe6d154000 rw-p 00010000 00:25 3826933                    /usr/lib64/pipewire-0.3/libpipewire-module-metadata.so
fffe6d160000-fffe6d168000 r-xp 00000000 00:25 3826923                    /usr/lib64/pipewire-0.3/libpipewire-module-adapter.so
fffe6d168000-fffe6d17c000 ---p 00008000 00:25 3826923                    /usr/lib64/pipewire-0.3/libpipewire-module-adapter.so
fffe6d17c000-fffe6d180000 r--p 0000c000 00:25 3826923                    /usr/lib64/pipewire-0.3/libpipewire-module-adapter.so
fffe6d180000-fffe6d184000 rw-p 00010000 00:25 3826923                    /usr/lib64/pipewire-0.3/libpipewire-module-adapter.so
fffe6d190000-fffe6d1a0000 r-xp 00000000 00:25 3826925                    /usr/lib64/pipewire-0.3/libpipewire-module-client-device.so
fffe6d1a0000-fffe6d1ac000 ---p 00010000 00:25 3826925                    /usr/lib64/pipewire-0.3/libpipewire-module-client-device.so
fffe6d1ac000-fffe6d1b0000 r--p 0000c000 00:25 3826925                    /usr/lib64/pipewire-0.3/libpipewire-module-client-device.so
fffe6d1b0000-fffe6d1b4000 rw-p 00010000 00:25 3826925                    /usr/lib64/pipewire-0.3/libpipewire-module-client-device.so
fffe6d1c0000-fffe6d1e4000 r-xp 00000000 00:25 3826926                    /usr/lib64/pipewire-0.3/libpipewire-module-client-node.so
fffe6d1e4000-fffe6d1fc000 ---p 00024000 00:25 3826926                    /usr/lib64/pipewire-0.3/libpipewire-module-client-node.so
fffe6d1fc000-fffe6d200000 r--p 0002c000 00:25 3826926                    /usr/lib64/pipewire-0.3/libpipewire-module-client-node.so
fffe6d200000-fffe6d204000 rw-p 00030000 00:25 3826926                    /usr/lib64/pipewire-0.3/libpipewire-module-client-node.so
fffe6d210000-fffe6d2ac000 r-xp 00000000 00:25 3099166                    /usr/lib64/libpcre2-8.so.0.15.0
fffe6d2ac000-fffe6d2bc000 ---p 0009c000 00:25 3099166                    /usr/lib64/libpcre2-8.so.0.15.0
fffe6d2bc000-fffe6d2c0000 r--p 0009c000 00:25 3099166                    /usr/lib64/libpcre2-8.so.0.15.0
fffe6d2c0000-fffe6d2c4000 rw-p 000a0000 00:25 3099166                    /usr/lib64/libpcre2-8.so.0.15.0
fffe6d2d0000-fffe6d300000 r-xp 00000000 00:25 3102648                    /usr/lib64/libselinux.so.1
fffe6d300000-fffe6d30c000 ---p 00030000 00:25 3102648                    /usr/lib64/libselinux.so.1
fffe6d30c000-fffe6d310000 r--p 0002c000 00:25 3102648                    /usr/lib64/libselinux.so.1
fffe6d310000-fffe6d314000 rw-p 00030000 00:25 3102648                    /usr/lib64/libselinux.so.1
fffe6d320000-fffe6d34c000 r-xp 00000000 00:25 3826940                    /usr/lib64/pipewire-0.3/libpipewire-module-protocol-native.so
fffe6d34c000-fffe6d354000 ---p 0002c000 00:25 3826940                    /usr/lib64/pipewire-0.3/libpipewire-module-protocol-native.so
fffe6d354000-fffe6d360000 r--p 00034000 00:25 3826940                    /usr/lib64/pipewire-0.3/libpipewire-module-protocol-native.so
fffe6d360000-fffe6d364000 rw-p 00040000 00:25 3826940                    /usr/lib64/pipewire-0.3/libpipewire-module-protocol-native.so
fffe6d370000-fffe6db80000 rw-p 00000000 00:00 0 
fffe6db80000-fffe6db88000 r-xp 00000000 00:25 3826945                    /usr/lib64/pipewire-0.3/libpipewire-module-rt.so
fffe6db88000-fffe6db9c000 ---p 00008000 00:25 3826945                    /usr/lib64/pipewire-0.3/libpipewire-module-rt.so
fffe6db9c000-fffe6dba0000 r--p 0000c000 00:25 3826945                    /usr/lib64/pipewire-0.3/libpipewire-module-rt.so
fffe6dba0000-fffe6dba4000 rw-p 00010000 00:25 3826945                    /usr/lib64/pipewire-0.3/libpipewire-module-rt.so
fffe6dbb0000-fffe6dc04000 r-xp 00000000 00:25 3098658                    /usr/lib64/libdbus-1.so.3.38.3
fffe6dc04000-fffe6dc1c000 ---p 00054000 00:25 3098658                    /usr/lib64/libdbus-1.so.3.38.3
fffe6dc1c000-fffe6dc20000 r--p 0005c000 00:25 3098658                    /usr/lib64/libdbus-1.so.3.38.3
fffe6dc20000-fffe6dc24000 rw-p 00060000 00:25 3098658                    /usr/lib64/libdbus-1.so.3.38.3
fffe6dc30000-fffe6dc38000 r-xp 00000000 00:25 3826985                    /usr/lib64/spa-0.2/support/libspa-dbus.so
fffe6dc38000-fffe6dc4c000 ---p 00008000 00:25 3826985                    /usr/lib64/spa-0.2/support/libspa-dbus.so
fffe6dc4c000-fffe6dc50000 r--p 0000c000 00:25 3826985                    /usr/lib64/spa-0.2/support/libspa-dbus.so
fffe6dc50000-fffe6dc54000 rw-p 00010000 00:25 3826985                    /usr/lib64/spa-0.2/support/libspa-dbus.so
fffe6dc60000-fffe6dd7c000 r-xp 00000000 00:25 3098609                    /usr/lib64/libsystemd.so.0.42.0
fffe6dd7c000-fffe6dd84000 ---p 0011c000 00:25 3098609                    /usr/lib64/libsystemd.so.0.42.0
fffe6dd84000-fffe6dd90000 r--p 00124000 00:25 3098609                    /usr/lib64/libsystemd.so.0.42.0
fffe6dd90000-fffe6dd94000 rw-p 00130000 00:25 3098609                    /usr/lib64/libsystemd.so.0.42.0
fffe6dda0000-fffe6dda4000 r-xp 00000000 00:25 3826986                    /usr/lib64/spa-0.2/support/libspa-journal.so
fffe6dda4000-fffe6ddbc000 ---p 00004000 00:25 3826986                    /usr/lib64/spa-0.2/support/libspa-journal.so
fffe6ddbc000-fffe6ddc0000 r--p 0000c000 00:25 3826986                    /usr/lib64/spa-0.2/support/libspa-journal.so
fffe6ddc0000-fffe6ddc4000 rw-p 00010000 00:25 3826986                    /usr/lib64/spa-0.2/support/libspa-journal.so
fffe6ddd0000-fffe6ddf4000 r-xp 00000000 00:25 3826987                    /usr/lib64/spa-0.2/support/libspa-support.so
fffe6ddf4000-fffe6de08000 ---p 00024000 00:25 3826987                    /usr/lib64/spa-0.2/support/libspa-support.so
fffe6de08000-fffe6de10000 r--p 00028000 00:25 3826987                    /usr/lib64/spa-0.2/support/libspa-support.so
fffe6de10000-fffe6de14000 rw-p 00030000 00:25 3826987                    /usr/lib64/spa-0.2/support/libspa-support.so
fffe6de20000-fffe6decc000 r-xp 00000000 00:25 3826921                    /usr/lib64/libpipewire-0.3.so.0.1605.0
fffe6decc000-fffe6ded4000 ---p 000ac000 00:25 3826921                    /usr/lib64/libpipewire-0.3.so.0.1605.0
fffe6ded4000-fffe6def0000 r--p 000b4000 00:25 3826921                    /usr/lib64/libpipewire-0.3.so.0.1605.0
fffe6def0000-fffe6def4000 rw-p 000d0000 00:25 3826921                    /usr/lib64/libpipewire-0.3.so.0.1605.0
fffe6df00000-fffe6e094000 r-xp 00000000 00:35 332                        /tmp/lwjgl_anguscrump/3.4.1-snapshot/arm64/libopenal.so
fffe6e094000-fffe6e0a0000 ---p 00194000 00:35 332                        /tmp/lwjgl_anguscrump/3.4.1-snapshot/arm64/libopenal.so
fffe6e0a0000-fffe6e0ac000 r--p 00190000 00:35 332                        /tmp/lwjgl_anguscrump/3.4.1-snapshot/arm64/libopenal.so
fffe6e0ac000-fffe6e0b0000 rw-p 0019c000 00:35 332                        /tmp/lwjgl_anguscrump/3.4.1-snapshot/arm64/libopenal.so
fffe6e0b0000-fffe6e194000 rw-p 00000000 00:00 0 
fffe6e2a0000-fffe6e520000 rw-p 00000000 00:00 0 
fffe6e520000-fffe6e59c000 r-xp 00000000 00:35 331                        /tmp/lwjgl_anguscrump/3.4.1-snapshot/arm64/liblwjgl_stb.so
fffe6e59c000-fffe6e5a8000 ---p 0007c000 00:35 331                        /tmp/lwjgl_anguscrump/3.4.1-snapshot/arm64/liblwjgl_stb.so
fffe6e5a8000-fffe6e5ac000 r--p 00078000 00:35 331                        /tmp/lwjgl_anguscrump/3.4.1-snapshot/arm64/liblwjgl_stb.so
fffe6e5ac000-fffe6e5b0000 rw-p 0007c000 00:35 331                        /tmp/lwjgl_anguscrump/3.4.1-snapshot/arm64/liblwjgl_stb.so
fffe6e5c0000-fffe6e5d0000 r-xp 00000000 00:25 3115554                    /usr/lib64/libEGL.so.1.1.0
fffe6e5d0000-fffe6e5dc000 ---p 00010000 00:25 3115554                    /usr/lib64/libEGL.so.1.1.0
fffe6e5dc000-fffe6e5e0000 r--p 0000c000 00:25 3115554                    /usr/lib64/libEGL.so.1.1.0
fffe6e5e0000-fffe6e5e4000 rw-p 00010000 00:25 3115554                    /usr/lib64/libEGL.so.1.1.0
fffe6e5f0000-fffe6e648000 r-xp 00000000 00:35 330                        /tmp/lwjgl_anguscrump/3.4.1-snapshot/arm64/liblwjgl_opengl.so
fffe6e648000-fffe6e658000 ---p 00058000 00:35 330                        /tmp/lwjgl_anguscrump/3.4.1-snapshot/arm64/liblwjgl_opengl.so
fffe6e658000-fffe6e65c000 rw-p 00058000 00:35 330                        /tmp/lwjgl_anguscrump/3.4.1-snapshot/arm64/liblwjgl_opengl.so
fffe6ea60000-fffe6f270000 rw-p 00000000 00:00 0 
fffe6f270000-fffe73558000 r--p 00000000 00:25 3827814                    /usr/lib64/libLLVM.so.22.1
fffe73558000-fffe73564000 ---p 042e8000 00:25 3827814                    /usr/lib64/libLLVM.so.22.1
fffe73564000-fffe77598000 r-xp 042e4000 00:25 3827814                    /usr/lib64/libLLVM.so.22.1
fffe77598000-fffe775a4000 ---p 08328000 00:25 3827814                    /usr/lib64/libLLVM.so.22.1
fffe775a4000-fffe777c8000 r--p 08314000 00:25 3827814                    /usr/lib64/libLLVM.so.22.1
fffe777c8000-fffe777cc000 rw-p 08538000 00:25 3827814                    /usr/lib64/libLLVM.so.22.1
fffe777cc000-fffe777d8000 ---p 0855c000 00:25 3827814                    /usr/lib64/libLLVM.so.22.1
fffe777d8000-fffe777e4000 rw-p 08538000 00:25 3827814                    /usr/lib64/libLLVM.so.22.1
fffe777e4000-fffe77890000 rw-p 00000000 00:00 0 
fffe7a000000-fffe7a100000 rw-p 00000000 00:00 0 
fffe7a100000-fffe7a200000 rw-p 00000000 00:00 0 
fffe7a200000-fffe7a6c0000 rw-p 00000000 00:00 0 
fffe7a6c0000-fffe7a980000 rw-p 00000000 00:00 0 
fffe7a980000-fffe7aa00000 rw-p 00000000 00:00 0 
fffe7aa00000-fffe7b580000 rw-p 00000000 00:00 0 
fffe7b580000-fffe7b600000 rw-p 00000000 00:00 0 
fffe7b600000-fffe7bee0000 rw-p 00000000 00:00 0 
fffe7bee0000-fffe7bf00000 ---p 00000000 00:00 0 
fffe7bf00000-fffe7d560000 rw-p 00000000 00:00 0 
fffe7d560000-fffe7e000000 ---p 00000000 00:00 0 
fffe7e270000-fffe7e2a0000 r-xp 00000000 00:25 3098672                    /usr/lib64/liblzma.so.5.8.2
fffe7e2a0000-fffe7e2ac000 ---p 00030000 00:25 3098672                    /usr/lib64/liblzma.so.5.8.2
fffe7e2ac000-fffe7e2b0000 r--p 0003c000 00:25 3098672                    /usr/lib64/liblzma.so.5.8.2
fffe7e2b0000-fffe7e2b4000 rw-p 00000000 00:00 0 
fffe7e2c0000-fffe7e2e8000 r-xp 00000000 00:25 3098080                    /usr/lib64/libtinfo.so.6.6
fffe7e2e8000-fffe7e2fc000 ---p 00028000 00:25 3098080                    /usr/lib64/libtinfo.so.6.6
fffe7e2fc000-fffe7e300000 r--p 0002c000 00:25 3098080                    /usr/lib64/libtinfo.so.6.6
fffe7e300000-fffe7e304000 rw-p 00030000 00:25 3098080                    /usr/lib64/libtinfo.so.6.6
fffe7e310000-fffe7e46c000 r-xp 00000000 00:25 3098680                    /usr/lib64/libxml2.so.2.12.10
fffe7e46c000-fffe7e474000 ---p 0015c000 00:25 3098680                    /usr/lib64/libxml2.so.2.12.10
fffe7e474000-fffe7e480000 r--p 00164000 00:25 3098680                    /usr/lib64/libxml2.so.2.12.10
fffe7e480000-fffe7e484000 rw-p 00170000 00:25 3098680                    /usr/lib64/libxml2.so.2.12.10
fffe7e490000-fffe7e4c4000 r-xp 00000000 00:25 3859435                    /usr/lib64/libedit.so.0.0.78
fffe7e4c4000-fffe7e4dc000 ---p 00034000 00:25 3859435                    /usr/lib64/libedit.so.0.0.78
fffe7e4dc000-fffe7e4e0000 r--p 0003c000 00:25 3859435                    /usr/lib64/libedit.so.0.0.78
fffe7e4e0000-fffe7e4e4000 rw-p 00040000 00:25 3859435                    /usr/lib64/libedit.so.0.0.78
fffe7e4f0000-fffe7e508000 r-xp 00000000 00:25 3099018                    /usr/lib64/libffi.so.8.2.0
fffe7e508000-fffe7e51c000 ---p 00018000 00:25 3099018                    /usr/lib64/libffi.so.8.2.0
fffe7e51c000-fffe7e520000 r--p 0001c000 00:25 3099018                    /usr/lib64/libffi.so.8.2.0
fffe7e520000-fffe7e524000 rw-p 00020000 00:25 3099018                    /usr/lib64/libffi.so.8.2.0
fffe7e530000-fffe7e7ac000 r-xp 00000000 00:25 3955255                    /usr/lib64/libstdc++.so.6.0.35
fffe7e7ac000-fffe7e7bc000 ---p 0027c000 00:25 3955255                    /usr/lib64/libstdc++.so.6.0.35
fffe7e7bc000-fffe7e7d0000 r--p 0027c000 00:25 3955255                    /usr/lib64/libstdc++.so.6.0.35
fffe7e7d0000-fffe7e7d4000 rw-p 00290000 00:25 3955255                    /usr/lib64/libstdc++.so.6.0.35
fffe7e7d4000-fffe7e7d8000 rw-p 00000000 00:00 0 
fffe7eab0000-fffe7eb74000 r-xp 00000000 00:25 3098619                    /usr/lib64/libzstd.so.1.5.7
fffe7eb74000-fffe7eb8c000 ---p 000c4000 00:25 3098619                    /usr/lib64/libzstd.so.1.5.7
fffe7eb8c000-fffe7eb90000 r--p 000cc000 00:25 3098619                    /usr/lib64/libzstd.so.1.5.7
fffe7eb90000-fffe7eb94000 rw-p 000d0000 00:25 3098619                    /usr/lib64/libzstd.so.1.5.7
fffe7eda0000-fffe7eeb8000 r-xp 00000000 00:25 3105144                    /usr/lib64/libGLdispatch.so.0.0.0
fffe7eeb8000-fffe7eec4000 ---p 00118000 00:25 3105144                    /usr/lib64/libGLdispatch.so.0.0.0
fffe7eec4000-fffe7eee0000 r--p 00124000 00:25 3105144                    /usr/lib64/libGLdispatch.so.0.0.0
fffe7eee0000-fffe7eee4000 rw-p 00140000 00:25 3105144                    /usr/lib64/libGLdispatch.so.0.0.0
fffe7eee4000-fffe7eeec000 rw-p 00000000 00:00 0 
fffe7efa0000-fffe7efa8000 r-xp 00000000 00:25 3101940                    /usr/lib64/libXfixes.so.3.1.0
fffe7efa8000-fffe7efbc000 ---p 00008000 00:25 3101940                    /usr/lib64/libXfixes.so.3.1.0
fffe7efbc000-fffe7efc0000 r--p 0000c000 00:25 3101940                    /usr/lib64/libXfixes.so.3.1.0
fffe7efc0000-fffe7efc4000 rw-p 00010000 00:25 3101940                    /usr/lib64/libXfixes.so.3.1.0
fffe7efd0000-fffe7efdc000 r-xp 00000000 00:25 3101960                    /usr/lib64/libXcursor.so.1.0.2
fffe7efdc000-fffe7efec000 ---p 0000c000 00:25 3101960                    /usr/lib64/libXcursor.so.1.0.2
fffe7efec000-fffe7eff0000 r--p 0000c000 00:25 3101960                    /usr/lib64/libXcursor.so.1.0.2
fffe7eff0000-fffe7eff4000 rw-p 00000000 00:00 0 
fffe7f000000-fffe7f00c000 r-xp 00000000 00:25 3101950                    /usr/lib64/libXrender.so.1.3.0
fffe7f00c000-fffe7f01c000 ---p 0000c000 00:25 3101950                    /usr/lib64/libXrender.so.1.3.0
fffe7f01c000-fffe7f020000 r--p 0000c000 00:25 3101950                    /usr/lib64/libXrender.so.1.3.0
fffe7f020000-fffe7f024000 rw-p 00010000 00:25 3101950                    /usr/lib64/libXrender.so.1.3.0
fffe7f090000-fffe7f1d8000 r-xp 00000000 00:25 3101932                    /usr/lib64/libX11.so.6.4.0
fffe7f1d8000-fffe7f1ec000 ---p 00148000 00:25 3101932                    /usr/lib64/libX11.so.6.4.0
fffe7f1ec000-fffe7f1f0000 r--p 0014c000 00:25 3101932                    /usr/lib64/libX11.so.6.4.0
fffe7f1f0000-fffe7f1f4000 rw-p 00150000 00:25 3101932                    /usr/lib64/libX11.so.6.4.0
fffe7f200000-fffe7f600000 rw-p 00000000 00:00 0 
fffe7f630000-fffe7f644000 r-xp 00000000 00:25 3101935                    /usr/lib64/libXext.so.6.4.0
fffe7f644000-fffe7f65c000 ---p 00014000 00:25 3101935                    /usr/lib64/libXext.so.6.4.0
fffe7f65c000-fffe7f660000 r--p 0001c000 00:25 3101935                    /usr/lib64/libXext.so.6.4.0
fffe7f660000-fffe7f664000 rw-p 00020000 00:25 3101935                    /usr/lib64/libXext.so.6.4.0
fffe7f6a0000-fffe7f714000 r-xp 00000000 00:35 329                        /tmp/lwjgl_anguscrump/3.4.1-snapshot/arm64/libjemalloc.so
fffe7f714000-fffe7f720000 ---p 00074000 00:35 329                        /tmp/lwjgl_anguscrump/3.4.1-snapshot/arm64/libjemalloc.so
fffe7f720000-fffe7f724000 r--p 00070000 00:35 329                        /tmp/lwjgl_anguscrump/3.4.1-snapshot/arm64/libjemalloc.so
fffe7f724000-fffe7f728000 rw-p 00074000 00:35 329                        /tmp/lwjgl_anguscrump/3.4.1-snapshot/arm64/libjemalloc.so
fffe7f728000-fffe7f7b4000 rw-p 00000000 00:00 0 
fffe7f7c0000-fffe80000000 rw-p 00000000 00:00 0 
fffe80000000-fffe80200000 rw-p 00000000 00:00 0 
fffe80200000-fffe84000000 ---p 00000000 00:00 0 
fffe84000000-fffe84200000 rw-p 00000000 00:00 0 
fffe84200000-fffe85a00000 rw-p 00000000 00:00 0 
fffe85a00000-fffe88000000 ---p 00000000 00:00 0 
fffe88000000-fffe88200000 rw-p 00000000 00:00 0 
fffe88200000-fffe8c000000 ---p 00000000 00:00 0 
fffe8c000000-fffe8c200000 rw-p 00000000 00:00 0 
fffe8c200000-fffe90000000 ---p 00000000 00:00 0 
fffe90000000-fffe90200000 rw-p 00000000 00:00 0 
fffe90200000-fffe94000000 ---p 00000000 00:00 0 
fffe94000000-fffe94200000 rw-p 00000000 00:00 0 
fffe94200000-fffe98000000 ---p 00000000 00:00 0 
fffe98000000-fffe98200000 rw-p 00000000 00:00 0 
fffe98200000-fffe9c000000 ---p 00000000 00:00 0 
fffe9c000000-fffe9c200000 rw-p 00000000 00:00 0 
fffe9c200000-fffe9c400000 rw-p 00000000 00:00 0 
fffe9c400000-fffea0000000 ---p 00000000 00:00 0 
fffea0000000-fffea0200000 rw-p 00000000 00:00 0 
fffea0200000-fffea0800000 rw-p 00000000 00:00 0 
fffea0800000-fffea4000000 ---p 00000000 00:00 0 
fffea4000000-fffea4200000 rw-p 00000000 00:00 0 
fffea4200000-fffea8000000 ---p 00000000 00:00 0 
fffea8000000-fffea8200000 rw-p 00000000 00:00 0 
fffea8200000-fffeac000000 ---p 00000000 00:00 0 
fffeac000000-fffeac200000 rw-p 00000000 00:00 0 
fffeac200000-fffeb0000000 ---p 00000000 00:00 0 
fffeb0000000-fffeb0200000 rw-p 00000000 00:00 0 
fffeb0200000-fffeb4000000 ---p 00000000 00:00 0 
fffeb4000000-fffeb4200000 rw-p 00000000 00:00 0 
fffeb4200000-fffeb8000000 ---p 00000000 00:00 0 
fffeb8000000-fffeb8200000 rw-p 00000000 00:00 0 
fffeb8200000-fffeb9c00000 rw-p 00000000 00:00 0 
fffeb9c00000-fffebc000000 ---p 00000000 00:00 0 
fffebc000000-fffebc200000 rw-p 00000000 00:00 0 
fffebc200000-fffec0000000 ---p 00000000 00:00 0 
fffec0000000-fffec0200000 rw-p 00000000 00:00 0 
fffec0200000-fffec4000000 ---p 00000000 00:00 0 
fffec4000000-fffec4200000 rw-p 00000000 00:00 0 
fffec4200000-fffec6800000 rw-p 00000000 00:00 0 
fffec6800000-fffec8000000 ---p 00000000 00:00 0 
fffec8000000-fffec8200000 rw-p 00000000 00:00 0 
fffec8200000-fffecac00000 rw-p 00000000 00:00 0 
fffecac00000-fffecc000000 ---p 00000000 00:00 0 
fffecc000000-fffecc200000 rw-p 00000000 00:00 0 
fffecc200000-fffece200000 rw-p 00000000 00:00 0 
fffece200000-fffed0000000 ---p 00000000 00:00 0 
fffed0000000-fffed0200000 rw-p 00000000 00:00 0 
fffed0200000-fffed4000000 ---p 00000000 00:00 0 
fffed4000000-fffed4200000 rw-p 00000000 00:00 0 
fffed4200000-fffed8000000 ---p 00000000 00:00 0 
fffed8000000-fffed8200000 rw-p 00000000 00:00 0 
fffed8200000-fffedc000000 ---p 00000000 00:00 0 
fffedc000000-fffedc200000 rw-p 00000000 00:00 0 
fffedc200000-fffee0000000 ---p 00000000 00:00 0 
fffee0000000-fffee0200000 rw-p 00000000 00:00 0 
fffee0200000-fffee4000000 ---p 00000000 00:00 0 
fffee4020000-fffee4024000 r-xp 00000000 00:25 3101844                    /usr/lib64/libXau.so.6.0.0
fffee4024000-fffee403c000 ---p 00004000 00:25 3101844                    /usr/lib64/libXau.so.6.0.0
fffee403c000-fffee4040000 r--p 0000c000 00:25 3101844                    /usr/lib64/libXau.so.6.0.0
fffee4040000-fffee4044000 rw-p 00000000 00:00 0 
fffee4050000-fffee40c4000 r-xp 00000000 00:35 328                        /tmp/lwjgl_anguscrump/3.4.1-snapshot/arm64/libglfw.so
fffee40c4000-fffee40d4000 ---p 00074000 00:35 328                        /tmp/lwjgl_anguscrump/3.4.1-snapshot/arm64/libglfw.so
fffee40d4000-fffee40dc000 rw-p 00074000 00:35 328                        /tmp/lwjgl_anguscrump/3.4.1-snapshot/arm64/libglfw.so
fffee40dc000-fffee4100000 rw-p 00000000 00:00 0 
fffee4110000-fffee4194000 r-xp 00000000 00:35 327                        /tmp/lwjgl_anguscrump/3.4.1-snapshot/arm64/liblwjgl.so
fffee4194000-fffee41a0000 ---p 00084000 00:35 327                        /tmp/lwjgl_anguscrump/3.4.1-snapshot/arm64/liblwjgl.so
fffee41a0000-fffee41a4000 r--p 00080000 00:35 327                        /tmp/lwjgl_anguscrump/3.4.1-snapshot/arm64/liblwjgl.so
fffee41a4000-fffee41a8000 rw-p 00084000 00:35 327                        /tmp/lwjgl_anguscrump/3.4.1-snapshot/arm64/liblwjgl.so
fffee41b0000-fffee41bc000 ---p 00000000 00:00 0 
fffee41bc000-fffee43b0000 rw-p 00000000 00:00 0 
fffee43b0000-fffee43bc000 ---p 00000000 00:00 0 
fffee43bc000-fffee45b0000 rw-p 00000000 00:00 0 
fffee45b0000-fffee45bc000 ---p 00000000 00:00 0 
fffee45bc000-fffee47b0000 rw-p 00000000 00:00 0 
fffee49b0000-fffee49bc000 ---p 00000000 00:00 0 
fffee49bc000-fffee4bb0000 rw-p 00000000 00:00 0 
fffee4bb0000-fffee4bbc000 ---p 00000000 00:00 0 
fffee4bbc000-fffee4db0000 rw-p 00000000 00:00 0 
fffee51b0000-fffee51bc000 ---p 00000000 00:00 0 
fffee51bc000-fffee5e00000 rw-p 00000000 00:00 0 
fffee6000000-fffef3e94000 r--p 00000000 00:25 3810908                    /usr/lib/locale/locale-archive
fffef3ec0000-fffef3eec000 r-xp 00000000 00:25 3101927                    /usr/lib64/libxcb.so.1.1.0
fffef3eec000-fffef3efc000 ---p 0002c000 00:25 3101927                    /usr/lib64/libxcb.so.1.1.0
fffef3efc000-fffef3f00000 r--p 0002c000 00:25 3101927                    /usr/lib64/libxcb.so.1.1.0
fffef3f00000-fffef3f04000 rw-p 00030000 00:25 3101927                    /usr/lib64/libxcb.so.1.1.0
fffef3f10000-fffef3f14000 r-xp 00000000 00:25 8789711                    /home/anguscrump/.jdks/jbr-25.0.3/lib/libextnet.so
fffef3f14000-fffef3f2c000 ---p 00004000 00:25 8789711                    /home/anguscrump/.jdks/jbr-25.0.3/lib/libextnet.so
fffef3f2c000-fffef3f30000 r--p 0000c000 00:25 8789711                    /home/anguscrump/.jdks/jbr-25.0.3/lib/libextnet.so
fffef3f30000-fffef3f34000 rw-p 00000000 00:00 0 
fffef3f40000-fffef3f70000 r-xp 00000000 00:25 3098606                    /usr/lib64/libnss_resolve.so.2
fffef3f70000-fffef3f7c000 ---p 00030000 00:25 3098606                    /usr/lib64/libnss_resolve.so.2
fffef3f7c000-fffef3f80000 r--p 0003c000 00:25 3098606                    /usr/lib64/libnss_resolve.so.2
fffef3f80000-fffef3f84000 rw-p 00040000 00:25 3098606                    /usr/lib64/libnss_resolve.so.2
fffef3f90000-fffef3fd4000 r-xp 00000000 00:25 3098611                    /usr/lib64/libudev.so.1.7.12
fffef3fd4000-fffef3fe8000 ---p 00044000 00:25 3098611                    /usr/lib64/libudev.so.1.7.12
fffef3fe8000-fffef3ff0000 r--p 00048000 00:25 3098611                    /usr/lib64/libudev.so.1.7.12
fffef3ff0000-fffef3ff4000 rw-p 00050000 00:25 3098611                    /usr/lib64/libudev.so.1.7.12
fffef4000000-fffef4400000 rw-p 00000000 00:00 0 
fffef4400000-fffef4b80000 rw-p 00000000 00:00 0 
fffef4b80000-fffef4c00000 rw-p 00000000 00:00 0 
fffef4c00000-fffef5580000 rw-p 00000000 00:00 0 
fffef5580000-fffef5600000 rw-p 00000000 00:00 0 
fffef5600000-fffef67e0000 rw-p 00000000 00:00 0 
fffef67e0000-fffef7d80000 rw-p 00000000 00:00 0 
fffef7d80000-fffef7e00000 rw-p 00000000 00:00 0 
fffef7e00000-fffef8000000 rw-p 00000000 00:00 0 
fffef8000000-fffef8200000 rw-p 00000000 00:00 0 
fffef8200000-fffefc000000 ---p 00000000 00:00 0 
fffefc000000-fffefc200000 rw-p 00000000 00:00 0 
fffefc200000-fffefc800000 rw-p 00000000 00:00 0 
fffefc800000-ffff00000000 ---p 00000000 00:00 0 
ffff00000000-ffff00200000 rw-p 00000000 00:00 0 
ffff00200000-ffff04000000 ---p 00000000 00:00 0 
ffff04000000-ffff04200000 rw-p 00000000 00:00 0 
ffff04200000-ffff08000000 ---p 00000000 00:00 0 
ffff08000000-ffff08200000 rw-p 00000000 00:00 0 
ffff08200000-ffff0c000000 ---p 00000000 00:00 0 
ffff0c000000-ffff0c200000 rw-p 00000000 00:00 0 
ffff0c200000-ffff10000000 ---p 00000000 00:00 0 
ffff10010000-ffff10014000 r-xp 00000000 00:25 3115273                    /usr/lib64/libnss_mdns4_minimal.so.2
ffff10014000-ffff1002c000 ---p 00004000 00:25 3115273                    /usr/lib64/libnss_mdns4_minimal.so.2
ffff1002c000-ffff10030000 r--p 0000c000 00:25 3115273                    /usr/lib64/libnss_mdns4_minimal.so.2
ffff10030000-ffff10034000 rw-p 00000000 00:00 0 
ffff10070000-ffff10094000 r-xp 00000000 00:25 8838096                    /home/anguscrump/.cache/JNA/temp/jna276824012156810295.tmp (deleted)
ffff10094000-ffff100a0000 ---p 00024000 00:25 8838096                    /home/anguscrump/.cache/JNA/temp/jna276824012156810295.tmp (deleted)
ffff100a0000-ffff100a4000 r--p 00020000 00:25 8838096                    /home/anguscrump/.cache/JNA/temp/jna276824012156810295.tmp (deleted)
ffff100a4000-ffff100a8000 rw-p 00024000 00:25 8838096                    /home/anguscrump/.cache/JNA/temp/jna276824012156810295.tmp (deleted)
ffff100b0000-ffff100c0000 r-xp 00000000 00:25 8789741                    /home/anguscrump/.jdks/jbr-25.0.3/lib/libverify.so
ffff100c0000-ffff100cc000 ---p 00010000 00:25 8789741                    /home/anguscrump/.jdks/jbr-25.0.3/lib/libverify.so
ffff100cc000-ffff100d0000 r--p 0000c000 00:25 8789741                    /home/anguscrump/.jdks/jbr-25.0.3/lib/libverify.so
ffff100d0000-ffff100d4000 rw-p 00000000 00:00 0 
ffff100e0000-ffff10100000 r-xp 00000000 00:25 3955245                    /usr/lib64/libgcc_s-16-20260515.so.1
ffff10100000-ffff1010c000 ---p 00020000 00:25 3955245                    /usr/lib64/libgcc_s-16-20260515.so.1
ffff1010c000-ffff10110000 r--p 0001c000 00:25 3955245                    /usr/lib64/libgcc_s-16-20260515.so.1
ffff10110000-ffff10114000 rw-p 00000000 00:00 0 
ffff10120000-ffff1014c000 r-xp 00000000 00:25 3098605                    /usr/lib64/libnss_myhostname.so.2
ffff1014c000-ffff10158000 ---p 0002c000 00:25 3098605                    /usr/lib64/libnss_myhostname.so.2
ffff10158000-ffff10160000 r--p 00028000 00:25 3098605                    /usr/lib64/libnss_myhostname.so.2
ffff10160000-ffff10164000 rw-p 00030000 00:25 3098605                    /usr/lib64/libnss_myhostname.so.2
ffff10190000-ffff10198000 r-xp 00000000 00:25 8789729                    /home/anguscrump/.jdks/jbr-25.0.3/lib/libmanagement_ext.so
ffff10198000-ffff101ac000 ---p 00008000 00:25 8789729                    /home/anguscrump/.jdks/jbr-25.0.3/lib/libmanagement_ext.so
ffff101ac000-ffff101b0000 r--p 0000c000 00:25 8789729                    /home/anguscrump/.jdks/jbr-25.0.3/lib/libmanagement_ext.so
ffff101b0000-ffff101b4000 rw-p 00000000 00:00 0 
ffff101c0000-ffff101c4000 r-xp 00000000 00:25 8789728                    /home/anguscrump/.jdks/jbr-25.0.3/lib/libmanagement.so
ffff101c4000-ffff101dc000 ---p 00004000 00:25 8789728                    /home/anguscrump/.jdks/jbr-25.0.3/lib/libmanagement.so
ffff101dc000-ffff101e0000 r--p 0000c000 00:25 8789728                    /home/anguscrump/.jdks/jbr-25.0.3/lib/libmanagement.so
ffff101e0000-ffff101e4000 rw-p 00000000 00:00 0 
ffff105f0000-ffff105f8000 r-xp 00000000 00:25 8789743                    /home/anguscrump/.jdks/jbr-25.0.3/lib/libzip.so
ffff105f8000-ffff1060c000 ---p 00008000 00:25 8789743                    /home/anguscrump/.jdks/jbr-25.0.3/lib/libzip.so
ffff1060c000-ffff10610000 r--p 0000c000 00:25 8789743                    /home/anguscrump/.jdks/jbr-25.0.3/lib/libzip.so
ffff10610000-ffff10614000 rw-p 00000000 00:00 0 
ffff10620000-ffff1062c000 ---p 00000000 00:00 0 
ffff1062c000-ffff10820000 rw-p 00000000 00:00 0 
ffff10820000-ffff1082c000 ---p 00000000 00:00 0 
ffff1082c000-ffff10a20000 rw-p 00000000 00:00 0 
ffff10a20000-ffff10a2c000 ---p 00000000 00:00 0 
ffff10a2c000-ffff10c20000 rw-p 00000000 00:00 0 
ffff10c20000-ffff10c2c000 ---p 00000000 00:00 0 
ffff10c2c000-ffff10e20000 rw-p 00000000 00:00 0 
ffff10e20000-ffff10e2c000 ---p 00000000 00:00 0 
ffff10e2c000-ffff11020000 rw-p 00000000 00:00 0 
ffff11020000-ffff1102c000 ---p 00000000 00:00 0 
ffff1102c000-ffff11220000 rw-p 00000000 00:00 0 
ffff11220000-ffff1122c000 ---p 00000000 00:00 0 
ffff1122c000-ffff11420000 rw-p 00000000 00:00 0 
ffff11420000-ffff1142c000 ---p 00000000 00:00 0 
ffff1142c000-ffff11620000 rw-p 00000000 00:00 0 
ffff11620000-ffff117c0000 rw-p 00000000 00:00 0 
ffff117c0000-ffff11be0000 rw-p 00000000 00:00 0 
ffff11be0000-ffff11bec000 ---p 00000000 00:00 0 
ffff11bec000-ffff12000000 rw-p 00000000 00:00 0 
ffff12000000-ffff14000000 rw-p 00000000 00:00 0 
ffff14000000-ffff14200000 rw-p 00000000 00:00 0 
ffff14200000-ffff18000000 ---p 00000000 00:00 0 
ffff18000000-ffff18200000 rw-p 00000000 00:00 0 
ffff18200000-ffff1c000000 ---p 00000000 00:00 0 
ffff1c020000-ffff1c02c000 r-xp 00000000 00:25 8789731                    /home/anguscrump/.jdks/jbr-25.0.3/lib/libnet.so
ffff1c02c000-ffff1c03c000 ---p 0000c000 00:25 8789731                    /home/anguscrump/.jdks/jbr-25.0.3/lib/libnet.so
ffff1c03c000-ffff1c040000 r--p 0000c000 00:25 8789731                    /home/anguscrump/.jdks/jbr-25.0.3/lib/libnet.so
ffff1c040000-ffff1c044000 rw-p 00000000 00:00 0 
ffff1c04c000-ffff1c0a8000 rw-p 00000000 00:00 0 
ffff1c0a8000-ffff1c2b8000 rw-p 00000000 00:00 0 
ffff1c2b8000-ffff1cbdc000 rw-p 00000000 00:00 0 
ffff1cbdc000-ffff1cffc000 rw-p 00000000 00:00 0 
ffff1cffc000-ffff1ed4c000 rwxp 00000000 00:00 0 
ffff1ed4c000-ffff24534000 ---p 00000000 00:00 0 
ffff24534000-ffff248d4000 rwxp 00000000 00:00 0 
ffff248d4000-ffff24ac8000 ---p 00000000 00:00 0 
ffff24ac8000-ffff25dc8000 rwxp 00000000 00:00 0 
ffff25dc8000-ffff2c000000 ---p 00000000 00:00 0 
ffff2c000000-ffff2fff4000 r--s 00000000 00:25 8789745                    /home/anguscrump/.jdks/jbr-25.0.3/lib/modules
ffff2fff4000-ffff2fff8000 rw-p 00000000 00:00 0 
ffff2fff8000-ffff2fffc000 r-xp 00000000 00:35 658                        /tmp/#658 (deleted)
ffff2fffc000-ffff30000000 rw-p 00000000 00:00 0 
ffff30000000-ffff30200000 rw-p 00000000 00:00 0 
ffff30200000-ffff34000000 rw-p 00000000 00:00 0 
ffff34010000-ffff34024000 r-xp 00000000 00:25 8789733                    /home/anguscrump/.jdks/jbr-25.0.3/lib/libnio.so
ffff34024000-ffff3403c000 ---p 00014000 00:25 8789733                    /home/anguscrump/.jdks/jbr-25.0.3/lib/libnio.so
ffff3403c000-ffff34040000 r--p 0001c000 00:25 8789733                    /home/anguscrump/.jdks/jbr-25.0.3/lib/libnio.so
ffff34040000-ffff34044000 rw-p 00020000 00:25 8789733                    /home/anguscrump/.jdks/jbr-25.0.3/lib/libnio.so
ffff34098000-ffff342a8000 rw-p 00000000 00:00 0 
ffff342a8000-ffff35cf0000 rw-p 00000000 00:00 0 
ffff35cf0000-ffff37f08000 ---p 00000000 00:00 0 
ffff37f08000-ffff38284000 rw-p 00000000 00:00 0 
ffff38284000-ffff386c4000 ---p 00000000 00:00 0 
ffff386c4000-ffff38a08000 rw-p 00000000 00:00 0 
ffff38a08000-ffff38e48000 ---p 00000000 00:00 0 
ffff38e48000-ffff396bc000 rw-p 00000000 00:00 0 
ffff396bc000-ffff39848000 ---p 00000000 00:00 0 
ffff39848000-ffff398c0000 rw-p 00000000 00:00 0 
ffff398c0000-ffff39a20000 ---p 00000000 00:00 0 
ffff39a20000-ffff39a44000 r-xp 00000000 00:25 8789719                    /home/anguscrump/.jdks/jbr-25.0.3/lib/libjava.so
ffff39a44000-ffff39a5c000 ---p 00024000 00:25 8789719                    /home/anguscrump/.jdks/jbr-25.0.3/lib/libjava.so
ffff39a5c000-ffff39a60000 r--p 0002c000 00:25 8789719                    /home/anguscrump/.jdks/jbr-25.0.3/lib/libjava.so
ffff39a60000-ffff39a64000 rw-p 00030000 00:25 8789719                    /home/anguscrump/.jdks/jbr-25.0.3/lib/libjava.so
ffff39a70000-ffff39a8c000 r-xp 00000000 00:25 8789723                    /home/anguscrump/.jdks/jbr-25.0.3/lib/libjimage.so
ffff39a8c000-ffff39a9c000 ---p 0001c000 00:25 8789723                    /home/anguscrump/.jdks/jbr-25.0.3/lib/libjimage.so
ffff39a9c000-ffff39aa0000 r--p 0001c000 00:25 8789723                    /home/anguscrump/.jdks/jbr-25.0.3/lib/libjimage.so
ffff39aa0000-ffff39aa4000 rw-p 00020000 00:25 8789723                    /home/anguscrump/.jdks/jbr-25.0.3/lib/libjimage.so
ffff39ab0000-ffff39abc000 ---p 00000000 00:00 0 
ffff39abc000-ffff39cb0000 rw-p 00000000 00:00 0 
ffff39cb0000-ffff39d60000 r-xp 00000000 00:25 3800671                    /usr/lib64/libm.so.6
ffff39d60000-ffff39d6c000 ---p 000b0000 00:25 3800671                    /usr/lib64/libm.so.6
ffff39d6c000-ffff39d70000 r--p 000ac000 00:25 3800671                    /usr/lib64/libm.so.6
ffff39d70000-ffff39d74000 rw-p 000b0000 00:25 3800671                    /usr/lib64/libm.so.6
ffff39d80000-ffff39d84000 r-xp 00000000 00:25 3800679                    /usr/lib64/librt.so.1
ffff39d84000-ffff39d9c000 ---p 00004000 00:25 3800679                    /usr/lib64/librt.so.1
ffff39d9c000-ffff39da0000 r--p 0000c000 00:25 3800679                    /usr/lib64/librt.so.1
ffff39da0000-ffff39da4000 rw-p 00000000 00:00 0 
ffff39db0000-ffff3b130000 r-xp 00000000 00:25 8789753                    /home/anguscrump/.jdks/jbr-25.0.3/lib/server/libjvm.so
ffff3b130000-ffff3b140000 ---p 01380000 00:25 8789753                    /home/anguscrump/.jdks/jbr-25.0.3/lib/server/libjvm.so
ffff3b140000-ffff3b220000 r--p 01380000 00:25 8789753                    /home/anguscrump/.jdks/jbr-25.0.3/lib/server/libjvm.so
ffff3b220000-ffff3b250000 rw-p 01460000 00:25 8789753                    /home/anguscrump/.jdks/jbr-25.0.3/lib/server/libjvm.so
ffff3b250000-ffff3b2f8000 rw-p 00000000 00:00 0 
ffff3b300000-ffff3b304000 r-xp 00000000 00:25 3800677                    /usr/lib64/libpthread.so.0
ffff3b304000-ffff3b31c000 ---p 00004000 00:25 3800677                    /usr/lib64/libpthread.so.0
ffff3b31c000-ffff3b320000 r--p 0000c000 00:25 3800677                    /usr/lib64/libpthread.so.0
ffff3b320000-ffff3b324000 rw-p 00000000 00:00 0 
ffff3b330000-ffff3b334000 r-xp 00000000 00:25 3800670                    /usr/lib64/libdl.so.2
ffff3b334000-ffff3b34c000 ---p 00004000 00:25 3800670                    /usr/lib64/libdl.so.2
ffff3b34c000-ffff3b350000 r--p 0000c000 00:25 3800670                    /usr/lib64/libdl.so.2
ffff3b350000-ffff3b354000 rw-p 00000000 00:00 0 
ffff3b360000-ffff3b380000 r-xp 00000000 00:25 3098599                    /usr/lib64/libz.so.1.3.1.zlib-ng
ffff3b380000-ffff3b38c000 ---p 00020000 00:25 3098599                    /usr/lib64/libz.so.1.3.1.zlib-ng
ffff3b38c000-ffff3b390000 r--p 0001c000 00:25 3098599                    /usr/lib64/libz.so.1.3.1.zlib-ng
ffff3b390000-ffff3b394000 rw-p 00020000 00:25 3098599                    /usr/lib64/libz.so.1.3.1.zlib-ng
ffff3b3a0000-ffff3b548000 r-xp 00000000 00:25 3800669                    /usr/lib64/libc.so.6
ffff3b548000-ffff3b55c000 ---p 001a8000 00:25 3800669                    /usr/lib64/libc.so.6
ffff3b55c000-ffff3b560000 r--p 001ac000 00:25 3800669                    /usr/lib64/libc.so.6
ffff3b560000-ffff3b564000 rw-p 001b0000 00:25 3800669                    /usr/lib64/libc.so.6
ffff3b564000-ffff3b56c000 rw-p 00000000 00:00 0 
ffff3b578000-ffff3b57c000 r--p 00000000 00:00 0 
ffff3b57c000-ffff3b584000 r--s 00000000 00:25 3811701                    /usr/lib64/gconv/gconv-modules.cache
ffff3b584000-ffff3b598000 rw-p 00000000 00:00 0 
ffff3b598000-ffff3b5a0000 ---p 00000000 00:00 0 
ffff3b5a0000-ffff3b5b0000 r-xp 00000000 00:25 8789724                    /home/anguscrump/.jdks/jbr-25.0.3/lib/libjli.so
ffff3b5b0000-ffff3b5bc000 ---p 00010000 00:25 8789724                    /home/anguscrump/.jdks/jbr-25.0.3/lib/libjli.so
ffff3b5bc000-ffff3b5c0000 r--p 0000c000 00:25 8789724                    /home/anguscrump/.jdks/jbr-25.0.3/lib/libjli.so
ffff3b5c0000-ffff3b5c4000 rw-p 00010000 00:25 8789724                    /home/anguscrump/.jdks/jbr-25.0.3/lib/libjli.so
ffff3b5c4000-ffff3b5cc000 rw-s 00000000 00:35 655                        /tmp/hsperfdata_anguscrump/39694 (deleted)
ffff3b5cc000-ffff3b5d0000 ---p 00000000 00:00 0 
ffff3b5d0000-ffff3b5d4000 r--p 00000000 00:00 0 
ffff3b5d4000-ffff3b5e4000 r--p 00000000 00:00 0                          [vvar]
ffff3b5e4000-ffff3b5e8000 r-xp 00000000 00:00 0                          [vdso]
ffff3b5e8000-ffff3b614000 r-xp 00000000 00:25 3800657                    /usr/lib/ld-linux-aarch64.so.1
ffff3b614000-ffff3b618000 rw-p 00000000 00:00 0 
ffff3b618000-ffff3b61c000 ---p 00000000 00:00 0 
ffff3b61c000-ffff3b624000 rw-p 00000000 00:00 0 
ffff3b624000-ffff3b628000 r--p 0002c000 00:25 3800657                    /usr/lib/ld-linux-aarch64.so.1
ffff3b628000-ffff3b62c000 rw-p 00030000 00:25 3800657                    /usr/lib/ld-linux-aarch64.so.1
ffffc9c7c000-ffffc9ca0000 rw-p 00000000 00:00 0                          [stack]
Total number of mappings: 615

JVMTI agents: none


VM Arguments:
jvm_args: -Dfabric.dli.config=/home/anguscrump/Documents/Coding/ribbon-world/.gradle/loom-cache/launch.cfg -Dfabric.dli.env=client -Dfabric.dli.main=net.fabricmc.loader.impl.launch.knot.KnotClient --sun-misc-unsafe-memory-access=allow --enable-native-access=ALL-UNNAMED --sun-misc-unsafe-memory-access=allow --enable-native-access=ALL-UNNAMED -Dfile.encoding=UTF-8 -Duser.country=AU -Duser.language=en -Duser.variant -Dawt.toolkit.name=XToolkit 
java_command: net.fabricmc.devlaunchinjector.Main
java_class_path (initial): /home/anguscrump/Documents/Coding/ribbon-world/build/classes/java/client:/home/anguscrump/Documents/Coding/ribbon-world/build/resources/client:/home/anguscrump/.gradle/caches/modules-2/files-2.1/net.fabricmc/fabric-loader/0.19.2/cc647a5b22dbc49b9a3267cebcee25fc4882b108/fabric-loader-0.19.2.jar:/home/anguscrump/.gradle/caches/modules-2/files-2.1/net.fabricmc.fabric-api/fabric-api/0.149.0+26.1.2/1d3aa9049af831d4d7ed7fbf1b5f0fbb37d7fab4/fabric-api-0.149.0+26.1.2.jar:/home/anguscrump/.gradle/caches/modules-2/files-2.1/org.ow2.asm/asm/9.9/c29635c8a7afa03d74b33c1884df8abb2b3f3dcc/asm-9.9.jar:/home/anguscrump/.gradle/caches/modules-2/files-2.1/org.ow2.asm/asm-analysis/9.9/bf4fa6e66638851c1cd22c2caea0c3ee5d5f437/asm-analysis-9.9.jar:/home/anguscrump/.gradle/caches/modules-2/files-2.1/org.ow2.asm/asm-commons/9.9/db9165a3bf908ded6b08612d583a15d1d0c7bda0/asm-commons-9.9.jar:/home/anguscrump/.gradle/caches/modules-2/files-2.1/org.ow2.asm/asm-tree/9.9/f8de6eead6d24dd0f45bd065bbe112b2cda6ea21/asm-tree-9.9.jar:/home/anguscrump/.gradle/caches/modules-2/files-2.1/org.ow2.asm/asm-util/9.9/42fdfc0508b43807c8078d6e82ecff2ce2112ae8/asm-util-9.9.jar:/home/anguscrump/.gradle/caches/modules-2/files-2.1/net.fabricmc/sponge-mixin/0.17.2+mixin.0.8.7/edf98d1d98229e46e36c61774ae2b54dcd852981/sponge-mixin-0.17.2+mixin.0.8.7.jar:/home/anguscrump/.gradle/caches/modules-2/files-2.1/io.github.llamalad7/mixinextras-fabric/0.5.4/5e167154bcb9942111313a5e186e16cd7265f858/mixinextras-fabric-0.5.4.jar:/home/anguscrump/.gradle/caches/modules-2/files-2.1/net.fabricmc/dev-launch-injector/0.2.1+build.8/da8bef7e6e2f952da707f282bdb46882a0fce5e3/dev-launch-injector-0.2.1+build.8.jar:/home/anguscrump/.gradle/caches/modules-2/files-2.1/net.fabricmc/fabric-log4j-util/1.0.2/ef0b3fb613356feb75a67d54f2fad6f03a006648/fabric-log4j-util-1.0.2.jar:/home/anguscrump/.gradle/caches/modules-2/files-2.1/at.yawk.lz4/lz4-java/1.10.1/f541d7f910fe3d76f38f799c507c48cc81b12ecb/lz4-java-1.10.1.jar:/home/anguscrump/.gradle/caches/modules-2/files-2.1/com.azure/azure-json/1.4.0/fcc1d354dbc3e0300e5276b1bf124d0247799cd8/azure-json-1.4.0.jar:/home/anguscrump/.gradle/caches/modules-2/files-2.1/com.github.oshi/oshi-core/6.9.0/3224870731860cfcd7744581a05b559e94291e7/oshi-core-6.9.0.jar:/home/anguscrump/.gradle/caches/modules-2/files-2.1/com.google.code.gson/gson/2.13.2/48b8230771e573b54ce6e867a9001e75977fe78e/gson-2.13.2.jar:/home/anguscrump/.gradle/caches/modules-2/files-2.1/com.google.guava/failureaccess/1.0.3/aeaffd00d57023a2c947393ed251f0354f0985fc/failureaccess-1.0.3.jar:/home/anguscrump/.gradle/caches/modules-2/files-2.1/com.google.guava/guava/33.5.0-jre/8699de25f2f979108d6c1b804a7ba38cda1116bc/guava-33.5.0-jre.jar:/home/anguscrump/.gradle/caches/modules-2/files-2.1/com.ibm.icu/icu4j/77.1/38693cf0b1d7362a8b726af74dc06026a7c23809/icu4j-77.1.jar:/home/anguscrump/.gradle/caches/modules-2/files-2.1/com.microsoft.azure/msal4j/1.23.1/6c722b514873b24a4e1ce9c22dca36ea3c22bdbe/msal4j-1.23.1.jar:/home/anguscrump/.gradle/caches/modules-2/files-2.1/com.mojang/authlib/7.0.63/54895b4e25e8b9b4cbbbe25f24eccf2b71b1ac2b/authlib-7.0.63.jar:/home/anguscrump/.gradle/caches/modules-2/files-2.1/com.mojang/blocklist/1.0.10/5c685c5ffa94c4cd39496c7184c1d122e515ecef/blocklist-1.0.10.jar:/home/anguscrump/.gradle/caches/modules-2/files-2.1/com.mojang/brigadier/1.3.10/d15b53a14cf20fdcaa98f731af5dda654452c010/brigadier-1.3.10.jar:/home/anguscrump/.gradle/caches/modules-2/files-2.1/com.mojang/datafixerupper/9.0.19/4e91f9712fa1e83231d1501625381b0210a977da/datafixerupper-9.0.19.jar:/home/anguscrump/.gradle/caches/modules-2/files-2.1/com.mojang/jtracy/1.0.37/a3fb649b2e2b2288d2978f0b0bc3d83f62809d1e/jtracy-1.0.37.jar:/home/anguscrump/.gradle/caches/modules-2/files-2.1/com.mojang/jtracy/1.0.37/e1b4395227af41195da9e2ead13c48ee0b7d31cd/jtracy-1.0.37-natives-linux.jar:/home/anguscrump/.gradle/caches/modules-2/files-2.1/com.mojang/logging/1.6.11/fd147240733010c158249d986323f9ef98977fe/logging-1.6.11.jar:/home/anguscrump/.gradle/caches/modules-2/files-2.1/com.mojang/patchy/2.2.10/da05971b07cbb379d002cf7eaec6a2048211fefc/patchy-2.2.10.jar:/home/anguscrump/.gradle/caches/modules-2/files-2.1/com.mojang/text2speech/1.18.11/e853a12cdd6ba4f4836e8f4bf3b37844a13482b6/text2speech-1.18.11.jar:/home/anguscrump/.gradle/caches/modules-2/files-2.1/commons-codec/commons-codec/1.19.0/8c0dbe3ae883fceda9b50a6c76e745e548073388/commons-codec-1.19.0.jar:/home/anguscrump/.gradle/caches/modules-2/files-2.1/commons-io/commons-io/2.20.0/36f3474daec2849c149e877614e7f979b2082cd2/commons-io-2.20.0.jar:/home/anguscrump/.gradle/caches/modules-2/files-2.1/io.netty/netty-buffer/4.2.7.Final/5555ff561643bf2f8430fb57c24403c0efe15994/netty-buffer-4.2.7.Final.jar:/home/anguscrump/.gradle/caches/modules-2/files-2.1/io.netty/netty-codec-base/4.2.7.Final/915e381ebabcf115f1c7ff7032d55c48afb50210/netty-codec-base-4.2.7.Final.jar:/home/anguscrump/.gradle/caches/modules-2/files-2.1/io.netty/netty-codec-compression/4.2.7.Final/572341bc1ca90fd9d6e47f1d2694aab5258566e9/netty-codec-compression-4.2.7.Final.jar:/home/anguscrump/.gradle/caches/modules-2/files-2.1/io.netty/netty-codec-http/4.2.7.Final/b734c108854099c421fd94d92d9f865e4d4da853/netty-codec-http-4.2.7.Final.jar:/home/anguscrump/.gradle/caches/modules-2/files-2.1/io.netty/netty-common/4.2.7.Final/11aa30df26af4fca3239ac1917f303a280f301e1/netty-common-4.2.7.Final.jar:/home/anguscrump/.gradle/caches/modules-2/files-2.1/io.netty/netty-handler/4.2.7.Final/7ad8a1f851e2e6fe93cdd091871fda2b81c03b5b/netty-handler-4.2.7.Final.jar:/home/anguscrump/.gradle/caches/modules-2/files-2.1/io.netty/netty-resolver/4.2.7.Final/5f3e5ef8de03992cd4fb46960dc0085ec1a12a12/netty-resolver-4.2.7.Final.jar:/home/anguscrump/.gradle/caches/modules-2/files-2.1/io.netty/netty-transport-classes-epoll/4.2.7.Final/1075c09f48a78eef9d819fbfd9096b903fdd362a/netty-transport-classes-epoll-4.2.7.Final.jar:/home/anguscrump/.gradle/caches/modules-2/files-2.1/io.netty/netty-transport-classes-kqueue/4.2.7.Final/bdec7c23c75caabd848426d073c09568e8d5f94e/netty-transport-classes-kqueue-4.2.7.Final.jar:/home/anguscrump/.gradle/caches/modules-2/files-2.1/io.netty/netty-transport-native-epoll/4.2.7.Final/98d02251c98c8f07a23ac5ea27657d9e0ef57614/netty-transport-native-epoll-4.2.7.Final-linux-aarch_64.jar:/home/anguscrump/.gradle/caches/modules-2/files-2.1/io.netty/netty-transport-native-epoll/4.2.7.Final/e83998bfc10b5289d9bcbe807c4079ef0eed8e6f/netty-transport-native-epoll-4.2.7.Final-linux-x86_64.jar:/home/anguscrump/.gradle/caches/modules-2/files-2.1/io.netty/netty-transport-native-unix-common/4.2.7.Final/89953f04259ea7502cffb313630dd51e00e60669/netty-transport-native-unix-common-4.2.7.Final.jar:/home/anguscrump/.gradle/caches/modules-2/files-2.1/io.netty/netty-transport/4.2.7.Final/83ea548981d0d8c4a98027cc1a6f9624f902e142/netty-transport-4.2.7.Final.jar:/home/anguscrump/.gradle/caches/modules-2/files-2.1/it.unimi.dsi/fastutil/8.5.18/a6cff377eecc19c2037bf31568a6d7106b50ba1f/fastutil-8.5.18.jar:/home/anguscrump/.gradle/caches/modules-2/files-2.1/net.java.dev.jna/jna-platform/5.17.0/a4934c44d25a9d8c2ddf4203affd20330cb3426f/jna-platform-5.17.0.jar:/home/anguscrump/.gradle/caches/modules-2/files-2.1/net.java.dev.jna/jna/5.17.0/33d12735bef894440780fce64f9758d420c7bae2/jna-5.17.0.jar:/home/anguscrump/.gradle/caches/modules-2/files-2.1/net.sf.jopt-simple/jopt-simple/5.0.4/4fdac2fbe92dfad86aa6e9301736f6b4342a3f5c/jopt-simple-5.0.4.jar:/home/anguscrump/.gradle/caches/modules-2/files-2.1/org.apache.commons/commons-compress/1.28.0/e482f2c7a88dac3c497e96aa420b6a769f59c8d7/commons-compress-1.28.0.jar:/home/anguscrump/.gradle/caches/modules-2/files-2.1/org.apache.commons/commons-lang3/3.19.0/d6524b169a6574cd253760c472d419b47bfd37e6/commons-lang3-3.19.0.jar:/home/anguscrump/.gradle/caches/modules-2/files-2.1/org.apache.logging.log4j/log4j-api/2.25.2/292c1a2b1702f1e1e3adb13e1c57e5bff60335ff/log4j-api-2.25.2.jar:/home/anguscrump/.gradle/caches/modules-2/files-2.1/org.apache.logging.log4j/log4j-core/2.25.2/d4d0ad2e51e03e531f784891fbfff1bae1e13a12/log4j-core-2.25.2.jar:/home/anguscrump/.gradle/caches/modules-2/files-2.1/org.apache.logging.log4j/log4j-slf4j2-impl/2.25.2/5eec0c392661dee8a366baec17e8896900dd978f/log4j-slf4j2-impl-2.25.2.jar:/home/anguscrump/.gradle/caches/modules-2/files-2.1/org.jcraft/jorbis/0.0.17/8872d22b293e8f5d7d56ff92be966e6dc28ebdc6/jorbis-0.0.17.jar:/home/anguscrump/.gradle/caches/modules-2/files-2.1/org.joml/joml/1.10.8/fc0a71dad90a2cf41d82a76156a0e700af8e4f8d/joml-1.10.8.jar:/home/anguscrump/.gradle/caches/modules-2/files-2.1/org.jspecify/jspecify/1.0.0/7425a601c1c7ec76645a78d22b8c6a627edee507/jspecify-1.0.0.jar:/home/anguscrump/.gradle/caches/modules-2/files-2.1/org.lwjgl/lwjgl-freetype/3.4.1/caa75a37e857efc9b0686e434d708d6420c5b6ea/lwjgl-freetype-3.4.1.jar:/home/anguscrump/.gradle/caches/modules-2/files-2.1/org.lwjgl/lwjgl-freetype/3.4.1/8f37d0da3386ff602ec54cd06626881895711041/lwjgl-freetype-3.4.1-natives-linux-arm64.jar:/home/anguscrump/.gradle/caches/modules-2/files-2.1/org.lwjgl/lwjgl-freetype/3.4.1/40a29a29b1549c4cad073ccd682e3776ffb454fa/lwjgl-freetype-3.4.1-natives-linux.jar:/home/anguscrump/.gradle/caches/modules-2/files-2.1/org.lwjgl/lwjgl-glfw/3.4.1/a782b1ddd175c9107bf300fd92920579ea65e2a4/lwjgl-glfw-3.4.1.jar:/home/anguscrump/.gradle/caches/modules-2/files-2.1/org.lwjgl/lwjgl-glfw/3.4.1/e5e87034c47118960746077dba46280e8de864b3/lwjgl-glfw-3.4.1-natives-linux-arm64.jar:/home/anguscrump/.gradle/caches/modules-2/files-2.1/org.lwjgl/lwjgl-glfw/3.4.1/23cdf7655ce9f3b27ad90f08e73345e0d5b46362/lwjgl-glfw-3.4.1-natives-linux.jar:/home/anguscrump/.gradle/caches/modules-2/files-2.1/org.lwjgl/lwjgl-jemalloc/3.4.1/16b663092854fc6adfe0a941e61cae2bb2e437b6/lwjgl-jemalloc-3.4.1.jar:/home/anguscrump/.gradle/caches/modules-2/files-2.1/org.lwjgl/lwjgl-jemalloc/3.4.1/7891964dfb723209c6d02b0401432348fb707cc0/lwjgl-jemalloc-3.4.1-natives-linux-arm64.jar:/home/anguscrump/.gradle/caches/modules-2/files-2.1/org.lwjgl/lwjgl-jemalloc/3.4.1/b83c82d941f2e624d150d6d1e2efcf4ea49ff8ea/lwjgl-jemalloc-3.4.1-natives-linux.jar:/home/anguscrump/.gradle/caches/modules-2/files-2.1/org.lwjgl/lwjgl-openal/3.4.1/8508bd60589de0539aa465b78fcf838efd07ae9a/lwjgl-openal-3.4.1.jar:/home/anguscrump/.gradle/caches/modules-2/files-2.1/org.lwjgl/lwjgl-openal/3.4.1/3729b70cdd42df5571b075e051fa2fc8586dc538/lwjgl-openal-3.4.1-natives-linux-arm64.jar:/home/anguscrump/.gradle/caches/modules-2/files-2.1/org.lwjgl/lwjgl-openal/3.4.1/dbff577119266cd4312e4eb9cc2b171407c56360/lwjgl-openal-3.4.1-natives-linux.jar:/home/anguscrump/.gradle/caches/modules-2/files-2.1/org.lwjgl/lwjgl-opengl/3.4.1/830412cab823c029cda6b9729f9d2ed36cf79959/lwjgl-opengl-3.4.1.jar:/home/anguscrump/.gradle/caches/modules-2/files-2.1/org.lwjgl/lwjgl-opengl/3.4.1/61a4103e56bbaeb74ad3f19ec14299fd6891c4b0/lwjgl-opengl-3.4.1-natives-linux-arm64.jar:/home/anguscrump/.gradle/caches/modules-2/files-2.1/org.lwjgl/lwjgl-opengl/3.4.1/b750599f0e75ddb19f1d0fe993f3011334b710ae/lwjgl-opengl-3.4.1-natives-linux.jar:/home/anguscrump/.gradle/caches/modules-2/files-2.1/org.lwjgl/lwjgl-stb/3.4.1/f077c3dafc31924fbe8acb0b913f08977ba27f8e/lwjgl-stb-3.4.1.jar:/home/anguscrump/.gradle/caches/modules-2/files-2.1/org.lwjgl/lwjgl-stb/3.4.1/3bc107f901f931fea07cb0d80b1d74a34b806a2b/lwjgl-stb-3.4.1-natives-linux-arm64.jar:/home/anguscrump/.gradle/caches/modules-2/files-2.1/org.lwjgl/lwjgl-stb/3.4.1/7e1cfae909da6c68f3cb6073a9bfeb6c90e82a57/lwjgl-stb-3.4.1-natives-linux.jar:/home/anguscrump/.gradle/caches/modules-2/files-2.1/org.lwjgl/lwjgl-tinyfd/3.4.1/562697d40dbd2ed0424bf24dcf65d51170f81adf/lwjgl-tinyfd-3.4.1.jar:/home/anguscrump/.gradle/caches/modules-2/files-2.1/org.lwjgl/lwjgl-tinyfd/3.4.1/20771d2b4e01f5295156912ab62e170508aef618/lwjgl-tinyfd-3.4.1-natives-linux-arm64.jar:/home/anguscrump/.gradle/caches/modules-2/files-2.1/org.lwjgl/lwjgl-tinyfd/3.4.1/fc6a72690afc8defb60d82ad1de64dd8f537154c/lwjgl-tinyfd-3.4.1-natives-linux.jar:/home/anguscrump/.gradle/caches/modules-2/files-2.1/org.lwjgl/lwjgl/3.4.1/6105690714874b995aa7812e4f7732a21109276c/lwjgl-3.4.1.jar:/home/anguscrump/.gradle/caches/modules-2/files-2.1/org.lwjgl/lwjgl/3.4.1/46883f3b622d8b4d7f27b627ca3360cda3db0e0e/lwjgl-3.4.1-natives-linux-arm64.jar:/home/anguscrump/.gradle/caches/modules-2/files-2.1/org.lwjgl/lwjgl/3.4.1/2734e106bd95db49fe0da8cf8bf7fd96475c436c/lwjgl-3.4.1-natives-linux.jar:/home/anguscrump/.gradle/caches/modules-2/files-2.1/org.slf4j/slf4j-api/2.0.17/d9e58ac9c7779ba3bf8142aff6c830617a7fe60f/slf4j-api-2.0.17.jar:/home/anguscrump/Documents/Coding/ribbon-world/.gradle/loom-cache/minecraftMaven/net/minecraft/minecraft-clientOnly-52430b475d/26.1.2/minecraft-clientOnly-52430b475d-26.1.2.jar:/home/anguscrump/Documents/Coding/ribbon-world/.gradle/loom-cache/minecraftMaven/net/minecraft/minecraft-common-52430b475d/26.1.2/minecraft-common-52430b475d-26.1.2.jar:/home/anguscrump/.gradle/caches/modules-2/files-2.1/io.netty/netty-transport-native-kqueue/4.2.7.Final/40868fd4e43bce2798245f790624b58803dc26b6/netty-transport-native-kqueue-4.2.7.Final-osx-x86_64.jar:/home/anguscrump/.gradle/caches/modules-2/files-2.1/io.netty/netty-transport-native-kqueue/4.2.7.Final/e5a0feef41410c8a5ae00c6cb4e0c99bd0aded6a/netty-transport-native-kqueue-4.2.7.Final-osx-aarch_64.jar:/home/anguscrump/.gradle/caches/modules-2/files-2.1/net.fabricmc.fabric-api/fabric-transfer-api-v1/8.0.5+357ea7334c/2aff9d7c8e917d2a69c71aa18e28c915e0040a8e/fabric-transfer-api-v1-8.0.5+357ea7334c.jar:/home/anguscrump/.gradle/caches/modules-2/files-2.1/net.fabricmc.fabric-api/fabric-api-lookup-api-v1/2.0.11+d5a053b64c/dbb4489647b411352b735654440311d7560dc1f4/fabric-api-lookup-api-v1-2.0.11+d5a053b64c.jar:/home/anguscrump/.gradle/caches/modules-2/files-2.1/net.fabricmc.fabric-api/fabric-command-api-v2/3.0.5+e2bdee784c/d2bfa62e2f489900be2210dfb84458dcdecb75b6/fabric-command-api-v2-3.0.5+e2bdee784c.jar:/home/anguscrump/.gradle/caches/modules-2/files-2.1/net.fabricmc.fabric-api/fabric-content-registries-v0/11.1.1+1a3b26974c/8761c4bd7f8feb484746055f6ff22e387cd84e9f/fabric-content-registries-v0-11.1.1+1a3b26974c.jar:/home/anguscrump/.gradle/caches/modules-2/files-2.1/net.fabricmc.fabric-api/fabric-data-generation-api-v1/24.2.0+73b1f9054c/d5dcd98301b93a9b2470d354d150327e264797c5/fabric-data-generation-api-v1-24.2.0+73b1f9054c.jar:/home/anguscrump/.gradle/caches/modules-2/files-2.1/net.fabricmc.fabric-api/fabric-convention-tags-v2/4.6.0+e47fb87c4c/40a40554e3e4d37b5640c0198bc81a1b94735f2c/fabric-convention-tags-v2-4.6.0+e47fb87c4c.jar:/home/anguscrump/.gradle/caches/modules-2/files-2.1/net.fabricmc.fabric-api/fabric-creative-tab-api-v1/5.0.11+d871b99e4c/9e6937cef2aa7955d2ff66c9d2415118c58ec15c/fabric-creative-tab-api-v1-5.0.11+d871b99e4c.jar:/home/anguscrump/.gradle/caches/modules-2/files-2.1/net.fabricmc.fabric-api/fabric-data-attachment-api-v1/2.2.6+d602a8964c/91d2f002a7431a412cef7016c5ca7ee2b3c67718/fabric-data-attachment-api-v1-2.2.6+d602a8964c.jar:/home/anguscrump/.gradle/caches/modules-2/files-2.1/net.fabricmc.fabric-api/fabric-debug-api-v1/1.0.1+c792624d4c/3e65954340d5153face34ee7d2f9b114271bca38/fabric-debug-api-v1-1.0.1+c792624d4c.jar:/home/anguscrump/.gradle/caches/modules-2/files-2.1/net.fabricmc.fabric-api/fabric-dimensions-v1/5.1.5+9cbf5da54c/53c66317546644a3915ec20df2d77f4e3093ffab/fabric-dimensions-v1-5.1.5+9cbf5da54c.jar:/home/anguscrump/.gradle/caches/modules-2/files-2.1/net.fabricmc.fabric-api/fabric-entity-events-v1/5.0.2+e2bdee784c/3f15c7b85c55f03b5d5fa89a48a0eb1dc6461465/fabric-entity-events-v1-5.0.2+e2bdee784c.jar:/home/anguscrump/.gradle/caches/modules-2/files-2.1/net.fabricmc.fabric-api/fabric-events-interaction-v0/5.2.1+a67251b84c/cf25f4932ae4d3df49bf5ad0c69be40f8abda289/fabric-events-interaction-v0-5.2.1+a67251b84c.jar:/home/anguscrump/.gradle/caches/modules-2/files-2.1/net.fabricmc.fabric-api/fabric-game-rule-api-v1/4.0.5+d871b99e4c/8b1189ddbfe446bf9468920526ed668db253da65/fabric-game-rule-api-v1-4.0.5+d871b99e4c.jar:/home/anguscrump/.gradle/caches/modules-2/files-2.1/net.fabricmc.fabric-api/fabric-gametest-api-v1/4.0.15+00a1fba64c/99dddf025652afece2f37a5f857c6ee5f7feedb1/fabric-gametest-api-v1-4.0.15+00a1fba64c.jar:/home/anguscrump/.gradle/caches/modules-2/files-2.1/net.fabricmc.fabric-api/fabric-item-api-v1/14.1.2+73d134684c/cb7fd76b622fbc467cb65f067c212fc256d3809f/fabric-item-api-v1-14.1.2+73d134684c.jar:/home/anguscrump/.gradle/caches/modules-2/files-2.1/net.fabricmc.fabric-api/fabric-recipe-api-v1/9.0.15+be4b75ae4c/c3510ef358ce97ea4fc804cd2f75f30c574ec947/fabric-recipe-api-v1-9.0.15+be4b75ae4c.jar:/home/anguscrump/.gradle/caches/modules-2/files-2.1/net.fabricmc.fabric-api/fabric-model-loading-api-v1/8.0.6+c80601bb4c/733d4b6475fa49b58125b0b1a6a9070cc5faa8c8/fabric-model-loading-api-v1-8.0.6+c80601bb4c.jar:/home/anguscrump/.gradle/caches/modules-2/files-2.1/net.fabricmc.fabric-api/fabric-renderer-indigo/8.1.0+1403e82c4c/2a11c1c6826ec7e4254d1cfa20f2f9b50da0ec7f/fabric-renderer-indigo-8.1.0+1403e82c4c.jar:/home/anguscrump/.gradle/caches/modules-2/files-2.1/net.fabricmc.fabric-api/fabric-renderer-api-v1/13.0.3+c80601bb4c/15b7e69feefe6e4157134633f96c62a80b41f44a/fabric-renderer-api-v1-13.0.3+c80601bb4c.jar:/home/anguscrump/.gradle/caches/modules-2/files-2.1/net.fabricmc.fabric-api/fabric-rendering-v1/23.1.0+1403e82c4c/96b6c53c0f9e4497597a4a06509b143c9e345efe/fabric-rendering-v1-23.1.0+1403e82c4c.jar:/home/anguscrump/.gradle/caches/modules-2/files-2.1/net.fabricmc.fabric-api/fabric-lifecycle-events-v1/4.1.0+6d50a0854c/52281bf82f04922d65a30d3f91975feb00911826/fabric-lifecycle-events-v1-4.1.0+6d50a0854c.jar:/home/anguscrump/.gradle/caches/modules-2/files-2.1/net.fabricmc.fabric-api/fabric-loot-api-v3/3.0.12+00a1fba64c/58ffa00757774d7060115afa05742753ff26c769/fabric-loot-api-v3-3.0.12+00a1fba64c.jar:/home/anguscrump/.gradle/caches/modules-2/files-2.1/net.fabricmc.fabric-api/fabric-menu-api-v1/2.0.13+d871b99e4c/e59c4c081a5dc1afb27c0167d6e1480c670c4d29/fabric-menu-api-v1-2.0.13+d871b99e4c.jar:/home/anguscrump/.gradle/caches/modules-2/files-2.1/net.fabricmc.fabric-api/fabric-message-api-v1/7.0.5+dae8ce3e4c/6211835e1348e8b9b89defb98a616adb483b8284/fabric-message-api-v1-7.0.5+dae8ce3e4c.jar:/home/anguscrump/.gradle/caches/modules-2/files-2.1/net.fabricmc.fabric-api/fabric-particles-v1/5.0.15+b61fef434c/e9659d152cefb7255056f432234a11621ab00945/fabric-particles-v1-5.0.15+b61fef434c.jar:/home/anguscrump/.gradle/caches/modules-2/files-2.1/net.fabricmc.fabric-api/fabric-object-builder-api-v1/23.0.16+b95dd56e4c/64b623486a5962dada51cb3e8a114ee49a6ba9de/fabric-object-builder-api-v1-23.0.16+b95dd56e4c.jar:/home/anguscrump/.gradle/caches/modules-2/files-2.1/net.fabricmc.fabric-api/fabric-registry-sync-v0/7.0.13+b61fef434c/b7cd637ba58adacb2abfd54f5f438211e5c3210d/fabric-registry-sync-v0-7.0.13+b61fef434c.jar:/home/anguscrump/.gradle/caches/modules-2/files-2.1/net.fabricmc.fabric-api/fabric-networking-api-v1/6.3.1+554860db4c/38ac77944d5e0fc623a163cde9b3eca04f791296/fabric-networking-api-v1-6.3.1+554860db4c.jar:/home/anguscrump/.gradle/caches/modules-2/files-2.1/net.fabricmc.fabric-api/fabric-permission-api-v1/1.0.0+f3e738be4c/67222d8951d4e68a26f7e42697ce7fdb3c4e8ce9/fabric-permission-api-v1-1.0.0+f3e738be4c.jar:/home/anguscrump/.gradle/caches/modules-2/files-2.1/net.fabricmc.fabric-api/fabric-rendering-fluids-v1/6.0.1+d871b99e4c/fe53bab501b2a582517f39ede3e1514074e8de7/fabric-rendering-fluids-v1-6.0.1+d871b99e4c.jar:/home/anguscrump/.gradle/caches/modules-2/files-2.1/net.fabricmc.fabric-api/fabric-tag-api-v1/2.1.0+73b1f9054c/5467b88af064043d14a1cbc32ebc65bf86a4898b/fabric-tag-api-v1-2.1.0+73b1f9054c.jar:/home/anguscrump/.gradle/caches/modules-2/files-2.1/net.fabricmc.fabric-api/fabric-resource-loader-v0/3.3.17+4fc5413f4c/c2e496d77853c7fd1f2b3bd00b44e355dc6ba576/fabric-resource-loader-v0-3.3.17+4fc5413f4c.jar:/home/anguscrump/.gradle/caches/modules-2/files-2.1/net.fabricmc.fabric-api/fabric-resource-loader-v1/2.0.10+7c44c7324c/bb44ca7ae64fe82666c2cd99920cdc017b15f368/fabric-resource-loader-v1-2.0.10+7c44c7324c.jar:/home/anguscrump/.gradle/caches/modules-2/files-2.1/net.fabricmc.fabric-api/fabric-screen-api-v1/5.0.1+d871b99e4c/fecba1d91754428c2d1f5f2e4d25685de3a8f71f/fabric-screen-api-v1-5.0.1+d871b99e4c.jar:/home/anguscrump/.gradle/caches/modules-2/files-2.1/net.fabricmc.fabric-api/fabric-api-base/2.0.3+ece063234c/bdf802883d0f9c1034c436367ab2c7e04ce34ca6/fabric-api-base-2.0.3+ece063234c.jar:/home/anguscrump/.gradle/caches/modules-2/files-2.1/net.fabricmc.fabric-api/fabric-biome-api-v1/18.0.4+35c80edc4c/c82be6aa7922f3212e1bac9441b25a7faa21c057/fabric-biome-api-v1-18.0.4+35c80edc4c.jar:/home/anguscrump/.gradle/caches/modules-2/files-2.1/net.fabricmc.fabric-api/fabric-block-api-v1/3.0.2+ec56b6014c/f5f91f5b317b7acd3014677dd909b55ebc4097b2/fabric-block-api-v1-3.0.2+ec56b6014c.jar:/home/anguscrump/.gradle/caches/modules-2/files-2.1/net.fabricmc.fabric-api/fabric-block-getter-api-v2/2.0.6+ec56b6014c/caabc9eb2f3823864682da5a1c5381a035c00d5f/fabric-block-getter-api-v2-2.0.6+ec56b6014c.jar:/home/anguscrump/.gradle/caches/modules-2/files-2.1/net.fabricmc.fabric-api/fabric-client-gametest-api-v1/5.0.16+cef2a4834c/3f63763d1230c87b2c43aa84c88916fce323687a/fabric-client-gametest-api-v1-5.0.16+cef2a4834c.jar:/home/anguscrump/.gradle/caches/modules-2/files-2.1/net.fabricmc.fabric-api/fabric-crash-report-info-v1/1.0.3+9f78a5a84c/8af0277ba9afc03c6882490db447d40d55ebcedb/fabric-crash-report-info-v1-1.0.3+9f78a5a84c.jar:/home/anguscrump/.gradle/caches/modules-2/files-2.1/net.fabricmc.fabric-api/fabric-key-mapping-api-v1/2.0.4+e2bdee784c/b098e3e06b71a0fec9d18843ba9327f038b7cd5/fabric-key-mapping-api-v1-2.0.4+e2bdee784c.jar:/home/anguscrump/.gradle/caches/modules-2/files-2.1/net.fabricmc.fabric-api/fabric-resource-conditions-api-v1/6.0.5+00a1fba64c/a8ca3e526e0825ee71a36a317cf5c33f0cda0e96/fabric-resource-conditions-api-v1-6.0.5+00a1fba64c.jar:/home/anguscrump/.gradle/caches/modules-2/files-2.1/net.fabricmc.fabric-api/fabric-serialization-api-v1/2.0.3+11a26f314c/55fc25d96a2a848b93a02f48220dff0181ec3056/fabric-serialization-api-v1-2.0.3+11a26f314c.jar:/home/anguscrump/.gradle/caches/modules-2/files-2.1/net.fabricmc.fabric-api/fabric-sound-api-v1/2.0.4+11a26f314c/b63ce87810bc5aa495cb39be7efd2b07e6772822/fabric-sound-api-v1-2.0.4+11a26f314c.jar:/home/anguscrump/.gradle/caches/modules-2/files-2.1/net.fabricmc.fabric-api/fabric-transitive-access-wideners-v1/8.1.0+acd9108d4c/d03c3735d4057a1d574c6e8d51fec7d21ab63b5c/fabric-transitive-access-wideners-v1-8.1.0+acd9108d4c.jar:/home/anguscrump/Documents/Coding/ribbon-world/build/classes/java/main:/home/anguscrump/Documents/Coding/ribbon-world/build/resources/main
Launcher Type: SUN_STANDARD

[Global flags]
     intx CICompilerCount                          = 4                                         {product} {ergonomic}
     uint ConcGCThreads                            = 2                                         {product} {ergonomic}
     uint G1ConcRefinementThreads                  = 9                                         {product} {ergonomic}
   size_t G1HeapRegionSize                         = 2097152                                   {product} {ergonomic}
   size_t InitialHeapSize                          = 260046848                                 {product} {ergonomic}
   size_t MarkStackSize                            = 4194304                                   {product} {ergonomic}
   size_t MarkStackSizeMax                         = 536870912                                 {product} {ergonomic}
   size_t MaxHeapSize                              = 4034920448                                {product} {ergonomic}
   size_t MaxNewSize                               = 2420113408                                {product} {ergonomic}
   size_t MinHeapDeltaBytes                        = 2097152                                   {product} {ergonomic}
   size_t MinHeapSize                              = 8388608                                   {product} {ergonomic}
    uintx NonNMethodCodeHeapSize                   = 5849088                                {pd product} {ergonomic}
    uintx NonProfiledCodeHeapSize                  = 122912768                              {pd product} {ergonomic}
    uintx ProfiledCodeHeapSize                     = 122912768                              {pd product} {ergonomic}
    uintx ReservedCodeCacheSize                    = 251674624                              {pd product} {ergonomic}
     bool SegmentedCodeCache                       = true                                      {product} {ergonomic}
   size_t SoftMaxHeapSize                          = 4034920448                             {manageable} {ergonomic}
     bool UseCompressedOops                        = true                           {product lp64_product} {ergonomic}
     bool UseG1GC                                  = true                                      {product} {ergonomic}

Logging:
Log output configuration:
 #0: 
[error occurred during error reporting (printing log configuration), id 0xb, SIGSEGV (0xb) at pc=0x0000ffff3a8c05b8]
Release file:
JAVA_VERSION="25.0.3"
MODULES="java.base java.compiler java.datatransfer java.xml java.prefs java.desktop java.instrument java.logging java.management java.security.sasl java.naming java.rmi java.management.rmi java.net.http java.scripting java.security.jgss java.transaction.xa java.sql java.sql.rowset java.xml.crypto java.se java.smartcardio jdk.accessibility jdk.internal.jvmstat jdk.attach jdk.charsets jdk.internal.opt jdk.zipfs jdk.compiler jdk.crypto.cryptoki jdk.crypto.ec jdk.dynalink jdk.internal.ed jdk.editpad jdk.internal.vm.ci jdk.graal.compiler jdk.graal.compiler.management jdk.hotspot.agent jdk.httpserver jdk.incubator.vector jdk.internal.le jdk.internal.md jdk.jartool jdk.javadoc jdk.jcmd jdk.management jdk.management.agent jdk.jconsole jdk.jdeps jdk.jdwp.agent jdk.jdi jdk.jfr jdk.jlink jdk.jpackage jdk.jshell jdk.jsobject jdk.jstatd jdk.localedata jdk.management.jfr jdk.naming.dns jdk.naming.rmi jdk.net jdk.nio.mapmode jdk.sctp jdk.security.auth jdk.security.jgss jdk.unsupported jdk.unsupported.desktop jdk.xml.dom"
IMPLEMENTOR="JetBrains s.r.o."
IMPLEMENTOR_VERSION="JBRSDK-25.0.3+9-480.61-nomod"
JAVA_RUNTIME_VERSION="25.0.3+9-b480.61"
LIBC="gnu"
OS_ARCH="aarch64"
OS_NAME="Linux"
SOURCE=".:git:52b04970adc8+"

Environment Variables:
PATH=/home/anguscrump/.local/bin:/home/anguscrump/bin:/usr/local/sbin:/usr/local/bin:/usr/sbin:/usr/bin:/sbin:/bin:/var/lib/snapd/snap/bin:/home/anguscrump/.cargo/bin
XDG_CACHE_HOME=/home/anguscrump/.cache
XDG_CONFIG_HOME=/home/anguscrump/.config
SHELL=/bin/bash
DISPLAY=:0
WAYLAND_DISPLAY=wayland-1
LANG=en_AU.UTF-8

Active Locale:
LC_ALL=en_AU.UTF-8
LC_COLLATE=en_AU.UTF-8
LC_CTYPE=en_AU.UTF-8
LC_MESSAGES=en_AU.UTF-8
LC_MONETARY=en_AU.UTF-8
LC_NUMERIC=en_AU.UTF-8
LC_TIME=en_AU.UTF-8

Signal Handlers:
   SIGSEGV: crash_handler in libjvm.so, mask=11100100010111111101111111111110, flags=SA_RESTART|SA_SIGINFO, unblocked
    SIGBUS: crash_handler in libjvm.so, mask=11100100010111111101111111111110, flags=SA_RESTART|SA_SIGINFO, unblocked
    SIGFPE: crash_handler in libjvm.so, mask=11100100010111111101111111111110, flags=SA_RESTART|SA_SIGINFO, unblocked
   SIGPIPE: javaSignalHandler in libjvm.so, mask=11100100010111111101111111111110, flags=SA_RESTART|SA_SIGINFO, blocked
   SIGXFSZ: javaSignalHandler in libjvm.so, mask=11100100010111111101111111111110, flags=SA_RESTART|SA_SIGINFO, blocked
    SIGILL: crash_handler in libjvm.so, mask=11100100010111111101111111111110, flags=SA_RESTART|SA_SIGINFO, unblocked
   SIGUSR2: SR_handler in libjvm.so, mask=00000000000000000000000000000000, flags=SA_RESTART|SA_SIGINFO, blocked
    SIGHUP: UserHandler in libjvm.so, mask=11100100010111111101111111111110, flags=SA_RESTART|SA_SIGINFO, blocked
    SIGINT: UserHandler in libjvm.so, mask=11100100010111111101111111111110, flags=SA_RESTART|SA_SIGINFO, blocked
   SIGTERM: UserHandler in libjvm.so, mask=11100100010111111101111111111110, flags=SA_RESTART|SA_SIGINFO, blocked
   SIGQUIT: UserHandler in libjvm.so, mask=11100100010111111101111111111110, flags=SA_RESTART|SA_SIGINFO, blocked
   SIGTRAP: crash_handler in libjvm.so, mask=11100100010111111101111111111110, flags=SA_RESTART|SA_SIGINFO, unblocked


Compilation memory statistics disabled.

Periodic native trim disabled

JNI global refs:
JNI global refs: 64, weak refs: 48

JNI global refs memory usage: 1491, weak refs: 1489

Process memory usage:
Resident Set Size: 2273104K (14% of 15755056K total physical memory with 5424688K free physical memory)

OOME stack traces (most recent first):
Classloader memory used:
Loader net.fabricmc.loader.impl.launch.knot.KnotClassLoader                            : 121 M
Loader bootstrap                                                                       : 12401 K
Loader jdk.internal.loader.ClassLoaders$AppClassLoader                                 : 6964 K
Loader jdk.internal.loader.ClassLoaders$PlatformClassLoader                            : 498 K

---------------  S Y S T E M  ---------------

OS:
Fedora Asahi Remix release 44 (Forty Four)
uname: Linux 7.0.8-fairydust+ #1 SMP PREEMPT_DYNAMIC Sun May 17 15:02:15 AEST 2026 aarch64
OS uptime: 0 days 1:43 hours
libc: glibc 2.43 NPTL 2.43 
rlimit (soft/hard): STACK 8192k/infinity , CORE infinity/infinity , NPROC 31098/31098 , NOFILE 524288/524288 , AS infinity/infinity , CPU infinity/infinity , DATA infinity/infinity , FSIZE infinity/infinity , MEMLOCK 8192k/8192k
load average: 2.61 2.72 2.28

/proc/meminfo:
MemTotal:       15755056 kB
MemFree:         1646800 kB
MemAvailable:    5425744 kB
Buffers:            1856 kB
Cached:          5420848 kB
SwapCached:      1084048 kB
Active:          5493888 kB
Inactive:        6970080 kB
Active(anon):    4611104 kB
Inactive(anon):  3127328 kB
Active(file):     882784 kB
Inactive(file):  3842752 kB
Unevictable:      536752 kB
Mlocked:             848 kB
SwapTotal:      33554336 kB
SwapFree:       31837104 kB
Zswap:            253616 kB
Zswapped:         581792 kB
Dirty:              5984 kB
Writeback:             0 kB
AnonPages:       7497024 kB
Mapped:          1354272 kB
Shmem:            698256 kB
KReclaimable:      90304 kB
Slab:             354992 kB
SReclaimable:      90304 kB
SUnreclaim:       264688 kB
KernelStack:       42480 kB
PageTables:        55584 kB
SecPageTables:       832 kB
NFS_Unstable:          0 kB
Bounce:                0 kB
WritebackTmp:          0 kB
CommitLimit:    41431856 kB
Committed_AS:   23108032 kB
VmallocTotal:   136898928640 kB
VmallocUsed:       90512 kB
VmallocChunk:          0 kB
Percpu:             6720 kB
HardwareCorrupted:     0 kB
AnonHugePages:    557056 kB
ShmemHugePages:        0 kB
ShmemPmdMapped:        0 kB
FileHugePages:         0 kB
FilePmdMapped:         0 kB
CmaTotal:          65536 kB
CmaFree:           61408 kB
Balloon:               0 kB
HugePages_Total:       0
HugePages_Free:        0
HugePages_Rsvd:        0
HugePages_Surp:        0
Hugepagesize:      32768 kB
Hugetlb:               0 kB

/sys/kernel/mm/transparent_hugepage/enabled: always [madvise] never
/sys/kernel/mm/transparent_hugepage/hpage_pmd_size: 33554432
/sys/kernel/mm/transparent_hugepage/shmem_enabled: always within_size advise [never] deny force
/sys/kernel/mm/transparent_hugepage/defrag (defrag/compaction efforts parameter): always defer defer+madvise [madvise] never

Process Memory:
Virtual Size: 10845152K (peak: 11398096K)
Resident Set Size: 2274816K (peak: 2424864K) (anon: 2202192K, file: 69248K, shmem: 3376K)
Swapped out: 0K
C-Heap outstanding allocations: 129711K, retained: 328816K
glibc malloc tunables: (default)

/proc/sys/kernel/threads-max (system-wide limit on the number of threads): 62196
/proc/sys/vm/max_map_count (maximum number of memory map areas a process may have): 1048576
/proc/sys/vm/swappiness (control to define how aggressively the kernel swaps out anonymous memory): 60
/proc/sys/kernel/pid_max (system-wide limit on number of process identifiers): 4194304

container information not found.
Steal ticks since vm start: 0
Steal ticks percentage since vm start:  0.000

CPU: total 10 (initial active 10) 0x61:0x2:0x025:0(0x024), fp, asimd, evtstrm, aes, pmull, sha1, sha256, crc32, lse, fphp, asimdhp, dcpop, sha3, sha512, paca
/proc/cpuinfo:
processor	: 0
BogoMIPS	: 48.00
Features	: fp asimd evtstrm aes pmull sha1 sha2 crc32 atomics fphp asimdhp cpuid asimdrdm jscvt fcma lrcpc dcpop sha3 asimddp sha512 asimdfhm dit uscat ilrcpc flagm ssbs sb paca pacg dcpodp flagm2 frint
CPU implementer	: 0x61
CPU architecture: 8
CPU variant	: 0x2
CPU part	: 0x024
CPU revision	: 0

processor	: 1
BogoMIPS	: 48.00
Features	: fp asimd evtstrm aes pmull sha1 sha2 crc32 atomics fphp asimdhp cpuid asimdrdm jscvt fcma lrcpc dcpop sha3 asimddp sha512 asimdfhm dit uscat ilrcpc flagm ssbs sb paca pacg dcpodp flagm2 frint
CPU implementer	: 0x61
CPU architecture: 8
CPU variant	: 0x2
CPU part	: 0x024
CPU revision	: 0

processor	: 2
BogoMIPS	: 48.00
Features	: fp asimd evtstrm aes pmull sha1 sha2 crc32 atomics fphp asimdhp cpuid asimdrdm jscvt fcma lrcpc dcpop sha3 asimddp sha512 asimdfhm dit uscat ilrcpc flagm ssbs sb paca pacg dcpodp flagm2 frint
CPU implementer	: 0x61
CPU architecture: 8
CPU variant	: 0x2
CPU part	: 0x025
CPU revision	: 0

processor	: 3
BogoMIPS	: 48.00
Features	: fp asimd evtstrm aes pmull sha1 sha2 crc32 atomics fphp asimdhp cpuid asimdrdm jscvt fcma lrcpc dcpop sha3 asimddp sha512 asimdfhm dit uscat ilrcpc flagm ssbs sb paca pacg dcpodp flagm2 frint
CPU implementer	: 0x61
CPU architecture: 8
CPU variant	: 0x2
CPU part	: 0x025
CPU revision	: 0

processor	: 4
BogoMIPS	: 48.00
Features	: fp asimd evtstrm aes pmull sha1 sha2 crc32 atomics fphp asimdhp cpuid asimdrdm jscvt fcma lrcpc dcpop sha3 asimddp sha512 asimdfhm dit uscat ilrcpc flagm ssbs sb paca pacg dcpodp flagm2 frint
CPU implementer	: 0x61
CPU architecture: 8
CPU variant	: 0x2
CPU part	: 0x025
CPU revision	: 0

processor	: 5
BogoMIPS	: 48.00
Features	: fp asimd evtstrm aes pmull sha1 sha2 crc32 atomics fphp asimdhp cpuid asimdrdm jscvt fcma lrcpc dcpop sha3 asimddp sha512 asimdfhm dit uscat ilrcpc flagm ssbs sb paca pacg dcpodp flagm2 frint
CPU implementer	: 0x61
CPU architecture: 8
CPU variant	: 0x2
CPU part	: 0x025
CPU revision	: 0

processor	: 6
BogoMIPS	: 48.00
Features	: fp asimd evtstrm aes pmull sha1 sha2 crc32 atomics fphp asimdhp cpuid asimdrdm jscvt fcma lrcpc dcpop sha3 asimddp sha512 asimdfhm dit uscat ilrcpc flagm ssbs sb paca pacg dcpodp flagm2 frint
CPU implementer	: 0x61
CPU architecture: 8
CPU variant	: 0x2
CPU part	: 0x025
CPU revision	: 0

processor	: 7
BogoMIPS	: 48.00
Features	: fp asimd evtstrm aes pmull sha1 sha2 crc32 atomics fphp asimdhp cpuid asimdrdm jscvt fcma lrcpc dcpop sha3 asimddp sha512 asimdfhm dit uscat ilrcpc flagm ssbs sb paca pacg dcpodp flagm2 frint
CPU implementer	: 0x61
CPU architecture: 8
CPU variant	: 0x2
CPU part	: 0x025
CPU revision	: 0

processor	: 8
BogoMIPS	: 48.00
Features	: fp asimd evtstrm aes pmull sha1 sha2 crc32 atomics fphp asimdhp cpuid asimdrdm jscvt fcma lrcpc dcpop sha3 asimddp sha512 asimdfhm dit uscat ilrcpc flagm ssbs sb paca pacg dcpodp flagm2 frint
CPU implementer	: 0x61
CPU architecture: 8
CPU variant	: 0x2
CPU part	: 0x025
CPU revision	: 0

processor	: 9
BogoMIPS	: 48.00
Features	: fp asimd evtstrm aes pmull sha1 sha2 crc32 atomics fphp asimdhp cpuid asimdrdm jscvt fcma lrcpc dcpop sha3 asimddp sha512 asimdfhm dit uscat ilrcpc flagm ssbs sb paca pacg dcpodp flagm2 frint
CPU implementer	: 0x61
CPU architecture: 8
CPU variant	: 0x2
CPU part	: 0x025
CPU revision	: 0


Online cpus: 0-9
Offline cpus: 

Memory: 16k page, physical 15755056k(5425744k free), swap 33554336k(31837104k free)
Page Sizes: 16k

vm_info: OpenJDK 64-Bit Server VM (25.0.3+9-b480.61) for linux-aarch64 JRE (25.0.3+9-b480.61), built on 2026-05-12 with gcc 10.3.1 20210422 (Red Hat 10.3.1-1.2.0.1)

END.
