#
# A fatal error has been detected by the Java Runtime Environment:
#
#  SIGSEGV (0xb) at pc=0x0000fffefc7ec670, pid=74652, tid=74669
#
# JRE version: OpenJDK Runtime Environment JBR-25.0.3+9-480.61-nomod (25.0.3+9) (build 25.0.3+9-b480.61)
# Java VM: OpenJDK 64-Bit Server VM JBR-25.0.3+9-480.61-nomod (25.0.3+9-b480.61, mixed mode, sharing, tiered, compressed oops, compressed class ptrs, g1 gc, linux-aarch64)
# Problematic frame:
# C  [libopenal.so+0x9c670]
#
# Core dump will be written. Default location: Determined by the following: "/usr/lib/systemd/systemd-coredump %P %u %g %s %t %c %h %d %F" (alternatively, falling back to /home/anguscrump/Documents/Coding/ribbon-world/run/core.74652)
#
# If you would like to submit a bug report, please visit:
#   https://youtrack.jetbrains.com/issues/JBR
#

---------------  S U M M A R Y ------------

Command Line: -Dfabric.dli.config=/home/anguscrump/Documents/Coding/ribbon-world/.gradle/loom-cache/launch.cfg -Dfabric.dli.env=client -Dfabric.dli.main=net.fabricmc.loader.impl.launch.knot.KnotClient --sun-misc-unsafe-memory-access=allow --enable-native-access=ALL-UNNAMED --sun-misc-unsafe-memory-access=allow --enable-native-access=ALL-UNNAMED -Dfile.encoding=UTF-8 -Duser.country=AU -Duser.language=en -Duser.variant -Dawt.toolkit.name=XToolkit net.fabricmc.devlaunchinjector.Main

Host: AArch64, 10 cores, 15G, Fedora Asahi Remix release 44 (Forty Four)
Time: Tue May 19 17:21:59 2026 AEST elapsed time: 34.596135 seconds (0d 0h 0m 34s)

---------------  T H R E A D  ---------------

Current thread (0x0000ffff4c20dac0):  VMThread "VM Thread"          [id=74669, stack(0x0000ffff51d34000,0x0000ffff51f34000) (2048K)]

Stack: [0x0000ffff51d34000,0x0000ffff51f34000],  sp=0x0000ffff51f321b0,  free space=2040k
Native frames: (J=compiled Java code, j=interpreted, Vv=VM code, C=native code)
C  [libopenal.so+0x9c670]
C  [libc.so.6+0x3eb2c]  __run_exit_handlers+0x1ac
C  [libc.so.6+0x3ec20]  internal_addseverity+0x0
V  [libjvm.so+0xc7c05c]
V  [libjvm.so+0x88dad0]  vm_exit(int)+0x0
V  [libjvm.so+0xf8e1c4]  VM_Operation::evaluate()+0xf4
V  [libjvm.so+0xf91550]  VMThread::evaluate_operation(VM_Operation*)+0xb0
V  [libjvm.so+0xf92138]  VMThread::inner_execute(VM_Operation*)+0x2d8
V  [libjvm.so+0xf92450]  VMThread::run()+0xac
V  [libjvm.so+0xef92b8]  Thread::call_run()+0xa8
V  [libjvm.so+0xc71af4]  thread_native_entry(Thread*)+0xe0
C  [libc.so.6+0x8f81c]  start_thread+0x3bc

siginfo: si_signo: 11 (SIGSEGV), si_code: 1 (SEGV_MAPERR), si_addr: 0x0000000000000000

Registers:
R0=0x0000fffefc904c38
R1=0x0000000000000000
R2=0x0000000000000000
R3=0x0000000000000000
R4=0x0000fffe70000030
R5=0x0000000040402cfc
R6=0x0000000000000400
R7=0x0000ffff14000980
R8=0x0000fffe700020f0
R9=0xbc41bbb97641db74
R10=0x0000000000000054
R11=0x0000ffff56dd66e8
R12=0x0000000000000030
R13=0x0000ffff51f33880
R14=0x0000000000000000
R15=0x0000ffff1402fe90
R16=0x0000000000000001
R17=0x0000ffff56cb1b40
R18=0x0000000000000012
R19=0x0000fffe700020f0
R20=0x0000fffe700021a0
R21=0x0000fffefc904be8
R22=0x0000fffe700020d0
R23=0x0000fffefc904b58
R24=0x0000fffefc904c68
R25=0x0000ffff4e8952c0
R26=0x0000000000000b2b
R27=0x0000fffefc7ec5a4
R28=0x0000fffefc904be8
R29=0x0000ffff51f321b0
R30=0x0000fffefc7ec660


Register to memory mapping:

R0 =0x0000fffefc904c38: <offset 0x00000000001b4c38> in /tmp/lwjgl_anguscrump/3.4.1-snapshot/arm64/libopenal.so at 0x0000fffefc750000
R1 =0x0 is null
R2 =0x0 is null
R3 =0x0 is null
R4 =0x0000fffe70000030 points into unknown readable memory: 0x0000000200000000 | 00 00 00 00 02 00 00 00
R5 =0x0000000040402cfc is an unknown value
R6 =0x0000000000000400 is an unknown value
R7 =0x0000ffff14000980 points into unknown readable memory: 0x0000000200000002 | 02 00 00 00 02 00 00 00
R8 =0x0000fffe700020f0 points into unknown readable memory: 0x0000000000000000 | 00 00 00 00 00 00 00 00
R9 =0xbc41bbb97641db74 is an unknown value
R10=0x0000000000000054 is an unknown value
R11=0x0000ffff56dd66e8: <offset 0x00000000001c66e8> in /lib64/libc.so.6 at 0x0000ffff56c10000
R12=0x0000000000000030 is an unknown value
R13=0x0000ffff51f33880 points into unknown readable memory: 0x0000ffff1c002e10 | 10 2e 00 1c ff ff 00 00
R14=0x0 is null
R15=0x0000ffff1402fe90 points into unknown readable memory: 0x0000000000000040 | 40 00 00 00 00 00 00 00
R16=0x0000000000000001 is an unknown value
R17=0x0000ffff56cb1b40: __libc_free+0x0000000000000000 in /lib64/libc.so.6 at 0x0000ffff56c10000
R18=0x0000000000000012 is an unknown value
R19=0x0000fffe700020f0 points into unknown readable memory: 0x0000000000000000 | 00 00 00 00 00 00 00 00
R20=0x0000fffe700021a0 points into unknown readable memory: 0x0000fffe700000d8 | d8 00 00 70 fe ff 00 00
R21=0x0000fffefc904be8: <offset 0x00000000001b4be8> in /tmp/lwjgl_anguscrump/3.4.1-snapshot/arm64/libopenal.so at 0x0000fffefc750000
R22=0x0000fffe700020d0 points into unknown readable memory: 0x0000fffe70001ee0 | e0 1e 00 70 fe ff 00 00
R23=0x0000fffefc904b58: <offset 0x00000000001b4b58> in /tmp/lwjgl_anguscrump/3.4.1-snapshot/arm64/libopenal.so at 0x0000fffefc750000
R24=0x0000fffefc904c68: <offset 0x00000000001b4c68> in /tmp/lwjgl_anguscrump/3.4.1-snapshot/arm64/libopenal.so at 0x0000fffefc750000
R25=0x0000ffff4e8952c0 points into unknown readable memory: 0x0000ffff4e855210 | 10 52 85 4e ff ff 00 00
R26=0x0000000000000b2b is an unknown value
R27=0x0000fffefc7ec5a4: <offset 0x000000000009c5a4> in /tmp/lwjgl_anguscrump/3.4.1-snapshot/arm64/libopenal.so at 0x0000fffefc750000
R28=0x0000fffefc904be8: <offset 0x00000000001b4be8> in /tmp/lwjgl_anguscrump/3.4.1-snapshot/arm64/libopenal.so at 0x0000fffefc750000
R29=0x0000ffff51f321b0 points into unknown readable memory: 0x0000ffff51f321f0 | f0 21 f3 51 ff ff 00 00
R30=0x0000fffefc7ec660: <offset 0x000000000009c660> in /tmp/lwjgl_anguscrump/3.4.1-snapshot/arm64/libopenal.so at 0x0000fffefc750000

Top of Stack: (sp=0x0000ffff51f321b0)
0x0000ffff51f321b0:   0000ffff51f321f0 0000ffff56c4eb2c   .!.Q....,..V....
0x0000ffff51f321c0:   0000ffff56dd1000 0000ffff56dd2210   ...V.....".V....
0x0000ffff51f321d0:   0000ffff56e8fc78 0000000000000000   x..V............
0x0000ffff51f321e0:   0000ffff56dd0658 0000ffff56dd2000   X..V..... .V....
0x0000ffff51f321f0:   0000ffff51f32260 0079ffff56c4ec20   `".Q.... ..V..y.
0x0000ffff51f32200:   0000000000000000 0000ffff5551b938   ........8.QU....
0x0000ffff51f32210:   0000ffff5551b938 0000ffff1c0023c0   8.QU.....#......
0x0000ffff51f32220:   0000ffff1c0023d8 0000ffff1c0027b0   .#.......'......
0x0000ffff51f32230:   00000000000003d8 0000ffff56b5fc18   ...........V....
0x0000ffff51f32240:   00000000000003d8 0000ffff56b5fc18   ...........V....
0x0000ffff51f32250:   0000ffff4c20e090 0000ffff00000001   .. L............
0x0000ffff51f32260:   0000ffff51f32270 0021ffff5629c05c   p".Q....\.)V..!.
0x0000ffff51f32270:   0000ffff51f32280 0000ffff55eadad0   .".Q.......U....
0x0000ffff51f32280:   0000ffff51f322a0 0000ffff565ae1c4   .".Q......ZV....
0x0000ffff51f32290:   0000ffff4c20e090 0000ffff55be1e60   .. L....`..U....
0x0000ffff51f322a0:   0000ffff51f323b0 0000ffff565b1550   .#.Q....P.[V....
0x0000ffff51f322b0:   0000ffff4c20e090 0000ffff56a8d000   .. L.......V....
0x0000ffff51f322c0:   0000ffff5551b938 0000ffff51f33880   8.QU.....8.Q....
0x0000ffff51f322d0:   0000ffff1c0023c0 0000ffff4c20dac0   .#........ L....
0x0000ffff51f322e0:   0000ffff1c0023d8 0000ffff1c0027b0   .#.......'......
0x0000ffff51f322f0:   00000000000003d8 0000ffff56a87000   .........p.V....
0x0000ffff51f32300:   ffffff0f00000000 0000000000000000   ................
0x0000ffff51f32310:   0000000000000011 0000000000000000   ................
0x0000ffff51f32320:   3fc9ba5e353f7cee 0000000000000000   .|?5^..?........
0x0000ffff51f32330:   0000ffff51f32350 0000ffff5633f3f8   P#.Q......3V....
0x0000ffff51f32340:   0000ffff51f32380 0000000000000000   .#.Q............
0x0000ffff51f32350:   0000ffff51f32360 0029ffff56cd8b04   `#.Q.......V..).
0x0000ffff51f32360:   0000ffff51f32370 0033ffff5629cd64   p#.Q....d.)V..3.
0x0000ffff51f32370:   0000ffff51f32390 0000ffff565294c0   .#.Q......RV....
0x0000ffff51f32380:   000000000000134d 000000003b4ad933   M.......3.J;....
0x0000ffff51f32390:   0000ffff51f323b0 0000ffff565b152c   .#.Q....,.[V....
0x0000ffff51f323a0:   0000ffff4c20e090 50a3d0ca3c04f500   .. L.......<...P

Instructions: (pc=0x0000fffefc7ec670)
  0x0000fffefc7ec570:   80 08 00 90 00 e0 44 f9 e2 27 40 f9 01 00 40 f9
  0x0000fffefc7ec580:   42 00 01 eb 01 00 80 d2 61 00 00 54 fd 7b c5 a8
  0x0000fffefc7ec590:   c0 03 5f d6 df d8 fd 97 fa d8 fd 97 0d db fd 97
  0x0000fffefc7ec5a0:   f4 ff ff 17 fd 7b bc a9 fd 03 00 91 f5 5b 02 a9
  0x0000fffefc7ec5b0:   f5 03 00 aa 00 00 40 f9 f3 53 01 a9 f7 63 03 a9
  0x0000fffefc7ec5c0:   80 00 00 b4 c1 08 00 90 21 bc 45 f9 20 00 3f d6
  0x0000fffefc7ec5d0:   a0 62 43 39 80 09 00 35 b3 42 40 f9 b8 02 02 91
  0x0000fffefc7ec5e0:   16 07 40 f9 7f 02 16 eb 20 03 00 54 d7 08 00 90
  0x0000fffefc7ec5f0:   f7 62 2d 91 1f 20 03 d5 74 02 40 f9 14 02 00 b4
  0x0000fffefc7ec600:   e0 03 14 aa 82 0e 40 f9 01 0c 41 f8 03 10 40 f9
  0x0000fffefc7ec610:   41 00 00 f9 22 04 00 f9 43 00 00 b4 60 00 3f d6
  0x0000fffefc7ec620:   80 06 40 f9 60 00 00 b4 e1 16 40 f9 20 00 3f d6
  0x0000fffefc7ec630:   e0 03 14 aa 01 08 80 d2 ca d9 fd 97 73 22 00 91
  0x0000fffefc7ec640:   df 02 13 eb a1 fd ff 54 b6 42 40 f9 b6 00 00 b4
  0x0000fffefc7ec650:   01 0b 40 f9 e0 03 16 aa 21 00 16 cb c1 d9 fd 97
  0x0000fffefc7ec660:   e0 03 15 aa a2 2e 40 f9 01 0c 45 f8 03 10 40 f9
=>0x0000fffefc7ec670:   41 00 00 f9 22 04 00 f9 43 00 00 b4 60 00 3f d6
  0x0000fffefc7ec680:   e0 03 15 aa a2 16 40 f9 01 0c 42 f8 03 10 40 f9
  0x0000fffefc7ec690:   41 00 00 f9 22 04 00 f9 43 00 00 b4 60 00 3f d6
  0x0000fffefc7ec6a0:   a0 0e 40 f9 80 00 00 b4 c1 08 00 90 21 c0 45 f9
  0x0000fffefc7ec6b0:   20 00 3f d6 a0 0a 40 f9 80 00 00 b4 c1 08 00 90
  0x0000fffefc7ec6c0:   21 c4 45 f9 20 00 3f d6 a0 06 40 f9 80 00 00 b4
  0x0000fffefc7ec6d0:   c1 08 00 90 21 c8 45 f9 20 00 3f d6 a0 02 40 f9
  0x0000fffefc7ec6e0:   80 00 00 b4 c1 08 00 90 21 cc 45 f9 20 00 3f d6
  0x0000fffefc7ec6f0:   f3 53 41 a9 f5 5b 42 a9 f7 63 43 a9 fd 7b c4 a8
  0x0000fffefc7ec700:   c0 03 5f d6 e0 03 15 aa bf 62 03 39 a2 5a 40 f9
  0x0000fffefc7ec710:   01 8c 4a f8 03 10 40 f9 41 00 00 f9 22 04 00 f9
  0x0000fffefc7ec720:   43 00 00 b4 60 00 3f d6 a0 52 40 f9 60 f5 ff b4
  0x0000fffefc7ec730:   c1 08 00 90 21 c0 45 f9 20 00 3f d6 a7 ff ff 17
  0x0000fffefc7ec740:   fd 7b bd a9 fd 03 00 91 f3 53 01 a9 53 00 01 cb
  0x0000fffefc7ec750:   f4 03 00 aa f5 13 00 f9 f5 03 01 aa 7f 3e 00 f1
  0x0000fffefc7ec760:   08 03 00 54 00 00 40 f9 7f 06 00 f1 41 01 00 54


Stack slot to memory mapping:

stack at sp + 0 slots: 0x0000ffff51f321f0 points into unknown readable memory: 0x0000ffff51f32260 | 60 22 f3 51 ff ff 00 00
stack at sp + 1 slots: 0x0000ffff56c4eb2c: <offset 0x000000000003eb2c> in /lib64/libc.so.6 at 0x0000ffff56c10000
stack at sp + 2 slots: 0x0000ffff56dd1000: <offset 0x00000000001c1000> in /lib64/libc.so.6 at 0x0000ffff56c10000
stack at sp + 3 slots: 0x0000ffff56dd2210: <offset 0x00000000001c2210> in /lib64/libc.so.6 at 0x0000ffff56c10000
stack at sp + 4 slots: 0x0000ffff56e8fc78: __pointer_chk_guard+0x0000000000000000 in /lib/ld-linux-aarch64.so.1 at 0x0000ffff56e50000
stack at sp + 5 slots: 0x0 is null
stack at sp + 6 slots: 0x0000ffff56dd0658: <offset 0x00000000001c0658> in /lib64/libc.so.6 at 0x0000ffff56c10000
stack at sp + 7 slots: 0x0000ffff56dd2000: <offset 0x00000000001c2000> in /lib64/libc.so.6 at 0x0000ffff56c10000

VM_Operation (0x0000ffff5551b938): Exit, mode: safepoint, requested by thread 0x0000ffff4c0316d0


---------------  P R O C E S S  ---------------

Threads class SMR info:
_java_thread_list=0x0000fffef4000950, length=17, elements={
0x0000ffff4c0316d0, 0x0000ffff4c2156d0, 0x0000ffff4c218f10, 0x0000ffff4c21a7f0,
0x0000ffff4c21dbd0, 0x0000ffff4c21f480, 0x0000ffff4c221240, 0x0000ffff4c222c60,
0x0000ffff4c264570, 0x0000ffff4d7da920, 0x0000ffff4d7debd0, 0x0000ffff4e26e1a0,
0x0000ffff4e4ada20, 0x0000ffff4e4b87f0, 0x0000ffff4e4ba760, 0x0000fffe44051010,
0x0000fffe205e8a00
}

Java Threads: ( => current thread )
  0x0000ffff4c0316d0 JavaThread "Render thread"                     [_thread_blocked, id=74659, stack(0x0000ffff55320000,0x0000ffff5551e000) (2040K)]
  0x0000ffff4c2156d0 JavaThread "Common-Cleaner"             daemon [_thread_blocked, id=74670, stack(0x0000ffff51f34000,0x0000ffff52144000) (2112K)]
  0x0000ffff4c218f10 JavaThread "Reference Handler"          daemon [_thread_blocked, id=74671, stack(0x0000ffff51928000,0x0000ffff51b28000) (2048K)]
  0x0000ffff4c21a7f0 JavaThread "Finalizer"                  daemon [_thread_blocked, id=74672, stack(0x0000ffff51728000,0x0000ffff51928000) (2048K)]
  0x0000ffff4c21dbd0 JavaThread "Service Thread"             daemon [_thread_blocked, id=74674, stack(0x0000ffff51328000,0x0000ffff51528000) (2048K)]
  0x0000ffff4c21f480 JavaThread "Monitor Deflation Thread"   daemon [_thread_blocked, id=74675, stack(0x0000ffff51128000,0x0000ffff51328000) (2048K)]
  0x0000ffff4c221240 JavaThread "C2 CompilerThread0"         daemon [_thread_blocked, id=74676, stack(0x0000ffff50f28000,0x0000ffff51128000) (2048K)]
  0x0000ffff4c222c60 JavaThread "C1 CompilerThread0"         daemon [_thread_blocked, id=74677, stack(0x0000ffff50d28000,0x0000ffff50f28000) (2048K)]
  0x0000ffff4c264570 JavaThread "Notification Thread"        daemon [_thread_blocked, id=74678, stack(0x0000ffff50b28000,0x0000ffff50d28000) (2048K)]
  0x0000ffff4d7da920 JavaThread "process reaper"             daemon [_thread_blocked, id=74721, stack(0x0000ffff500cc000,0x0000ffff50100000) (208K)]
  0x0000ffff4d7debd0 JavaThread "JNA Cleaner"                daemon [_thread_blocked, id=74722, stack(0x0000ffff345bc000,0x0000ffff347bc000) (2048K)]
  0x0000ffff4e26e1a0 JavaThread "Timer hack thread"          daemon [_thread_blocked, id=74755, stack(0x0000ffff347bc000,0x0000ffff349bc000) (2048K)]
  0x0000ffff4e4ada20 JavaThread "Yggdrasil Key Fetcher"      daemon [_thread_blocked, id=74756, stack(0x0000ffff349bc000,0x0000ffff34bbc000) (2048K)]
  0x0000ffff4e4b87f0 JavaThread "Download-1"                 daemon [_thread_blocked, id=74757, stack(0x0000ffff34dbc000,0x0000ffff34fbc000) (2048K)]
  0x0000ffff4e4ba760 JavaThread "Download-2"                 daemon [_thread_blocked, id=74758, stack(0x0000ffff343bc000,0x0000ffff345bc000) (2048K)]
  0x0000fffe44051010 JavaThread "ForkJoinPool.commonPool-worker-1" daemon [_thread_blocked, id=74801, stack(0x0000fffe48580000,0x0000fffe48780000) (2048K)]
  0x0000fffe205e8a00 JavaThread "Sound engine"               daemon [_thread_blocked, id=75112, stack(0x0000ffff29c00000,0x0000ffff29e00000) (2048K)]
Total: 17

Other Threads:
=>0x0000ffff4c20dac0 VMThread "VM Thread"                           [id=74669, stack(0x0000ffff51d34000,0x0000ffff51f34000) (2048K)]
  0x0000ffff4c186740 WorkerThread "GC Thread#0"                     [id=74660, stack(0x0000ffff53538000,0x0000ffff53738000) (2048K)]
  0x0000ffff14007be0 WorkerThread "GC Thread#1"                     [id=74687, stack(0x0000ffff505a0000,0x0000ffff507a0000) (2048K)]
  0x0000ffff14008950 WorkerThread "GC Thread#2"                     [id=74688, stack(0x0000ffff50390000,0x0000ffff50590000) (2048K)]
  0x0000ffff140096c0 WorkerThread "GC Thread#3"                     [id=74689, stack(0x0000ffff50180000,0x0000ffff50380000) (2048K)]
  0x0000ffff1400a430 WorkerThread "GC Thread#4"                     [id=74690, stack(0x0000ffff351dc000,0x0000ffff353dc000) (2048K)]
  0x0000ffff1400b1a0 WorkerThread "GC Thread#5"                     [id=74691, stack(0x0000ffff34fcc000,0x0000ffff351cc000) (2048K)]
  0x0000ffff14015d50 WorkerThread "GC Thread#6"                     [id=74705, stack(0x0000ffff29800000,0x0000ffff29a00000) (2048K)]
  0x0000ffff1400ea00 WorkerThread "GC Thread#7"                     [id=74708, stack(0x0000ffff295f0000,0x0000ffff297f0000) (2048K)]
  0x0000ffff14018160 WorkerThread "GC Thread#8"                     [id=74709, stack(0x0000ffff293e0000,0x0000ffff295e0000) (2048K)]
  0x0000ffff4c19e8c0 ConcurrentGCThread "G1 Main Marker"            terminated
  0x0000ffff4c19fab0 WorkerThread "G1 Conc#0"                       [id=74662, stack(0x0000ffff53118000,0x0000ffff53318000) (2048K)]
  0x0000ffff30000c80 WorkerThread "G1 Conc#1"                       [id=74710, stack(0x0000ffff291d0000,0x0000ffff293d0000) (2048K)]
  0x0000ffff4c1ed410 ConcurrentGCThread "G1 Refine#0"               terminated
  0x0000ffff4c1ee620 ConcurrentGCThread "G1 Service"                terminated
Total: 15

Threads with active compile tasks:
C2 CompilerThread0  34628 17688       4       java.util.concurrent.ConcurrentHashMap::get (162 bytes)
Total: 1

VM state: at safepoint (shutting down)

VM Mutex/Monitor currently owned by a thread:  ([mutex/lock_event])
[0x0000ffff56b29558] Threads_lock - owner thread: 0x0000ffff4c20dac0
[0x0000ffff56b296f0] Heap_lock - owner thread: 0x0000ffff4c0316d0

Heap address: 0x000000070f800000, size: 3848 MB, Compressed Oops mode: Zero based, Oop shift amount: 3

CDS archive(s) mapped at: [0x00007ffc00000000-0x00007ffc01d00000-0x00007ffc01d00000), size 30408704, SharedBaseAddress: 0x00007ffc00000000, ArchiveRelocationMode: 1.
Compressed class space mapped at: 0x00007ffc02000000-0x00007ffc42000000, reserved size: 1073741824
UseCompressedClassPointers 1, UseCompactObjectHeaders 0
Narrow klass pointer bits 32, Max shift 3
Narrow klass base: 0x00007ffc00000000, Narrow klass shift: 0
Encoding Range: [0x00007ffc00000000 - 0x00007ffd00000000), (4294967296 bytes)
Klass Range:    [0x00007ffc00010000 - 0x00007ffc42000000), (1107230720 bytes)
Klass ID Range:  [65536 - 1107296249) (1107230713)
Protection zone: [0x00007ffc00000000 - 0x00007ffc00010000), (65536 bytes)

GC Precious Log:
 CardTable entry size: 512
 Card Set container configuration: InlinePtr #cards 4 size 8 Array Of Cards #cards 16 size 48 Howl #buckets 8 coarsen threshold 3686 Howl Bitmap #cards 512 size 80 coarsen threshold 460 Card regions per heap region 1 cards per card region 4096
 CPUs: 10 total, 10 available
 Memory: 15385M
 Large Page Support: Disabled
 NUMA Support: Disabled
 Compressed Oops: Enabled (Zero based)
 Heap Region Size: 2M
 Heap Min Capacity: 8M
 Heap Initial Capacity: 248M
 Heap Max Capacity: 3848M
 Pre-touch: Disabled
 Parallel Workers: 9
 Concurrent Workers: 2
 Concurrent Refinement Workers: 9
 Periodic GC: Disabled

Heap:
 garbage-first heap   total reserved 3940352K, committed 499712K, used 293065K [0x000000070f800000, 0x0000000800000000)
  region size 2048K, 39 young (79872K), 6 survivors (12288K)

Heap Regions: E=young(eden), S=young(survivor), O=old, HS=humongous(starts), HC=humongous(continues), CS=collection set, F=free, TAMS=top-at-mark-start, PB=parsable bottom
|   0|0x000000070f800000, 0x000000070fa00000, 0x000000070fa00000|100%|HS|  |TAMS 0x000000070f800000| PB 0x000000070f800000| Complete |  0
|   1|0x000000070fa00000, 0x000000070fc00000, 0x000000070fc00000|100%|HS|  |TAMS 0x000000070fa00000| PB 0x000000070fa00000| Complete |  0
|   2|0x000000070fc00000, 0x000000070fe00000, 0x000000070fe00000|100%|HS|  |TAMS 0x000000070fc00000| PB 0x000000070fc00000| Complete |  0
|   3|0x000000070fe00000, 0x0000000710000000, 0x0000000710000000|100%| O|  |TAMS 0x000000070fe00000| PB 0x000000070fe00000| Untracked |  0
|   4|0x0000000710000000, 0x0000000710200000, 0x0000000710200000|100%| O|  |TAMS 0x0000000710000000| PB 0x0000000710000000| Untracked |  0
|   5|0x0000000710200000, 0x0000000710400000, 0x0000000710400000|100%| O|  |TAMS 0x0000000710200000| PB 0x0000000710200000| Untracked |  0
|   6|0x0000000710400000, 0x0000000710600000, 0x0000000710600000|100%| O|  |TAMS 0x0000000710400000| PB 0x0000000710400000| Untracked |  0
|   7|0x0000000710600000, 0x0000000710800000, 0x0000000710800000|100%| O|  |TAMS 0x0000000710600000| PB 0x0000000710600000| Untracked |  0
|   8|0x0000000710800000, 0x0000000710a00000, 0x0000000710a00000|100%| O|  |TAMS 0x0000000710800000| PB 0x0000000710800000| Untracked |  0
|   9|0x0000000710a00000, 0x0000000710c00000, 0x0000000710c00000|100%| O|  |TAMS 0x0000000710a00000| PB 0x0000000710a00000| Untracked |  0
|  10|0x0000000710c00000, 0x0000000710e00000, 0x0000000710e00000|100%| O|  |TAMS 0x0000000710c00000| PB 0x0000000710c00000| Untracked |  0
|  11|0x0000000710e00000, 0x0000000711000000, 0x0000000711000000|100%| O|  |TAMS 0x0000000710e00000| PB 0x0000000710e00000| Untracked |  0
|  12|0x0000000711000000, 0x0000000711200000, 0x0000000711200000|100%| O|  |TAMS 0x0000000711000000| PB 0x0000000711000000| Untracked |  0
|  13|0x0000000711200000, 0x0000000711400000, 0x0000000711400000|100%| O|  |TAMS 0x0000000711200000| PB 0x0000000711200000| Untracked |  0
|  14|0x0000000711400000, 0x0000000711600000, 0x0000000711600000|100%| O|  |TAMS 0x0000000711400000| PB 0x0000000711400000| Untracked |  0
|  15|0x0000000711600000, 0x0000000711800000, 0x0000000711800000|100%| O|  |TAMS 0x0000000711600000| PB 0x0000000711600000| Untracked |  0
|  16|0x0000000711800000, 0x0000000711a00000, 0x0000000711a00000|100%| O|  |TAMS 0x0000000711800000| PB 0x0000000711800000| Untracked |  0
|  17|0x0000000711a00000, 0x0000000711c00000, 0x0000000711c00000|100%| O|  |TAMS 0x0000000711a00000| PB 0x0000000711a00000| Untracked |  0
|  18|0x0000000711c00000, 0x0000000711e00000, 0x0000000711e00000|100%| O|  |TAMS 0x0000000711c00000| PB 0x0000000711c00000| Untracked |  0
|  19|0x0000000711e00000, 0x0000000712000000, 0x0000000712000000|100%| O|  |TAMS 0x0000000711e00000| PB 0x0000000711e00000| Untracked |  0
|  20|0x0000000712000000, 0x0000000712200000, 0x0000000712200000|100%| O|  |TAMS 0x0000000712000000| PB 0x0000000712000000| Untracked |  0
|  21|0x0000000712200000, 0x0000000712400000, 0x0000000712400000|100%| O|  |TAMS 0x0000000712200000| PB 0x0000000712200000| Untracked |  0
|  22|0x0000000712400000, 0x0000000712600000, 0x0000000712600000|100%| O|  |TAMS 0x0000000712400000| PB 0x0000000712400000| Untracked |  0
|  23|0x0000000712600000, 0x0000000712800000, 0x0000000712800000|100%| O|  |TAMS 0x0000000712600000| PB 0x0000000712600000| Untracked |  0
|  24|0x0000000712800000, 0x0000000712a00000, 0x0000000712a00000|100%| O|  |TAMS 0x0000000712800000| PB 0x0000000712800000| Untracked |  0
|  25|0x0000000712a00000, 0x0000000712c00000, 0x0000000712c00000|100%| O|  |TAMS 0x0000000712a00000| PB 0x0000000712a00000| Untracked |  0
|  26|0x0000000712c00000, 0x0000000712e00000, 0x0000000712e00000|100%|HS|  |TAMS 0x0000000712c00000| PB 0x0000000712c00000| Complete |  0
|  27|0x0000000712e00000, 0x0000000713000000, 0x0000000713000000|100%|HC|  |TAMS 0x0000000712e00000| PB 0x0000000712e00000| Complete |  0
|  28|0x0000000713000000, 0x0000000713200000, 0x0000000713200000|100%|HC|  |TAMS 0x0000000713000000| PB 0x0000000713000000| Complete |  0
|  29|0x0000000713200000, 0x0000000713400000, 0x0000000713400000|100%|HC|  |TAMS 0x0000000713200000| PB 0x0000000713200000| Complete |  0
|  30|0x0000000713400000, 0x0000000713600000, 0x0000000713600000|100%|HC|  |TAMS 0x0000000713400000| PB 0x0000000713400000| Complete |  0
|  31|0x0000000713600000, 0x0000000713800000, 0x0000000713800000|100%|HC|  |TAMS 0x0000000713600000| PB 0x0000000713600000| Complete |  0
|  32|0x0000000713800000, 0x0000000713a00000, 0x0000000713a00000|100%| O|  |TAMS 0x0000000713800000| PB 0x0000000713800000| Untracked |  0
|  33|0x0000000713a00000, 0x0000000713c00000, 0x0000000713c00000|100%| O|  |TAMS 0x0000000713a00000| PB 0x0000000713a00000| Untracked |  0
|  34|0x0000000713c00000, 0x0000000713e00000, 0x0000000713e00000|100%| O|  |TAMS 0x0000000713c00000| PB 0x0000000713c00000| Untracked |  0
|  35|0x0000000713e00000, 0x0000000714000000, 0x0000000714000000|100%| O|  |TAMS 0x0000000713e00000| PB 0x0000000713e00000| Untracked |  0
|  36|0x0000000714000000, 0x0000000714200000, 0x0000000714200000|100%| O|  |TAMS 0x0000000714000000| PB 0x0000000714000000| Untracked |  0
|  37|0x0000000714200000, 0x0000000714400000, 0x0000000714400000|100%| O|  |TAMS 0x0000000714200000| PB 0x0000000714200000| Untracked |  0
|  38|0x0000000714400000, 0x0000000714600000, 0x0000000714600000|100%| O|  |TAMS 0x0000000714400000| PB 0x0000000714400000| Untracked |  0
|  39|0x0000000714600000, 0x0000000714800000, 0x0000000714800000|100%| O|  |TAMS 0x0000000714600000| PB 0x0000000714600000| Untracked |  0
|  40|0x0000000714800000, 0x0000000714a00000, 0x0000000714a00000|100%| O|  |TAMS 0x0000000714800000| PB 0x0000000714800000| Untracked |  0
|  41|0x0000000714a00000, 0x0000000714c00000, 0x0000000714c00000|100%| O|  |TAMS 0x0000000714a00000| PB 0x0000000714a00000| Untracked |  0
|  42|0x0000000714c00000, 0x0000000714e00000, 0x0000000714e00000|100%| O|  |TAMS 0x0000000714c00000| PB 0x0000000714c00000| Untracked |  0
|  43|0x0000000714e00000, 0x0000000715000000, 0x0000000715000000|100%| O|  |TAMS 0x0000000714e00000| PB 0x0000000714e00000| Untracked |  0
|  44|0x0000000715000000, 0x0000000715200000, 0x0000000715200000|100%| O|  |TAMS 0x0000000715000000| PB 0x0000000715000000| Untracked |  0
|  45|0x0000000715200000, 0x0000000715400000, 0x0000000715400000|100%| O|  |TAMS 0x0000000715200000| PB 0x0000000715200000| Untracked |  0
|  46|0x0000000715400000, 0x0000000715600000, 0x0000000715600000|100%| O|  |TAMS 0x0000000715400000| PB 0x0000000715400000| Untracked |  0
|  47|0x0000000715600000, 0x0000000715800000, 0x0000000715800000|100%| O|  |TAMS 0x0000000715600000| PB 0x0000000715600000| Untracked |  0
|  48|0x0000000715800000, 0x0000000715a00000, 0x0000000715a00000|100%| O|  |TAMS 0x0000000715800000| PB 0x0000000715800000| Untracked |  0
|  49|0x0000000715a00000, 0x0000000715c00000, 0x0000000715c00000|100%| O|  |TAMS 0x0000000715a00000| PB 0x0000000715a00000| Untracked |  0
|  50|0x0000000715c00000, 0x0000000715e00000, 0x0000000715e00000|100%|HS|  |TAMS 0x0000000715c00000| PB 0x0000000715c00000| Complete |  0
|  51|0x0000000715e00000, 0x0000000716000000, 0x0000000716000000|100%|HS|  |TAMS 0x0000000715e00000| PB 0x0000000715e00000| Complete |  0
|  52|0x0000000716000000, 0x0000000716200000, 0x0000000716200000|100%| O|  |TAMS 0x0000000716000000| PB 0x0000000716000000| Untracked |  0
|  53|0x0000000716200000, 0x0000000716400000, 0x0000000716400000|100%| O|  |TAMS 0x0000000716200000| PB 0x0000000716200000| Untracked |  0
|  54|0x0000000716400000, 0x0000000716600000, 0x0000000716600000|100%| O|  |TAMS 0x0000000716400000| PB 0x0000000716400000| Untracked |  0
|  55|0x0000000716600000, 0x0000000716800000, 0x0000000716800000|100%| O|  |TAMS 0x0000000716600000| PB 0x0000000716600000| Untracked |  0
|  56|0x0000000716800000, 0x0000000716a00000, 0x0000000716a00000|100%| O|  |TAMS 0x0000000716800000| PB 0x0000000716800000| Untracked |  0
|  57|0x0000000716a00000, 0x0000000716c00000, 0x0000000716c00000|100%| O|  |TAMS 0x0000000716a00000| PB 0x0000000716a00000| Untracked |  0
|  58|0x0000000716c00000, 0x0000000716e00000, 0x0000000716e00000|100%| O|  |TAMS 0x0000000716c00000| PB 0x0000000716c00000| Untracked |  0
|  59|0x0000000716e00000, 0x0000000717000000, 0x0000000717000000|100%| O|  |TAMS 0x0000000716e00000| PB 0x0000000716e00000| Untracked |  0
|  60|0x0000000717000000, 0x0000000717200000, 0x0000000717200000|100%| O|  |TAMS 0x0000000717000000| PB 0x0000000717000000| Untracked |  0
|  61|0x0000000717200000, 0x0000000717400000, 0x0000000717400000|100%| O|  |TAMS 0x0000000717200000| PB 0x0000000717200000| Untracked |  0
|  62|0x0000000717400000, 0x0000000717600000, 0x0000000717600000|100%| O|  |TAMS 0x0000000717400000| PB 0x0000000717400000| Untracked |  0
|  63|0x0000000717600000, 0x0000000717800000, 0x0000000717800000|100%| O|  |TAMS 0x0000000717600000| PB 0x0000000717600000| Untracked |  0
|  64|0x0000000717800000, 0x0000000717a00000, 0x0000000717a00000|100%| O|  |TAMS 0x0000000717800000| PB 0x0000000717800000| Untracked |  0
|  65|0x0000000717a00000, 0x0000000717c00000, 0x0000000717c00000|100%| O|  |TAMS 0x0000000717a00000| PB 0x0000000717a00000| Untracked |  0
|  66|0x0000000717c00000, 0x0000000717e00000, 0x0000000717e00000|100%| O|  |TAMS 0x0000000717c00000| PB 0x0000000717c00000| Untracked |  0
|  67|0x0000000717e00000, 0x0000000718000000, 0x0000000718000000|100%| O|  |TAMS 0x0000000717e00000| PB 0x0000000717e00000| Untracked |  0
|  68|0x0000000718000000, 0x0000000718200000, 0x0000000718200000|100%| O|  |TAMS 0x0000000718000000| PB 0x0000000718000000| Untracked |  0
|  69|0x0000000718200000, 0x0000000718400000, 0x0000000718400000|100%| O|  |TAMS 0x0000000718200000| PB 0x0000000718200000| Untracked |  0
|  70|0x0000000718400000, 0x0000000718600000, 0x0000000718600000|100%| O|  |TAMS 0x0000000718400000| PB 0x0000000718400000| Untracked |  0
|  71|0x0000000718600000, 0x0000000718800000, 0x0000000718800000|100%| O|  |TAMS 0x0000000718600000| PB 0x0000000718600000| Untracked |  0
|  72|0x0000000718800000, 0x0000000718a00000, 0x0000000718a00000|100%| O|  |TAMS 0x0000000718800000| PB 0x0000000718800000| Untracked |  0
|  73|0x0000000718a00000, 0x0000000718c00000, 0x0000000718c00000|100%| O|  |TAMS 0x0000000718a00000| PB 0x0000000718a00000| Untracked |  0
|  74|0x0000000718c00000, 0x0000000718e00000, 0x0000000718e00000|100%| O|  |TAMS 0x0000000718c00000| PB 0x0000000718c00000| Untracked |  0
|  75|0x0000000718e00000, 0x0000000719000000, 0x0000000719000000|100%| O|  |TAMS 0x0000000718e00000| PB 0x0000000718e00000| Untracked |  0
|  76|0x0000000719000000, 0x0000000719200000, 0x0000000719200000|100%| O|  |TAMS 0x0000000719000000| PB 0x0000000719000000| Untracked |  0
|  77|0x0000000719200000, 0x0000000719200000, 0x0000000719400000|  0%| F|  |TAMS 0x0000000719200000| PB 0x0000000719200000| Untracked |  0
|  78|0x0000000719400000, 0x0000000719600000, 0x0000000719600000|100%| O|  |TAMS 0x0000000719400000| PB 0x0000000719400000| Untracked |  0
|  79|0x0000000719600000, 0x0000000719800000, 0x0000000719800000|100%| O|  |TAMS 0x0000000719600000| PB 0x0000000719600000| Untracked |  0
|  80|0x0000000719800000, 0x0000000719a00000, 0x0000000719a00000|100%| O|  |TAMS 0x0000000719800000| PB 0x0000000719800000| Untracked |  0
|  81|0x0000000719a00000, 0x0000000719c00000, 0x0000000719c00000|100%| O|  |TAMS 0x0000000719a00000| PB 0x0000000719a00000| Untracked |  0
|  82|0x0000000719c00000, 0x0000000719e00000, 0x0000000719e00000|100%| O|  |TAMS 0x0000000719c00000| PB 0x0000000719c00000| Untracked |  0
|  83|0x0000000719e00000, 0x000000071a000000, 0x000000071a000000|100%| O|  |TAMS 0x0000000719e00000| PB 0x0000000719e00000| Untracked |  0
|  84|0x000000071a000000, 0x000000071a000000, 0x000000071a200000|  0%| F|  |TAMS 0x000000071a000000| PB 0x000000071a000000| Untracked |  0
|  85|0x000000071a200000, 0x000000071a200000, 0x000000071a400000|  0%| F|  |TAMS 0x000000071a200000| PB 0x000000071a200000| Untracked |  0
|  86|0x000000071a400000, 0x000000071a400000, 0x000000071a600000|  0%| F|  |TAMS 0x000000071a400000| PB 0x000000071a400000| Untracked |  0
|  87|0x000000071a600000, 0x000000071a600000, 0x000000071a800000|  0%| F|  |TAMS 0x000000071a600000| PB 0x000000071a600000| Untracked |  0
|  88|0x000000071a800000, 0x000000071a800000, 0x000000071aa00000|  0%| F|  |TAMS 0x000000071a800000| PB 0x000000071a800000| Untracked |  0
|  89|0x000000071aa00000, 0x000000071ac00000, 0x000000071ac00000|100%| O|  |TAMS 0x000000071aa00000| PB 0x000000071aa00000| Untracked |  0
|  90|0x000000071ac00000, 0x000000071ae00000, 0x000000071ae00000|100%| O|  |TAMS 0x000000071ac00000| PB 0x000000071ac00000| Untracked |  0
|  91|0x000000071ae00000, 0x000000071b000000, 0x000000071b000000|100%| O|  |TAMS 0x000000071ae00000| PB 0x000000071ae00000| Untracked |  0
|  92|0x000000071b000000, 0x000000071b200000, 0x000000071b200000|100%| O|  |TAMS 0x000000071b000000| PB 0x000000071b000000| Untracked |  0
|  93|0x000000071b200000, 0x000000071b400000, 0x000000071b400000|100%| O|  |TAMS 0x000000071b200000| PB 0x000000071b200000| Untracked |  0
|  94|0x000000071b400000, 0x000000071b600000, 0x000000071b600000|100%| O|  |TAMS 0x000000071b400000| PB 0x000000071b400000| Untracked |  0
|  95|0x000000071b600000, 0x000000071b800000, 0x000000071b800000|100%| O|  |TAMS 0x000000071b600000| PB 0x000000071b600000| Untracked |  0
|  96|0x000000071b800000, 0x000000071ba00000, 0x000000071ba00000|100%| O|  |TAMS 0x000000071b800000| PB 0x000000071b800000| Untracked |  0
|  97|0x000000071ba00000, 0x000000071bc00000, 0x000000071bc00000|100%| O|  |TAMS 0x000000071ba00000| PB 0x000000071ba00000| Untracked |  0
|  98|0x000000071bc00000, 0x000000071be00000, 0x000000071be00000|100%| O|  |TAMS 0x000000071bc00000| PB 0x000000071bc00000| Untracked |  0
|  99|0x000000071be00000, 0x000000071c000000, 0x000000071c000000|100%| O|  |TAMS 0x000000071be00000| PB 0x000000071be00000| Untracked |  0
| 100|0x000000071c000000, 0x000000071c200000, 0x000000071c200000|100%| O|  |TAMS 0x000000071c000000| PB 0x000000071c000000| Untracked |  0
| 101|0x000000071c200000, 0x000000071c400000, 0x000000071c400000|100%| O|  |TAMS 0x000000071c200000| PB 0x000000071c200000| Untracked |  0
| 102|0x000000071c400000, 0x000000071c600000, 0x000000071c600000|100%| O|  |TAMS 0x000000071c400000| PB 0x000000071c400000| Untracked |  0
| 103|0x000000071c600000, 0x000000071c800000, 0x000000071c800000|100%| O|  |TAMS 0x000000071c600000| PB 0x000000071c600000| Untracked |  0
| 104|0x000000071c800000, 0x000000071c8c9d30, 0x000000071ca00000| 39%| O|  |TAMS 0x000000071c800000| PB 0x000000071c800000| Untracked |  0
| 105|0x000000071ca00000, 0x000000071ca00000, 0x000000071cc00000|  0%| F|  |TAMS 0x000000071ca00000| PB 0x000000071ca00000| Untracked |  0
| 106|0x000000071cc00000, 0x000000071cc00000, 0x000000071ce00000|  0%| F|  |TAMS 0x000000071cc00000| PB 0x000000071cc00000| Untracked |  0
| 107|0x000000071ce00000, 0x000000071ce00000, 0x000000071d000000|  0%| F|  |TAMS 0x000000071ce00000| PB 0x000000071ce00000| Untracked |  0
| 108|0x000000071d000000, 0x000000071d000000, 0x000000071d200000|  0%| F|  |TAMS 0x000000071d000000| PB 0x000000071d000000| Untracked |  0
| 109|0x000000071d200000, 0x000000071d200000, 0x000000071d400000|  0%| F|  |TAMS 0x000000071d200000| PB 0x000000071d200000| Untracked |  0
| 110|0x000000071d400000, 0x000000071d400000, 0x000000071d600000|  0%| F|  |TAMS 0x000000071d400000| PB 0x000000071d400000| Untracked |  0
| 111|0x000000071d600000, 0x000000071d600000, 0x000000071d800000|  0%| F|  |TAMS 0x000000071d600000| PB 0x000000071d600000| Untracked |  0
| 112|0x000000071d800000, 0x000000071d800000, 0x000000071da00000|  0%| F|  |TAMS 0x000000071d800000| PB 0x000000071d800000| Untracked |  0
| 113|0x000000071da00000, 0x000000071db687b0, 0x000000071dc00000| 70%| S|CS|TAMS 0x000000071da00000| PB 0x000000071da00000| Complete |  0
| 114|0x000000071dc00000, 0x000000071de00000, 0x000000071de00000|100%| S|CS|TAMS 0x000000071dc00000| PB 0x000000071dc00000| Complete |  0
| 115|0x000000071de00000, 0x000000071e000000, 0x000000071e000000|100%| S|CS|TAMS 0x000000071de00000| PB 0x000000071de00000| Complete |  0
| 116|0x000000071e000000, 0x000000071e200000, 0x000000071e200000|100%| S|CS|TAMS 0x000000071e000000| PB 0x000000071e000000| Complete |  0
| 117|0x000000071e200000, 0x000000071e400000, 0x000000071e400000|100%| S|CS|TAMS 0x000000071e200000| PB 0x000000071e200000| Complete |  0
| 118|0x000000071e400000, 0x000000071e600000, 0x000000071e600000|100%| S|CS|TAMS 0x000000071e400000| PB 0x000000071e400000| Complete |  0
| 119|0x000000071e600000, 0x000000071e600000, 0x000000071e800000|  0%| F|  |TAMS 0x000000071e600000| PB 0x000000071e600000| Untracked |  0
| 120|0x000000071e800000, 0x000000071e800000, 0x000000071ea00000|  0%| F|  |TAMS 0x000000071e800000| PB 0x000000071e800000| Untracked |  0
| 121|0x000000071ea00000, 0x000000071ea00000, 0x000000071ec00000|  0%| F|  |TAMS 0x000000071ea00000| PB 0x000000071ea00000| Untracked |  0
| 122|0x000000071ec00000, 0x000000071ec00000, 0x000000071ee00000|  0%| F|  |TAMS 0x000000071ec00000| PB 0x000000071ec00000| Untracked |  0
| 123|0x000000071ee00000, 0x000000071ee00000, 0x000000071f000000|  0%| F|  |TAMS 0x000000071ee00000| PB 0x000000071ee00000| Untracked |  0
| 124|0x000000071f000000, 0x000000071f000000, 0x000000071f200000|  0%| F|  |TAMS 0x000000071f000000| PB 0x000000071f000000| Untracked |  0
| 125|0x000000071f200000, 0x000000071f200000, 0x000000071f400000|  0%| F|  |TAMS 0x000000071f200000| PB 0x000000071f200000| Untracked |  0
| 126|0x000000071f400000, 0x000000071f400000, 0x000000071f600000|  0%| F|  |TAMS 0x000000071f400000| PB 0x000000071f400000| Untracked |  0
| 127|0x000000071f600000, 0x000000071f600000, 0x000000071f800000|  0%| F|  |TAMS 0x000000071f600000| PB 0x000000071f600000| Untracked |  0
| 128|0x000000071f800000, 0x000000071f800000, 0x000000071fa00000|  0%| F|  |TAMS 0x000000071f800000| PB 0x000000071f800000| Untracked |  0
| 129|0x000000071fa00000, 0x000000071fa00000, 0x000000071fc00000|  0%| F|  |TAMS 0x000000071fa00000| PB 0x000000071fa00000| Untracked |  0
| 130|0x000000071fc00000, 0x000000071fc00000, 0x000000071fe00000|  0%| F|  |TAMS 0x000000071fc00000| PB 0x000000071fc00000| Untracked |  0
| 131|0x000000071fe00000, 0x000000071fe00000, 0x0000000720000000|  0%| F|  |TAMS 0x000000071fe00000| PB 0x000000071fe00000| Untracked |  0
| 132|0x0000000720000000, 0x0000000720000000, 0x0000000720200000|  0%| F|  |TAMS 0x0000000720000000| PB 0x0000000720000000| Untracked |  0
| 133|0x0000000720200000, 0x0000000720200000, 0x0000000720400000|  0%| F|  |TAMS 0x0000000720200000| PB 0x0000000720200000| Untracked |  0
| 134|0x0000000720400000, 0x0000000720400000, 0x0000000720600000|  0%| F|  |TAMS 0x0000000720400000| PB 0x0000000720400000| Untracked |  0
| 135|0x0000000720600000, 0x0000000720600000, 0x0000000720800000|  0%| F|  |TAMS 0x0000000720600000| PB 0x0000000720600000| Untracked |  0
| 136|0x0000000720800000, 0x0000000720800000, 0x0000000720a00000|  0%| F|  |TAMS 0x0000000720800000| PB 0x0000000720800000| Untracked |  0
| 137|0x0000000720a00000, 0x0000000720a00000, 0x0000000720c00000|  0%| F|  |TAMS 0x0000000720a00000| PB 0x0000000720a00000| Untracked |  0
| 138|0x0000000720c00000, 0x0000000720c00000, 0x0000000720e00000|  0%| F|  |TAMS 0x0000000720c00000| PB 0x0000000720c00000| Untracked |  0
| 139|0x0000000720e00000, 0x0000000720e00000, 0x0000000721000000|  0%| F|  |TAMS 0x0000000720e00000| PB 0x0000000720e00000| Untracked |  0
| 140|0x0000000721000000, 0x0000000721000000, 0x0000000721200000|  0%| F|  |TAMS 0x0000000721000000| PB 0x0000000721000000| Untracked |  0
| 141|0x0000000721200000, 0x0000000721200000, 0x0000000721400000|  0%| F|  |TAMS 0x0000000721200000| PB 0x0000000721200000| Untracked |  0
| 142|0x0000000721400000, 0x0000000721400000, 0x0000000721600000|  0%| F|  |TAMS 0x0000000721400000| PB 0x0000000721400000| Untracked |  0
| 143|0x0000000721600000, 0x0000000721600000, 0x0000000721800000|  0%| F|  |TAMS 0x0000000721600000| PB 0x0000000721600000| Untracked |  0
| 144|0x0000000721800000, 0x0000000721800000, 0x0000000721a00000|  0%| F|  |TAMS 0x0000000721800000| PB 0x0000000721800000| Untracked |  0
| 145|0x0000000721a00000, 0x0000000721a00000, 0x0000000721c00000|  0%| F|  |TAMS 0x0000000721a00000| PB 0x0000000721a00000| Untracked |  0
| 146|0x0000000721c00000, 0x0000000721c00000, 0x0000000721e00000|  0%| F|  |TAMS 0x0000000721c00000| PB 0x0000000721c00000| Untracked |  0
| 147|0x0000000721e00000, 0x0000000721e00000, 0x0000000722000000|  0%| F|  |TAMS 0x0000000721e00000| PB 0x0000000721e00000| Untracked |  0
| 148|0x0000000722000000, 0x0000000722000000, 0x0000000722200000|  0%| F|  |TAMS 0x0000000722000000| PB 0x0000000722000000| Untracked |  0
| 149|0x0000000722200000, 0x0000000722200000, 0x0000000722400000|  0%| F|  |TAMS 0x0000000722200000| PB 0x0000000722200000| Untracked |  0
| 150|0x0000000722400000, 0x0000000722400000, 0x0000000722600000|  0%| F|  |TAMS 0x0000000722400000| PB 0x0000000722400000| Untracked |  0
| 151|0x0000000722600000, 0x0000000722600000, 0x0000000722800000|  0%| F|  |TAMS 0x0000000722600000| PB 0x0000000722600000| Untracked |  0
| 152|0x0000000722800000, 0x0000000722800000, 0x0000000722a00000|  0%| F|  |TAMS 0x0000000722800000| PB 0x0000000722800000| Untracked |  0
| 153|0x0000000722a00000, 0x0000000722a00000, 0x0000000722c00000|  0%| F|  |TAMS 0x0000000722a00000| PB 0x0000000722a00000| Untracked |  0
| 154|0x0000000722c00000, 0x0000000722c00000, 0x0000000722e00000|  0%| F|  |TAMS 0x0000000722c00000| PB 0x0000000722c00000| Untracked |  0
| 155|0x0000000722e00000, 0x0000000722e00000, 0x0000000723000000|  0%| F|  |TAMS 0x0000000722e00000| PB 0x0000000722e00000| Untracked |  0
| 156|0x0000000723000000, 0x0000000723000000, 0x0000000723200000|  0%| F|  |TAMS 0x0000000723000000| PB 0x0000000723000000| Untracked |  0
| 157|0x0000000723200000, 0x0000000723200000, 0x0000000723400000|  0%| F|  |TAMS 0x0000000723200000| PB 0x0000000723200000| Untracked |  0
| 158|0x0000000723400000, 0x0000000723400000, 0x0000000723600000|  0%| F|  |TAMS 0x0000000723400000| PB 0x0000000723400000| Untracked |  0
| 159|0x0000000723600000, 0x0000000723600000, 0x0000000723800000|  0%| F|  |TAMS 0x0000000723600000| PB 0x0000000723600000| Untracked |  0
| 160|0x0000000723800000, 0x0000000723800000, 0x0000000723a00000|  0%| F|  |TAMS 0x0000000723800000| PB 0x0000000723800000| Untracked |  0
| 161|0x0000000723a00000, 0x0000000723a00000, 0x0000000723c00000|  0%| F|  |TAMS 0x0000000723a00000| PB 0x0000000723a00000| Untracked |  0
| 162|0x0000000723c00000, 0x0000000723c00000, 0x0000000723e00000|  0%| F|  |TAMS 0x0000000723c00000| PB 0x0000000723c00000| Untracked |  0
| 163|0x0000000723e00000, 0x0000000723e00000, 0x0000000724000000|  0%| F|  |TAMS 0x0000000723e00000| PB 0x0000000723e00000| Untracked |  0
| 164|0x0000000724000000, 0x0000000724000000, 0x0000000724200000|  0%| F|  |TAMS 0x0000000724000000| PB 0x0000000724000000| Untracked |  0
| 165|0x0000000724200000, 0x0000000724200000, 0x0000000724400000|  0%| F|  |TAMS 0x0000000724200000| PB 0x0000000724200000| Untracked |  0
| 166|0x0000000724400000, 0x0000000724400000, 0x0000000724600000|  0%| F|  |TAMS 0x0000000724400000| PB 0x0000000724400000| Untracked |  0
| 167|0x0000000724600000, 0x0000000724600000, 0x0000000724800000|  0%| F|  |TAMS 0x0000000724600000| PB 0x0000000724600000| Untracked |  0
| 168|0x0000000724800000, 0x0000000724800000, 0x0000000724a00000|  0%| F|  |TAMS 0x0000000724800000| PB 0x0000000724800000| Untracked |  0
| 169|0x0000000724a00000, 0x0000000724a00000, 0x0000000724c00000|  0%| F|  |TAMS 0x0000000724a00000| PB 0x0000000724a00000| Untracked |  0
| 170|0x0000000724c00000, 0x0000000724c00000, 0x0000000724e00000|  0%| F|  |TAMS 0x0000000724c00000| PB 0x0000000724c00000| Untracked |  0
| 171|0x0000000724e00000, 0x0000000724e00000, 0x0000000725000000|  0%| F|  |TAMS 0x0000000724e00000| PB 0x0000000724e00000| Untracked |  0
| 172|0x0000000725000000, 0x0000000725000000, 0x0000000725200000|  0%| F|  |TAMS 0x0000000725000000| PB 0x0000000725000000| Untracked |  0
| 173|0x0000000725200000, 0x0000000725200000, 0x0000000725400000|  0%| F|  |TAMS 0x0000000725200000| PB 0x0000000725200000| Untracked |  0
| 174|0x0000000725400000, 0x0000000725400000, 0x0000000725600000|  0%| F|  |TAMS 0x0000000725400000| PB 0x0000000725400000| Untracked |  0
| 175|0x0000000725600000, 0x0000000725600000, 0x0000000725800000|  0%| F|  |TAMS 0x0000000725600000| PB 0x0000000725600000| Untracked |  0
| 176|0x0000000725800000, 0x0000000725800000, 0x0000000725a00000|  0%| F|  |TAMS 0x0000000725800000| PB 0x0000000725800000| Untracked |  0
| 177|0x0000000725a00000, 0x0000000725a00000, 0x0000000725c00000|  0%| F|  |TAMS 0x0000000725a00000| PB 0x0000000725a00000| Untracked |  0
| 178|0x0000000725c00000, 0x0000000725c00000, 0x0000000725e00000|  0%| F|  |TAMS 0x0000000725c00000| PB 0x0000000725c00000| Untracked |  0
| 179|0x0000000725e00000, 0x0000000725e00000, 0x0000000726000000|  0%| F|  |TAMS 0x0000000725e00000| PB 0x0000000725e00000| Untracked |  0
| 180|0x0000000726000000, 0x0000000726000000, 0x0000000726200000|  0%| F|  |TAMS 0x0000000726000000| PB 0x0000000726000000| Untracked |  0
| 181|0x0000000726200000, 0x0000000726200000, 0x0000000726400000|  0%| F|  |TAMS 0x0000000726200000| PB 0x0000000726200000| Untracked |  0
| 182|0x0000000726400000, 0x0000000726400000, 0x0000000726600000|  0%| F|  |TAMS 0x0000000726400000| PB 0x0000000726400000| Untracked |  0
| 183|0x0000000726600000, 0x0000000726600000, 0x0000000726800000|  0%| F|  |TAMS 0x0000000726600000| PB 0x0000000726600000| Untracked |  0
| 184|0x0000000726800000, 0x0000000726800000, 0x0000000726a00000|  0%| F|  |TAMS 0x0000000726800000| PB 0x0000000726800000| Untracked |  0
| 185|0x0000000726a00000, 0x0000000726a00000, 0x0000000726c00000|  0%| F|  |TAMS 0x0000000726a00000| PB 0x0000000726a00000| Untracked |  0
| 186|0x0000000726c00000, 0x0000000726c00000, 0x0000000726e00000|  0%| F|  |TAMS 0x0000000726c00000| PB 0x0000000726c00000| Untracked |  0
| 187|0x0000000726e00000, 0x0000000726e00000, 0x0000000727000000|  0%| F|  |TAMS 0x0000000726e00000| PB 0x0000000726e00000| Untracked |  0
| 188|0x0000000727000000, 0x0000000727000000, 0x0000000727200000|  0%| F|  |TAMS 0x0000000727000000| PB 0x0000000727000000| Untracked |  0
| 189|0x0000000727200000, 0x0000000727200000, 0x0000000727400000|  0%| F|  |TAMS 0x0000000727200000| PB 0x0000000727200000| Untracked |  0
| 190|0x0000000727400000, 0x0000000727400000, 0x0000000727600000|  0%| F|  |TAMS 0x0000000727400000| PB 0x0000000727400000| Untracked |  0
| 191|0x0000000727600000, 0x0000000727600000, 0x0000000727800000|  0%| F|  |TAMS 0x0000000727600000| PB 0x0000000727600000| Untracked |  0
| 192|0x0000000727800000, 0x0000000727800000, 0x0000000727a00000|  0%| F|  |TAMS 0x0000000727800000| PB 0x0000000727800000| Untracked |  0
| 193|0x0000000727a00000, 0x0000000727a00000, 0x0000000727c00000|  0%| F|  |TAMS 0x0000000727a00000| PB 0x0000000727a00000| Untracked |  0
| 194|0x0000000727c00000, 0x0000000727c00000, 0x0000000727e00000|  0%| F|  |TAMS 0x0000000727c00000| PB 0x0000000727c00000| Untracked |  0
| 195|0x0000000727e00000, 0x0000000727e00000, 0x0000000728000000|  0%| F|  |TAMS 0x0000000727e00000| PB 0x0000000727e00000| Untracked |  0
| 196|0x0000000728000000, 0x0000000728000000, 0x0000000728200000|  0%| F|  |TAMS 0x0000000728000000| PB 0x0000000728000000| Untracked |  0
| 197|0x0000000728200000, 0x0000000728200000, 0x0000000728400000|  0%| F|  |TAMS 0x0000000728200000| PB 0x0000000728200000| Untracked |  0
| 198|0x0000000728400000, 0x0000000728400000, 0x0000000728600000|  0%| F|  |TAMS 0x0000000728400000| PB 0x0000000728400000| Untracked |  0
| 199|0x0000000728600000, 0x0000000728600000, 0x0000000728800000|  0%| F|  |TAMS 0x0000000728600000| PB 0x0000000728600000| Untracked |  0
| 200|0x0000000728800000, 0x0000000728800000, 0x0000000728a00000|  0%| F|  |TAMS 0x0000000728800000| PB 0x0000000728800000| Untracked |  0
| 201|0x0000000728a00000, 0x0000000728a00000, 0x0000000728c00000|  0%| F|  |TAMS 0x0000000728a00000| PB 0x0000000728a00000| Untracked |  0
| 202|0x0000000728c00000, 0x0000000728c00000, 0x0000000728e00000|  0%| F|  |TAMS 0x0000000728c00000| PB 0x0000000728c00000| Untracked |  0
| 203|0x0000000728e00000, 0x0000000728e00000, 0x0000000729000000|  0%| F|  |TAMS 0x0000000728e00000| PB 0x0000000728e00000| Untracked |  0
| 204|0x0000000729000000, 0x00000007290697a0, 0x0000000729200000| 20%| E|  |TAMS 0x0000000729000000| PB 0x0000000729000000| Complete |  0
| 205|0x0000000729200000, 0x0000000729400000, 0x0000000729400000|100%| E|CS|TAMS 0x0000000729200000| PB 0x0000000729200000| Complete |  0
| 206|0x0000000729400000, 0x0000000729600000, 0x0000000729600000|100%| E|CS|TAMS 0x0000000729400000| PB 0x0000000729400000| Complete |  0
| 207|0x0000000729600000, 0x0000000729800000, 0x0000000729800000|100%| E|CS|TAMS 0x0000000729600000| PB 0x0000000729600000| Complete |  0
| 208|0x0000000729800000, 0x0000000729a00000, 0x0000000729a00000|100%| E|CS|TAMS 0x0000000729800000| PB 0x0000000729800000| Complete |  0
| 209|0x0000000729a00000, 0x0000000729c00000, 0x0000000729c00000|100%| E|CS|TAMS 0x0000000729a00000| PB 0x0000000729a00000| Complete |  0
| 210|0x0000000729c00000, 0x0000000729e00000, 0x0000000729e00000|100%| E|CS|TAMS 0x0000000729c00000| PB 0x0000000729c00000| Complete |  0
| 211|0x0000000729e00000, 0x000000072a000000, 0x000000072a000000|100%| E|CS|TAMS 0x0000000729e00000| PB 0x0000000729e00000| Complete |  0
| 212|0x000000072a000000, 0x000000072a200000, 0x000000072a200000|100%| E|CS|TAMS 0x000000072a000000| PB 0x000000072a000000| Complete |  0
| 213|0x000000072a200000, 0x000000072a400000, 0x000000072a400000|100%| E|CS|TAMS 0x000000072a200000| PB 0x000000072a200000| Complete |  0
| 214|0x000000072a400000, 0x000000072a600000, 0x000000072a600000|100%| E|CS|TAMS 0x000000072a400000| PB 0x000000072a400000| Complete |  0
| 215|0x000000072a600000, 0x000000072a800000, 0x000000072a800000|100%| E|CS|TAMS 0x000000072a600000| PB 0x000000072a600000| Complete |  0
| 216|0x000000072a800000, 0x000000072aa00000, 0x000000072aa00000|100%| E|CS|TAMS 0x000000072a800000| PB 0x000000072a800000| Complete |  0
| 217|0x000000072aa00000, 0x000000072ac00000, 0x000000072ac00000|100%| E|CS|TAMS 0x000000072aa00000| PB 0x000000072aa00000| Complete |  0
| 218|0x000000072ac00000, 0x000000072ae00000, 0x000000072ae00000|100%| E|CS|TAMS 0x000000072ac00000| PB 0x000000072ac00000| Complete |  0
| 219|0x000000072ae00000, 0x000000072b000000, 0x000000072b000000|100%| E|CS|TAMS 0x000000072ae00000| PB 0x000000072ae00000| Complete |  0
| 220|0x000000072b000000, 0x000000072b200000, 0x000000072b200000|100%| E|CS|TAMS 0x000000072b000000| PB 0x000000072b000000| Complete |  0
| 221|0x000000072b200000, 0x000000072b400000, 0x000000072b400000|100%| E|CS|TAMS 0x000000072b200000| PB 0x000000072b200000| Complete |  0
| 222|0x000000072b400000, 0x000000072b600000, 0x000000072b600000|100%| E|CS|TAMS 0x000000072b400000| PB 0x000000072b400000| Complete |  0
| 223|0x000000072b600000, 0x000000072b800000, 0x000000072b800000|100%| E|CS|TAMS 0x000000072b600000| PB 0x000000072b600000| Complete |  0
| 224|0x000000072b800000, 0x000000072ba00000, 0x000000072ba00000|100%| E|CS|TAMS 0x000000072b800000| PB 0x000000072b800000| Complete |  0
| 225|0x000000072ba00000, 0x000000072bc00000, 0x000000072bc00000|100%| E|CS|TAMS 0x000000072ba00000| PB 0x000000072ba00000| Complete |  0
| 226|0x000000072bc00000, 0x000000072be00000, 0x000000072be00000|100%| E|CS|TAMS 0x000000072bc00000| PB 0x000000072bc00000| Complete |  0
| 227|0x000000072be00000, 0x000000072c000000, 0x000000072c000000|100%| E|CS|TAMS 0x000000072be00000| PB 0x000000072be00000| Complete |  0
| 228|0x000000072c000000, 0x000000072c200000, 0x000000072c200000|100%| E|CS|TAMS 0x000000072c000000| PB 0x000000072c000000| Complete |  0
| 229|0x000000072c200000, 0x000000072c400000, 0x000000072c400000|100%| E|CS|TAMS 0x000000072c200000| PB 0x000000072c200000| Complete |  0
| 230|0x000000072c400000, 0x000000072c600000, 0x000000072c600000|100%| E|CS|TAMS 0x000000072c400000| PB 0x000000072c400000| Complete |  0
| 231|0x000000072c600000, 0x000000072c800000, 0x000000072c800000|100%| E|CS|TAMS 0x000000072c600000| PB 0x000000072c600000| Complete |  0
| 232|0x000000072c800000, 0x000000072ca00000, 0x000000072ca00000|100%| E|CS|TAMS 0x000000072c800000| PB 0x000000072c800000| Complete |  0
| 233|0x000000072ca00000, 0x000000072cc00000, 0x000000072cc00000|100%| E|CS|TAMS 0x000000072ca00000| PB 0x000000072ca00000| Complete |  0
| 234|0x000000072cc00000, 0x000000072ce00000, 0x000000072ce00000|100%| E|CS|TAMS 0x000000072cc00000| PB 0x000000072cc00000| Complete |  0
|1915|0x00000007fee00000, 0x00000007ff000000, 0x00000007ff000000|100%| O|Cm|TAMS 0x00000007fee00000| PB 0x00000007fee00000| Complete |  0
|1916|0x00000007ff000000, 0x00000007ff200000, 0x00000007ff200000|100%| O|Cm|TAMS 0x00000007ff000000| PB 0x00000007ff000000| Complete |  0
|1917|0x00000007ff200000, 0x00000007ff400000, 0x00000007ff400000|100%| O|  |TAMS 0x00000007ff200000| PB 0x00000007ff200000| Untracked |  0
|1918|0x00000007ff400000, 0x00000007ff600000, 0x00000007ff600000|100%| O|  |TAMS 0x00000007ff400000| PB 0x00000007ff400000| Untracked |  0
|1919|0x00000007ff600000, 0x00000007ff800000, 0x00000007ff800000|100%| O|  |TAMS 0x00000007ff600000| PB 0x00000007ff600000| Untracked |  0
|1920|0x00000007ff800000, 0x00000007ffa00000, 0x00000007ffa00000|100%| O|  |TAMS 0x00000007ff800000| PB 0x00000007ff800000| Untracked |  0
|1921|0x00000007ffa00000, 0x00000007ffc00000, 0x00000007ffc00000|100%| E|CS|TAMS 0x00000007ffa00000| PB 0x00000007ffa00000| Complete |  0
|1922|0x00000007ffc00000, 0x00000007ffe00000, 0x00000007ffe00000|100%| O|  |TAMS 0x00000007ffc00000| PB 0x00000007ffc00000| Untracked |  0
|1923|0x00000007ffe00000, 0x0000000800000000, 0x0000000800000000|100%| E|CS|TAMS 0x00000007ffe00000| PB 0x00000007ffe00000| Complete |  0

Card table byte_map: [0x0000ffff537b8000,0x0000ffff53f3c000] _byte_map_base: 0x0000ffff4ff3c000

Marking Bits: (CMBitMap*) 0x0000ffff4c1874a0
 Bits: [0x0000ffff353dc000, 0x0000ffff38ffc000)

Polling page: 0x0000ffff56e34000

Metaspace:
Metaspace        used 109463K, committed 110976K, reserved 1179648K
 class space     used 19097K, committed 19712K, reserved 1048576K

Usage:
  Non-class:     88.25 MB used.
      Class:     18.65 MB used.
       Both:    106.90 MB used.

Virtual space:
  Non-class space:      128.00 MB reserved,      89.12 MB ( 70%) committed,  2 nodes.
      Class space:        1.00 GB reserved,      19.25 MB (  2%) committed,  1 nodes.
             Both:        1.12 GB reserved,     108.38 MB (  9%) committed. 

Chunk freelists:
   Non-Class:  6.78 MB
       Class:  12.73 MB
        Both:  19.51 MB

MaxMetaspaceSize: unlimited
CompressedClassSpaceSize: 1.00 GB
Initial GC threshold: 21.00 MB
Current GC threshold: 172.62 MB
CDS: on
 - commit_granule_bytes: 65536.
 - commit_granule_words: 8192.
 - virtual_space_node_default_size: 8388608.
 - enlarge_chunks_in_place: 1.
UseCompressedClassPointers 1, UseCompactObjectHeaders 0
Narrow klass pointer bits 32, Max shift 3
Narrow klass base: 0x00007ffc00000000, Narrow klass shift: 0
Encoding Range: [0x00007ffc00000000 - 0x00007ffd00000000), (4294967296 bytes)
Klass Range:    [0x00007ffc00010000 - 0x00007ffc42000000), (1107230720 bytes)
Klass ID Range:  [65536 - 1107296249) (1107230713)
Protection zone: [0x00007ffc00000000 - 0x00007ffc00010000), (65536 bytes)


Internal statistics:

num_allocs_failed_limit: 27.
num_arena_births: 2484.
num_arena_deaths: 4.
num_vsnodes_births: 3.
num_vsnodes_deaths: 0.
num_space_committed: 1729.
num_space_uncommitted: 0.
num_chunks_returned_to_freelist: 32.
num_chunks_taken_from_freelist: 7305.
num_chunk_merges: 24.
num_chunk_splits: 4949.
num_chunks_enlarged: 3702.
num_inconsistent_stats: 0.

CodeHeap 'non-profiled nmethods': size=120032Kb used=7060Kb max_used=7060Kb free=112971Kb
 bounds [0x0000ffff40ac8000, 0x0000ffff411b8000, 0x0000ffff48000000]
CodeHeap 'profiled nmethods': size=120032Kb used=18631Kb max_used=18631Kb free=101400Kb
 bounds [0x0000ffff38ffc000, 0x0000ffff3a23c000, 0x0000ffff40534000]
CodeHeap 'non-nmethods': size=5712Kb used=3099Kb max_used=3206Kb free=2613Kb
 bounds [0x0000ffff40534000, 0x0000ffff40874000, 0x0000ffff40ac8000]
CodeCache: size=245776Kb, used=28790Kb, max_used=28897Kb, free=216984Kb
 total_blobs=16787, nmethods=14231, adapters=2415, full_count=0
Compilation: enabled, stopped_count=0, restarted_count=0

Compilation events (20 events):
Event: 34.521 Thread 0x0000ffff4c222c60 17676       3       java.lang.StackStreamFactory::isMethodHandleFrame (10 bytes)
Event: 34.521 Thread 0x0000ffff4c222c60 nmethod 17676 0x0000ffff3a233148 code [0x0000ffff3a233240, 0x0000ffff3a2334d8]
Event: 34.521 Thread 0x0000ffff4c221240 nmethod 17673 0x0000ffff411ac288 code [0x0000ffff411ac380, 0x0000ffff411acaa8]
Event: 34.522 Thread 0x0000ffff4c221240 17679       4       java.util.HashMap::values (25 bytes)
Event: 34.523 Thread 0x0000ffff4c221240 nmethod 17679 0x0000ffff411acac8 code [0x0000ffff411acbc0, 0x0000ffff411acdb0]
Event: 34.523 Thread 0x0000ffff4c222c60 17680       3       com.mojang.blaze3d.opengl.GlProgram$$Lambda/0x00007ffc032689d8::accept (10 bytes)
Event: 34.523 Thread 0x0000ffff4c222c60 nmethod 17680 0x0000ffff3a233508 code [0x0000ffff3a233600, 0x0000ffff3a2338e0]
Event: 34.523 Thread 0x0000ffff4c222c60 17681       3       com.mojang.blaze3d.opengl.Uniform::close (1 bytes)
Event: 34.523 Thread 0x0000ffff4c222c60 nmethod 17681 0x0000ffff3a233908 code [0x0000ffff3a233a00, 0x0000ffff3a233b20]
Event: 34.590 Thread 0x0000ffff4c221240 17682       4       java.util.stream.ReferencePipeline$Head::forEach (26 bytes)
Event: 34.591 Thread 0x0000ffff4c221240 nmethod 17682 0x0000ffff411acdc8 code [0x0000ffff411acec0, 0x0000ffff411ad0b8]
Event: 34.591 Thread 0x0000ffff4c221240 17688       4       java.util.concurrent.ConcurrentHashMap::get (162 bytes)
Event: 34.593 Thread 0x0000ffff4c222c60 17686       3       org.apache.logging.log4j.core.config.AbstractConfiguration::getLoggerConfig (56 bytes)
Event: 34.594 Thread 0x0000ffff4c222c60 nmethod 17686 0x0000ffff3a233b48 code [0x0000ffff3a233c40, 0x0000ffff3a234968]
Event: 34.594 Thread 0x0000ffff4c222c60 17687       3       org.apache.logging.log4j.core.Logger$PrivateConfig::<init> (67 bytes)
Event: 34.594 Thread 0x0000ffff4c222c60 nmethod 17687 0x0000ffff3a234988 code [0x0000ffff3a234a80, 0x0000ffff3a235310]
Event: 34.594 Thread 0x0000ffff4c222c60 17684       3       org.apache.logging.log4j.core.util.internal.InternalLoggerRegistry$$Lambda/0x00007ffc0211cb98::apply (8 bytes)
Event: 34.594 Thread 0x0000ffff4c222c60 nmethod 17684 0x0000ffff3a235348 code [0x0000ffff3a235440, 0x0000ffff3a235be8]
Event: 34.594 Thread 0x0000ffff4c222c60 17685       3       org.apache.logging.log4j.core.util.internal.InternalLoggerRegistry::lambda$getLoggers$2 (23 bytes)
Event: 34.594 Thread 0x0000ffff4c222c60 nmethod 17685 0x0000ffff3a235c08 code [0x0000ffff3a235d00, 0x0000ffff3a236340]

GC Heap Usage History (20 events):
Event: 3.111 {heap Before GC invocations=14 (full 0):
 garbage-first heap   total reserved 3940352K, committed 454656K, used 365169K [0x000000070f800000, 0x0000000800000000)
  region size 2048K, 133 young (272384K), 7 survivors (14336K)
}
Event: 3.116 {heap After GC invocations=15 (full 0):
 garbage-first heap   total reserved 3940352K, committed 454656K, used 113331K [0x000000070f800000, 0x0000000800000000)
  region size 2048K, 10 young (20480K), 10 survivors (20480K)
}
Event: 3.315 {heap Before GC invocations=15 (full 0):
 garbage-first heap   total reserved 3940352K, committed 454656K, used 268979K [0x000000070f800000, 0x0000000800000000)
  region size 2048K, 87 young (178176K), 10 survivors (20480K)
}
Event: 3.324 {heap After GC invocations=16 (full 0):
 garbage-first heap   total reserved 3940352K, committed 454656K, used 118293K [0x000000070f800000, 0x0000000800000000)
  region size 2048K, 9 young (18432K), 9 survivors (18432K)
}
Event: 3.704 {heap Before GC invocations=17 (full 0):
 garbage-first heap   total reserved 3940352K, committed 397312K, used 337429K [0x000000070f800000, 0x0000000800000000)
  region size 2048K, 116 young (237568K), 9 survivors (18432K)
}
Event: 3.715 {heap After GC invocations=18 (full 0):
 garbage-first heap   total reserved 3940352K, committed 397312K, used 125854K [0x000000070f800000, 0x0000000800000000)
  region size 2048K, 10 young (20480K), 10 survivors (20480K)
}
Event: 4.247 {heap Before GC invocations=18 (full 0):
 garbage-first heap   total reserved 3940352K, committed 397312K, used 347038K [0x000000070f800000, 0x0000000800000000)
  region size 2048K, 116 young (237568K), 10 survivors (20480K)
}
Event: 4.257 {heap After GC invocations=19 (full 0):
 garbage-first heap   total reserved 3940352K, committed 397312K, used 142507K [0x000000070f800000, 0x0000000800000000)
  region size 2048K, 14 young (28672K), 14 survivors (28672K)
}
Event: 4.880 {heap Before GC invocations=19 (full 0):
 garbage-first heap   total reserved 3940352K, committed 397312K, used 351403K [0x000000070f800000, 0x0000000800000000)
  region size 2048K, 116 young (237568K), 14 survivors (28672K)
}
Event: 4.890 {heap After GC invocations=20 (full 0):
 garbage-first heap   total reserved 3940352K, committed 397312K, used 149743K [0x000000070f800000, 0x0000000800000000)
  region size 2048K, 12 young (24576K), 12 survivors (24576K)
}
Event: 5.156 {heap Before GC invocations=20 (full 0):
 garbage-first heap   total reserved 3940352K, committed 397312K, used 362735K [0x000000070f800000, 0x0000000800000000)
  region size 2048K, 116 young (237568K), 12 survivors (24576K)
}
Event: 5.163 {heap After GC invocations=21 (full 0):
 garbage-first heap   total reserved 3940352K, committed 477184K, used 153707K [0x000000070f800000, 0x0000000800000000)
  region size 2048K, 6 young (12288K), 6 survivors (12288K)
}
Event: 5.385 {heap Before GC invocations=22 (full 0):
 garbage-first heap   total reserved 3940352K, committed 477184K, used 424043K [0x000000070f800000, 0x0000000800000000)
  region size 2048K, 139 young (284672K), 6 survivors (12288K)
}
Event: 5.392 {heap After GC invocations=23 (full 0):
 garbage-first heap   total reserved 3940352K, committed 477184K, used 177358K [0x000000070f800000, 0x0000000800000000)
  region size 2048K, 18 young (36864K), 18 survivors (36864K)
}
Event: 5.753 {heap Before GC invocations=23 (full 0):
 garbage-first heap   total reserved 3940352K, committed 477184K, used 435406K [0x000000070f800000, 0x0000000800000000)
  region size 2048K, 139 young (284672K), 18 survivors (36864K)
}
Event: 5.768 {heap After GC invocations=24 (full 0):
 garbage-first heap   total reserved 3940352K, committed 499712K, used 197658K [0x000000070f800000, 0x0000000800000000)
  region size 2048K, 13 young (26624K), 13 survivors (26624K)
}
Event: 6.171 {heap Before GC invocations=24 (full 0):
 garbage-first heap   total reserved 3940352K, committed 499712K, used 255002K [0x000000070f800000, 0x0000000800000000)
  region size 2048K, 43 young (88064K), 13 survivors (26624K)
}
Event: 6.180 {heap After GC invocations=25 (full 0):
 garbage-first heap   total reserved 3940352K, committed 499712K, used 216570K [0x000000070f800000, 0x0000000800000000)
  region size 2048K, 13 young (26624K), 13 survivors (26624K)
}
Event: 21.899 {heap Before GC invocations=26 (full 0):
 garbage-first heap   total reserved 3940352K, committed 499712K, used 441850K [0x000000070f800000, 0x0000000800000000)
  region size 2048K, 118 young (241664K), 13 survivors (26624K)
}
Event: 21.907 {heap After GC invocations=27 (full 0):
 garbage-first heap   total reserved 3940352K, committed 499712K, used 227529K [0x000000070f800000, 0x0000000800000000)
  region size 2048K, 6 young (12288K), 6 survivors (12288K)
}

Metaspace Usage History (20 events):
Event: 3.111 {metaspace Before GC invocations=14 (full 0):
 Metaspace       used 58775K, committed 59264K, reserved 1114112K
  class space    used 10245K, committed 10496K, reserved 1048576K
}
Event: 3.116 {metaspace After GC invocations=15 (full 0):
 Metaspace       used 58775K, committed 59264K, reserved 1114112K
  class space    used 10245K, committed 10496K, reserved 1048576K
}
Event: 3.315 {metaspace Before GC invocations=15 (full 0):
 Metaspace       used 60847K, committed 61376K, reserved 1114112K
  class space    used 10690K, committed 10944K, reserved 1048576K
}
Event: 3.324 {metaspace After GC invocations=16 (full 0):
 Metaspace       used 60847K, committed 61376K, reserved 1114112K
  class space    used 10690K, committed 10944K, reserved 1048576K
}
Event: 3.704 {metaspace Before GC invocations=17 (full 0):
 Metaspace       used 74418K, committed 75136K, reserved 1114112K
  class space    used 13824K, committed 14144K, reserved 1048576K
}
Event: 3.715 {metaspace After GC invocations=18 (full 0):
 Metaspace       used 74418K, committed 75136K, reserved 1114112K
  class space    used 13824K, committed 14144K, reserved 1048576K
}
Event: 4.247 {metaspace Before GC invocations=18 (full 0):
 Metaspace       used 87100K, committed 88064K, reserved 1179648K
  class space    used 15697K, committed 16128K, reserved 1048576K
}
Event: 4.257 {metaspace After GC invocations=19 (full 0):
 Metaspace       used 87100K, committed 88064K, reserved 1179648K
  class space    used 15697K, committed 16128K, reserved 1048576K
}
Event: 4.880 {metaspace Before GC invocations=19 (full 0):
 Metaspace       used 96994K, committed 98368K, reserved 1179648K
  class space    used 17107K, committed 17664K, reserved 1048576K
}
Event: 4.890 {metaspace After GC invocations=20 (full 0):
 Metaspace       used 96994K, committed 98368K, reserved 1179648K
  class space    used 17107K, committed 17664K, reserved 1048576K
}
Event: 5.156 {metaspace Before GC invocations=20 (full 0):
 Metaspace       used 98912K, committed 100288K, reserved 1179648K
  class space    used 17459K, committed 17984K, reserved 1048576K
}
Event: 5.163 {metaspace After GC invocations=21 (full 0):
 Metaspace       used 98912K, committed 100288K, reserved 1179648K
  class space    used 17459K, committed 17984K, reserved 1048576K
}
Event: 5.385 {metaspace Before GC invocations=22 (full 0):
 Metaspace       used 102179K, committed 103552K, reserved 1179648K
  class space    used 17999K, committed 18560K, reserved 1048576K
}
Event: 5.392 {metaspace After GC invocations=23 (full 0):
 Metaspace       used 102179K, committed 103552K, reserved 1179648K
  class space    used 17999K, committed 18560K, reserved 1048576K
}
Event: 5.753 {metaspace Before GC invocations=23 (full 0):
 Metaspace       used 104046K, committed 105408K, reserved 1179648K
  class space    used 18234K, committed 18752K, reserved 1048576K
}
Event: 5.768 {metaspace After GC invocations=24 (full 0):
 Metaspace       used 104046K, committed 105408K, reserved 1179648K
  class space    used 18234K, committed 18752K, reserved 1048576K
}
Event: 6.171 {metaspace Before GC invocations=24 (full 0):
 Metaspace       used 104669K, committed 106048K, reserved 1179648K
  class space    used 18309K, committed 18880K, reserved 1048576K
}
Event: 6.180 {metaspace After GC invocations=25 (full 0):
 Metaspace       used 104669K, committed 106048K, reserved 1179648K
  class space    used 18309K, committed 18880K, reserved 1048576K
}
Event: 21.899 {metaspace Before GC invocations=26 (full 0):
 Metaspace       used 109267K, committed 110720K, reserved 1179648K
  class space    used 19079K, committed 19648K, reserved 1048576K
}
Event: 21.907 {metaspace After GC invocations=27 (full 0):
 Metaspace       used 109267K, committed 110720K, reserved 1179648K
  class space    used 19079K, committed 19648K, reserved 1048576K
}

Dll operation events (14 events):
Event: 0.001 Loaded shared library /home/anguscrump/.jdks/jbr-25.0.3/lib/libjava.so
Event: 0.023 Loaded shared library /home/anguscrump/.jdks/jbr-25.0.3/lib/libnio.so
Event: 0.029 Loaded shared library /home/anguscrump/.jdks/jbr-25.0.3/lib/libzip.so
Event: 0.034 Loaded shared library /home/anguscrump/.jdks/jbr-25.0.3/lib/libnet.so
Event: 0.040 Loaded shared library /home/anguscrump/.jdks/jbr-25.0.3/lib/libzip.so
Event: 0.065 Loaded shared library /home/anguscrump/.jdks/jbr-25.0.3/lib/libjimage.so
Event: 0.247 Loaded shared library /home/anguscrump/.jdks/jbr-25.0.3/lib/libmanagement.so
Event: 0.247 Loaded shared library /home/anguscrump/.jdks/jbr-25.0.3/lib/libmanagement_ext.so
Event: 0.378 Loaded shared library /home/anguscrump/.jdks/jbr-25.0.3/lib/libverify.so
Event: 1.405 Loaded shared library /home/anguscrump/.cache/JNA/temp/jna1516221192080659346.tmp
Event: 3.952 Loaded shared library /home/anguscrump/.jdks/jbr-25.0.3/lib/libextnet.so
Event: 4.115 Loaded shared library /tmp/lwjgl_anguscrump/3.4.1-snapshot/arm64/liblwjgl.so
Event: 4.336 Loaded shared library /tmp/lwjgl_anguscrump/3.4.1-snapshot/arm64/liblwjgl_opengl.so
Event: 4.484 Loaded shared library /tmp/lwjgl_anguscrump/3.4.1-snapshot/arm64/liblwjgl_stb.so

Deoptimization events (20 events):
Event: 34.502 Thread 0x0000ffff4c0316d0 Uncommon trap: trap_request=0xffffffde fr.pc=0x0000ffff411879a8 relative=0x0000000000000428
Event: 34.502 Thread 0x0000ffff4c0316d0 Uncommon trap: reason=class_check action=maybe_recompile pc=0x0000ffff411879a8 method=java.util.HashMap.removeNode(ILjava/lang/Object;Ljava/lang/Object;ZZ)Ljava/util/HashMap$Node; @ 143 c2
Event: 34.502 Thread 0x0000ffff4c0316d0 DEOPT PACKING pc=0x0000ffff411879a8 sp=0x0000ffff5551b790
Event: 34.502 Thread 0x0000ffff4c0316d0 DEOPT UNPACKING pc=0x0000ffff4064945c sp=0x0000ffff5551b670 mode 2
Event: 34.502 Thread 0x0000ffff4c0316d0 Uncommon trap: trap_request=0xffffffde fr.pc=0x0000ffff41187968 relative=0x00000000000003e8
Event: 34.502 Thread 0x0000ffff4c0316d0 Uncommon trap: reason=class_check action=maybe_recompile pc=0x0000ffff41187968 method=java.util.HashMap.removeNode(ILjava/lang/Object;Ljava/lang/Object;ZZ)Ljava/util/HashMap$Node; @ 68 c2
Event: 34.502 Thread 0x0000ffff4c0316d0 DEOPT PACKING pc=0x0000ffff41187968 sp=0x0000ffff5551b790
Event: 34.502 Thread 0x0000ffff4c0316d0 DEOPT UNPACKING pc=0x0000ffff4064945c sp=0x0000ffff5551b670 mode 2
Event: 34.502 Thread 0x0000ffff4c0316d0 Uncommon trap: trap_request=0xffffffde fr.pc=0x0000ffff410bedf0 relative=0x00000000000005b0
Event: 34.502 Thread 0x0000ffff4c0316d0 Uncommon trap: reason=class_check action=maybe_recompile pc=0x0000ffff410bedf0 method=java.util.HashMap.removeNode(ILjava/lang/Object;Ljava/lang/Object;ZZ)Ljava/util/HashMap$Node; @ 143 c2
Event: 34.502 Thread 0x0000ffff4c0316d0 DEOPT PACKING pc=0x0000ffff410bedf0 sp=0x0000ffff5551b6e0
Event: 34.502 Thread 0x0000ffff4c0316d0 DEOPT UNPACKING pc=0x0000ffff4064945c sp=0x0000ffff5551b670 mode 2
Event: 34.502 Thread 0x0000ffff4c0316d0 Uncommon trap: trap_request=0xffffff6e fr.pc=0x0000ffff40e0df24 relative=0x00000000000003a4
Event: 34.502 Thread 0x0000ffff4c0316d0 Uncommon trap: reason=predicate action=maybe_recompile pc=0x0000ffff40e0df24 method=java.lang.Iterable.forEach(Ljava/util/function/Consumer;)V @ 18 c2
Event: 34.502 Thread 0x0000ffff4c0316d0 DEOPT PACKING pc=0x0000ffff40e0df24 sp=0x0000ffff5551ba20
Event: 34.502 Thread 0x0000ffff4c0316d0 DEOPT UNPACKING pc=0x0000ffff4064945c sp=0x0000ffff5551b9c0 mode 2
Event: 34.505 Thread 0x0000ffff4c0316d0 Uncommon trap: trap_request=0xffffff45 fr.pc=0x0000ffff4115c81c relative=0x000000000000011c
Event: 34.505 Thread 0x0000ffff4c0316d0 Uncommon trap: reason=unstable_if action=reinterpret pc=0x0000ffff4115c81c method=java.util.HashMap.clear()V @ 23 c2
Event: 34.505 Thread 0x0000ffff4c0316d0 DEOPT PACKING pc=0x0000ffff4115c81c sp=0x0000ffff5551b9e0
Event: 34.505 Thread 0x0000ffff4c0316d0 DEOPT UNPACKING pc=0x0000ffff4064945c sp=0x0000ffff5551b970 mode 2

Classes loaded (20 events):
Event: 5.292 Loading class java/util/Locale$LocaleKey
Event: 5.292 Loading class java/util/Locale$LocaleKey done
Event: 5.292 Loading class java/util/Locale$LocaleNameGetter
Event: 5.292 Loading class java/util/Locale$LocaleNameGetter done
Event: 5.292 Loading class java/util/Locale$LanguageRange
Event: 5.292 Loading class java/util/Locale$LanguageRange done
Event: 5.312 Loading class sun/net/www/HeaderParser$ParserIterator
Event: 5.312 Loading class sun/net/www/HeaderParser$ParserIterator done
Event: 5.312 Loading class sun/net/www/protocol/http/AuthenticationHeader$SchemeMapValue
Event: 5.312 Loading class sun/net/www/protocol/http/AuthenticationHeader$SchemeMapValue done
Event: 5.336 Loading class java/util/stream/SpinedBuffer$1Splitr
Event: 5.337 Loading class java/util/stream/SpinedBuffer$1Splitr done
Event: 6.395 Loading class java/awt/font/TextAttribute
Event: 6.396 Loading class java/awt/font/TextAttribute done
Event: 8.360 Loading class javax/sound/sampled/AudioFormat
Event: 8.360 Loading class javax/sound/sampled/AudioFormat done
Event: 8.360 Loading class javax/sound/sampled/AudioFormat$Encoding
Event: 8.360 Loading class javax/sound/sampled/AudioFormat$Encoding done
Event: 11.381 Loading class javax/crypto/spec/HKDFParameterSpec$ExtractThenExpand
Event: 11.382 Loading class javax/crypto/spec/HKDFParameterSpec$ExtractThenExpand done

Classes unloaded (2 events):
Event: 6.260 Thread 0x0000ffff4c20dac0 Unloading class 0x00007ffc03159400 'java/lang/invoke/LambdaForm$MH+0x00007ffc03159400'
Event: 6.260 Thread 0x0000ffff4c20dac0 Unloading class 0x00007ffc03158400 'java/lang/invoke/LambdaForm$DMH+0x00007ffc03158400'

Classes redefined (0 events):
No events

Internal exceptions (20 events):
Event: 8.322 Thread 0x0000ffff4efa90a0 Exception <a 'java/lang/NoSuchMethodError'{0x00000007265e6828}: 'void java.lang.invoke.DirectMethodHandle$Holder.invokeStaticInit(java.lang.Object, java.lang.Object, java.lang.Object, int, int, int)'> (0x00000007265e6828) 
thrown [src/hotspot/share/interpreter/linkResolver.cpp, line 814]
Event: 8.322 Thread 0x0000ffff4efa90a0 Exception <a 'java/lang/NoSuchMethodError'{0x00000007265f6d50}: 'void java.lang.invoke.DelegatingMethodHandle$Holder.reinvoke_L(java.lang.Object, java.lang.Object, java.lang.Object, int, int, int)'> (0x00000007265f6d50) 
thrown [src/hotspot/share/interpreter/linkResolver.cpp, line 814]
Event: 8.323 Thread 0x0000ffff4efa90a0 Exception <a 'java/lang/NoSuchMethodError'{0x000000072624dc20}: 'void java.lang.invoke.DirectMethodHandle$Holder.invokeSpecial(java.lang.Object, java.lang.Object, java.lang.Object, int, int, int)'> (0x000000072624dc20) 
thrown [src/hotspot/share/interpreter/linkResolver.cpp, line 814]
Event: 8.324 Thread 0x0000ffff4c0316d0 Exception <a 'java/lang/NoSuchMethodError'{0x00000007264fa060}: 'java.lang.Object java.lang.invoke.DirectMethodHandle$Holder.invokeSpecial(java.lang.Object, java.lang.Object, java.lang.Object, int, float)'> (0x00000007264fa060) 
thrown [src/hotspot/share/interpreter/linkResolver.cpp, line 814]
Event: 8.325 Thread 0x0000ffff4c0316d0 Exception <a 'java/lang/NoSuchMethodError'{0x00000007262a7ec0}: 'java.lang.Object java.lang.invoke.DirectMethodHandle$Holder.newInvokeSpecial(java.lang.Object, java.lang.Object, int, java.lang.Object, float)'> (0x00000007262a7ec0) 
thrown [src/hotspot/share/interpreter/linkResolver.cpp, line 814]
Event: 8.325 Thread 0x0000ffff4efa90a0 Exception <a 'java/lang/NoSuchMethodError'{0x0000000726283bd8}: 'void java.lang.invoke.DirectMethodHandle$Holder.invokeStaticInit(java.lang.Object, java.lang.Object, java.lang.Object, int, int, long)'> (0x0000000726283bd8) 
thrown [src/hotspot/share/interpreter/linkResolver.cpp, line 814]
Event: 8.326 Thread 0x0000ffff4efa90a0 Exception <a 'java/lang/NoSuchMethodError'{0x0000000726005e50}: 'void java.lang.invoke.DelegatingMethodHandle$Holder.reinvoke_L(java.lang.Object, java.lang.Object, java.lang.Object, int, int, long)'> (0x0000000726005e50) 
thrown [src/hotspot/share/interpreter/linkResolver.cpp, line 814]
Event: 8.326 Thread 0x0000ffff4efa90a0 Exception <a 'java/lang/NoSuchMethodError'{0x0000000726026ff0}: 'void java.lang.invoke.DirectMethodHandle$Holder.invokeSpecial(java.lang.Object, java.lang.Object, java.lang.Object, int, int, long)'> (0x0000000726026ff0) 
thrown [src/hotspot/share/interpreter/linkResolver.cpp, line 814]
Event: 8.327 Thread 0x0000ffff4efa90a0 Exception <a 'java/lang/NoSuchMethodError'{0x0000000726067e18}: 'void java.lang.invoke.DirectMethodHandle$Holder.invokeSpecial(java.lang.Object, java.lang.Object, long, int, int, long)'> (0x0000000726067e18) 
thrown [src/hotspot/share/interpreter/linkResolver.cpp, line 814]
Event: 8.421 Thread 0x0000ffff4efa90a0 Exception <a 'java/lang/NoSuchMethodError'{0x0000000725ebcb50}: 'void java.lang.invoke.DirectMethodHandle$Holder.invokeStaticInit(java.lang.Object, java.lang.Object, java.lang.Object, int, int, long, int, int)'> (0x0000000725ebcb50) 
thrown [src/hotspot/share/interpreter/linkResolver.cpp, line 814]
Event: 8.421 Thread 0x0000ffff4efa90a0 Exception <a 'java/lang/NoSuchMethodError'{0x0000000725ecd160}: 'void java.lang.invoke.DelegatingMethodHandle$Holder.reinvoke_L(java.lang.Object, java.lang.Object, java.lang.Object, int, int, long, int, int)'> (0x0000000725ecd160) 
thrown [src/hotspot/share/interpreter/linkResolver.cpp, line 814]
Event: 8.421 Thread 0x0000ffff4efa90a0 Exception <a 'java/lang/NoSuchMethodError'{0x0000000725eeebf8}: 'void java.lang.invoke.DirectMethodHandle$Holder.invokeSpecial(java.lang.Object, java.lang.Object, java.lang.Object, int, int, long, int, int)'> (0x0000000725eeebf8) 
thrown [src/hotspot/share/interpreter/linkResolver.cpp, line 814]
Event: 8.422 Thread 0x0000ffff4efa90a0 Exception <a 'java/lang/NoSuchMethodError'{0x0000000725f0f638}: 'void java.lang.invoke.DirectMethodHandle$Holder.invokeSpecial(java.lang.Object, java.lang.Object, int)'> (0x0000000725f0f638) 
thrown [src/hotspot/share/interpreter/linkResolver.cpp, line 814]
Event: 8.803 Thread 0x0000ffff4c0316d0 Exception <a 'java/lang/NoSuchMethodError'{0x0000000725d69f28}: 'java.lang.Object java.lang.invoke.DirectMethodHandle$Holder.newInvokeSpecial(java.lang.Object, java.lang.Object, long, int, java.lang.Object)'> (0x0000000725d69f28) 
thrown [src/hotspot/share/interpreter/linkResolver.cpp, line 814]
Event: 10.283 Thread 0x0000ffff4c0316d0 Exception <a 'java/lang/NoSuchMethodError'{0x00000007255f2bb8}: 'java.lang.Object java.lang.invoke.DirectMethodHandle$Holder.invokeSpecial(java.lang.Object, java.lang.Object, java.lang.Object, long, java.lang.Object, int)'> (0x00000007255f2bb8) 
thrown [src/hotspot/share/interpreter/linkResolver.cpp, line 814]
Event: 10.736 Thread 0x0000ffff4c0316d0 Implicit null exception at 0x0000ffff41011dc4 to 0x0000ffff41012030
Event: 13.136 Thread 0x0000ffff4c0316d0 Exception <a 'java/lang/IncompatibleClassChangeError'{0x000000072452f160}: Found class java.lang.Object, but interface was expected> (0x000000072452f160) 
thrown [src/hotspot/share/interpreter/linkResolver.cpp, line 882]
Event: 13.360 Thread 0x0000ffff4c0316d0 Exception <a 'java/lang/NoSuchMethodError'{0x0000000724028c20}: 'java.lang.Object java.lang.invoke.Invokers$Holder.linkToTargetMethod(java.lang.Object, java.lang.Object, java.lang.Object, int, int, java.lang.Object, java.lang.Object, java.lang.Object)'> (0x0000000724028c20) 
thrown [src/hotspot/share/interpreter/linkResolver.cpp, line 814]
Event: 13.906 Thread 0x0000ffff4c0316d0 Implicit null exception at 0x0000ffff40e9a54c to 0x0000ffff40e9a770
Event: 34.590 Thread 0x0000ffff4c0316d0 Exception <a 'sun/nio/fs/UnixException'{0x00000007297025b0}> (0x00000007297025b0) 
thrown [src/hotspot/share/prims/jni.cpp, line 535]

VM Operations (20 events):
Event: 5.392 Executing safepoint VM operation: G1CollectForAllocation (G1 Evacuation Pause) done
Event: 5.546 Executing non-safepoint VM operation: HandshakeAllThreads (Deoptimize)
Event: 5.546 Executing non-safepoint VM operation: HandshakeAllThreads (Deoptimize) done
Event: 5.750 Executing safepoint VM operation: G1CollectForAllocation (G1 Evacuation Pause)
Event: 5.768 Executing safepoint VM operation: G1CollectForAllocation (G1 Evacuation Pause) done
Event: 5.802 Executing non-safepoint VM operation: HandshakeAllThreads (Deoptimize)
Event: 5.802 Executing non-safepoint VM operation: HandshakeAllThreads (Deoptimize) done
Event: 5.949 Executing non-safepoint VM operation: HandshakeAllThreads (Deoptimize)
Event: 5.949 Executing non-safepoint VM operation: HandshakeAllThreads (Deoptimize) done
Event: 6.171 Executing safepoint VM operation: G1TryInitiateConcMark (G1 Humongous Allocation)
Event: 6.180 Executing safepoint VM operation: G1TryInitiateConcMark (G1 Humongous Allocation) done
Event: 6.260 Executing safepoint VM operation: G1PauseRemark
Event: 6.280 Executing safepoint VM operation: G1PauseRemark done
Event: 6.317 Executing safepoint VM operation: G1PauseCleanup
Event: 6.317 Executing safepoint VM operation: G1PauseCleanup done
Event: 13.887 Executing non-safepoint VM operation: HandshakeAllThreads (Deoptimize)
Event: 13.887 Executing non-safepoint VM operation: HandshakeAllThreads (Deoptimize) done
Event: 21.899 Executing safepoint VM operation: G1CollectForAllocation (G1 Evacuation Pause)
Event: 21.907 Executing safepoint VM operation: G1CollectForAllocation (G1 Evacuation Pause) done
Event: 34.595 Executing safepoint VM operation: Exit

Memory protections (20 events):
Event: 4.903 Protecting memory [0x0000fffe69e90000,0x0000fffe69e9c000] with protection modes 0
Event: 4.903 Protecting memory [0x0000fffe69c90000,0x0000fffe69c9c000] with protection modes 0
Event: 4.903 Protecting memory [0x0000fffe69a90000,0x0000fffe69a9c000] with protection modes 0
Event: 4.903 Protecting memory [0x0000fffe69890000,0x0000fffe6989c000] with protection modes 0
Event: 4.903 Protecting memory [0x0000fffe69690000,0x0000fffe6969c000] with protection modes 0
Event: 4.904 Protecting memory [0x0000fffe68400000,0x0000fffe6840c000] with protection modes 0
Event: 4.904 Protecting memory [0x0000fffe4be00000,0x0000fffe4be0c000] with protection modes 0
Event: 4.992 Protecting memory [0x0000fffe48580000,0x0000fffe4858c000] with protection modes 0
Event: 5.322 Protecting memory [0x0000fffe48580000,0x0000fffe4858c000] with protection modes 0
Event: 7.608 Protecting memory [0x0000ffff50890000,0x0000ffff5089c000] with protection modes 0
Event: 8.325 Protecting memory [0x0000ffff50890000,0x0000ffff5089c000] with protection modes 0
Event: 8.370 Protecting memory [0x0000ffff34bbc000,0x0000ffff34bc8000] with protection modes 0
Event: 9.534 Protecting memory [0x0000ffff34bbc000,0x0000ffff34bc8000] with protection modes 0
Event: 11.317 Protecting memory [0x0000ffff34bbc000,0x0000ffff34bc8000] with protection modes 0
Event: 11.461 Protecting memory [0x0000fffe37a80000,0x0000fffe37a8c000] with protection modes 0
Event: 34.496 Protecting memory [0x0000ffff29c00000,0x0000ffff29c0c000] with protection modes 0
Event: 34.505 Protecting memory [0x0000ffff29c00000,0x0000ffff29c0c000] with protection modes 0
Event: 34.588 Protecting memory [0x0000ffff34bbc000,0x0000ffff34bc8000] with protection modes 0
Event: 34.588 Protecting memory [0x0000ffff29a00000,0x0000ffff29a0c000] with protection modes 0
Event: 34.589 Protecting memory [0x0000fffe68400000,0x0000fffe6840c000] with protection modes 0

Nmethod flushes (20 events):
Event: 6.275 Thread 0x0000ffff4c20dac0 flushing  nmethod 0x0000ffff39981fc8
Event: 6.275 Thread 0x0000ffff4c20dac0 flushing  nmethod 0x0000ffff39a0fb88
Event: 6.275 Thread 0x0000ffff4c20dac0 flushing  nmethod 0x0000ffff39ab3b88
Event: 6.275 Thread 0x0000ffff4c20dac0 flushing  nmethod 0x0000ffff39ab4148
Event: 6.275 Thread 0x0000ffff4c20dac0 flushing  nmethod 0x0000ffff39ab5408
Event: 6.275 Thread 0x0000ffff4c20dac0 flushing  nmethod 0x0000ffff39ab6248
Event: 6.275 Thread 0x0000ffff4c20dac0 flushing  nmethod 0x0000ffff39c5bbc8
Event: 6.275 Thread 0x0000ffff4c20dac0 flushing  nmethod 0x0000ffff39c5e588
Event: 6.275 Thread 0x0000ffff4c20dac0 flushing  nmethod 0x0000ffff39c5e988
Event: 6.275 Thread 0x0000ffff4c20dac0 flushing  nmethod 0x0000ffff39c615c8
Event: 6.275 Thread 0x0000ffff4c20dac0 flushing  nmethod 0x0000ffff39c61948
Event: 6.275 Thread 0x0000ffff4c20dac0 flushing  nmethod 0x0000ffff39d12748
Event: 6.275 Thread 0x0000ffff4c20dac0 flushing  nmethod 0x0000ffff39f60908
Event: 6.275 Thread 0x0000ffff4c20dac0 flushing  nmethod 0x0000ffff39f635c8
Event: 6.275 Thread 0x0000ffff4c20dac0 flushing  nmethod 0x0000ffff39f63988
Event: 6.275 Thread 0x0000ffff4c20dac0 flushing  nmethod 0x0000ffff39f63cc8
Event: 6.275 Thread 0x0000ffff4c20dac0 flushing  nmethod 0x0000ffff39f63f08
Event: 6.275 Thread 0x0000ffff4c20dac0 flushing  nmethod 0x0000ffff39f64748
Event: 6.275 Thread 0x0000ffff4c20dac0 flushing  nmethod 0x0000ffff39f649c8
Event: 6.275 Thread 0x0000ffff4c20dac0 flushing  nmethod 0x0000ffff39f64d48

Events (20 events):
Event: 34.505 Thread 0x0000fffe20563f10 Thread exited: 0x0000fffe20563f10
Event: 34.505 Thread 0x0000ffff4c0316d0 Thread added: 0x0000fffe205e8a00
Event: 34.521 Thread 0x0000fffe4c000ee0 Thread exited: 0x0000fffe4c000ee0
Event: 34.521 Thread 0x0000ffff4f76b190 Thread exited: 0x0000ffff4f76b190
Event: 34.521 Thread 0x0000fffe54000ee0 Thread exited: 0x0000fffe54000ee0
Event: 34.521 Thread 0x0000fffe5c000ee0 Thread exited: 0x0000fffe5c000ee0
Event: 34.521 Thread 0x0000fffe64004e30 Thread exited: 0x0000fffe64004e30
Event: 34.521 Thread 0x0000ffff4f76a8c0 Thread exited: 0x0000ffff4f76a8c0
Event: 34.521 Thread 0x0000ffff4f729970 Thread exited: 0x0000ffff4f729970
Event: 34.521 Thread 0x0000ffff4f76bf30 Thread exited: 0x0000ffff4f76bf30
Event: 34.521 Thread 0x0000ffff4f76d6a0 Thread exited: 0x0000ffff4f76d6a0
Event: 34.521 Thread 0x0000fffe204bd290 Thread exited: 0x0000fffe204bd290
Event: 34.588 Thread 0x0000ffff4c0316d0 Thread added: 0x0000fffe200fb430
Event: 34.588 Thread 0x0000ffff4c0316d0 Thread added: 0x0000fffe203e3ca0
Event: 34.588 Thread 0x0000ffff4c0316d0 Thread added: 0x0000fffe202442b0
Event: 34.588 Thread 0x0000fffe203e3ca0 Thread exited: 0x0000fffe203e3ca0
Event: 34.588 Thread 0x0000fffe200fb430 Thread exited: 0x0000fffe200fb430
Event: 34.590 Thread 0x0000fffe202442b0 Thread exited: 0x0000fffe202442b0
Event: 34.591 Thread 0x0000ffff4c0316d0 Before exit entered
Event: 34.595 Thread 0x0000ffff4c21c270 Thread exited: 0x0000ffff4c21c270


Dynamic libraries:
70f800000-72ce00000 rw-p 00000000 00:00 0 
72ce00000-7fee00000 ---p 00000000 00:00 0 
7fee00000-7ffc00000 rw-p 00000000 00:00 0 
7ffc00000-7ffe50000 rw-p 01d70000 00:25 8789750                          /home/anguscrump/.jdks/jbr-25.0.3/lib/server/classes.jsa
7ffe50000-800000000 rw-p 00000000 00:00 0 
7ffc00000000-7ffc00010000 ---p 00000000 00:00 0 
7ffc00010000-7ffc01d00000 rw-p 00010000 00:25 8789750                    /home/anguscrump/.jdks/jbr-25.0.3/lib/server/classes.jsa
7ffc01d00000-7ffc02000000 ---p 00000000 00:00 0 
7ffc02000000-7ffc02040000 rw-p 00000000 00:00 0 
7ffc02040000-7ffc020e0000 rw-p 00000000 00:00 0 
7ffc020e0000-7ffc02480000 rw-p 00000000 00:00 0 
7ffc02480000-7ffc02f40000 rw-p 00000000 00:00 0 
7ffc02f40000-7ffc02f70000 rw-p 00000000 00:00 0 
7ffc02f70000-7ffc02f80000 ---p 00000000 00:00 0 
7ffc02f80000-7ffc03350000 rw-p 00000000 00:00 0 
7ffc03350000-7ffc42000000 ---p 00000000 00:00 0 
aaab70a70000-aaab70a74000 r-xp 00000000 00:25 8789212                    /home/anguscrump/.jdks/jbr-25.0.3/bin/java
aaab70a8c000-aaab70a90000 r--p 0000c000 00:25 8789212                    /home/anguscrump/.jdks/jbr-25.0.3/bin/java
aaab70a90000-aaab70a94000 rw-p 00010000 00:25 8789212                    /home/anguscrump/.jdks/jbr-25.0.3/bin/java
aaab73848000-aaab73a00000 rw-p 00000000 00:00 0                          [heap]
fffe10000000-fffe10200000 rw-p 00000000 00:00 0 
fffe10200000-fffe10600000 rw-p 00000000 00:00 0 
fffe10600000-fffe14000000 ---p 00000000 00:00 0 
fffe20000000-fffe20200000 rw-p 00000000 00:00 0 
fffe20200000-fffe20800000 rw-p 00000000 00:00 0 
fffe20800000-fffe24000000 ---p 00000000 00:00 0 
fffe28000000-fffe28200000 rw-p 00000000 00:00 0 
fffe28200000-fffe2c000000 ---p 00000000 00:00 0 
fffe2c000000-fffe2c200000 rw-p 00000000 00:00 0 
fffe2c200000-fffe30000000 ---p 00000000 00:00 0 
fffe30000000-fffe30200000 rw-p 00000000 00:00 0 
fffe30200000-fffe34000000 ---p 00000000 00:00 0 
fffe36870000-fffe37080000 rw-p 00000000 00:00 0 
fffe37c80000-fffe38000000 rw-p 00000000 00:00 0 
fffe38000000-fffe38200000 rw-p 00000000 00:00 0 
fffe38200000-fffe3c000000 ---p 00000000 00:00 0 
fffe3c000000-fffe40000000 rw-p 00000000 00:00 0 
fffe40000000-fffe40200000 rw-p 00000000 00:00 0 
fffe40200000-fffe44000000 ---p 00000000 00:00 0 
fffe44000000-fffe44200000 rw-p 00000000 00:00 0 
fffe44200000-fffe48000000 ---p 00000000 00:00 0 
fffe48000000-fffe48400000 rw-p 00000000 00:00 0 
fffe48580000-fffe4858c000 ---p 00000000 00:00 0 
fffe4858c000-fffe48780000 rw-p 00000000 00:00 0 
fffe48780000-fffe49a00000 rw-p 00000000 00:00 0 
fffe49b80000-fffe4ac00000 rw-p 00000000 00:00 0 
fffe4ad00000-fffe4be00000 rw-p 00000000 00:00 0 
fffe4c000000-fffe4c200000 rw-p 00000000 00:00 0 
fffe4c200000-fffe50000000 ---p 00000000 00:00 0 
fffe50000000-fffe50200000 rw-p 00000000 00:00 0 
fffe50200000-fffe54000000 ---p 00000000 00:00 0 
fffe54000000-fffe54200000 rw-p 00000000 00:00 0 
fffe54200000-fffe58000000 ---p 00000000 00:00 0 
fffe58000000-fffe58200000 rw-p 00000000 00:00 0 
fffe58200000-fffe5c000000 ---p 00000000 00:00 0 
fffe5c000000-fffe5c200000 rw-p 00000000 00:00 0 
fffe5c200000-fffe60000000 ---p 00000000 00:00 0 
fffe60000000-fffe60200000 rw-p 00000000 00:00 0 
fffe60200000-fffe64000000 ---p 00000000 00:00 0 
fffe64000000-fffe64200000 rw-p 00000000 00:00 0 
fffe64200000-fffe68000000 ---p 00000000 00:00 0 
fffe68180000-fffe68400000 rw-p 00000000 00:00 0 
fffe68400000-fffe6840c000 ---p 00000000 00:00 0 
fffe6840c000-fffe68600000 rw-p 00000000 00:00 0 
fffe68600000-fffe69600000 rw-p 00000000 00:00 0 
fffe6a190000-fffe6a220000 r-xp 00000000 00:25 3200165                    /usr/lib64/libflite_cmulex.so.2.2
fffe6a220000-fffe6a22c000 ---p 00090000 00:25 3200165                    /usr/lib64/libflite_cmulex.so.2.2
fffe6a22c000-fffe6a230000 r--p 0008c000 00:25 3200165                    /usr/lib64/libflite_cmulex.so.2.2
fffe6a230000-fffe6a234000 rw-p 00000000 00:00 0 
fffe6a240000-fffe6a250000 r-xp 00000000 00:25 3200167                    /usr/lib64/libflite_usenglish.so.2.2
fffe6a250000-fffe6a254000 ---p 00010000 00:25 3200167                    /usr/lib64/libflite_usenglish.so.2.2
fffe6a254000-fffe6a260000 r--p 00014000 00:25 3200167                    /usr/lib64/libflite_usenglish.so.2.2
fffe6a260000-fffe6a264000 rw-p 00000000 00:00 0 
fffe6a270000-fffe6a638000 r-xp 00000000 00:25 3200159                    /usr/lib64/libflite_cmu_us_kal16.so.2.2
fffe6a638000-fffe6a648000 ---p 003c8000 00:25 3200159                    /usr/lib64/libflite_cmu_us_kal16.so.2.2
fffe6a648000-fffe6a650000 r--p 003c8000 00:25 3200159                    /usr/lib64/libflite_cmu_us_kal16.so.2.2
fffe6a650000-fffe6a654000 rw-p 003d0000 00:25 3200159                    /usr/lib64/libflite_cmu_us_kal16.so.2.2
fffe6a660000-fffe6a6a4000 r-xp 00000000 00:25 3101837                    /usr/lib64/libmp3lame.so.0.0.0
fffe6a6a4000-fffe6a6bc000 ---p 00044000 00:25 3101837                    /usr/lib64/libmp3lame.so.0.0.0
fffe6a6bc000-fffe6a6c0000 r--p 0004c000 00:25 3101837                    /usr/lib64/libmp3lame.so.0.0.0
fffe6a6c0000-fffe6a6f0000 rw-p 00000000 00:00 0 
fffe6a700000-fffe6a750000 r-xp 00000000 00:25 3105171                    /usr/lib64/libmpg123.so.0.48.3
fffe6a750000-fffe6a75c000 ---p 00050000 00:25 3105171                    /usr/lib64/libmpg123.so.0.48.3
fffe6a75c000-fffe6a760000 r--p 0004c000 00:25 3105171                    /usr/lib64/libmpg123.so.0.48.3
fffe6a760000-fffe6a764000 rw-p 00050000 00:25 3105171                    /usr/lib64/libmpg123.so.0.48.3
fffe6a770000-fffe6a7d8000 r-xp 00000000 00:25 3101166                    /usr/lib64/libopus.so.0.11.0
fffe6a7d8000-fffe6a7ec000 ---p 00068000 00:25 3101166                    /usr/lib64/libopus.so.0.11.0
fffe6a7ec000-fffe6a7f0000 r--p 0006c000 00:25 3101166                    /usr/lib64/libopus.so.0.11.0
fffe6a7f0000-fffe6a7f4000 rw-p 00000000 00:00 0 
fffe6a800000-fffe70000000 rw-p 00000000 00:00 0 
fffe70000000-fffe70200000 rw-p 00000000 00:00 0 
fffe70200000-fffe74000000 ---p 00000000 00:00 0 
fffe74010000-fffe74018000 r-xp 00000000 00:25 3101183                    /usr/lib64/libogg.so.0.8.6
fffe74018000-fffe7402c000 ---p 00008000 00:25 3101183                    /usr/lib64/libogg.so.0.8.6
fffe7402c000-fffe74030000 r--p 0000c000 00:25 3101183                    /usr/lib64/libogg.so.0.8.6
fffe74030000-fffe74034000 rw-p 00000000 00:00 0 
fffe74040000-fffe740b8000 r-xp 00000000 00:25 3101194                    /usr/lib64/libvorbisenc.so.2.0.12
fffe740b8000-fffe740c8000 ---p 00078000 00:25 3101194                    /usr/lib64/libvorbisenc.so.2.0.12
fffe740c8000-fffe740e0000 r--p 00078000 00:25 3101194                    /usr/lib64/libvorbisenc.so.2.0.12
fffe740e0000-fffe740e4000 rw-p 00090000 00:25 3101194                    /usr/lib64/libvorbisenc.so.2.0.12
fffe740f0000-fffe7411c000 r-xp 00000000 00:25 3101192                    /usr/lib64/libvorbis.so.0.4.9
fffe7411c000-fffe7412c000 ---p 0002c000 00:25 3101192                    /usr/lib64/libvorbis.so.0.4.9
fffe7412c000-fffe74130000 r--p 0002c000 00:25 3101192                    /usr/lib64/libvorbis.so.0.4.9
fffe74130000-fffe74134000 rw-p 00000000 00:00 0 
fffe74140000-fffe74180000 r-xp 00000000 00:25 3101748                    /usr/lib64/libFLAC.so.14.0.0
fffe74180000-fffe7418c000 ---p 00040000 00:25 3101748                    /usr/lib64/libFLAC.so.14.0.0
fffe7418c000-fffe74190000 r--p 0004c000 00:25 3101748                    /usr/lib64/libFLAC.so.14.0.0
fffe74190000-fffe74194000 rw-p 00050000 00:25 3101748                    /usr/lib64/libFLAC.so.14.0.0
fffe741a0000-fffe741ac000 r-xp 00000000 00:25 3104966                    /usr/lib64/libgsm.so.1.0.24
fffe741ac000-fffe741bc000 ---p 0000c000 00:25 3104966                    /usr/lib64/libgsm.so.1.0.24
fffe741bc000-fffe741c0000 r--p 0000c000 00:25 3104966                    /usr/lib64/libgsm.so.1.0.24
fffe741c0000-fffe741c4000 rw-p 00010000 00:25 3104966                    /usr/lib64/libgsm.so.1.0.24
fffe741d0000-fffe741d8000 r-xp 00000000 00:25 3200036                    /usr/lib64/libasyncns.so.0.3.1
fffe741d8000-fffe741ec000 ---p 00008000 00:25 3200036                    /usr/lib64/libasyncns.so.0.3.1
fffe741ec000-fffe741f0000 r--p 0000c000 00:25 3200036                    /usr/lib64/libasyncns.so.0.3.1
fffe741f0000-fffe741f4000 rw-p 00000000 00:00 0 
fffe74200000-fffe78000000 rw-p 00000000 00:00 0 
fffe78000000-fffe78200000 rw-p 00000000 00:00 0 
fffe78200000-fffe78600000 rw-p 00000000 00:00 0 
fffe78600000-fffe7c000000 ---p 00000000 00:00 0 
fffe7c000000-fffe7c200000 rw-p 00000000 00:00 0 
fffe7c200000-fffe80000000 ---p 00000000 00:00 0 
fffe80010000-fffe80088000 r-xp 00000000 00:25 3105180                    /usr/lib64/libsndfile.so.1.0.37
fffe80088000-fffe8009c000 ---p 00078000 00:25 3105180                    /usr/lib64/libsndfile.so.1.0.37
fffe8009c000-fffe800a0000 r--p 0007c000 00:25 3105180                    /usr/lib64/libsndfile.so.1.0.37
fffe800a0000-fffe800a4000 rw-p 00080000 00:25 3105180                    /usr/lib64/libsndfile.so.1.0.37
fffe800b0000-fffe8012c000 r-xp 00000000 00:25 3200048                    /usr/lib64/pulseaudio/libpulsecommon-17.0.so
fffe8012c000-fffe8013c000 ---p 0007c000 00:25 3200048                    /usr/lib64/pulseaudio/libpulsecommon-17.0.so
fffe8013c000-fffe80140000 r--p 0007c000 00:25 3200048                    /usr/lib64/pulseaudio/libpulsecommon-17.0.so
fffe80140000-fffe80144000 rw-p 00080000 00:25 3200048                    /usr/lib64/pulseaudio/libpulsecommon-17.0.so
fffe80150000-fffe8019c000 r-xp 00000000 00:25 3200047                    /usr/lib64/libpulse.so.0.24.3
fffe8019c000-fffe801ac000 ---p 0004c000 00:25 3200047                    /usr/lib64/libpulse.so.0.24.3
fffe801ac000-fffe801b0000 r--p 0004c000 00:25 3200047                    /usr/lib64/libpulse.so.0.24.3
fffe801b0000-fffe801b4000 rw-p 00050000 00:25 3200047                    /usr/lib64/libpulse.so.0.24.3
fffe801c0000-fffe801c4000 r-xp 00000000 00:25 3200045                    /usr/lib64/libpulse-simple.so.0.1.1
fffe801c4000-fffe801dc000 ---p 00004000 00:25 3200045                    /usr/lib64/libpulse-simple.so.0.1.1
fffe801dc000-fffe801e0000 r--p 0000c000 00:25 3200045                    /usr/lib64/libpulse-simple.so.0.1.1
fffe801e0000-fffe801e4000 rw-p 00000000 00:00 0 
fffe801f0000-fffe8022c000 r-xp 00000000 00:25 3200143                    /usr/lib64/libflite.so.2.2
fffe8022c000-fffe8023c000 ---p 0003c000 00:25 3200143                    /usr/lib64/libflite.so.2.2
fffe8023c000-fffe80240000 r--p 0003c000 00:25 3200143                    /usr/lib64/libflite.so.2.2
fffe80240000-fffe80244000 rw-p 00040000 00:25 3200143                    /usr/lib64/libflite.so.2.2
fffe80250000-fffe81270000 rw-p 00000000 00:00 0 
fffe81270000-fffe85558000 r--p 00000000 00:25 3827814                    /usr/lib64/libLLVM.so.22.1
fffe85558000-fffe85564000 ---p 042e8000 00:25 3827814                    /usr/lib64/libLLVM.so.22.1
fffe85564000-fffe89598000 r-xp 042e4000 00:25 3827814                    /usr/lib64/libLLVM.so.22.1
fffe89598000-fffe895a4000 ---p 08328000 00:25 3827814                    /usr/lib64/libLLVM.so.22.1
fffe895a4000-fffe897c8000 r--p 08314000 00:25 3827814                    /usr/lib64/libLLVM.so.22.1
fffe897c8000-fffe897cc000 rw-p 08538000 00:25 3827814                    /usr/lib64/libLLVM.so.22.1
fffe897cc000-fffe897d8000 ---p 0855c000 00:25 3827814                    /usr/lib64/libLLVM.so.22.1
fffe897d8000-fffe897e4000 rw-p 08538000 00:25 3827814                    /usr/lib64/libLLVM.so.22.1
fffe897e4000-fffe89890000 rw-p 00000000 00:00 0 
fffe8c000000-fffe8c200000 rw-p 00000000 00:00 0 
fffe8c200000-fffe90000000 ---p 00000000 00:00 0 
fffe90000000-fffe90200000 rw-p 00000000 00:00 0 
fffe90200000-fffe94000000 ---p 00000000 00:00 0 
fffe94000000-fffe94300000 rw-p 00000000 00:00 0 
fffe94300000-fffe94400000 rw-p 00000000 00:00 0 
fffe94400000-fffe94f80000 rw-p 00000000 00:00 0 
fffe94f80000-fffe94fe0000 rw-p 00000000 00:00 0 
fffe94fe0000-fffe95000000 ---p 00000000 00:00 0 
fffe95000000-fffe95940000 rw-p 00000000 00:00 0 
fffe95940000-fffe98000000 ---p 00000000 00:00 0 
fffe98000000-fffe98200000 rw-p 00000000 00:00 0 
fffe98200000-fffe9c000000 ---p 00000000 00:00 0 
fffe9c000000-fffe9c200000 rw-p 00000000 00:00 0 
fffe9c200000-fffea0000000 ---p 00000000 00:00 0 
fffea0000000-fffea0200000 rw-p 00000000 00:00 0 
fffea0200000-fffea4000000 ---p 00000000 00:00 0 
fffea4000000-fffea4200000 rw-p 00000000 00:00 0 
fffea4200000-fffea8000000 ---p 00000000 00:00 0 
fffea8000000-fffea8200000 rw-p 00000000 00:00 0 
fffea8200000-fffeac000000 ---p 00000000 00:00 0 
fffeac000000-fffeac200000 rw-p 00000000 00:00 0 
fffeac200000-fffeb0000000 ---p 00000000 00:00 0 
fffeb0000000-fffeb0200000 rw-p 00000000 00:00 0 
fffeb0200000-fffeb4000000 ---p 00000000 00:00 0 
fffeb4000000-fffeb4200000 rw-p 00000000 00:00 0 
fffeb4200000-fffeb8000000 ---p 00000000 00:00 0 
fffeb8000000-fffeb8200000 rw-p 00000000 00:00 0 
fffeb8200000-fffebc000000 ---p 00000000 00:00 0 
fffebc000000-fffebc200000 rw-p 00000000 00:00 0 
fffebc200000-fffec0000000 ---p 00000000 00:00 0 
fffec0000000-fffec0200000 rw-p 00000000 00:00 0 
fffec0200000-fffec4000000 ---p 00000000 00:00 0 
fffec4000000-fffec4200000 rw-p 00000000 00:00 0 
fffec4200000-fffec4e00000 rw-p 00000000 00:00 0 
fffec4e00000-fffec8000000 ---p 00000000 00:00 0 
fffec8000000-fffec8200000 rw-p 00000000 00:00 0 
fffec8200000-fffecc000000 ---p 00000000 00:00 0 
fffecc000000-fffecc200000 rw-p 00000000 00:00 0 
fffecc200000-fffed0000000 ---p 00000000 00:00 0 
fffed0000000-fffed0200000 rw-p 00000000 00:00 0 
fffed0200000-fffed4000000 ---p 00000000 00:00 0 
fffed4000000-fffed4200000 rw-p 00000000 00:00 0 
fffed4200000-fffed8000000 ---p 00000000 00:00 0 
fffed8000000-fffed8200000 rw-p 00000000 00:00 0 
fffed8200000-fffedc000000 ---p 00000000 00:00 0 
fffedc000000-fffedc200000 rw-p 00000000 00:00 0 
fffedc200000-fffedde00000 rw-p 00000000 00:00 0 
fffedde00000-fffee0000000 ---p 00000000 00:00 0 
fffee0000000-fffee0200000 rw-p 00000000 00:00 0 
fffee0200000-fffee1e00000 rw-p 00000000 00:00 0 
fffee1e00000-fffee4000000 ---p 00000000 00:00 0 
fffee4000000-fffee4200000 rw-p 00000000 00:00 0 
fffee4200000-fffee5800000 rw-p 00000000 00:00 0 
fffee5800000-fffee8000000 ---p 00000000 00:00 0 
fffee8000000-fffee8200000 rw-p 00000000 00:00 0 
fffee8200000-fffeec000000 ---p 00000000 00:00 0 
fffeec000000-fffeec200000 rw-p 00000000 00:00 0 
fffeec200000-fffef0000000 ---p 00000000 00:00 0 
fffef0000000-fffef0200000 rw-p 00000000 00:00 0 
fffef0200000-fffef4000000 ---p 00000000 00:00 0 
fffef4000000-fffef4200000 rw-p 00000000 00:00 0 
fffef4200000-fffef8000000 ---p 00000000 00:00 0 
fffef8000000-fffef8200000 rw-p 00000000 00:00 0 
fffef8200000-fffefc000000 ---p 00000000 00:00 0 
fffefc140000-fffefc164000 r-xp 00000000 00:25 3826951                    /usr/lib64/pipewire-0.3/libpipewire-module-session-manager.so
fffefc164000-fffefc17c000 ---p 00024000 00:25 3826951                    /usr/lib64/pipewire-0.3/libpipewire-module-session-manager.so
fffefc17c000-fffefc180000 r--p 0002c000 00:25 3826951                    /usr/lib64/pipewire-0.3/libpipewire-module-session-manager.so
fffefc180000-fffefc184000 rw-p 00000000 00:00 0 
fffefc190000-fffefc19c000 r-xp 00000000 00:25 3826933                    /usr/lib64/pipewire-0.3/libpipewire-module-metadata.so
fffefc19c000-fffefc1ac000 ---p 0000c000 00:25 3826933                    /usr/lib64/pipewire-0.3/libpipewire-module-metadata.so
fffefc1ac000-fffefc1b0000 r--p 0000c000 00:25 3826933                    /usr/lib64/pipewire-0.3/libpipewire-module-metadata.so
fffefc1b0000-fffefc1b4000 rw-p 00010000 00:25 3826933                    /usr/lib64/pipewire-0.3/libpipewire-module-metadata.so
fffefc1c0000-fffefc1c8000 r-xp 00000000 00:25 3826923                    /usr/lib64/pipewire-0.3/libpipewire-module-adapter.so
fffefc1c8000-fffefc1dc000 ---p 00008000 00:25 3826923                    /usr/lib64/pipewire-0.3/libpipewire-module-adapter.so
fffefc1dc000-fffefc1e0000 r--p 0000c000 00:25 3826923                    /usr/lib64/pipewire-0.3/libpipewire-module-adapter.so
fffefc1e0000-fffefc1e4000 rw-p 00010000 00:25 3826923                    /usr/lib64/pipewire-0.3/libpipewire-module-adapter.so
fffefc1f0000-fffefc200000 r-xp 00000000 00:25 3826925                    /usr/lib64/pipewire-0.3/libpipewire-module-client-device.so
fffefc200000-fffefc20c000 ---p 00010000 00:25 3826925                    /usr/lib64/pipewire-0.3/libpipewire-module-client-device.so
fffefc20c000-fffefc210000 r--p 0000c000 00:25 3826925                    /usr/lib64/pipewire-0.3/libpipewire-module-client-device.so
fffefc210000-fffefc214000 rw-p 00010000 00:25 3826925                    /usr/lib64/pipewire-0.3/libpipewire-module-client-device.so
fffefc220000-fffefc244000 r-xp 00000000 00:25 3826926                    /usr/lib64/pipewire-0.3/libpipewire-module-client-node.so
fffefc244000-fffefc25c000 ---p 00024000 00:25 3826926                    /usr/lib64/pipewire-0.3/libpipewire-module-client-node.so
fffefc25c000-fffefc260000 r--p 0002c000 00:25 3826926                    /usr/lib64/pipewire-0.3/libpipewire-module-client-node.so
fffefc260000-fffefc264000 rw-p 00030000 00:25 3826926                    /usr/lib64/pipewire-0.3/libpipewire-module-client-node.so
fffefc270000-fffefc30c000 r-xp 00000000 00:25 3099166                    /usr/lib64/libpcre2-8.so.0.15.0
fffefc30c000-fffefc31c000 ---p 0009c000 00:25 3099166                    /usr/lib64/libpcre2-8.so.0.15.0
fffefc31c000-fffefc320000 r--p 0009c000 00:25 3099166                    /usr/lib64/libpcre2-8.so.0.15.0
fffefc320000-fffefc324000 rw-p 000a0000 00:25 3099166                    /usr/lib64/libpcre2-8.so.0.15.0
fffefc330000-fffefc360000 r-xp 00000000 00:25 3102648                    /usr/lib64/libselinux.so.1
fffefc360000-fffefc36c000 ---p 00030000 00:25 3102648                    /usr/lib64/libselinux.so.1
fffefc36c000-fffefc370000 r--p 0002c000 00:25 3102648                    /usr/lib64/libselinux.so.1
fffefc370000-fffefc374000 rw-p 00030000 00:25 3102648                    /usr/lib64/libselinux.so.1
fffefc380000-fffefc3ac000 r-xp 00000000 00:25 3826940                    /usr/lib64/pipewire-0.3/libpipewire-module-protocol-native.so
fffefc3ac000-fffefc3b4000 ---p 0002c000 00:25 3826940                    /usr/lib64/pipewire-0.3/libpipewire-module-protocol-native.so
fffefc3b4000-fffefc3c0000 r--p 00034000 00:25 3826940                    /usr/lib64/pipewire-0.3/libpipewire-module-protocol-native.so
fffefc3c0000-fffefc3c4000 rw-p 00040000 00:25 3826940                    /usr/lib64/pipewire-0.3/libpipewire-module-protocol-native.so
fffefc3d0000-fffefc3d8000 r-xp 00000000 00:25 3826945                    /usr/lib64/pipewire-0.3/libpipewire-module-rt.so
fffefc3d8000-fffefc3ec000 ---p 00008000 00:25 3826945                    /usr/lib64/pipewire-0.3/libpipewire-module-rt.so
fffefc3ec000-fffefc3f0000 r--p 0000c000 00:25 3826945                    /usr/lib64/pipewire-0.3/libpipewire-module-rt.so
fffefc3f0000-fffefc3f4000 rw-p 00010000 00:25 3826945                    /usr/lib64/pipewire-0.3/libpipewire-module-rt.so
fffefc400000-fffefc454000 r-xp 00000000 00:25 3098658                    /usr/lib64/libdbus-1.so.3.38.3
fffefc454000-fffefc46c000 ---p 00054000 00:25 3098658                    /usr/lib64/libdbus-1.so.3.38.3
fffefc46c000-fffefc470000 r--p 0005c000 00:25 3098658                    /usr/lib64/libdbus-1.so.3.38.3
fffefc470000-fffefc474000 rw-p 00060000 00:25 3098658                    /usr/lib64/libdbus-1.so.3.38.3
fffefc480000-fffefc488000 r-xp 00000000 00:25 3826985                    /usr/lib64/spa-0.2/support/libspa-dbus.so
fffefc488000-fffefc49c000 ---p 00008000 00:25 3826985                    /usr/lib64/spa-0.2/support/libspa-dbus.so
fffefc49c000-fffefc4a0000 r--p 0000c000 00:25 3826985                    /usr/lib64/spa-0.2/support/libspa-dbus.so
fffefc4a0000-fffefc4a4000 rw-p 00010000 00:25 3826985                    /usr/lib64/spa-0.2/support/libspa-dbus.so
fffefc4b0000-fffefc5cc000 r-xp 00000000 00:25 3098609                    /usr/lib64/libsystemd.so.0.42.0
fffefc5cc000-fffefc5d4000 ---p 0011c000 00:25 3098609                    /usr/lib64/libsystemd.so.0.42.0
fffefc5d4000-fffefc5e0000 r--p 00124000 00:25 3098609                    /usr/lib64/libsystemd.so.0.42.0
fffefc5e0000-fffefc5e4000 rw-p 00130000 00:25 3098609                    /usr/lib64/libsystemd.so.0.42.0
fffefc5f0000-fffefc5f4000 r-xp 00000000 00:25 3826986                    /usr/lib64/spa-0.2/support/libspa-journal.so
fffefc5f4000-fffefc60c000 ---p 00004000 00:25 3826986                    /usr/lib64/spa-0.2/support/libspa-journal.so
fffefc60c000-fffefc610000 r--p 0000c000 00:25 3826986                    /usr/lib64/spa-0.2/support/libspa-journal.so
fffefc610000-fffefc614000 rw-p 00010000 00:25 3826986                    /usr/lib64/spa-0.2/support/libspa-journal.so
fffefc620000-fffefc644000 r-xp 00000000 00:25 3826987                    /usr/lib64/spa-0.2/support/libspa-support.so
fffefc644000-fffefc658000 ---p 00024000 00:25 3826987                    /usr/lib64/spa-0.2/support/libspa-support.so
fffefc658000-fffefc660000 r--p 00028000 00:25 3826987                    /usr/lib64/spa-0.2/support/libspa-support.so
fffefc660000-fffefc664000 rw-p 00030000 00:25 3826987                    /usr/lib64/spa-0.2/support/libspa-support.so
fffefc670000-fffefc71c000 r-xp 00000000 00:25 3826921                    /usr/lib64/libpipewire-0.3.so.0.1605.0
fffefc71c000-fffefc724000 ---p 000ac000 00:25 3826921                    /usr/lib64/libpipewire-0.3.so.0.1605.0
fffefc724000-fffefc740000 r--p 000b4000 00:25 3826921                    /usr/lib64/libpipewire-0.3.so.0.1605.0
fffefc740000-fffefc744000 rw-p 000d0000 00:25 3826921                    /usr/lib64/libpipewire-0.3.so.0.1605.0
fffefc750000-fffefc8e4000 r-xp 00000000 00:2b 2584                       /tmp/lwjgl_anguscrump/3.4.1-snapshot/arm64/libopenal.so
fffefc8e4000-fffefc8f0000 ---p 00194000 00:2b 2584                       /tmp/lwjgl_anguscrump/3.4.1-snapshot/arm64/libopenal.so
fffefc8f0000-fffefc8fc000 r--p 00190000 00:2b 2584                       /tmp/lwjgl_anguscrump/3.4.1-snapshot/arm64/libopenal.so
fffefc8fc000-fffefc900000 rw-p 0019c000 00:2b 2584                       /tmp/lwjgl_anguscrump/3.4.1-snapshot/arm64/libopenal.so
fffefc900000-fffefc9e4000 rw-p 00000000 00:00 0 
fffefcbf0000-fffefce70000 rw-p 00000000 00:00 0 
fffefce70000-fffefceec000 r-xp 00000000 00:2b 2583                       /tmp/lwjgl_anguscrump/3.4.1-snapshot/arm64/liblwjgl_stb.so
fffefceec000-fffefcef8000 ---p 0007c000 00:2b 2583                       /tmp/lwjgl_anguscrump/3.4.1-snapshot/arm64/liblwjgl_stb.so
fffefcef8000-fffefcefc000 r--p 00078000 00:2b 2583                       /tmp/lwjgl_anguscrump/3.4.1-snapshot/arm64/liblwjgl_stb.so
fffefcefc000-fffefcf00000 rw-p 0007c000 00:2b 2583                       /tmp/lwjgl_anguscrump/3.4.1-snapshot/arm64/liblwjgl_stb.so
fffefcf10000-fffefcf20000 r-xp 00000000 00:25 3115554                    /usr/lib64/libEGL.so.1.1.0
fffefcf20000-fffefcf2c000 ---p 00010000 00:25 3115554                    /usr/lib64/libEGL.so.1.1.0
fffefcf2c000-fffefcf30000 r--p 0000c000 00:25 3115554                    /usr/lib64/libEGL.so.1.1.0
fffefcf30000-fffefcf34000 rw-p 00010000 00:25 3115554                    /usr/lib64/libEGL.so.1.1.0
fffefcf40000-fffefcf98000 r-xp 00000000 00:2b 2582                       /tmp/lwjgl_anguscrump/3.4.1-snapshot/arm64/liblwjgl_opengl.so
fffefcf98000-fffefcfa8000 ---p 00058000 00:2b 2582                       /tmp/lwjgl_anguscrump/3.4.1-snapshot/arm64/liblwjgl_opengl.so
fffefcfa8000-fffefcfac000 rw-p 00058000 00:2b 2582                       /tmp/lwjgl_anguscrump/3.4.1-snapshot/arm64/liblwjgl_opengl.so
fffefdbd0000-fffefdd2c000 r-xp 00000000 00:25 3098680                    /usr/lib64/libxml2.so.2.12.10
fffefdd2c000-fffefdd34000 ---p 0015c000 00:25 3098680                    /usr/lib64/libxml2.so.2.12.10
fffefdd34000-fffefdd40000 r--p 00164000 00:25 3098680                    /usr/lib64/libxml2.so.2.12.10
fffefdd40000-fffefdd44000 rw-p 00170000 00:25 3098680                    /usr/lib64/libxml2.so.2.12.10
fffefdd50000-fffefdfcc000 r-xp 00000000 00:25 3565243                    /usr/lib64/libstdc++.so.6.0.35
fffefdfcc000-fffefdfdc000 ---p 0027c000 00:25 3565243                    /usr/lib64/libstdc++.so.6.0.35
fffefdfdc000-fffefdff0000 r--p 0027c000 00:25 3565243                    /usr/lib64/libstdc++.so.6.0.35
fffefdff0000-fffefdff4000 rw-p 00290000 00:25 3565243                    /usr/lib64/libstdc++.so.6.0.35
fffefdff4000-fffefdff8000 rw-p 00000000 00:00 0 
fffefe000000-ffff0be94000 r--p 00000000 00:25 3810908                    /usr/lib/locale/locale-archive
ffff0bfb0000-ffff0bfe0000 r-xp 00000000 00:25 3098672                    /usr/lib64/liblzma.so.5.8.2
ffff0bfe0000-ffff0bfec000 ---p 00030000 00:25 3098672                    /usr/lib64/liblzma.so.5.8.2
ffff0bfec000-ffff0bff0000 r--p 0003c000 00:25 3098672                    /usr/lib64/liblzma.so.5.8.2
ffff0bff0000-ffff0bff4000 rw-p 00000000 00:00 0 
ffff0c000000-ffff0c400000 rw-p 00000000 00:00 0 
ffff0c400000-ffff0cbc0000 rw-p 00000000 00:00 0 
ffff0cbc0000-ffff0cc00000 rw-p 00000000 00:00 0 
ffff0cc00000-ffff0d180000 rw-p 00000000 00:00 0 
ffff0d180000-ffff0d200000 rw-p 00000000 00:00 0 
ffff0d200000-ffff0dd80000 rw-p 00000000 00:00 0 
ffff0dd80000-ffff0e400000 rw-p 00000000 00:00 0 
ffff0e400000-ffff10000000 rw-p 00000000 00:00 0 
ffff10000000-ffff10200000 rw-p 00000000 00:00 0 
ffff10200000-ffff14000000 ---p 00000000 00:00 0 
ffff14000000-ffff14200000 rw-p 00000000 00:00 0 
ffff14200000-ffff14600000 rw-p 00000000 00:00 0 
ffff14600000-ffff18000000 ---p 00000000 00:00 0 
ffff18000000-ffff18200000 rw-p 00000000 00:00 0 
ffff18200000-ffff1c000000 ---p 00000000 00:00 0 
ffff1c000000-ffff1c200000 rw-p 00000000 00:00 0 
ffff1c200000-ffff20000000 ---p 00000000 00:00 0 
ffff20000000-ffff20200000 rw-p 00000000 00:00 0 
ffff20200000-ffff24000000 ---p 00000000 00:00 0 
ffff24000000-ffff24200000 rw-p 00000000 00:00 0 
ffff24200000-ffff28000000 ---p 00000000 00:00 0 
ffff28050000-ffff28078000 r-xp 00000000 00:25 3098080                    /usr/lib64/libtinfo.so.6.6
ffff28078000-ffff2808c000 ---p 00028000 00:25 3098080                    /usr/lib64/libtinfo.so.6.6
ffff2808c000-ffff28090000 r--p 0002c000 00:25 3098080                    /usr/lib64/libtinfo.so.6.6
ffff28090000-ffff28094000 rw-p 00030000 00:25 3098080                    /usr/lib64/libtinfo.so.6.6
ffff280a0000-ffff280d4000 r-xp 00000000 00:25 3859435                    /usr/lib64/libedit.so.0.0.78
ffff280d4000-ffff280ec000 ---p 00034000 00:25 3859435                    /usr/lib64/libedit.so.0.0.78
ffff280ec000-ffff280f0000 r--p 0003c000 00:25 3859435                    /usr/lib64/libedit.so.0.0.78
ffff280f0000-ffff280f4000 rw-p 00040000 00:25 3859435                    /usr/lib64/libedit.so.0.0.78
ffff28100000-ffff28118000 r-xp 00000000 00:25 3099018                    /usr/lib64/libffi.so.8.2.0
ffff28118000-ffff2812c000 ---p 00018000 00:25 3099018                    /usr/lib64/libffi.so.8.2.0
ffff2812c000-ffff28130000 r--p 0001c000 00:25 3099018                    /usr/lib64/libffi.so.8.2.0
ffff28130000-ffff28134000 rw-p 00020000 00:25 3099018                    /usr/lib64/libffi.so.8.2.0
ffff28410000-ffff284d4000 r-xp 00000000 00:25 3098619                    /usr/lib64/libzstd.so.1.5.7
ffff284d4000-ffff284ec000 ---p 000c4000 00:25 3098619                    /usr/lib64/libzstd.so.1.5.7
ffff284ec000-ffff284f0000 r--p 000cc000 00:25 3098619                    /usr/lib64/libzstd.so.1.5.7
ffff284f0000-ffff284f4000 rw-p 000d0000 00:25 3098619                    /usr/lib64/libzstd.so.1.5.7
ffff28700000-ffff28818000 r-xp 00000000 00:25 3105144                    /usr/lib64/libGLdispatch.so.0.0.0
ffff28818000-ffff28824000 ---p 00118000 00:25 3105144                    /usr/lib64/libGLdispatch.so.0.0.0
ffff28824000-ffff28840000 r--p 00124000 00:25 3105144                    /usr/lib64/libGLdispatch.so.0.0.0
ffff28840000-ffff28844000 rw-p 00140000 00:25 3105144                    /usr/lib64/libGLdispatch.so.0.0.0
ffff28844000-ffff2884c000 rw-p 00000000 00:00 0 
ffff28900000-ffff28908000 r-xp 00000000 00:25 3101940                    /usr/lib64/libXfixes.so.3.1.0
ffff28908000-ffff2891c000 ---p 00008000 00:25 3101940                    /usr/lib64/libXfixes.so.3.1.0
ffff2891c000-ffff28920000 r--p 0000c000 00:25 3101940                    /usr/lib64/libXfixes.so.3.1.0
ffff28920000-ffff28924000 rw-p 00010000 00:25 3101940                    /usr/lib64/libXfixes.so.3.1.0
ffff28930000-ffff2893c000 r-xp 00000000 00:25 3101960                    /usr/lib64/libXcursor.so.1.0.2
ffff2893c000-ffff2894c000 ---p 0000c000 00:25 3101960                    /usr/lib64/libXcursor.so.1.0.2
ffff2894c000-ffff28950000 r--p 0000c000 00:25 3101960                    /usr/lib64/libXcursor.so.1.0.2
ffff28950000-ffff28954000 rw-p 00000000 00:00 0 
ffff28960000-ffff2896c000 r-xp 00000000 00:25 3101950                    /usr/lib64/libXrender.so.1.3.0
ffff2896c000-ffff2897c000 ---p 0000c000 00:25 3101950                    /usr/lib64/libXrender.so.1.3.0
ffff2897c000-ffff28980000 r--p 0000c000 00:25 3101950                    /usr/lib64/libXrender.so.1.3.0
ffff28980000-ffff28984000 rw-p 00010000 00:25 3101950                    /usr/lib64/libXrender.so.1.3.0
ffff289c0000-ffff289d4000 r-xp 00000000 00:25 3101935                    /usr/lib64/libXext.so.6.4.0
ffff289d4000-ffff289ec000 ---p 00014000 00:25 3101935                    /usr/lib64/libXext.so.6.4.0
ffff289ec000-ffff289f0000 r--p 0001c000 00:25 3101935                    /usr/lib64/libXext.so.6.4.0
ffff289f0000-ffff289f4000 rw-p 00020000 00:25 3101935                    /usr/lib64/libXext.so.6.4.0
ffff28a00000-ffff28e00000 rw-p 00000000 00:00 0 
ffff28e70000-ffff28fb8000 r-xp 00000000 00:25 3101932                    /usr/lib64/libX11.so.6.4.0
ffff28fb8000-ffff28fcc000 ---p 00148000 00:25 3101932                    /usr/lib64/libX11.so.6.4.0
ffff28fcc000-ffff28fd0000 r--p 0014c000 00:25 3101932                    /usr/lib64/libX11.so.6.4.0
ffff28fd0000-ffff28fd4000 rw-p 00150000 00:25 3101932                    /usr/lib64/libX11.so.6.4.0
ffff28fe0000-ffff29054000 r-xp 00000000 00:2b 2581                       /tmp/lwjgl_anguscrump/3.4.1-snapshot/arm64/libjemalloc.so
ffff29054000-ffff29060000 ---p 00074000 00:2b 2581                       /tmp/lwjgl_anguscrump/3.4.1-snapshot/arm64/libjemalloc.so
ffff29060000-ffff29064000 r--p 00070000 00:2b 2581                       /tmp/lwjgl_anguscrump/3.4.1-snapshot/arm64/libjemalloc.so
ffff29064000-ffff29068000 rw-p 00074000 00:2b 2581                       /tmp/lwjgl_anguscrump/3.4.1-snapshot/arm64/libjemalloc.so
ffff29068000-ffff290f4000 rw-p 00000000 00:00 0 
ffff29100000-ffff29174000 r-xp 00000000 00:2b 2580                       /tmp/lwjgl_anguscrump/3.4.1-snapshot/arm64/libglfw.so
ffff29174000-ffff29184000 ---p 00074000 00:2b 2580                       /tmp/lwjgl_anguscrump/3.4.1-snapshot/arm64/libglfw.so
ffff29184000-ffff2918c000 rw-p 00074000 00:2b 2580                       /tmp/lwjgl_anguscrump/3.4.1-snapshot/arm64/libglfw.so
ffff2918c000-ffff291b0000 rw-p 00000000 00:00 0 
ffff291c0000-ffff29a00000 rw-p 00000000 00:00 0 
ffff29a00000-ffff29a0c000 ---p 00000000 00:00 0 
ffff29a0c000-ffff29c00000 rw-p 00000000 00:00 0 
ffff29c00000-ffff29c0c000 ---p 00000000 00:00 0 
ffff29c0c000-ffff29e00000 rw-p 00000000 00:00 0 
ffff2a000000-ffff2c000000 rw-p 00000000 00:00 0 
ffff2c000000-ffff2c200000 rw-p 00000000 00:00 0 
ffff2c200000-ffff30000000 ---p 00000000 00:00 0 
ffff30000000-ffff30200000 rw-p 00000000 00:00 0 
ffff30200000-ffff34000000 ---p 00000000 00:00 0 
ffff34020000-ffff34024000 r-xp 00000000 00:25 3101844                    /usr/lib64/libXau.so.6.0.0
ffff34024000-ffff3403c000 ---p 00004000 00:25 3101844                    /usr/lib64/libXau.so.6.0.0
ffff3403c000-ffff34040000 r--p 0000c000 00:25 3101844                    /usr/lib64/libXau.so.6.0.0
ffff34040000-ffff34044000 rw-p 00000000 00:00 0 
ffff34050000-ffff3407c000 r-xp 00000000 00:25 3101927                    /usr/lib64/libxcb.so.1.1.0
ffff3407c000-ffff3408c000 ---p 0002c000 00:25 3101927                    /usr/lib64/libxcb.so.1.1.0
ffff3408c000-ffff34090000 r--p 0002c000 00:25 3101927                    /usr/lib64/libxcb.so.1.1.0
ffff34090000-ffff34094000 rw-p 00030000 00:25 3101927                    /usr/lib64/libxcb.so.1.1.0
ffff340a0000-ffff34124000 r-xp 00000000 00:2b 2579                       /tmp/lwjgl_anguscrump/3.4.1-snapshot/arm64/liblwjgl.so
ffff34124000-ffff34130000 ---p 00084000 00:2b 2579                       /tmp/lwjgl_anguscrump/3.4.1-snapshot/arm64/liblwjgl.so
ffff34130000-ffff34134000 r--p 00080000 00:2b 2579                       /tmp/lwjgl_anguscrump/3.4.1-snapshot/arm64/liblwjgl.so
ffff34134000-ffff34138000 rw-p 00084000 00:2b 2579                       /tmp/lwjgl_anguscrump/3.4.1-snapshot/arm64/liblwjgl.so
ffff34140000-ffff34144000 r-xp 00000000 00:25 8789711                    /home/anguscrump/.jdks/jbr-25.0.3/lib/libextnet.so
ffff34144000-ffff3415c000 ---p 00004000 00:25 8789711                    /home/anguscrump/.jdks/jbr-25.0.3/lib/libextnet.so
ffff3415c000-ffff34160000 r--p 0000c000 00:25 8789711                    /home/anguscrump/.jdks/jbr-25.0.3/lib/libextnet.so
ffff34160000-ffff34164000 rw-p 00000000 00:00 0 
ffff34170000-ffff341a0000 r-xp 00000000 00:25 3098606                    /usr/lib64/libnss_resolve.so.2
ffff341a0000-ffff341ac000 ---p 00030000 00:25 3098606                    /usr/lib64/libnss_resolve.so.2
ffff341ac000-ffff341b0000 r--p 0003c000 00:25 3098606                    /usr/lib64/libnss_resolve.so.2
ffff341b0000-ffff341b4000 rw-p 00040000 00:25 3098606                    /usr/lib64/libnss_resolve.so.2
ffff343bc000-ffff343c8000 ---p 00000000 00:00 0 
ffff343c8000-ffff345bc000 rw-p 00000000 00:00 0 
ffff345bc000-ffff345c8000 ---p 00000000 00:00 0 
ffff345c8000-ffff347bc000 rw-p 00000000 00:00 0 
ffff347bc000-ffff347c8000 ---p 00000000 00:00 0 
ffff347c8000-ffff349bc000 rw-p 00000000 00:00 0 
ffff349bc000-ffff349c8000 ---p 00000000 00:00 0 
ffff349c8000-ffff34bbc000 rw-p 00000000 00:00 0 
ffff34bbc000-ffff34bc8000 ---p 00000000 00:00 0 
ffff34bc8000-ffff34dbc000 rw-p 00000000 00:00 0 
ffff34dbc000-ffff34dc8000 ---p 00000000 00:00 0 
ffff34dc8000-ffff353dc000 rw-p 00000000 00:00 0 
ffff353dc000-ffff35b34000 rw-p 00000000 00:00 0 
ffff35b34000-ffff38fb4000 ---p 00000000 00:00 0 
ffff38fb4000-ffff38ffc000 rw-p 00000000 00:00 0 
ffff38ffc000-ffff3a23c000 rwxp 00000000 00:00 0 
ffff3a23c000-ffff40534000 ---p 00000000 00:00 0 
ffff40534000-ffff40874000 rwxp 00000000 00:00 0 
ffff40874000-ffff40ac8000 ---p 00000000 00:00 0 
ffff40ac8000-ffff411b8000 rwxp 00000000 00:00 0 
ffff411b8000-ffff48000000 ---p 00000000 00:00 0 
ffff48000000-ffff4bff4000 r--s 00000000 00:25 8789745                    /home/anguscrump/.jdks/jbr-25.0.3/lib/modules
ffff4c000000-ffff4c200000 rw-p 00000000 00:00 0 
ffff4c200000-ffff50000000 rw-p 00000000 00:00 0 
ffff50030000-ffff50034000 r-xp 00000000 00:25 3115273                    /usr/lib64/libnss_mdns4_minimal.so.2
ffff50034000-ffff5004c000 ---p 00004000 00:25 3115273                    /usr/lib64/libnss_mdns4_minimal.so.2
ffff5004c000-ffff50050000 r--p 0000c000 00:25 3115273                    /usr/lib64/libnss_mdns4_minimal.so.2
ffff50050000-ffff50054000 rw-p 00000000 00:00 0 
ffff50060000-ffff500a4000 r-xp 00000000 00:25 3098611                    /usr/lib64/libudev.so.1.7.12
ffff500a4000-ffff500b8000 ---p 00044000 00:25 3098611                    /usr/lib64/libudev.so.1.7.12
ffff500b8000-ffff500c0000 r--p 00048000 00:25 3098611                    /usr/lib64/libudev.so.1.7.12
ffff500c0000-ffff500c4000 rw-p 00050000 00:25 3098611                    /usr/lib64/libudev.so.1.7.12
ffff500cc000-ffff500d8000 ---p 00000000 00:00 0 
ffff500d8000-ffff50100000 rw-p 00000000 00:00 0 
ffff50100000-ffff50124000 r-xp 00000000 00:25 8790347                    /home/anguscrump/.cache/JNA/temp/jna1516221192080659346.tmp (deleted)
ffff50124000-ffff50130000 ---p 00024000 00:25 8790347                    /home/anguscrump/.cache/JNA/temp/jna1516221192080659346.tmp (deleted)
ffff50130000-ffff50134000 r--p 00020000 00:25 8790347                    /home/anguscrump/.cache/JNA/temp/jna1516221192080659346.tmp (deleted)
ffff50134000-ffff50138000 rw-p 00024000 00:25 8790347                    /home/anguscrump/.cache/JNA/temp/jna1516221192080659346.tmp (deleted)
ffff50140000-ffff50150000 r-xp 00000000 00:25 8789741                    /home/anguscrump/.jdks/jbr-25.0.3/lib/libverify.so
ffff50150000-ffff5015c000 ---p 00010000 00:25 8789741                    /home/anguscrump/.jdks/jbr-25.0.3/lib/libverify.so
ffff5015c000-ffff50160000 r--p 0000c000 00:25 8789741                    /home/anguscrump/.jdks/jbr-25.0.3/lib/libverify.so
ffff50160000-ffff50164000 rw-p 00000000 00:00 0 
ffff50170000-ffff507a0000 rw-p 00000000 00:00 0 
ffff507a0000-ffff507c0000 r-xp 00000000 00:25 3565233                    /usr/lib64/libgcc_s-16-20260501.so.1
ffff507c0000-ffff507cc000 ---p 00020000 00:25 3565233                    /usr/lib64/libgcc_s-16-20260501.so.1
ffff507cc000-ffff507d0000 r--p 0001c000 00:25 3565233                    /usr/lib64/libgcc_s-16-20260501.so.1
ffff507d0000-ffff507d4000 rw-p 00000000 00:00 0 
ffff507e0000-ffff5080c000 r-xp 00000000 00:25 3098605                    /usr/lib64/libnss_myhostname.so.2
ffff5080c000-ffff50818000 ---p 0002c000 00:25 3098605                    /usr/lib64/libnss_myhostname.so.2
ffff50818000-ffff50820000 r--p 00028000 00:25 3098605                    /usr/lib64/libnss_myhostname.so.2
ffff50820000-ffff50824000 rw-p 00030000 00:25 3098605                    /usr/lib64/libnss_myhostname.so.2
ffff50830000-ffff50838000 r-xp 00000000 00:25 8789729                    /home/anguscrump/.jdks/jbr-25.0.3/lib/libmanagement_ext.so
ffff50838000-ffff5084c000 ---p 00008000 00:25 8789729                    /home/anguscrump/.jdks/jbr-25.0.3/lib/libmanagement_ext.so
ffff5084c000-ffff50850000 r--p 0000c000 00:25 8789729                    /home/anguscrump/.jdks/jbr-25.0.3/lib/libmanagement_ext.so
ffff50850000-ffff50854000 rw-p 00000000 00:00 0 
ffff50860000-ffff50864000 r-xp 00000000 00:25 8789728                    /home/anguscrump/.jdks/jbr-25.0.3/lib/libmanagement.so
ffff50864000-ffff5087c000 ---p 00004000 00:25 8789728                    /home/anguscrump/.jdks/jbr-25.0.3/lib/libmanagement.so
ffff5087c000-ffff50880000 r--p 0000c000 00:25 8789728                    /home/anguscrump/.jdks/jbr-25.0.3/lib/libmanagement.so
ffff50880000-ffff50884000 rw-p 00000000 00:00 0 
ffff50a90000-ffff50a98000 r-xp 00000000 00:25 8789743                    /home/anguscrump/.jdks/jbr-25.0.3/lib/libzip.so
ffff50a98000-ffff50aac000 ---p 00008000 00:25 8789743                    /home/anguscrump/.jdks/jbr-25.0.3/lib/libzip.so
ffff50aac000-ffff50ab0000 r--p 0000c000 00:25 8789743                    /home/anguscrump/.jdks/jbr-25.0.3/lib/libzip.so
ffff50ab0000-ffff50ab4000 rw-p 00000000 00:00 0 
ffff50ac0000-ffff50acc000 r-xp 00000000 00:25 8789731                    /home/anguscrump/.jdks/jbr-25.0.3/lib/libnet.so
ffff50acc000-ffff50adc000 ---p 0000c000 00:25 8789731                    /home/anguscrump/.jdks/jbr-25.0.3/lib/libnet.so
ffff50adc000-ffff50ae0000 r--p 0000c000 00:25 8789731                    /home/anguscrump/.jdks/jbr-25.0.3/lib/libnet.so
ffff50ae0000-ffff50ae4000 rw-p 00000000 00:00 0 
ffff50af0000-ffff50b04000 r-xp 00000000 00:25 8789733                    /home/anguscrump/.jdks/jbr-25.0.3/lib/libnio.so
ffff50b04000-ffff50b1c000 ---p 00014000 00:25 8789733                    /home/anguscrump/.jdks/jbr-25.0.3/lib/libnio.so
ffff50b1c000-ffff50b20000 r--p 0001c000 00:25 8789733                    /home/anguscrump/.jdks/jbr-25.0.3/lib/libnio.so
ffff50b20000-ffff50b24000 rw-p 00020000 00:25 8789733                    /home/anguscrump/.jdks/jbr-25.0.3/lib/libnio.so
ffff50b24000-ffff50b28000 rw-p 00000000 00:00 0 
ffff50b28000-ffff50b34000 ---p 00000000 00:00 0 
ffff50b34000-ffff50d28000 rw-p 00000000 00:00 0 
ffff50d28000-ffff50d34000 ---p 00000000 00:00 0 
ffff50d34000-ffff50f28000 rw-p 00000000 00:00 0 
ffff50f28000-ffff50f34000 ---p 00000000 00:00 0 
ffff50f34000-ffff51128000 rw-p 00000000 00:00 0 
ffff51128000-ffff51134000 ---p 00000000 00:00 0 
ffff51134000-ffff51328000 rw-p 00000000 00:00 0 
ffff51328000-ffff51334000 ---p 00000000 00:00 0 
ffff51334000-ffff51528000 rw-p 00000000 00:00 0 
ffff51528000-ffff51534000 ---p 00000000 00:00 0 
ffff51534000-ffff51728000 rw-p 00000000 00:00 0 
ffff51728000-ffff51734000 ---p 00000000 00:00 0 
ffff51734000-ffff51928000 rw-p 00000000 00:00 0 
ffff51928000-ffff51934000 ---p 00000000 00:00 0 
ffff51934000-ffff51b28000 rw-p 00000000 00:00 0 
ffff51b28000-ffff51d24000 rw-p 00000000 00:00 0 
ffff51d24000-ffff51f34000 rw-p 00000000 00:00 0 
ffff51f34000-ffff51f40000 ---p 00000000 00:00 0 
ffff51f40000-ffff52354000 rw-p 00000000 00:00 0 
ffff52354000-ffff52358000 r-xp 00000000 00:2b 2585                       /tmp/#2585 (deleted)
ffff52358000-ffff5235c000 rw-p 00000000 00:00 0 
ffff52380000-ffff523c4000 rw-p 00000000 00:00 0 
ffff523c4000-ffff527e4000 rw-p 00000000 00:00 0 
ffff527e4000-ffff53108000 rw-p 00000000 00:00 0 
ffff53108000-ffff53738000 rw-p 00000000 00:00 0 
ffff53738000-ffff538a4000 rw-p 00000000 00:00 0 
ffff538a4000-ffff53f30000 ---p 00000000 00:00 0 
ffff53f30000-ffff54028000 rw-p 00000000 00:00 0 
ffff54028000-ffff546b4000 ---p 00000000 00:00 0 
ffff546b4000-ffff54efc000 rw-p 00000000 00:00 0 
ffff54efc000-ffff550b8000 ---p 00000000 00:00 0 
ffff550b8000-ffff55104000 rw-p 00000000 00:00 0 
ffff55104000-ffff55290000 ---p 00000000 00:00 0 
ffff55290000-ffff552b4000 r-xp 00000000 00:25 8789719                    /home/anguscrump/.jdks/jbr-25.0.3/lib/libjava.so
ffff552b4000-ffff552cc000 ---p 00024000 00:25 8789719                    /home/anguscrump/.jdks/jbr-25.0.3/lib/libjava.so
ffff552cc000-ffff552d0000 r--p 0002c000 00:25 8789719                    /home/anguscrump/.jdks/jbr-25.0.3/lib/libjava.so
ffff552d0000-ffff552d4000 rw-p 00030000 00:25 8789719                    /home/anguscrump/.jdks/jbr-25.0.3/lib/libjava.so
ffff552e0000-ffff552fc000 r-xp 00000000 00:25 8789723                    /home/anguscrump/.jdks/jbr-25.0.3/lib/libjimage.so
ffff552fc000-ffff5530c000 ---p 0001c000 00:25 8789723                    /home/anguscrump/.jdks/jbr-25.0.3/lib/libjimage.so
ffff5530c000-ffff55310000 r--p 0001c000 00:25 8789723                    /home/anguscrump/.jdks/jbr-25.0.3/lib/libjimage.so
ffff55310000-ffff55314000 rw-p 00020000 00:25 8789723                    /home/anguscrump/.jdks/jbr-25.0.3/lib/libjimage.so
ffff55320000-ffff5532c000 ---p 00000000 00:00 0 
ffff5532c000-ffff55520000 rw-p 00000000 00:00 0 
ffff55520000-ffff555d0000 r-xp 00000000 00:25 3800671                    /usr/lib64/libm.so.6
ffff555d0000-ffff555dc000 ---p 000b0000 00:25 3800671                    /usr/lib64/libm.so.6
ffff555dc000-ffff555e0000 r--p 000ac000 00:25 3800671                    /usr/lib64/libm.so.6
ffff555e0000-ffff555e4000 rw-p 000b0000 00:25 3800671                    /usr/lib64/libm.so.6
ffff555f0000-ffff555f4000 r-xp 00000000 00:25 3800679                    /usr/lib64/librt.so.1
ffff555f4000-ffff5560c000 ---p 00004000 00:25 3800679                    /usr/lib64/librt.so.1
ffff5560c000-ffff55610000 r--p 0000c000 00:25 3800679                    /usr/lib64/librt.so.1
ffff55610000-ffff55614000 rw-p 00000000 00:00 0 
ffff55620000-ffff569a0000 r-xp 00000000 00:25 8789753                    /home/anguscrump/.jdks/jbr-25.0.3/lib/server/libjvm.so
ffff569a0000-ffff569b0000 ---p 01380000 00:25 8789753                    /home/anguscrump/.jdks/jbr-25.0.3/lib/server/libjvm.so
ffff569b0000-ffff56a90000 r--p 01380000 00:25 8789753                    /home/anguscrump/.jdks/jbr-25.0.3/lib/server/libjvm.so
ffff56a90000-ffff56ac0000 rw-p 01460000 00:25 8789753                    /home/anguscrump/.jdks/jbr-25.0.3/lib/server/libjvm.so
ffff56ac0000-ffff56b68000 rw-p 00000000 00:00 0 
ffff56b70000-ffff56b74000 r-xp 00000000 00:25 3800677                    /usr/lib64/libpthread.so.0
ffff56b74000-ffff56b8c000 ---p 00004000 00:25 3800677                    /usr/lib64/libpthread.so.0
ffff56b8c000-ffff56b90000 r--p 0000c000 00:25 3800677                    /usr/lib64/libpthread.so.0
ffff56b90000-ffff56b94000 rw-p 00000000 00:00 0 
ffff56ba0000-ffff56ba4000 r-xp 00000000 00:25 3800670                    /usr/lib64/libdl.so.2
ffff56ba4000-ffff56bbc000 ---p 00004000 00:25 3800670                    /usr/lib64/libdl.so.2
ffff56bbc000-ffff56bc0000 r--p 0000c000 00:25 3800670                    /usr/lib64/libdl.so.2
ffff56bc0000-ffff56bc4000 rw-p 00000000 00:00 0 
ffff56bd0000-ffff56bf0000 r-xp 00000000 00:25 3098599                    /usr/lib64/libz.so.1.3.1.zlib-ng
ffff56bf0000-ffff56bfc000 ---p 00020000 00:25 3098599                    /usr/lib64/libz.so.1.3.1.zlib-ng
ffff56bfc000-ffff56c00000 r--p 0001c000 00:25 3098599                    /usr/lib64/libz.so.1.3.1.zlib-ng
ffff56c00000-ffff56c04000 rw-p 00020000 00:25 3098599                    /usr/lib64/libz.so.1.3.1.zlib-ng
ffff56c10000-ffff56db8000 r-xp 00000000 00:25 3800669                    /usr/lib64/libc.so.6
ffff56db8000-ffff56dcc000 ---p 001a8000 00:25 3800669                    /usr/lib64/libc.so.6
ffff56dcc000-ffff56dd0000 r--p 001ac000 00:25 3800669                    /usr/lib64/libc.so.6
ffff56dd0000-ffff56dd4000 rw-p 001b0000 00:25 3800669                    /usr/lib64/libc.so.6
ffff56dd4000-ffff56ddc000 rw-p 00000000 00:00 0 
ffff56de0000-ffff56de4000 r--p 00000000 00:00 0 
ffff56de4000-ffff56dec000 r--s 00000000 00:25 3811701                    /usr/lib64/gconv/gconv-modules.cache
ffff56dec000-ffff56e00000 rw-p 00000000 00:00 0 
ffff56e00000-ffff56e08000 ---p 00000000 00:00 0 
ffff56e08000-ffff56e10000 rw-s 00000000 00:2b 2574                       /tmp/hsperfdata_anguscrump/74652 (deleted)
ffff56e10000-ffff56e20000 r-xp 00000000 00:25 8789724                    /home/anguscrump/.jdks/jbr-25.0.3/lib/libjli.so
ffff56e20000-ffff56e2c000 ---p 00010000 00:25 8789724                    /home/anguscrump/.jdks/jbr-25.0.3/lib/libjli.so
ffff56e2c000-ffff56e30000 r--p 0000c000 00:25 8789724                    /home/anguscrump/.jdks/jbr-25.0.3/lib/libjli.so
ffff56e30000-ffff56e34000 rw-p 00010000 00:25 8789724                    /home/anguscrump/.jdks/jbr-25.0.3/lib/libjli.so
ffff56e34000-ffff56e38000 ---p 00000000 00:00 0 
ffff56e38000-ffff56e3c000 r--p 00000000 00:00 0 
ffff56e3c000-ffff56e4c000 r--p 00000000 00:00 0                          [vvar]
ffff56e4c000-ffff56e50000 r-xp 00000000 00:00 0                          [vdso]
ffff56e50000-ffff56e7c000 r-xp 00000000 00:25 3800657                    /usr/lib/ld-linux-aarch64.so.1
ffff56e7c000-ffff56e80000 rw-p 00000000 00:00 0 
ffff56e80000-ffff56e84000 ---p 00000000 00:00 0 
ffff56e84000-ffff56e8c000 rw-p 00000000 00:00 0 
ffff56e8c000-ffff56e90000 r--p 0002c000 00:25 3800657                    /usr/lib/ld-linux-aarch64.so.1
ffff56e90000-ffff56e94000 rw-p 00030000 00:25 3800657                    /usr/lib/ld-linux-aarch64.so.1
ffffefce8000-ffffefd0c000 rw-p 00000000 00:00 0                          [stack]
Total number of mappings: 576

JVMTI agents: none


VM Arguments:
jvm_args: -Dfabric.dli.config=/home/anguscrump/Documents/Coding/ribbon-world/.gradle/loom-cache/launch.cfg -Dfabric.dli.env=client -Dfabric.dli.main=net.fabricmc.loader.impl.launch.knot.KnotClient --sun-misc-unsafe-memory-access=allow --enable-native-access=ALL-UNNAMED --sun-misc-unsafe-memory-access=allow --enable-native-access=ALL-UNNAMED -Dfile.encoding=UTF-8 -Duser.country=AU -Duser.language=en -Duser.variant -Dawt.toolkit.name=XToolkit 
java_command: net.fabricmc.devlaunchinjector.Main
java_class_path (initial): /home/anguscrump/Documents/Coding/ribbon-world/build/classes/java/client:/home/anguscrump/Documents/Coding/ribbon-world/build/resources/client:/home/anguscrump/.gradle/caches/modules-2/files-2.1/net.fabricmc/fabric-loader/0.19.2/cc647a5b22dbc49b9a3267cebcee25fc4882b108/fabric-loader-0.19.2.jar:/home/anguscrump/.gradle/caches/modules-2/files-2.1/net.fabricmc.fabric-api/fabric-api/0.149.0+26.1.2/1d3aa9049af831d4d7ed7fbf1b5f0fbb37d7fab4/fabric-api-0.149.0+26.1.2.jar:/home/anguscrump/.gradle/caches/modules-2/files-2.1/org.ow2.asm/asm/9.9/c29635c8a7afa03d74b33c1884df8abb2b3f3dcc/asm-9.9.jar:/home/anguscrump/.gradle/caches/modules-2/files-2.1/org.ow2.asm/asm-analysis/9.9/bf4fa6e66638851c1cd22c2caea0c3ee5d5f437/asm-analysis-9.9.jar:/home/anguscrump/.gradle/caches/modules-2/files-2.1/org.ow2.asm/asm-commons/9.9/db9165a3bf908ded6b08612d583a15d1d0c7bda0/asm-commons-9.9.jar:/home/anguscrump/.gradle/caches/modules-2/files-2.1/org.ow2.asm/asm-tree/9.9/f8de6eead6d24dd0f45bd065bbe112b2cda6ea21/asm-tree-9.9.jar:/home/anguscrump/.gradle/caches/modules-2/files-2.1/org.ow2.asm/asm-util/9.9/42fdfc0508b43807c8078d6e82ecff2ce2112ae8/asm-util-9.9.jar:/home/anguscrump/.gradle/caches/modules-2/files-2.1/net.fabricmc/sponge-mixin/0.17.2+mixin.0.8.7/edf98d1d98229e46e36c61774ae2b54dcd852981/sponge-mixin-0.17.2+mixin.0.8.7.jar:/home/anguscrump/.gradle/caches/modules-2/files-2.1/io.github.llamalad7/mixinextras-fabric/0.5.4/5e167154bcb9942111313a5e186e16cd7265f858/mixinextras-fabric-0.5.4.jar:/home/anguscrump/.gradle/caches/modules-2/files-2.1/net.fabricmc/dev-launch-injector/0.2.1+build.8/da8bef7e6e2f952da707f282bdb46882a0fce5e3/dev-launch-injector-0.2.1+build.8.jar:/home/anguscrump/.gradle/caches/modules-2/files-2.1/net.fabricmc/fabric-log4j-util/1.0.2/ef0b3fb613356feb75a67d54f2fad6f03a006648/fabric-log4j-util-1.0.2.jar:/home/anguscrump/.gradle/caches/modules-2/files-2.1/at.yawk.lz4/lz4-java/1.10.1/f541d7f910fe3d76f38f799c507c48cc81b12ecb/lz4-java-1.10.1.jar:/home/anguscrump/.gradle/caches/modules-2/files-2.1/com.azure/azure-json/1.4.0/fcc1d354dbc3e0300e5276b1bf124d0247799cd8/azure-json-1.4.0.jar:/home/anguscrump/.gradle/caches/modules-2/files-2.1/com.github.oshi/oshi-core/6.9.0/3224870731860cfcd7744581a05b559e94291e7/oshi-core-6.9.0.jar:/home/anguscrump/.gradle/caches/modules-2/files-2.1/com.google.code.gson/gson/2.13.2/48b8230771e573b54ce6e867a9001e75977fe78e/gson-2.13.2.jar:/home/anguscrump/.gradle/caches/modules-2/files-2.1/com.google.guava/failureaccess/1.0.3/aeaffd00d57023a2c947393ed251f0354f0985fc/failureaccess-1.0.3.jar:/home/anguscrump/.gradle/caches/modules-2/files-2.1/com.google.guava/guava/33.5.0-jre/8699de25f2f979108d6c1b804a7ba38cda1116bc/guava-33.5.0-jre.jar:/home/anguscrump/.gradle/caches/modules-2/files-2.1/com.ibm.icu/icu4j/77.1/38693cf0b1d7362a8b726af74dc06026a7c23809/icu4j-77.1.jar:/home/anguscrump/.gradle/caches/modules-2/files-2.1/com.microsoft.azure/msal4j/1.23.1/6c722b514873b24a4e1ce9c22dca36ea3c22bdbe/msal4j-1.23.1.jar:/home/anguscrump/.gradle/caches/modules-2/files-2.1/com.mojang/authlib/7.0.63/54895b4e25e8b9b4cbbbe25f24eccf2b71b1ac2b/authlib-7.0.63.jar:/home/anguscrump/.gradle/caches/modules-2/files-2.1/com.mojang/blocklist/1.0.10/5c685c5ffa94c4cd39496c7184c1d122e515ecef/blocklist-1.0.10.jar:/home/anguscrump/.gradle/caches/modules-2/files-2.1/com.mojang/brigadier/1.3.10/d15b53a14cf20fdcaa98f731af5dda654452c010/brigadier-1.3.10.jar:/home/anguscrump/.gradle/caches/modules-2/files-2.1/com.mojang/datafixerupper/9.0.19/4e91f9712fa1e83231d1501625381b0210a977da/datafixerupper-9.0.19.jar:/home/anguscrump/.gradle/caches/modules-2/files-2.1/com.mojang/jtracy/1.0.37/a3fb649b2e2b2288d2978f0b0bc3d83f62809d1e/jtracy-1.0.37.jar:/home/anguscrump/.gradle/caches/modules-2/files-2.1/com.mojang/jtracy/1.0.37/e1b4395227af41195da9e2ead13c48ee0b7d31cd/jtracy-1.0.37-natives-linux.jar:/home/anguscrump/.gradle/caches/modules-2/files-2.1/com.mojang/logging/1.6.11/fd147240733010c158249d986323f9ef98977fe/logging-1.6.11.jar:/home/anguscrump/.gradle/caches/modules-2/files-2.1/com.mojang/patchy/2.2.10/da05971b07cbb379d002cf7eaec6a2048211fefc/patchy-2.2.10.jar:/home/anguscrump/.gradle/caches/modules-2/files-2.1/com.mojang/text2speech/1.18.11/e853a12cdd6ba4f4836e8f4bf3b37844a13482b6/text2speech-1.18.11.jar:/home/anguscrump/.gradle/caches/modules-2/files-2.1/commons-codec/commons-codec/1.19.0/8c0dbe3ae883fceda9b50a6c76e745e548073388/commons-codec-1.19.0.jar:/home/anguscrump/.gradle/caches/modules-2/files-2.1/commons-io/commons-io/2.20.0/36f3474daec2849c149e877614e7f979b2082cd2/commons-io-2.20.0.jar:/home/anguscrump/.gradle/caches/modules-2/files-2.1/io.netty/netty-buffer/4.2.7.Final/5555ff561643bf2f8430fb57c24403c0efe15994/netty-buffer-4.2.7.Final.jar:/home/anguscrump/.gradle/caches/modules-2/files-2.1/io.netty/netty-codec-base/4.2.7.Final/915e381ebabcf115f1c7ff7032d55c48afb50210/netty-codec-base-4.2.7.Final.jar:/home/anguscrump/.gradle/caches/modules-2/files-2.1/io.netty/netty-codec-compression/4.2.7.Final/572341bc1ca90fd9d6e47f1d2694aab5258566e9/netty-codec-compression-4.2.7.Final.jar:/home/anguscrump/.gradle/caches/modules-2/files-2.1/io.netty/netty-codec-http/4.2.7.Final/b734c108854099c421fd94d92d9f865e4d4da853/netty-codec-http-4.2.7.Final.jar:/home/anguscrump/.gradle/caches/modules-2/files-2.1/io.netty/netty-common/4.2.7.Final/11aa30df26af4fca3239ac1917f303a280f301e1/netty-common-4.2.7.Final.jar:/home/anguscrump/.gradle/caches/modules-2/files-2.1/io.netty/netty-handler/4.2.7.Final/7ad8a1f851e2e6fe93cdd091871fda2b81c03b5b/netty-handler-4.2.7.Final.jar:/home/anguscrump/.gradle/caches/modules-2/files-2.1/io.netty/netty-resolver/4.2.7.Final/5f3e5ef8de03992cd4fb46960dc0085ec1a12a12/netty-resolver-4.2.7.Final.jar:/home/anguscrump/.gradle/caches/modules-2/files-2.1/io.netty/netty-transport-classes-epoll/4.2.7.Final/1075c09f48a78eef9d819fbfd9096b903fdd362a/netty-transport-classes-epoll-4.2.7.Final.jar:/home/anguscrump/.gradle/caches/modules-2/files-2.1/io.netty/netty-transport-classes-kqueue/4.2.7.Final/bdec7c23c75caabd848426d073c09568e8d5f94e/netty-transport-classes-kqueue-4.2.7.Final.jar:/home/anguscrump/.gradle/caches/modules-2/files-2.1/io.netty/netty-transport-native-epoll/4.2.7.Final/98d02251c98c8f07a23ac5ea27657d9e0ef57614/netty-transport-native-epoll-4.2.7.Final-linux-aarch_64.jar:/home/anguscrump/.gradle/caches/modules-2/files-2.1/io.netty/netty-transport-native-epoll/4.2.7.Final/e83998bfc10b5289d9bcbe807c4079ef0eed8e6f/netty-transport-native-epoll-4.2.7.Final-linux-x86_64.jar:/home/anguscrump/.gradle/caches/modules-2/files-2.1/io.netty/netty-transport-native-unix-common/4.2.7.Final/89953f04259ea7502cffb313630dd51e00e60669/netty-transport-native-unix-common-4.2.7.Final.jar:/home/anguscrump/.gradle/caches/modules-2/files-2.1/io.netty/netty-transport/4.2.7.Final/83ea548981d0d8c4a98027cc1a6f9624f902e142/netty-transport-4.2.7.Final.jar:/home/anguscrump/.gradle/caches/modules-2/files-2.1/it.unimi.dsi/fastutil/8.5.18/a6cff377eecc19c2037bf31568a6d7106b50ba1f/fastutil-8.5.18.jar:/home/anguscrump/.gradle/caches/modules-2/files-2.1/net.java.dev.jna/jna-platform/5.17.0/a4934c44d25a9d8c2ddf4203affd20330cb3426f/jna-platform-5.17.0.jar:/home/anguscrump/.gradle/caches/modules-2/files-2.1/net.java.dev.jna/jna/5.17.0/33d12735bef894440780fce64f9758d420c7bae2/jna-5.17.0.jar:/home/anguscrump/.gradle/caches/modules-2/files-2.1/net.sf.jopt-simple/jopt-simple/5.0.4/4fdac2fbe92dfad86aa6e9301736f6b4342a3f5c/jopt-simple-5.0.4.jar:/home/anguscrump/.gradle/caches/modules-2/files-2.1/org.apache.commons/commons-compress/1.28.0/e482f2c7a88dac3c497e96aa420b6a769f59c8d7/commons-compress-1.28.0.jar:/home/anguscrump/.gradle/caches/modules-2/files-2.1/org.apache.commons/commons-lang3/3.19.0/d6524b169a6574cd253760c472d419b47bfd37e6/commons-lang3-3.19.0.jar:/home/anguscrump/.gradle/caches/modules-2/files-2.1/org.apache.logging.log4j/log4j-api/2.25.2/292c1a2b1702f1e1e3adb13e1c57e5bff60335ff/log4j-api-2.25.2.jar:/home/anguscrump/.gradle/caches/modules-2/files-2.1/org.apache.logging.log4j/log4j-core/2.25.2/d4d0ad2e51e03e531f784891fbfff1bae1e13a12/log4j-core-2.25.2.jar:/home/anguscrump/.gradle/caches/modules-2/files-2.1/org.apache.logging.log4j/log4j-slf4j2-impl/2.25.2/5eec0c392661dee8a366baec17e8896900dd978f/log4j-slf4j2-impl-2.25.2.jar:/home/anguscrump/.gradle/caches/modules-2/files-2.1/org.jcraft/jorbis/0.0.17/8872d22b293e8f5d7d56ff92be966e6dc28ebdc6/jorbis-0.0.17.jar:/home/anguscrump/.gradle/caches/modules-2/files-2.1/org.joml/joml/1.10.8/fc0a71dad90a2cf41d82a76156a0e700af8e4f8d/joml-1.10.8.jar:/home/anguscrump/.gradle/caches/modules-2/files-2.1/org.jspecify/jspecify/1.0.0/7425a601c1c7ec76645a78d22b8c6a627edee507/jspecify-1.0.0.jar:/home/anguscrump/.gradle/caches/modules-2/files-2.1/org.lwjgl/lwjgl-freetype/3.4.1/caa75a37e857efc9b0686e434d708d6420c5b6ea/lwjgl-freetype-3.4.1.jar:/home/anguscrump/.gradle/caches/modules-2/files-2.1/org.lwjgl/lwjgl-freetype/3.4.1/8f37d0da3386ff602ec54cd06626881895711041/lwjgl-freetype-3.4.1-natives-linux-arm64.jar:/home/anguscrump/.gradle/caches/modules-2/files-2.1/org.lwjgl/lwjgl-freetype/3.4.1/40a29a29b1549c4cad073ccd682e3776ffb454fa/lwjgl-freetype-3.4.1-natives-linux.jar:/home/anguscrump/.gradle/caches/modules-2/files-2.1/org.lwjgl/lwjgl-glfw/3.4.1/a782b1ddd175c9107bf300fd92920579ea65e2a4/lwjgl-glfw-3.4.1.jar:/home/anguscrump/.gradle/caches/modules-2/files-2.1/org.lwjgl/lwjgl-glfw/3.4.1/e5e87034c47118960746077dba46280e8de864b3/lwjgl-glfw-3.4.1-natives-linux-arm64.jar:/home/anguscrump/.gradle/caches/modules-2/files-2.1/org.lwjgl/lwjgl-glfw/3.4.1/23cdf7655ce9f3b27ad90f08e73345e0d5b46362/lwjgl-glfw-3.4.1-natives-linux.jar:/home/anguscrump/.gradle/caches/modules-2/files-2.1/org.lwjgl/lwjgl-jemalloc/3.4.1/16b663092854fc6adfe0a941e61cae2bb2e437b6/lwjgl-jemalloc-3.4.1.jar:/home/anguscrump/.gradle/caches/modules-2/files-2.1/org.lwjgl/lwjgl-jemalloc/3.4.1/7891964dfb723209c6d02b0401432348fb707cc0/lwjgl-jemalloc-3.4.1-natives-linux-arm64.jar:/home/anguscrump/.gradle/caches/modules-2/files-2.1/org.lwjgl/lwjgl-jemalloc/3.4.1/b83c82d941f2e624d150d6d1e2efcf4ea49ff8ea/lwjgl-jemalloc-3.4.1-natives-linux.jar:/home/anguscrump/.gradle/caches/modules-2/files-2.1/org.lwjgl/lwjgl-openal/3.4.1/8508bd60589de0539aa465b78fcf838efd07ae9a/lwjgl-openal-3.4.1.jar:/home/anguscrump/.gradle/caches/modules-2/files-2.1/org.lwjgl/lwjgl-openal/3.4.1/3729b70cdd42df5571b075e051fa2fc8586dc538/lwjgl-openal-3.4.1-natives-linux-arm64.jar:/home/anguscrump/.gradle/caches/modules-2/files-2.1/org.lwjgl/lwjgl-openal/3.4.1/dbff577119266cd4312e4eb9cc2b171407c56360/lwjgl-openal-3.4.1-natives-linux.jar:/home/anguscrump/.gradle/caches/modules-2/files-2.1/org.lwjgl/lwjgl-opengl/3.4.1/830412cab823c029cda6b9729f9d2ed36cf79959/lwjgl-opengl-3.4.1.jar:/home/anguscrump/.gradle/caches/modules-2/files-2.1/org.lwjgl/lwjgl-opengl/3.4.1/61a4103e56bbaeb74ad3f19ec14299fd6891c4b0/lwjgl-opengl-3.4.1-natives-linux-arm64.jar:/home/anguscrump/.gradle/caches/modules-2/files-2.1/org.lwjgl/lwjgl-opengl/3.4.1/b750599f0e75ddb19f1d0fe993f3011334b710ae/lwjgl-opengl-3.4.1-natives-linux.jar:/home/anguscrump/.gradle/caches/modules-2/files-2.1/org.lwjgl/lwjgl-stb/3.4.1/f077c3dafc31924fbe8acb0b913f08977ba27f8e/lwjgl-stb-3.4.1.jar:/home/anguscrump/.gradle/caches/modules-2/files-2.1/org.lwjgl/lwjgl-stb/3.4.1/3bc107f901f931fea07cb0d80b1d74a34b806a2b/lwjgl-stb-3.4.1-natives-linux-arm64.jar:/home/anguscrump/.gradle/caches/modules-2/files-2.1/org.lwjgl/lwjgl-stb/3.4.1/7e1cfae909da6c68f3cb6073a9bfeb6c90e82a57/lwjgl-stb-3.4.1-natives-linux.jar:/home/anguscrump/.gradle/caches/modules-2/files-2.1/org.lwjgl/lwjgl-tinyfd/3.4.1/562697d40dbd2ed0424bf24dcf65d51170f81adf/lwjgl-tinyfd-3.4.1.jar:/home/anguscrump/.gradle/caches/modules-2/files-2.1/org.lwjgl/lwjgl-tinyfd/3.4.1/20771d2b4e01f5295156912ab62e170508aef618/lwjgl-tinyfd-3.4.1-natives-linux-arm64.jar:/home/anguscrump/.gradle/caches/modules-2/files-2.1/org.lwjgl/lwjgl-tinyfd/3.4.1/fc6a72690afc8defb60d82ad1de64dd8f537154c/lwjgl-tinyfd-3.4.1-natives-linux.jar:/home/anguscrump/.gradle/caches/modules-2/files-2.1/org.lwjgl/lwjgl/3.4.1/6105690714874b995aa7812e4f7732a21109276c/lwjgl-3.4.1.jar:/home/anguscrump/.gradle/caches/modules-2/files-2.1/org.lwjgl/lwjgl/3.4.1/46883f3b622d8b4d7f27b627ca3360cda3db0e0e/lwjgl-3.4.1-natives-linux-arm64.jar:/home/anguscrump/.gradle/caches/modules-2/files-2.1/org.lwjgl/lwjgl/3.4.1/2734e106bd95db49fe0da8cf8bf7fd96475c436c/lwjgl-3.4.1-natives-linux.jar:/home/anguscrump/.gradle/caches/modules-2/files-2.1/org.slf4j/slf4j-api/2.0.17/d9e58ac9c7779ba3bf8142aff6c830617a7fe60f/slf4j-api-2.0.17.jar:/home/anguscrump/Documents/Coding/ribbon-world/.gradle/loom-cache/minecraftMaven/net/minecraft/minecraft-clientOnly-52430b475d/26.1.2/minecraft-clientOnly-52430b475d-26.1.2.jar:/home/anguscrump/Documents/Coding/ribbon-world/.gradle/loom-cache/minecraftMaven/net/minecraft/minecraft-common-52430b475d/26.1.2/minecraft-common-52430b475d-26.1.2.jar:/home/anguscrump/.gradle/caches/modules-2/files-2.1/io.netty/netty-transport-native-kqueue/4.2.7.Final/40868fd4e43bce2798245f790624b58803dc26b6/netty-transport-native-kqueue-4.2.7.Final-osx-x86_64.jar:/home/anguscrump/.gradle/caches/modules-2/files-2.1/io.netty/netty-transport-native-kqueue/4.2.7.Final/e5a0feef41410c8a5ae00c6cb4e0c99bd0aded6a/netty-transport-native-kqueue-4.2.7.Final-osx-aarch_64.jar:/home/anguscrump/.gradle/caches/modules-2/files-2.1/net.fabricmc.fabric-api/fabric-transfer-api-v1/8.0.5+357ea7334c/2aff9d7c8e917d2a69c71aa18e28c915e0040a8e/fabric-transfer-api-v1-8.0.5+357ea7334c.jar:/home/anguscrump/.gradle/caches/modules-2/files-2.1/net.fabricmc.fabric-api/fabric-api-lookup-api-v1/2.0.11+d5a053b64c/dbb4489647b411352b735654440311d7560dc1f4/fabric-api-lookup-api-v1-2.0.11+d5a053b64c.jar:/home/anguscrump/.gradle/caches/modules-2/files-2.1/net.fabricmc.fabric-api/fabric-command-api-v2/3.0.5+e2bdee784c/d2bfa62e2f489900be2210dfb84458dcdecb75b6/fabric-command-api-v2-3.0.5+e2bdee784c.jar:/home/anguscrump/.gradle/caches/modules-2/files-2.1/net.fabricmc.fabric-api/fabric-content-registries-v0/11.1.1+1a3b26974c/8761c4bd7f8feb484746055f6ff22e387cd84e9f/fabric-content-registries-v0-11.1.1+1a3b26974c.jar:/home/anguscrump/.gradle/caches/modules-2/files-2.1/net.fabricmc.fabric-api/fabric-data-generation-api-v1/24.2.0+73b1f9054c/d5dcd98301b93a9b2470d354d150327e264797c5/fabric-data-generation-api-v1-24.2.0+73b1f9054c.jar:/home/anguscrump/.gradle/caches/modules-2/files-2.1/net.fabricmc.fabric-api/fabric-convention-tags-v2/4.6.0+e47fb87c4c/40a40554e3e4d37b5640c0198bc81a1b94735f2c/fabric-convention-tags-v2-4.6.0+e47fb87c4c.jar:/home/anguscrump/.gradle/caches/modules-2/files-2.1/net.fabricmc.fabric-api/fabric-creative-tab-api-v1/5.0.11+d871b99e4c/9e6937cef2aa7955d2ff66c9d2415118c58ec15c/fabric-creative-tab-api-v1-5.0.11+d871b99e4c.jar:/home/anguscrump/.gradle/caches/modules-2/files-2.1/net.fabricmc.fabric-api/fabric-data-attachment-api-v1/2.2.6+d602a8964c/91d2f002a7431a412cef7016c5ca7ee2b3c67718/fabric-data-attachment-api-v1-2.2.6+d602a8964c.jar:/home/anguscrump/.gradle/caches/modules-2/files-2.1/net.fabricmc.fabric-api/fabric-debug-api-v1/1.0.1+c792624d4c/3e65954340d5153face34ee7d2f9b114271bca38/fabric-debug-api-v1-1.0.1+c792624d4c.jar:/home/anguscrump/.gradle/caches/modules-2/files-2.1/net.fabricmc.fabric-api/fabric-dimensions-v1/5.1.5+9cbf5da54c/53c66317546644a3915ec20df2d77f4e3093ffab/fabric-dimensions-v1-5.1.5+9cbf5da54c.jar:/home/anguscrump/.gradle/caches/modules-2/files-2.1/net.fabricmc.fabric-api/fabric-entity-events-v1/5.0.2+e2bdee784c/3f15c7b85c55f03b5d5fa89a48a0eb1dc6461465/fabric-entity-events-v1-5.0.2+e2bdee784c.jar:/home/anguscrump/.gradle/caches/modules-2/files-2.1/net.fabricmc.fabric-api/fabric-events-interaction-v0/5.2.1+a67251b84c/cf25f4932ae4d3df49bf5ad0c69be40f8abda289/fabric-events-interaction-v0-5.2.1+a67251b84c.jar:/home/anguscrump/.gradle/caches/modules-2/files-2.1/net.fabricmc.fabric-api/fabric-game-rule-api-v1/4.0.5+d871b99e4c/8b1189ddbfe446bf9468920526ed668db253da65/fabric-game-rule-api-v1-4.0.5+d871b99e4c.jar:/home/anguscrump/.gradle/caches/modules-2/files-2.1/net.fabricmc.fabric-api/fabric-gametest-api-v1/4.0.15+00a1fba64c/99dddf025652afece2f37a5f857c6ee5f7feedb1/fabric-gametest-api-v1-4.0.15+00a1fba64c.jar:/home/anguscrump/.gradle/caches/modules-2/files-2.1/net.fabricmc.fabric-api/fabric-item-api-v1/14.1.2+73d134684c/cb7fd76b622fbc467cb65f067c212fc256d3809f/fabric-item-api-v1-14.1.2+73d134684c.jar:/home/anguscrump/.gradle/caches/modules-2/files-2.1/net.fabricmc.fabric-api/fabric-recipe-api-v1/9.0.15+be4b75ae4c/c3510ef358ce97ea4fc804cd2f75f30c574ec947/fabric-recipe-api-v1-9.0.15+be4b75ae4c.jar:/home/anguscrump/.gradle/caches/modules-2/files-2.1/net.fabricmc.fabric-api/fabric-model-loading-api-v1/8.0.6+c80601bb4c/733d4b6475fa49b58125b0b1a6a9070cc5faa8c8/fabric-model-loading-api-v1-8.0.6+c80601bb4c.jar:/home/anguscrump/.gradle/caches/modules-2/files-2.1/net.fabricmc.fabric-api/fabric-renderer-indigo/8.1.0+1403e82c4c/2a11c1c6826ec7e4254d1cfa20f2f9b50da0ec7f/fabric-renderer-indigo-8.1.0+1403e82c4c.jar:/home/anguscrump/.gradle/caches/modules-2/files-2.1/net.fabricmc.fabric-api/fabric-renderer-api-v1/13.0.3+c80601bb4c/15b7e69feefe6e4157134633f96c62a80b41f44a/fabric-renderer-api-v1-13.0.3+c80601bb4c.jar:/home/anguscrump/.gradle/caches/modules-2/files-2.1/net.fabricmc.fabric-api/fabric-rendering-v1/23.1.0+1403e82c4c/96b6c53c0f9e4497597a4a06509b143c9e345efe/fabric-rendering-v1-23.1.0+1403e82c4c.jar:/home/anguscrump/.gradle/caches/modules-2/files-2.1/net.fabricmc.fabric-api/fabric-lifecycle-events-v1/4.1.0+6d50a0854c/52281bf82f04922d65a30d3f91975feb00911826/fabric-lifecycle-events-v1-4.1.0+6d50a0854c.jar:/home/anguscrump/.gradle/caches/modules-2/files-2.1/net.fabricmc.fabric-api/fabric-loot-api-v3/3.0.12+00a1fba64c/58ffa00757774d7060115afa05742753ff26c769/fabric-loot-api-v3-3.0.12+00a1fba64c.jar:/home/anguscrump/.gradle/caches/modules-2/files-2.1/net.fabricmc.fabric-api/fabric-menu-api-v1/2.0.13+d871b99e4c/e59c4c081a5dc1afb27c0167d6e1480c670c4d29/fabric-menu-api-v1-2.0.13+d871b99e4c.jar:/home/anguscrump/.gradle/caches/modules-2/files-2.1/net.fabricmc.fabric-api/fabric-message-api-v1/7.0.5+dae8ce3e4c/6211835e1348e8b9b89defb98a616adb483b8284/fabric-message-api-v1-7.0.5+dae8ce3e4c.jar:/home/anguscrump/.gradle/caches/modules-2/files-2.1/net.fabricmc.fabric-api/fabric-particles-v1/5.0.15+b61fef434c/e9659d152cefb7255056f432234a11621ab00945/fabric-particles-v1-5.0.15+b61fef434c.jar:/home/anguscrump/.gradle/caches/modules-2/files-2.1/net.fabricmc.fabric-api/fabric-object-builder-api-v1/23.0.16+b95dd56e4c/64b623486a5962dada51cb3e8a114ee49a6ba9de/fabric-object-builder-api-v1-23.0.16+b95dd56e4c.jar:/home/anguscrump/.gradle/caches/modules-2/files-2.1/net.fabricmc.fabric-api/fabric-registry-sync-v0/7.0.13+b61fef434c/b7cd637ba58adacb2abfd54f5f438211e5c3210d/fabric-registry-sync-v0-7.0.13+b61fef434c.jar:/home/anguscrump/.gradle/caches/modules-2/files-2.1/net.fabricmc.fabric-api/fabric-networking-api-v1/6.3.1+554860db4c/38ac77944d5e0fc623a163cde9b3eca04f791296/fabric-networking-api-v1-6.3.1+554860db4c.jar:/home/anguscrump/.gradle/caches/modules-2/files-2.1/net.fabricmc.fabric-api/fabric-permission-api-v1/1.0.0+f3e738be4c/67222d8951d4e68a26f7e42697ce7fdb3c4e8ce9/fabric-permission-api-v1-1.0.0+f3e738be4c.jar:/home/anguscrump/.gradle/caches/modules-2/files-2.1/net.fabricmc.fabric-api/fabric-rendering-fluids-v1/6.0.1+d871b99e4c/fe53bab501b2a582517f39ede3e1514074e8de7/fabric-rendering-fluids-v1-6.0.1+d871b99e4c.jar:/home/anguscrump/.gradle/caches/modules-2/files-2.1/net.fabricmc.fabric-api/fabric-tag-api-v1/2.1.0+73b1f9054c/5467b88af064043d14a1cbc32ebc65bf86a4898b/fabric-tag-api-v1-2.1.0+73b1f9054c.jar:/home/anguscrump/.gradle/caches/modules-2/files-2.1/net.fabricmc.fabric-api/fabric-resource-loader-v0/3.3.17+4fc5413f4c/c2e496d77853c7fd1f2b3bd00b44e355dc6ba576/fabric-resource-loader-v0-3.3.17+4fc5413f4c.jar:/home/anguscrump/.gradle/caches/modules-2/files-2.1/net.fabricmc.fabric-api/fabric-resource-loader-v1/2.0.10+7c44c7324c/bb44ca7ae64fe82666c2cd99920cdc017b15f368/fabric-resource-loader-v1-2.0.10+7c44c7324c.jar:/home/anguscrump/.gradle/caches/modules-2/files-2.1/net.fabricmc.fabric-api/fabric-screen-api-v1/5.0.1+d871b99e4c/fecba1d91754428c2d1f5f2e4d25685de3a8f71f/fabric-screen-api-v1-5.0.1+d871b99e4c.jar:/home/anguscrump/.gradle/caches/modules-2/files-2.1/net.fabricmc.fabric-api/fabric-api-base/2.0.3+ece063234c/bdf802883d0f9c1034c436367ab2c7e04ce34ca6/fabric-api-base-2.0.3+ece063234c.jar:/home/anguscrump/.gradle/caches/modules-2/files-2.1/net.fabricmc.fabric-api/fabric-biome-api-v1/18.0.4+35c80edc4c/c82be6aa7922f3212e1bac9441b25a7faa21c057/fabric-biome-api-v1-18.0.4+35c80edc4c.jar:/home/anguscrump/.gradle/caches/modules-2/files-2.1/net.fabricmc.fabric-api/fabric-block-api-v1/3.0.2+ec56b6014c/f5f91f5b317b7acd3014677dd909b55ebc4097b2/fabric-block-api-v1-3.0.2+ec56b6014c.jar:/home/anguscrump/.gradle/caches/modules-2/files-2.1/net.fabricmc.fabric-api/fabric-block-getter-api-v2/2.0.6+ec56b6014c/caabc9eb2f3823864682da5a1c5381a035c00d5f/fabric-block-getter-api-v2-2.0.6+ec56b6014c.jar:/home/anguscrump/.gradle/caches/modules-2/files-2.1/net.fabricmc.fabric-api/fabric-client-gametest-api-v1/5.0.16+cef2a4834c/3f63763d1230c87b2c43aa84c88916fce323687a/fabric-client-gametest-api-v1-5.0.16+cef2a4834c.jar:/home/anguscrump/.gradle/caches/modules-2/files-2.1/net.fabricmc.fabric-api/fabric-crash-report-info-v1/1.0.3+9f78a5a84c/8af0277ba9afc03c6882490db447d40d55ebcedb/fabric-crash-report-info-v1-1.0.3+9f78a5a84c.jar:/home/anguscrump/.gradle/caches/modules-2/files-2.1/net.fabricmc.fabric-api/fabric-key-mapping-api-v1/2.0.4+e2bdee784c/b098e3e06b71a0fec9d18843ba9327f038b7cd5/fabric-key-mapping-api-v1-2.0.4+e2bdee784c.jar:/home/anguscrump/.gradle/caches/modules-2/files-2.1/net.fabricmc.fabric-api/fabric-resource-conditions-api-v1/6.0.5+00a1fba64c/a8ca3e526e0825ee71a36a317cf5c33f0cda0e96/fabric-resource-conditions-api-v1-6.0.5+00a1fba64c.jar:/home/anguscrump/.gradle/caches/modules-2/files-2.1/net.fabricmc.fabric-api/fabric-serialization-api-v1/2.0.3+11a26f314c/55fc25d96a2a848b93a02f48220dff0181ec3056/fabric-serialization-api-v1-2.0.3+11a26f314c.jar:/home/anguscrump/.gradle/caches/modules-2/files-2.1/net.fabricmc.fabric-api/fabric-sound-api-v1/2.0.4+11a26f314c/b63ce87810bc5aa495cb39be7efd2b07e6772822/fabric-sound-api-v1-2.0.4+11a26f314c.jar:/home/anguscrump/.gradle/caches/modules-2/files-2.1/net.fabricmc.fabric-api/fabric-transitive-access-wideners-v1/8.1.0+acd9108d4c/d03c3735d4057a1d574c6e8d51fec7d21ab63b5c/fabric-transitive-access-wideners-v1-8.1.0+acd9108d4c.jar:/home/anguscrump/Documents/Coding/ribbon-world/build/classes/java/main:/home/anguscrump/Documents/Coding/ribbon-world/build/resources/main
Launcher Type: SUN_STANDARD

[Global flags]
     intx CICompilerCount                          = 4                                         {product} {ergonomic}
     uint ConcGCThreads                            = 2                                         {product} {ergonomic}
     uint G1ConcRefinementThreads                  = 9                                         {product} {ergonomic}
   size_t G1HeapRegionSize                         = 2097152                                   {product} {ergonomic}
   size_t InitialHeapSize                          = 260046848                                 {product} {ergonomic}
   size_t MarkStackSize                            = 4194304                                   {product} {ergonomic}
   size_t MarkStackSizeMax                         = 536870912                                 {product} {ergonomic}
   size_t MaxHeapSize                              = 4034920448                                {product} {ergonomic}
   size_t MaxNewSize                               = 2420113408                                {product} {ergonomic}
   size_t MinHeapDeltaBytes                        = 2097152                                   {product} {ergonomic}
   size_t MinHeapSize                              = 8388608                                   {product} {ergonomic}
    uintx NonNMethodCodeHeapSize                   = 5849088                                {pd product} {ergonomic}
    uintx NonProfiledCodeHeapSize                  = 122912768                              {pd product} {ergonomic}
    uintx ProfiledCodeHeapSize                     = 122912768                              {pd product} {ergonomic}
    uintx ReservedCodeCacheSize                    = 251674624                              {pd product} {ergonomic}
     bool SegmentedCodeCache                       = true                                      {product} {ergonomic}
   size_t SoftMaxHeapSize                          = 4034920448                             {manageable} {ergonomic}
     bool UseCompressedOops                        = true                           {product lp64_product} {ergonomic}
     bool UseG1GC                                  = true                                      {product} {ergonomic}

Logging:
Log output configuration:
 #0: 
[error occurred during error reporting (printing log configuration), id 0xb, SIGSEGV (0xb) at pc=0x0000ffff561305b8]
Release file:
JAVA_VERSION="25.0.3"
MODULES="java.base java.compiler java.datatransfer java.xml java.prefs java.desktop java.instrument java.logging java.management java.security.sasl java.naming java.rmi java.management.rmi java.net.http java.scripting java.security.jgss java.transaction.xa java.sql java.sql.rowset java.xml.crypto java.se java.smartcardio jdk.accessibility jdk.internal.jvmstat jdk.attach jdk.charsets jdk.internal.opt jdk.zipfs jdk.compiler jdk.crypto.cryptoki jdk.crypto.ec jdk.dynalink jdk.internal.ed jdk.editpad jdk.internal.vm.ci jdk.graal.compiler jdk.graal.compiler.management jdk.hotspot.agent jdk.httpserver jdk.incubator.vector jdk.internal.le jdk.internal.md jdk.jartool jdk.javadoc jdk.jcmd jdk.management jdk.management.agent jdk.jconsole jdk.jdeps jdk.jdwp.agent jdk.jdi jdk.jfr jdk.jlink jdk.jpackage jdk.jshell jdk.jsobject jdk.jstatd jdk.localedata jdk.management.jfr jdk.naming.dns jdk.naming.rmi jdk.net jdk.nio.mapmode jdk.sctp jdk.security.auth jdk.security.jgss jdk.unsupported jdk.unsupported.desktop jdk.xml.dom"
IMPLEMENTOR="JetBrains s.r.o."
IMPLEMENTOR_VERSION="JBRSDK-25.0.3+9-480.61-nomod"
JAVA_RUNTIME_VERSION="25.0.3+9-b480.61"
LIBC="gnu"
OS_ARCH="aarch64"
OS_NAME="Linux"
SOURCE=".:git:52b04970adc8+"

Environment Variables:
PATH=/home/anguscrump/.local/bin:/home/anguscrump/bin:/usr/local/sbin:/usr/local/bin:/usr/sbin:/usr/bin:/sbin:/bin:/var/lib/snapd/snap/bin:/home/anguscrump/.cargo/bin
XDG_CACHE_HOME=/home/anguscrump/.cache
XDG_CONFIG_HOME=/home/anguscrump/.config
SHELL=/bin/bash
DISPLAY=:0
WAYLAND_DISPLAY=wayland-1
LANG=en_AU.UTF-8

Active Locale:
LC_ALL=en_AU.UTF-8
LC_COLLATE=en_AU.UTF-8
LC_CTYPE=en_AU.UTF-8
LC_MESSAGES=en_AU.UTF-8
LC_MONETARY=en_AU.UTF-8
LC_NUMERIC=en_AU.UTF-8
LC_TIME=en_AU.UTF-8

Signal Handlers:
   SIGSEGV: crash_handler in libjvm.so, mask=11100100010111111101111111111110, flags=SA_RESTART|SA_SIGINFO, unblocked
    SIGBUS: crash_handler in libjvm.so, mask=11100100010111111101111111111110, flags=SA_RESTART|SA_SIGINFO, unblocked
    SIGFPE: crash_handler in libjvm.so, mask=11100100010111111101111111111110, flags=SA_RESTART|SA_SIGINFO, unblocked
   SIGPIPE: javaSignalHandler in libjvm.so, mask=11100100010111111101111111111110, flags=SA_RESTART|SA_SIGINFO, blocked
   SIGXFSZ: javaSignalHandler in libjvm.so, mask=11100100010111111101111111111110, flags=SA_RESTART|SA_SIGINFO, blocked
    SIGILL: crash_handler in libjvm.so, mask=11100100010111111101111111111110, flags=SA_RESTART|SA_SIGINFO, unblocked
   SIGUSR2: SR_handler in libjvm.so, mask=00000000000000000000000000000000, flags=SA_RESTART|SA_SIGINFO, blocked
    SIGHUP: UserHandler in libjvm.so, mask=11100100010111111101111111111110, flags=SA_RESTART|SA_SIGINFO, blocked
    SIGINT: UserHandler in libjvm.so, mask=11100100010111111101111111111110, flags=SA_RESTART|SA_SIGINFO, blocked
   SIGTERM: UserHandler in libjvm.so, mask=11100100010111111101111111111110, flags=SA_RESTART|SA_SIGINFO, blocked
   SIGQUIT: UserHandler in libjvm.so, mask=11100100010111111101111111111110, flags=SA_RESTART|SA_SIGINFO, blocked
   SIGTRAP: crash_handler in libjvm.so, mask=11100100010111111101111111111110, flags=SA_RESTART|SA_SIGINFO, unblocked


Compilation memory statistics disabled.

Periodic native trim disabled

JNI global refs:
JNI global refs: 75, weak refs: 45

JNI global refs memory usage: 1491, weak refs: 857

Process memory usage:
Resident Set Size: 890672K (5% of 15755056K total physical memory with 5681200K free physical memory)

OOME stack traces (most recent first):
Classloader memory used:
Loader net.fabricmc.loader.impl.launch.knot.KnotClassLoader                            : 91750 K
Loader bootstrap                                                                       : 10334 K
Loader jdk.internal.loader.ClassLoaders$AppClassLoader                                 : 6887 K
Loader jdk.internal.loader.ClassLoaders$PlatformClassLoader                            : 490 K

---------------  S Y S T E M  ---------------

OS:
Fedora Asahi Remix release 44 (Forty Four)
uname: Linux 7.0.8-fairydust+ #1 SMP PREEMPT_DYNAMIC Sun May 17 15:02:15 AEST 2026 aarch64
OS uptime: 0 days 1:22 hours
libc: glibc 2.43 NPTL 2.43 
rlimit (soft/hard): STACK 8192k/infinity , CORE infinity/infinity , NPROC 31098/31098 , NOFILE 524288/524288 , AS infinity/infinity , CPU infinity/infinity , DATA infinity/infinity , FSIZE infinity/infinity , MEMLOCK 8192k/8192k
load average: 2.75 2.02 1.75

/proc/meminfo:
MemTotal:       15755056 kB
MemFree:         2571904 kB
MemAvailable:    5681200 kB
Buffers:            1264 kB
Cached:          5478288 kB
SwapCached:        93536 kB
Active:          1498512 kB
Inactive:        9429296 kB
Active(anon):    1223808 kB
Inactive(anon):  5725936 kB
Active(file):     274704 kB
Inactive(file):  3703360 kB
Unevictable:     1021408 kB
Mlocked:             864 kB
SwapTotal:      33554336 kB
SwapFree:       33085200 kB
Zswap:            182288 kB
Zswapped:         360336 kB
Dirty:             14272 kB
Writeback:             0 kB
AnonPages:       6250928 kB
Mapped:          2240752 kB
Shmem:           1500864 kB
KReclaimable:     245952 kB
Slab:             551120 kB
SReclaimable:     245952 kB
SUnreclaim:       305168 kB
KernelStack:       44752 kB
PageTables:        57824 kB
SecPageTables:       944 kB
NFS_Unstable:          0 kB
Bounce:                0 kB
WritebackTmp:          0 kB
CommitLimit:    41431856 kB
Committed_AS:   20160912 kB
VmallocTotal:   136898928640 kB
VmallocUsed:       93296 kB
VmallocChunk:          0 kB
Percpu:             7200 kB
HardwareCorrupted:     0 kB
AnonHugePages:    557056 kB
ShmemHugePages:        0 kB
ShmemPmdMapped:        0 kB
FileHugePages:         0 kB
FilePmdMapped:         0 kB
CmaTotal:          65536 kB
CmaFree:           63456 kB
Balloon:               0 kB
HugePages_Total:       0
HugePages_Free:        0
HugePages_Rsvd:        0
HugePages_Surp:        0
Hugepagesize:      32768 kB
Hugetlb:               0 kB

/sys/kernel/mm/transparent_hugepage/enabled: always [madvise] never
/sys/kernel/mm/transparent_hugepage/hpage_pmd_size: 33554432
/sys/kernel/mm/transparent_hugepage/shmem_enabled: always within_size advise [never] deny force
/sys/kernel/mm/transparent_hugepage/defrag (defrag/compaction efforts parameter): always defer defer+madvise [madvise] never

Process Memory:
Virtual Size: 9969168K (peak: 10381632K)
Resident Set Size: 894016K (peak: 984608K) (anon: 821024K, file: 69616K, shmem: 3376K)
Swapped out: 0K
C-Heap outstanding allocations: 99710K, retained: 209665K
glibc malloc tunables: (default)

/proc/sys/kernel/threads-max (system-wide limit on the number of threads): 62196
/proc/sys/vm/max_map_count (maximum number of memory map areas a process may have): 1048576
/proc/sys/vm/swappiness (control to define how aggressively the kernel swaps out anonymous memory): 60
/proc/sys/kernel/pid_max (system-wide limit on number of process identifiers): 4194304

container information not found.
Steal ticks since vm start: 0
Steal ticks percentage since vm start:  0.000

CPU: total 10 (initial active 10) 0x61:0x2:0x025:0(0x024), fp, asimd, evtstrm, aes, pmull, sha1, sha256, crc32, lse, fphp, asimdhp, dcpop, sha3, sha512, paca
/proc/cpuinfo:
processor	: 0
BogoMIPS	: 48.00
Features	: fp asimd evtstrm aes pmull sha1 sha2 crc32 atomics fphp asimdhp cpuid asimdrdm jscvt fcma lrcpc dcpop sha3 asimddp sha512 asimdfhm dit uscat ilrcpc flagm ssbs sb paca pacg dcpodp flagm2 frint
CPU implementer	: 0x61
CPU architecture: 8
CPU variant	: 0x2
CPU part	: 0x024
CPU revision	: 0

processor	: 1
BogoMIPS	: 48.00
Features	: fp asimd evtstrm aes pmull sha1 sha2 crc32 atomics fphp asimdhp cpuid asimdrdm jscvt fcma lrcpc dcpop sha3 asimddp sha512 asimdfhm dit uscat ilrcpc flagm ssbs sb paca pacg dcpodp flagm2 frint
CPU implementer	: 0x61
CPU architecture: 8
CPU variant	: 0x2
CPU part	: 0x024
CPU revision	: 0

processor	: 2
BogoMIPS	: 48.00
Features	: fp asimd evtstrm aes pmull sha1 sha2 crc32 atomics fphp asimdhp cpuid asimdrdm jscvt fcma lrcpc dcpop sha3 asimddp sha512 asimdfhm dit uscat ilrcpc flagm ssbs sb paca pacg dcpodp flagm2 frint
CPU implementer	: 0x61
CPU architecture: 8
CPU variant	: 0x2
CPU part	: 0x025
CPU revision	: 0

processor	: 3
BogoMIPS	: 48.00
Features	: fp asimd evtstrm aes pmull sha1 sha2 crc32 atomics fphp asimdhp cpuid asimdrdm jscvt fcma lrcpc dcpop sha3 asimddp sha512 asimdfhm dit uscat ilrcpc flagm ssbs sb paca pacg dcpodp flagm2 frint
CPU implementer	: 0x61
CPU architecture: 8
CPU variant	: 0x2
CPU part	: 0x025
CPU revision	: 0

processor	: 4
BogoMIPS	: 48.00
Features	: fp asimd evtstrm aes pmull sha1 sha2 crc32 atomics fphp asimdhp cpuid asimdrdm jscvt fcma lrcpc dcpop sha3 asimddp sha512 asimdfhm dit uscat ilrcpc flagm ssbs sb paca pacg dcpodp flagm2 frint
CPU implementer	: 0x61
CPU architecture: 8
CPU variant	: 0x2
CPU part	: 0x025
CPU revision	: 0

processor	: 5
BogoMIPS	: 48.00
Features	: fp asimd evtstrm aes pmull sha1 sha2 crc32 atomics fphp asimdhp cpuid asimdrdm jscvt fcma lrcpc dcpop sha3 asimddp sha512 asimdfhm dit uscat ilrcpc flagm ssbs sb paca pacg dcpodp flagm2 frint
CPU implementer	: 0x61
CPU architecture: 8
CPU variant	: 0x2
CPU part	: 0x025
CPU revision	: 0

processor	: 6
BogoMIPS	: 48.00
Features	: fp asimd evtstrm aes pmull sha1 sha2 crc32 atomics fphp asimdhp cpuid asimdrdm jscvt fcma lrcpc dcpop sha3 asimddp sha512 asimdfhm dit uscat ilrcpc flagm ssbs sb paca pacg dcpodp flagm2 frint
CPU implementer	: 0x61
CPU architecture: 8
CPU variant	: 0x2
CPU part	: 0x025
CPU revision	: 0

processor	: 7
BogoMIPS	: 48.00
Features	: fp asimd evtstrm aes pmull sha1 sha2 crc32 atomics fphp asimdhp cpuid asimdrdm jscvt fcma lrcpc dcpop sha3 asimddp sha512 asimdfhm dit uscat ilrcpc flagm ssbs sb paca pacg dcpodp flagm2 frint
CPU implementer	: 0x61
CPU architecture: 8
CPU variant	: 0x2
CPU part	: 0x025
CPU revision	: 0

processor	: 8
BogoMIPS	: 48.00
Features	: fp asimd evtstrm aes pmull sha1 sha2 crc32 atomics fphp asimdhp cpuid asimdrdm jscvt fcma lrcpc dcpop sha3 asimddp sha512 asimdfhm dit uscat ilrcpc flagm ssbs sb paca pacg dcpodp flagm2 frint
CPU implementer	: 0x61
CPU architecture: 8
CPU variant	: 0x2
CPU part	: 0x025
CPU revision	: 0

processor	: 9
BogoMIPS	: 48.00
Features	: fp asimd evtstrm aes pmull sha1 sha2 crc32 atomics fphp asimdhp cpuid asimdrdm jscvt fcma lrcpc dcpop sha3 asimddp sha512 asimdfhm dit uscat ilrcpc flagm ssbs sb paca pacg dcpodp flagm2 frint
CPU implementer	: 0x61
CPU architecture: 8
CPU variant	: 0x2
CPU part	: 0x025
CPU revision	: 0


Online cpus: 0-9
Offline cpus: 

Memory: 16k page, physical 15755056k(5681200k free), swap 33554336k(33085200k free)
Page Sizes: 16k

vm_info: OpenJDK 64-Bit Server VM (25.0.3+9-b480.61) for linux-aarch64 JRE (25.0.3+9-b480.61), built on 2026-05-12 with gcc 10.3.1 20210422 (Red Hat 10.3.1-1.2.0.1)

END.
