#
# A fatal error has been detected by the Java Runtime Environment:
#
#  SIGSEGV (0xb) at pc=0x0000fffe2accc670, pid=291994, tid=292010
#
# JRE version: OpenJDK Runtime Environment JBR-25.0.3+9-480.61-nomod (25.0.3+9) (build 25.0.3+9-b480.61)
# Java VM: OpenJDK 64-Bit Server VM JBR-25.0.3+9-480.61-nomod (25.0.3+9-b480.61, mixed mode, sharing, tiered, compressed oops, compressed class ptrs, g1 gc, linux-aarch64)
# Problematic frame:
# C  [libopenal.so+0x9c670]
#
# Core dump will be written. Default location: Determined by the following: "/usr/lib/systemd/systemd-coredump %P %u %g %s %t %c %h %d %F" (alternatively, falling back to /home/anguscrump/Documents/Coding/ribbon-world/run/core.291994)
#
# If you would like to submit a bug report, please visit:
#   https://youtrack.jetbrains.com/issues/JBR
#

---------------  S U M M A R Y ------------

Command Line: -Ddebugger.agent.enable.coroutines=true -Ddebugger.async.stack.trace.for.all.threads=true -Dfabric.dli.config=/home/anguscrump/Documents/Coding/ribbon-world/.gradle/loom-cache/launch.cfg -Dfabric.dli.env=client -Dfabric.dli.main=net.fabricmc.loader.impl.launch.knot.KnotClient -Dkotlinx.coroutines.debug.enable.creation.stack.trace=false -Dkotlinx.coroutines.debug.enable.flows.stack.trace=true -Dkotlinx.coroutines.debug.enable.mutable.state.flows.stack.trace=true --sun-misc-unsafe-memory-access=allow --enable-native-access=ALL-UNNAMED --sun-misc-unsafe-memory-access=allow --enable-native-access=ALL-UNNAMED -agentlib:jdwp=transport=dt_socket,server=n,suspend=y,address=127.0.0.1:34189 -javaagent:/home/anguscrump/intellij/plugins/java/lib/rt/debugger-agent.jar=file:///tmp/capture7422487532281112877.props -Dfile.encoding=UTF-8 -Duser.country=AU -Duser.language=en -Duser.variant -Dawt.toolkit.name=XToolkit net.fabricmc.devlaunchinjector.Main

Host: AArch64, 10 cores, 15G, Fedora Asahi Remix release 44 (Forty Four)
Time: Tue May 19 21:44:52 2026 AEST elapsed time: 98.206361 seconds (0d 0h 1m 38s)

---------------  T H R E A D  ---------------

Current thread (0x0000ffff1432c050):  VMThread "VM Thread"          [id=292010, stack(0x0000fffeeefcc000,0x0000fffeef1cc000) (2048K)]

Stack: [0x0000fffeeefcc000,0x0000fffeef1cc000],  sp=0x0000fffeef1ca1b0,  free space=2040k
Native frames: (J=compiled Java code, j=interpreted, Vv=VM code, C=native code)
C  [libopenal.so+0x9c670]
C  [libc.so.6+0x3eb2c]  __run_exit_handlers+0x1ac
C  [libc.so.6+0x3ec20]  internal_addseverity+0x0
V  [libjvm.so+0xc7c05c]
V  [libjvm.so+0x88dad0]  vm_exit(int)+0x0
V  [libjvm.so+0xf8e1c4]  VM_Operation::evaluate()+0xf4
V  [libjvm.so+0xf91550]  VMThread::evaluate_operation(VM_Operation*)+0xb0
V  [libjvm.so+0xf92138]  VMThread::inner_execute(VM_Operation*)+0x2d8
V  [libjvm.so+0xf92450]  VMThread::run()+0xac
V  [libjvm.so+0xef92b8]  Thread::call_run()+0xa8
V  [libjvm.so+0xc71af4]  thread_native_entry(Thread*)+0xe0
C  [libc.so.6+0x8f81c]  start_thread+0x3bc

siginfo: si_signo: 11 (SIGSEGV), si_code: 1 (SEGV_MAPERR), si_addr: 0x0000000000000000

Registers:
R0=0x0000fffe2ade4c38
R1=0x0000000000000000
R2=0x0000000000000000
R3=0x0000000000000000
R4=0x0000fffe1c000030
R5=0x0000000042600dfc
R6=0x0000000000000400
R7=0x0000fffec8000980
R8=0x0000fffe1c0020f0
R9=0x4e25e9716684ba46
R10=0x0000000000000054
R11=0x0000ffff1cbd66e8
R12=0x0000000000000030
R13=0x0000fffeef1cb880
R14=0x0000000000000000
R15=0x0000fffec8075540
R16=0x0000000000000001
R17=0x0000ffff1cab1b40
R18=0x0000000000000c81
R19=0x0000fffe1c0020f0
R20=0x0000fffe1c0021a0
R21=0x0000fffe2ade4be8
R22=0x0000fffe1c0020d0
R23=0x0000fffe2ade4b58
R24=0x0000fffe2ade4c68
R25=0x0000ffff1661e8f0
R26=0x0000000000000b2b
R27=0x0000fffe2accc5a4
R28=0x0000fffe2ade4be8
R29=0x0000fffeef1ca1b0
R30=0x0000fffe2accc660


Register to memory mapping:

R0 =0x0000fffe2ade4c38: <offset 0x00000000001b4c38> in /tmp/lwjgl_anguscrump/3.4.1-snapshot/arm64/libopenal.so at 0x0000fffe2ac30000
R1 =0x0 is null
R2 =0x0 is null
R3 =0x0 is null
R4 =0x0000fffe1c000030 points into unknown readable memory: 0x0000000200000000 | 00 00 00 00 02 00 00 00
R5 =0x0000000042600dfc is an unknown value
R6 =0x0000000000000400 is an unknown value
R7 =0x0000fffec8000980 points into unknown readable memory: 0x0000000200000002 | 02 00 00 00 02 00 00 00
R8 =0x0000fffe1c0020f0 points into unknown readable memory: 0x0000000000000000 | 00 00 00 00 00 00 00 00
R9 =0x4e25e9716684ba46 is an unknown value
R10=0x0000000000000054 is an unknown value
R11=0x0000ffff1cbd66e8: <offset 0x00000000001c66e8> in /lib64/libc.so.6 at 0x0000ffff1ca10000
R12=0x0000000000000030 is an unknown value
R13=0x0000fffeef1cb880 points into unknown readable memory: 0x0000fffed4001c80 | 80 1c 00 d4 fe ff 00 00
R14=0x0 is null
R15=0x0000fffec8075540 points into unknown readable memory: 0x0000000000000040 | 40 00 00 00 00 00 00 00
R16=0x0000000000000001 is an unknown value
R17=0x0000ffff1cab1b40: __libc_free+0x0000000000000000 in /lib64/libc.so.6 at 0x0000ffff1ca10000
R18=0x0000000000000c81 is an unknown value
R19=0x0000fffe1c0020f0 points into unknown readable memory: 0x0000000000000000 | 00 00 00 00 00 00 00 00
R20=0x0000fffe1c0021a0 points into unknown readable memory: 0x0000fffe1c0000d8 | d8 00 00 1c fe ff 00 00
R21=0x0000fffe2ade4be8: <offset 0x00000000001b4be8> in /tmp/lwjgl_anguscrump/3.4.1-snapshot/arm64/libopenal.so at 0x0000fffe2ac30000
R22=0x0000fffe1c0020d0 points into unknown readable memory: 0x0000fffe1c001ee0 | e0 1e 00 1c fe ff 00 00
R23=0x0000fffe2ade4b58: <offset 0x00000000001b4b58> in /tmp/lwjgl_anguscrump/3.4.1-snapshot/arm64/libopenal.so at 0x0000fffe2ac30000
R24=0x0000fffe2ade4c68: <offset 0x00000000001b4c68> in /tmp/lwjgl_anguscrump/3.4.1-snapshot/arm64/libopenal.so at 0x0000fffe2ac30000
R25=0x0000ffff1661e8f0 points into unknown readable memory: 0x0000ffff166de630 | 30 e6 6d 16 ff ff 00 00
R26=0x0000000000000b2b is an unknown value
R27=0x0000fffe2accc5a4: <offset 0x000000000009c5a4> in /tmp/lwjgl_anguscrump/3.4.1-snapshot/arm64/libopenal.so at 0x0000fffe2ac30000
R28=0x0000fffe2ade4be8: <offset 0x00000000001b4be8> in /tmp/lwjgl_anguscrump/3.4.1-snapshot/arm64/libopenal.so at 0x0000fffe2ac30000
R29=0x0000fffeef1ca1b0 points into unknown readable memory: 0x0000fffeef1ca1f0 | f0 a1 1c ef fe ff 00 00
R30=0x0000fffe2accc660: <offset 0x000000000009c660> in /tmp/lwjgl_anguscrump/3.4.1-snapshot/arm64/libopenal.so at 0x0000fffe2ac30000

Top of Stack: (sp=0x0000fffeef1ca1b0)
0x0000fffeef1ca1b0:   0000fffeef1ca1f0 0000ffff1ca4eb2c   ........,.......
0x0000fffeef1ca1c0:   0000ffff1cbd1000 0000ffff1cbd2210   ........."......
0x0000fffeef1ca1d0:   0000ffff1cc8bc78 0000000000000000   x...............
0x0000fffeef1ca1e0:   0000ffff1cbd0658 0000ffff1cbd2000   X........ ......
0x0000fffeef1ca1f0:   0000fffeef1ca260 002fffff1ca4ec20   `....... ...../.
0x0000fffeef1ca200:   0000000000000000 0000ffff1b31b938   ........8.1.....
0x0000fffeef1ca210:   0000ffff1b31b938 0000fffed4001260   8.1.....`.......
0x0000fffeef1ca220:   0000fffed4001278 0000fffed4001650   x.......P.......
0x0000fffeef1ca230:   00000000000003d8 0000ffff1c95fc18   ................
0x0000fffeef1ca240:   00000000000003d8 0000ffff1c95fc18   ................
0x0000fffeef1ca250:   0000ffff1432c620 0000ffff00000001    .2.............
0x0000fffeef1ca260:   0000fffeef1ca270 0004ffff1c09c05c   p.......\.......
0x0000fffeef1ca270:   0000fffeef1ca280 0000ffff1bcadad0   ................
0x0000fffeef1ca280:   0000fffeef1ca2a0 0000ffff1c3ae1c4   ..........:.....
0x0000fffeef1ca290:   0000ffff1432c620 0000ffff1b9e1e60    .2.....`.......
0x0000fffeef1ca2a0:   0000fffeef1ca3b0 0000ffff1c3b1550   ........P.;.....
0x0000fffeef1ca2b0:   0000ffff1432c620 0000ffff1c88d000    .2.............
0x0000fffeef1ca2c0:   0000ffff1b31b938 0000fffeef1cb880   8.1.............
0x0000fffeef1ca2d0:   0000fffed4001260 0000ffff1432c050   `.......P.2.....
0x0000fffeef1ca2e0:   0000fffed4001278 0000fffed4001650   x.......P.......
0x0000fffeef1ca2f0:   00000000000003d8 0000ffff1c887000   .........p......
0x0000fffeef1ca300:   ffffff0f00000000 0000000000000000   ................
0x0000fffeef1ca310:   0000000000000016 0000000000000000   ................
0x0000fffeef1ca320:   3fc9ba5e353f7cee 0000000000000000   .|?5^..?........
0x0000fffeef1ca330:   0000fffeef1ca350 0000ffff1c13f3f8   P...............
0x0000fffeef1ca340:   0000fffeef1ca380 0000000000000000   ................
0x0000fffeef1ca350:   0000fffeef1ca360 007dffff1cad8b04   `.............}.
0x0000fffeef1ca360:   0000fffeef1ca370 001bffff1c09cd64   p.......d.......
0x0000fffeef1ca370:   0000fffeef1ca390 0000ffff1c3294c0   ..........2.....
0x0000fffeef1ca380:   00000000000050ea 000000001cb12053   .P......S ......
0x0000fffeef1ca390:   0000fffeef1ca3b0 0000ffff1c3b152c   ........,.;.....
0x0000fffeef1ca3a0:   0000ffff1432c620 4a8c63ae8b57e600    .2.......W..c.J

Instructions: (pc=0x0000fffe2accc670)
  0x0000fffe2accc570:   80 08 00 90 00 e0 44 f9 e2 27 40 f9 01 00 40 f9
  0x0000fffe2accc580:   42 00 01 eb 01 00 80 d2 61 00 00 54 fd 7b c5 a8
  0x0000fffe2accc590:   c0 03 5f d6 df d8 fd 97 fa d8 fd 97 0d db fd 97
  0x0000fffe2accc5a0:   f4 ff ff 17 fd 7b bc a9 fd 03 00 91 f5 5b 02 a9
  0x0000fffe2accc5b0:   f5 03 00 aa 00 00 40 f9 f3 53 01 a9 f7 63 03 a9
  0x0000fffe2accc5c0:   80 00 00 b4 c1 08 00 90 21 bc 45 f9 20 00 3f d6
  0x0000fffe2accc5d0:   a0 62 43 39 80 09 00 35 b3 42 40 f9 b8 02 02 91
  0x0000fffe2accc5e0:   16 07 40 f9 7f 02 16 eb 20 03 00 54 d7 08 00 90
  0x0000fffe2accc5f0:   f7 62 2d 91 1f 20 03 d5 74 02 40 f9 14 02 00 b4
  0x0000fffe2accc600:   e0 03 14 aa 82 0e 40 f9 01 0c 41 f8 03 10 40 f9
  0x0000fffe2accc610:   41 00 00 f9 22 04 00 f9 43 00 00 b4 60 00 3f d6
  0x0000fffe2accc620:   80 06 40 f9 60 00 00 b4 e1 16 40 f9 20 00 3f d6
  0x0000fffe2accc630:   e0 03 14 aa 01 08 80 d2 ca d9 fd 97 73 22 00 91
  0x0000fffe2accc640:   df 02 13 eb a1 fd ff 54 b6 42 40 f9 b6 00 00 b4
  0x0000fffe2accc650:   01 0b 40 f9 e0 03 16 aa 21 00 16 cb c1 d9 fd 97
  0x0000fffe2accc660:   e0 03 15 aa a2 2e 40 f9 01 0c 45 f8 03 10 40 f9
=>0x0000fffe2accc670:   41 00 00 f9 22 04 00 f9 43 00 00 b4 60 00 3f d6
  0x0000fffe2accc680:   e0 03 15 aa a2 16 40 f9 01 0c 42 f8 03 10 40 f9
  0x0000fffe2accc690:   41 00 00 f9 22 04 00 f9 43 00 00 b4 60 00 3f d6
  0x0000fffe2accc6a0:   a0 0e 40 f9 80 00 00 b4 c1 08 00 90 21 c0 45 f9
  0x0000fffe2accc6b0:   20 00 3f d6 a0 0a 40 f9 80 00 00 b4 c1 08 00 90
  0x0000fffe2accc6c0:   21 c4 45 f9 20 00 3f d6 a0 06 40 f9 80 00 00 b4
  0x0000fffe2accc6d0:   c1 08 00 90 21 c8 45 f9 20 00 3f d6 a0 02 40 f9
  0x0000fffe2accc6e0:   80 00 00 b4 c1 08 00 90 21 cc 45 f9 20 00 3f d6
  0x0000fffe2accc6f0:   f3 53 41 a9 f5 5b 42 a9 f7 63 43 a9 fd 7b c4 a8
  0x0000fffe2accc700:   c0 03 5f d6 e0 03 15 aa bf 62 03 39 a2 5a 40 f9
  0x0000fffe2accc710:   01 8c 4a f8 03 10 40 f9 41 00 00 f9 22 04 00 f9
  0x0000fffe2accc720:   43 00 00 b4 60 00 3f d6 a0 52 40 f9 60 f5 ff b4
  0x0000fffe2accc730:   c1 08 00 90 21 c0 45 f9 20 00 3f d6 a7 ff ff 17
  0x0000fffe2accc740:   fd 7b bd a9 fd 03 00 91 f3 53 01 a9 53 00 01 cb
  0x0000fffe2accc750:   f4 03 00 aa f5 13 00 f9 f5 03 01 aa 7f 3e 00 f1
  0x0000fffe2accc760:   08 03 00 54 00 00 40 f9 7f 06 00 f1 41 01 00 54


Stack slot to memory mapping:

stack at sp + 0 slots: 0x0000fffeef1ca1f0 points into unknown readable memory: 0x0000fffeef1ca260 | 60 a2 1c ef fe ff 00 00
stack at sp + 1 slots: 0x0000ffff1ca4eb2c: <offset 0x000000000003eb2c> in /lib64/libc.so.6 at 0x0000ffff1ca10000
stack at sp + 2 slots: 0x0000ffff1cbd1000: <offset 0x00000000001c1000> in /lib64/libc.so.6 at 0x0000ffff1ca10000
stack at sp + 3 slots: 0x0000ffff1cbd2210: <offset 0x00000000001c2210> in /lib64/libc.so.6 at 0x0000ffff1ca10000
stack at sp + 4 slots: 0x0000ffff1cc8bc78: __pointer_chk_guard+0x0000000000000000 in /lib/ld-linux-aarch64.so.1 at 0x0000ffff1cc4c000
stack at sp + 5 slots: 0x0 is null
stack at sp + 6 slots: 0x0000ffff1cbd0658: <offset 0x00000000001c0658> in /lib64/libc.so.6 at 0x0000ffff1ca10000
stack at sp + 7 slots: 0x0000ffff1cbd2000: <offset 0x00000000001c2000> in /lib64/libc.so.6 at 0x0000ffff1ca10000

VM_Operation (0x0000ffff1b31b938): Exit, mode: safepoint, requested by thread 0x0000ffff140352b0


---------------  P R O C E S S  ---------------

Threads class SMR info:
_java_thread_list=0x0000fffeb4000950, length=22, elements={
0x0000ffff140352b0, 0x0000ffff14332c90, 0x0000ffff143364d0, 0x0000ffff14337db0,
0x0000ffff1433b190, 0x0000ffff1433ca40, 0x0000ffff1433e800, 0x0000ffff14340220,
0x0000ffff14398dc0, 0x0000ffff143af110, 0x0000fffea8001210, 0x0000ffff143f9470,
0x0000ffff14417c40, 0x0000ffff145b5260, 0x0000ffff174cf2a0, 0x0000fffe41b52750,
0x0000fffe41eb40f0, 0x0000fffe41f01c10, 0x0000fffe43022270, 0x0000fffe43224a70,
0x0000fffda00145b0, 0x0000fffe42c79ad0
}

Java Threads: ( => current thread )
  0x0000ffff140352b0 JavaThread "Render thread"                     [_thread_blocked, id=291996, stack(0x0000ffff1b120000,0x0000ffff1b31e000) (2040K)]
  0x0000ffff14332c90 JavaThread "Common-Cleaner"             daemon [_thread_blocked, id=292011, stack(0x0000fffeef1cc000,0x0000fffeef3dc000) (2112K)]
  0x0000ffff143364d0 JavaThread "Reference Handler"          daemon [_thread_blocked, id=292013, stack(0x0000fffeeebac000,0x0000fffeeedac000) (2048K)]
  0x0000ffff14337db0 JavaThread "Finalizer"                  daemon [_thread_blocked, id=292014, stack(0x0000fffeee9ac000,0x0000fffeeebac000) (2048K)]
  0x0000ffff1433b190 JavaThread "Service Thread"             daemon [_thread_blocked, id=292016, stack(0x0000fffeee5ac000,0x0000fffeee7ac000) (2048K)]
  0x0000ffff1433ca40 JavaThread "Monitor Deflation Thread"   daemon [_thread_blocked, id=292017, stack(0x0000fffeee3ac000,0x0000fffeee5ac000) (2048K)]
  0x0000ffff1433e800 JavaThread "C2 CompilerThread0"         daemon [_thread_blocked, id=292018, stack(0x0000fffeee1ac000,0x0000fffeee3ac000) (2048K)]
  0x0000ffff14340220 JavaThread "C1 CompilerThread0"         daemon [_thread_blocked, id=292019, stack(0x0000fffeedfac000,0x0000fffeee1ac000) (2048K)]
  0x0000ffff14398dc0 JavaThread "JDWP Transport Listener: dt_socket" daemon [_thread_blocked, id=292020, stack(0x0000fffeeddac000,0x0000fffeedfac000) (2048K)]
  0x0000ffff143af110 JavaThread "JDWP Event Helper Thread"   daemon [_thread_blocked, id=292021, stack(0x0000fffeedbac000,0x0000fffeeddac000) (2048K)]
  0x0000fffea8001210 JavaThread "JDWP Command Reader"        daemon [_thread_blocked, id=292022, stack(0x0000fffeed9ac000,0x0000fffeedbac000) (2048K)]
  0x0000ffff143f9470 JavaThread "IntelliJ Suspend Helper"    daemon [_thread_blocked, id=292026, stack(0x0000fffeed7ac000,0x0000fffeed9ac000) (2048K)]
  0x0000ffff14417c40 JavaThread "Notification Thread"        daemon [_thread_blocked, id=292027, stack(0x0000fffeed5ac000,0x0000fffeed7ac000) (2048K)]
  0x0000ffff145b5260 JavaThread "CoarseTimer"                daemon [_thread_blocked, id=292029, stack(0x0000fffeed1ac000,0x0000fffeed3ac000) (2048K)]
  0x0000ffff174cf2a0 JavaThread "JNA Cleaner"                daemon [_thread_blocked, id=292076, stack(0x0000fffedcc00000,0x0000fffedce00000) (2048K)]
  0x0000fffe41b52750 JavaThread "Timer hack thread"          daemon [_thread_blocked, id=292111, stack(0x0000fffedce00000,0x0000fffedd000000) (2048K)]
  0x0000fffe41eb40f0 JavaThread "Yggdrasil Key Fetcher"      daemon [_thread_blocked, id=292115, stack(0x0000fffedda00000,0x0000fffeddc00000) (2048K)]
  0x0000fffe41f01c10 JavaThread "Download-2"                 daemon [_thread_blocked, id=292117, stack(0x0000fffeddc00000,0x0000fffedde00000) (2048K)]
  0x0000fffe43022270 JavaThread "Netty Local IO #0"          daemon [_thread_blocked, id=292302, stack(0x0000fffdcc284000,0x0000fffdcc484000) (2048K)]
  0x0000fffe43224a70 JavaThread "Netty Local IO #1"          daemon [_thread_blocked, id=292307, stack(0x0000fffdcc084000,0x0000fffdcc284000) (2048K)]
  0x0000fffda00145b0 JavaThread "Netty Local IO #2"          daemon [_thread_blocked, id=292308, stack(0x0000fffd9be00000,0x0000fffd9c000000) (2048K)]
  0x0000fffe42c79ad0 JavaThread "Sound engine"               daemon [_thread_blocked, id=293213, stack(0x0000fffde3e00000,0x0000fffde4000000) (2048K)]
Total: 22

Other Threads:
=>0x0000ffff1432c050 VMThread "VM Thread"                           [id=292010, stack(0x0000fffeeefcc000,0x0000fffeef1cc000) (2048K)]
  0x0000ffff1418ba10 WorkerThread "GC Thread#0"                     [id=292001, stack(0x0000ffff19268000,0x0000ffff19468000) (2048K)]
  0x0000fffec8009420 WorkerThread "GC Thread#1"                     [id=292032, stack(0x0000fffeecf80000,0x0000fffeed180000) (2048K)]
  0x0000fffec800a170 WorkerThread "GC Thread#2"                     [id=292033, stack(0x0000fffeecd70000,0x0000fffeecf70000) (2048K)]
  0x0000fffec800aec0 WorkerThread "GC Thread#3"                     [id=292034, stack(0x0000fffeecb60000,0x0000fffeecd60000) (2048K)]
  0x0000fffec800bc10 WorkerThread "GC Thread#4"                     [id=292035, stack(0x0000fffeec950000,0x0000fffeecb50000) (2048K)]
  0x0000fffec800c960 WorkerThread "GC Thread#5"                     [id=292036, stack(0x0000fffeec740000,0x0000fffeec940000) (2048K)]
  0x0000fffec8015630 WorkerThread "GC Thread#6"                     [id=292037, stack(0x0000fffeec530000,0x0000fffeec730000) (2048K)]
  0x0000fffec8016270 WorkerThread "GC Thread#7"                     [id=292038, stack(0x0000fffeec320000,0x0000fffeec520000) (2048K)]
  0x0000fffec8017490 WorkerThread "GC Thread#8"                     [id=292039, stack(0x0000fffeec110000,0x0000fffeec310000) (2048K)]
  0x0000ffff141a3b90 ConcurrentGCThread "G1 Main Marker"            terminated
  0x0000ffff141a4d80 WorkerThread "G1 Conc#0"                       [id=292003, stack(0x0000ffff18e48000,0x0000ffff19048000) (2048K)]
  0x0000fffee0000c80 WorkerThread "G1 Conc#1"                       [id=292057, stack(0x0000fffedc800000,0x0000fffedca00000) (2048K)]
  0x0000ffff141f26e0 ConcurrentGCThread "G1 Refine#0"               terminated
  0x0000ffff141f38f0 ConcurrentGCThread "G1 Service"                terminated
Total: 15

Threads with active compile tasks:
Total: 0

VM state: at safepoint (shutting down)

VM Mutex/Monitor currently owned by a thread:  ([mutex/lock_event])
[0x0000ffff1c929558] Threads_lock - owner thread: 0x0000ffff1432c050
[0x0000ffff1c9296f0] Heap_lock - owner thread: 0x0000ffff140352b0

Heap address: 0x000000070f800000, size: 3848 MB, Compressed Oops mode: Zero based, Oop shift amount: 3

CDS archive(s) mapped at: [0x00003e0000000000-0x00003e0001d00000-0x00003e0001d00000), size 30408704, SharedBaseAddress: 0x00003e0000000000, ArchiveRelocationMode: 1.
Compressed class space mapped at: 0x00003e0002000000-0x00003e0042000000, reserved size: 1073741824
UseCompressedClassPointers 1, UseCompactObjectHeaders 0
Narrow klass pointer bits 32, Max shift 3
Narrow klass base: 0x00003e0000000000, Narrow klass shift: 0
Encoding Range: [0x00003e0000000000 - 0x00003e0100000000), (4294967296 bytes)
Klass Range:    [0x00003e0000010000 - 0x00003e0042000000), (1107230720 bytes)
Klass ID Range:  [65536 - 1107296249) (1107230713)
Protection zone: [0x00003e0000000000 - 0x00003e0000010000), (65536 bytes)

GC Precious Log:
 CardTable entry size: 512
 Card Set container configuration: InlinePtr #cards 4 size 8 Array Of Cards #cards 16 size 48 Howl #buckets 8 coarsen threshold 3686 Howl Bitmap #cards 512 size 80 coarsen threshold 460 Card regions per heap region 1 cards per card region 4096
 CPUs: 10 total, 10 available
 Memory: 15385M
 Large Page Support: Disabled
 NUMA Support: Disabled
 Compressed Oops: Enabled (Zero based)
 Heap Region Size: 2M
 Heap Min Capacity: 8M
 Heap Initial Capacity: 248M
 Heap Max Capacity: 3848M
 Pre-touch: Disabled
 Parallel Workers: 9
 Concurrent Workers: 2
 Concurrent Refinement Workers: 9
 Periodic GC: Disabled

Heap:
 garbage-first heap   total reserved 3940352K, committed 2080768K, used 1397538K [0x000000070f800000, 0x0000000800000000)
  region size 2048K, 132 young (270336K), 48 survivors (98304K)

Heap Regions: E=young(eden), S=young(survivor), O=old, HS=humongous(starts), HC=humongous(continues), CS=collection set, F=free, TAMS=top-at-mark-start, PB=parsable bottom
|   0|0x000000070f800000, 0x000000070fa00000, 0x000000070fa00000|100%|HS|  |TAMS 0x000000070f800000| PB 0x000000070f800000| Complete |  0
|   1|0x000000070fa00000, 0x000000070fc00000, 0x000000070fc00000|100%|HS|  |TAMS 0x000000070fa00000| PB 0x000000070fa00000| Complete |  0
|   2|0x000000070fc00000, 0x000000070fe00000, 0x000000070fe00000|100%|HS|  |TAMS 0x000000070fc00000| PB 0x000000070fc00000| Complete |  0
|   3|0x000000070fe00000, 0x000000070ff68928, 0x0000000710000000| 70%| O|  |TAMS 0x000000070fe00000| PB 0x000000070fe00000| Untracked |  0
|   4|0x0000000710000000, 0x0000000710200000, 0x0000000710200000|100%| O|  |TAMS 0x0000000710000000| PB 0x0000000710000000| Untracked |  0
|   5|0x0000000710200000, 0x0000000710400000, 0x0000000710400000|100%| O|  |TAMS 0x0000000710200000| PB 0x0000000710200000| Untracked |  0
|   6|0x0000000710400000, 0x0000000710600000, 0x0000000710600000|100%| O|  |TAMS 0x0000000710400000| PB 0x0000000710400000| Untracked |  0
|   7|0x0000000710600000, 0x0000000710800000, 0x0000000710800000|100%| O|  |TAMS 0x0000000710600000| PB 0x0000000710600000| Untracked |  0
|   8|0x0000000710800000, 0x0000000710a00000, 0x0000000710a00000|100%|HS|  |TAMS 0x0000000710800000| PB 0x0000000710800000| Complete |  0
|   9|0x0000000710a00000, 0x0000000710c00000, 0x0000000710c00000|100%| O|  |TAMS 0x0000000710a00000| PB 0x0000000710a00000| Untracked |  0
|  10|0x0000000710c00000, 0x0000000710e00000, 0x0000000710e00000|100%| O|  |TAMS 0x0000000710c00000| PB 0x0000000710c00000| Untracked |  0
|  11|0x0000000710e00000, 0x0000000711000000, 0x0000000711000000|100%| O|  |TAMS 0x0000000710e00000| PB 0x0000000710e00000| Untracked |  0
|  12|0x0000000711000000, 0x0000000711200000, 0x0000000711200000|100%| O|  |TAMS 0x0000000711000000| PB 0x0000000711000000| Untracked |  0
|  13|0x0000000711200000, 0x0000000711400000, 0x0000000711400000|100%| O|  |TAMS 0x0000000711200000| PB 0x0000000711200000| Untracked |  0
|  14|0x0000000711400000, 0x0000000711600000, 0x0000000711600000|100%| O|  |TAMS 0x0000000711400000| PB 0x0000000711400000| Untracked |  0
|  15|0x0000000711600000, 0x0000000711800000, 0x0000000711800000|100%| O|  |TAMS 0x0000000711600000| PB 0x0000000711600000| Untracked |  0
|  16|0x0000000711800000, 0x0000000711a00000, 0x0000000711a00000|100%| O|  |TAMS 0x0000000711800000| PB 0x0000000711800000| Untracked |  0
|  17|0x0000000711a00000, 0x0000000711c00000, 0x0000000711c00000|100%| O|  |TAMS 0x0000000711a00000| PB 0x0000000711a00000| Untracked |  0
|  18|0x0000000711c00000, 0x0000000711e00000, 0x0000000711e00000|100%| O|  |TAMS 0x0000000711c00000| PB 0x0000000711c00000| Untracked |  0
|  19|0x0000000711e00000, 0x0000000712000000, 0x0000000712000000|100%| O|  |TAMS 0x0000000711e00000| PB 0x0000000711e00000| Untracked |  0
|  20|0x0000000712000000, 0x0000000712200000, 0x0000000712200000|100%| O|  |TAMS 0x0000000712000000| PB 0x0000000712000000| Untracked |  0
|  21|0x0000000712200000, 0x0000000712400000, 0x0000000712400000|100%|HS|  |TAMS 0x0000000712200000| PB 0x0000000712200000| Complete |  0
|  22|0x0000000712400000, 0x0000000712600000, 0x0000000712600000|100%|HC|  |TAMS 0x0000000712400000| PB 0x0000000712400000| Complete |  0
|  23|0x0000000712600000, 0x0000000712800000, 0x0000000712800000|100%|HC|  |TAMS 0x0000000712600000| PB 0x0000000712600000| Complete |  0
|  24|0x0000000712800000, 0x0000000712a00000, 0x0000000712a00000|100%|HC|  |TAMS 0x0000000712800000| PB 0x0000000712800000| Complete |  0
|  25|0x0000000712a00000, 0x0000000712c00000, 0x0000000712c00000|100%|HC|  |TAMS 0x0000000712a00000| PB 0x0000000712a00000| Complete |  0
|  26|0x0000000712c00000, 0x0000000712e00000, 0x0000000712e00000|100%|HC|  |TAMS 0x0000000712c00000| PB 0x0000000712c00000| Complete |  0
|  27|0x0000000712e00000, 0x0000000713000000, 0x0000000713000000|100%| O|  |TAMS 0x0000000712e00000| PB 0x0000000712e00000| Untracked |  0
|  28|0x0000000713000000, 0x0000000713200000, 0x0000000713200000|100%| O|  |TAMS 0x0000000713000000| PB 0x0000000713000000| Untracked |  0
|  29|0x0000000713200000, 0x0000000713400000, 0x0000000713400000|100%| O|  |TAMS 0x0000000713200000| PB 0x0000000713200000| Untracked |  0
|  30|0x0000000713400000, 0x0000000713600000, 0x0000000713600000|100%| O|  |TAMS 0x0000000713400000| PB 0x0000000713400000| Untracked |  0
|  31|0x0000000713600000, 0x0000000713800000, 0x0000000713800000|100%| O|  |TAMS 0x0000000713600000| PB 0x0000000713600000| Untracked |  0
|  32|0x0000000713800000, 0x0000000713a00000, 0x0000000713a00000|100%| O|  |TAMS 0x0000000713800000| PB 0x0000000713800000| Untracked |  0
|  33|0x0000000713a00000, 0x0000000713c00000, 0x0000000713c00000|100%| O|  |TAMS 0x0000000713a00000| PB 0x0000000713a00000| Untracked |  0
|  34|0x0000000713c00000, 0x0000000713e00000, 0x0000000713e00000|100%| O|  |TAMS 0x0000000713c00000| PB 0x0000000713c00000| Untracked |  0
|  35|0x0000000713e00000, 0x0000000714000000, 0x0000000714000000|100%| O|  |TAMS 0x0000000713e00000| PB 0x0000000713e00000| Untracked |  0
|  36|0x0000000714000000, 0x0000000714200000, 0x0000000714200000|100%| O|  |TAMS 0x0000000714000000| PB 0x0000000714000000| Untracked |  0
|  37|0x0000000714200000, 0x0000000714400000, 0x0000000714400000|100%| O|  |TAMS 0x0000000714200000| PB 0x0000000714200000| Untracked |  0
|  38|0x0000000714400000, 0x0000000714600000, 0x0000000714600000|100%| O|  |TAMS 0x0000000714400000| PB 0x0000000714400000| Untracked |  0
|  39|0x0000000714600000, 0x0000000714800000, 0x0000000714800000|100%| O|  |TAMS 0x0000000714600000| PB 0x0000000714600000| Untracked |  0
|  40|0x0000000714800000, 0x0000000714a00000, 0x0000000714a00000|100%| O|  |TAMS 0x0000000714800000| PB 0x0000000714800000| Untracked |  0
|  41|0x0000000714a00000, 0x0000000714c00000, 0x0000000714c00000|100%| O|  |TAMS 0x0000000714a00000| PB 0x0000000714a00000| Untracked |  0
|  42|0x0000000714c00000, 0x0000000714e00000, 0x0000000714e00000|100%| O|  |TAMS 0x0000000714c00000| PB 0x0000000714c00000| Untracked |  0
|  43|0x0000000714e00000, 0x0000000715000000, 0x0000000715000000|100%| O|  |TAMS 0x0000000714e00000| PB 0x0000000714e00000| Untracked |  0
|  44|0x0000000715000000, 0x0000000715200000, 0x0000000715200000|100%| O|  |TAMS 0x0000000715000000| PB 0x0000000715000000| Untracked |  0
|  45|0x0000000715200000, 0x0000000715372798, 0x0000000715400000| 72%| O|  |TAMS 0x0000000715200000| PB 0x0000000715200000| Untracked |  0
|  46|0x0000000715400000, 0x0000000715600000, 0x0000000715600000|100%| O|  |TAMS 0x0000000715400000| PB 0x0000000715400000| Untracked |  0
|  47|0x0000000715600000, 0x0000000715800000, 0x0000000715800000|100%| O|  |TAMS 0x0000000715600000| PB 0x0000000715600000| Untracked |  0
|  48|0x0000000715800000, 0x0000000715a00000, 0x0000000715a00000|100%| O|  |TAMS 0x0000000715800000| PB 0x0000000715800000| Untracked |  0
|  49|0x0000000715a00000, 0x0000000715c00000, 0x0000000715c00000|100%| O|  |TAMS 0x0000000715a00000| PB 0x0000000715a00000| Untracked |  0
|  50|0x0000000715c00000, 0x0000000715e00000, 0x0000000715e00000|100%| O|  |TAMS 0x0000000715c00000| PB 0x0000000715c00000| Untracked |  0
|  51|0x0000000715e00000, 0x0000000716000000, 0x0000000716000000|100%|HS|  |TAMS 0x0000000715e00000| PB 0x0000000715e00000| Complete |  0
|  52|0x0000000716000000, 0x0000000716200000, 0x0000000716200000|100%| O|  |TAMS 0x0000000716000000| PB 0x0000000716000000| Untracked |  0
|  53|0x0000000716200000, 0x0000000716400000, 0x0000000716400000|100%| O|  |TAMS 0x0000000716200000| PB 0x0000000716200000| Untracked |  0
|  54|0x0000000716400000, 0x0000000716600000, 0x0000000716600000|100%| O|  |TAMS 0x0000000716400000| PB 0x0000000716400000| Untracked |  0
|  55|0x0000000716600000, 0x0000000716800000, 0x0000000716800000|100%| O|  |TAMS 0x0000000716600000| PB 0x0000000716600000| Untracked |  0
|  56|0x0000000716800000, 0x0000000716a00000, 0x0000000716a00000|100%| O|  |TAMS 0x0000000716800000| PB 0x0000000716800000| Untracked |  0
|  57|0x0000000716a00000, 0x0000000716c00000, 0x0000000716c00000|100%| O|  |TAMS 0x0000000716a00000| PB 0x0000000716a00000| Untracked |  0
|  58|0x0000000716c00000, 0x0000000716e00000, 0x0000000716e00000|100%| O|  |TAMS 0x0000000716c00000| PB 0x0000000716c00000| Untracked |  0
|  59|0x0000000716e00000, 0x0000000717000000, 0x0000000717000000|100%| O|  |TAMS 0x0000000716e00000| PB 0x0000000716e00000| Untracked |  0
|  60|0x0000000717000000, 0x0000000717200000, 0x0000000717200000|100%| O|  |TAMS 0x0000000717000000| PB 0x0000000717000000| Untracked |  0
|  61|0x0000000717200000, 0x0000000717400000, 0x0000000717400000|100%| O|  |TAMS 0x0000000717200000| PB 0x0000000717200000| Untracked |  0
|  62|0x0000000717400000, 0x0000000717600000, 0x0000000717600000|100%| O|  |TAMS 0x0000000717400000| PB 0x0000000717400000| Untracked |  0
|  63|0x0000000717600000, 0x0000000717800000, 0x0000000717800000|100%| O|  |TAMS 0x0000000717600000| PB 0x0000000717600000| Untracked |  0
|  64|0x0000000717800000, 0x0000000717a00000, 0x0000000717a00000|100%| O|  |TAMS 0x0000000717800000| PB 0x0000000717800000| Untracked |  0
|  65|0x0000000717a00000, 0x0000000717c00000, 0x0000000717c00000|100%| O|  |TAMS 0x0000000717a00000| PB 0x0000000717a00000| Untracked |  0
|  66|0x0000000717c00000, 0x0000000717e00000, 0x0000000717e00000|100%| O|  |TAMS 0x0000000717c00000| PB 0x0000000717c00000| Untracked |  0
|  67|0x0000000717e00000, 0x0000000718000000, 0x0000000718000000|100%| O|  |TAMS 0x0000000717e00000| PB 0x0000000717e00000| Untracked |  0
|  68|0x0000000718000000, 0x0000000718200000, 0x0000000718200000|100%| O|  |TAMS 0x0000000718000000| PB 0x0000000718000000| Untracked |  0
|  69|0x0000000718200000, 0x0000000718400000, 0x0000000718400000|100%| O|  |TAMS 0x0000000718200000| PB 0x0000000718200000| Untracked |  0
|  70|0x0000000718400000, 0x0000000718600000, 0x0000000718600000|100%| O|  |TAMS 0x0000000718400000| PB 0x0000000718400000| Untracked |  0
|  71|0x0000000718600000, 0x0000000718800000, 0x0000000718800000|100%| O|  |TAMS 0x0000000718600000| PB 0x0000000718600000| Untracked |  0
|  72|0x0000000718800000, 0x0000000718a00000, 0x0000000718a00000|100%| O|  |TAMS 0x0000000718800000| PB 0x0000000718800000| Untracked |  0
|  73|0x0000000718a00000, 0x0000000718c00000, 0x0000000718c00000|100%| O|  |TAMS 0x0000000718a00000| PB 0x0000000718a00000| Untracked |  0
|  74|0x0000000718c00000, 0x0000000718e00000, 0x0000000718e00000|100%| O|  |TAMS 0x0000000718c00000| PB 0x0000000718c00000| Untracked |  0
|  75|0x0000000718e00000, 0x0000000719000000, 0x0000000719000000|100%| O|  |TAMS 0x0000000718e00000| PB 0x0000000718e00000| Untracked |  0
|  76|0x0000000719000000, 0x0000000719200000, 0x0000000719200000|100%| O|  |TAMS 0x0000000719000000| PB 0x0000000719000000| Untracked |  0
|  77|0x0000000719200000, 0x0000000719400000, 0x0000000719400000|100%| O|  |TAMS 0x0000000719200000| PB 0x0000000719200000| Untracked |  0
|  78|0x0000000719400000, 0x0000000719600000, 0x0000000719600000|100%| O|  |TAMS 0x0000000719400000| PB 0x0000000719400000| Untracked |  0
|  79|0x0000000719600000, 0x0000000719800000, 0x0000000719800000|100%| O|  |TAMS 0x0000000719600000| PB 0x0000000719600000| Untracked |  0
|  80|0x0000000719800000, 0x0000000719a00000, 0x0000000719a00000|100%| O|  |TAMS 0x0000000719800000| PB 0x0000000719800000| Untracked |  0
|  81|0x0000000719a00000, 0x0000000719c00000, 0x0000000719c00000|100%| O|  |TAMS 0x0000000719a00000| PB 0x0000000719a00000| Untracked |  0
|  82|0x0000000719c00000, 0x0000000719e00000, 0x0000000719e00000|100%| O|  |TAMS 0x0000000719c00000| PB 0x0000000719c00000| Untracked |  0
|  83|0x0000000719e00000, 0x000000071a000000, 0x000000071a000000|100%| O|  |TAMS 0x0000000719e00000| PB 0x0000000719e00000| Untracked |  0
|  84|0x000000071a000000, 0x000000071a200000, 0x000000071a200000|100%| O|  |TAMS 0x000000071a000000| PB 0x000000071a000000| Untracked |  0
|  85|0x000000071a200000, 0x000000071a400000, 0x000000071a400000|100%| O|  |TAMS 0x000000071a200000| PB 0x000000071a200000| Untracked |  0
|  86|0x000000071a400000, 0x000000071a600000, 0x000000071a600000|100%| O|  |TAMS 0x000000071a400000| PB 0x000000071a400000| Untracked |  0
|  87|0x000000071a600000, 0x000000071a800000, 0x000000071a800000|100%| O|  |TAMS 0x000000071a600000| PB 0x000000071a600000| Untracked |  0
|  88|0x000000071a800000, 0x000000071aa00000, 0x000000071aa00000|100%| O|  |TAMS 0x000000071a800000| PB 0x000000071a800000| Untracked |  0
|  89|0x000000071aa00000, 0x000000071ac00000, 0x000000071ac00000|100%| O|  |TAMS 0x000000071aa00000| PB 0x000000071aa00000| Untracked |  0
|  90|0x000000071ac00000, 0x000000071ae00000, 0x000000071ae00000|100%| O|  |TAMS 0x000000071ac00000| PB 0x000000071ac00000| Untracked |  0
|  91|0x000000071ae00000, 0x000000071b000000, 0x000000071b000000|100%| O|  |TAMS 0x000000071ae00000| PB 0x000000071ae00000| Untracked |  0
|  92|0x000000071b000000, 0x000000071b200000, 0x000000071b200000|100%| O|  |TAMS 0x000000071b000000| PB 0x000000071b000000| Untracked |  0
|  93|0x000000071b200000, 0x000000071b400000, 0x000000071b400000|100%| O|  |TAMS 0x000000071b200000| PB 0x000000071b200000| Untracked |  0
|  94|0x000000071b400000, 0x000000071b600000, 0x000000071b600000|100%| O|  |TAMS 0x000000071b400000| PB 0x000000071b400000| Untracked |  0
|  95|0x000000071b600000, 0x000000071b800000, 0x000000071b800000|100%| O|  |TAMS 0x000000071b600000| PB 0x000000071b600000| Untracked |  0
|  96|0x000000071b800000, 0x000000071ba00000, 0x000000071ba00000|100%| O|  |TAMS 0x000000071b800000| PB 0x000000071b800000| Untracked |  0
|  97|0x000000071ba00000, 0x000000071bc00000, 0x000000071bc00000|100%| O|  |TAMS 0x000000071ba00000| PB 0x000000071ba00000| Untracked |  0
|  98|0x000000071bc00000, 0x000000071be00000, 0x000000071be00000|100%| O|  |TAMS 0x000000071bc00000| PB 0x000000071bc00000| Untracked |  0
|  99|0x000000071be00000, 0x000000071c000000, 0x000000071c000000|100%| O|  |TAMS 0x000000071be00000| PB 0x000000071be00000| Untracked |  0
| 100|0x000000071c000000, 0x000000071c200000, 0x000000071c200000|100%| O|  |TAMS 0x000000071c000000| PB 0x000000071c000000| Untracked |  0
| 101|0x000000071c200000, 0x000000071c400000, 0x000000071c400000|100%| O|  |TAMS 0x000000071c200000| PB 0x000000071c200000| Untracked |  0
| 102|0x000000071c400000, 0x000000071c600000, 0x000000071c600000|100%| O|  |TAMS 0x000000071c400000| PB 0x000000071c400000| Untracked |  0
| 103|0x000000071c600000, 0x000000071c800000, 0x000000071c800000|100%| O|  |TAMS 0x000000071c600000| PB 0x000000071c600000| Untracked |  0
| 104|0x000000071c800000, 0x000000071ca00000, 0x000000071ca00000|100%| O|Cm|TAMS 0x000000071c800000| PB 0x000000071c800000| Complete |  0
| 105|0x000000071ca00000, 0x000000071cc00000, 0x000000071cc00000|100%| O|  |TAMS 0x000000071ca00000| PB 0x000000071ca00000| Untracked |  0
| 106|0x000000071cc00000, 0x000000071ce00000, 0x000000071ce00000|100%| O|  |TAMS 0x000000071cc00000| PB 0x000000071cc00000| Untracked |  0
| 107|0x000000071ce00000, 0x000000071d000000, 0x000000071d000000|100%| O|Cm|TAMS 0x000000071ce00000| PB 0x000000071ce00000| Complete |  0
| 108|0x000000071d000000, 0x000000071d200000, 0x000000071d200000|100%| O|  |TAMS 0x000000071d000000| PB 0x000000071d000000| Untracked |  0
| 109|0x000000071d200000, 0x000000071d400000, 0x000000071d400000|100%| O|  |TAMS 0x000000071d200000| PB 0x000000071d200000| Untracked |  0
| 110|0x000000071d400000, 0x000000071d600000, 0x000000071d600000|100%| O|  |TAMS 0x000000071d400000| PB 0x000000071d400000| Untracked |  0
| 111|0x000000071d600000, 0x000000071d800000, 0x000000071d800000|100%| O|  |TAMS 0x000000071d600000| PB 0x000000071d600000| Untracked |  0
| 112|0x000000071d800000, 0x000000071da00000, 0x000000071da00000|100%| O|  |TAMS 0x000000071d800000| PB 0x000000071d800000| Untracked |  0
| 113|0x000000071da00000, 0x000000071dc00000, 0x000000071dc00000|100%| O|  |TAMS 0x000000071da00000| PB 0x000000071da00000| Untracked |  0
| 114|0x000000071dc00000, 0x000000071de00000, 0x000000071de00000|100%| O|  |TAMS 0x000000071dc00000| PB 0x000000071dc00000| Untracked |  0
| 115|0x000000071de00000, 0x000000071e000000, 0x000000071e000000|100%| O|  |TAMS 0x000000071de00000| PB 0x000000071de00000| Untracked |  0
| 116|0x000000071e000000, 0x000000071e200000, 0x000000071e200000|100%| O|  |TAMS 0x000000071e000000| PB 0x000000071e000000| Untracked |  0
| 117|0x000000071e200000, 0x000000071e400000, 0x000000071e400000|100%| O|  |TAMS 0x000000071e200000| PB 0x000000071e200000| Untracked |  0
| 118|0x000000071e400000, 0x000000071e600000, 0x000000071e600000|100%| O|  |TAMS 0x000000071e400000| PB 0x000000071e400000| Untracked |  0
| 119|0x000000071e600000, 0x000000071e800000, 0x000000071e800000|100%| O|  |TAMS 0x000000071e600000| PB 0x000000071e600000| Untracked |  0
| 120|0x000000071e800000, 0x000000071ea00000, 0x000000071ea00000|100%| O|  |TAMS 0x000000071e800000| PB 0x000000071e800000| Untracked |  0
| 121|0x000000071ea00000, 0x000000071ec00000, 0x000000071ec00000|100%| O|  |TAMS 0x000000071ea00000| PB 0x000000071ea00000| Untracked |  0
| 122|0x000000071ec00000, 0x000000071ee00000, 0x000000071ee00000|100%| O|  |TAMS 0x000000071ec00000| PB 0x000000071ec00000| Untracked |  0
| 123|0x000000071ee00000, 0x000000071f000000, 0x000000071f000000|100%| O|  |TAMS 0x000000071ee00000| PB 0x000000071ee00000| Untracked |  0
| 124|0x000000071f000000, 0x000000071f200000, 0x000000071f200000|100%| O|  |TAMS 0x000000071f000000| PB 0x000000071f000000| Untracked |  0
| 125|0x000000071f200000, 0x000000071f400000, 0x000000071f400000|100%| O|  |TAMS 0x000000071f200000| PB 0x000000071f200000| Untracked |  0
| 126|0x000000071f400000, 0x000000071f600000, 0x000000071f600000|100%| O|Cm|TAMS 0x000000071f400000| PB 0x000000071f400000| Complete |  0
| 127|0x000000071f600000, 0x000000071f800000, 0x000000071f800000|100%| O|  |TAMS 0x000000071f600000| PB 0x000000071f600000| Untracked |  0
| 128|0x000000071f800000, 0x000000071fa00000, 0x000000071fa00000|100%| O|  |TAMS 0x000000071f800000| PB 0x000000071f800000| Untracked |  0
| 129|0x000000071fa00000, 0x000000071fc00000, 0x000000071fc00000|100%| O|  |TAMS 0x000000071fa00000| PB 0x000000071fa00000| Untracked |  0
| 130|0x000000071fc00000, 0x000000071fe00000, 0x000000071fe00000|100%| O|  |TAMS 0x000000071fc00000| PB 0x000000071fc00000| Untracked |  0
| 131|0x000000071fe00000, 0x0000000720000000, 0x0000000720000000|100%| O|  |TAMS 0x000000071fe00000| PB 0x000000071fe00000| Untracked |  0
| 132|0x0000000720000000, 0x0000000720200000, 0x0000000720200000|100%| O|Cm|TAMS 0x0000000720000000| PB 0x0000000720000000| Complete |  0
| 133|0x0000000720200000, 0x0000000720400000, 0x0000000720400000|100%| O|  |TAMS 0x0000000720200000| PB 0x0000000720200000| Untracked |  0
| 134|0x0000000720400000, 0x0000000720600000, 0x0000000720600000|100%| O|Cm|TAMS 0x0000000720400000| PB 0x0000000720400000| Complete |  0
| 135|0x0000000720600000, 0x0000000720800000, 0x0000000720800000|100%| O|Cm|TAMS 0x0000000720600000| PB 0x0000000720600000| Complete |  0
| 136|0x0000000720800000, 0x0000000720a00000, 0x0000000720a00000|100%| O|Cm|TAMS 0x0000000720800000| PB 0x0000000720800000| Complete |  0
| 137|0x0000000720a00000, 0x0000000720c00000, 0x0000000720c00000|100%| O|  |TAMS 0x0000000720a00000| PB 0x0000000720a00000| Untracked |  0
| 138|0x0000000720c00000, 0x0000000720e00000, 0x0000000720e00000|100%| O|Cm|TAMS 0x0000000720c00000| PB 0x0000000720c00000| Complete |  0
| 139|0x0000000720e00000, 0x0000000721000000, 0x0000000721000000|100%| O|  |TAMS 0x0000000720e00000| PB 0x0000000720e00000| Untracked |  0
| 140|0x0000000721000000, 0x0000000721200000, 0x0000000721200000|100%| O|  |TAMS 0x0000000721000000| PB 0x0000000721000000| Untracked |  0
| 141|0x0000000721200000, 0x0000000721400000, 0x0000000721400000|100%| O|  |TAMS 0x0000000721200000| PB 0x0000000721200000| Untracked |  0
| 142|0x0000000721400000, 0x0000000721600000, 0x0000000721600000|100%| O|  |TAMS 0x0000000721400000| PB 0x0000000721400000| Untracked |  0
| 143|0x0000000721600000, 0x0000000721800000, 0x0000000721800000|100%| O|  |TAMS 0x0000000721600000| PB 0x0000000721600000| Untracked |  0
| 144|0x0000000721800000, 0x0000000721a00000, 0x0000000721a00000|100%| O|  |TAMS 0x0000000721800000| PB 0x0000000721800000| Untracked |  0
| 145|0x0000000721a00000, 0x0000000721c00000, 0x0000000721c00000|100%| O|  |TAMS 0x0000000721a00000| PB 0x0000000721a00000| Untracked |  0
| 146|0x0000000721c00000, 0x0000000721e00000, 0x0000000721e00000|100%| O|  |TAMS 0x0000000721c00000| PB 0x0000000721c00000| Untracked |  0
| 147|0x0000000721e00000, 0x0000000722000000, 0x0000000722000000|100%| O|  |TAMS 0x0000000721e00000| PB 0x0000000721e00000| Untracked |  0
| 148|0x0000000722000000, 0x0000000722200000, 0x0000000722200000|100%| O|  |TAMS 0x0000000722000000| PB 0x0000000722000000| Untracked |  0
| 149|0x0000000722200000, 0x0000000722400000, 0x0000000722400000|100%| O|  |TAMS 0x0000000722200000| PB 0x0000000722200000| Untracked |  0
| 150|0x0000000722400000, 0x0000000722600000, 0x0000000722600000|100%| O|Cm|TAMS 0x0000000722400000| PB 0x0000000722400000| Complete |  0
| 151|0x0000000722600000, 0x0000000722800000, 0x0000000722800000|100%| O|Cm|TAMS 0x0000000722600000| PB 0x0000000722600000| Complete |  0
| 152|0x0000000722800000, 0x0000000722a00000, 0x0000000722a00000|100%| O|  |TAMS 0x0000000722800000| PB 0x0000000722800000| Untracked |  0
| 153|0x0000000722a00000, 0x0000000722c00000, 0x0000000722c00000|100%| O|  |TAMS 0x0000000722a00000| PB 0x0000000722a00000| Untracked |  0
| 154|0x0000000722c00000, 0x0000000722e00000, 0x0000000722e00000|100%| O|  |TAMS 0x0000000722c00000| PB 0x0000000722c00000| Untracked |  0
| 155|0x0000000722e00000, 0x0000000723000000, 0x0000000723000000|100%| O|  |TAMS 0x0000000722e00000| PB 0x0000000722e00000| Untracked |  0
| 156|0x0000000723000000, 0x0000000723200000, 0x0000000723200000|100%| O|Cm|TAMS 0x0000000723000000| PB 0x0000000723000000| Complete |  0
| 157|0x0000000723200000, 0x0000000723400000, 0x0000000723400000|100%| O|Cm|TAMS 0x0000000723200000| PB 0x0000000723200000| Complete |  0
| 158|0x0000000723400000, 0x0000000723600000, 0x0000000723600000|100%| O|Cm|TAMS 0x0000000723400000| PB 0x0000000723400000| Complete |  0
| 159|0x0000000723600000, 0x0000000723800000, 0x0000000723800000|100%| O|  |TAMS 0x0000000723600000| PB 0x0000000723600000| Untracked |  0
| 160|0x0000000723800000, 0x0000000723a00000, 0x0000000723a00000|100%| O|  |TAMS 0x0000000723800000| PB 0x0000000723800000| Untracked |  0
| 161|0x0000000723a00000, 0x0000000723c00000, 0x0000000723c00000|100%| O|  |TAMS 0x0000000723a00000| PB 0x0000000723a00000| Untracked |  0
| 162|0x0000000723c00000, 0x0000000723e00000, 0x0000000723e00000|100%| O|  |TAMS 0x0000000723c00000| PB 0x0000000723c00000| Untracked |  0
| 163|0x0000000723e00000, 0x0000000724000000, 0x0000000724000000|100%| O|  |TAMS 0x0000000723e00000| PB 0x0000000723e00000| Untracked |  0
| 164|0x0000000724000000, 0x0000000724200000, 0x0000000724200000|100%| O|Cm|TAMS 0x0000000724000000| PB 0x0000000724000000| Complete |  0
| 165|0x0000000724200000, 0x0000000724400000, 0x0000000724400000|100%| O|Cm|TAMS 0x0000000724200000| PB 0x0000000724200000| Complete |  0
| 166|0x0000000724400000, 0x0000000724600000, 0x0000000724600000|100%| O|  |TAMS 0x0000000724400000| PB 0x0000000724400000| Untracked |  0
| 167|0x0000000724600000, 0x0000000724800000, 0x0000000724800000|100%| O|  |TAMS 0x0000000724600000| PB 0x0000000724600000| Untracked |  0
| 168|0x0000000724800000, 0x0000000724a00000, 0x0000000724a00000|100%| O|  |TAMS 0x0000000724800000| PB 0x0000000724800000| Untracked |  0
| 169|0x0000000724a00000, 0x0000000724c00000, 0x0000000724c00000|100%| O|  |TAMS 0x0000000724a00000| PB 0x0000000724a00000| Untracked |  0
| 170|0x0000000724c00000, 0x0000000724e00000, 0x0000000724e00000|100%| O|  |TAMS 0x0000000724c00000| PB 0x0000000724c00000| Untracked |  0
| 171|0x0000000724e00000, 0x0000000725000000, 0x0000000725000000|100%| O|  |TAMS 0x0000000724e00000| PB 0x0000000724e00000| Untracked |  0
| 172|0x0000000725000000, 0x0000000725200000, 0x0000000725200000|100%| O|Cm|TAMS 0x0000000725000000| PB 0x0000000725000000| Complete |  0
| 173|0x0000000725200000, 0x0000000725400000, 0x0000000725400000|100%| O|  |TAMS 0x0000000725200000| PB 0x0000000725200000| Untracked |  0
| 174|0x0000000725400000, 0x0000000725600000, 0x0000000725600000|100%| O|Cm|TAMS 0x0000000725400000| PB 0x0000000725400000| Complete |  0
| 175|0x0000000725600000, 0x0000000725800000, 0x0000000725800000|100%| O|  |TAMS 0x0000000725600000| PB 0x0000000725600000| Untracked |  0
| 176|0x0000000725800000, 0x0000000725a00000, 0x0000000725a00000|100%| O|  |TAMS 0x0000000725800000| PB 0x0000000725800000| Untracked |  0
| 177|0x0000000725a00000, 0x0000000725c00000, 0x0000000725c00000|100%| O|  |TAMS 0x0000000725a00000| PB 0x0000000725a00000| Untracked |  0
| 178|0x0000000725c00000, 0x0000000725e00000, 0x0000000725e00000|100%| O|  |TAMS 0x0000000725c00000| PB 0x0000000725c00000| Untracked |  0
| 179|0x0000000725e00000, 0x0000000726000000, 0x0000000726000000|100%| O|  |TAMS 0x0000000725e00000| PB 0x0000000725e00000| Untracked |  0
| 180|0x0000000726000000, 0x0000000726200000, 0x0000000726200000|100%| O|  |TAMS 0x0000000726000000| PB 0x0000000726000000| Untracked |  0
| 181|0x0000000726200000, 0x0000000726400000, 0x0000000726400000|100%| O|Cm|TAMS 0x0000000726200000| PB 0x0000000726200000| Complete |  0
| 182|0x0000000726400000, 0x0000000726600000, 0x0000000726600000|100%| O|Cm|TAMS 0x0000000726400000| PB 0x0000000726400000| Complete |  0
| 183|0x0000000726600000, 0x0000000726800000, 0x0000000726800000|100%| O|  |TAMS 0x0000000726600000| PB 0x0000000726600000| Untracked |  0
| 184|0x0000000726800000, 0x0000000726a00000, 0x0000000726a00000|100%| O|Cm|TAMS 0x0000000726800000| PB 0x0000000726800000| Complete |  0
| 185|0x0000000726a00000, 0x0000000726c00000, 0x0000000726c00000|100%| O|Cm|TAMS 0x0000000726a00000| PB 0x0000000726a00000| Complete |  0
| 186|0x0000000726c00000, 0x0000000726e00000, 0x0000000726e00000|100%| O|  |TAMS 0x0000000726c00000| PB 0x0000000726c00000| Untracked |  0
| 187|0x0000000726e00000, 0x0000000727000000, 0x0000000727000000|100%| O|  |TAMS 0x0000000726e00000| PB 0x0000000726e00000| Untracked |  0
| 188|0x0000000727000000, 0x0000000727200000, 0x0000000727200000|100%| O|  |TAMS 0x0000000727000000| PB 0x0000000727000000| Untracked |  0
| 189|0x0000000727200000, 0x0000000727400000, 0x0000000727400000|100%| O|  |TAMS 0x0000000727200000| PB 0x0000000727200000| Untracked |  0
| 190|0x0000000727400000, 0x0000000727600000, 0x0000000727600000|100%| O|Cm|TAMS 0x0000000727400000| PB 0x0000000727400000| Complete |  0
| 191|0x0000000727600000, 0x0000000727800000, 0x0000000727800000|100%| O|  |TAMS 0x0000000727600000| PB 0x0000000727600000| Untracked |  0
| 192|0x0000000727800000, 0x0000000727a00000, 0x0000000727a00000|100%| O|  |TAMS 0x0000000727800000| PB 0x0000000727800000| Untracked |  0
| 193|0x0000000727a00000, 0x0000000727c00000, 0x0000000727c00000|100%| O|Cm|TAMS 0x0000000727a00000| PB 0x0000000727a00000| Complete |  0
| 194|0x0000000727c00000, 0x0000000727e00000, 0x0000000727e00000|100%| O|  |TAMS 0x0000000727c00000| PB 0x0000000727c00000| Untracked |  0
| 195|0x0000000727e00000, 0x0000000728000000, 0x0000000728000000|100%| O|  |TAMS 0x0000000727e00000| PB 0x0000000727e00000| Untracked |  0
| 196|0x0000000728000000, 0x0000000728200000, 0x0000000728200000|100%| O|  |TAMS 0x0000000728000000| PB 0x0000000728000000| Untracked |  0
| 197|0x0000000728200000, 0x0000000728400000, 0x0000000728400000|100%| O|  |TAMS 0x0000000728200000| PB 0x0000000728200000| Untracked |  0
| 198|0x0000000728400000, 0x0000000728600000, 0x0000000728600000|100%| O|  |TAMS 0x0000000728400000| PB 0x0000000728400000| Untracked |  0
| 199|0x0000000728600000, 0x0000000728800000, 0x0000000728800000|100%| O|  |TAMS 0x0000000728600000| PB 0x0000000728600000| Untracked |  0
| 200|0x0000000728800000, 0x0000000728a00000, 0x0000000728a00000|100%| O|  |TAMS 0x0000000728800000| PB 0x0000000728800000| Untracked |  0
| 201|0x0000000728a00000, 0x0000000728c00000, 0x0000000728c00000|100%| O|  |TAMS 0x0000000728a00000| PB 0x0000000728a00000| Untracked |  0
| 202|0x0000000728c00000, 0x0000000728e00000, 0x0000000728e00000|100%| O|  |TAMS 0x0000000728c00000| PB 0x0000000728c00000| Untracked |  0
| 203|0x0000000728e00000, 0x0000000729000000, 0x0000000729000000|100%| O|Cm|TAMS 0x0000000728e00000| PB 0x0000000728e00000| Complete |  0
| 204|0x0000000729000000, 0x0000000729200000, 0x0000000729200000|100%| O|Cm|TAMS 0x0000000729000000| PB 0x0000000729000000| Complete |  0
| 205|0x0000000729200000, 0x0000000729400000, 0x0000000729400000|100%| O|  |TAMS 0x0000000729200000| PB 0x0000000729200000| Untracked |  0
| 206|0x0000000729400000, 0x0000000729600000, 0x0000000729600000|100%| O|  |TAMS 0x0000000729400000| PB 0x0000000729400000| Untracked |  0
| 207|0x0000000729600000, 0x0000000729800000, 0x0000000729800000|100%| O|  |TAMS 0x0000000729600000| PB 0x0000000729600000| Untracked |  0
| 208|0x0000000729800000, 0x0000000729a00000, 0x0000000729a00000|100%| O|  |TAMS 0x0000000729800000| PB 0x0000000729800000| Untracked |  0
| 209|0x0000000729a00000, 0x0000000729c00000, 0x0000000729c00000|100%| O|Cm|TAMS 0x0000000729a00000| PB 0x0000000729a00000| Complete |  0
| 210|0x0000000729c00000, 0x0000000729e00000, 0x0000000729e00000|100%| O|Cm|TAMS 0x0000000729c00000| PB 0x0000000729c00000| Complete |  0
| 211|0x0000000729e00000, 0x000000072a000000, 0x000000072a000000|100%| O|  |TAMS 0x0000000729e00000| PB 0x0000000729e00000| Untracked |  0
| 212|0x000000072a000000, 0x000000072a200000, 0x000000072a200000|100%| O|  |TAMS 0x000000072a000000| PB 0x000000072a000000| Untracked |  0
| 213|0x000000072a200000, 0x000000072a400000, 0x000000072a400000|100%| O|  |TAMS 0x000000072a200000| PB 0x000000072a200000| Untracked |  0
| 214|0x000000072a400000, 0x000000072a600000, 0x000000072a600000|100%| O|  |TAMS 0x000000072a400000| PB 0x000000072a400000| Untracked |  0
| 215|0x000000072a600000, 0x000000072a800000, 0x000000072a800000|100%| O|  |TAMS 0x000000072a600000| PB 0x000000072a600000| Untracked |  0
| 216|0x000000072a800000, 0x000000072aa00000, 0x000000072aa00000|100%| O|  |TAMS 0x000000072a800000| PB 0x000000072a800000| Untracked |  0
| 217|0x000000072aa00000, 0x000000072ac00000, 0x000000072ac00000|100%| O|  |TAMS 0x000000072aa00000| PB 0x000000072aa00000| Untracked |  0
| 218|0x000000072ac00000, 0x000000072ae00000, 0x000000072ae00000|100%| O|Cm|TAMS 0x000000072ac00000| PB 0x000000072ac00000| Complete |  0
| 219|0x000000072ae00000, 0x000000072b000000, 0x000000072b000000|100%| O|  |TAMS 0x000000072ae00000| PB 0x000000072ae00000| Untracked |  0
| 220|0x000000072b000000, 0x000000072b200000, 0x000000072b200000|100%| O|  |TAMS 0x000000072b000000| PB 0x000000072b000000| Untracked |  0
| 221|0x000000072b200000, 0x000000072b400000, 0x000000072b400000|100%| O|Cm|TAMS 0x000000072b200000| PB 0x000000072b200000| Complete |  0
| 222|0x000000072b400000, 0x000000072b600000, 0x000000072b600000|100%|HS|  |TAMS 0x000000072b400000| PB 0x000000072b400000| Complete |  0
| 223|0x000000072b600000, 0x000000072b800000, 0x000000072b800000|100%| O|  |TAMS 0x000000072b600000| PB 0x000000072b600000| Untracked |  0
| 224|0x000000072b800000, 0x000000072ba00000, 0x000000072ba00000|100%| O|  |TAMS 0x000000072b800000| PB 0x000000072b800000| Untracked |  0
| 225|0x000000072ba00000, 0x000000072bc00000, 0x000000072bc00000|100%| O|  |TAMS 0x000000072ba00000| PB 0x000000072ba00000| Untracked |  0
| 226|0x000000072bc00000, 0x000000072be00000, 0x000000072be00000|100%| O|Cm|TAMS 0x000000072bc00000| PB 0x000000072bc00000| Complete |  0
| 227|0x000000072be00000, 0x000000072c000000, 0x000000072c000000|100%| O|Cm|TAMS 0x000000072be00000| PB 0x000000072be00000| Complete |  0
| 228|0x000000072c000000, 0x000000072c200000, 0x000000072c200000|100%| O|  |TAMS 0x000000072c000000| PB 0x000000072c000000| Untracked |  0
| 229|0x000000072c200000, 0x000000072c400000, 0x000000072c400000|100%| O|Cm|TAMS 0x000000072c200000| PB 0x000000072c200000| Complete |  0
| 230|0x000000072c400000, 0x000000072c600000, 0x000000072c600000|100%| O|Cm|TAMS 0x000000072c400000| PB 0x000000072c400000| Complete |  0
| 231|0x000000072c600000, 0x000000072c800000, 0x000000072c800000|100%| O|  |TAMS 0x000000072c600000| PB 0x000000072c600000| Untracked |  0
| 232|0x000000072c800000, 0x000000072ca00000, 0x000000072ca00000|100%| O|  |TAMS 0x000000072c800000| PB 0x000000072c800000| Untracked |  0
| 233|0x000000072ca00000, 0x000000072cc00000, 0x000000072cc00000|100%| O|  |TAMS 0x000000072ca00000| PB 0x000000072ca00000| Untracked |  0
| 234|0x000000072cc00000, 0x000000072ce00000, 0x000000072ce00000|100%| O|  |TAMS 0x000000072cc00000| PB 0x000000072cc00000| Untracked |  0
| 235|0x000000072ce00000, 0x000000072d000000, 0x000000072d000000|100%| O|Cm|TAMS 0x000000072ce00000| PB 0x000000072ce00000| Complete |  0
| 236|0x000000072d000000, 0x000000072d200000, 0x000000072d200000|100%| O|  |TAMS 0x000000072d000000| PB 0x000000072d000000| Untracked |  0
| 237|0x000000072d200000, 0x000000072d400000, 0x000000072d400000|100%| O|  |TAMS 0x000000072d200000| PB 0x000000072d200000| Untracked |  0
| 238|0x000000072d400000, 0x000000072d600000, 0x000000072d600000|100%| O|  |TAMS 0x000000072d400000| PB 0x000000072d400000| Untracked |  0
| 239|0x000000072d600000, 0x000000072d800000, 0x000000072d800000|100%| O|  |TAMS 0x000000072d600000| PB 0x000000072d600000| Untracked |  0
| 240|0x000000072d800000, 0x000000072da00000, 0x000000072da00000|100%| O|  |TAMS 0x000000072d800000| PB 0x000000072d800000| Untracked |  0
| 241|0x000000072da00000, 0x000000072dc00000, 0x000000072dc00000|100%| O|  |TAMS 0x000000072da00000| PB 0x000000072da00000| Untracked |  0
| 242|0x000000072dc00000, 0x000000072de00000, 0x000000072de00000|100%| O|  |TAMS 0x000000072dc00000| PB 0x000000072dc00000| Untracked |  0
| 243|0x000000072de00000, 0x000000072e000000, 0x000000072e000000|100%| O|Cm|TAMS 0x000000072de00000| PB 0x000000072de00000| Complete |  0
| 244|0x000000072e000000, 0x000000072e200000, 0x000000072e200000|100%| O|Cm|TAMS 0x000000072e000000| PB 0x000000072e000000| Complete |  0
| 245|0x000000072e200000, 0x000000072e400000, 0x000000072e400000|100%| O|  |TAMS 0x000000072e200000| PB 0x000000072e200000| Untracked |  0
| 246|0x000000072e400000, 0x000000072e600000, 0x000000072e600000|100%| O|Cm|TAMS 0x000000072e400000| PB 0x000000072e400000| Complete |  0
| 247|0x000000072e600000, 0x000000072e800000, 0x000000072e800000|100%| O|  |TAMS 0x000000072e600000| PB 0x000000072e600000| Untracked |  0
| 248|0x000000072e800000, 0x000000072ea00000, 0x000000072ea00000|100%| O|  |TAMS 0x000000072e800000| PB 0x000000072e800000| Untracked |  0
| 249|0x000000072ea00000, 0x000000072ec00000, 0x000000072ec00000|100%| O|  |TAMS 0x000000072ea00000| PB 0x000000072ea00000| Untracked |  0
| 250|0x000000072ec00000, 0x000000072ee00000, 0x000000072ee00000|100%| O|  |TAMS 0x000000072ec00000| PB 0x000000072ec00000| Untracked |  0
| 251|0x000000072ee00000, 0x000000072f000000, 0x000000072f000000|100%| O|  |TAMS 0x000000072ee00000| PB 0x000000072ee00000| Untracked |  0
| 252|0x000000072f000000, 0x000000072f200000, 0x000000072f200000|100%| O|  |TAMS 0x000000072f000000| PB 0x000000072f000000| Untracked |  0
| 253|0x000000072f200000, 0x000000072f400000, 0x000000072f400000|100%| O|  |TAMS 0x000000072f200000| PB 0x000000072f200000| Untracked |  0
| 254|0x000000072f400000, 0x000000072f600000, 0x000000072f600000|100%| O|  |TAMS 0x000000072f400000| PB 0x000000072f400000| Untracked |  0
| 255|0x000000072f600000, 0x000000072f800000, 0x000000072f800000|100%| O|  |TAMS 0x000000072f600000| PB 0x000000072f600000| Untracked |  0
| 256|0x000000072f800000, 0x000000072fa00000, 0x000000072fa00000|100%| O|  |TAMS 0x000000072f800000| PB 0x000000072f800000| Untracked |  0
| 257|0x000000072fa00000, 0x000000072fc00000, 0x000000072fc00000|100%| O|  |TAMS 0x000000072fa00000| PB 0x000000072fa00000| Untracked |  0
| 258|0x000000072fc00000, 0x000000072fe00000, 0x000000072fe00000|100%| O|  |TAMS 0x000000072fc00000| PB 0x000000072fc00000| Untracked |  0
| 259|0x000000072fe00000, 0x0000000730000000, 0x0000000730000000|100%| O|  |TAMS 0x000000072fe00000| PB 0x000000072fe00000| Untracked |  0
| 260|0x0000000730000000, 0x0000000730200000, 0x0000000730200000|100%| O|  |TAMS 0x0000000730000000| PB 0x0000000730000000| Untracked |  0
| 261|0x0000000730200000, 0x0000000730400000, 0x0000000730400000|100%| O|Cm|TAMS 0x0000000730200000| PB 0x0000000730200000| Complete |  0
| 262|0x0000000730400000, 0x0000000730600000, 0x0000000730600000|100%| O|Cm|TAMS 0x0000000730400000| PB 0x0000000730400000| Complete |  0
| 263|0x0000000730600000, 0x0000000730800000, 0x0000000730800000|100%| O|  |TAMS 0x0000000730600000| PB 0x0000000730600000| Untracked |  0
| 264|0x0000000730800000, 0x0000000730a00000, 0x0000000730a00000|100%| O|  |TAMS 0x0000000730800000| PB 0x0000000730800000| Untracked |  0
| 265|0x0000000730a00000, 0x0000000730c00000, 0x0000000730c00000|100%| O|Cm|TAMS 0x0000000730a00000| PB 0x0000000730a00000| Complete |  0
| 266|0x0000000730c00000, 0x0000000730e00000, 0x0000000730e00000|100%| O|  |TAMS 0x0000000730c00000| PB 0x0000000730c00000| Untracked |  0
| 267|0x0000000730e00000, 0x0000000731000000, 0x0000000731000000|100%| O|  |TAMS 0x0000000730e00000| PB 0x0000000730e00000| Untracked |  0
| 268|0x0000000731000000, 0x0000000731200000, 0x0000000731200000|100%| O|Cm|TAMS 0x0000000731000000| PB 0x0000000731000000| Complete |  0
| 269|0x0000000731200000, 0x0000000731400000, 0x0000000731400000|100%| O|Cm|TAMS 0x0000000731200000| PB 0x0000000731200000| Complete |  0
| 270|0x0000000731400000, 0x0000000731600000, 0x0000000731600000|100%| O|  |TAMS 0x0000000731400000| PB 0x0000000731400000| Untracked |  0
| 271|0x0000000731600000, 0x0000000731800000, 0x0000000731800000|100%| O|  |TAMS 0x0000000731600000| PB 0x0000000731600000| Untracked |  0
| 272|0x0000000731800000, 0x0000000731a00000, 0x0000000731a00000|100%| O|  |TAMS 0x0000000731800000| PB 0x0000000731800000| Untracked |  0
| 273|0x0000000731a00000, 0x0000000731c00000, 0x0000000731c00000|100%| O|  |TAMS 0x0000000731a00000| PB 0x0000000731a00000| Untracked |  0
| 274|0x0000000731c00000, 0x0000000731e00000, 0x0000000731e00000|100%| O|Cm|TAMS 0x0000000731c00000| PB 0x0000000731c00000| Complete |  0
| 275|0x0000000731e00000, 0x0000000732000000, 0x0000000732000000|100%| O|  |TAMS 0x0000000731e00000| PB 0x0000000731e00000| Untracked |  0
| 276|0x0000000732000000, 0x0000000732200000, 0x0000000732200000|100%| O|  |TAMS 0x0000000732000000| PB 0x0000000732000000| Untracked |  0
| 277|0x0000000732200000, 0x0000000732400000, 0x0000000732400000|100%| O|Cm|TAMS 0x0000000732200000| PB 0x0000000732200000| Complete |  0
| 278|0x0000000732400000, 0x0000000732600000, 0x0000000732600000|100%| O|  |TAMS 0x0000000732400000| PB 0x0000000732400000| Untracked |  0
| 279|0x0000000732600000, 0x0000000732800000, 0x0000000732800000|100%| O|  |TAMS 0x0000000732600000| PB 0x0000000732600000| Untracked |  0
| 280|0x0000000732800000, 0x0000000732a00000, 0x0000000732a00000|100%| O|  |TAMS 0x0000000732800000| PB 0x0000000732800000| Untracked |  0
| 281|0x0000000732a00000, 0x0000000732c00000, 0x0000000732c00000|100%| O|Cm|TAMS 0x0000000732a00000| PB 0x0000000732a00000| Complete |  0
| 282|0x0000000732c00000, 0x0000000732e00000, 0x0000000732e00000|100%| O|  |TAMS 0x0000000732c00000| PB 0x0000000732c00000| Untracked |  0
| 283|0x0000000732e00000, 0x0000000733000000, 0x0000000733000000|100%| O|Cm|TAMS 0x0000000732e00000| PB 0x0000000732e00000| Complete |  0
| 284|0x0000000733000000, 0x0000000733200000, 0x0000000733200000|100%| O|  |TAMS 0x0000000733000000| PB 0x0000000733000000| Untracked |  0
| 285|0x0000000733200000, 0x0000000733400000, 0x0000000733400000|100%| O|Cm|TAMS 0x0000000733200000| PB 0x0000000733200000| Complete |  0
| 286|0x0000000733400000, 0x0000000733600000, 0x0000000733600000|100%| O|  |TAMS 0x0000000733400000| PB 0x0000000733400000| Untracked |  0
| 287|0x0000000733600000, 0x0000000733800000, 0x0000000733800000|100%| O|Cm|TAMS 0x0000000733600000| PB 0x0000000733600000| Complete |  0
| 288|0x0000000733800000, 0x0000000733a00000, 0x0000000733a00000|100%| O|Cm|TAMS 0x0000000733800000| PB 0x0000000733800000| Complete |  0
| 289|0x0000000733a00000, 0x0000000733c00000, 0x0000000733c00000|100%| O|  |TAMS 0x0000000733a00000| PB 0x0000000733a00000| Untracked |  0
| 290|0x0000000733c00000, 0x0000000733e00000, 0x0000000733e00000|100%| O|  |TAMS 0x0000000733c00000| PB 0x0000000733c00000| Untracked |  0
| 291|0x0000000733e00000, 0x0000000734000000, 0x0000000734000000|100%| O|Cm|TAMS 0x0000000733e00000| PB 0x0000000733e00000| Complete |  0
| 292|0x0000000734000000, 0x0000000734200000, 0x0000000734200000|100%| O|  |TAMS 0x0000000734000000| PB 0x0000000734000000| Untracked |  0
| 293|0x0000000734200000, 0x0000000734400000, 0x0000000734400000|100%| O|Cm|TAMS 0x0000000734200000| PB 0x0000000734200000| Complete |  0
| 294|0x0000000734400000, 0x0000000734600000, 0x0000000734600000|100%| O|  |TAMS 0x0000000734400000| PB 0x0000000734400000| Untracked |  0
| 295|0x0000000734600000, 0x0000000734800000, 0x0000000734800000|100%| O|Cm|TAMS 0x0000000734600000| PB 0x0000000734600000| Complete |  0
| 296|0x0000000734800000, 0x0000000734a00000, 0x0000000734a00000|100%| O|  |TAMS 0x0000000734800000| PB 0x0000000734800000| Untracked |  0
| 297|0x0000000734a00000, 0x0000000734c00000, 0x0000000734c00000|100%| O|Cm|TAMS 0x0000000734a00000| PB 0x0000000734a00000| Complete |  0
| 298|0x0000000734c00000, 0x0000000734e00000, 0x0000000734e00000|100%| O|  |TAMS 0x0000000734c00000| PB 0x0000000734c00000| Untracked |  0
| 299|0x0000000734e00000, 0x0000000735000000, 0x0000000735000000|100%| O|Cm|TAMS 0x0000000734e00000| PB 0x0000000734e00000| Complete |  0
| 300|0x0000000735000000, 0x0000000735200000, 0x0000000735200000|100%| O|  |TAMS 0x0000000735000000| PB 0x0000000735000000| Untracked |  0
| 301|0x0000000735200000, 0x0000000735400000, 0x0000000735400000|100%| O|  |TAMS 0x0000000735200000| PB 0x0000000735200000| Untracked |  0
| 302|0x0000000735400000, 0x0000000735600000, 0x0000000735600000|100%| O|  |TAMS 0x0000000735400000| PB 0x0000000735400000| Untracked |  0
| 303|0x0000000735600000, 0x0000000735800000, 0x0000000735800000|100%| O|  |TAMS 0x0000000735600000| PB 0x0000000735600000| Untracked |  0
| 304|0x0000000735800000, 0x0000000735a00000, 0x0000000735a00000|100%| O|  |TAMS 0x0000000735800000| PB 0x0000000735800000| Untracked |  0
| 305|0x0000000735a00000, 0x0000000735c00000, 0x0000000735c00000|100%| O|  |TAMS 0x0000000735a00000| PB 0x0000000735a00000| Untracked |  0
| 306|0x0000000735c00000, 0x0000000735e00000, 0x0000000735e00000|100%| O|  |TAMS 0x0000000735c00000| PB 0x0000000735c00000| Untracked |  0
| 307|0x0000000735e00000, 0x0000000736000000, 0x0000000736000000|100%| O|Cm|TAMS 0x0000000735e00000| PB 0x0000000735e00000| Complete |  0
| 308|0x0000000736000000, 0x0000000736200000, 0x0000000736200000|100%| O|  |TAMS 0x0000000736000000| PB 0x0000000736000000| Untracked |  0
| 309|0x0000000736200000, 0x0000000736400000, 0x0000000736400000|100%| O|  |TAMS 0x0000000736200000| PB 0x0000000736200000| Untracked |  0
| 310|0x0000000736400000, 0x0000000736600000, 0x0000000736600000|100%| O|  |TAMS 0x0000000736400000| PB 0x0000000736400000| Untracked |  0
| 311|0x0000000736600000, 0x0000000736800000, 0x0000000736800000|100%| O|  |TAMS 0x0000000736600000| PB 0x0000000736600000| Untracked |  0
| 312|0x0000000736800000, 0x0000000736a00000, 0x0000000736a00000|100%| O|  |TAMS 0x0000000736800000| PB 0x0000000736800000| Untracked |  0
| 313|0x0000000736a00000, 0x0000000736c00000, 0x0000000736c00000|100%| O|  |TAMS 0x0000000736a00000| PB 0x0000000736a00000| Untracked |  0
| 314|0x0000000736c00000, 0x0000000736e00000, 0x0000000736e00000|100%| O|  |TAMS 0x0000000736c00000| PB 0x0000000736c00000| Untracked |  0
| 315|0x0000000736e00000, 0x0000000737000000, 0x0000000737000000|100%| O|  |TAMS 0x0000000736e00000| PB 0x0000000736e00000| Untracked |  0
| 316|0x0000000737000000, 0x0000000737200000, 0x0000000737200000|100%| O|  |TAMS 0x0000000737000000| PB 0x0000000737000000| Untracked |  0
| 317|0x0000000737200000, 0x0000000737400000, 0x0000000737400000|100%| O|  |TAMS 0x0000000737200000| PB 0x0000000737200000| Untracked |  0
| 318|0x0000000737400000, 0x0000000737600000, 0x0000000737600000|100%| O|Cm|TAMS 0x0000000737400000| PB 0x0000000737400000| Complete |  0
| 319|0x0000000737600000, 0x0000000737800000, 0x0000000737800000|100%| O|Cm|TAMS 0x0000000737600000| PB 0x0000000737600000| Complete |  0
| 320|0x0000000737800000, 0x0000000737a00000, 0x0000000737a00000|100%| O|  |TAMS 0x0000000737800000| PB 0x0000000737800000| Untracked |  0
| 321|0x0000000737a00000, 0x0000000737c00000, 0x0000000737c00000|100%| O|  |TAMS 0x0000000737a00000| PB 0x0000000737a00000| Untracked |  0
| 322|0x0000000737c00000, 0x0000000737e00000, 0x0000000737e00000|100%| O|  |TAMS 0x0000000737c00000| PB 0x0000000737c00000| Untracked |  0
| 323|0x0000000737e00000, 0x0000000738000000, 0x0000000738000000|100%| O|  |TAMS 0x0000000737e00000| PB 0x0000000737e00000| Untracked |  0
| 324|0x0000000738000000, 0x0000000738200000, 0x0000000738200000|100%| O|  |TAMS 0x0000000738000000| PB 0x0000000738000000| Untracked |  0
| 325|0x0000000738200000, 0x0000000738400000, 0x0000000738400000|100%| O|  |TAMS 0x0000000738200000| PB 0x0000000738200000| Untracked |  0
| 326|0x0000000738400000, 0x0000000738600000, 0x0000000738600000|100%| O|  |TAMS 0x0000000738400000| PB 0x0000000738400000| Untracked |  0
| 327|0x0000000738600000, 0x0000000738800000, 0x0000000738800000|100%| O|  |TAMS 0x0000000738600000| PB 0x0000000738600000| Untracked |  0
| 328|0x0000000738800000, 0x0000000738a00000, 0x0000000738a00000|100%| O|  |TAMS 0x0000000738800000| PB 0x0000000738800000| Untracked |  0
| 329|0x0000000738a00000, 0x0000000738c00000, 0x0000000738c00000|100%| O|  |TAMS 0x0000000738a00000| PB 0x0000000738a00000| Untracked |  0
| 330|0x0000000738c00000, 0x0000000738e00000, 0x0000000738e00000|100%| O|  |TAMS 0x0000000738c00000| PB 0x0000000738c00000| Untracked |  0
| 331|0x0000000738e00000, 0x0000000739000000, 0x0000000739000000|100%| O|  |TAMS 0x0000000738e00000| PB 0x0000000738e00000| Untracked |  0
| 332|0x0000000739000000, 0x0000000739200000, 0x0000000739200000|100%| O|  |TAMS 0x0000000739000000| PB 0x0000000739000000| Untracked |  0
| 333|0x0000000739200000, 0x0000000739400000, 0x0000000739400000|100%| O|Cm|TAMS 0x0000000739200000| PB 0x0000000739200000| Complete |  0
| 334|0x0000000739400000, 0x0000000739600000, 0x0000000739600000|100%| O|Cm|TAMS 0x0000000739400000| PB 0x0000000739400000| Complete |  0
| 335|0x0000000739600000, 0x0000000739800000, 0x0000000739800000|100%| O|  |TAMS 0x0000000739600000| PB 0x0000000739600000| Untracked |  0
| 336|0x0000000739800000, 0x0000000739a00000, 0x0000000739a00000|100%| O|  |TAMS 0x0000000739800000| PB 0x0000000739800000| Untracked |  0
| 337|0x0000000739a00000, 0x0000000739c00000, 0x0000000739c00000|100%| O|  |TAMS 0x0000000739a00000| PB 0x0000000739a00000| Untracked |  0
| 338|0x0000000739c00000, 0x0000000739e00000, 0x0000000739e00000|100%| O|  |TAMS 0x0000000739c00000| PB 0x0000000739c00000| Untracked |  0
| 339|0x0000000739e00000, 0x000000073a000000, 0x000000073a000000|100%| O|  |TAMS 0x0000000739e00000| PB 0x0000000739e00000| Untracked |  0
| 340|0x000000073a000000, 0x000000073a200000, 0x000000073a200000|100%| O|Cm|TAMS 0x000000073a000000| PB 0x000000073a000000| Complete |  0
| 341|0x000000073a200000, 0x000000073a400000, 0x000000073a400000|100%| O|Cm|TAMS 0x000000073a200000| PB 0x000000073a200000| Complete |  0
| 342|0x000000073a400000, 0x000000073a600000, 0x000000073a600000|100%| O|  |TAMS 0x000000073a400000| PB 0x000000073a400000| Untracked |  0
| 343|0x000000073a600000, 0x000000073a800000, 0x000000073a800000|100%| O|  |TAMS 0x000000073a600000| PB 0x000000073a600000| Untracked |  0
| 344|0x000000073a800000, 0x000000073aa00000, 0x000000073aa00000|100%| O|  |TAMS 0x000000073a800000| PB 0x000000073a800000| Untracked |  0
| 345|0x000000073aa00000, 0x000000073ac00000, 0x000000073ac00000|100%| O|  |TAMS 0x000000073aa00000| PB 0x000000073aa00000| Untracked |  0
| 346|0x000000073ac00000, 0x000000073ae00000, 0x000000073ae00000|100%| O|  |TAMS 0x000000073ac00000| PB 0x000000073ac00000| Untracked |  0
| 347|0x000000073ae00000, 0x000000073b000000, 0x000000073b000000|100%| O|  |TAMS 0x000000073ae00000| PB 0x000000073ae00000| Untracked |  0
| 348|0x000000073b000000, 0x000000073b200000, 0x000000073b200000|100%| O|  |TAMS 0x000000073b000000| PB 0x000000073b000000| Untracked |  0
| 349|0x000000073b200000, 0x000000073b400000, 0x000000073b400000|100%| O|Cm|TAMS 0x000000073b200000| PB 0x000000073b200000| Complete |  0
| 350|0x000000073b400000, 0x000000073b600000, 0x000000073b600000|100%| O|  |TAMS 0x000000073b400000| PB 0x000000073b400000| Untracked |  0
| 351|0x000000073b600000, 0x000000073b800000, 0x000000073b800000|100%| O|  |TAMS 0x000000073b600000| PB 0x000000073b600000| Untracked |  0
| 352|0x000000073b800000, 0x000000073ba00000, 0x000000073ba00000|100%| O|  |TAMS 0x000000073b800000| PB 0x000000073b800000| Untracked |  0
| 353|0x000000073ba00000, 0x000000073bc00000, 0x000000073bc00000|100%| O|  |TAMS 0x000000073ba00000| PB 0x000000073ba00000| Untracked |  0
| 354|0x000000073bc00000, 0x000000073be00000, 0x000000073be00000|100%| O|  |TAMS 0x000000073bc00000| PB 0x000000073bc00000| Untracked |  0
| 355|0x000000073be00000, 0x000000073c000000, 0x000000073c000000|100%| O|  |TAMS 0x000000073be00000| PB 0x000000073be00000| Untracked |  0
| 356|0x000000073c000000, 0x000000073c200000, 0x000000073c200000|100%| O|  |TAMS 0x000000073c000000| PB 0x000000073c000000| Untracked |  0
| 357|0x000000073c200000, 0x000000073c400000, 0x000000073c400000|100%| O|  |TAMS 0x000000073c200000| PB 0x000000073c200000| Untracked |  0
| 358|0x000000073c400000, 0x000000073c600000, 0x000000073c600000|100%| O|  |TAMS 0x000000073c400000| PB 0x000000073c400000| Untracked |  0
| 359|0x000000073c600000, 0x000000073c800000, 0x000000073c800000|100%| O|  |TAMS 0x000000073c600000| PB 0x000000073c600000| Untracked |  0
| 360|0x000000073c800000, 0x000000073ca00000, 0x000000073ca00000|100%| O|  |TAMS 0x000000073c800000| PB 0x000000073c800000| Untracked |  0
| 361|0x000000073ca00000, 0x000000073cc00000, 0x000000073cc00000|100%| O|  |TAMS 0x000000073ca00000| PB 0x000000073ca00000| Untracked |  0
| 362|0x000000073cc00000, 0x000000073ce00000, 0x000000073ce00000|100%| O|Cm|TAMS 0x000000073cc00000| PB 0x000000073cc00000| Complete |  0
| 363|0x000000073ce00000, 0x000000073d000000, 0x000000073d000000|100%| O|  |TAMS 0x000000073ce00000| PB 0x000000073ce00000| Untracked |  0
| 364|0x000000073d000000, 0x000000073d200000, 0x000000073d200000|100%| O|  |TAMS 0x000000073d000000| PB 0x000000073d000000| Untracked |  0
| 365|0x000000073d200000, 0x000000073d400000, 0x000000073d400000|100%| O|  |TAMS 0x000000073d200000| PB 0x000000073d200000| Untracked |  0
| 366|0x000000073d400000, 0x000000073d600000, 0x000000073d600000|100%| O|Cm|TAMS 0x000000073d400000| PB 0x000000073d400000| Complete |  0
| 367|0x000000073d600000, 0x000000073d800000, 0x000000073d800000|100%| O|Cm|TAMS 0x000000073d600000| PB 0x000000073d600000| Complete |  0
| 368|0x000000073d800000, 0x000000073d800000, 0x000000073da00000|  0%| F|  |TAMS 0x000000073d800000| PB 0x000000073d800000| Untracked |  0
| 369|0x000000073da00000, 0x000000073dc00000, 0x000000073dc00000|100%| O|Cm|TAMS 0x000000073da00000| PB 0x000000073da00000| Complete |  0
| 370|0x000000073dc00000, 0x000000073dc00000, 0x000000073de00000|  0%| F|  |TAMS 0x000000073dc00000| PB 0x000000073dc00000| Untracked |  0
| 371|0x000000073de00000, 0x000000073de00000, 0x000000073e000000|  0%| F|  |TAMS 0x000000073de00000| PB 0x000000073de00000| Untracked |  0
| 372|0x000000073e000000, 0x000000073e000000, 0x000000073e200000|  0%| F|  |TAMS 0x000000073e000000| PB 0x000000073e000000| Untracked |  0
| 373|0x000000073e200000, 0x000000073e400000, 0x000000073e400000|100%| O|Cm|TAMS 0x000000073e200000| PB 0x000000073e200000| Complete |  0
| 374|0x000000073e400000, 0x000000073e400000, 0x000000073e600000|  0%| F|  |TAMS 0x000000073e400000| PB 0x000000073e400000| Untracked |  0
| 375|0x000000073e600000, 0x000000073e600000, 0x000000073e800000|  0%| F|  |TAMS 0x000000073e600000| PB 0x000000073e600000| Untracked |  0
| 376|0x000000073e800000, 0x000000073ea00000, 0x000000073ea00000|100%| O|Cm|TAMS 0x000000073e800000| PB 0x000000073e800000| Complete |  0
| 377|0x000000073ea00000, 0x000000073ec00000, 0x000000073ec00000|100%| O|Cm|TAMS 0x000000073ea00000| PB 0x000000073ea00000| Complete |  0
| 378|0x000000073ec00000, 0x000000073ee00000, 0x000000073ee00000|100%| O|  |TAMS 0x000000073ec00000| PB 0x000000073ec00000| Untracked |  0
| 379|0x000000073ee00000, 0x000000073ee00000, 0x000000073f000000|  0%| F|  |TAMS 0x000000073ee00000| PB 0x000000073ee00000| Untracked |  0
| 380|0x000000073f000000, 0x000000073f000000, 0x000000073f200000|  0%| F|  |TAMS 0x000000073f000000| PB 0x000000073f000000| Untracked |  0
| 381|0x000000073f200000, 0x000000073f200000, 0x000000073f400000|  0%| F|  |TAMS 0x000000073f200000| PB 0x000000073f200000| Untracked |  0
| 382|0x000000073f400000, 0x000000073f400000, 0x000000073f600000|  0%| F|  |TAMS 0x000000073f400000| PB 0x000000073f400000| Untracked |  0
| 383|0x000000073f600000, 0x000000073f600000, 0x000000073f800000|  0%| F|  |TAMS 0x000000073f600000| PB 0x000000073f600000| Untracked |  0
| 384|0x000000073f800000, 0x000000073f800000, 0x000000073fa00000|  0%| F|  |TAMS 0x000000073f800000| PB 0x000000073f800000| Untracked |  0
| 385|0x000000073fa00000, 0x000000073fa00000, 0x000000073fc00000|  0%| F|  |TAMS 0x000000073fa00000| PB 0x000000073fa00000| Untracked |  0
| 386|0x000000073fc00000, 0x000000073fc00000, 0x000000073fe00000|  0%| F|  |TAMS 0x000000073fc00000| PB 0x000000073fc00000| Untracked |  0
| 387|0x000000073fe00000, 0x000000073fe00000, 0x0000000740000000|  0%| F|  |TAMS 0x000000073fe00000| PB 0x000000073fe00000| Untracked |  0
| 388|0x0000000740000000, 0x0000000740000000, 0x0000000740200000|  0%| F|  |TAMS 0x0000000740000000| PB 0x0000000740000000| Untracked |  0
| 389|0x0000000740200000, 0x0000000740200000, 0x0000000740400000|  0%| F|  |TAMS 0x0000000740200000| PB 0x0000000740200000| Untracked |  0
| 390|0x0000000740400000, 0x0000000740400000, 0x0000000740600000|  0%| F|  |TAMS 0x0000000740400000| PB 0x0000000740400000| Untracked |  0
| 391|0x0000000740600000, 0x0000000740800000, 0x0000000740800000|100%| O|  |TAMS 0x0000000740600000| PB 0x0000000740600000| Untracked |  0
| 392|0x0000000740800000, 0x0000000740800000, 0x0000000740a00000|  0%| F|  |TAMS 0x0000000740800000| PB 0x0000000740800000| Untracked |  0
| 393|0x0000000740a00000, 0x0000000740c00000, 0x0000000740c00000|100%| O|  |TAMS 0x0000000740a00000| PB 0x0000000740a00000| Untracked |  0
| 394|0x0000000740c00000, 0x0000000740e00000, 0x0000000740e00000|100%| O|  |TAMS 0x0000000740c00000| PB 0x0000000740c00000| Untracked |  0
| 395|0x0000000740e00000, 0x0000000741000000, 0x0000000741000000|100%| O|  |TAMS 0x0000000740e00000| PB 0x0000000740e00000| Untracked |  0
| 396|0x0000000741000000, 0x0000000741200000, 0x0000000741200000|100%| O|  |TAMS 0x0000000741000000| PB 0x0000000741000000| Untracked |  0
| 397|0x0000000741200000, 0x0000000741400000, 0x0000000741400000|100%| O|  |TAMS 0x0000000741200000| PB 0x0000000741200000| Untracked |  0
| 398|0x0000000741400000, 0x0000000741600000, 0x0000000741600000|100%| O|  |TAMS 0x0000000741400000| PB 0x0000000741400000| Untracked |  0
| 399|0x0000000741600000, 0x0000000741800000, 0x0000000741800000|100%| O|  |TAMS 0x0000000741600000| PB 0x0000000741600000| Untracked |  0
| 400|0x0000000741800000, 0x0000000741a00000, 0x0000000741a00000|100%| O|Cm|TAMS 0x0000000741800000| PB 0x0000000741800000| Complete |  0
| 401|0x0000000741a00000, 0x0000000741a00000, 0x0000000741c00000|  0%| F|  |TAMS 0x0000000741a00000| PB 0x0000000741a00000| Untracked |  0
| 402|0x0000000741c00000, 0x0000000741c00000, 0x0000000741e00000|  0%| F|  |TAMS 0x0000000741c00000| PB 0x0000000741c00000| Untracked |  0
| 403|0x0000000741e00000, 0x0000000742000000, 0x0000000742000000|100%| O|  |TAMS 0x0000000741e00000| PB 0x0000000741e00000| Untracked |  0
| 404|0x0000000742000000, 0x0000000742200000, 0x0000000742200000|100%| O|  |TAMS 0x0000000742000000| PB 0x0000000742000000| Untracked |  0
| 405|0x0000000742200000, 0x0000000742400000, 0x0000000742400000|100%| O|  |TAMS 0x0000000742200000| PB 0x0000000742200000| Untracked |  0
| 406|0x0000000742400000, 0x0000000742600000, 0x0000000742600000|100%| O|  |TAMS 0x0000000742400000| PB 0x0000000742400000| Untracked |  0
| 407|0x0000000742600000, 0x0000000742800000, 0x0000000742800000|100%| O|  |TAMS 0x0000000742600000| PB 0x0000000742600000| Untracked |  0
| 408|0x0000000742800000, 0x0000000742a00000, 0x0000000742a00000|100%| O|  |TAMS 0x0000000742800000| PB 0x0000000742800000| Untracked |  0
| 409|0x0000000742a00000, 0x0000000742c00000, 0x0000000742c00000|100%| O|  |TAMS 0x0000000742a00000| PB 0x0000000742a00000| Untracked |  0
| 410|0x0000000742c00000, 0x0000000742e00000, 0x0000000742e00000|100%| O|  |TAMS 0x0000000742c00000| PB 0x0000000742c00000| Untracked |  0
| 411|0x0000000742e00000, 0x0000000742e00000, 0x0000000743000000|  0%| F|  |TAMS 0x0000000742e00000| PB 0x0000000742e00000| Untracked |  0
| 412|0x0000000743000000, 0x0000000743200000, 0x0000000743200000|100%| O|  |TAMS 0x0000000743000000| PB 0x0000000743000000| Untracked |  0
| 413|0x0000000743200000, 0x0000000743400000, 0x0000000743400000|100%| O|  |TAMS 0x0000000743200000| PB 0x0000000743200000| Untracked |  0
| 414|0x0000000743400000, 0x0000000743600000, 0x0000000743600000|100%| O|  |TAMS 0x0000000743400000| PB 0x0000000743400000| Untracked |  0
| 415|0x0000000743600000, 0x0000000743600000, 0x0000000743800000|  0%| F|  |TAMS 0x0000000743600000| PB 0x0000000743600000| Untracked |  0
| 416|0x0000000743800000, 0x0000000743a00000, 0x0000000743a00000|100%| O|Cm|TAMS 0x0000000743800000| PB 0x0000000743800000| Complete |  0
| 417|0x0000000743a00000, 0x0000000743a00000, 0x0000000743c00000|  0%| F|  |TAMS 0x0000000743a00000| PB 0x0000000743a00000| Untracked |  0
| 418|0x0000000743c00000, 0x0000000743c00000, 0x0000000743e00000|  0%| F|  |TAMS 0x0000000743c00000| PB 0x0000000743c00000| Untracked |  0
| 419|0x0000000743e00000, 0x0000000744000000, 0x0000000744000000|100%| O|Cm|TAMS 0x0000000743e00000| PB 0x0000000743e00000| Complete |  0
| 420|0x0000000744000000, 0x0000000744000000, 0x0000000744200000|  0%| F|  |TAMS 0x0000000744000000| PB 0x0000000744000000| Untracked |  0
| 421|0x0000000744200000, 0x0000000744400000, 0x0000000744400000|100%| O|  |TAMS 0x0000000744200000| PB 0x0000000744200000| Untracked |  0
| 422|0x0000000744400000, 0x0000000744600000, 0x0000000744600000|100%| O|  |TAMS 0x0000000744400000| PB 0x0000000744400000| Untracked |  0
| 423|0x0000000744600000, 0x0000000744800000, 0x0000000744800000|100%| O|  |TAMS 0x0000000744600000| PB 0x0000000744600000| Untracked |  0
| 424|0x0000000744800000, 0x0000000744800000, 0x0000000744a00000|  0%| F|  |TAMS 0x0000000744800000| PB 0x0000000744800000| Untracked |  0
| 425|0x0000000744a00000, 0x0000000744a00000, 0x0000000744c00000|  0%| F|  |TAMS 0x0000000744a00000| PB 0x0000000744a00000| Untracked |  0
| 426|0x0000000744c00000, 0x0000000744e00000, 0x0000000744e00000|100%| O|Cm|TAMS 0x0000000744c00000| PB 0x0000000744c00000| Complete |  0
| 427|0x0000000744e00000, 0x0000000745000000, 0x0000000745000000|100%| O|  |TAMS 0x0000000744e00000| PB 0x0000000744e00000| Untracked |  0
| 428|0x0000000745000000, 0x0000000745200000, 0x0000000745200000|100%| O|  |TAMS 0x0000000745000000| PB 0x0000000745000000| Untracked |  0
| 429|0x0000000745200000, 0x00000007453ed740, 0x0000000745400000| 96%| S|CS|TAMS 0x0000000745200000| PB 0x0000000745200000| Complete |  0
| 430|0x0000000745400000, 0x0000000745600000, 0x0000000745600000|100%| O|  |TAMS 0x0000000745400000| PB 0x0000000745400000| Untracked |  0
| 431|0x0000000745600000, 0x0000000745800000, 0x0000000745800000|100%| O|  |TAMS 0x0000000745600000| PB 0x0000000745600000| Untracked |  0
| 432|0x0000000745800000, 0x0000000745a00000, 0x0000000745a00000|100%| O|  |TAMS 0x0000000745800000| PB 0x0000000745800000| Untracked |  0
| 433|0x0000000745a00000, 0x0000000745c00000, 0x0000000745c00000|100%| O|  |TAMS 0x0000000745a00000| PB 0x0000000745a00000| Untracked |  0
| 434|0x0000000745c00000, 0x0000000745e00000, 0x0000000745e00000|100%| O|  |TAMS 0x0000000745c00000| PB 0x0000000745c00000| Untracked |  0
| 435|0x0000000745e00000, 0x0000000746000000, 0x0000000746000000|100%| O|  |TAMS 0x0000000745e00000| PB 0x0000000745e00000| Untracked |  0
| 436|0x0000000746000000, 0x0000000746200000, 0x0000000746200000|100%| O|  |TAMS 0x0000000746000000| PB 0x0000000746000000| Untracked |  0
| 437|0x0000000746200000, 0x0000000746400000, 0x0000000746400000|100%| O|  |TAMS 0x0000000746200000| PB 0x0000000746200000| Untracked |  0
| 438|0x0000000746400000, 0x0000000746600000, 0x0000000746600000|100%| O|  |TAMS 0x0000000746400000| PB 0x0000000746400000| Untracked |  0
| 439|0x0000000746600000, 0x0000000746800000, 0x0000000746800000|100%| O|  |TAMS 0x0000000746600000| PB 0x0000000746600000| Untracked |  0
| 440|0x0000000746800000, 0x0000000746a00000, 0x0000000746a00000|100%| O|  |TAMS 0x0000000746800000| PB 0x0000000746800000| Untracked |  0
| 441|0x0000000746a00000, 0x0000000746c00000, 0x0000000746c00000|100%| O|  |TAMS 0x0000000746a00000| PB 0x0000000746a00000| Untracked |  0
| 442|0x0000000746c00000, 0x0000000746e00000, 0x0000000746e00000|100%| O|  |TAMS 0x0000000746c00000| PB 0x0000000746c00000| Untracked |  0
| 443|0x0000000746e00000, 0x0000000747000000, 0x0000000747000000|100%| O|  |TAMS 0x0000000746e00000| PB 0x0000000746e00000| Untracked |  0
| 444|0x0000000747000000, 0x0000000747200000, 0x0000000747200000|100%| O|  |TAMS 0x0000000747000000| PB 0x0000000747000000| Untracked |  0
| 445|0x0000000747200000, 0x0000000747400000, 0x0000000747400000|100%| O|  |TAMS 0x0000000747200000| PB 0x0000000747200000| Untracked |  0
| 446|0x0000000747400000, 0x0000000747600000, 0x0000000747600000|100%| O|  |TAMS 0x0000000747400000| PB 0x0000000747400000| Untracked |  0
| 447|0x0000000747600000, 0x0000000747800000, 0x0000000747800000|100%| O|Cm|TAMS 0x0000000747600000| PB 0x0000000747600000| Complete |  0
| 448|0x0000000747800000, 0x0000000747a00000, 0x0000000747a00000|100%| S|CS|TAMS 0x0000000747800000| PB 0x0000000747800000| Complete |  0
| 449|0x0000000747a00000, 0x0000000747c00000, 0x0000000747c00000|100%| O|  |TAMS 0x0000000747a00000| PB 0x0000000747a00000| Untracked |  0
| 450|0x0000000747c00000, 0x0000000747e00000, 0x0000000747e00000|100%| O|  |TAMS 0x0000000747c00000| PB 0x0000000747c00000| Untracked |  0
| 451|0x0000000747e00000, 0x0000000748000000, 0x0000000748000000|100%| O|Cm|TAMS 0x0000000747e00000| PB 0x0000000747e00000| Complete |  0
| 452|0x0000000748000000, 0x0000000748200000, 0x0000000748200000|100%| S|CS|TAMS 0x0000000748000000| PB 0x0000000748000000| Complete |  0
| 453|0x0000000748200000, 0x0000000748400000, 0x0000000748400000|100%| O|  |TAMS 0x0000000748200000| PB 0x0000000748200000| Untracked |  0
| 454|0x0000000748400000, 0x0000000748600000, 0x0000000748600000|100%| O|  |TAMS 0x0000000748400000| PB 0x0000000748400000| Untracked |  0
| 455|0x0000000748600000, 0x0000000748800000, 0x0000000748800000|100%| O|  |TAMS 0x0000000748600000| PB 0x0000000748600000| Untracked |  0
| 456|0x0000000748800000, 0x0000000748a00000, 0x0000000748a00000|100%| O|  |TAMS 0x0000000748800000| PB 0x0000000748800000| Untracked |  0
| 457|0x0000000748a00000, 0x0000000748c00000, 0x0000000748c00000|100%| O|  |TAMS 0x0000000748a00000| PB 0x0000000748a00000| Untracked |  0
| 458|0x0000000748c00000, 0x0000000748e00000, 0x0000000748e00000|100%| O|  |TAMS 0x0000000748c00000| PB 0x0000000748c00000| Untracked |  0
| 459|0x0000000748e00000, 0x0000000749000000, 0x0000000749000000|100%| O|  |TAMS 0x0000000748e00000| PB 0x0000000748e00000| Untracked |  0
| 460|0x0000000749000000, 0x0000000749200000, 0x0000000749200000|100%| O|  |TAMS 0x0000000749000000| PB 0x0000000749000000| Untracked |  0
| 461|0x0000000749200000, 0x0000000749400000, 0x0000000749400000|100%| S|CS|TAMS 0x0000000749200000| PB 0x0000000749200000| Complete |  0
| 462|0x0000000749400000, 0x0000000749600000, 0x0000000749600000|100%| O|  |TAMS 0x0000000749400000| PB 0x0000000749400000| Untracked |  0
| 463|0x0000000749600000, 0x0000000749800000, 0x0000000749800000|100%| O|  |TAMS 0x0000000749600000| PB 0x0000000749600000| Untracked |  0
| 464|0x0000000749800000, 0x0000000749a00000, 0x0000000749a00000|100%| O|  |TAMS 0x0000000749800000| PB 0x0000000749800000| Untracked |  0
| 465|0x0000000749a00000, 0x0000000749c00000, 0x0000000749c00000|100%| S|CS|TAMS 0x0000000749a00000| PB 0x0000000749a00000| Complete |  0
| 466|0x0000000749c00000, 0x0000000749e00000, 0x0000000749e00000|100%| S|CS|TAMS 0x0000000749c00000| PB 0x0000000749c00000| Complete |  0
| 467|0x0000000749e00000, 0x000000074a000000, 0x000000074a000000|100%| O|  |TAMS 0x0000000749e00000| PB 0x0000000749e00000| Untracked |  0
| 468|0x000000074a000000, 0x000000074a200000, 0x000000074a200000|100%| O|  |TAMS 0x000000074a000000| PB 0x000000074a000000| Untracked |  0
| 469|0x000000074a200000, 0x000000074a400000, 0x000000074a400000|100%| O|  |TAMS 0x000000074a200000| PB 0x000000074a200000| Untracked |  0
| 470|0x000000074a400000, 0x000000074a600000, 0x000000074a600000|100%| S|CS|TAMS 0x000000074a400000| PB 0x000000074a400000| Complete |  0
| 471|0x000000074a600000, 0x000000074a800000, 0x000000074a800000|100%| S|CS|TAMS 0x000000074a600000| PB 0x000000074a600000| Complete |  0
| 472|0x000000074a800000, 0x000000074aa00000, 0x000000074aa00000|100%| S|CS|TAMS 0x000000074a800000| PB 0x000000074a800000| Complete |  0
| 473|0x000000074aa00000, 0x000000074ac00000, 0x000000074ac00000|100%| S|CS|TAMS 0x000000074aa00000| PB 0x000000074aa00000| Complete |  0
| 474|0x000000074ac00000, 0x000000074ae00000, 0x000000074ae00000|100%| S|CS|TAMS 0x000000074ac00000| PB 0x000000074ac00000| Complete |  0
| 475|0x000000074ae00000, 0x000000074b000000, 0x000000074b000000|100%| S|CS|TAMS 0x000000074ae00000| PB 0x000000074ae00000| Complete |  0
| 476|0x000000074b000000, 0x000000074b200000, 0x000000074b200000|100%| S|CS|TAMS 0x000000074b000000| PB 0x000000074b000000| Complete |  0
| 477|0x000000074b200000, 0x000000074b400000, 0x000000074b400000|100%| O|Cm|TAMS 0x000000074b200000| PB 0x000000074b200000| Complete |  0
| 478|0x000000074b400000, 0x000000074b600000, 0x000000074b600000|100%| S|CS|TAMS 0x000000074b400000| PB 0x000000074b400000| Complete |  0
| 479|0x000000074b600000, 0x000000074b800000, 0x000000074b800000|100%| S|CS|TAMS 0x000000074b600000| PB 0x000000074b600000| Complete |  0
| 480|0x000000074b800000, 0x000000074ba00000, 0x000000074ba00000|100%| S|CS|TAMS 0x000000074b800000| PB 0x000000074b800000| Complete |  0
| 481|0x000000074ba00000, 0x000000074bc00000, 0x000000074bc00000|100%| O|Cm|TAMS 0x000000074ba00000| PB 0x000000074ba00000| Complete |  0
| 482|0x000000074bc00000, 0x000000074be00000, 0x000000074be00000|100%| O|  |TAMS 0x000000074bc00000| PB 0x000000074bc00000| Untracked |  0
| 483|0x000000074be00000, 0x000000074c000000, 0x000000074c000000|100%| O|Cm|TAMS 0x000000074be00000| PB 0x000000074be00000| Complete |  0
| 484|0x000000074c000000, 0x000000074c200000, 0x000000074c200000|100%| S|CS|TAMS 0x000000074c000000| PB 0x000000074c000000| Complete |  0
| 485|0x000000074c200000, 0x000000074c400000, 0x000000074c400000|100%| S|CS|TAMS 0x000000074c200000| PB 0x000000074c200000| Complete |  0
| 486|0x000000074c400000, 0x000000074c600000, 0x000000074c600000|100%| S|CS|TAMS 0x000000074c400000| PB 0x000000074c400000| Complete |  0
| 487|0x000000074c600000, 0x000000074c800000, 0x000000074c800000|100%| O|Cm|TAMS 0x000000074c600000| PB 0x000000074c600000| Complete |  0
| 488|0x000000074c800000, 0x000000074ca00000, 0x000000074ca00000|100%| O|Cm|TAMS 0x000000074c800000| PB 0x000000074c800000| Complete |  0
| 489|0x000000074ca00000, 0x000000074cc00000, 0x000000074cc00000|100%| O|Cm|TAMS 0x000000074ca00000| PB 0x000000074ca00000| Complete |  0
| 490|0x000000074cc00000, 0x000000074ce00000, 0x000000074ce00000|100%| S|CS|TAMS 0x000000074cc00000| PB 0x000000074cc00000| Complete |  0
| 491|0x000000074ce00000, 0x000000074d000000, 0x000000074d000000|100%| O|Cm|TAMS 0x000000074ce00000| PB 0x000000074ce00000| Complete |  0
| 492|0x000000074d000000, 0x000000074d200000, 0x000000074d200000|100%| S|CS|TAMS 0x000000074d000000| PB 0x000000074d000000| Complete |  0
| 493|0x000000074d200000, 0x000000074d400000, 0x000000074d400000|100%| S|CS|TAMS 0x000000074d200000| PB 0x000000074d200000| Complete |  0
| 494|0x000000074d400000, 0x000000074d600000, 0x000000074d600000|100%| O|Cm|TAMS 0x000000074d400000| PB 0x000000074d400000| Complete |  0
| 495|0x000000074d600000, 0x000000074d800000, 0x000000074d800000|100%| S|CS|TAMS 0x000000074d600000| PB 0x000000074d600000| Complete |  0
| 496|0x000000074d800000, 0x000000074da00000, 0x000000074da00000|100%| S|CS|TAMS 0x000000074d800000| PB 0x000000074d800000| Complete |  0
| 497|0x000000074da00000, 0x000000074dc00000, 0x000000074dc00000|100%| S|CS|TAMS 0x000000074da00000| PB 0x000000074da00000| Complete |  0
| 498|0x000000074dc00000, 0x000000074de00000, 0x000000074de00000|100%| S|CS|TAMS 0x000000074dc00000| PB 0x000000074dc00000| Complete |  0
| 499|0x000000074de00000, 0x000000074e000000, 0x000000074e000000|100%| S|CS|TAMS 0x000000074de00000| PB 0x000000074de00000| Complete |  0
| 500|0x000000074e000000, 0x000000074e200000, 0x000000074e200000|100%| S|CS|TAMS 0x000000074e000000| PB 0x000000074e000000| Complete |  0
| 501|0x000000074e200000, 0x000000074e400000, 0x000000074e400000|100%| S|CS|TAMS 0x000000074e200000| PB 0x000000074e200000| Complete |  0
| 502|0x000000074e400000, 0x000000074e600000, 0x000000074e600000|100%| S|CS|TAMS 0x000000074e400000| PB 0x000000074e400000| Complete |  0
| 503|0x000000074e600000, 0x000000074e800000, 0x000000074e800000|100%| S|CS|TAMS 0x000000074e600000| PB 0x000000074e600000| Complete |  0
| 504|0x000000074e800000, 0x000000074ea00000, 0x000000074ea00000|100%| S|CS|TAMS 0x000000074e800000| PB 0x000000074e800000| Complete |  0
| 505|0x000000074ea00000, 0x000000074ec00000, 0x000000074ec00000|100%| S|CS|TAMS 0x000000074ea00000| PB 0x000000074ea00000| Complete |  0
| 506|0x000000074ec00000, 0x000000074ee00000, 0x000000074ee00000|100%| S|CS|TAMS 0x000000074ec00000| PB 0x000000074ec00000| Complete |  0
| 507|0x000000074ee00000, 0x000000074f000000, 0x000000074f000000|100%| S|CS|TAMS 0x000000074ee00000| PB 0x000000074ee00000| Complete |  0
| 508|0x000000074f000000, 0x000000074f200000, 0x000000074f200000|100%| S|CS|TAMS 0x000000074f000000| PB 0x000000074f000000| Complete |  0
| 509|0x000000074f200000, 0x000000074f400000, 0x000000074f400000|100%| S|CS|TAMS 0x000000074f200000| PB 0x000000074f200000| Complete |  0
| 510|0x000000074f400000, 0x000000074f600000, 0x000000074f600000|100%| S|CS|TAMS 0x000000074f400000| PB 0x000000074f400000| Complete |  0
| 511|0x000000074f600000, 0x000000074f800000, 0x000000074f800000|100%| S|CS|TAMS 0x000000074f600000| PB 0x000000074f600000| Complete |  0
| 512|0x000000074f800000, 0x000000074fa00000, 0x000000074fa00000|100%| S|CS|TAMS 0x000000074f800000| PB 0x000000074f800000| Complete |  0
| 513|0x000000074fa00000, 0x000000074fc00000, 0x000000074fc00000|100%| S|CS|TAMS 0x000000074fa00000| PB 0x000000074fa00000| Complete |  0
| 514|0x000000074fc00000, 0x000000074fe00000, 0x000000074fe00000|100%| O|  |TAMS 0x000000074fc00000| PB 0x000000074fc00000| Untracked |  0
| 515|0x000000074fe00000, 0x0000000750000000, 0x0000000750000000|100%| O|  |TAMS 0x000000074fe00000| PB 0x000000074fe00000| Untracked |  0
| 516|0x0000000750000000, 0x0000000750200000, 0x0000000750200000|100%| O|  |TAMS 0x0000000750000000| PB 0x0000000750000000| Untracked |  0
| 517|0x0000000750200000, 0x0000000750400000, 0x0000000750400000|100%| S|CS|TAMS 0x0000000750200000| PB 0x0000000750200000| Complete |  0
| 518|0x0000000750400000, 0x0000000750600000, 0x0000000750600000|100%| O|  |TAMS 0x0000000750400000| PB 0x0000000750400000| Untracked |  0
| 519|0x0000000750600000, 0x0000000750800000, 0x0000000750800000|100%| O|  |TAMS 0x0000000750600000| PB 0x0000000750600000| Untracked |  0
| 520|0x0000000750800000, 0x0000000750a00000, 0x0000000750a00000|100%| O|Cm|TAMS 0x0000000750800000| PB 0x0000000750800000| Complete |  0
| 521|0x0000000750a00000, 0x0000000750c00000, 0x0000000750c00000|100%| O|  |TAMS 0x0000000750a00000| PB 0x0000000750a00000| Untracked |  0
| 522|0x0000000750c00000, 0x0000000750e00000, 0x0000000750e00000|100%| O|Cm|TAMS 0x0000000750c00000| PB 0x0000000750c00000| Complete |  0
| 523|0x0000000750e00000, 0x0000000751000000, 0x0000000751000000|100%| O|  |TAMS 0x0000000750e00000| PB 0x0000000750e00000| Untracked |  0
| 524|0x0000000751000000, 0x0000000751200000, 0x0000000751200000|100%| O|  |TAMS 0x0000000751000000| PB 0x0000000751000000| Untracked |  0
| 525|0x0000000751200000, 0x0000000751400000, 0x0000000751400000|100%| S|CS|TAMS 0x0000000751200000| PB 0x0000000751200000| Complete |  0
| 526|0x0000000751400000, 0x0000000751600000, 0x0000000751600000|100%| S|CS|TAMS 0x0000000751400000| PB 0x0000000751400000| Complete |  0
| 527|0x0000000751600000, 0x0000000751800000, 0x0000000751800000|100%| S|CS|TAMS 0x0000000751600000| PB 0x0000000751600000| Complete |  0
| 528|0x0000000751800000, 0x0000000751a00000, 0x0000000751a00000|100%| S|CS|TAMS 0x0000000751800000| PB 0x0000000751800000| Complete |  0
| 529|0x0000000751a00000, 0x0000000751c00000, 0x0000000751c00000|100%| S|CS|TAMS 0x0000000751a00000| PB 0x0000000751a00000| Complete |  0
| 530|0x0000000751c00000, 0x0000000751c00000, 0x0000000751e00000|  0%| F|  |TAMS 0x0000000751c00000| PB 0x0000000751c00000| Untracked |  0
| 531|0x0000000751e00000, 0x0000000751e00000, 0x0000000752000000|  0%| F|  |TAMS 0x0000000751e00000| PB 0x0000000751e00000| Untracked |  0
| 532|0x0000000752000000, 0x0000000752000000, 0x0000000752200000|  0%| F|  |TAMS 0x0000000752000000| PB 0x0000000752000000| Untracked |  0
| 533|0x0000000752200000, 0x0000000752200000, 0x0000000752400000|  0%| F|  |TAMS 0x0000000752200000| PB 0x0000000752200000| Untracked |  0
| 534|0x0000000752400000, 0x0000000752400000, 0x0000000752600000|  0%| F|  |TAMS 0x0000000752400000| PB 0x0000000752400000| Untracked |  0
| 535|0x0000000752600000, 0x0000000752600000, 0x0000000752800000|  0%| F|  |TAMS 0x0000000752600000| PB 0x0000000752600000| Untracked |  0
| 536|0x0000000752800000, 0x0000000752800000, 0x0000000752a00000|  0%| F|  |TAMS 0x0000000752800000| PB 0x0000000752800000| Untracked |  0
| 537|0x0000000752a00000, 0x0000000752a00000, 0x0000000752c00000|  0%| F|  |TAMS 0x0000000752a00000| PB 0x0000000752a00000| Untracked |  0
| 538|0x0000000752c00000, 0x0000000752c00000, 0x0000000752e00000|  0%| F|  |TAMS 0x0000000752c00000| PB 0x0000000752c00000| Untracked |  0
| 539|0x0000000752e00000, 0x0000000752e00000, 0x0000000753000000|  0%| F|  |TAMS 0x0000000752e00000| PB 0x0000000752e00000| Untracked |  0
| 540|0x0000000753000000, 0x0000000753000000, 0x0000000753200000|  0%| F|  |TAMS 0x0000000753000000| PB 0x0000000753000000| Untracked |  0
| 541|0x0000000753200000, 0x0000000753200000, 0x0000000753400000|  0%| F|  |TAMS 0x0000000753200000| PB 0x0000000753200000| Untracked |  0
| 542|0x0000000753400000, 0x0000000753400000, 0x0000000753600000|  0%| F|  |TAMS 0x0000000753400000| PB 0x0000000753400000| Untracked |  0
| 543|0x0000000753600000, 0x0000000753600000, 0x0000000753800000|  0%| F|  |TAMS 0x0000000753600000| PB 0x0000000753600000| Untracked |  0
| 544|0x0000000753800000, 0x0000000753800000, 0x0000000753a00000|  0%| F|  |TAMS 0x0000000753800000| PB 0x0000000753800000| Untracked |  0
| 545|0x0000000753a00000, 0x0000000753a00000, 0x0000000753c00000|  0%| F|  |TAMS 0x0000000753a00000| PB 0x0000000753a00000| Untracked |  0
| 546|0x0000000753c00000, 0x0000000753e00000, 0x0000000753e00000|100%| S|CS|TAMS 0x0000000753c00000| PB 0x0000000753c00000| Complete |  0
| 547|0x0000000753e00000, 0x0000000753e00000, 0x0000000754000000|  0%| F|  |TAMS 0x0000000753e00000| PB 0x0000000753e00000| Untracked |  0
| 548|0x0000000754000000, 0x0000000754000000, 0x0000000754200000|  0%| F|  |TAMS 0x0000000754000000| PB 0x0000000754000000| Untracked |  0
| 549|0x0000000754200000, 0x0000000754200000, 0x0000000754400000|  0%| F|  |TAMS 0x0000000754200000| PB 0x0000000754200000| Untracked |  0
| 550|0x0000000754400000, 0x0000000754400000, 0x0000000754600000|  0%| F|  |TAMS 0x0000000754400000| PB 0x0000000754400000| Untracked |  0
| 551|0x0000000754600000, 0x0000000754600000, 0x0000000754800000|  0%| F|  |TAMS 0x0000000754600000| PB 0x0000000754600000| Untracked |  0
| 552|0x0000000754800000, 0x0000000754800000, 0x0000000754a00000|  0%| F|  |TAMS 0x0000000754800000| PB 0x0000000754800000| Untracked |  0
| 553|0x0000000754a00000, 0x0000000754a00000, 0x0000000754c00000|  0%| F|  |TAMS 0x0000000754a00000| PB 0x0000000754a00000| Untracked |  0
| 554|0x0000000754c00000, 0x0000000754c00000, 0x0000000754e00000|  0%| F|  |TAMS 0x0000000754c00000| PB 0x0000000754c00000| Untracked |  0
| 555|0x0000000754e00000, 0x0000000754e00000, 0x0000000755000000|  0%| F|  |TAMS 0x0000000754e00000| PB 0x0000000754e00000| Untracked |  0
| 556|0x0000000755000000, 0x0000000755000000, 0x0000000755200000|  0%| F|  |TAMS 0x0000000755000000| PB 0x0000000755000000| Untracked |  0
| 557|0x0000000755200000, 0x0000000755200000, 0x0000000755400000|  0%| F|  |TAMS 0x0000000755200000| PB 0x0000000755200000| Untracked |  0
| 558|0x0000000755400000, 0x0000000755400000, 0x0000000755600000|  0%| F|  |TAMS 0x0000000755400000| PB 0x0000000755400000| Untracked |  0
| 559|0x0000000755600000, 0x0000000755600000, 0x0000000755800000|  0%| F|  |TAMS 0x0000000755600000| PB 0x0000000755600000| Untracked |  0
| 560|0x0000000755800000, 0x0000000755800000, 0x0000000755a00000|  0%| F|  |TAMS 0x0000000755800000| PB 0x0000000755800000| Untracked |  0
| 561|0x0000000755a00000, 0x0000000755a00000, 0x0000000755c00000|  0%| F|  |TAMS 0x0000000755a00000| PB 0x0000000755a00000| Untracked |  0
| 562|0x0000000755c00000, 0x0000000755c00000, 0x0000000755e00000|  0%| F|  |TAMS 0x0000000755c00000| PB 0x0000000755c00000| Untracked |  0
| 563|0x0000000755e00000, 0x0000000755e00000, 0x0000000756000000|  0%| F|  |TAMS 0x0000000755e00000| PB 0x0000000755e00000| Untracked |  0
| 564|0x0000000756000000, 0x0000000756000000, 0x0000000756200000|  0%| F|  |TAMS 0x0000000756000000| PB 0x0000000756000000| Untracked |  0
| 565|0x0000000756200000, 0x0000000756200000, 0x0000000756400000|  0%| F|  |TAMS 0x0000000756200000| PB 0x0000000756200000| Untracked |  0
| 566|0x0000000756400000, 0x0000000756400000, 0x0000000756600000|  0%| F|  |TAMS 0x0000000756400000| PB 0x0000000756400000| Untracked |  0
| 567|0x0000000756600000, 0x0000000756600000, 0x0000000756800000|  0%| F|  |TAMS 0x0000000756600000| PB 0x0000000756600000| Untracked |  0
| 568|0x0000000756800000, 0x0000000756800000, 0x0000000756a00000|  0%| F|  |TAMS 0x0000000756800000| PB 0x0000000756800000| Untracked |  0
| 569|0x0000000756a00000, 0x0000000756a00000, 0x0000000756c00000|  0%| F|  |TAMS 0x0000000756a00000| PB 0x0000000756a00000| Untracked |  0
| 570|0x0000000756c00000, 0x0000000756c00000, 0x0000000756e00000|  0%| F|  |TAMS 0x0000000756c00000| PB 0x0000000756c00000| Untracked |  0
| 571|0x0000000756e00000, 0x0000000756e00000, 0x0000000757000000|  0%| F|  |TAMS 0x0000000756e00000| PB 0x0000000756e00000| Untracked |  0
| 572|0x0000000757000000, 0x0000000757000000, 0x0000000757200000|  0%| F|  |TAMS 0x0000000757000000| PB 0x0000000757000000| Untracked |  0
| 573|0x0000000757200000, 0x0000000757200000, 0x0000000757400000|  0%| F|  |TAMS 0x0000000757200000| PB 0x0000000757200000| Untracked |  0
| 574|0x0000000757400000, 0x0000000757400000, 0x0000000757600000|  0%| F|  |TAMS 0x0000000757400000| PB 0x0000000757400000| Untracked |  0
| 575|0x0000000757600000, 0x0000000757600000, 0x0000000757800000|  0%| F|  |TAMS 0x0000000757600000| PB 0x0000000757600000| Untracked |  0
| 576|0x0000000757800000, 0x0000000757800000, 0x0000000757a00000|  0%| F|  |TAMS 0x0000000757800000| PB 0x0000000757800000| Untracked |  0
| 577|0x0000000757a00000, 0x0000000757a00000, 0x0000000757c00000|  0%| F|  |TAMS 0x0000000757a00000| PB 0x0000000757a00000| Untracked |  0
| 578|0x0000000757c00000, 0x0000000757c00000, 0x0000000757e00000|  0%| F|  |TAMS 0x0000000757c00000| PB 0x0000000757c00000| Untracked |  0
| 579|0x0000000757e00000, 0x0000000757e00000, 0x0000000758000000|  0%| F|  |TAMS 0x0000000757e00000| PB 0x0000000757e00000| Untracked |  0
| 580|0x0000000758000000, 0x0000000758000000, 0x0000000758200000|  0%| F|  |TAMS 0x0000000758000000| PB 0x0000000758000000| Untracked |  0
| 581|0x0000000758200000, 0x0000000758200000, 0x0000000758400000|  0%| F|  |TAMS 0x0000000758200000| PB 0x0000000758200000| Untracked |  0
| 582|0x0000000758400000, 0x0000000758400000, 0x0000000758600000|  0%| F|  |TAMS 0x0000000758400000| PB 0x0000000758400000| Untracked |  0
| 583|0x0000000758600000, 0x0000000758600000, 0x0000000758800000|  0%| F|  |TAMS 0x0000000758600000| PB 0x0000000758600000| Untracked |  0
| 584|0x0000000758800000, 0x0000000758800000, 0x0000000758a00000|  0%| F|  |TAMS 0x0000000758800000| PB 0x0000000758800000| Untracked |  0
| 585|0x0000000758a00000, 0x0000000758a00000, 0x0000000758c00000|  0%| F|  |TAMS 0x0000000758a00000| PB 0x0000000758a00000| Untracked |  0
| 586|0x0000000758c00000, 0x0000000758c00000, 0x0000000758e00000|  0%| F|  |TAMS 0x0000000758c00000| PB 0x0000000758c00000| Untracked |  0
| 587|0x0000000758e00000, 0x0000000758e00000, 0x0000000759000000|  0%| F|  |TAMS 0x0000000758e00000| PB 0x0000000758e00000| Untracked |  0
| 588|0x0000000759000000, 0x0000000759000000, 0x0000000759200000|  0%| F|  |TAMS 0x0000000759000000| PB 0x0000000759000000| Untracked |  0
| 589|0x0000000759200000, 0x0000000759200000, 0x0000000759400000|  0%| F|  |TAMS 0x0000000759200000| PB 0x0000000759200000| Untracked |  0
| 590|0x0000000759400000, 0x0000000759400000, 0x0000000759600000|  0%| F|  |TAMS 0x0000000759400000| PB 0x0000000759400000| Untracked |  0
| 591|0x0000000759600000, 0x0000000759600000, 0x0000000759800000|  0%| F|  |TAMS 0x0000000759600000| PB 0x0000000759600000| Untracked |  0
| 592|0x0000000759800000, 0x0000000759800000, 0x0000000759a00000|  0%| F|  |TAMS 0x0000000759800000| PB 0x0000000759800000| Untracked |  0
| 593|0x0000000759a00000, 0x0000000759a00000, 0x0000000759c00000|  0%| F|  |TAMS 0x0000000759a00000| PB 0x0000000759a00000| Untracked |  0
| 594|0x0000000759c00000, 0x0000000759c00000, 0x0000000759e00000|  0%| F|  |TAMS 0x0000000759c00000| PB 0x0000000759c00000| Untracked |  0
| 595|0x0000000759e00000, 0x0000000759e00000, 0x000000075a000000|  0%| F|  |TAMS 0x0000000759e00000| PB 0x0000000759e00000| Untracked |  0
| 596|0x000000075a000000, 0x000000075a000000, 0x000000075a200000|  0%| F|  |TAMS 0x000000075a000000| PB 0x000000075a000000| Untracked |  0
| 597|0x000000075a200000, 0x000000075a200000, 0x000000075a400000|  0%| F|  |TAMS 0x000000075a200000| PB 0x000000075a200000| Untracked |  0
| 598|0x000000075a400000, 0x000000075a400000, 0x000000075a600000|  0%| F|  |TAMS 0x000000075a400000| PB 0x000000075a400000| Untracked |  0
| 599|0x000000075a600000, 0x000000075a600000, 0x000000075a800000|  0%| F|  |TAMS 0x000000075a600000| PB 0x000000075a600000| Untracked |  0
| 600|0x000000075a800000, 0x000000075a800000, 0x000000075aa00000|  0%| F|  |TAMS 0x000000075a800000| PB 0x000000075a800000| Untracked |  0
| 601|0x000000075aa00000, 0x000000075aa00000, 0x000000075ac00000|  0%| F|  |TAMS 0x000000075aa00000| PB 0x000000075aa00000| Untracked |  0
| 602|0x000000075ac00000, 0x000000075ac00000, 0x000000075ae00000|  0%| F|  |TAMS 0x000000075ac00000| PB 0x000000075ac00000| Untracked |  0
| 603|0x000000075ae00000, 0x000000075ae00000, 0x000000075b000000|  0%| F|  |TAMS 0x000000075ae00000| PB 0x000000075ae00000| Untracked |  0
| 604|0x000000075b000000, 0x000000075b000000, 0x000000075b200000|  0%| F|  |TAMS 0x000000075b000000| PB 0x000000075b000000| Untracked |  0
| 605|0x000000075b200000, 0x000000075b200000, 0x000000075b400000|  0%| F|  |TAMS 0x000000075b200000| PB 0x000000075b200000| Untracked |  0
| 606|0x000000075b400000, 0x000000075b400000, 0x000000075b600000|  0%| F|  |TAMS 0x000000075b400000| PB 0x000000075b400000| Untracked |  0
| 607|0x000000075b600000, 0x000000075b600000, 0x000000075b800000|  0%| F|  |TAMS 0x000000075b600000| PB 0x000000075b600000| Untracked |  0
| 608|0x000000075b800000, 0x000000075b800000, 0x000000075ba00000|  0%| F|  |TAMS 0x000000075b800000| PB 0x000000075b800000| Untracked |  0
| 609|0x000000075ba00000, 0x000000075ba00000, 0x000000075bc00000|  0%| F|  |TAMS 0x000000075ba00000| PB 0x000000075ba00000| Untracked |  0
| 610|0x000000075bc00000, 0x000000075bc00000, 0x000000075be00000|  0%| F|  |TAMS 0x000000075bc00000| PB 0x000000075bc00000| Untracked |  0
| 611|0x000000075be00000, 0x000000075be00000, 0x000000075c000000|  0%| F|  |TAMS 0x000000075be00000| PB 0x000000075be00000| Untracked |  0
| 612|0x000000075c000000, 0x000000075c000000, 0x000000075c200000|  0%| F|  |TAMS 0x000000075c000000| PB 0x000000075c000000| Untracked |  0
| 613|0x000000075c200000, 0x000000075c200000, 0x000000075c400000|  0%| F|  |TAMS 0x000000075c200000| PB 0x000000075c200000| Untracked |  0
| 614|0x000000075c400000, 0x000000075c400000, 0x000000075c600000|  0%| F|  |TAMS 0x000000075c400000| PB 0x000000075c400000| Untracked |  0
| 615|0x000000075c600000, 0x000000075c600000, 0x000000075c800000|  0%| F|  |TAMS 0x000000075c600000| PB 0x000000075c600000| Untracked |  0
| 616|0x000000075c800000, 0x000000075c800000, 0x000000075ca00000|  0%| F|  |TAMS 0x000000075c800000| PB 0x000000075c800000| Untracked |  0
| 617|0x000000075ca00000, 0x000000075ca00000, 0x000000075cc00000|  0%| F|  |TAMS 0x000000075ca00000| PB 0x000000075ca00000| Untracked |  0
| 618|0x000000075cc00000, 0x000000075cc00000, 0x000000075ce00000|  0%| F|  |TAMS 0x000000075cc00000| PB 0x000000075cc00000| Untracked |  0
| 619|0x000000075ce00000, 0x000000075ce00000, 0x000000075d000000|  0%| F|  |TAMS 0x000000075ce00000| PB 0x000000075ce00000| Untracked |  0
| 620|0x000000075d000000, 0x000000075d000000, 0x000000075d200000|  0%| F|  |TAMS 0x000000075d000000| PB 0x000000075d000000| Untracked |  0
| 621|0x000000075d200000, 0x000000075d200000, 0x000000075d400000|  0%| F|  |TAMS 0x000000075d200000| PB 0x000000075d200000| Untracked |  0
| 622|0x000000075d400000, 0x000000075d400000, 0x000000075d600000|  0%| F|  |TAMS 0x000000075d400000| PB 0x000000075d400000| Untracked |  0
| 623|0x000000075d600000, 0x000000075d600000, 0x000000075d800000|  0%| F|  |TAMS 0x000000075d600000| PB 0x000000075d600000| Untracked |  0
| 624|0x000000075d800000, 0x000000075d800000, 0x000000075da00000|  0%| F|  |TAMS 0x000000075d800000| PB 0x000000075d800000| Untracked |  0
| 625|0x000000075da00000, 0x000000075da00000, 0x000000075dc00000|  0%| F|  |TAMS 0x000000075da00000| PB 0x000000075da00000| Untracked |  0
| 626|0x000000075dc00000, 0x000000075dc00000, 0x000000075de00000|  0%| F|  |TAMS 0x000000075dc00000| PB 0x000000075dc00000| Untracked |  0
| 627|0x000000075de00000, 0x000000075de00000, 0x000000075e000000|  0%| F|  |TAMS 0x000000075de00000| PB 0x000000075de00000| Untracked |  0
| 628|0x000000075e000000, 0x000000075e000000, 0x000000075e200000|  0%| F|  |TAMS 0x000000075e000000| PB 0x000000075e000000| Untracked |  0
| 629|0x000000075e200000, 0x000000075e200000, 0x000000075e400000|  0%| F|  |TAMS 0x000000075e200000| PB 0x000000075e200000| Untracked |  0
| 630|0x000000075e400000, 0x000000075e400000, 0x000000075e600000|  0%| F|  |TAMS 0x000000075e400000| PB 0x000000075e400000| Untracked |  0
| 631|0x000000075e600000, 0x000000075e600000, 0x000000075e800000|  0%| F|  |TAMS 0x000000075e600000| PB 0x000000075e600000| Untracked |  0
| 632|0x000000075e800000, 0x000000075e800000, 0x000000075ea00000|  0%| F|  |TAMS 0x000000075e800000| PB 0x000000075e800000| Untracked |  0
| 633|0x000000075ea00000, 0x000000075ea00000, 0x000000075ec00000|  0%| F|  |TAMS 0x000000075ea00000| PB 0x000000075ea00000| Untracked |  0
| 634|0x000000075ec00000, 0x000000075ec00000, 0x000000075ee00000|  0%| F|  |TAMS 0x000000075ec00000| PB 0x000000075ec00000| Untracked |  0
| 635|0x000000075ee00000, 0x000000075ee00000, 0x000000075f000000|  0%| F|  |TAMS 0x000000075ee00000| PB 0x000000075ee00000| Untracked |  0
| 636|0x000000075f000000, 0x000000075f000000, 0x000000075f200000|  0%| F|  |TAMS 0x000000075f000000| PB 0x000000075f000000| Untracked |  0
| 637|0x000000075f200000, 0x000000075f200000, 0x000000075f400000|  0%| F|  |TAMS 0x000000075f200000| PB 0x000000075f200000| Untracked |  0
| 638|0x000000075f400000, 0x000000075f400000, 0x000000075f600000|  0%| F|  |TAMS 0x000000075f400000| PB 0x000000075f400000| Untracked |  0
| 639|0x000000075f600000, 0x000000075f600000, 0x000000075f800000|  0%| F|  |TAMS 0x000000075f600000| PB 0x000000075f600000| Untracked |  0
| 640|0x000000075f800000, 0x000000075f800000, 0x000000075fa00000|  0%| F|  |TAMS 0x000000075f800000| PB 0x000000075f800000| Untracked |  0
| 641|0x000000075fa00000, 0x000000075fa00000, 0x000000075fc00000|  0%| F|  |TAMS 0x000000075fa00000| PB 0x000000075fa00000| Untracked |  0
| 642|0x000000075fc00000, 0x000000075fc00000, 0x000000075fe00000|  0%| F|  |TAMS 0x000000075fc00000| PB 0x000000075fc00000| Untracked |  0
| 643|0x000000075fe00000, 0x000000075fe00000, 0x0000000760000000|  0%| F|  |TAMS 0x000000075fe00000| PB 0x000000075fe00000| Untracked |  0
| 644|0x0000000760000000, 0x0000000760000000, 0x0000000760200000|  0%| F|  |TAMS 0x0000000760000000| PB 0x0000000760000000| Untracked |  0
| 645|0x0000000760200000, 0x0000000760200000, 0x0000000760400000|  0%| F|  |TAMS 0x0000000760200000| PB 0x0000000760200000| Untracked |  0
| 646|0x0000000760400000, 0x0000000760400000, 0x0000000760600000|  0%| F|  |TAMS 0x0000000760400000| PB 0x0000000760400000| Untracked |  0
| 647|0x0000000760600000, 0x0000000760600000, 0x0000000760800000|  0%| F|  |TAMS 0x0000000760600000| PB 0x0000000760600000| Untracked |  0
| 648|0x0000000760800000, 0x0000000760800000, 0x0000000760a00000|  0%| F|  |TAMS 0x0000000760800000| PB 0x0000000760800000| Untracked |  0
| 649|0x0000000760a00000, 0x0000000760a00000, 0x0000000760c00000|  0%| F|  |TAMS 0x0000000760a00000| PB 0x0000000760a00000| Untracked |  0
| 650|0x0000000760c00000, 0x0000000760c00000, 0x0000000760e00000|  0%| F|  |TAMS 0x0000000760c00000| PB 0x0000000760c00000| Untracked |  0
| 651|0x0000000760e00000, 0x0000000760e00000, 0x0000000761000000|  0%| F|  |TAMS 0x0000000760e00000| PB 0x0000000760e00000| Untracked |  0
| 652|0x0000000761000000, 0x0000000761000000, 0x0000000761200000|  0%| F|  |TAMS 0x0000000761000000| PB 0x0000000761000000| Untracked |  0
| 653|0x0000000761200000, 0x0000000761200000, 0x0000000761400000|  0%| F|  |TAMS 0x0000000761200000| PB 0x0000000761200000| Untracked |  0
| 654|0x0000000761400000, 0x0000000761400000, 0x0000000761600000|  0%| F|  |TAMS 0x0000000761400000| PB 0x0000000761400000| Untracked |  0
| 655|0x0000000761600000, 0x0000000761600000, 0x0000000761800000|  0%| F|  |TAMS 0x0000000761600000| PB 0x0000000761600000| Untracked |  0
| 656|0x0000000761800000, 0x0000000761800000, 0x0000000761a00000|  0%| F|  |TAMS 0x0000000761800000| PB 0x0000000761800000| Untracked |  0
| 657|0x0000000761a00000, 0x0000000761a00000, 0x0000000761c00000|  0%| F|  |TAMS 0x0000000761a00000| PB 0x0000000761a00000| Untracked |  0
| 658|0x0000000761c00000, 0x0000000761c00000, 0x0000000761e00000|  0%| F|  |TAMS 0x0000000761c00000| PB 0x0000000761c00000| Untracked |  0
| 659|0x0000000761e00000, 0x0000000761e00000, 0x0000000762000000|  0%| F|  |TAMS 0x0000000761e00000| PB 0x0000000761e00000| Untracked |  0
| 660|0x0000000762000000, 0x0000000762000000, 0x0000000762200000|  0%| F|  |TAMS 0x0000000762000000| PB 0x0000000762000000| Untracked |  0
| 661|0x0000000762200000, 0x0000000762200000, 0x0000000762400000|  0%| F|  |TAMS 0x0000000762200000| PB 0x0000000762200000| Untracked |  0
| 662|0x0000000762400000, 0x0000000762400000, 0x0000000762600000|  0%| F|  |TAMS 0x0000000762400000| PB 0x0000000762400000| Untracked |  0
| 663|0x0000000762600000, 0x0000000762600000, 0x0000000762800000|  0%| F|  |TAMS 0x0000000762600000| PB 0x0000000762600000| Untracked |  0
| 664|0x0000000762800000, 0x0000000762800000, 0x0000000762a00000|  0%| F|  |TAMS 0x0000000762800000| PB 0x0000000762800000| Untracked |  0
| 665|0x0000000762a00000, 0x0000000762a00000, 0x0000000762c00000|  0%| F|  |TAMS 0x0000000762a00000| PB 0x0000000762a00000| Untracked |  0
| 666|0x0000000762c00000, 0x0000000762c00000, 0x0000000762e00000|  0%| F|  |TAMS 0x0000000762c00000| PB 0x0000000762c00000| Untracked |  0
| 667|0x0000000762e00000, 0x0000000762e00000, 0x0000000763000000|  0%| F|  |TAMS 0x0000000762e00000| PB 0x0000000762e00000| Untracked |  0
| 668|0x0000000763000000, 0x0000000763000000, 0x0000000763200000|  0%| F|  |TAMS 0x0000000763000000| PB 0x0000000763000000| Untracked |  0
| 669|0x0000000763200000, 0x0000000763200000, 0x0000000763400000|  0%| F|  |TAMS 0x0000000763200000| PB 0x0000000763200000| Untracked |  0
| 670|0x0000000763400000, 0x0000000763400000, 0x0000000763600000|  0%| F|  |TAMS 0x0000000763400000| PB 0x0000000763400000| Untracked |  0
| 671|0x0000000763600000, 0x0000000763600000, 0x0000000763800000|  0%| F|  |TAMS 0x0000000763600000| PB 0x0000000763600000| Untracked |  0
| 672|0x0000000763800000, 0x0000000763800000, 0x0000000763a00000|  0%| F|  |TAMS 0x0000000763800000| PB 0x0000000763800000| Untracked |  0
| 673|0x0000000763a00000, 0x0000000763a00000, 0x0000000763c00000|  0%| F|  |TAMS 0x0000000763a00000| PB 0x0000000763a00000| Untracked |  0
| 674|0x0000000763c00000, 0x0000000763c00000, 0x0000000763e00000|  0%| F|  |TAMS 0x0000000763c00000| PB 0x0000000763c00000| Untracked |  0
| 675|0x0000000763e00000, 0x0000000763e00000, 0x0000000764000000|  0%| F|  |TAMS 0x0000000763e00000| PB 0x0000000763e00000| Untracked |  0
| 676|0x0000000764000000, 0x0000000764000000, 0x0000000764200000|  0%| F|  |TAMS 0x0000000764000000| PB 0x0000000764000000| Untracked |  0
| 677|0x0000000764200000, 0x0000000764200000, 0x0000000764400000|  0%| F|  |TAMS 0x0000000764200000| PB 0x0000000764200000| Untracked |  0
| 678|0x0000000764400000, 0x0000000764400000, 0x0000000764600000|  0%| F|  |TAMS 0x0000000764400000| PB 0x0000000764400000| Untracked |  0
| 679|0x0000000764600000, 0x0000000764600000, 0x0000000764800000|  0%| F|  |TAMS 0x0000000764600000| PB 0x0000000764600000| Untracked |  0
| 680|0x0000000764800000, 0x0000000764800000, 0x0000000764a00000|  0%| F|  |TAMS 0x0000000764800000| PB 0x0000000764800000| Untracked |  0
| 681|0x0000000764a00000, 0x0000000764a00000, 0x0000000764c00000|  0%| F|  |TAMS 0x0000000764a00000| PB 0x0000000764a00000| Untracked |  0
| 682|0x0000000764c00000, 0x0000000764c00000, 0x0000000764e00000|  0%| F|  |TAMS 0x0000000764c00000| PB 0x0000000764c00000| Untracked |  0
| 683|0x0000000764e00000, 0x0000000764e00000, 0x0000000765000000|  0%| F|  |TAMS 0x0000000764e00000| PB 0x0000000764e00000| Untracked |  0
| 684|0x0000000765000000, 0x0000000765000000, 0x0000000765200000|  0%| F|  |TAMS 0x0000000765000000| PB 0x0000000765000000| Untracked |  0
| 685|0x0000000765200000, 0x0000000765200000, 0x0000000765400000|  0%| F|  |TAMS 0x0000000765200000| PB 0x0000000765200000| Untracked |  0
| 686|0x0000000765400000, 0x0000000765400000, 0x0000000765600000|  0%| F|  |TAMS 0x0000000765400000| PB 0x0000000765400000| Untracked |  0
| 687|0x0000000765600000, 0x0000000765600000, 0x0000000765800000|  0%| F|  |TAMS 0x0000000765600000| PB 0x0000000765600000| Untracked |  0
| 688|0x0000000765800000, 0x0000000765800000, 0x0000000765a00000|  0%| F|  |TAMS 0x0000000765800000| PB 0x0000000765800000| Untracked |  0
| 689|0x0000000765a00000, 0x0000000765a00000, 0x0000000765c00000|  0%| F|  |TAMS 0x0000000765a00000| PB 0x0000000765a00000| Untracked |  0
| 690|0x0000000765c00000, 0x0000000765c00000, 0x0000000765e00000|  0%| F|  |TAMS 0x0000000765c00000| PB 0x0000000765c00000| Untracked |  0
| 691|0x0000000765e00000, 0x0000000765e00000, 0x0000000766000000|  0%| F|  |TAMS 0x0000000765e00000| PB 0x0000000765e00000| Untracked |  0
| 692|0x0000000766000000, 0x0000000766000000, 0x0000000766200000|  0%| F|  |TAMS 0x0000000766000000| PB 0x0000000766000000| Untracked |  0
| 693|0x0000000766200000, 0x0000000766200000, 0x0000000766400000|  0%| F|  |TAMS 0x0000000766200000| PB 0x0000000766200000| Untracked |  0
| 694|0x0000000766400000, 0x0000000766400000, 0x0000000766600000|  0%| F|  |TAMS 0x0000000766400000| PB 0x0000000766400000| Untracked |  0
| 695|0x0000000766600000, 0x0000000766600000, 0x0000000766800000|  0%| F|  |TAMS 0x0000000766600000| PB 0x0000000766600000| Untracked |  0
| 696|0x0000000766800000, 0x0000000766800000, 0x0000000766a00000|  0%| F|  |TAMS 0x0000000766800000| PB 0x0000000766800000| Untracked |  0
| 697|0x0000000766a00000, 0x0000000766a00000, 0x0000000766c00000|  0%| F|  |TAMS 0x0000000766a00000| PB 0x0000000766a00000| Untracked |  0
| 698|0x0000000766c00000, 0x0000000766c00000, 0x0000000766e00000|  0%| F|  |TAMS 0x0000000766c00000| PB 0x0000000766c00000| Untracked |  0
| 699|0x0000000766e00000, 0x0000000766e00000, 0x0000000767000000|  0%| F|  |TAMS 0x0000000766e00000| PB 0x0000000766e00000| Untracked |  0
| 700|0x0000000767000000, 0x0000000767000000, 0x0000000767200000|  0%| F|  |TAMS 0x0000000767000000| PB 0x0000000767000000| Untracked |  0
| 701|0x0000000767200000, 0x0000000767200000, 0x0000000767400000|  0%| F|  |TAMS 0x0000000767200000| PB 0x0000000767200000| Untracked |  0
| 702|0x0000000767400000, 0x0000000767400000, 0x0000000767600000|  0%| F|  |TAMS 0x0000000767400000| PB 0x0000000767400000| Untracked |  0
| 703|0x0000000767600000, 0x0000000767600000, 0x0000000767800000|  0%| F|  |TAMS 0x0000000767600000| PB 0x0000000767600000| Untracked |  0
| 704|0x0000000767800000, 0x0000000767800000, 0x0000000767a00000|  0%| F|  |TAMS 0x0000000767800000| PB 0x0000000767800000| Untracked |  0
| 705|0x0000000767a00000, 0x0000000767a00000, 0x0000000767c00000|  0%| F|  |TAMS 0x0000000767a00000| PB 0x0000000767a00000| Untracked |  0
| 706|0x0000000767c00000, 0x0000000767c00000, 0x0000000767e00000|  0%| F|  |TAMS 0x0000000767c00000| PB 0x0000000767c00000| Untracked |  0
| 707|0x0000000767e00000, 0x0000000767e00000, 0x0000000768000000|  0%| F|  |TAMS 0x0000000767e00000| PB 0x0000000767e00000| Untracked |  0
| 708|0x0000000768000000, 0x0000000768000000, 0x0000000768200000|  0%| F|  |TAMS 0x0000000768000000| PB 0x0000000768000000| Untracked |  0
| 709|0x0000000768200000, 0x0000000768200000, 0x0000000768400000|  0%| F|  |TAMS 0x0000000768200000| PB 0x0000000768200000| Untracked |  0
| 710|0x0000000768400000, 0x0000000768400000, 0x0000000768600000|  0%| F|  |TAMS 0x0000000768400000| PB 0x0000000768400000| Untracked |  0
| 711|0x0000000768600000, 0x0000000768600000, 0x0000000768800000|  0%| F|  |TAMS 0x0000000768600000| PB 0x0000000768600000| Untracked |  0
| 712|0x0000000768800000, 0x0000000768800000, 0x0000000768a00000|  0%| F|  |TAMS 0x0000000768800000| PB 0x0000000768800000| Untracked |  0
| 713|0x0000000768a00000, 0x0000000768a00000, 0x0000000768c00000|  0%| F|  |TAMS 0x0000000768a00000| PB 0x0000000768a00000| Untracked |  0
| 714|0x0000000768c00000, 0x0000000768c00000, 0x0000000768e00000|  0%| F|  |TAMS 0x0000000768c00000| PB 0x0000000768c00000| Untracked |  0
| 715|0x0000000768e00000, 0x0000000768e00000, 0x0000000769000000|  0%| F|  |TAMS 0x0000000768e00000| PB 0x0000000768e00000| Untracked |  0
| 716|0x0000000769000000, 0x0000000769000000, 0x0000000769200000|  0%| F|  |TAMS 0x0000000769000000| PB 0x0000000769000000| Untracked |  0
| 717|0x0000000769200000, 0x0000000769200000, 0x0000000769400000|  0%| F|  |TAMS 0x0000000769200000| PB 0x0000000769200000| Untracked |  0
| 718|0x0000000769400000, 0x0000000769400000, 0x0000000769600000|  0%| F|  |TAMS 0x0000000769400000| PB 0x0000000769400000| Untracked |  0
| 719|0x0000000769600000, 0x0000000769600000, 0x0000000769800000|  0%| F|  |TAMS 0x0000000769600000| PB 0x0000000769600000| Untracked |  0
| 720|0x0000000769800000, 0x0000000769800000, 0x0000000769a00000|  0%| F|  |TAMS 0x0000000769800000| PB 0x0000000769800000| Untracked |  0
| 721|0x0000000769a00000, 0x0000000769a00000, 0x0000000769c00000|  0%| F|  |TAMS 0x0000000769a00000| PB 0x0000000769a00000| Untracked |  0
| 722|0x0000000769c00000, 0x0000000769c00000, 0x0000000769e00000|  0%| F|  |TAMS 0x0000000769c00000| PB 0x0000000769c00000| Untracked |  0
| 723|0x0000000769e00000, 0x0000000769e00000, 0x000000076a000000|  0%| F|  |TAMS 0x0000000769e00000| PB 0x0000000769e00000| Untracked |  0
| 724|0x000000076a000000, 0x000000076a000000, 0x000000076a200000|  0%| F|  |TAMS 0x000000076a000000| PB 0x000000076a000000| Untracked |  0
| 725|0x000000076a200000, 0x000000076a200000, 0x000000076a400000|  0%| F|  |TAMS 0x000000076a200000| PB 0x000000076a200000| Untracked |  0
| 726|0x000000076a400000, 0x000000076a400000, 0x000000076a600000|  0%| F|  |TAMS 0x000000076a400000| PB 0x000000076a400000| Untracked |  0
| 727|0x000000076a600000, 0x000000076a600000, 0x000000076a800000|  0%| F|  |TAMS 0x000000076a600000| PB 0x000000076a600000| Untracked |  0
| 728|0x000000076a800000, 0x000000076a800000, 0x000000076aa00000|  0%| F|  |TAMS 0x000000076a800000| PB 0x000000076a800000| Untracked |  0
| 729|0x000000076aa00000, 0x000000076aa00000, 0x000000076ac00000|  0%| F|  |TAMS 0x000000076aa00000| PB 0x000000076aa00000| Untracked |  0
| 730|0x000000076ac00000, 0x000000076ac00000, 0x000000076ae00000|  0%| F|  |TAMS 0x000000076ac00000| PB 0x000000076ac00000| Untracked |  0
| 731|0x000000076ae00000, 0x000000076ae00000, 0x000000076b000000|  0%| F|  |TAMS 0x000000076ae00000| PB 0x000000076ae00000| Untracked |  0
| 732|0x000000076b000000, 0x000000076b000000, 0x000000076b200000|  0%| F|  |TAMS 0x000000076b000000| PB 0x000000076b000000| Untracked |  0
| 733|0x000000076b200000, 0x000000076b200000, 0x000000076b400000|  0%| F|  |TAMS 0x000000076b200000| PB 0x000000076b200000| Untracked |  0
| 734|0x000000076b400000, 0x000000076b400000, 0x000000076b600000|  0%| F|  |TAMS 0x000000076b400000| PB 0x000000076b400000| Untracked |  0
| 735|0x000000076b600000, 0x000000076b600000, 0x000000076b800000|  0%| F|  |TAMS 0x000000076b600000| PB 0x000000076b600000| Untracked |  0
| 736|0x000000076b800000, 0x000000076b800000, 0x000000076ba00000|  0%| F|  |TAMS 0x000000076b800000| PB 0x000000076b800000| Untracked |  0
| 737|0x000000076ba00000, 0x000000076ba00000, 0x000000076bc00000|  0%| F|  |TAMS 0x000000076ba00000| PB 0x000000076ba00000| Untracked |  0
| 738|0x000000076bc00000, 0x000000076bc00000, 0x000000076be00000|  0%| F|  |TAMS 0x000000076bc00000| PB 0x000000076bc00000| Untracked |  0
| 739|0x000000076be00000, 0x000000076be00000, 0x000000076c000000|  0%| F|  |TAMS 0x000000076be00000| PB 0x000000076be00000| Untracked |  0
| 740|0x000000076c000000, 0x000000076c000000, 0x000000076c200000|  0%| F|  |TAMS 0x000000076c000000| PB 0x000000076c000000| Untracked |  0
| 741|0x000000076c200000, 0x000000076c200000, 0x000000076c400000|  0%| F|  |TAMS 0x000000076c200000| PB 0x000000076c200000| Untracked |  0
| 742|0x000000076c400000, 0x000000076c400000, 0x000000076c600000|  0%| F|  |TAMS 0x000000076c400000| PB 0x000000076c400000| Untracked |  0
| 743|0x000000076c600000, 0x000000076c600000, 0x000000076c800000|  0%| F|  |TAMS 0x000000076c600000| PB 0x000000076c600000| Untracked |  0
| 744|0x000000076c800000, 0x000000076c800000, 0x000000076ca00000|  0%| F|  |TAMS 0x000000076c800000| PB 0x000000076c800000| Untracked |  0
| 745|0x000000076ca00000, 0x000000076ca00000, 0x000000076cc00000|  0%| F|  |TAMS 0x000000076ca00000| PB 0x000000076ca00000| Untracked |  0
| 746|0x000000076cc00000, 0x000000076cc00000, 0x000000076ce00000|  0%| F|  |TAMS 0x000000076cc00000| PB 0x000000076cc00000| Untracked |  0
| 747|0x000000076ce00000, 0x000000076ce00000, 0x000000076d000000|  0%| F|  |TAMS 0x000000076ce00000| PB 0x000000076ce00000| Untracked |  0
| 748|0x000000076d000000, 0x000000076d000000, 0x000000076d200000|  0%| F|  |TAMS 0x000000076d000000| PB 0x000000076d000000| Untracked |  0
| 749|0x000000076d200000, 0x000000076d200000, 0x000000076d400000|  0%| F|  |TAMS 0x000000076d200000| PB 0x000000076d200000| Untracked |  0
| 750|0x000000076d400000, 0x000000076d400000, 0x000000076d600000|  0%| F|  |TAMS 0x000000076d400000| PB 0x000000076d400000| Untracked |  0
| 751|0x000000076d600000, 0x000000076d600000, 0x000000076d800000|  0%| F|  |TAMS 0x000000076d600000| PB 0x000000076d600000| Untracked |  0
| 752|0x000000076d800000, 0x000000076d800000, 0x000000076da00000|  0%| F|  |TAMS 0x000000076d800000| PB 0x000000076d800000| Untracked |  0
| 753|0x000000076da00000, 0x000000076da00000, 0x000000076dc00000|  0%| F|  |TAMS 0x000000076da00000| PB 0x000000076da00000| Untracked |  0
| 754|0x000000076dc00000, 0x000000076dc00000, 0x000000076de00000|  0%| F|  |TAMS 0x000000076dc00000| PB 0x000000076dc00000| Untracked |  0
| 755|0x000000076de00000, 0x000000076de00000, 0x000000076e000000|  0%| F|  |TAMS 0x000000076de00000| PB 0x000000076de00000| Untracked |  0
| 756|0x000000076e000000, 0x000000076e000000, 0x000000076e200000|  0%| F|  |TAMS 0x000000076e000000| PB 0x000000076e000000| Untracked |  0
| 757|0x000000076e200000, 0x000000076e200000, 0x000000076e400000|  0%| F|  |TAMS 0x000000076e200000| PB 0x000000076e200000| Untracked |  0
| 758|0x000000076e400000, 0x000000076e400000, 0x000000076e600000|  0%| F|  |TAMS 0x000000076e400000| PB 0x000000076e400000| Untracked |  0
| 759|0x000000076e600000, 0x000000076e600000, 0x000000076e800000|  0%| F|  |TAMS 0x000000076e600000| PB 0x000000076e600000| Untracked |  0
| 760|0x000000076e800000, 0x000000076e800000, 0x000000076ea00000|  0%| F|  |TAMS 0x000000076e800000| PB 0x000000076e800000| Untracked |  0
| 761|0x000000076ea00000, 0x000000076ea00000, 0x000000076ec00000|  0%| F|  |TAMS 0x000000076ea00000| PB 0x000000076ea00000| Untracked |  0
| 762|0x000000076ec00000, 0x000000076ec00000, 0x000000076ee00000|  0%| F|  |TAMS 0x000000076ec00000| PB 0x000000076ec00000| Untracked |  0
| 763|0x000000076ee00000, 0x000000076ee00000, 0x000000076f000000|  0%| F|  |TAMS 0x000000076ee00000| PB 0x000000076ee00000| Untracked |  0
| 764|0x000000076f000000, 0x000000076f000000, 0x000000076f200000|  0%| F|  |TAMS 0x000000076f000000| PB 0x000000076f000000| Untracked |  0
| 765|0x000000076f200000, 0x000000076f200000, 0x000000076f400000|  0%| F|  |TAMS 0x000000076f200000| PB 0x000000076f200000| Untracked |  0
| 766|0x000000076f400000, 0x000000076f400000, 0x000000076f600000|  0%| F|  |TAMS 0x000000076f400000| PB 0x000000076f400000| Untracked |  0
| 767|0x000000076f600000, 0x000000076f600000, 0x000000076f800000|  0%| F|  |TAMS 0x000000076f600000| PB 0x000000076f600000| Untracked |  0
| 768|0x000000076f800000, 0x000000076f800000, 0x000000076fa00000|  0%| F|  |TAMS 0x000000076f800000| PB 0x000000076f800000| Untracked |  0
| 769|0x000000076fa00000, 0x000000076fa00000, 0x000000076fc00000|  0%| F|  |TAMS 0x000000076fa00000| PB 0x000000076fa00000| Untracked |  0
| 770|0x000000076fc00000, 0x000000076fc00000, 0x000000076fe00000|  0%| F|  |TAMS 0x000000076fc00000| PB 0x000000076fc00000| Untracked |  0
| 771|0x000000076fe00000, 0x000000076fe00000, 0x0000000770000000|  0%| F|  |TAMS 0x000000076fe00000| PB 0x000000076fe00000| Untracked |  0
| 772|0x0000000770000000, 0x0000000770000000, 0x0000000770200000|  0%| F|  |TAMS 0x0000000770000000| PB 0x0000000770000000| Untracked |  0
| 773|0x0000000770200000, 0x0000000770200000, 0x0000000770400000|  0%| F|  |TAMS 0x0000000770200000| PB 0x0000000770200000| Untracked |  0
| 774|0x0000000770400000, 0x0000000770400000, 0x0000000770600000|  0%| F|  |TAMS 0x0000000770400000| PB 0x0000000770400000| Untracked |  0
| 775|0x0000000770600000, 0x0000000770600000, 0x0000000770800000|  0%| F|  |TAMS 0x0000000770600000| PB 0x0000000770600000| Untracked |  0
| 776|0x0000000770800000, 0x0000000770800000, 0x0000000770a00000|  0%| F|  |TAMS 0x0000000770800000| PB 0x0000000770800000| Untracked |  0
| 777|0x0000000770a00000, 0x0000000770a00000, 0x0000000770c00000|  0%| F|  |TAMS 0x0000000770a00000| PB 0x0000000770a00000| Untracked |  0
| 778|0x0000000770c00000, 0x0000000770c00000, 0x0000000770e00000|  0%| F|  |TAMS 0x0000000770c00000| PB 0x0000000770c00000| Untracked |  0
| 779|0x0000000770e00000, 0x0000000770e00000, 0x0000000771000000|  0%| F|  |TAMS 0x0000000770e00000| PB 0x0000000770e00000| Untracked |  0
| 780|0x0000000771000000, 0x0000000771000000, 0x0000000771200000|  0%| F|  |TAMS 0x0000000771000000| PB 0x0000000771000000| Untracked |  0
| 781|0x0000000771200000, 0x0000000771200000, 0x0000000771400000|  0%| F|  |TAMS 0x0000000771200000| PB 0x0000000771200000| Untracked |  0
| 782|0x0000000771400000, 0x0000000771400000, 0x0000000771600000|  0%| F|  |TAMS 0x0000000771400000| PB 0x0000000771400000| Untracked |  0
| 783|0x0000000771600000, 0x0000000771600000, 0x0000000771800000|  0%| F|  |TAMS 0x0000000771600000| PB 0x0000000771600000| Untracked |  0
| 784|0x0000000771800000, 0x0000000771800000, 0x0000000771a00000|  0%| F|  |TAMS 0x0000000771800000| PB 0x0000000771800000| Untracked |  0
| 785|0x0000000771a00000, 0x0000000771a00000, 0x0000000771c00000|  0%| F|  |TAMS 0x0000000771a00000| PB 0x0000000771a00000| Untracked |  0
| 786|0x0000000771c00000, 0x0000000771c00000, 0x0000000771e00000|  0%| F|  |TAMS 0x0000000771c00000| PB 0x0000000771c00000| Untracked |  0
| 787|0x0000000771e00000, 0x0000000771e00000, 0x0000000772000000|  0%| F|  |TAMS 0x0000000771e00000| PB 0x0000000771e00000| Untracked |  0
| 788|0x0000000772000000, 0x0000000772000000, 0x0000000772200000|  0%| F|  |TAMS 0x0000000772000000| PB 0x0000000772000000| Untracked |  0
| 789|0x0000000772200000, 0x0000000772200000, 0x0000000772400000|  0%| F|  |TAMS 0x0000000772200000| PB 0x0000000772200000| Untracked |  0
| 790|0x0000000772400000, 0x0000000772400000, 0x0000000772600000|  0%| F|  |TAMS 0x0000000772400000| PB 0x0000000772400000| Untracked |  0
| 791|0x0000000772600000, 0x0000000772600000, 0x0000000772800000|  0%| F|  |TAMS 0x0000000772600000| PB 0x0000000772600000| Untracked |  0
| 792|0x0000000772800000, 0x0000000772800000, 0x0000000772a00000|  0%| F|  |TAMS 0x0000000772800000| PB 0x0000000772800000| Untracked |  0
| 793|0x0000000772a00000, 0x0000000772a00000, 0x0000000772c00000|  0%| F|  |TAMS 0x0000000772a00000| PB 0x0000000772a00000| Untracked |  0
| 794|0x0000000772c00000, 0x0000000772c00000, 0x0000000772e00000|  0%| F|  |TAMS 0x0000000772c00000| PB 0x0000000772c00000| Untracked |  0
| 795|0x0000000772e00000, 0x0000000772e00000, 0x0000000773000000|  0%| F|  |TAMS 0x0000000772e00000| PB 0x0000000772e00000| Untracked |  0
| 796|0x0000000773000000, 0x0000000773000000, 0x0000000773200000|  0%| F|  |TAMS 0x0000000773000000| PB 0x0000000773000000| Untracked |  0
| 797|0x0000000773200000, 0x0000000773200000, 0x0000000773400000|  0%| F|  |TAMS 0x0000000773200000| PB 0x0000000773200000| Untracked |  0
| 798|0x0000000773400000, 0x0000000773400000, 0x0000000773600000|  0%| F|  |TAMS 0x0000000773400000| PB 0x0000000773400000| Untracked |  0
| 799|0x0000000773600000, 0x0000000773600000, 0x0000000773800000|  0%| F|  |TAMS 0x0000000773600000| PB 0x0000000773600000| Untracked |  0
| 800|0x0000000773800000, 0x0000000773800000, 0x0000000773a00000|  0%| F|  |TAMS 0x0000000773800000| PB 0x0000000773800000| Untracked |  0
| 801|0x0000000773a00000, 0x0000000773a00000, 0x0000000773c00000|  0%| F|  |TAMS 0x0000000773a00000| PB 0x0000000773a00000| Untracked |  0
| 802|0x0000000773c00000, 0x0000000773c00000, 0x0000000773e00000|  0%| F|  |TAMS 0x0000000773c00000| PB 0x0000000773c00000| Untracked |  0
| 803|0x0000000773e00000, 0x0000000773e00000, 0x0000000774000000|  0%| F|  |TAMS 0x0000000773e00000| PB 0x0000000773e00000| Untracked |  0
| 804|0x0000000774000000, 0x0000000774000000, 0x0000000774200000|  0%| F|  |TAMS 0x0000000774000000| PB 0x0000000774000000| Untracked |  0
| 805|0x0000000774200000, 0x0000000774200000, 0x0000000774400000|  0%| F|  |TAMS 0x0000000774200000| PB 0x0000000774200000| Untracked |  0
| 806|0x0000000774400000, 0x0000000774400000, 0x0000000774600000|  0%| F|  |TAMS 0x0000000774400000| PB 0x0000000774400000| Untracked |  0
| 807|0x0000000774600000, 0x0000000774600000, 0x0000000774800000|  0%| F|  |TAMS 0x0000000774600000| PB 0x0000000774600000| Untracked |  0
| 808|0x0000000774800000, 0x0000000774800000, 0x0000000774a00000|  0%| F|  |TAMS 0x0000000774800000| PB 0x0000000774800000| Untracked |  0
| 809|0x0000000774a00000, 0x0000000774a00000, 0x0000000774c00000|  0%| F|  |TAMS 0x0000000774a00000| PB 0x0000000774a00000| Untracked |  0
| 810|0x0000000774c00000, 0x0000000774c00000, 0x0000000774e00000|  0%| F|  |TAMS 0x0000000774c00000| PB 0x0000000774c00000| Untracked |  0
| 811|0x0000000774e00000, 0x0000000774e00000, 0x0000000775000000|  0%| F|  |TAMS 0x0000000774e00000| PB 0x0000000774e00000| Untracked |  0
| 812|0x0000000775000000, 0x0000000775000000, 0x0000000775200000|  0%| F|  |TAMS 0x0000000775000000| PB 0x0000000775000000| Untracked |  0
| 813|0x0000000775200000, 0x0000000775200000, 0x0000000775400000|  0%| F|  |TAMS 0x0000000775200000| PB 0x0000000775200000| Untracked |  0
| 814|0x0000000775400000, 0x0000000775400000, 0x0000000775600000|  0%| F|  |TAMS 0x0000000775400000| PB 0x0000000775400000| Untracked |  0
| 815|0x0000000775600000, 0x0000000775600000, 0x0000000775800000|  0%| F|  |TAMS 0x0000000775600000| PB 0x0000000775600000| Untracked |  0
| 816|0x0000000775800000, 0x0000000775800000, 0x0000000775a00000|  0%| F|  |TAMS 0x0000000775800000| PB 0x0000000775800000| Untracked |  0
| 817|0x0000000775a00000, 0x0000000775a00000, 0x0000000775c00000|  0%| F|  |TAMS 0x0000000775a00000| PB 0x0000000775a00000| Untracked |  0
| 818|0x0000000775c00000, 0x0000000775c00000, 0x0000000775e00000|  0%| F|  |TAMS 0x0000000775c00000| PB 0x0000000775c00000| Untracked |  0
| 819|0x0000000775e00000, 0x0000000775e00000, 0x0000000776000000|  0%| F|  |TAMS 0x0000000775e00000| PB 0x0000000775e00000| Untracked |  0
| 820|0x0000000776000000, 0x0000000776000000, 0x0000000776200000|  0%| F|  |TAMS 0x0000000776000000| PB 0x0000000776000000| Untracked |  0
| 821|0x0000000776200000, 0x0000000776200000, 0x0000000776400000|  0%| F|  |TAMS 0x0000000776200000| PB 0x0000000776200000| Untracked |  0
| 822|0x0000000776400000, 0x0000000776400000, 0x0000000776600000|  0%| F|  |TAMS 0x0000000776400000| PB 0x0000000776400000| Untracked |  0
| 823|0x0000000776600000, 0x0000000776600000, 0x0000000776800000|  0%| F|  |TAMS 0x0000000776600000| PB 0x0000000776600000| Untracked |  0
| 824|0x0000000776800000, 0x0000000776800000, 0x0000000776a00000|  0%| F|  |TAMS 0x0000000776800000| PB 0x0000000776800000| Untracked |  0
| 825|0x0000000776a00000, 0x0000000776a00000, 0x0000000776c00000|  0%| F|  |TAMS 0x0000000776a00000| PB 0x0000000776a00000| Untracked |  0
| 826|0x0000000776c00000, 0x0000000776c00000, 0x0000000776e00000|  0%| F|  |TAMS 0x0000000776c00000| PB 0x0000000776c00000| Untracked |  0
| 827|0x0000000776e00000, 0x0000000776e00000, 0x0000000777000000|  0%| F|  |TAMS 0x0000000776e00000| PB 0x0000000776e00000| Untracked |  0
| 828|0x0000000777000000, 0x0000000777000000, 0x0000000777200000|  0%| F|  |TAMS 0x0000000777000000| PB 0x0000000777000000| Untracked |  0
|1737|0x00000007e8a00000, 0x00000007e8c00000, 0x00000007e8c00000|100%| O|Cm|TAMS 0x00000007e8a00000| PB 0x00000007e8a00000| Complete |  0
|1738|0x00000007e8c00000, 0x00000007e8e00000, 0x00000007e8e00000|100%| O|Cm|TAMS 0x00000007e8c00000| PB 0x00000007e8c00000| Complete |  0
|1739|0x00000007e8e00000, 0x00000007e9000000, 0x00000007e9000000|100%| O|Cm|TAMS 0x00000007e8e00000| PB 0x00000007e8e00000| Complete |  0
|1740|0x00000007e9000000, 0x00000007e9200000, 0x00000007e9200000|100%| O|  |TAMS 0x00000007e9000000| PB 0x00000007e9000000| Untracked |  0
|1741|0x00000007e9200000, 0x00000007e9400000, 0x00000007e9400000|100%| O|  |TAMS 0x00000007e9200000| PB 0x00000007e9200000| Untracked |  0
|1742|0x00000007e9400000, 0x00000007e9600000, 0x00000007e9600000|100%| O|Cm|TAMS 0x00000007e9400000| PB 0x00000007e9400000| Complete |  0
|1743|0x00000007e9600000, 0x00000007e9800000, 0x00000007e9800000|100%| O|Cm|TAMS 0x00000007e9600000| PB 0x00000007e9600000| Complete |  0
|1744|0x00000007e9800000, 0x00000007e9a00000, 0x00000007e9a00000|100%| O|  |TAMS 0x00000007e9800000| PB 0x00000007e9800000| Untracked |  0
|1745|0x00000007e9a00000, 0x00000007e9c00000, 0x00000007e9c00000|100%| O|  |TAMS 0x00000007e9a00000| PB 0x00000007e9a00000| Untracked |  0
|1746|0x00000007e9c00000, 0x00000007e9e00000, 0x00000007e9e00000|100%| O|  |TAMS 0x00000007e9c00000| PB 0x00000007e9c00000| Untracked |  0
|1747|0x00000007e9e00000, 0x00000007ea000000, 0x00000007ea000000|100%| O|Cm|TAMS 0x00000007e9e00000| PB 0x00000007e9e00000| Complete |  0
|1748|0x00000007ea000000, 0x00000007ea200000, 0x00000007ea200000|100%| O|Cm|TAMS 0x00000007ea000000| PB 0x00000007ea000000| Complete |  0
|1749|0x00000007ea200000, 0x00000007ea400000, 0x00000007ea400000|100%| O|Cm|TAMS 0x00000007ea200000| PB 0x00000007ea200000| Complete |  0
|1750|0x00000007ea400000, 0x00000007ea600000, 0x00000007ea600000|100%| O|Cm|TAMS 0x00000007ea400000| PB 0x00000007ea400000| Complete |  0
|1751|0x00000007ea600000, 0x00000007ea800000, 0x00000007ea800000|100%| O|  |TAMS 0x00000007ea600000| PB 0x00000007ea600000| Untracked |  0
|1752|0x00000007ea800000, 0x00000007eaa00000, 0x00000007eaa00000|100%| O|  |TAMS 0x00000007ea800000| PB 0x00000007ea800000| Untracked |  0
|1753|0x00000007eaa00000, 0x00000007eac00000, 0x00000007eac00000|100%| O|Cm|TAMS 0x00000007eaa00000| PB 0x00000007eaa00000| Complete |  0
|1754|0x00000007eac00000, 0x00000007eae00000, 0x00000007eae00000|100%| O|Cm|TAMS 0x00000007eac00000| PB 0x00000007eac00000| Complete |  0
|1755|0x00000007eae00000, 0x00000007eb000000, 0x00000007eb000000|100%| O|  |TAMS 0x00000007eae00000| PB 0x00000007eae00000| Untracked |  0
|1756|0x00000007eb000000, 0x00000007eb200000, 0x00000007eb200000|100%| O|Cm|TAMS 0x00000007eb000000| PB 0x00000007eb000000| Complete |  0
|1757|0x00000007eb200000, 0x00000007eb400000, 0x00000007eb400000|100%| O|  |TAMS 0x00000007eb200000| PB 0x00000007eb200000| Untracked |  0
|1758|0x00000007eb400000, 0x00000007eb600000, 0x00000007eb600000|100%| O|  |TAMS 0x00000007eb400000| PB 0x00000007eb400000| Untracked |  0
|1759|0x00000007eb600000, 0x00000007eb800000, 0x00000007eb800000|100%| O|  |TAMS 0x00000007eb600000| PB 0x00000007eb600000| Untracked |  0
|1760|0x00000007eb800000, 0x00000007eba00000, 0x00000007eba00000|100%| O|  |TAMS 0x00000007eb800000| PB 0x00000007eb800000| Untracked |  0
|1761|0x00000007eba00000, 0x00000007ebc00000, 0x00000007ebc00000|100%| O|  |TAMS 0x00000007eba00000| PB 0x00000007eba00000| Untracked |  0
|1762|0x00000007ebc00000, 0x00000007ebe00000, 0x00000007ebe00000|100%| O|  |TAMS 0x00000007ebc00000| PB 0x00000007ebc00000| Untracked |  0
|1763|0x00000007ebe00000, 0x00000007ec000000, 0x00000007ec000000|100%| O|  |TAMS 0x00000007ebe00000| PB 0x00000007ebe00000| Untracked |  0
|1764|0x00000007ec000000, 0x00000007ec200000, 0x00000007ec200000|100%| O|  |TAMS 0x00000007ec000000| PB 0x00000007ec000000| Untracked |  0
|1765|0x00000007ec200000, 0x00000007ec400000, 0x00000007ec400000|100%| O|  |TAMS 0x00000007ec200000| PB 0x00000007ec200000| Untracked |  0
|1766|0x00000007ec400000, 0x00000007ec600000, 0x00000007ec600000|100%| O|  |TAMS 0x00000007ec400000| PB 0x00000007ec400000| Untracked |  0
|1767|0x00000007ec600000, 0x00000007ec800000, 0x00000007ec800000|100%| O|  |TAMS 0x00000007ec600000| PB 0x00000007ec600000| Untracked |  0
|1768|0x00000007ec800000, 0x00000007eca00000, 0x00000007eca00000|100%| O|  |TAMS 0x00000007ec800000| PB 0x00000007ec800000| Untracked |  0
|1769|0x00000007eca00000, 0x00000007ecc00000, 0x00000007ecc00000|100%| O|  |TAMS 0x00000007eca00000| PB 0x00000007eca00000| Untracked |  0
|1770|0x00000007ecc00000, 0x00000007ece00000, 0x00000007ece00000|100%| O|  |TAMS 0x00000007ecc00000| PB 0x00000007ecc00000| Untracked |  0
|1771|0x00000007ece00000, 0x00000007ed000000, 0x00000007ed000000|100%| O|  |TAMS 0x00000007ece00000| PB 0x00000007ece00000| Untracked |  0
|1772|0x00000007ed000000, 0x00000007ed200000, 0x00000007ed200000|100%| O|  |TAMS 0x00000007ed000000| PB 0x00000007ed000000| Untracked |  0
|1773|0x00000007ed200000, 0x00000007ed400000, 0x00000007ed400000|100%| O|  |TAMS 0x00000007ed200000| PB 0x00000007ed200000| Untracked |  0
|1774|0x00000007ed400000, 0x00000007ed600000, 0x00000007ed600000|100%| O|  |TAMS 0x00000007ed400000| PB 0x00000007ed400000| Untracked |  0
|1775|0x00000007ed600000, 0x00000007ed800000, 0x00000007ed800000|100%| O|  |TAMS 0x00000007ed600000| PB 0x00000007ed600000| Untracked |  0
|1776|0x00000007ed800000, 0x00000007eda00000, 0x00000007eda00000|100%| O|  |TAMS 0x00000007ed800000| PB 0x00000007ed800000| Untracked |  0
|1777|0x00000007eda00000, 0x00000007edc00000, 0x00000007edc00000|100%| O|  |TAMS 0x00000007eda00000| PB 0x00000007eda00000| Untracked |  0
|1778|0x00000007edc00000, 0x00000007ede00000, 0x00000007ede00000|100%| O|  |TAMS 0x00000007edc00000| PB 0x00000007edc00000| Untracked |  0
|1779|0x00000007ede00000, 0x00000007ee000000, 0x00000007ee000000|100%| O|  |TAMS 0x00000007ede00000| PB 0x00000007ede00000| Untracked |  0
|1780|0x00000007ee000000, 0x00000007ee200000, 0x00000007ee200000|100%| O|  |TAMS 0x00000007ee000000| PB 0x00000007ee000000| Untracked |  0
|1781|0x00000007ee200000, 0x00000007ee400000, 0x00000007ee400000|100%| O|  |TAMS 0x00000007ee200000| PB 0x00000007ee200000| Untracked |  0
|1782|0x00000007ee400000, 0x00000007ee600000, 0x00000007ee600000|100%| O|  |TAMS 0x00000007ee400000| PB 0x00000007ee400000| Untracked |  0
|1783|0x00000007ee600000, 0x00000007ee800000, 0x00000007ee800000|100%| O|  |TAMS 0x00000007ee600000| PB 0x00000007ee600000| Untracked |  0
|1784|0x00000007ee800000, 0x00000007eea00000, 0x00000007eea00000|100%| O|  |TAMS 0x00000007ee800000| PB 0x00000007ee800000| Untracked |  0
|1785|0x00000007eea00000, 0x00000007eec00000, 0x00000007eec00000|100%| O|  |TAMS 0x00000007eea00000| PB 0x00000007eea00000| Untracked |  0
|1786|0x00000007eec00000, 0x00000007eee00000, 0x00000007eee00000|100%| O|  |TAMS 0x00000007eec00000| PB 0x00000007eec00000| Untracked |  0
|1787|0x00000007eee00000, 0x00000007ef000000, 0x00000007ef000000|100%| O|  |TAMS 0x00000007eee00000| PB 0x00000007eee00000| Untracked |  0
|1788|0x00000007ef000000, 0x00000007ef000000, 0x00000007ef200000|  0%| F|  |TAMS 0x00000007ef000000| PB 0x00000007ef000000| Untracked |  0
|1789|0x00000007ef200000, 0x00000007ef200000, 0x00000007ef400000|  0%| F|  |TAMS 0x00000007ef200000| PB 0x00000007ef200000| Untracked |  0
|1790|0x00000007ef400000, 0x00000007ef600000, 0x00000007ef600000|100%| O|  |TAMS 0x00000007ef400000| PB 0x00000007ef400000| Untracked |  0
|1791|0x00000007ef600000, 0x00000007ef800000, 0x00000007ef800000|100%| O|  |TAMS 0x00000007ef600000| PB 0x00000007ef600000| Untracked |  0
|1792|0x00000007ef800000, 0x00000007ef800000, 0x00000007efa00000|  0%| F|  |TAMS 0x00000007ef800000| PB 0x00000007ef800000| Untracked |  0
|1793|0x00000007efa00000, 0x00000007efc00000, 0x00000007efc00000|100%| O|  |TAMS 0x00000007efa00000| PB 0x00000007efa00000| Untracked |  0
|1794|0x00000007efc00000, 0x00000007efc00000, 0x00000007efe00000|  0%| F|  |TAMS 0x00000007efc00000| PB 0x00000007efc00000| Untracked |  0
|1795|0x00000007efe00000, 0x00000007f0000000, 0x00000007f0000000|100%| O|Cm|TAMS 0x00000007efe00000| PB 0x00000007efe00000| Complete |  0
|1796|0x00000007f0000000, 0x00000007f0200000, 0x00000007f0200000|100%| O|Cm|TAMS 0x00000007f0000000| PB 0x00000007f0000000| Complete |  0
|1797|0x00000007f0200000, 0x00000007f0400000, 0x00000007f0400000|100%| O|  |TAMS 0x00000007f0200000| PB 0x00000007f0200000| Untracked |  0
|1798|0x00000007f0400000, 0x00000007f0600000, 0x00000007f0600000|100%| O|  |TAMS 0x00000007f0400000| PB 0x00000007f0400000| Untracked |  0
|1799|0x00000007f0600000, 0x00000007f0800000, 0x00000007f0800000|100%| O|  |TAMS 0x00000007f0600000| PB 0x00000007f0600000| Untracked |  0
|1800|0x00000007f0800000, 0x00000007f0a00000, 0x00000007f0a00000|100%| O|  |TAMS 0x00000007f0800000| PB 0x00000007f0800000| Untracked |  0
|1801|0x00000007f0a00000, 0x00000007f0c00000, 0x00000007f0c00000|100%| O|  |TAMS 0x00000007f0a00000| PB 0x00000007f0a00000| Untracked |  0
|1802|0x00000007f0c00000, 0x00000007f0e00000, 0x00000007f0e00000|100%| O|  |TAMS 0x00000007f0c00000| PB 0x00000007f0c00000| Untracked |  0
|1803|0x00000007f0e00000, 0x00000007f1000000, 0x00000007f1000000|100%| O|  |TAMS 0x00000007f0e00000| PB 0x00000007f0e00000| Untracked |  0
|1804|0x00000007f1000000, 0x00000007f1200000, 0x00000007f1200000|100%| O|  |TAMS 0x00000007f1000000| PB 0x00000007f1000000| Untracked |  0
|1805|0x00000007f1200000, 0x00000007f1400000, 0x00000007f1400000|100%| O|Cm|TAMS 0x00000007f1200000| PB 0x00000007f1200000| Complete |  0
|1806|0x00000007f1400000, 0x00000007f1600000, 0x00000007f1600000|100%| O|Cm|TAMS 0x00000007f1400000| PB 0x00000007f1400000| Complete |  0
|1807|0x00000007f1600000, 0x00000007f1600000, 0x00000007f1800000|  0%| F|  |TAMS 0x00000007f1600000| PB 0x00000007f1600000| Untracked |  0
|1808|0x00000007f1800000, 0x00000007f1a00000, 0x00000007f1a00000|100%| O|Cm|TAMS 0x00000007f1800000| PB 0x00000007f1800000| Complete |  0
|1809|0x00000007f1a00000, 0x00000007f1c00000, 0x00000007f1c00000|100%| O|  |TAMS 0x00000007f1a00000| PB 0x00000007f1a00000| Untracked |  0
|1810|0x00000007f1c00000, 0x00000007f1e00000, 0x00000007f1e00000|100%| O|  |TAMS 0x00000007f1c00000| PB 0x00000007f1c00000| Untracked |  0
|1811|0x00000007f1e00000, 0x00000007f2000000, 0x00000007f2000000|100%| O|Cm|TAMS 0x00000007f1e00000| PB 0x00000007f1e00000| Complete |  0
|1812|0x00000007f2000000, 0x00000007f2200000, 0x00000007f2200000|100%| O|  |TAMS 0x00000007f2000000| PB 0x00000007f2000000| Untracked |  0
|1813|0x00000007f2200000, 0x00000007f2400000, 0x00000007f2400000|100%| O|Cm|TAMS 0x00000007f2200000| PB 0x00000007f2200000| Complete |  0
|1814|0x00000007f2400000, 0x00000007f2600000, 0x00000007f2600000|100%| O|  |TAMS 0x00000007f2400000| PB 0x00000007f2400000| Untracked |  0
|1815|0x00000007f2600000, 0x00000007f2800000, 0x00000007f2800000|100%| O|  |TAMS 0x00000007f2600000| PB 0x00000007f2600000| Untracked |  0
|1816|0x00000007f2800000, 0x00000007f2a00000, 0x00000007f2a00000|100%| O|  |TAMS 0x00000007f2800000| PB 0x00000007f2800000| Untracked |  0
|1817|0x00000007f2a00000, 0x00000007f2c00000, 0x00000007f2c00000|100%| O|  |TAMS 0x00000007f2a00000| PB 0x00000007f2a00000| Untracked |  0
|1818|0x00000007f2c00000, 0x00000007f2e00000, 0x00000007f2e00000|100%| O|Cm|TAMS 0x00000007f2c00000| PB 0x00000007f2c00000| Complete |  0
|1819|0x00000007f2e00000, 0x00000007f3000000, 0x00000007f3000000|100%| O|  |TAMS 0x00000007f2e00000| PB 0x00000007f2e00000| Untracked |  0
|1820|0x00000007f3000000, 0x00000007f30ac8e8, 0x00000007f3200000| 33%| E|  |TAMS 0x00000007f3000000| PB 0x00000007f3000000| Complete |  0
|1821|0x00000007f3200000, 0x00000007f3400000, 0x00000007f3400000|100%| E|CS|TAMS 0x00000007f3200000| PB 0x00000007f3200000| Complete |  0
|1822|0x00000007f3400000, 0x00000007f3600000, 0x00000007f3600000|100%| O|Cm|TAMS 0x00000007f3400000| PB 0x00000007f3400000| Complete |  0
|1823|0x00000007f3600000, 0x00000007f3800000, 0x00000007f3800000|100%| O|Cm|TAMS 0x00000007f3600000| PB 0x00000007f3600000| Complete |  0
|1824|0x00000007f3800000, 0x00000007f3a00000, 0x00000007f3a00000|100%| O|  |TAMS 0x00000007f3800000| PB 0x00000007f3800000| Untracked |  0
|1825|0x00000007f3a00000, 0x00000007f3c00000, 0x00000007f3c00000|100%| E|CS|TAMS 0x00000007f3a00000| PB 0x00000007f3a00000| Complete |  0
|1826|0x00000007f3c00000, 0x00000007f3e00000, 0x00000007f3e00000|100%| E|CS|TAMS 0x00000007f3c00000| PB 0x00000007f3c00000| Complete |  0
|1827|0x00000007f3e00000, 0x00000007f4000000, 0x00000007f4000000|100%| E|CS|TAMS 0x00000007f3e00000| PB 0x00000007f3e00000| Complete |  0
|1828|0x00000007f4000000, 0x00000007f4200000, 0x00000007f4200000|100%| E|CS|TAMS 0x00000007f4000000| PB 0x00000007f4000000| Complete |  0
|1829|0x00000007f4200000, 0x00000007f4400000, 0x00000007f4400000|100%| O|  |TAMS 0x00000007f4200000| PB 0x00000007f4200000| Untracked |  0
|1830|0x00000007f4400000, 0x00000007f4600000, 0x00000007f4600000|100%| E|CS|TAMS 0x00000007f4400000| PB 0x00000007f4400000| Complete |  0
|1831|0x00000007f4600000, 0x00000007f4800000, 0x00000007f4800000|100%| E|CS|TAMS 0x00000007f4600000| PB 0x00000007f4600000| Complete |  0
|1832|0x00000007f4800000, 0x00000007f4a00000, 0x00000007f4a00000|100%| O|Cm|TAMS 0x00000007f4800000| PB 0x00000007f4800000| Complete |  0
|1833|0x00000007f4a00000, 0x00000007f4c00000, 0x00000007f4c00000|100%| E|CS|TAMS 0x00000007f4a00000| PB 0x00000007f4a00000| Complete |  0
|1834|0x00000007f4c00000, 0x00000007f4e00000, 0x00000007f4e00000|100%| E|CS|TAMS 0x00000007f4c00000| PB 0x00000007f4c00000| Complete |  0
|1835|0x00000007f4e00000, 0x00000007f5000000, 0x00000007f5000000|100%| E|  |TAMS 0x00000007f4e00000| PB 0x00000007f4e00000| Complete |  0
|1836|0x00000007f5000000, 0x00000007f5200000, 0x00000007f5200000|100%| E|CS|TAMS 0x00000007f5000000| PB 0x00000007f5000000| Complete |  0
|1837|0x00000007f5200000, 0x00000007f5400000, 0x00000007f5400000|100%| E|CS|TAMS 0x00000007f5200000| PB 0x00000007f5200000| Complete |  0
|1838|0x00000007f5400000, 0x00000007f5600000, 0x00000007f5600000|100%| E|CS|TAMS 0x00000007f5400000| PB 0x00000007f5400000| Complete |  0
|1839|0x00000007f5600000, 0x00000007f5800000, 0x00000007f5800000|100%| E|CS|TAMS 0x00000007f5600000| PB 0x00000007f5600000| Complete |  0
|1840|0x00000007f5800000, 0x00000007f5a00000, 0x00000007f5a00000|100%| E|CS|TAMS 0x00000007f5800000| PB 0x00000007f5800000| Complete |  0
|1841|0x00000007f5a00000, 0x00000007f5c00000, 0x00000007f5c00000|100%| E|CS|TAMS 0x00000007f5a00000| PB 0x00000007f5a00000| Complete |  0
|1842|0x00000007f5c00000, 0x00000007f5e00000, 0x00000007f5e00000|100%| E|CS|TAMS 0x00000007f5c00000| PB 0x00000007f5c00000| Complete |  0
|1843|0x00000007f5e00000, 0x00000007f6000000, 0x00000007f6000000|100%| E|CS|TAMS 0x00000007f5e00000| PB 0x00000007f5e00000| Complete |  0
|1844|0x00000007f6000000, 0x00000007f6200000, 0x00000007f6200000|100%| E|CS|TAMS 0x00000007f6000000| PB 0x00000007f6000000| Complete |  0
|1845|0x00000007f6200000, 0x00000007f6400000, 0x00000007f6400000|100%| E|CS|TAMS 0x00000007f6200000| PB 0x00000007f6200000| Complete |  0
|1846|0x00000007f6400000, 0x00000007f6600000, 0x00000007f6600000|100%| E|CS|TAMS 0x00000007f6400000| PB 0x00000007f6400000| Complete |  0
|1847|0x00000007f6600000, 0x00000007f6800000, 0x00000007f6800000|100%| E|CS|TAMS 0x00000007f6600000| PB 0x00000007f6600000| Complete |  0
|1848|0x00000007f6800000, 0x00000007f6a00000, 0x00000007f6a00000|100%| E|CS|TAMS 0x00000007f6800000| PB 0x00000007f6800000| Complete |  0
|1849|0x00000007f6a00000, 0x00000007f6c00000, 0x00000007f6c00000|100%| E|CS|TAMS 0x00000007f6a00000| PB 0x00000007f6a00000| Complete |  0
|1850|0x00000007f6c00000, 0x00000007f6e00000, 0x00000007f6e00000|100%| E|CS|TAMS 0x00000007f6c00000| PB 0x00000007f6c00000| Complete |  0
|1851|0x00000007f6e00000, 0x00000007f7000000, 0x00000007f7000000|100%| E|CS|TAMS 0x00000007f6e00000| PB 0x00000007f6e00000| Complete |  0
|1852|0x00000007f7000000, 0x00000007f7200000, 0x00000007f7200000|100%| E|CS|TAMS 0x00000007f7000000| PB 0x00000007f7000000| Complete |  0
|1853|0x00000007f7200000, 0x00000007f7400000, 0x00000007f7400000|100%| E|CS|TAMS 0x00000007f7200000| PB 0x00000007f7200000| Complete |  0
|1854|0x00000007f7400000, 0x00000007f7600000, 0x00000007f7600000|100%| E|CS|TAMS 0x00000007f7400000| PB 0x00000007f7400000| Complete |  0
|1855|0x00000007f7600000, 0x00000007f7800000, 0x00000007f7800000|100%| E|CS|TAMS 0x00000007f7600000| PB 0x00000007f7600000| Complete |  0
|1856|0x00000007f7800000, 0x00000007f7a00000, 0x00000007f7a00000|100%| E|CS|TAMS 0x00000007f7800000| PB 0x00000007f7800000| Complete |  0
|1857|0x00000007f7a00000, 0x00000007f7c00000, 0x00000007f7c00000|100%| E|CS|TAMS 0x00000007f7a00000| PB 0x00000007f7a00000| Complete |  0
|1858|0x00000007f7c00000, 0x00000007f7e00000, 0x00000007f7e00000|100%| E|CS|TAMS 0x00000007f7c00000| PB 0x00000007f7c00000| Complete |  0
|1859|0x00000007f7e00000, 0x00000007f8000000, 0x00000007f8000000|100%| E|CS|TAMS 0x00000007f7e00000| PB 0x00000007f7e00000| Complete |  0
|1860|0x00000007f8000000, 0x00000007f8200000, 0x00000007f8200000|100%| E|CS|TAMS 0x00000007f8000000| PB 0x00000007f8000000| Complete |  0
|1861|0x00000007f8200000, 0x00000007f8400000, 0x00000007f8400000|100%| E|CS|TAMS 0x00000007f8200000| PB 0x00000007f8200000| Complete |  0
|1862|0x00000007f8400000, 0x00000007f8600000, 0x00000007f8600000|100%| E|CS|TAMS 0x00000007f8400000| PB 0x00000007f8400000| Complete |  0
|1863|0x00000007f8600000, 0x00000007f8800000, 0x00000007f8800000|100%| E|CS|TAMS 0x00000007f8600000| PB 0x00000007f8600000| Complete |  0
|1864|0x00000007f8800000, 0x00000007f8a00000, 0x00000007f8a00000|100%| E|CS|TAMS 0x00000007f8800000| PB 0x00000007f8800000| Complete |  0
|1865|0x00000007f8a00000, 0x00000007f8c00000, 0x00000007f8c00000|100%| E|CS|TAMS 0x00000007f8a00000| PB 0x00000007f8a00000| Complete |  0
|1866|0x00000007f8c00000, 0x00000007f8e00000, 0x00000007f8e00000|100%| E|CS|TAMS 0x00000007f8c00000| PB 0x00000007f8c00000| Complete |  0
|1867|0x00000007f8e00000, 0x00000007f9000000, 0x00000007f9000000|100%| E|CS|TAMS 0x00000007f8e00000| PB 0x00000007f8e00000| Complete |  0
|1868|0x00000007f9000000, 0x00000007f9200000, 0x00000007f9200000|100%| E|CS|TAMS 0x00000007f9000000| PB 0x00000007f9000000| Complete |  0
|1869|0x00000007f9200000, 0x00000007f9400000, 0x00000007f9400000|100%| E|CS|TAMS 0x00000007f9200000| PB 0x00000007f9200000| Complete |  0
|1870|0x00000007f9400000, 0x00000007f9600000, 0x00000007f9600000|100%| E|CS|TAMS 0x00000007f9400000| PB 0x00000007f9400000| Complete |  0
|1871|0x00000007f9600000, 0x00000007f9800000, 0x00000007f9800000|100%| E|CS|TAMS 0x00000007f9600000| PB 0x00000007f9600000| Complete |  0
|1872|0x00000007f9800000, 0x00000007f9a00000, 0x00000007f9a00000|100%| E|CS|TAMS 0x00000007f9800000| PB 0x00000007f9800000| Complete |  0
|1873|0x00000007f9a00000, 0x00000007f9c00000, 0x00000007f9c00000|100%| E|CS|TAMS 0x00000007f9a00000| PB 0x00000007f9a00000| Complete |  0
|1874|0x00000007f9c00000, 0x00000007f9e00000, 0x00000007f9e00000|100%| E|CS|TAMS 0x00000007f9c00000| PB 0x00000007f9c00000| Complete |  0
|1875|0x00000007f9e00000, 0x00000007fa000000, 0x00000007fa000000|100%| E|CS|TAMS 0x00000007f9e00000| PB 0x00000007f9e00000| Complete |  0
|1876|0x00000007fa000000, 0x00000007fa200000, 0x00000007fa200000|100%| E|CS|TAMS 0x00000007fa000000| PB 0x00000007fa000000| Complete |  0
|1877|0x00000007fa200000, 0x00000007fa400000, 0x00000007fa400000|100%| E|CS|TAMS 0x00000007fa200000| PB 0x00000007fa200000| Complete |  0
|1878|0x00000007fa400000, 0x00000007fa600000, 0x00000007fa600000|100%| E|CS|TAMS 0x00000007fa400000| PB 0x00000007fa400000| Complete |  0
|1879|0x00000007fa600000, 0x00000007fa800000, 0x00000007fa800000|100%| O|  |TAMS 0x00000007fa600000| PB 0x00000007fa600000| Untracked |  0
|1880|0x00000007fa800000, 0x00000007faa00000, 0x00000007faa00000|100%| O|  |TAMS 0x00000007fa800000| PB 0x00000007fa800000| Untracked |  0
|1881|0x00000007faa00000, 0x00000007fac00000, 0x00000007fac00000|100%| E|CS|TAMS 0x00000007faa00000| PB 0x00000007faa00000| Complete |  0
|1882|0x00000007fac00000, 0x00000007fae00000, 0x00000007fae00000|100%| E|CS|TAMS 0x00000007fac00000| PB 0x00000007fac00000| Complete |  0
|1883|0x00000007fae00000, 0x00000007fb000000, 0x00000007fb000000|100%| O|  |TAMS 0x00000007fae00000| PB 0x00000007fae00000| Untracked |  0
|1884|0x00000007fb000000, 0x00000007fb200000, 0x00000007fb200000|100%| E|CS|TAMS 0x00000007fb000000| PB 0x00000007fb000000| Complete |  0
|1885|0x00000007fb200000, 0x00000007fb400000, 0x00000007fb400000|100%| E|CS|TAMS 0x00000007fb200000| PB 0x00000007fb200000| Complete |  0
|1886|0x00000007fb400000, 0x00000007fb600000, 0x00000007fb600000|100%| O|  |TAMS 0x00000007fb400000| PB 0x00000007fb400000| Untracked |  0
|1887|0x00000007fb600000, 0x00000007fb800000, 0x00000007fb800000|100%| E|CS|TAMS 0x00000007fb600000| PB 0x00000007fb600000| Complete |  0
|1888|0x00000007fb800000, 0x00000007fba00000, 0x00000007fba00000|100%| E|CS|TAMS 0x00000007fb800000| PB 0x00000007fb800000| Complete |  0
|1889|0x00000007fba00000, 0x00000007fbc00000, 0x00000007fbc00000|100%| E|CS|TAMS 0x00000007fba00000| PB 0x00000007fba00000| Complete |  0
|1890|0x00000007fbc00000, 0x00000007fbe00000, 0x00000007fbe00000|100%| E|CS|TAMS 0x00000007fbc00000| PB 0x00000007fbc00000| Complete |  0
|1891|0x00000007fbe00000, 0x00000007fc000000, 0x00000007fc000000|100%| E|CS|TAMS 0x00000007fbe00000| PB 0x00000007fbe00000| Complete |  0
|1892|0x00000007fc000000, 0x00000007fc200000, 0x00000007fc200000|100%| E|CS|TAMS 0x00000007fc000000| PB 0x00000007fc000000| Complete |  0
|1893|0x00000007fc200000, 0x00000007fc400000, 0x00000007fc400000|100%| E|CS|TAMS 0x00000007fc200000| PB 0x00000007fc200000| Complete |  0
|1894|0x00000007fc400000, 0x00000007fc600000, 0x00000007fc600000|100%| E|CS|TAMS 0x00000007fc400000| PB 0x00000007fc400000| Complete |  0
|1895|0x00000007fc600000, 0x00000007fc800000, 0x00000007fc800000|100%| E|CS|TAMS 0x00000007fc600000| PB 0x00000007fc600000| Complete |  0
|1896|0x00000007fc800000, 0x00000007fca00000, 0x00000007fca00000|100%| E|CS|TAMS 0x00000007fc800000| PB 0x00000007fc800000| Complete |  0
|1897|0x00000007fca00000, 0x00000007fcc00000, 0x00000007fcc00000|100%| E|CS|TAMS 0x00000007fca00000| PB 0x00000007fca00000| Complete |  0
|1898|0x00000007fcc00000, 0x00000007fce00000, 0x00000007fce00000|100%| E|CS|TAMS 0x00000007fcc00000| PB 0x00000007fcc00000| Complete |  0
|1899|0x00000007fce00000, 0x00000007fd000000, 0x00000007fd000000|100%| E|CS|TAMS 0x00000007fce00000| PB 0x00000007fce00000| Complete |  0
|1900|0x00000007fd000000, 0x00000007fd200000, 0x00000007fd200000|100%| E|CS|TAMS 0x00000007fd000000| PB 0x00000007fd000000| Complete |  0
|1901|0x00000007fd200000, 0x00000007fd400000, 0x00000007fd400000|100%| O|  |TAMS 0x00000007fd200000| PB 0x00000007fd200000| Untracked |  0
|1902|0x00000007fd400000, 0x00000007fd600000, 0x00000007fd600000|100%| O|  |TAMS 0x00000007fd400000| PB 0x00000007fd400000| Untracked |  0
|1903|0x00000007fd600000, 0x00000007fd800000, 0x00000007fd800000|100%| E|CS|TAMS 0x00000007fd600000| PB 0x00000007fd600000| Complete |  0
|1904|0x00000007fd800000, 0x00000007fda00000, 0x00000007fda00000|100%| E|CS|TAMS 0x00000007fd800000| PB 0x00000007fd800000| Complete |  0
|1905|0x00000007fda00000, 0x00000007fdc00000, 0x00000007fdc00000|100%| E|CS|TAMS 0x00000007fda00000| PB 0x00000007fda00000| Complete |  0
|1906|0x00000007fdc00000, 0x00000007fde00000, 0x00000007fde00000|100%| E|CS|TAMS 0x00000007fdc00000| PB 0x00000007fdc00000| Complete |  0
|1907|0x00000007fde00000, 0x00000007fe000000, 0x00000007fe000000|100%| E|CS|TAMS 0x00000007fde00000| PB 0x00000007fde00000| Complete |  0
|1908|0x00000007fe000000, 0x00000007fe200000, 0x00000007fe200000|100%| E|CS|TAMS 0x00000007fe000000| PB 0x00000007fe000000| Complete |  0
|1909|0x00000007fe200000, 0x00000007fe400000, 0x00000007fe400000|100%| O|  |TAMS 0x00000007fe200000| PB 0x00000007fe200000| Untracked |  0
|1910|0x00000007fe400000, 0x00000007fe600000, 0x00000007fe600000|100%| O|  |TAMS 0x00000007fe400000| PB 0x00000007fe400000| Untracked |  0
|1911|0x00000007fe600000, 0x00000007fe800000, 0x00000007fe800000|100%| O|  |TAMS 0x00000007fe600000| PB 0x00000007fe600000| Untracked |  0
|1912|0x00000007fe800000, 0x00000007fea00000, 0x00000007fea00000|100%| E|CS|TAMS 0x00000007fe800000| PB 0x00000007fe800000| Complete |  0
|1913|0x00000007fea00000, 0x00000007fec00000, 0x00000007fec00000|100%| O|  |TAMS 0x00000007fea00000| PB 0x00000007fea00000| Untracked |  0
|1914|0x00000007fec00000, 0x00000007fee00000, 0x00000007fee00000|100%| O|  |TAMS 0x00000007fec00000| PB 0x00000007fec00000| Untracked |  0
|1915|0x00000007fee00000, 0x00000007ff000000, 0x00000007ff000000|100%| O|  |TAMS 0x00000007fee00000| PB 0x00000007fee00000| Untracked |  0
|1916|0x00000007ff000000, 0x00000007ff200000, 0x00000007ff200000|100%| E|CS|TAMS 0x00000007ff000000| PB 0x00000007ff000000| Complete |  0
|1917|0x00000007ff200000, 0x00000007ff400000, 0x00000007ff400000|100%| E|CS|TAMS 0x00000007ff200000| PB 0x00000007ff200000| Complete |  0
|1918|0x00000007ff400000, 0x00000007ff600000, 0x00000007ff600000|100%| E|CS|TAMS 0x00000007ff400000| PB 0x00000007ff400000| Complete |  0
|1919|0x00000007ff600000, 0x00000007ff800000, 0x00000007ff800000|100%| E|CS|TAMS 0x00000007ff600000| PB 0x00000007ff600000| Complete |  0
|1920|0x00000007ff800000, 0x00000007ffa00000, 0x00000007ffa00000|100%| O|  |TAMS 0x00000007ff800000| PB 0x00000007ff800000| Untracked |  0
|1921|0x00000007ffa00000, 0x00000007ffc00000, 0x00000007ffc00000|100%| O|  |TAMS 0x00000007ffa00000| PB 0x00000007ffa00000| Untracked |  0
|1922|0x00000007ffc00000, 0x00000007ffe00000, 0x00000007ffe00000|100%| O|  |TAMS 0x00000007ffc00000| PB 0x00000007ffc00000| Untracked |  0
|1923|0x00000007ffe00000, 0x0000000800000000, 0x0000000800000000|100%| E|CS|TAMS 0x00000007ffe00000| PB 0x00000007ffe00000| Complete |  0

Card table byte_map: [0x0000ffff194e8000,0x0000ffff19c6c000] _byte_map_base: 0x0000ffff15c6c000

Marking Bits: (CMBitMap*) 0x0000ffff1418c770
 Bits: [0x0000fffeef3dc000, 0x0000fffef2ffc000)

Polling page: 0x0000ffff1cc08000

Metaspace:
Metaspace        used 164095K, committed 165888K, reserved 1245184K
 class space     used 27016K, committed 27776K, reserved 1048576K

Usage:
  Non-class:    133.87 MB used.
      Class:     26.38 MB used.
       Both:    160.25 MB used.

Virtual space:
  Non-class space:      192.00 MB reserved,     134.88 MB ( 70%) committed,  3 nodes.
      Class space:        1.00 GB reserved,      27.12 MB (  3%) committed,  1 nodes.
             Both:        1.19 GB reserved,     162.00 MB ( 13%) committed. 

Chunk freelists:
   Non-Class:  8.38 MB
       Class:  4.91 MB
        Both:  13.28 MB

MaxMetaspaceSize: unlimited
CompressedClassSpaceSize: 1.00 GB
Initial GC threshold: 21.00 MB
Current GC threshold: 269.94 MB
CDS: on
 - commit_granule_bytes: 65536.
 - commit_granule_words: 8192.
 - virtual_space_node_default_size: 8388608.
 - enlarge_chunks_in_place: 1.
UseCompressedClassPointers 1, UseCompactObjectHeaders 0
Narrow klass pointer bits 32, Max shift 3
Narrow klass base: 0x00003e0000000000, Narrow klass shift: 0
Encoding Range: [0x00003e0000000000 - 0x00003e0100000000), (4294967296 bytes)
Klass Range:    [0x00003e0000010000 - 0x00003e0042000000), (1107230720 bytes)
Klass ID Range:  [65536 - 1107296249) (1107230713)
Protection zone: [0x00003e0000000000 - 0x00003e0000010000), (65536 bytes)


Internal statistics:

num_allocs_failed_limit: 39.
num_arena_births: 3082.
num_arena_deaths: 48.
num_vsnodes_births: 4.
num_vsnodes_deaths: 0.
num_space_committed: 2587.
num_space_uncommitted: 0.
num_chunks_returned_to_freelist: 99.
num_chunks_taken_from_freelist: 9792.
num_chunk_merges: 52.
num_chunk_splits: 6456.
num_chunks_enlarged: 4827.
num_inconsistent_stats: 0.

CodeHeap 'non-profiled nmethods': size=120032Kb used=20952Kb max_used=21249Kb free=99079Kb
 bounds [0x0000fffefaac8000, 0x0000fffefbf98000, 0x0000ffff02000000]
CodeHeap 'profiled nmethods': size=120032Kb used=30250Kb max_used=30363Kb free=89781Kb
 bounds [0x0000fffef2ffc000, 0x0000fffef4ddc000, 0x0000fffefa534000]
CodeHeap 'non-nmethods': size=5712Kb used=3388Kb max_used=3602Kb free=2323Kb
 bounds [0x0000fffefa534000, 0x0000fffefa8d4000, 0x0000fffefaac8000]
CodeCache: size=245776Kb, used=54590Kb, max_used=55214Kb, free=191183Kb
 total_blobs=28599, nmethods=25764, adapters=2689, full_count=0
Compilation: enabled, stopped_count=0, restarted_count=0

Compilation events (20 events):
Event: 98.087 Thread 0x0000ffff14340220 39644       3       com.mojang.blaze3d.opengl.GlProgram$$Lambda/0x00003e00034577b0::accept (10 bytes)
Event: 98.088 Thread 0x0000ffff14340220 nmethod 39644 0x0000fffef4a7f608 code [0x0000fffef4a7f700, 0x0000fffef4a7f9e8]
Event: 98.088 Thread 0x0000ffff14340220 39645       3       com.mojang.blaze3d.opengl.Uniform::close (1 bytes)
Event: 98.088 Thread 0x0000ffff14340220 nmethod 39645 0x0000fffef36050c8 code [0x0000fffef36051c0, 0x0000fffef36052e0]
Event: 98.193 Thread 0x0000ffff14340220 39646       1       java.util.concurrent.CopyOnWriteArrayList::getArray (5 bytes)
Event: 98.193 Thread 0x0000ffff14340220 nmethod 39646 0x0000fffefb7ad688 code [0x0000fffefb7ad780, 0x0000fffefb7ad868]
Event: 98.193 Thread 0x0000ffff14340220 39647       3       java.lang.Character::toUpperCase (9 bytes)
Event: 98.193 Thread 0x0000ffff14340220 nmethod 39647 0x0000fffef48c4c08 code [0x0000fffef48c4d00, 0x0000fffef48c4f28]
Event: 98.193 Thread 0x0000ffff14340220 39648       3       org.apache.logging.log4j.core.util.internal.InternalLoggerRegistry$$Lambda/0x00003e00022191a0::apply (8 bytes)
Event: 98.194 Thread 0x0000ffff14340220 nmethod 39648 0x0000fffef45bb348 code [0x0000fffef45bb440, 0x0000fffef45bbbf8]
Event: 98.194 Thread 0x0000ffff14340220 39650       3       org.apache.logging.log4j.core.Logger$PrivateConfig::<init> (67 bytes)
Event: 98.194 Thread 0x0000ffff14340220 nmethod 39650 0x0000fffef34f4b88 code [0x0000fffef34f4c80, 0x0000fffef34f5520]
Event: 98.194 Thread 0x0000ffff14340220 39651       3       org.apache.logging.log4j.core.config.LoggerConfig::getLevel (35 bytes)
Event: 98.195 Thread 0x0000ffff14340220 nmethod 39651 0x0000fffef4b02f08 code [0x0000fffef4b03000, 0x0000fffef4b03458]
Event: 98.195 Thread 0x0000ffff14340220 39649       3       org.apache.logging.log4j.core.util.internal.InternalLoggerRegistry::lambda$getLoggers$2 (23 bytes)
Event: 98.195 Thread 0x0000ffff14340220 nmethod 39649 0x0000fffef3f86788 code [0x0000fffef3f86880, 0x0000fffef3f86ec8]
Event: 98.195 Thread 0x0000ffff14340220 39652       3       org.apache.logging.log4j.core.LoggerContext$$Lambda/0x00003e0002219420::accept (12 bytes)
Event: 98.195 Thread 0x0000ffff14340220 nmethod 39652 0x0000fffef3027008 code [0x0000fffef3027100, 0x0000fffef30273d0]
Event: 98.195 Thread 0x0000ffff14340220 39653       3       org.apache.logging.log4j.core.LoggerContext::lambda$updateLoggers$3 (6 bytes)
Event: 98.195 Thread 0x0000ffff14340220 nmethod 39653 0x0000fffef41b6608 code [0x0000fffef41b6700, 0x0000fffef41b6868]

GC Heap Usage History (20 events):
Event: 84.495 {heap Before GC invocations=159 (full 0):
 garbage-first heap   total reserved 3940352K, committed 1818624K, used 1720172K [0x000000070f800000, 0x0000000800000000)
  region size 2048K, 340 young (696320K), 21 survivors (43008K)
}
Event: 84.524 {heap After GC invocations=160 (full 0):
 garbage-first heap   total reserved 3940352K, committed 1818624K, used 1083244K [0x000000070f800000, 0x0000000800000000)
  region size 2048K, 29 young (59392K), 29 survivors (59392K)
}
Event: 85.546 {heap Before GC invocations=160 (full 0):
 garbage-first heap   total reserved 3940352K, committed 1818624K, used 1722220K [0x000000070f800000, 0x0000000800000000)
  region size 2048K, 342 young (700416K), 29 survivors (59392K)
}
Event: 85.602 {heap After GC invocations=161 (full 0):
 garbage-first heap   total reserved 3940352K, committed 1912832K, used 1027948K [0x000000070f800000, 0x0000000800000000)
  region size 2048K, 30 young (61440K), 30 survivors (61440K)
}
Event: 87.102 {heap Before GC invocations=161 (full 0):
 garbage-first heap   total reserved 3940352K, committed 1912832K, used 1804140K [0x000000070f800000, 0x0000000800000000)
  region size 2048K, 409 young (837632K), 30 survivors (61440K)
}
Event: 87.114 {heap After GC invocations=162 (full 0):
 garbage-first heap   total reserved 3940352K, committed 1912832K, used 1057900K [0x000000070f800000, 0x0000000800000000)
  region size 2048K, 33 young (67584K), 33 survivors (67584K)
}
Event: 88.744 {heap Before GC invocations=162 (full 0):
 garbage-first heap   total reserved 3940352K, committed 1912832K, used 1803372K [0x000000070f800000, 0x0000000800000000)
  region size 2048K, 398 young (815104K), 33 survivors (67584K)
}
Event: 88.780 {heap After GC invocations=163 (full 0):
 garbage-first heap   total reserved 3940352K, committed 1912832K, used 1082986K [0x000000070f800000, 0x0000000800000000)
  region size 2048K, 38 young (77824K), 38 survivors (77824K)
}
Event: 90.316 {heap Before GC invocations=164 (full 0):
 garbage-first heap   total reserved 3940352K, committed 1912832K, used 1807978K [0x000000070f800000, 0x0000000800000000)
  region size 2048K, 390 young (798720K), 38 survivors (77824K)
}
Event: 90.341 {heap After GC invocations=165 (full 0):
 garbage-first heap   total reserved 3940352K, committed 1912832K, used 1106796K [0x000000070f800000, 0x0000000800000000)
  region size 2048K, 29 young (59392K), 29 survivors (59392K)
}
Event: 91.473 {heap Before GC invocations=165 (full 0):
 garbage-first heap   total reserved 3940352K, committed 1912832K, used 1819500K [0x000000070f800000, 0x0000000800000000)
  region size 2048K, 373 young (763904K), 29 survivors (59392K)
}
Event: 91.492 {heap After GC invocations=166 (full 0):
 garbage-first heap   total reserved 3940352K, committed 2052096K, used 1081930K [0x000000070f800000, 0x0000000800000000)
  region size 2048K, 45 young (92160K), 45 survivors (92160K)
}
Event: 92.574 {heap Before GC invocations=166 (full 0):
 garbage-first heap   total reserved 3940352K, committed 2052096K, used 1890890K [0x000000070f800000, 0x0000000800000000)
  region size 2048K, 441 young (903168K), 45 survivors (92160K)
}
Event: 92.602 {heap After GC invocations=167 (full 0):
 garbage-first heap   total reserved 3940352K, committed 2080768K, used 1094508K [0x000000070f800000, 0x0000000800000000)
  region size 2048K, 28 young (57344K), 28 survivors (57344K)
}
Event: 93.763 {heap Before GC invocations=167 (full 0):
 garbage-first heap   total reserved 3940352K, committed 2080768K, used 1905516K [0x000000070f800000, 0x0000000800000000)
  region size 2048K, 425 young (870400K), 28 survivors (57344K)
}
Event: 93.781 {heap After GC invocations=168 (full 0):
 garbage-first heap   total reserved 3940352K, committed 2080768K, used 1142636K [0x000000070f800000, 0x0000000800000000)
  region size 2048K, 53 young (108544K), 53 survivors (108544K)
}
Event: 97.059 {heap Before GC invocations=168 (full 0):
 garbage-first heap   total reserved 3940352K, committed 2080768K, used 1902444K [0x000000070f800000, 0x0000000800000000)
  region size 2048K, 425 young (870400K), 53 survivors (108544K)
}
Event: 97.071 {heap After GC invocations=169 (full 0):
 garbage-first heap   total reserved 3940352K, committed 2080768K, used 1164140K [0x000000070f800000, 0x0000000800000000)
  region size 2048K, 16 young (32768K), 16 survivors (32768K)
}
Event: 97.115 {heap Before GC invocations=169 (full 0):
 garbage-first heap   total reserved 3940352K, committed 2080768K, used 1921900K [0x000000070f800000, 0x0000000800000000)
  region size 2048K, 387 young (792576K), 16 survivors (32768K)
}
Event: 97.133 {heap After GC invocations=170 (full 0):
 garbage-first heap   total reserved 3940352K, committed 2080768K, used 1229602K [0x000000070f800000, 0x0000000800000000)
  region size 2048K, 48 young (98304K), 48 survivors (98304K)
}

Metaspace Usage History (20 events):
Event: 84.495 {metaspace Before GC invocations=159 (full 0):
 Metaspace       used 163483K, committed 165312K, reserved 1245184K
  class space    used 26923K, committed 27712K, reserved 1048576K
}
Event: 84.524 {metaspace After GC invocations=160 (full 0):
 Metaspace       used 163483K, committed 165312K, reserved 1245184K
  class space    used 26923K, committed 27712K, reserved 1048576K
}
Event: 85.546 {metaspace Before GC invocations=160 (full 0):
 Metaspace       used 163511K, committed 165312K, reserved 1245184K
  class space    used 26924K, committed 27712K, reserved 1048576K
}
Event: 85.602 {metaspace After GC invocations=161 (full 0):
 Metaspace       used 163511K, committed 165312K, reserved 1245184K
  class space    used 26924K, committed 27712K, reserved 1048576K
}
Event: 87.102 {metaspace Before GC invocations=161 (full 0):
 Metaspace       used 163534K, committed 165376K, reserved 1245184K
  class space    used 26925K, committed 27712K, reserved 1048576K
}
Event: 87.114 {metaspace After GC invocations=162 (full 0):
 Metaspace       used 163534K, committed 165376K, reserved 1245184K
  class space    used 26925K, committed 27712K, reserved 1048576K
}
Event: 88.744 {metaspace Before GC invocations=162 (full 0):
 Metaspace       used 163545K, committed 165376K, reserved 1245184K
  class space    used 26926K, committed 27712K, reserved 1048576K
}
Event: 88.780 {metaspace After GC invocations=163 (full 0):
 Metaspace       used 163545K, committed 165376K, reserved 1245184K
  class space    used 26926K, committed 27712K, reserved 1048576K
}
Event: 90.316 {metaspace Before GC invocations=164 (full 0):
 Metaspace       used 163551K, committed 165376K, reserved 1245184K
  class space    used 26926K, committed 27712K, reserved 1048576K
}
Event: 90.341 {metaspace After GC invocations=165 (full 0):
 Metaspace       used 163551K, committed 165376K, reserved 1245184K
  class space    used 26926K, committed 27712K, reserved 1048576K
}
Event: 91.473 {metaspace Before GC invocations=165 (full 0):
 Metaspace       used 163582K, committed 165376K, reserved 1245184K
  class space    used 26926K, committed 27712K, reserved 1048576K
}
Event: 91.492 {metaspace After GC invocations=166 (full 0):
 Metaspace       used 163582K, committed 165376K, reserved 1245184K
  class space    used 26926K, committed 27712K, reserved 1048576K
}
Event: 92.574 {metaspace Before GC invocations=166 (full 0):
 Metaspace       used 163592K, committed 165376K, reserved 1245184K
  class space    used 26926K, committed 27712K, reserved 1048576K
}
Event: 92.602 {metaspace After GC invocations=167 (full 0):
 Metaspace       used 163592K, committed 165376K, reserved 1245184K
  class space    used 26926K, committed 27712K, reserved 1048576K
}
Event: 93.763 {metaspace Before GC invocations=167 (full 0):
 Metaspace       used 163742K, committed 165568K, reserved 1245184K
  class space    used 26943K, committed 27712K, reserved 1048576K
}
Event: 93.781 {metaspace After GC invocations=168 (full 0):
 Metaspace       used 163742K, committed 165568K, reserved 1245184K
  class space    used 26943K, committed 27712K, reserved 1048576K
}
Event: 97.059 {metaspace Before GC invocations=168 (full 0):
 Metaspace       used 163978K, committed 165824K, reserved 1245184K
  class space    used 27000K, committed 27776K, reserved 1048576K
}
Event: 97.071 {metaspace After GC invocations=169 (full 0):
 Metaspace       used 163978K, committed 165824K, reserved 1245184K
  class space    used 27000K, committed 27776K, reserved 1048576K
}
Event: 97.115 {metaspace Before GC invocations=169 (full 0):
 Metaspace       used 163987K, committed 165824K, reserved 1245184K
  class space    used 27000K, committed 27776K, reserved 1048576K
}
Event: 97.133 {metaspace After GC invocations=170 (full 0):
 Metaspace       used 163987K, committed 165824K, reserved 1245184K
  class space    used 27000K, committed 27776K, reserved 1048576K
}

Dll operation events (15 events):
Event: 0.003 Loaded shared library /home/anguscrump/.jdks/jbr-25.0.3/lib/libjava.so
Event: 0.003 Loaded shared library /home/anguscrump/.jdks/jbr-25.0.3/lib/libzip.so
Event: 0.147 Loaded shared library /home/anguscrump/.jdks/jbr-25.0.3/lib/libnio.so
Event: 0.166 Loaded shared library /home/anguscrump/.jdks/jbr-25.0.3/lib/libinstrument.so
Event: 0.173 Loaded shared library /home/anguscrump/.jdks/jbr-25.0.3/lib/libnet.so
Event: 0.209 Loaded shared library /home/anguscrump/.jdks/jbr-25.0.3/lib/libverify.so
Event: 0.258 Loaded shared library /home/anguscrump/.jdks/jbr-25.0.3/lib/libzip.so
Event: 0.354 Loaded shared library /home/anguscrump/.jdks/jbr-25.0.3/lib/libjimage.so
Event: 0.562 Loaded shared library /home/anguscrump/.jdks/jbr-25.0.3/lib/libmanagement.so
Event: 0.563 Loaded shared library /home/anguscrump/.jdks/jbr-25.0.3/lib/libmanagement_ext.so
Event: 1.996 Loaded shared library /home/anguscrump/.cache/JNA/temp/jna1673293914130572386.tmp
Event: 4.938 Loaded shared library /home/anguscrump/.jdks/jbr-25.0.3/lib/libextnet.so
Event: 5.151 Loaded shared library /tmp/lwjgl_anguscrump/3.4.1-snapshot/arm64/liblwjgl.so
Event: 5.399 Loaded shared library /tmp/lwjgl_anguscrump/3.4.1-snapshot/arm64/liblwjgl_opengl.so
Event: 5.557 Loaded shared library /tmp/lwjgl_anguscrump/3.4.1-snapshot/arm64/liblwjgl_stb.so

Deoptimization events (20 events):
Event: 98.085 Thread 0x0000fffdac00a5e0 DEOPT PACKING pc=0x0000fffefbe4a114 sp=0x0000fffd995fe0f0
Event: 98.085 Thread 0x0000fffdac00a5e0 DEOPT UNPACKING pc=0x0000fffefa650edc sp=0x0000fffd995fde40 mode 2
Event: 98.089 Thread 0x0000ffff140352b0 DEOPT PACKING pc=0x0000fffefac65288 sp=0x0000ffff1b31ad20
Event: 98.089 Thread 0x0000ffff140352b0 DEOPT UNPACKING pc=0x0000fffefa5710bc sp=0x0000ffff1b31a6f0 mode 1
Event: 98.089 Thread 0x0000ffff140352b0 DEOPT PACKING pc=0x0000fffefac65288 sp=0x0000ffff1b31ad20
Event: 98.089 Thread 0x0000ffff140352b0 DEOPT UNPACKING pc=0x0000fffefa5710bc sp=0x0000ffff1b31a6f0 mode 1
Event: 98.089 Thread 0x0000ffff140352b0 DEOPT PACKING pc=0x0000fffefac65288 sp=0x0000ffff1b31ad20
Event: 98.089 Thread 0x0000ffff140352b0 DEOPT UNPACKING pc=0x0000fffefa5710bc sp=0x0000ffff1b31a6f0 mode 1
Event: 98.089 Thread 0x0000ffff140352b0 DEOPT PACKING pc=0x0000fffefac65288 sp=0x0000ffff1b31ad20
Event: 98.089 Thread 0x0000ffff140352b0 DEOPT UNPACKING pc=0x0000fffefa5710bc sp=0x0000ffff1b31a6f0 mode 1
Event: 98.090 Thread 0x0000ffff140352b0 DEOPT PACKING pc=0x0000fffefac65288 sp=0x0000ffff1b31ad10
Event: 98.090 Thread 0x0000ffff140352b0 DEOPT UNPACKING pc=0x0000fffefa5710bc sp=0x0000ffff1b31a6e0 mode 1
Event: 98.090 Thread 0x0000ffff140352b0 DEOPT PACKING pc=0x0000fffefac65288 sp=0x0000ffff1b31ad10
Event: 98.090 Thread 0x0000ffff140352b0 DEOPT UNPACKING pc=0x0000fffefa5710bc sp=0x0000ffff1b31a6e0 mode 1
Event: 98.090 Thread 0x0000ffff140352b0 DEOPT PACKING pc=0x0000fffefac65288 sp=0x0000ffff1b31ad10
Event: 98.090 Thread 0x0000ffff140352b0 DEOPT UNPACKING pc=0x0000fffefa5710bc sp=0x0000ffff1b31a6e0 mode 1
Event: 98.090 Thread 0x0000ffff140352b0 DEOPT PACKING pc=0x0000fffefac65288 sp=0x0000ffff1b31ad10
Event: 98.090 Thread 0x0000ffff140352b0 DEOPT UNPACKING pc=0x0000fffefa5710bc sp=0x0000ffff1b31a6e0 mode 1
Event: 98.194 Thread 0x0000ffff140352b0 DEOPT PACKING pc=0x0000fffefbf6fbe4 sp=0x0000ffff1b31b660
Event: 98.194 Thread 0x0000ffff140352b0 DEOPT UNPACKING pc=0x0000fffefa5710bc sp=0x0000ffff1b31b210 mode 1

Classes loaded (20 events):
Event: 98.056 Loading class net/minecraft/client/gui/render/pip/OversizedItemRenderer
Event: 98.056 Loading class net/minecraft/client/gui/render/pip/OversizedItemRenderer done
Event: 98.058 Loading class net/minecraft/client/renderer/feature/ParticleFeatureRenderer$ParticleBufferCache
Event: 98.058 Loading class net/minecraft/client/renderer/feature/ParticleFeatureRenderer$ParticleBufferCache done
Event: 98.059 Loading class net/minecraft/client/renderer/PostChain
Event: 98.059 Loading class net/minecraft/client/renderer/PostChain done
Event: 98.059 Loading class com/mojang/blaze3d/pipeline/RenderTarget
Event: 98.059 Loading class com/mojang/blaze3d/pipeline/RenderTarget done
Event: 98.061 Loading class com/mojang/blaze3d/audio/SoundBuffer
Event: 98.061 Loading class com/mojang/blaze3d/audio/SoundBuffer done
Event: 98.061 Loading class com/mojang/blaze3d/audio/Channel
Event: 98.061 Loading class com/mojang/blaze3d/audio/Channel done
Event: 98.075 Loading class net/minecraft/client/renderer/texture/TextureManager
Event: 98.075 Loading class net/minecraft/client/renderer/texture/TextureManager done
Event: 98.075 Loading class net/minecraft/resources/Identifier
Event: 98.075 Loading class net/minecraft/resources/Identifier done
Event: 98.192 Loading class net/minecraft/util/TimeSource$NanoTimeSource
Event: 98.192 Loading class net/minecraft/util/TimeSource$NanoTimeSource done
Event: 98.193 Loading class org/apache/logging/log4j/core/util/DefaultShutdownCallbackRegistry$RegisteredCancellable
Event: 98.193 Loading class org/apache/logging/log4j/core/util/DefaultShutdownCallbackRegistry$RegisteredCancellable done

Classes unloaded (20 events):
Event: 13.823 Thread 0x0000ffff1432c050 Unloading class 0x00003e000339c800 'java/lang/invoke/LambdaForm$DMH+0x00003e000339c800'
Event: 13.823 Thread 0x0000ffff1432c050 Unloading class 0x00003e0003345400 'java/lang/invoke/LambdaForm$MH+0x00003e0003345400'
Event: 13.823 Thread 0x0000ffff1432c050 Unloading class 0x00003e0003344c00 'java/lang/invoke/LambdaForm$DMH+0x00003e0003344c00'
Event: 17.451 Thread 0x0000ffff1432c050 Unloading class 0x00003e0003594400 'java/lang/invoke/LambdaForm$DMH+0x00003e0003594400'
Event: 19.424 Thread 0x0000ffff1432c050 Unloading class 0x00003e0003775000 'java/lang/invoke/LambdaForm$DMH+0x00003e0003775000'
Event: 19.424 Thread 0x0000ffff1432c050 Unloading class 0x00003e0003774c00 'java/lang/invoke/LambdaForm$DMH+0x00003e0003774c00'
Event: 19.424 Thread 0x0000ffff1432c050 Unloading class 0x00003e0003774400 'java/lang/invoke/LambdaForm$DMH+0x00003e0003774400'
Event: 19.424 Thread 0x0000ffff1432c050 Unloading class 0x00003e0003769400 'java/lang/invoke/LambdaForm$DMH+0x00003e0003769400'
Event: 19.424 Thread 0x0000ffff1432c050 Unloading class 0x00003e0003769000 'java/lang/invoke/LambdaForm$DMH+0x00003e0003769000'
Event: 19.424 Thread 0x0000ffff1432c050 Unloading class 0x00003e0003768c00 'java/lang/invoke/LambdaForm$DMH+0x00003e0003768c00'
Event: 19.424 Thread 0x0000ffff1432c050 Unloading class 0x00003e0003768800 'java/lang/invoke/LambdaForm$DMH+0x00003e0003768800'
Event: 19.424 Thread 0x0000ffff1432c050 Unloading class 0x00003e0003774000 'java/lang/invoke/LambdaForm$DMH+0x00003e0003774000'
Event: 19.424 Thread 0x0000ffff1432c050 Unloading class 0x00003e000359c800 'java/lang/invoke/LambdaForm$DMH+0x00003e000359c800'
Event: 19.424 Thread 0x0000ffff1432c050 Unloading class 0x00003e000359c400 'java/lang/invoke/LambdaForm$DMH+0x00003e000359c400'
Event: 22.660 Thread 0x0000ffff1432c050 Unloading class 0x00003e0003a46c00 'java/lang/invoke/LambdaForm$MH+0x00003e0003a46c00'
Event: 22.660 Thread 0x0000ffff1432c050 Unloading class 0x00003e0003a47800 'java/lang/invoke/LambdaForm$MH+0x00003e0003a47800'
Event: 22.660 Thread 0x0000ffff1432c050 Unloading class 0x00003e0003a46400 'java/lang/invoke/LambdaForm$MH+0x00003e0003a46400'
Event: 22.660 Thread 0x0000ffff1432c050 Unloading class 0x00003e0003a45c00 'java/lang/invoke/LambdaForm$MH+0x00003e0003a45c00'
Event: 22.660 Thread 0x0000ffff1432c050 Unloading class 0x00003e0003a45800 'java/lang/invoke/LambdaForm$BMH+0x00003e0003a45800'
Event: 22.660 Thread 0x0000ffff1432c050 Unloading class 0x00003e0003a45400 'java/lang/invoke/LambdaForm$DMH+0x00003e0003a45400'

Classes redefined (1 events):
Event: 0.226 Thread 0x0000ffff1432c050 redefined class name=java.lang.Throwable, count=1

Internal exceptions (20 events):
Event: 97.435 Thread 0x0000fffdb0005550 Exception <a 'sun/nio/fs/UnixException'{0x00000007f3e7e250}> (0x00000007f3e7e250) 
thrown [src/hotspot/share/prims/jni.cpp, line 535]
Event: 97.435 Thread 0x0000fffe10132780 Exception <a 'sun/nio/fs/UnixException'{0x00000007f3e755b8}> (0x00000007f3e755b8) 
thrown [src/hotspot/share/prims/jni.cpp, line 535]
Event: 97.435 Thread 0x0000fffdb45df190 Exception <a 'sun/nio/fs/UnixException'{0x00000007f41f48e0}> (0x00000007f41f48e0) 
thrown [src/hotspot/share/prims/jni.cpp, line 535]
Event: 97.435 Thread 0x0000fffdb0005550 Exception <a 'sun/nio/fs/UnixException'{0x00000007f3e82dc0}> (0x00000007f3e82dc0) 
thrown [src/hotspot/share/prims/jni.cpp, line 535]
Event: 97.435 Thread 0x0000fffe10132780 Exception <a 'sun/nio/fs/UnixException'{0x00000007f3e964c8}> (0x00000007f3e964c8) 
thrown [src/hotspot/share/prims/jni.cpp, line 535]
Event: 97.435 Thread 0x0000fffdb0005550 Exception <a 'sun/nio/fs/UnixException'{0x00000007f3e876d0}> (0x00000007f3e876d0) 
thrown [src/hotspot/share/prims/jni.cpp, line 535]
Event: 97.435 Thread 0x0000fffe10132780 Exception <a 'sun/nio/fs/UnixException'{0x00000007f3e9ac98}> (0x00000007f3e9ac98) 
thrown [src/hotspot/share/prims/jni.cpp, line 535]
Event: 97.435 Thread 0x0000fffdb45df190 Exception <a 'sun/nio/fs/UnixException'{0x00000007f41f91f0}> (0x00000007f41f91f0) 
thrown [src/hotspot/share/prims/jni.cpp, line 535]
Event: 97.435 Thread 0x0000fffe10132780 Exception <a 'sun/nio/fs/UnixException'{0x00000007f3e9b830}> (0x00000007f3e9b830) 
thrown [src/hotspot/share/prims/jni.cpp, line 535]
Event: 97.435 Thread 0x0000fffdb0005550 Exception <a 'sun/nio/fs/UnixException'{0x00000007f3e8c0a0}> (0x00000007f3e8c0a0) 
thrown [src/hotspot/share/prims/jni.cpp, line 535]
Event: 97.435 Thread 0x0000fffdb45df190 Exception <a 'sun/nio/fs/UnixException'{0x00000007f41fdb40}> (0x00000007f41fdb40) 
thrown [src/hotspot/share/prims/jni.cpp, line 535]
Event: 97.435 Thread 0x0000fffdb0005550 Exception <a 'sun/nio/fs/UnixException'{0x00000007f3e8c930}> (0x00000007f3e8c930) 
thrown [src/hotspot/share/prims/jni.cpp, line 535]
Event: 97.435 Thread 0x0000fffe10132780 Exception <a 'sun/nio/fs/UnixException'{0x00000007f3ea8460}> (0x00000007f3ea8460) 
thrown [src/hotspot/share/prims/jni.cpp, line 535]
Event: 97.438 Thread 0x0000fffdb8007620 Exception <a 'sun/nio/fs/UnixException'{0x00000007f3eac8a8}> (0x00000007f3eac8a8) 
thrown [src/hotspot/share/prims/jni.cpp, line 535]
Event: 97.439 Thread 0x0000fffdb0005550 Exception <a 'sun/nio/fs/UnixException'{0x00000007f3e8d9e0}> (0x00000007f3e8d9e0) 
thrown [src/hotspot/share/prims/jni.cpp, line 535]
Event: 97.440 Thread 0x0000fffe4355f160 Exception <a 'sun/nio/fs/UnixException'{0x00000007f4135e80}> (0x00000007f4135e80) 
thrown [src/hotspot/share/prims/jni.cpp, line 535]
Event: 97.440 Thread 0x0000fffe4355f160 Exception <a 'sun/nio/fs/UnixException'{0x00000007f4136128}> (0x00000007f4136128) 
thrown [src/hotspot/share/prims/jni.cpp, line 535]
Event: 97.440 Thread 0x0000fffe4355f160 Exception <a 'sun/nio/fs/UnixException'{0x00000007f41363f0}> (0x00000007f41363f0) 
thrown [src/hotspot/share/prims/jni.cpp, line 535]
Event: 97.524 Thread 0x0000ffff140352b0 Implicit null exception at 0x0000fffefbc03398 to 0x0000fffefbc0347c
Event: 98.194 Thread 0x0000ffff140352b0 Exception <a 'sun/nio/fs/UnixException'{0x00000007f3bfab68}> (0x00000007f3bfab68) 
thrown [src/hotspot/share/prims/jni.cpp, line 535]

VM Operations (20 events):
Event: 92.602 Executing safepoint VM operation: G1CollectForAllocation (G1 Evacuation Pause) done
Event: 92.835 Executing non-safepoint VM operation: HandshakeAllThreads (Deoptimize)
Event: 92.835 Executing non-safepoint VM operation: HandshakeAllThreads (Deoptimize) done
Event: 93.710 Executing non-safepoint VM operation: HandshakeAllThreads (Deoptimize)
Event: 93.713 Executing non-safepoint VM operation: HandshakeAllThreads (Deoptimize) done
Event: 93.718 Executing non-safepoint VM operation: HandshakeAllThreads (Deoptimize)
Event: 93.718 Executing non-safepoint VM operation: HandshakeAllThreads (Deoptimize) done
Event: 93.721 Executing non-safepoint VM operation: HandshakeAllThreads (Deoptimize)
Event: 93.721 Executing non-safepoint VM operation: HandshakeAllThreads (Deoptimize) done
Event: 93.763 Executing safepoint VM operation: G1CollectForAllocation (G1 Evacuation Pause)
Event: 93.781 Executing safepoint VM operation: G1CollectForAllocation (G1 Evacuation Pause) done
Event: 97.059 Executing safepoint VM operation: G1CollectForAllocation (G1 Evacuation Pause)
Event: 97.071 Executing safepoint VM operation: G1CollectForAllocation (G1 Evacuation Pause) done
Event: 97.115 Executing safepoint VM operation: G1CollectForAllocation (G1 Evacuation Pause)
Event: 97.133 Executing safepoint VM operation: G1CollectForAllocation (G1 Evacuation Pause) done
Event: 97.387 Executing safepoint VM operation: G1PauseRemark
Event: 97.395 Executing safepoint VM operation: G1PauseRemark done
Event: 97.505 Executing safepoint VM operation: G1PauseCleanup
Event: 97.505 Executing safepoint VM operation: G1PauseCleanup done
Event: 98.199 Executing safepoint VM operation: Exit

Memory protections (20 events):
Event: 73.827 Protecting memory [0x0000fffdec500000,0x0000fffdec50c000] with protection modes 0
Event: 75.596 Protecting memory [0x0000fffdec500000,0x0000fffdec50c000] with protection modes 0
Event: 75.597 Protecting memory [0x0000fffedd200000,0x0000fffedd20c000] with protection modes 0
Event: 77.411 Protecting memory [0x0000fffdec500000,0x0000fffdec50c000] with protection modes 0
Event: 78.051 Protecting memory [0x0000fffdec500000,0x0000fffdec50c000] with protection modes 0
Event: 85.703 Protecting memory [0x0000fffde3e00000,0x0000fffde3e0c000] with protection modes 0
Event: 86.551 Protecting memory [0x0000fffde3e00000,0x0000fffde3e0c000] with protection modes 0
Event: 91.091 Protecting memory [0x0000fffde3e00000,0x0000fffde3e0c000] with protection modes 0
Event: 92.769 Protecting memory [0x0000fffde3e00000,0x0000fffde3e0c000] with protection modes 0
Event: 93.702 Protecting memory [0x0000fffde3e00000,0x0000fffde3e0c000] with protection modes 0
Event: 96.438 Protecting memory [0x0000fffde3e00000,0x0000fffde3e0c000] with protection modes 0
Event: 96.439 Protecting memory [0x0000fffdec500000,0x0000fffdec50c000] with protection modes 0
Event: 97.025 Protecting memory [0x0000fffde3e00000,0x0000fffde3e0c000] with protection modes 0
Event: 97.033 Protecting memory [0x0000fffedd200000,0x0000fffedd20c000] with protection modes 0
Event: 97.468 Protecting memory [0x0000fffedd400000,0x0000fffedd40c000] with protection modes 0
Event: 98.048 Protecting memory [0x0000fffde3e00000,0x0000fffde3e0c000] with protection modes 0
Event: 98.060 Protecting memory [0x0000fffde3e00000,0x0000fffde3e0c000] with protection modes 0
Event: 98.192 Protecting memory [0x0000fffd99400000,0x0000fffd9940c000] with protection modes 0
Event: 98.193 Protecting memory [0x0000fffdcdfbc000,0x0000fffdcdfc8000] with protection modes 0
Event: 98.193 Protecting memory [0x0000fffde8380000,0x0000fffde838c000] with protection modes 0

Nmethod flushes (20 events):
Event: 97.393 Thread 0x0000ffff1432c050 flushing  nmethod 0x0000fffef3222d88
Event: 97.393 Thread 0x0000ffff1432c050 flushing  nmethod 0x0000fffef34382c8
Event: 97.393 Thread 0x0000ffff1432c050 flushing  nmethod 0x0000fffef3703308
Event: 97.393 Thread 0x0000ffff1432c050 flushing  nmethod 0x0000fffef3ef7a08
Event: 97.393 Thread 0x0000ffff1432c050 flushing  nmethod 0x0000fffef3f2e888
Event: 97.393 Thread 0x0000ffff1432c050 flushing  nmethod 0x0000fffef3f86788
Event: 97.393 Thread 0x0000ffff1432c050 flushing  nmethod 0x0000fffef3fc4988
Event: 97.393 Thread 0x0000ffff1432c050 flushing  nmethod 0x0000fffef41e4b88
Event: 97.393 Thread 0x0000ffff1432c050 flushing  nmethod 0x0000fffef4753348
Event: 97.393 Thread 0x0000ffff1432c050 flushing  nmethod 0x0000fffef479aa48
Event: 97.393 Thread 0x0000ffff1432c050 flushing  nmethod 0x0000fffef47eb808
Event: 97.393 Thread 0x0000ffff1432c050 flushing  nmethod 0x0000fffef491a388
Event: 97.393 Thread 0x0000ffff1432c050 flushing  nmethod 0x0000fffef4a1d8c8
Event: 97.393 Thread 0x0000ffff1432c050 flushing  nmethod 0x0000fffef4a7f608
Event: 97.393 Thread 0x0000ffff1432c050 flushing  nmethod 0x0000fffef4c48f48
Event: 97.393 Thread 0x0000ffff1432c050 flushing  nmethod 0x0000fffef4c77b48
Event: 97.393 Thread 0x0000ffff1432c050 flushing  nmethod 0x0000fffef3cde9c8
Event: 97.393 Thread 0x0000ffff1432c050 flushing  nmethod 0x0000fffef4132408
Event: 97.393 Thread 0x0000ffff1432c050 flushing  nmethod 0x0000fffef49ea8c8
Event: 97.393 Thread 0x0000ffff1432c050 flushing  nmethod 0x0000fffef4bffc88

Events (20 events):
Event: 98.081 Thread 0x0000fffe43d8b840 Thread exited: 0x0000fffe43d8b840
Event: 98.081 Thread 0x0000fffe43cd68a0 Thread exited: 0x0000fffe43cd68a0
Event: 98.083 Thread 0x0000fffe43d77aa0 Thread exited: 0x0000fffe43d77aa0
Event: 98.083 Thread 0x0000fffe10132780 Thread exited: 0x0000fffe10132780
Event: 98.083 Thread 0x0000fffddca589e0 Thread exited: 0x0000fffddca589e0
Event: 98.083 Thread 0x0000fffdb8004c00 Thread exited: 0x0000fffdb8004c00
Event: 98.083 Thread 0x0000fffdb0009b80 Thread exited: 0x0000fffdb0009b80
Event: 98.084 Thread 0x0000fffdb0005550 Thread exited: 0x0000fffdb0005550
Event: 98.084 Thread 0x0000fffdb45df190 Thread exited: 0x0000fffdb45df190
Event: 98.084 Thread 0x0000fffdb8007620 Thread exited: 0x0000fffdb8007620
Event: 98.085 Thread 0x0000fffdb448b660 Thread exited: 0x0000fffdb448b660
Event: 98.085 Thread 0x0000fffdac00a5e0 Thread exited: 0x0000fffdac00a5e0
Event: 98.192 Thread 0x0000ffff140352b0 Thread added: 0x0000fffddc95eb60
Event: 98.192 Thread 0x0000ffff140352b0 Thread added: 0x0000fffddc95f750
Event: 98.193 Thread 0x0000ffff140352b0 Thread added: 0x0000fffddc3bca00
Event: 98.193 Thread 0x0000fffddc3bca00 Thread exited: 0x0000fffddc3bca00
Event: 98.193 Thread 0x0000fffddc95f750 Thread exited: 0x0000fffddc95f750
Event: 98.194 Thread 0x0000fffddc95eb60 Thread exited: 0x0000fffddc95eb60
Event: 98.194 Thread 0x0000ffff140352b0 Before exit entered
Event: 98.199 Thread 0x0000ffff14339830 Thread exited: 0x0000ffff14339830


Dynamic libraries:
70f800000-777200000 rw-p 00000000 00:00 0 
777200000-7e8a00000 ---p 00000000 00:00 0 
7e8a00000-7ffc00000 rw-p 00000000 00:00 0 
7ffc00000-7ffe50000 rw-p 01d70000 00:25 8789750                          /home/anguscrump/.jdks/jbr-25.0.3/lib/server/classes.jsa
7ffe50000-800000000 rw-p 00000000 00:00 0 
3e0000000000-3e0000010000 ---p 00000000 00:00 0 
3e0000010000-3e0001d00000 rw-p 00010000 00:25 8789750                    /home/anguscrump/.jdks/jbr-25.0.3/lib/server/classes.jsa
3e0001d00000-3e0002000000 ---p 00000000 00:00 0 
3e0002000000-3e0002040000 rw-p 00000000 00:00 0 
3e0002040000-3e0002060000 rw-p 00000000 00:00 0 
3e0002060000-3e00020c0000 rw-p 00000000 00:00 0 
3e00020c0000-3e0002100000 rw-p 00000000 00:00 0 
3e0002100000-3e0002180000 rw-p 00000000 00:00 0 
3e0002180000-3e00021c0000 rw-p 00000000 00:00 0 
3e00021c0000-3e0002240000 rw-p 00000000 00:00 0 
3e0002240000-3e0002280000 rw-p 00000000 00:00 0 
3e0002280000-3e00024e0000 rw-p 00000000 00:00 0 
3e00024e0000-3e0002500000 rw-p 00000000 00:00 0 
3e0002500000-3e0002fc0000 rw-p 00000000 00:00 0 
3e0002fc0000-3e0003040000 rw-p 00000000 00:00 0 
3e0003040000-3e0003140000 rw-p 00000000 00:00 0 
3e0003140000-3e0003180000 rw-p 00000000 00:00 0 
3e0003180000-3e0003480000 rw-p 00000000 00:00 0 
3e0003480000-3e0003700000 rw-p 00000000 00:00 0 
3e0003700000-3e0003b20000 rw-p 00000000 00:00 0 
3e0003b20000-3e0042000000 ---p 00000000 00:00 0 
aaaad9f70000-aaaad9f74000 r-xp 00000000 00:25 8789212                    /home/anguscrump/.jdks/jbr-25.0.3/bin/java
aaaad9f8c000-aaaad9f90000 r--p 0000c000 00:25 8789212                    /home/anguscrump/.jdks/jbr-25.0.3/bin/java
aaaad9f90000-aaaad9f94000 rw-p 00010000 00:25 8789212                    /home/anguscrump/.jdks/jbr-25.0.3/bin/java
aaaae7e8c000-aaaae8000000 rw-p 00000000 00:00 0                          [heap]
fffd64000000-fffd64200000 rw-p 00000000 00:00 0 
fffd64200000-fffd68000000 ---p 00000000 00:00 0 
fffd74000000-fffd74300000 rw-p 00000000 00:00 0 
fffd74300000-fffd74340000 rw-p 00000000 00:00 0 
fffd74340000-fffd74400000 ---p 00000000 00:00 0 
fffd74400000-fffd747a0000 rw-p 00000000 00:00 0 
fffd747a0000-fffd78000000 ---p 00000000 00:00 0 
fffd78e80000-fffd79800000 rw-p 00000000 00:00 0 
fffd89800000-fffd90000000 rw-p 00000000 00:00 0 
fffd90000000-fffd90200000 rw-p 00000000 00:00 0 
fffd90200000-fffd94000000 ---p 00000000 00:00 0 
fffd94000000-fffd94200000 rw-p 00000000 00:00 0 
fffd94200000-fffd94400000 rw-p 00000000 00:00 0 
fffd94400000-fffd98000000 ---p 00000000 00:00 0 
fffd99400000-fffd9940c000 ---p 00000000 00:00 0 
fffd9940c000-fffd99600000 rw-p 00000000 00:00 0 
fffd99600000-fffd9be00000 rw-p 00000000 00:00 0 
fffd9be00000-fffd9be0c000 ---p 00000000 00:00 0 
fffd9be0c000-fffd9c000000 rw-p 00000000 00:00 0 
fffd9c000000-fffd9c200000 rw-p 00000000 00:00 0 
fffd9c200000-fffda0000000 ---p 00000000 00:00 0 
fffda0000000-fffda0200000 rw-p 00000000 00:00 0 
fffda0200000-fffda4000000 ---p 00000000 00:00 0 
fffda4000000-fffda4200000 rw-p 00000000 00:00 0 
fffda4200000-fffda5600000 rw-p 00000000 00:00 0 
fffda5600000-fffda8000000 ---p 00000000 00:00 0 
fffda8000000-fffda8200000 rw-p 00000000 00:00 0 
fffda8200000-fffdac000000 ---p 00000000 00:00 0 
fffdac000000-fffdac200000 rw-p 00000000 00:00 0 
fffdac200000-fffdb0000000 ---p 00000000 00:00 0 
fffdb0000000-fffdb0200000 rw-p 00000000 00:00 0 
fffdb0200000-fffdb4000000 ---p 00000000 00:00 0 
fffdb4000000-fffdb4200000 rw-p 00000000 00:00 0 
fffdb4200000-fffdb4800000 rw-p 00000000 00:00 0 
fffdb4800000-fffdb8000000 ---p 00000000 00:00 0 
fffdb8000000-fffdb8200000 rw-p 00000000 00:00 0 
fffdb8200000-fffdbc000000 ---p 00000000 00:00 0 
fffdbc000000-fffdbc200000 rw-p 00000000 00:00 0 
fffdbc200000-fffdc0000000 ---p 00000000 00:00 0 
fffdc0000000-fffdc0200000 rw-p 00000000 00:00 0 
fffdc0200000-fffdc2400000 rw-p 00000000 00:00 0 
fffdc2400000-fffdc4000000 ---p 00000000 00:00 0 
fffdc4000000-fffdc4200000 rw-p 00000000 00:00 0 
fffdc4200000-fffdc8000000 ---p 00000000 00:00 0 
fffdc8000000-fffdc8200000 rw-p 00000000 00:00 0 
fffdc8200000-fffdcc000000 ---p 00000000 00:00 0 
fffdcc084000-fffdcc090000 ---p 00000000 00:00 0 
fffdcc090000-fffdcc284000 rw-p 00000000 00:00 0 
fffdcc284000-fffdcc290000 ---p 00000000 00:00 0 
fffdcc290000-fffdccc94000 rw-p 00000000 00:00 0 
fffdcdfbc000-fffdcdfc8000 ---p 00000000 00:00 0 
fffdcdfc8000-fffdce1bc000 rw-p 00000000 00:00 0 
fffdd4000000-fffdd4200000 rw-p 00000000 00:00 0 
fffdd4200000-fffdd8000000 ---p 00000000 00:00 0 
fffdd8000000-fffdd8200000 rw-p 00000000 00:00 0 
fffdd8200000-fffddc000000 ---p 00000000 00:00 0 
fffddc000000-fffddc200000 rw-p 00000000 00:00 0 
fffddc200000-fffddd000000 rw-p 00000000 00:00 0 
fffddd000000-fffde0000000 ---p 00000000 00:00 0 
fffde3e00000-fffde3e0c000 ---p 00000000 00:00 0 
fffde3e0c000-fffde4000000 rw-p 00000000 00:00 0 
fffde4000000-fffde4200000 rw-p 00000000 00:00 0 
fffde4200000-fffde5400000 rw-p 00000000 00:00 0 
fffde5400000-fffde8000000 ---p 00000000 00:00 0 
fffde8380000-fffde838c000 ---p 00000000 00:00 0 
fffde838c000-fffde8580000 rw-p 00000000 00:00 0 
fffde8b80000-fffdec200000 rw-p 00000000 00:00 0 
fffdec280000-fffdec500000 rw-p 00000000 00:00 0 
fffdec700000-fffdece00000 rw-p 00000000 00:00 0 
fffdece80000-fffdf0000000 rw-p 00000000 00:00 0 
fffdf0000000-fffdf0200000 rw-p 00000000 00:00 0 
fffdf0200000-fffdf4000000 ---p 00000000 00:00 0 
fffdf4000000-fffdf4200000 rw-p 00000000 00:00 0 
fffdf4200000-fffdf8000000 ---p 00000000 00:00 0 
fffdf8000000-fffdf8200000 rw-p 00000000 00:00 0 
fffdf8200000-fffdfc000000 ---p 00000000 00:00 0 
fffdfc000000-fffdfc200000 rw-p 00000000 00:00 0 
fffdfc200000-fffe00000000 ---p 00000000 00:00 0 
fffe00000000-fffe00200000 rw-p 00000000 00:00 0 
fffe00200000-fffe04000000 ---p 00000000 00:00 0 
fffe04000000-fffe04200000 rw-p 00000000 00:00 0 
fffe04200000-fffe04800000 rw-p 00000000 00:00 0 
fffe04800000-fffe08000000 ---p 00000000 00:00 0 
fffe08000000-fffe08200000 rw-p 00000000 00:00 0 
fffe08200000-fffe0c000000 ---p 00000000 00:00 0 
fffe0c000000-fffe0c200000 rw-p 00000000 00:00 0 
fffe0c200000-fffe10000000 ---p 00000000 00:00 0 
fffe10000000-fffe10200000 rw-p 00000000 00:00 0 
fffe10200000-fffe14000000 ---p 00000000 00:00 0 
fffe14700000-fffe15800000 rw-p 00000000 00:00 0 
fffe15980000-fffe16c00000 rw-p 00000000 00:00 0 
fffe17360000-fffe173f0000 r-xp 00000000 00:25 3200165                    /usr/lib64/libflite_cmulex.so.2.2
fffe173f0000-fffe173fc000 ---p 00090000 00:25 3200165                    /usr/lib64/libflite_cmulex.so.2.2
fffe173fc000-fffe17400000 r--p 0008c000 00:25 3200165                    /usr/lib64/libflite_cmulex.so.2.2
fffe17400000-fffe17404000 rw-p 00000000 00:00 0 
fffe17410000-fffe177d8000 r-xp 00000000 00:25 3200159                    /usr/lib64/libflite_cmu_us_kal16.so.2.2
fffe177d8000-fffe177e8000 ---p 003c8000 00:25 3200159                    /usr/lib64/libflite_cmu_us_kal16.so.2.2
fffe177e8000-fffe177f0000 r--p 003c8000 00:25 3200159                    /usr/lib64/libflite_cmu_us_kal16.so.2.2
fffe177f0000-fffe177f4000 rw-p 003d0000 00:25 3200159                    /usr/lib64/libflite_cmu_us_kal16.so.2.2
fffe17800000-fffe1c000000 rw-p 00000000 00:00 0 
fffe1c000000-fffe1c200000 rw-p 00000000 00:00 0 
fffe1c200000-fffe20000000 ---p 00000000 00:00 0 
fffe200a0000-fffe200b0000 r-xp 00000000 00:25 3200167                    /usr/lib64/libflite_usenglish.so.2.2
fffe200b0000-fffe200b4000 ---p 00010000 00:25 3200167                    /usr/lib64/libflite_usenglish.so.2.2
fffe200b4000-fffe200c0000 r--p 00014000 00:25 3200167                    /usr/lib64/libflite_usenglish.so.2.2
fffe200c0000-fffe200c4000 rw-p 00000000 00:00 0 
fffe200d0000-fffe20114000 r-xp 00000000 00:25 3101837                    /usr/lib64/libmp3lame.so.0.0.0
fffe20114000-fffe2012c000 ---p 00044000 00:25 3101837                    /usr/lib64/libmp3lame.so.0.0.0
fffe2012c000-fffe20130000 r--p 0004c000 00:25 3101837                    /usr/lib64/libmp3lame.so.0.0.0
fffe20130000-fffe20160000 rw-p 00000000 00:00 0 
fffe20170000-fffe201c0000 r-xp 00000000 00:25 3105171                    /usr/lib64/libmpg123.so.0.48.3
fffe201c0000-fffe201cc000 ---p 00050000 00:25 3105171                    /usr/lib64/libmpg123.so.0.48.3
fffe201cc000-fffe201d0000 r--p 0004c000 00:25 3105171                    /usr/lib64/libmpg123.so.0.48.3
fffe201d0000-fffe201d4000 rw-p 00050000 00:25 3105171                    /usr/lib64/libmpg123.so.0.48.3
fffe201e0000-fffe201e8000 r-xp 00000000 00:25 3101183                    /usr/lib64/libogg.so.0.8.6
fffe201e8000-fffe201fc000 ---p 00008000 00:25 3101183                    /usr/lib64/libogg.so.0.8.6
fffe201fc000-fffe20200000 r--p 0000c000 00:25 3101183                    /usr/lib64/libogg.so.0.8.6
fffe20200000-fffe20204000 rw-p 00000000 00:00 0 
fffe20210000-fffe20278000 r-xp 00000000 00:25 3101166                    /usr/lib64/libopus.so.0.11.0
fffe20278000-fffe2028c000 ---p 00068000 00:25 3101166                    /usr/lib64/libopus.so.0.11.0
fffe2028c000-fffe20290000 r--p 0006c000 00:25 3101166                    /usr/lib64/libopus.so.0.11.0
fffe20290000-fffe20294000 rw-p 00000000 00:00 0 
fffe202a0000-fffe20318000 r-xp 00000000 00:25 3101194                    /usr/lib64/libvorbisenc.so.2.0.12
fffe20318000-fffe20328000 ---p 00078000 00:25 3101194                    /usr/lib64/libvorbisenc.so.2.0.12
fffe20328000-fffe20340000 r--p 00078000 00:25 3101194                    /usr/lib64/libvorbisenc.so.2.0.12
fffe20340000-fffe20344000 rw-p 00090000 00:25 3101194                    /usr/lib64/libvorbisenc.so.2.0.12
fffe20350000-fffe2037c000 r-xp 00000000 00:25 3101192                    /usr/lib64/libvorbis.so.0.4.9
fffe2037c000-fffe2038c000 ---p 0002c000 00:25 3101192                    /usr/lib64/libvorbis.so.0.4.9
fffe2038c000-fffe20390000 r--p 0002c000 00:25 3101192                    /usr/lib64/libvorbis.so.0.4.9
fffe20390000-fffe20394000 rw-p 00000000 00:00 0 
fffe203a0000-fffe203e0000 r-xp 00000000 00:25 3101748                    /usr/lib64/libFLAC.so.14.0.0
fffe203e0000-fffe203ec000 ---p 00040000 00:25 3101748                    /usr/lib64/libFLAC.so.14.0.0
fffe203ec000-fffe203f0000 r--p 0004c000 00:25 3101748                    /usr/lib64/libFLAC.so.14.0.0
fffe203f0000-fffe203f4000 rw-p 00050000 00:25 3101748                    /usr/lib64/libFLAC.so.14.0.0
fffe20400000-fffe24000000 rw-p 00000000 00:00 0 
fffe24000000-fffe24200000 rw-p 00000000 00:00 0 
fffe24200000-fffe28000000 ---p 00000000 00:00 0 
fffe28030000-fffe2803c000 r-xp 00000000 00:25 3104966                    /usr/lib64/libgsm.so.1.0.24
fffe2803c000-fffe2804c000 ---p 0000c000 00:25 3104966                    /usr/lib64/libgsm.so.1.0.24
fffe2804c000-fffe28050000 r--p 0000c000 00:25 3104966                    /usr/lib64/libgsm.so.1.0.24
fffe28050000-fffe28054000 rw-p 00010000 00:25 3104966                    /usr/lib64/libgsm.so.1.0.24
fffe28060000-fffe28068000 r-xp 00000000 00:25 3200036                    /usr/lib64/libasyncns.so.0.3.1
fffe28068000-fffe2807c000 ---p 00008000 00:25 3200036                    /usr/lib64/libasyncns.so.0.3.1
fffe2807c000-fffe28080000 r--p 0000c000 00:25 3200036                    /usr/lib64/libasyncns.so.0.3.1
fffe28080000-fffe28084000 rw-p 00000000 00:00 0 
fffe28090000-fffe28108000 r-xp 00000000 00:25 3105180                    /usr/lib64/libsndfile.so.1.0.37
fffe28108000-fffe2811c000 ---p 00078000 00:25 3105180                    /usr/lib64/libsndfile.so.1.0.37
fffe2811c000-fffe28120000 r--p 0007c000 00:25 3105180                    /usr/lib64/libsndfile.so.1.0.37
fffe28120000-fffe28124000 rw-p 00080000 00:25 3105180                    /usr/lib64/libsndfile.so.1.0.37
fffe28130000-fffe281ac000 r-xp 00000000 00:25 3200048                    /usr/lib64/pulseaudio/libpulsecommon-17.0.so
fffe281ac000-fffe281bc000 ---p 0007c000 00:25 3200048                    /usr/lib64/pulseaudio/libpulsecommon-17.0.so
fffe281bc000-fffe281c0000 r--p 0007c000 00:25 3200048                    /usr/lib64/pulseaudio/libpulsecommon-17.0.so
fffe281c0000-fffe281c4000 rw-p 00080000 00:25 3200048                    /usr/lib64/pulseaudio/libpulsecommon-17.0.so
fffe281d0000-fffe2821c000 r-xp 00000000 00:25 3200047                    /usr/lib64/libpulse.so.0.24.3
fffe2821c000-fffe2822c000 ---p 0004c000 00:25 3200047                    /usr/lib64/libpulse.so.0.24.3
fffe2822c000-fffe28230000 r--p 0004c000 00:25 3200047                    /usr/lib64/libpulse.so.0.24.3
fffe28230000-fffe28234000 rw-p 00050000 00:25 3200047                    /usr/lib64/libpulse.so.0.24.3
fffe28240000-fffe28244000 r-xp 00000000 00:25 3200045                    /usr/lib64/libpulse-simple.so.0.1.1
fffe28244000-fffe2825c000 ---p 00004000 00:25 3200045                    /usr/lib64/libpulse-simple.so.0.1.1
fffe2825c000-fffe28260000 r--p 0000c000 00:25 3200045                    /usr/lib64/libpulse-simple.so.0.1.1
fffe28260000-fffe28264000 rw-p 00000000 00:00 0 
fffe28270000-fffe282ac000 r-xp 00000000 00:25 3200143                    /usr/lib64/libflite.so.2.2
fffe282ac000-fffe282bc000 ---p 0003c000 00:25 3200143                    /usr/lib64/libflite.so.2.2
fffe282bc000-fffe282c0000 r--p 0003c000 00:25 3200143                    /usr/lib64/libflite.so.2.2
fffe282c0000-fffe282c4000 rw-p 00040000 00:25 3200143                    /usr/lib64/libflite.so.2.2
fffe28400000-fffe29600000 rw-p 00000000 00:00 0 
fffe29600000-fffe29e10000 rw-p 00000000 00:00 0 
fffe29e10000-fffe29e34000 r-xp 00000000 00:25 3826951                    /usr/lib64/pipewire-0.3/libpipewire-module-session-manager.so
fffe29e34000-fffe29e4c000 ---p 00024000 00:25 3826951                    /usr/lib64/pipewire-0.3/libpipewire-module-session-manager.so
fffe29e4c000-fffe29e50000 r--p 0002c000 00:25 3826951                    /usr/lib64/pipewire-0.3/libpipewire-module-session-manager.so
fffe29e50000-fffe29e54000 rw-p 00000000 00:00 0 
fffe29e60000-fffe29e6c000 r-xp 00000000 00:25 3826933                    /usr/lib64/pipewire-0.3/libpipewire-module-metadata.so
fffe29e6c000-fffe29e7c000 ---p 0000c000 00:25 3826933                    /usr/lib64/pipewire-0.3/libpipewire-module-metadata.so
fffe29e7c000-fffe29e80000 r--p 0000c000 00:25 3826933                    /usr/lib64/pipewire-0.3/libpipewire-module-metadata.so
fffe29e80000-fffe29e84000 rw-p 00010000 00:25 3826933                    /usr/lib64/pipewire-0.3/libpipewire-module-metadata.so
fffe29e90000-fffe29e98000 r-xp 00000000 00:25 3826923                    /usr/lib64/pipewire-0.3/libpipewire-module-adapter.so
fffe29e98000-fffe29eac000 ---p 00008000 00:25 3826923                    /usr/lib64/pipewire-0.3/libpipewire-module-adapter.so
fffe29eac000-fffe29eb0000 r--p 0000c000 00:25 3826923                    /usr/lib64/pipewire-0.3/libpipewire-module-adapter.so
fffe29eb0000-fffe29eb4000 rw-p 00010000 00:25 3826923                    /usr/lib64/pipewire-0.3/libpipewire-module-adapter.so
fffe29ec0000-fffe29ed0000 r-xp 00000000 00:25 3826925                    /usr/lib64/pipewire-0.3/libpipewire-module-client-device.so
fffe29ed0000-fffe29edc000 ---p 00010000 00:25 3826925                    /usr/lib64/pipewire-0.3/libpipewire-module-client-device.so
fffe29edc000-fffe29ee0000 r--p 0000c000 00:25 3826925                    /usr/lib64/pipewire-0.3/libpipewire-module-client-device.so
fffe29ee0000-fffe29ee4000 rw-p 00010000 00:25 3826925                    /usr/lib64/pipewire-0.3/libpipewire-module-client-device.so
fffe29ef0000-fffe29f14000 r-xp 00000000 00:25 3826926                    /usr/lib64/pipewire-0.3/libpipewire-module-client-node.so
fffe29f14000-fffe29f2c000 ---p 00024000 00:25 3826926                    /usr/lib64/pipewire-0.3/libpipewire-module-client-node.so
fffe29f2c000-fffe29f30000 r--p 0002c000 00:25 3826926                    /usr/lib64/pipewire-0.3/libpipewire-module-client-node.so
fffe29f30000-fffe29f34000 rw-p 00030000 00:25 3826926                    /usr/lib64/pipewire-0.3/libpipewire-module-client-node.so
fffe29f40000-fffe29fdc000 r-xp 00000000 00:25 3099166                    /usr/lib64/libpcre2-8.so.0.15.0
fffe29fdc000-fffe29fec000 ---p 0009c000 00:25 3099166                    /usr/lib64/libpcre2-8.so.0.15.0
fffe29fec000-fffe29ff0000 r--p 0009c000 00:25 3099166                    /usr/lib64/libpcre2-8.so.0.15.0
fffe29ff0000-fffe29ff4000 rw-p 000a0000 00:25 3099166                    /usr/lib64/libpcre2-8.so.0.15.0
fffe2a000000-fffe2a030000 r-xp 00000000 00:25 3102648                    /usr/lib64/libselinux.so.1
fffe2a030000-fffe2a03c000 ---p 00030000 00:25 3102648                    /usr/lib64/libselinux.so.1
fffe2a03c000-fffe2a040000 r--p 0002c000 00:25 3102648                    /usr/lib64/libselinux.so.1
fffe2a040000-fffe2a044000 rw-p 00030000 00:25 3102648                    /usr/lib64/libselinux.so.1
fffe2a050000-fffe2a07c000 r-xp 00000000 00:25 3826940                    /usr/lib64/pipewire-0.3/libpipewire-module-protocol-native.so
fffe2a07c000-fffe2a084000 ---p 0002c000 00:25 3826940                    /usr/lib64/pipewire-0.3/libpipewire-module-protocol-native.so
fffe2a084000-fffe2a090000 r--p 00034000 00:25 3826940                    /usr/lib64/pipewire-0.3/libpipewire-module-protocol-native.so
fffe2a090000-fffe2a094000 rw-p 00040000 00:25 3826940                    /usr/lib64/pipewire-0.3/libpipewire-module-protocol-native.so
fffe2a0a0000-fffe2a8b0000 rw-p 00000000 00:00 0 
fffe2a8b0000-fffe2a8b8000 r-xp 00000000 00:25 3826945                    /usr/lib64/pipewire-0.3/libpipewire-module-rt.so
fffe2a8b8000-fffe2a8cc000 ---p 00008000 00:25 3826945                    /usr/lib64/pipewire-0.3/libpipewire-module-rt.so
fffe2a8cc000-fffe2a8d0000 r--p 0000c000 00:25 3826945                    /usr/lib64/pipewire-0.3/libpipewire-module-rt.so
fffe2a8d0000-fffe2a8d4000 rw-p 00010000 00:25 3826945                    /usr/lib64/pipewire-0.3/libpipewire-module-rt.so
fffe2a8e0000-fffe2a934000 r-xp 00000000 00:25 3098658                    /usr/lib64/libdbus-1.so.3.38.3
fffe2a934000-fffe2a94c000 ---p 00054000 00:25 3098658                    /usr/lib64/libdbus-1.so.3.38.3
fffe2a94c000-fffe2a950000 r--p 0005c000 00:25 3098658                    /usr/lib64/libdbus-1.so.3.38.3
fffe2a950000-fffe2a954000 rw-p 00060000 00:25 3098658                    /usr/lib64/libdbus-1.so.3.38.3
fffe2a960000-fffe2a968000 r-xp 00000000 00:25 3826985                    /usr/lib64/spa-0.2/support/libspa-dbus.so
fffe2a968000-fffe2a97c000 ---p 00008000 00:25 3826985                    /usr/lib64/spa-0.2/support/libspa-dbus.so
fffe2a97c000-fffe2a980000 r--p 0000c000 00:25 3826985                    /usr/lib64/spa-0.2/support/libspa-dbus.so
fffe2a980000-fffe2a984000 rw-p 00010000 00:25 3826985                    /usr/lib64/spa-0.2/support/libspa-dbus.so
fffe2a990000-fffe2aaac000 r-xp 00000000 00:25 3098609                    /usr/lib64/libsystemd.so.0.42.0
fffe2aaac000-fffe2aab4000 ---p 0011c000 00:25 3098609                    /usr/lib64/libsystemd.so.0.42.0
fffe2aab4000-fffe2aac0000 r--p 00124000 00:25 3098609                    /usr/lib64/libsystemd.so.0.42.0
fffe2aac0000-fffe2aac4000 rw-p 00130000 00:25 3098609                    /usr/lib64/libsystemd.so.0.42.0
fffe2aad0000-fffe2aad4000 r-xp 00000000 00:25 3826986                    /usr/lib64/spa-0.2/support/libspa-journal.so
fffe2aad4000-fffe2aaec000 ---p 00004000 00:25 3826986                    /usr/lib64/spa-0.2/support/libspa-journal.so
fffe2aaec000-fffe2aaf0000 r--p 0000c000 00:25 3826986                    /usr/lib64/spa-0.2/support/libspa-journal.so
fffe2aaf0000-fffe2aaf4000 rw-p 00010000 00:25 3826986                    /usr/lib64/spa-0.2/support/libspa-journal.so
fffe2ab00000-fffe2ab24000 r-xp 00000000 00:25 3826987                    /usr/lib64/spa-0.2/support/libspa-support.so
fffe2ab24000-fffe2ab38000 ---p 00024000 00:25 3826987                    /usr/lib64/spa-0.2/support/libspa-support.so
fffe2ab38000-fffe2ab40000 r--p 00028000 00:25 3826987                    /usr/lib64/spa-0.2/support/libspa-support.so
fffe2ab40000-fffe2ab44000 rw-p 00030000 00:25 3826987                    /usr/lib64/spa-0.2/support/libspa-support.so
fffe2ab50000-fffe2abfc000 r-xp 00000000 00:25 3826921                    /usr/lib64/libpipewire-0.3.so.0.1605.0
fffe2abfc000-fffe2ac04000 ---p 000ac000 00:25 3826921                    /usr/lib64/libpipewire-0.3.so.0.1605.0
fffe2ac04000-fffe2ac20000 r--p 000b4000 00:25 3826921                    /usr/lib64/libpipewire-0.3.so.0.1605.0
fffe2ac20000-fffe2ac24000 rw-p 000d0000 00:25 3826921                    /usr/lib64/libpipewire-0.3.so.0.1605.0
fffe2ac30000-fffe2adc4000 r-xp 00000000 00:2b 2584                       /tmp/lwjgl_anguscrump/3.4.1-snapshot/arm64/libopenal.so
fffe2adc4000-fffe2add0000 ---p 00194000 00:2b 2584                       /tmp/lwjgl_anguscrump/3.4.1-snapshot/arm64/libopenal.so
fffe2add0000-fffe2addc000 r--p 00190000 00:2b 2584                       /tmp/lwjgl_anguscrump/3.4.1-snapshot/arm64/libopenal.so
fffe2addc000-fffe2ade0000 rw-p 0019c000 00:2b 2584                       /tmp/lwjgl_anguscrump/3.4.1-snapshot/arm64/libopenal.so
fffe2ade0000-fffe2aec4000 rw-p 00000000 00:00 0 
fffe2b0d0000-fffe2b350000 rw-p 00000000 00:00 0 
fffe2b350000-fffe2b3cc000 r-xp 00000000 00:2b 2583                       /tmp/lwjgl_anguscrump/3.4.1-snapshot/arm64/liblwjgl_stb.so
fffe2b3cc000-fffe2b3d8000 ---p 0007c000 00:2b 2583                       /tmp/lwjgl_anguscrump/3.4.1-snapshot/arm64/liblwjgl_stb.so
fffe2b3d8000-fffe2b3dc000 r--p 00078000 00:2b 2583                       /tmp/lwjgl_anguscrump/3.4.1-snapshot/arm64/liblwjgl_stb.so
fffe2b3dc000-fffe2b3e0000 rw-p 0007c000 00:2b 2583                       /tmp/lwjgl_anguscrump/3.4.1-snapshot/arm64/liblwjgl_stb.so
fffe2b3f0000-fffe2b400000 r-xp 00000000 00:25 3115554                    /usr/lib64/libEGL.so.1.1.0
fffe2b400000-fffe2b40c000 ---p 00010000 00:25 3115554                    /usr/lib64/libEGL.so.1.1.0
fffe2b40c000-fffe2b410000 r--p 0000c000 00:25 3115554                    /usr/lib64/libEGL.so.1.1.0
fffe2b410000-fffe2b414000 rw-p 00010000 00:25 3115554                    /usr/lib64/libEGL.so.1.1.0
fffe2b420000-fffe2b478000 r-xp 00000000 00:2b 2582                       /tmp/lwjgl_anguscrump/3.4.1-snapshot/arm64/liblwjgl_opengl.so
fffe2b478000-fffe2b488000 ---p 00058000 00:2b 2582                       /tmp/lwjgl_anguscrump/3.4.1-snapshot/arm64/liblwjgl_opengl.so
fffe2b488000-fffe2b48c000 rw-p 00058000 00:2b 2582                       /tmp/lwjgl_anguscrump/3.4.1-snapshot/arm64/liblwjgl_opengl.so
fffe2c1f0000-fffe2c220000 r-xp 00000000 00:25 3098672                    /usr/lib64/liblzma.so.5.8.2
fffe2c220000-fffe2c22c000 ---p 00030000 00:25 3098672                    /usr/lib64/liblzma.so.5.8.2
fffe2c22c000-fffe2c230000 r--p 0003c000 00:25 3098672                    /usr/lib64/liblzma.so.5.8.2
fffe2c230000-fffe2c234000 rw-p 00000000 00:00 0 
fffe2c240000-fffe2c268000 r-xp 00000000 00:25 3098080                    /usr/lib64/libtinfo.so.6.6
fffe2c268000-fffe2c27c000 ---p 00028000 00:25 3098080                    /usr/lib64/libtinfo.so.6.6
fffe2c27c000-fffe2c280000 r--p 0002c000 00:25 3098080                    /usr/lib64/libtinfo.so.6.6
fffe2c280000-fffe2c284000 rw-p 00030000 00:25 3098080                    /usr/lib64/libtinfo.so.6.6
fffe2c290000-fffe2c3ec000 r-xp 00000000 00:25 3098680                    /usr/lib64/libxml2.so.2.12.10
fffe2c3ec000-fffe2c3f4000 ---p 0015c000 00:25 3098680                    /usr/lib64/libxml2.so.2.12.10
fffe2c3f4000-fffe2c400000 r--p 00164000 00:25 3098680                    /usr/lib64/libxml2.so.2.12.10
fffe2c400000-fffe2c404000 rw-p 00170000 00:25 3098680                    /usr/lib64/libxml2.so.2.12.10
fffe2c410000-fffe2c444000 r-xp 00000000 00:25 3859435                    /usr/lib64/libedit.so.0.0.78
fffe2c444000-fffe2c45c000 ---p 00034000 00:25 3859435                    /usr/lib64/libedit.so.0.0.78
fffe2c45c000-fffe2c460000 r--p 0003c000 00:25 3859435                    /usr/lib64/libedit.so.0.0.78
fffe2c460000-fffe2c464000 rw-p 00040000 00:25 3859435                    /usr/lib64/libedit.so.0.0.78
fffe2c470000-fffe2c488000 r-xp 00000000 00:25 3099018                    /usr/lib64/libffi.so.8.2.0
fffe2c488000-fffe2c49c000 ---p 00018000 00:25 3099018                    /usr/lib64/libffi.so.8.2.0
fffe2c49c000-fffe2c4a0000 r--p 0001c000 00:25 3099018                    /usr/lib64/libffi.so.8.2.0
fffe2c4a0000-fffe2c4a4000 rw-p 00020000 00:25 3099018                    /usr/lib64/libffi.so.8.2.0
fffe2c4b0000-fffe2c72c000 r-xp 00000000 00:25 3565243                    /usr/lib64/libstdc++.so.6.0.35
fffe2c72c000-fffe2c73c000 ---p 0027c000 00:25 3565243                    /usr/lib64/libstdc++.so.6.0.35
fffe2c73c000-fffe2c750000 r--p 0027c000 00:25 3565243                    /usr/lib64/libstdc++.so.6.0.35
fffe2c750000-fffe2c754000 rw-p 00290000 00:25 3565243                    /usr/lib64/libstdc++.so.6.0.35
fffe2c754000-fffe2c758000 rw-p 00000000 00:00 0 
fffe2ca30000-fffe2caf4000 r-xp 00000000 00:25 3098619                    /usr/lib64/libzstd.so.1.5.7
fffe2caf4000-fffe2cb0c000 ---p 000c4000 00:25 3098619                    /usr/lib64/libzstd.so.1.5.7
fffe2cb0c000-fffe2cb10000 r--p 000cc000 00:25 3098619                    /usr/lib64/libzstd.so.1.5.7
fffe2cb10000-fffe2cb14000 rw-p 000d0000 00:25 3098619                    /usr/lib64/libzstd.so.1.5.7
fffe2cb20000-fffe30e08000 r--p 00000000 00:25 3827814                    /usr/lib64/libLLVM.so.22.1
fffe30e08000-fffe30e14000 ---p 042e8000 00:25 3827814                    /usr/lib64/libLLVM.so.22.1
fffe30e14000-fffe34e48000 r-xp 042e4000 00:25 3827814                    /usr/lib64/libLLVM.so.22.1
fffe34e48000-fffe34e54000 ---p 08328000 00:25 3827814                    /usr/lib64/libLLVM.so.22.1
fffe34e54000-fffe35078000 r--p 08314000 00:25 3827814                    /usr/lib64/libLLVM.so.22.1
fffe35078000-fffe3507c000 rw-p 08538000 00:25 3827814                    /usr/lib64/libLLVM.so.22.1
fffe3507c000-fffe35088000 ---p 0855c000 00:25 3827814                    /usr/lib64/libLLVM.so.22.1
fffe35088000-fffe35094000 rw-p 08538000 00:25 3827814                    /usr/lib64/libLLVM.so.22.1
fffe35094000-fffe35140000 rw-p 00000000 00:00 0 
fffe37ab0000-fffe37bc8000 r-xp 00000000 00:25 3105144                    /usr/lib64/libGLdispatch.so.0.0.0
fffe37bc8000-fffe37bd4000 ---p 00118000 00:25 3105144                    /usr/lib64/libGLdispatch.so.0.0.0
fffe37bd4000-fffe37bf0000 r--p 00124000 00:25 3105144                    /usr/lib64/libGLdispatch.so.0.0.0
fffe37bf0000-fffe37bf4000 rw-p 00140000 00:25 3105144                    /usr/lib64/libGLdispatch.so.0.0.0
fffe37bf4000-fffe37bfc000 rw-p 00000000 00:00 0 
fffe37cb0000-fffe37cb8000 r-xp 00000000 00:25 3101940                    /usr/lib64/libXfixes.so.3.1.0
fffe37cb8000-fffe37ccc000 ---p 00008000 00:25 3101940                    /usr/lib64/libXfixes.so.3.1.0
fffe37ccc000-fffe37cd0000 r--p 0000c000 00:25 3101940                    /usr/lib64/libXfixes.so.3.1.0
fffe37cd0000-fffe37cd4000 rw-p 00010000 00:25 3101940                    /usr/lib64/libXfixes.so.3.1.0
fffe37ce0000-fffe37cec000 r-xp 00000000 00:25 3101960                    /usr/lib64/libXcursor.so.1.0.2
fffe37cec000-fffe37cfc000 ---p 0000c000 00:25 3101960                    /usr/lib64/libXcursor.so.1.0.2
fffe37cfc000-fffe37d00000 r--p 0000c000 00:25 3101960                    /usr/lib64/libXcursor.so.1.0.2
fffe37d00000-fffe37d04000 rw-p 00000000 00:00 0 
fffe37d10000-fffe37d1c000 r-xp 00000000 00:25 3101950                    /usr/lib64/libXrender.so.1.3.0
fffe37d1c000-fffe37d2c000 ---p 0000c000 00:25 3101950                    /usr/lib64/libXrender.so.1.3.0
fffe37d2c000-fffe37d30000 r--p 0000c000 00:25 3101950                    /usr/lib64/libXrender.so.1.3.0
fffe37d30000-fffe37d34000 rw-p 00010000 00:25 3101950                    /usr/lib64/libXrender.so.1.3.0
fffe37da0000-fffe37db4000 r-xp 00000000 00:25 3101935                    /usr/lib64/libXext.so.6.4.0
fffe37db4000-fffe37dcc000 ---p 00014000 00:25 3101935                    /usr/lib64/libXext.so.6.4.0
fffe37dcc000-fffe37dd0000 r--p 0001c000 00:25 3101935                    /usr/lib64/libXext.so.6.4.0
fffe37dd0000-fffe37dd4000 rw-p 00020000 00:25 3101935                    /usr/lib64/libXext.so.6.4.0
fffe37e10000-fffe37e14000 r-xp 00000000 00:25 3101844                    /usr/lib64/libXau.so.6.0.0
fffe37e14000-fffe37e2c000 ---p 00004000 00:25 3101844                    /usr/lib64/libXau.so.6.0.0
fffe37e2c000-fffe37e30000 r--p 0000c000 00:25 3101844                    /usr/lib64/libXau.so.6.0.0
fffe37e30000-fffe37e34000 rw-p 00000000 00:00 0 
fffe37e40000-fffe37e6c000 r-xp 00000000 00:25 3101927                    /usr/lib64/libxcb.so.1.1.0
fffe37e6c000-fffe37e7c000 ---p 0002c000 00:25 3101927                    /usr/lib64/libxcb.so.1.1.0
fffe37e7c000-fffe37e80000 r--p 0002c000 00:25 3101927                    /usr/lib64/libxcb.so.1.1.0
fffe37e80000-fffe37e84000 rw-p 00030000 00:25 3101927                    /usr/lib64/libxcb.so.1.1.0
fffe37e90000-fffe37fd8000 r-xp 00000000 00:25 3101932                    /usr/lib64/libX11.so.6.4.0
fffe37fd8000-fffe37fec000 ---p 00148000 00:25 3101932                    /usr/lib64/libX11.so.6.4.0
fffe37fec000-fffe37ff0000 r--p 0014c000 00:25 3101932                    /usr/lib64/libX11.so.6.4.0
fffe37ff0000-fffe37ff4000 rw-p 00150000 00:25 3101932                    /usr/lib64/libX11.so.6.4.0
fffe38000000-fffe387c0000 rw-p 00000000 00:00 0 
fffe387c0000-fffe38800000 rw-p 00000000 00:00 0 
fffe38800000-fffe38880000 rw-p 00000000 00:00 0 
fffe38880000-fffe38900000 rw-p 00000000 00:00 0 
fffe38900000-fffe38b00000 rw-p 00000000 00:00 0 
fffe38b00000-fffe38c00000 rw-p 00000000 00:00 0 
fffe38c00000-fffe38d00000 rw-p 00000000 00:00 0 
fffe38d00000-fffe38e00000 rw-p 00000000 00:00 0 
fffe38e00000-fffe38f00000 rw-p 00000000 00:00 0 
fffe38f00000-fffe39000000 rw-p 00000000 00:00 0 
fffe39000000-fffe39180000 rw-p 00000000 00:00 0 
fffe39180000-fffe39200000 rw-p 00000000 00:00 0 
fffe39200000-fffe39300000 rw-p 00000000 00:00 0 
fffe39300000-fffe39400000 rw-p 00000000 00:00 0 
fffe39400000-fffe39a00000 rw-p 00000000 00:00 0 
fffe39a00000-fffe3ad80000 rw-p 00000000 00:00 0 
fffe3ad80000-fffe3ae00000 rw-p 00000000 00:00 0 
fffe3ae00000-fffe3b380000 rw-p 00000000 00:00 0 
fffe3b380000-fffe3b400000 rw-p 00000000 00:00 0 
fffe3b400000-fffe3c000000 rw-p 00000000 00:00 0 
fffe3c000000-fffe3c200000 rw-p 00000000 00:00 0 
fffe3c200000-fffe3dc00000 rw-p 00000000 00:00 0 
fffe3dc00000-fffe40000000 ---p 00000000 00:00 0 
fffe40000000-fffe40200000 rw-p 00000000 00:00 0 
fffe40200000-fffe44000000 rw-p 00000000 00:00 0 
fffe44000000-fffe44200000 rw-p 00000000 00:00 0 
fffe44200000-fffe48000000 ---p 00000000 00:00 0 
fffe48000000-fffe48200000 rw-p 00000000 00:00 0 
fffe48200000-fffe4c000000 ---p 00000000 00:00 0 
fffe4c000000-fffe4c200000 rw-p 00000000 00:00 0 
fffe4c200000-fffe50000000 ---p 00000000 00:00 0 
fffe50000000-fffe50200000 rw-p 00000000 00:00 0 
fffe50200000-fffe54000000 ---p 00000000 00:00 0 
fffe54000000-fffe54200000 rw-p 00000000 00:00 0 
fffe54200000-fffe58000000 ---p 00000000 00:00 0 
fffe58000000-fffe58200000 rw-p 00000000 00:00 0 
fffe58200000-fffe58400000 rw-p 00000000 00:00 0 
fffe58400000-fffe5c000000 ---p 00000000 00:00 0 
fffe5c000000-fffe5c200000 rw-p 00000000 00:00 0 
fffe5c200000-fffe60000000 ---p 00000000 00:00 0 
fffe60000000-fffe60200000 rw-p 00000000 00:00 0 
fffe60200000-fffe64000000 ---p 00000000 00:00 0 
fffe64000000-fffe64200000 rw-p 00000000 00:00 0 
fffe64200000-fffe64600000 rw-p 00000000 00:00 0 
fffe64600000-fffe68000000 ---p 00000000 00:00 0 
fffe68000000-fffe68200000 rw-p 00000000 00:00 0 
fffe68200000-fffe69600000 rw-p 00000000 00:00 0 
fffe69600000-fffe6c000000 ---p 00000000 00:00 0 
fffe6c000000-fffe6c200000 rw-p 00000000 00:00 0 
fffe6c200000-fffe70000000 ---p 00000000 00:00 0 
fffe70000000-fffe70200000 rw-p 00000000 00:00 0 
fffe70200000-fffe74000000 ---p 00000000 00:00 0 
fffe74000000-fffe74200000 rw-p 00000000 00:00 0 
fffe74200000-fffe78000000 ---p 00000000 00:00 0 
fffe78000000-fffe78200000 rw-p 00000000 00:00 0 
fffe78200000-fffe7c000000 ---p 00000000 00:00 0 
fffe7c000000-fffe7c200000 rw-p 00000000 00:00 0 
fffe7c200000-fffe80000000 ---p 00000000 00:00 0 
fffe80000000-fffe80200000 rw-p 00000000 00:00 0 
fffe80200000-fffe84000000 ---p 00000000 00:00 0 
fffe84000000-fffe84200000 rw-p 00000000 00:00 0 
fffe84200000-fffe88000000 ---p 00000000 00:00 0 
fffe88000000-fffe88200000 rw-p 00000000 00:00 0 
fffe88200000-fffe8c000000 ---p 00000000 00:00 0 
fffe8c000000-fffe8c200000 rw-p 00000000 00:00 0 
fffe8c200000-fffe8e200000 rw-p 00000000 00:00 0 
fffe8e200000-fffe90000000 ---p 00000000 00:00 0 
fffe90000000-fffe90200000 rw-p 00000000 00:00 0 
fffe90200000-fffe94000000 ---p 00000000 00:00 0 
fffe94000000-fffe94200000 rw-p 00000000 00:00 0 
fffe94200000-fffe98000000 ---p 00000000 00:00 0 
fffe98000000-fffe98200000 rw-p 00000000 00:00 0 
fffe98200000-fffe9c000000 ---p 00000000 00:00 0 
fffe9c000000-fffe9c200000 rw-p 00000000 00:00 0 
fffe9c200000-fffe9c600000 rw-p 00000000 00:00 0 
fffe9c600000-fffea0000000 ---p 00000000 00:00 0 
fffea0000000-fffea0200000 rw-p 00000000 00:00 0 
fffea0200000-fffea4000000 ---p 00000000 00:00 0 
fffea4000000-fffea4200000 rw-p 00000000 00:00 0 
fffea4200000-fffea6000000 rw-p 00000000 00:00 0 
fffea6000000-fffea8000000 ---p 00000000 00:00 0 
fffea8000000-fffea8200000 rw-p 00000000 00:00 0 
fffea8200000-fffeac000000 ---p 00000000 00:00 0 
fffeac000000-fffeac200000 rw-p 00000000 00:00 0 
fffeac200000-fffeb0000000 ---p 00000000 00:00 0 
fffeb0000000-fffeb0200000 rw-p 00000000 00:00 0 
fffeb0200000-fffeb3200000 rw-p 00000000 00:00 0 
fffeb3200000-fffeb4000000 ---p 00000000 00:00 0 
fffeb4000000-fffeb4200000 rw-p 00000000 00:00 0 
fffeb4200000-fffeb8000000 ---p 00000000 00:00 0 
fffeb8000000-fffeb8200000 rw-p 00000000 00:00 0 
fffeb8200000-fffebc000000 ---p 00000000 00:00 0 
fffebc000000-fffebc200000 rw-p 00000000 00:00 0 
fffebc200000-fffec0000000 ---p 00000000 00:00 0 
fffec0000000-fffec0200000 rw-p 00000000 00:00 0 
fffec0200000-fffec4000000 ---p 00000000 00:00 0 
fffec4000000-fffec4400000 rw-p 00000000 00:00 0 
fffec4400000-fffec4440000 rw-p 00000000 00:00 0 
fffec4440000-fffec4480000 rw-p 00000000 00:00 0 
fffec4480000-fffec4500000 rw-p 00000000 00:00 0 
fffec4500000-fffec4700000 rw-p 00000000 00:00 0 
fffec4700000-fffec4800000 rw-p 00000000 00:00 0 
fffec4800000-fffec4900000 rw-p 00000000 00:00 0 
fffec4900000-fffec4a00000 rw-p 00000000 00:00 0 
fffec4a00000-fffec4b40000 rw-p 00000000 00:00 0 
fffec4b40000-fffec4b80000 rw-p 00000000 00:00 0 
fffec4b80000-fffec4d00000 rw-p 00000000 00:00 0 
fffec4d00000-fffec4d80000 rw-p 00000000 00:00 0 
fffec4d80000-fffec4f00000 rw-p 00000000 00:00 0 
fffec4f00000-fffec5100000 rw-p 00000000 00:00 0 
fffec5100000-fffec5200000 rw-p 00000000 00:00 0 
fffec5200000-fffec5400000 rw-p 00000000 00:00 0 
fffec5400000-fffec5500000 rw-p 00000000 00:00 0 
fffec5500000-fffec5600000 rw-p 00000000 00:00 0 
fffec5600000-fffec5fc0000 rw-p 00000000 00:00 0 
fffec5fc0000-fffec6000000 rw-p 00000000 00:00 0 
fffec6000000-fffec6200000 rw-p 00000000 00:00 0 
fffec6200000-fffec67e0000 rw-p 00000000 00:00 0 
fffec67e0000-fffec8000000 rw-p 00000000 00:00 0 
fffec8000000-fffec8200000 rw-p 00000000 00:00 0 
fffec8200000-fffec8800000 rw-p 00000000 00:00 0 
fffec8800000-fffecc000000 ---p 00000000 00:00 0 
fffecc000000-fffecc200000 rw-p 00000000 00:00 0 
fffecc200000-fffed0000000 ---p 00000000 00:00 0 
fffed0000000-fffed0200000 rw-p 00000000 00:00 0 
fffed0200000-fffed4000000 ---p 00000000 00:00 0 
fffed4000000-fffed4200000 rw-p 00000000 00:00 0 
fffed4200000-fffed8000000 ---p 00000000 00:00 0 
fffed8000000-fffed8200000 rw-p 00000000 00:00 0 
fffed8200000-fffedc000000 ---p 00000000 00:00 0 
fffedc000000-fffedc400000 rw-p 00000000 00:00 0 
fffedc420000-fffedc494000 r-xp 00000000 00:2b 2581                       /tmp/lwjgl_anguscrump/3.4.1-snapshot/arm64/libjemalloc.so
fffedc494000-fffedc4a0000 ---p 00074000 00:2b 2581                       /tmp/lwjgl_anguscrump/3.4.1-snapshot/arm64/libjemalloc.so
fffedc4a0000-fffedc4a4000 r--p 00070000 00:2b 2581                       /tmp/lwjgl_anguscrump/3.4.1-snapshot/arm64/libjemalloc.so
fffedc4a4000-fffedc4a8000 rw-p 00074000 00:2b 2581                       /tmp/lwjgl_anguscrump/3.4.1-snapshot/arm64/libjemalloc.so
fffedc4a8000-fffedc534000 rw-p 00000000 00:00 0 
fffedc540000-fffedc5b4000 r-xp 00000000 00:2b 2580                       /tmp/lwjgl_anguscrump/3.4.1-snapshot/arm64/libglfw.so
fffedc5b4000-fffedc5c4000 ---p 00074000 00:2b 2580                       /tmp/lwjgl_anguscrump/3.4.1-snapshot/arm64/libglfw.so
fffedc5c4000-fffedc5cc000 rw-p 00074000 00:2b 2580                       /tmp/lwjgl_anguscrump/3.4.1-snapshot/arm64/libglfw.so
fffedc5cc000-fffedc5f0000 rw-p 00000000 00:00 0 
fffedc600000-fffedc684000 r-xp 00000000 00:2b 2579                       /tmp/lwjgl_anguscrump/3.4.1-snapshot/arm64/liblwjgl.so
fffedc684000-fffedc690000 ---p 00084000 00:2b 2579                       /tmp/lwjgl_anguscrump/3.4.1-snapshot/arm64/liblwjgl.so
fffedc690000-fffedc694000 r--p 00080000 00:2b 2579                       /tmp/lwjgl_anguscrump/3.4.1-snapshot/arm64/liblwjgl.so
fffedc694000-fffedc698000 rw-p 00084000 00:2b 2579                       /tmp/lwjgl_anguscrump/3.4.1-snapshot/arm64/liblwjgl.so
fffedc6a0000-fffedc6a4000 r-xp 00000000 00:25 8789711                    /home/anguscrump/.jdks/jbr-25.0.3/lib/libextnet.so
fffedc6a4000-fffedc6bc000 ---p 00004000 00:25 8789711                    /home/anguscrump/.jdks/jbr-25.0.3/lib/libextnet.so
fffedc6bc000-fffedc6c0000 r--p 0000c000 00:25 8789711                    /home/anguscrump/.jdks/jbr-25.0.3/lib/libextnet.so
fffedc6c0000-fffedc6c4000 rw-p 00000000 00:00 0 
fffedc6d0000-fffedc700000 r-xp 00000000 00:25 3098606                    /usr/lib64/libnss_resolve.so.2
fffedc700000-fffedc70c000 ---p 00030000 00:25 3098606                    /usr/lib64/libnss_resolve.so.2
fffedc70c000-fffedc710000 r--p 0003c000 00:25 3098606                    /usr/lib64/libnss_resolve.so.2
fffedc710000-fffedc714000 rw-p 00040000 00:25 3098606                    /usr/lib64/libnss_resolve.so.2
fffedc720000-fffedc724000 r-xp 00000000 00:25 3115273                    /usr/lib64/libnss_mdns4_minimal.so.2
fffedc724000-fffedc73c000 ---p 00004000 00:25 3115273                    /usr/lib64/libnss_mdns4_minimal.so.2
fffedc73c000-fffedc740000 r--p 0000c000 00:25 3115273                    /usr/lib64/libnss_mdns4_minimal.so.2
fffedc740000-fffedc744000 rw-p 00000000 00:00 0 
fffedc750000-fffedc794000 r-xp 00000000 00:25 3098611                    /usr/lib64/libudev.so.1.7.12
fffedc794000-fffedc7a8000 ---p 00044000 00:25 3098611                    /usr/lib64/libudev.so.1.7.12
fffedc7a8000-fffedc7b0000 r--p 00048000 00:25 3098611                    /usr/lib64/libudev.so.1.7.12
fffedc7b0000-fffedc7b4000 rw-p 00050000 00:25 3098611                    /usr/lib64/libudev.so.1.7.12
fffedc7f0000-fffedca00000 rw-p 00000000 00:00 0 
fffedcc00000-fffedcc0c000 ---p 00000000 00:00 0 
fffedcc0c000-fffedce00000 rw-p 00000000 00:00 0 
fffedce00000-fffedce0c000 ---p 00000000 00:00 0 
fffedce0c000-fffedd000000 rw-p 00000000 00:00 0 
fffedda00000-fffedda0c000 ---p 00000000 00:00 0 
fffedda0c000-fffeddc00000 rw-p 00000000 00:00 0 
fffeddc00000-fffeddc0c000 ---p 00000000 00:00 0 
fffeddc0c000-fffedde00000 rw-p 00000000 00:00 0 
fffede000000-fffee0000000 rw-p 00000000 00:00 0 
fffee0000000-fffee0200000 rw-p 00000000 00:00 0 
fffee0200000-fffee4000000 ---p 00000000 00:00 0 
fffee4000000-fffee4200000 rw-p 00000000 00:00 0 
fffee4200000-fffee8000000 ---p 00000000 00:00 0 
fffee8000000-fffee8200000 rw-p 00000000 00:00 0 
fffee8200000-fffeec000000 ---p 00000000 00:00 0 
fffeec010000-fffeec034000 r-xp 00000000 00:25 8813633                    /home/anguscrump/.cache/JNA/temp/jna1673293914130572386.tmp (deleted)
fffeec034000-fffeec040000 ---p 00024000 00:25 8813633                    /home/anguscrump/.cache/JNA/temp/jna1673293914130572386.tmp (deleted)
fffeec040000-fffeec044000 r--p 00020000 00:25 8813633                    /home/anguscrump/.cache/JNA/temp/jna1673293914130572386.tmp (deleted)
fffeec044000-fffeec048000 rw-p 00024000 00:25 8813633                    /home/anguscrump/.cache/JNA/temp/jna1673293914130572386.tmp (deleted)
fffeec050000-fffeec070000 r-xp 00000000 00:25 3565233                    /usr/lib64/libgcc_s-16-20260501.so.1
fffeec070000-fffeec07c000 ---p 00020000 00:25 3565233                    /usr/lib64/libgcc_s-16-20260501.so.1
fffeec07c000-fffeec080000 r--p 0001c000 00:25 3565233                    /usr/lib64/libgcc_s-16-20260501.so.1
fffeec080000-fffeec084000 rw-p 00000000 00:00 0 
fffeec090000-fffeec0bc000 r-xp 00000000 00:25 3098605                    /usr/lib64/libnss_myhostname.so.2
fffeec0bc000-fffeec0c8000 ---p 0002c000 00:25 3098605                    /usr/lib64/libnss_myhostname.so.2
fffeec0c8000-fffeec0d0000 r--p 00028000 00:25 3098605                    /usr/lib64/libnss_myhostname.so.2
fffeec0d0000-fffeec0d4000 rw-p 00030000 00:25 3098605                    /usr/lib64/libnss_myhostname.so.2
fffeec100000-fffeed180000 rw-p 00000000 00:00 0 
fffeed180000-fffeed188000 r-xp 00000000 00:25 8789729                    /home/anguscrump/.jdks/jbr-25.0.3/lib/libmanagement_ext.so
fffeed188000-fffeed19c000 ---p 00008000 00:25 8789729                    /home/anguscrump/.jdks/jbr-25.0.3/lib/libmanagement_ext.so
fffeed19c000-fffeed1a0000 r--p 0000c000 00:25 8789729                    /home/anguscrump/.jdks/jbr-25.0.3/lib/libmanagement_ext.so
fffeed1a0000-fffeed1a4000 rw-p 00000000 00:00 0 
fffeed1ac000-fffeed1b8000 ---p 00000000 00:00 0 
fffeed1b8000-fffeed3ac000 rw-p 00000000 00:00 0 
fffeed5ac000-fffeed5b8000 ---p 00000000 00:00 0 
fffeed5b8000-fffeed7ac000 rw-p 00000000 00:00 0 
fffeed7ac000-fffeed7b8000 ---p 00000000 00:00 0 
fffeed7b8000-fffeed9ac000 rw-p 00000000 00:00 0 
fffeed9ac000-fffeed9b8000 ---p 00000000 00:00 0 
fffeed9b8000-fffeedbac000 rw-p 00000000 00:00 0 
fffeedbac000-fffeedbb8000 ---p 00000000 00:00 0 
fffeedbb8000-fffeeddac000 rw-p 00000000 00:00 0 
fffeeddac000-fffeeddb8000 ---p 00000000 00:00 0 
fffeeddb8000-fffeedfac000 rw-p 00000000 00:00 0 
fffeedfac000-fffeedfb8000 ---p 00000000 00:00 0 
fffeedfb8000-fffeee1ac000 rw-p 00000000 00:00 0 
fffeee1ac000-fffeee1b8000 ---p 00000000 00:00 0 
fffeee1b8000-fffeee3ac000 rw-p 00000000 00:00 0 
fffeee3ac000-fffeee3b8000 ---p 00000000 00:00 0 
fffeee3b8000-fffeee5ac000 rw-p 00000000 00:00 0 
fffeee5ac000-fffeee5b8000 ---p 00000000 00:00 0 
fffeee5b8000-fffeee7ac000 rw-p 00000000 00:00 0 
fffeee7ac000-fffeee7b8000 ---p 00000000 00:00 0 
fffeee7b8000-fffeee9ac000 rw-p 00000000 00:00 0 
fffeee9ac000-fffeee9b8000 ---p 00000000 00:00 0 
fffeee9b8000-fffeeebac000 rw-p 00000000 00:00 0 
fffeeebac000-fffeeebb8000 ---p 00000000 00:00 0 
fffeeebb8000-fffeef1cc000 rw-p 00000000 00:00 0 
fffeef1cc000-fffeef1d8000 ---p 00000000 00:00 0 
fffeef1d8000-fffeef3dc000 rw-p 00000000 00:00 0 
fffeef3dc000-fffef0dc4000 rw-p 00000000 00:00 0 
fffef0dc4000-fffef2a24000 ---p 00000000 00:00 0 
fffef2a24000-fffef2ffc000 rw-p 00000000 00:00 0 
fffef2ffc000-fffef4ddc000 rwxp 00000000 00:00 0 
fffef4ddc000-fffefa534000 ---p 00000000 00:00 0 
fffefa534000-fffefa8d4000 rwxp 00000000 00:00 0 
fffefa8d4000-fffefaac8000 ---p 00000000 00:00 0 
fffefaac8000-fffefbf98000 rwxp 00000000 00:00 0 
fffefbf98000-ffff02000000 ---p 00000000 00:00 0 
ffff02000000-ffff0fe94000 r--p 00000000 00:25 3810908                    /usr/lib/locale/locale-archive
ffff0feb0000-ffff0feb4000 r-xp 00000000 00:25 8789728                    /home/anguscrump/.jdks/jbr-25.0.3/lib/libmanagement.so
ffff0feb4000-ffff0fecc000 ---p 00004000 00:25 8789728                    /home/anguscrump/.jdks/jbr-25.0.3/lib/libmanagement.so
ffff0fecc000-ffff0fed0000 r--p 0000c000 00:25 8789728                    /home/anguscrump/.jdks/jbr-25.0.3/lib/libmanagement.so
ffff0fed0000-ffff0fed4000 rw-p 00000000 00:00 0 
ffff0fee0000-ffff0fef0000 r-xp 00000000 00:25 8789741                    /home/anguscrump/.jdks/jbr-25.0.3/lib/libverify.so
ffff0fef0000-ffff0fefc000 ---p 00010000 00:25 8789741                    /home/anguscrump/.jdks/jbr-25.0.3/lib/libverify.so
ffff0fefc000-ffff0ff00000 r--p 0000c000 00:25 8789741                    /home/anguscrump/.jdks/jbr-25.0.3/lib/libverify.so
ffff0ff00000-ffff0ff04000 rw-p 00000000 00:00 0 
ffff0ff10000-ffff0ff1c000 r-xp 00000000 00:25 8789731                    /home/anguscrump/.jdks/jbr-25.0.3/lib/libnet.so
ffff0ff1c000-ffff0ff2c000 ---p 0000c000 00:25 8789731                    /home/anguscrump/.jdks/jbr-25.0.3/lib/libnet.so
ffff0ff2c000-ffff0ff30000 r--p 0000c000 00:25 8789731                    /home/anguscrump/.jdks/jbr-25.0.3/lib/libnet.so
ffff0ff30000-ffff0ff34000 rw-p 00000000 00:00 0 
ffff0ff40000-ffff0ff54000 r-xp 00000000 00:25 8789733                    /home/anguscrump/.jdks/jbr-25.0.3/lib/libnio.so
ffff0ff54000-ffff0ff6c000 ---p 00014000 00:25 8789733                    /home/anguscrump/.jdks/jbr-25.0.3/lib/libnio.so
ffff0ff6c000-ffff0ff70000 r--p 0001c000 00:25 8789733                    /home/anguscrump/.jdks/jbr-25.0.3/lib/libnio.so
ffff0ff70000-ffff0ff74000 rw-p 00020000 00:25 8789733                    /home/anguscrump/.jdks/jbr-25.0.3/lib/libnio.so
ffff0ff7c000-ffff10000000 rw-p 00000000 00:00 0 
ffff10000000-ffff13ff4000 r--s 00000000 00:25 8789745                    /home/anguscrump/.jdks/jbr-25.0.3/lib/modules
ffff14000000-ffff14200000 rw-p 00000000 00:00 0 
ffff14200000-ffff18000000 rw-p 00000000 00:00 0 
ffff18018000-ffff1801c000 r-xp 00000000 00:2b 9093                       /tmp/#9093 (deleted)
ffff1801c000-ffff18020000 rw-p 00000000 00:00 0 
ffff18020000-ffff18028000 r-xp 00000000 00:25 8789710                    /home/anguscrump/.jdks/jbr-25.0.3/lib/libdt_socket.so
ffff18028000-ffff1803c000 ---p 00008000 00:25 8789710                    /home/anguscrump/.jdks/jbr-25.0.3/lib/libdt_socket.so
ffff1803c000-ffff18040000 r--p 0000c000 00:25 8789710                    /home/anguscrump/.jdks/jbr-25.0.3/lib/libdt_socket.so
ffff18040000-ffff18044000 rw-p 00010000 00:25 8789710                    /home/anguscrump/.jdks/jbr-25.0.3/lib/libdt_socket.so
ffff18044000-ffff18048000 rw-p 00000000 00:00 0 
ffff18054000-ffff180b0000 rw-p 00000000 00:00 0 
ffff180f4000-ffff18514000 rw-p 00000000 00:00 0 
ffff18514000-ffff18e38000 rw-p 00000000 00:00 0 
ffff18e38000-ffff19468000 rw-p 00000000 00:00 0 
ffff19468000-ffff19828000 rw-p 00000000 00:00 0 
ffff19828000-ffff19bb0000 ---p 00000000 00:00 0 
ffff19bb0000-ffff19fac000 rw-p 00000000 00:00 0 
ffff19fac000-ffff1a334000 ---p 00000000 00:00 0 
ffff1a334000-ffff1ac64000 rw-p 00000000 00:00 0 
ffff1ac64000-ffff1ade8000 ---p 00000000 00:00 0 
ffff1ade8000-ffff1ae60000 rw-p 00000000 00:00 0 
ffff1ae60000-ffff1afc0000 ---p 00000000 00:00 0 
ffff1afc0000-ffff1afc8000 r-xp 00000000 00:25 8789743                    /home/anguscrump/.jdks/jbr-25.0.3/lib/libzip.so
ffff1afc8000-ffff1afdc000 ---p 00008000 00:25 8789743                    /home/anguscrump/.jdks/jbr-25.0.3/lib/libzip.so
ffff1afdc000-ffff1afe0000 r--p 0000c000 00:25 8789743                    /home/anguscrump/.jdks/jbr-25.0.3/lib/libzip.so
ffff1afe0000-ffff1afe4000 rw-p 00000000 00:00 0 
ffff1aff0000-ffff1b014000 r-xp 00000000 00:25 8789719                    /home/anguscrump/.jdks/jbr-25.0.3/lib/libjava.so
ffff1b014000-ffff1b02c000 ---p 00024000 00:25 8789719                    /home/anguscrump/.jdks/jbr-25.0.3/lib/libjava.so
ffff1b02c000-ffff1b030000 r--p 0002c000 00:25 8789719                    /home/anguscrump/.jdks/jbr-25.0.3/lib/libjava.so
ffff1b030000-ffff1b034000 rw-p 00030000 00:25 8789719                    /home/anguscrump/.jdks/jbr-25.0.3/lib/libjava.so
ffff1b040000-ffff1b04c000 r-xp 00000000 00:25 8789713                    /home/anguscrump/.jdks/jbr-25.0.3/lib/libinstrument.so
ffff1b04c000-ffff1b05c000 ---p 0000c000 00:25 8789713                    /home/anguscrump/.jdks/jbr-25.0.3/lib/libinstrument.so
ffff1b05c000-ffff1b060000 r--p 0000c000 00:25 8789713                    /home/anguscrump/.jdks/jbr-25.0.3/lib/libinstrument.so
ffff1b060000-ffff1b064000 rw-p 00010000 00:25 8789713                    /home/anguscrump/.jdks/jbr-25.0.3/lib/libinstrument.so
ffff1b070000-ffff1b0b4000 r-xp 00000000 00:25 8789722                    /home/anguscrump/.jdks/jbr-25.0.3/lib/libjdwp.so
ffff1b0b4000-ffff1b0cc000 ---p 00044000 00:25 8789722                    /home/anguscrump/.jdks/jbr-25.0.3/lib/libjdwp.so
ffff1b0cc000-ffff1b0d0000 r--p 0004c000 00:25 8789722                    /home/anguscrump/.jdks/jbr-25.0.3/lib/libjdwp.so
ffff1b0d0000-ffff1b0d4000 rw-p 00050000 00:25 8789722                    /home/anguscrump/.jdks/jbr-25.0.3/lib/libjdwp.so
ffff1b0e0000-ffff1b0fc000 r-xp 00000000 00:25 8789723                    /home/anguscrump/.jdks/jbr-25.0.3/lib/libjimage.so
ffff1b0fc000-ffff1b10c000 ---p 0001c000 00:25 8789723                    /home/anguscrump/.jdks/jbr-25.0.3/lib/libjimage.so
ffff1b10c000-ffff1b110000 r--p 0001c000 00:25 8789723                    /home/anguscrump/.jdks/jbr-25.0.3/lib/libjimage.so
ffff1b110000-ffff1b114000 rw-p 00020000 00:25 8789723                    /home/anguscrump/.jdks/jbr-25.0.3/lib/libjimage.so
ffff1b120000-ffff1b12c000 ---p 00000000 00:00 0 
ffff1b12c000-ffff1b320000 rw-p 00000000 00:00 0 
ffff1b320000-ffff1b3d0000 r-xp 00000000 00:25 3800671                    /usr/lib64/libm.so.6
ffff1b3d0000-ffff1b3dc000 ---p 000b0000 00:25 3800671                    /usr/lib64/libm.so.6
ffff1b3dc000-ffff1b3e0000 r--p 000ac000 00:25 3800671                    /usr/lib64/libm.so.6
ffff1b3e0000-ffff1b3e4000 rw-p 000b0000 00:25 3800671                    /usr/lib64/libm.so.6
ffff1b3f0000-ffff1b3f4000 r-xp 00000000 00:25 3800679                    /usr/lib64/librt.so.1
ffff1b3f4000-ffff1b40c000 ---p 00004000 00:25 3800679                    /usr/lib64/librt.so.1
ffff1b40c000-ffff1b410000 r--p 0000c000 00:25 3800679                    /usr/lib64/librt.so.1
ffff1b410000-ffff1b414000 rw-p 00000000 00:00 0 
ffff1b420000-ffff1c7a0000 r-xp 00000000 00:25 8789753                    /home/anguscrump/.jdks/jbr-25.0.3/lib/server/libjvm.so
ffff1c7a0000-ffff1c7b0000 ---p 01380000 00:25 8789753                    /home/anguscrump/.jdks/jbr-25.0.3/lib/server/libjvm.so
ffff1c7b0000-ffff1c890000 r--p 01380000 00:25 8789753                    /home/anguscrump/.jdks/jbr-25.0.3/lib/server/libjvm.so
ffff1c890000-ffff1c8c0000 rw-p 01460000 00:25 8789753                    /home/anguscrump/.jdks/jbr-25.0.3/lib/server/libjvm.so
ffff1c8c0000-ffff1c968000 rw-p 00000000 00:00 0 
ffff1c970000-ffff1c974000 r-xp 00000000 00:25 3800677                    /usr/lib64/libpthread.so.0
ffff1c974000-ffff1c98c000 ---p 00004000 00:25 3800677                    /usr/lib64/libpthread.so.0
ffff1c98c000-ffff1c990000 r--p 0000c000 00:25 3800677                    /usr/lib64/libpthread.so.0
ffff1c990000-ffff1c994000 rw-p 00000000 00:00 0 
ffff1c9a0000-ffff1c9a4000 r-xp 00000000 00:25 3800670                    /usr/lib64/libdl.so.2
ffff1c9a4000-ffff1c9bc000 ---p 00004000 00:25 3800670                    /usr/lib64/libdl.so.2
ffff1c9bc000-ffff1c9c0000 r--p 0000c000 00:25 3800670                    /usr/lib64/libdl.so.2
ffff1c9c0000-ffff1c9c4000 rw-p 00000000 00:00 0 
ffff1c9d0000-ffff1c9f0000 r-xp 00000000 00:25 3098599                    /usr/lib64/libz.so.1.3.1.zlib-ng
ffff1c9f0000-ffff1c9fc000 ---p 00020000 00:25 3098599                    /usr/lib64/libz.so.1.3.1.zlib-ng
ffff1c9fc000-ffff1ca00000 r--p 0001c000 00:25 3098599                    /usr/lib64/libz.so.1.3.1.zlib-ng
ffff1ca00000-ffff1ca04000 rw-p 00020000 00:25 3098599                    /usr/lib64/libz.so.1.3.1.zlib-ng
ffff1ca08000-ffff1ca10000 r--s 00000000 00:25 3811701                    /usr/lib64/gconv/gconv-modules.cache
ffff1ca10000-ffff1cbb8000 r-xp 00000000 00:25 3800669                    /usr/lib64/libc.so.6
ffff1cbb8000-ffff1cbcc000 ---p 001a8000 00:25 3800669                    /usr/lib64/libc.so.6
ffff1cbcc000-ffff1cbd0000 r--p 001ac000 00:25 3800669                    /usr/lib64/libc.so.6
ffff1cbd0000-ffff1cbd4000 rw-p 001b0000 00:25 3800669                    /usr/lib64/libc.so.6
ffff1cbd4000-ffff1cbdc000 rw-p 00000000 00:00 0 
ffff1cbdc000-ffff1cbe0000 r--p 00000000 00:00 0 
ffff1cbe0000-ffff1cbf0000 rw-p 00000000 00:00 0 
ffff1cbf0000-ffff1cbf8000 ---p 00000000 00:00 0 
ffff1cbf8000-ffff1cc00000 r--s 00128000 00:25 8763582                    /home/anguscrump/intellij/plugins/java/lib/rt/debugger-agent.jar
ffff1cc00000-ffff1cc08000 rw-s 00000000 00:2b 9091                       /tmp/hsperfdata_anguscrump/291994 (deleted)
ffff1cc08000-ffff1cc0c000 ---p 00000000 00:00 0 
ffff1cc0c000-ffff1cc10000 r--p 00000000 00:00 0 
ffff1cc10000-ffff1cc20000 r-xp 00000000 00:25 8789724                    /home/anguscrump/.jdks/jbr-25.0.3/lib/libjli.so
ffff1cc20000-ffff1cc2c000 ---p 00010000 00:25 8789724                    /home/anguscrump/.jdks/jbr-25.0.3/lib/libjli.so
ffff1cc2c000-ffff1cc30000 r--p 0000c000 00:25 8789724                    /home/anguscrump/.jdks/jbr-25.0.3/lib/libjli.so
ffff1cc30000-ffff1cc34000 rw-p 00010000 00:25 8789724                    /home/anguscrump/.jdks/jbr-25.0.3/lib/libjli.so
ffff1cc34000-ffff1cc38000 rw-p 00000000 00:00 0 
ffff1cc38000-ffff1cc48000 r--p 00000000 00:00 0                          [vvar]
ffff1cc48000-ffff1cc4c000 r-xp 00000000 00:00 0                          [vdso]
ffff1cc4c000-ffff1cc78000 r-xp 00000000 00:25 3800657                    /usr/lib/ld-linux-aarch64.so.1
ffff1cc78000-ffff1cc7c000 rw-p 00000000 00:00 0 
ffff1cc7c000-ffff1cc80000 ---p 00000000 00:00 0 
ffff1cc80000-ffff1cc88000 rw-p 00000000 00:00 0 
ffff1cc88000-ffff1cc8c000 r--p 0002c000 00:25 3800657                    /usr/lib/ld-linux-aarch64.so.1
ffff1cc8c000-ffff1cc90000 rw-p 00030000 00:25 3800657                    /usr/lib/ld-linux-aarch64.so.1
fffff81c8000-fffff81ec000 rw-p 00000000 00:00 0                          [stack]
Total number of mappings: 690

JVMTI agents:
jdwp path:none, loaded, initialized, options:transport=dt_socket,server=n,suspend=y,address=127.0.0.1:34189
/home/anguscrump/intellij/plugins/java/lib/rt/debugger-agent.jar path:none, loaded, initialized, instrumentlib options:file:///tmp/capture7422487532281112877.props


VM Arguments:
jvm_args: -Ddebugger.agent.enable.coroutines=true -Ddebugger.async.stack.trace.for.all.threads=true -Dfabric.dli.config=/home/anguscrump/Documents/Coding/ribbon-world/.gradle/loom-cache/launch.cfg -Dfabric.dli.env=client -Dfabric.dli.main=net.fabricmc.loader.impl.launch.knot.KnotClient -Dkotlinx.coroutines.debug.enable.creation.stack.trace=false -Dkotlinx.coroutines.debug.enable.flows.stack.trace=true -Dkotlinx.coroutines.debug.enable.mutable.state.flows.stack.trace=true --sun-misc-unsafe-memory-access=allow --enable-native-access=ALL-UNNAMED --sun-misc-unsafe-memory-access=allow --enable-native-access=ALL-UNNAMED -agentlib:jdwp=transport=dt_socket,server=n,suspend=y,address=127.0.0.1:34189 -javaagent:/home/anguscrump/intellij/plugins/java/lib/rt/debugger-agent.jar=file:///tmp/capture7422487532281112877.props -Dfile.encoding=UTF-8 -Duser.country=AU -Duser.language=en -Duser.variant -Dawt.toolkit.name=XToolkit 
java_command: net.fabricmc.devlaunchinjector.Main
java_class_path (initial): /home/anguscrump/Documents/Coding/ribbon-world/build/classes/java/client:/home/anguscrump/Documents/Coding/ribbon-world/build/resources/client:/home/anguscrump/.gradle/caches/modules-2/files-2.1/net.fabricmc/fabric-loader/0.19.2/cc647a5b22dbc49b9a3267cebcee25fc4882b108/fabric-loader-0.19.2.jar:/home/anguscrump/.gradle/caches/modules-2/files-2.1/net.fabricmc.fabric-api/fabric-api/0.149.0+26.1.2/1d3aa9049af831d4d7ed7fbf1b5f0fbb37d7fab4/fabric-api-0.149.0+26.1.2.jar:/home/anguscrump/.gradle/caches/modules-2/files-2.1/org.ow2.asm/asm/9.9/c29635c8a7afa03d74b33c1884df8abb2b3f3dcc/asm-9.9.jar:/home/anguscrump/.gradle/caches/modules-2/files-2.1/org.ow2.asm/asm-analysis/9.9/bf4fa6e66638851c1cd22c2caea0c3ee5d5f437/asm-analysis-9.9.jar:/home/anguscrump/.gradle/caches/modules-2/files-2.1/org.ow2.asm/asm-commons/9.9/db9165a3bf908ded6b08612d583a15d1d0c7bda0/asm-commons-9.9.jar:/home/anguscrump/.gradle/caches/modules-2/files-2.1/org.ow2.asm/asm-tree/9.9/f8de6eead6d24dd0f45bd065bbe112b2cda6ea21/asm-tree-9.9.jar:/home/anguscrump/.gradle/caches/modules-2/files-2.1/org.ow2.asm/asm-util/9.9/42fdfc0508b43807c8078d6e82ecff2ce2112ae8/asm-util-9.9.jar:/home/anguscrump/.gradle/caches/modules-2/files-2.1/net.fabricmc/sponge-mixin/0.17.2+mixin.0.8.7/edf98d1d98229e46e36c61774ae2b54dcd852981/sponge-mixin-0.17.2+mixin.0.8.7.jar:/home/anguscrump/.gradle/caches/modules-2/files-2.1/io.github.llamalad7/mixinextras-fabric/0.5.4/5e167154bcb9942111313a5e186e16cd7265f858/mixinextras-fabric-0.5.4.jar:/home/anguscrump/.gradle/caches/modules-2/files-2.1/net.fabricmc/dev-launch-injector/0.2.1+build.8/da8bef7e6e2f952da707f282bdb46882a0fce5e3/dev-launch-injector-0.2.1+build.8.jar:/home/anguscrump/.gradle/caches/modules-2/files-2.1/net.fabricmc/fabric-log4j-util/1.0.2/ef0b3fb613356feb75a67d54f2fad6f03a006648/fabric-log4j-util-1.0.2.jar:/home/anguscrump/.gradle/caches/modules-2/files-2.1/at.yawk.lz4/lz4-java/1.10.1/f541d7f910fe3d76f38f799c507c48cc81b12ecb/lz4-java-1.10.1.jar:/home/anguscrump/.gradle/caches/modules-2/files-2.1/com.azure/azure-json/1.4.0/fcc1d354dbc3e0300e5276b1bf124d0247799cd8/azure-json-1.4.0.jar:/home/anguscrump/.gradle/caches/modules-2/files-2.1/com.github.oshi/oshi-core/6.9.0/3224870731860cfcd7744581a05b559e94291e7/oshi-core-6.9.0.jar:/home/anguscrump/.gradle/caches/modules-2/files-2.1/com.google.code.gson/gson/2.13.2/48b8230771e573b54ce6e867a9001e75977fe78e/gson-2.13.2.jar:/home/anguscrump/.gradle/caches/modules-2/files-2.1/com.google.guava/failureaccess/1.0.3/aeaffd00d57023a2c947393ed251f0354f0985fc/failureaccess-1.0.3.jar:/home/anguscrump/.gradle/caches/modules-2/files-2.1/com.google.guava/guava/33.5.0-jre/8699de25f2f979108d6c1b804a7ba38cda1116bc/guava-33.5.0-jre.jar:/home/anguscrump/.gradle/caches/modules-2/files-2.1/com.ibm.icu/icu4j/77.1/38693cf0b1d7362a8b726af74dc06026a7c23809/icu4j-77.1.jar:/home/anguscrump/.gradle/caches/modules-2/files-2.1/com.microsoft.azure/msal4j/1.23.1/6c722b514873b24a4e1ce9c22dca36ea3c22bdbe/msal4j-1.23.1.jar:/home/anguscrump/.gradle/caches/modules-2/files-2.1/com.mojang/authlib/7.0.63/54895b4e25e8b9b4cbbbe25f24eccf2b71b1ac2b/authlib-7.0.63.jar:/home/anguscrump/.gradle/caches/modules-2/files-2.1/com.mojang/blocklist/1.0.10/5c685c5ffa94c4cd39496c7184c1d122e515ecef/blocklist-1.0.10.jar:/home/anguscrump/.gradle/caches/modules-2/files-2.1/com.mojang/brigadier/1.3.10/d15b53a14cf20fdcaa98f731af5dda654452c010/brigadier-1.3.10.jar:/home/anguscrump/.gradle/caches/modules-2/files-2.1/com.mojang/datafixerupper/9.0.19/4e91f9712fa1e83231d1501625381b0210a977da/datafixerupper-9.0.19.jar:/home/anguscrump/.gradle/caches/modules-2/files-2.1/com.mojang/jtracy/1.0.37/a3fb649b2e2b2288d2978f0b0bc3d83f62809d1e/jtracy-1.0.37.jar:/home/anguscrump/.gradle/caches/modules-2/files-2.1/com.mojang/jtracy/1.0.37/e1b4395227af41195da9e2ead13c48ee0b7d31cd/jtracy-1.0.37-natives-linux.jar:/home/anguscrump/.gradle/caches/modules-2/files-2.1/com.mojang/logging/1.6.11/fd147240733010c158249d986323f9ef98977fe/logging-1.6.11.jar:/home/anguscrump/.gradle/caches/modules-2/files-2.1/com.mojang/patchy/2.2.10/da05971b07cbb379d002cf7eaec6a2048211fefc/patchy-2.2.10.jar:/home/anguscrump/.gradle/caches/modules-2/files-2.1/com.mojang/text2speech/1.18.11/e853a12cdd6ba4f4836e8f4bf3b37844a13482b6/text2speech-1.18.11.jar:/home/anguscrump/.gradle/caches/modules-2/files-2.1/commons-codec/commons-codec/1.19.0/8c0dbe3ae883fceda9b50a6c76e745e548073388/commons-codec-1.19.0.jar:/home/anguscrump/.gradle/caches/modules-2/files-2.1/commons-io/commons-io/2.20.0/36f3474daec2849c149e877614e7f979b2082cd2/commons-io-2.20.0.jar:/home/anguscrump/.gradle/caches/modules-2/files-2.1/io.netty/netty-buffer/4.2.7.Final/5555ff561643bf2f8430fb57c24403c0efe15994/netty-buffer-4.2.7.Final.jar:/home/anguscrump/.gradle/caches/modules-2/files-2.1/io.netty/netty-codec-base/4.2.7.Final/915e381ebabcf115f1c7ff7032d55c48afb50210/netty-codec-base-4.2.7.Final.jar:/home/anguscrump/.gradle/caches/modules-2/files-2.1/io.netty/netty-codec-compression/4.2.7.Final/572341bc1ca90fd9d6e47f1d2694aab5258566e9/netty-codec-compression-4.2.7.Final.jar:/home/anguscrump/.gradle/caches/modules-2/files-2.1/io.netty/netty-codec-http/4.2.7.Final/b734c108854099c421fd94d92d9f865e4d4da853/netty-codec-http-4.2.7.Final.jar:/home/anguscrump/.gradle/caches/modules-2/files-2.1/io.netty/netty-common/4.2.7.Final/11aa30df26af4fca3239ac1917f303a280f301e1/netty-common-4.2.7.Final.jar:/home/anguscrump/.gradle/caches/modules-2/files-2.1/io.netty/netty-handler/4.2.7.Final/7ad8a1f851e2e6fe93cdd091871fda2b81c03b5b/netty-handler-4.2.7.Final.jar:/home/anguscrump/.gradle/caches/modules-2/files-2.1/io.netty/netty-resolver/4.2.7.Final/5f3e5ef8de03992cd4fb46960dc0085ec1a12a12/netty-resolver-4.2.7.Final.jar:/home/anguscrump/.gradle/caches/modules-2/files-2.1/io.netty/netty-transport-classes-epoll/4.2.7.Final/1075c09f48a78eef9d819fbfd9096b903fdd362a/netty-transport-classes-epoll-4.2.7.Final.jar:/home/anguscrump/.gradle/caches/modules-2/files-2.1/io.netty/netty-transport-classes-kqueue/4.2.7.Final/bdec7c23c75caabd848426d073c09568e8d5f94e/netty-transport-classes-kqueue-4.2.7.Final.jar:/home/anguscrump/.gradle/caches/modules-2/files-2.1/io.netty/netty-transport-native-epoll/4.2.7.Final/98d02251c98c8f07a23ac5ea27657d9e0ef57614/netty-transport-native-epoll-4.2.7.Final-linux-aarch_64.jar:/home/anguscrump/.gradle/caches/modules-2/files-2.1/io.netty/netty-transport-native-epoll/4.2.7.Final/e83998bfc10b5289d9bcbe807c4079ef0eed8e6f/netty-transport-native-epoll-4.2.7.Final-linux-x86_64.jar:/home/anguscrump/.gradle/caches/modules-2/files-2.1/io.netty/netty-transport-native-unix-common/4.2.7.Final/89953f04259ea7502cffb313630dd51e00e60669/netty-transport-native-unix-common-4.2.7.Final.jar:/home/anguscrump/.gradle/caches/modules-2/files-2.1/io.netty/netty-transport/4.2.7.Final/83ea548981d0d8c4a98027cc1a6f9624f902e142/netty-transport-4.2.7.Final.jar:/home/anguscrump/.gradle/caches/modules-2/files-2.1/it.unimi.dsi/fastutil/8.5.18/a6cff377eecc19c2037bf31568a6d7106b50ba1f/fastutil-8.5.18.jar:/home/anguscrump/.gradle/caches/modules-2/files-2.1/net.java.dev.jna/jna-platform/5.17.0/a4934c44d25a9d8c2ddf4203affd20330cb3426f/jna-platform-5.17.0.jar:/home/anguscrump/.gradle/caches/modules-2/files-2.1/net.java.dev.jna/jna/5.17.0/33d12735bef894440780fce64f9758d420c7bae2/jna-5.17.0.jar:/home/anguscrump/.gradle/caches/modules-2/files-2.1/net.sf.jopt-simple/jopt-simple/5.0.4/4fdac2fbe92dfad86aa6e9301736f6b4342a3f5c/jopt-simple-5.0.4.jar:/home/anguscrump/.gradle/caches/modules-2/files-2.1/org.apache.commons/commons-compress/1.28.0/e482f2c7a88dac3c497e96aa420b6a769f59c8d7/commons-compress-1.28.0.jar:/home/anguscrump/.gradle/caches/modules-2/files-2.1/org.apache.commons/commons-lang3/3.19.0/d6524b169a6574cd253760c472d419b47bfd37e6/commons-lang3-3.19.0.jar:/home/anguscrump/.gradle/caches/modules-2/files-2.1/org.apache.logging.log4j/log4j-api/2.25.2/292c1a2b1702f1e1e3adb13e1c57e5bff60335ff/log4j-api-2.25.2.jar:/home/anguscrump/.gradle/caches/modules-2/files-2.1/org.apache.logging.log4j/log4j-core/2.25.2/d4d0ad2e51e03e531f784891fbfff1bae1e13a12/log4j-core-2.25.2.jar:/home/anguscrump/.gradle/caches/modules-2/files-2.1/org.apache.logging.log4j/log4j-slf4j2-impl/2.25.2/5eec0c392661dee8a366baec17e8896900dd978f/log4j-slf4j2-impl-2.25.2.jar:/home/anguscrump/.gradle/caches/modules-2/files-2.1/org.jcraft/jorbis/0.0.17/8872d22b293e8f5d7d56ff92be966e6dc28ebdc6/jorbis-0.0.17.jar:/home/anguscrump/.gradle/caches/modules-2/files-2.1/org.joml/joml/1.10.8/fc0a71dad90a2cf41d82a76156a0e700af8e4f8d/joml-1.10.8.jar:/home/anguscrump/.gradle/caches/modules-2/files-2.1/org.jspecify/jspecify/1.0.0/7425a601c1c7ec76645a78d22b8c6a627edee507/jspecify-1.0.0.jar:/home/anguscrump/.gradle/caches/modules-2/files-2.1/org.lwjgl/lwjgl-freetype/3.4.1/caa75a37e857efc9b0686e434d708d6420c5b6ea/lwjgl-freetype-3.4.1.jar:/home/anguscrump/.gradle/caches/modules-2/files-2.1/org.lwjgl/lwjgl-freetype/3.4.1/8f37d0da3386ff602ec54cd06626881895711041/lwjgl-freetype-3.4.1-natives-linux-arm64.jar:/home/anguscrump/.gradle/caches/modules-2/files-2.1/org.lwjgl/lwjgl-freetype/3.4.1/40a29a29b1549c4cad073ccd682e3776ffb454fa/lwjgl-freetype-3.4.1-natives-linux.jar:/home/anguscrump/.gradle/caches/modules-2/files-2.1/org.lwjgl/lwjgl-glfw/3.4.1/a782b1ddd175c9107bf300fd92920579ea65e2a4/lwjgl-glfw-3.4.1.jar:/home/anguscrump/.gradle/caches/modules-2/files-2.1/org.lwjgl/lwjgl-glfw/3.4.1/e5e87034c47118960746077dba46280e8de864b3/lwjgl-glfw-3.4.1-natives-linux-arm64.jar:/home/anguscrump/.gradle/caches/modules-2/files-2.1/org.lwjgl/lwjgl-glfw/3.4.1/23cdf7655ce9f3b27ad90f08e73345e0d5b46362/lwjgl-glfw-3.4.1-natives-linux.jar:/home/anguscrump/.gradle/caches/modules-2/files-2.1/org.lwjgl/lwjgl-jemalloc/3.4.1/16b663092854fc6adfe0a941e61cae2bb2e437b6/lwjgl-jemalloc-3.4.1.jar:/home/anguscrump/.gradle/caches/modules-2/files-2.1/org.lwjgl/lwjgl-jemalloc/3.4.1/7891964dfb723209c6d02b0401432348fb707cc0/lwjgl-jemalloc-3.4.1-natives-linux-arm64.jar:/home/anguscrump/.gradle/caches/modules-2/files-2.1/org.lwjgl/lwjgl-jemalloc/3.4.1/b83c82d941f2e624d150d6d1e2efcf4ea49ff8ea/lwjgl-jemalloc-3.4.1-natives-linux.jar:/home/anguscrump/.gradle/caches/modules-2/files-2.1/org.lwjgl/lwjgl-openal/3.4.1/8508bd60589de0539aa465b78fcf838efd07ae9a/lwjgl-openal-3.4.1.jar:/home/anguscrump/.gradle/caches/modules-2/files-2.1/org.lwjgl/lwjgl-openal/3.4.1/3729b70cdd42df5571b075e051fa2fc8586dc538/lwjgl-openal-3.4.1-natives-linux-arm64.jar:/home/anguscrump/.gradle/caches/modules-2/files-2.1/org.lwjgl/lwjgl-openal/3.4.1/dbff577119266cd4312e4eb9cc2b171407c56360/lwjgl-openal-3.4.1-natives-linux.jar:/home/anguscrump/.gradle/caches/modules-2/files-2.1/org.lwjgl/lwjgl-opengl/3.4.1/830412cab823c029cda6b9729f9d2ed36cf79959/lwjgl-opengl-3.4.1.jar:/home/anguscrump/.gradle/caches/modules-2/files-2.1/org.lwjgl/lwjgl-opengl/3.4.1/61a4103e56bbaeb74ad3f19ec14299fd6891c4b0/lwjgl-opengl-3.4.1-natives-linux-arm64.jar:/home/anguscrump/.gradle/caches/modules-2/files-2.1/org.lwjgl/lwjgl-opengl/3.4.1/b750599f0e75ddb19f1d0fe993f3011334b710ae/lwjgl-opengl-3.4.1-natives-linux.jar:/home/anguscrump/.gradle/caches/modules-2/files-2.1/org.lwjgl/lwjgl-stb/3.4.1/f077c3dafc31924fbe8acb0b913f08977ba27f8e/lwjgl-stb-3.4.1.jar:/home/anguscrump/.gradle/caches/modules-2/files-2.1/org.lwjgl/lwjgl-stb/3.4.1/3bc107f901f931fea07cb0d80b1d74a34b806a2b/lwjgl-stb-3.4.1-natives-linux-arm64.jar:/home/anguscrump/.gradle/caches/modules-2/files-2.1/org.lwjgl/lwjgl-stb/3.4.1/7e1cfae909da6c68f3cb6073a9bfeb6c90e82a57/lwjgl-stb-3.4.1-natives-linux.jar:/home/anguscrump/.gradle/caches/modules-2/files-2.1/org.lwjgl/lwjgl-tinyfd/3.4.1/562697d40dbd2ed0424bf24dcf65d51170f81adf/lwjgl-tinyfd-3.4.1.jar:/home/anguscrump/.gradle/caches/modules-2/files-2.1/org.lwjgl/lwjgl-tinyfd/3.4.1/20771d2b4e01f5295156912ab62e170508aef618/lwjgl-tinyfd-3.4.1-natives-linux-arm64.jar:/home/anguscrump/.gradle/caches/modules-2/files-2.1/org.lwjgl/lwjgl-tinyfd/3.4.1/fc6a72690afc8defb60d82ad1de64dd8f537154c/lwjgl-tinyfd-3.4.1-natives-linux.jar:/home/anguscrump/.gradle/caches/modules-2/files-2.1/org.lwjgl/lwjgl/3.4.1/6105690714874b995aa7812e4f7732a21109276c/lwjgl-3.4.1.jar:/home/anguscrump/.gradle/caches/modules-2/files-2.1/org.lwjgl/lwjgl/3.4.1/46883f3b622d8b4d7f27b627ca3360cda3db0e0e/lwjgl-3.4.1-natives-linux-arm64.jar:/home/anguscrump/.gradle/caches/modules-2/files-2.1/org.lwjgl/lwjgl/3.4.1/2734e106bd95db49fe0da8cf8bf7fd96475c436c/lwjgl-3.4.1-natives-linux.jar:/home/anguscrump/.gradle/caches/modules-2/files-2.1/org.slf4j/slf4j-api/2.0.17/d9e58ac9c7779ba3bf8142aff6c830617a7fe60f/slf4j-api-2.0.17.jar:/home/anguscrump/Documents/Coding/ribbon-world/.gradle/loom-cache/minecraftMaven/net/minecraft/minecraft-clientOnly-52430b475d/26.1.2/minecraft-clientOnly-52430b475d-26.1.2.jar:/home/anguscrump/Documents/Coding/ribbon-world/.gradle/loom-cache/minecraftMaven/net/minecraft/minecraft-common-52430b475d/26.1.2/minecraft-common-52430b475d-26.1.2.jar:/home/anguscrump/.gradle/caches/modules-2/files-2.1/io.netty/netty-transport-native-kqueue/4.2.7.Final/40868fd4e43bce2798245f790624b58803dc26b6/netty-transport-native-kqueue-4.2.7.Final-osx-x86_64.jar:/home/anguscrump/.gradle/caches/modules-2/files-2.1/io.netty/netty-transport-native-kqueue/4.2.7.Final/e5a0feef41410c8a5ae00c6cb4e0c99bd0aded6a/netty-transport-native-kqueue-4.2.7.Final-osx-aarch_64.jar:/home/anguscrump/.gradle/caches/modules-2/files-2.1/net.fabricmc.fabric-api/fabric-transfer-api-v1/8.0.5+357ea7334c/2aff9d7c8e917d2a69c71aa18e28c915e0040a8e/fabric-transfer-api-v1-8.0.5+357ea7334c.jar:/home/anguscrump/.gradle/caches/modules-2/files-2.1/net.fabricmc.fabric-api/fabric-api-lookup-api-v1/2.0.11+d5a053b64c/dbb4489647b411352b735654440311d7560dc1f4/fabric-api-lookup-api-v1-2.0.11+d5a053b64c.jar:/home/anguscrump/.gradle/caches/modules-2/files-2.1/net.fabricmc.fabric-api/fabric-command-api-v2/3.0.5+e2bdee784c/d2bfa62e2f489900be2210dfb84458dcdecb75b6/fabric-command-api-v2-3.0.5+e2bdee784c.jar:/home/anguscrump/.gradle/caches/modules-2/files-2.1/net.fabricmc.fabric-api/fabric-content-registries-v0/11.1.1+1a3b26974c/8761c4bd7f8feb484746055f6ff22e387cd84e9f/fabric-content-registries-v0-11.1.1+1a3b26974c.jar:/home/anguscrump/.gradle/caches/modules-2/files-2.1/net.fabricmc.fabric-api/fabric-data-generation-api-v1/24.2.0+73b1f9054c/d5dcd98301b93a9b2470d354d150327e264797c5/fabric-data-generation-api-v1-24.2.0+73b1f9054c.jar:/home/anguscrump/.gradle/caches/modules-2/files-2.1/net.fabricmc.fabric-api/fabric-convention-tags-v2/4.6.0+e47fb87c4c/40a40554e3e4d37b5640c0198bc81a1b94735f2c/fabric-convention-tags-v2-4.6.0+e47fb87c4c.jar:/home/anguscrump/.gradle/caches/modules-2/files-2.1/net.fabricmc.fabric-api/fabric-creative-tab-api-v1/5.0.11+d871b99e4c/9e6937cef2aa7955d2ff66c9d2415118c58ec15c/fabric-creative-tab-api-v1-5.0.11+d871b99e4c.jar:/home/anguscrump/.gradle/caches/modules-2/files-2.1/net.fabricmc.fabric-api/fabric-data-attachment-api-v1/2.2.6+d602a8964c/91d2f002a7431a412cef7016c5ca7ee2b3c67718/fabric-data-attachment-api-v1-2.2.6+d602a8964c.jar:/home/anguscrump/.gradle/caches/modules-2/files-2.1/net.fabricmc.fabric-api/fabric-debug-api-v1/1.0.1+c792624d4c/3e65954340d5153face34ee7d2f9b114271bca38/fabric-debug-api-v1-1.0.1+c792624d4c.jar:/home/anguscrump/.gradle/caches/modules-2/files-2.1/net.fabricmc.fabric-api/fabric-dimensions-v1/5.1.5+9cbf5da54c/53c66317546644a3915ec20df2d77f4e3093ffab/fabric-dimensions-v1-5.1.5+9cbf5da54c.jar:/home/anguscrump/.gradle/caches/modules-2/files-2.1/net.fabricmc.fabric-api/fabric-entity-events-v1/5.0.2+e2bdee784c/3f15c7b85c55f03b5d5fa89a48a0eb1dc6461465/fabric-entity-events-v1-5.0.2+e2bdee784c.jar:/home/anguscrump/.gradle/caches/modules-2/files-2.1/net.fabricmc.fabric-api/fabric-events-interaction-v0/5.2.1+a67251b84c/cf25f4932ae4d3df49bf5ad0c69be40f8abda289/fabric-events-interaction-v0-5.2.1+a67251b84c.jar:/home/anguscrump/.gradle/caches/modules-2/files-2.1/net.fabricmc.fabric-api/fabric-game-rule-api-v1/4.0.5+d871b99e4c/8b1189ddbfe446bf9468920526ed668db253da65/fabric-game-rule-api-v1-4.0.5+d871b99e4c.jar:/home/anguscrump/.gradle/caches/modules-2/files-2.1/net.fabricmc.fabric-api/fabric-gametest-api-v1/4.0.15+00a1fba64c/99dddf025652afece2f37a5f857c6ee5f7feedb1/fabric-gametest-api-v1-4.0.15+00a1fba64c.jar:/home/anguscrump/.gradle/caches/modules-2/files-2.1/net.fabricmc.fabric-api/fabric-item-api-v1/14.1.2+73d134684c/cb7fd76b622fbc467cb65f067c212fc256d3809f/fabric-item-api-v1-14.1.2+73d134684c.jar:/home/anguscrump/.gradle/caches/modules-2/files-2.1/net.fabricmc.fabric-api/fabric-recipe-api-v1/9.0.15+be4b75ae4c/c3510ef358ce97ea4fc804cd2f75f30c574ec947/fabric-recipe-api-v1-9.0.15+be4b75ae4c.jar:/home/anguscrump/.gradle/caches/modules-2/files-2.1/net.fabricmc.fabric-api/fabric-model-loading-api-v1/8.0.6+c80601bb4c/733d4b6475fa49b58125b0b1a6a9070cc5faa8c8/fabric-model-loading-api-v1-8.0.6+c80601bb4c.jar:/home/anguscrump/.gradle/caches/modules-2/files-2.1/net.fabricmc.fabric-api/fabric-renderer-indigo/8.1.0+1403e82c4c/2a11c1c6826ec7e4254d1cfa20f2f9b50da0ec7f/fabric-renderer-indigo-8.1.0+1403e82c4c.jar:/home/anguscrump/.gradle/caches/modules-2/files-2.1/net.fabricmc.fabric-api/fabric-renderer-api-v1/13.0.3+c80601bb4c/15b7e69feefe6e4157134633f96c62a80b41f44a/fabric-renderer-api-v1-13.0.3+c80601bb4c.jar:/home/anguscrump/.gradle/caches/modules-2/files-2.1/net.fabricmc.fabric-api/fabric-rendering-v1/23.1.0+1403e82c4c/96b6c53c0f9e4497597a4a06509b143c9e345efe/fabric-rendering-v1-23.1.0+1403e82c4c.jar:/home/anguscrump/.gradle/caches/modules-2/files-2.1/net.fabricmc.fabric-api/fabric-lifecycle-events-v1/4.1.0+6d50a0854c/52281bf82f04922d65a30d3f91975feb00911826/fabric-lifecycle-events-v1-4.1.0+6d50a0854c.jar:/home/anguscrump/.gradle/caches/modules-2/files-2.1/net.fabricmc.fabric-api/fabric-loot-api-v3/3.0.12+00a1fba64c/58ffa00757774d7060115afa05742753ff26c769/fabric-loot-api-v3-3.0.12+00a1fba64c.jar:/home/anguscrump/.gradle/caches/modules-2/files-2.1/net.fabricmc.fabric-api/fabric-menu-api-v1/2.0.13+d871b99e4c/e59c4c081a5dc1afb27c0167d6e1480c670c4d29/fabric-menu-api-v1-2.0.13+d871b99e4c.jar:/home/anguscrump/.gradle/caches/modules-2/files-2.1/net.fabricmc.fabric-api/fabric-message-api-v1/7.0.5+dae8ce3e4c/6211835e1348e8b9b89defb98a616adb483b8284/fabric-message-api-v1-7.0.5+dae8ce3e4c.jar:/home/anguscrump/.gradle/caches/modules-2/files-2.1/net.fabricmc.fabric-api/fabric-particles-v1/5.0.15+b61fef434c/e9659d152cefb7255056f432234a11621ab00945/fabric-particles-v1-5.0.15+b61fef434c.jar:/home/anguscrump/.gradle/caches/modules-2/files-2.1/net.fabricmc.fabric-api/fabric-object-builder-api-v1/23.0.16+b95dd56e4c/64b623486a5962dada51cb3e8a114ee49a6ba9de/fabric-object-builder-api-v1-23.0.16+b95dd56e4c.jar:/home/anguscrump/.gradle/caches/modules-2/files-2.1/net.fabricmc.fabric-api/fabric-registry-sync-v0/7.0.13+b61fef434c/b7cd637ba58adacb2abfd54f5f438211e5c3210d/fabric-registry-sync-v0-7.0.13+b61fef434c.jar:/home/anguscrump/.gradle/caches/modules-2/files-2.1/net.fabricmc.fabric-api/fabric-networking-api-v1/6.3.1+554860db4c/38ac77944d5e0fc623a163cde9b3eca04f791296/fabric-networking-api-v1-6.3.1+554860db4c.jar:/home/anguscrump/.gradle/caches/modules-2/files-2.1/net.fabricmc.fabric-api/fabric-permission-api-v1/1.0.0+f3e738be4c/67222d8951d4e68a26f7e42697ce7fdb3c4e8ce9/fabric-permission-api-v1-1.0.0+f3e738be4c.jar:/home/anguscrump/.gradle/caches/modules-2/files-2.1/net.fabricmc.fabric-api/fabric-rendering-fluids-v1/6.0.1+d871b99e4c/fe53bab501b2a582517f39ede3e1514074e8de7/fabric-rendering-fluids-v1-6.0.1+d871b99e4c.jar:/home/anguscrump/.gradle/caches/modules-2/files-2.1/net.fabricmc.fabric-api/fabric-tag-api-v1/2.1.0+73b1f9054c/5467b88af064043d14a1cbc32ebc65bf86a4898b/fabric-tag-api-v1-2.1.0+73b1f9054c.jar:/home/anguscrump/.gradle/caches/modules-2/files-2.1/net.fabricmc.fabric-api/fabric-resource-loader-v0/3.3.17+4fc5413f4c/c2e496d77853c7fd1f2b3bd00b44e355dc6ba576/fabric-resource-loader-v0-3.3.17+4fc5413f4c.jar:/home/anguscrump/.gradle/caches/modules-2/files-2.1/net.fabricmc.fabric-api/fabric-resource-loader-v1/2.0.10+7c44c7324c/bb44ca7ae64fe82666c2cd99920cdc017b15f368/fabric-resource-loader-v1-2.0.10+7c44c7324c.jar:/home/anguscrump/.gradle/caches/modules-2/files-2.1/net.fabricmc.fabric-api/fabric-screen-api-v1/5.0.1+d871b99e4c/fecba1d91754428c2d1f5f2e4d25685de3a8f71f/fabric-screen-api-v1-5.0.1+d871b99e4c.jar:/home/anguscrump/.gradle/caches/modules-2/files-2.1/net.fabricmc.fabric-api/fabric-api-base/2.0.3+ece063234c/bdf802883d0f9c1034c436367ab2c7e04ce34ca6/fabric-api-base-2.0.3+ece063234c.jar:/home/anguscrump/.gradle/caches/modules-2/files-2.1/net.fabricmc.fabric-api/fabric-biome-api-v1/18.0.4+35c80edc4c/c82be6aa7922f3212e1bac9441b25a7faa21c057/fabric-biome-api-v1-18.0.4+35c80edc4c.jar:/home/anguscrump/.gradle/caches/modules-2/files-2.1/net.fabricmc.fabric-api/fabric-block-api-v1/3.0.2+ec56b6014c/f5f91f5b317b7acd3014677dd909b55ebc4097b2/fabric-block-api-v1-3.0.2+ec56b6014c.jar:/home/anguscrump/.gradle/caches/modules-2/files-2.1/net.fabricmc.fabric-api/fabric-block-getter-api-v2/2.0.6+ec56b6014c/caabc9eb2f3823864682da5a1c5381a035c00d5f/fabric-block-getter-api-v2-2.0.6+ec56b6014c.jar:/home/anguscrump/.gradle/caches/modules-2/files-2.1/net.fabricmc.fabric-api/fabric-client-gametest-api-v1/5.0.16+cef2a4834c/3f63763d1230c87b2c43aa84c88916fce323687a/fabric-client-gametest-api-v1-5.0.16+cef2a4834c.jar:/home/anguscrump/.gradle/caches/modules-2/files-2.1/net.fabricmc.fabric-api/fabric-crash-report-info-v1/1.0.3+9f78a5a84c/8af0277ba9afc03c6882490db447d40d55ebcedb/fabric-crash-report-info-v1-1.0.3+9f78a5a84c.jar:/home/anguscrump/.gradle/caches/modules-2/files-2.1/net.fabricmc.fabric-api/fabric-key-mapping-api-v1/2.0.4+e2bdee784c/b098e3e06b71a0fec9d18843ba9327f038b7cd5/fabric-key-mapping-api-v1-2.0.4+e2bdee784c.jar:/home/anguscrump/.gradle/caches/modules-2/files-2.1/net.fabricmc.fabric-api/fabric-resource-conditions-api-v1/6.0.5+00a1fba64c/a8ca3e526e0825ee71a36a317cf5c33f0cda0e96/fabric-resource-conditions-api-v1-6.0.5+00a1fba64c.jar:/home/anguscrump/.gradle/caches/modules-2/files-2.1/net.fabricmc.fabric-api/fabric-serialization-api-v1/2.0.3+11a26f314c/55fc25d96a2a848b93a02f48220dff0181ec3056/fabric-serialization-api-v1-2.0.3+11a26f314c.jar:/home/anguscrump/.gradle/caches/modules-2/files-2.1/net.fabricmc.fabric-api/fabric-sound-api-v1/2.0.4+11a26f314c/b63ce87810bc5aa495cb39be7efd2b07e6772822/fabric-sound-api-v1-2.0.4+11a26f314c.jar:/home/anguscrump/.gradle/caches/modules-2/files-2.1/net.fabricmc.fabric-api/fabric-transitive-access-wideners-v1/8.1.0+acd9108d4c/d03c3735d4057a1d574c6e8d51fec7d21ab63b5c/fabric-transitive-access-wideners-v1-8.1.0+acd9108d4c.jar:/home/anguscrump/Documents/Coding/ribbon-world/build/classes/java/main:/home/anguscrump/Documents/Coding/ribbon-world/build/resources/main
Launcher Type: SUN_STANDARD

[Global flags]
     intx CICompilerCount                          = 4                                         {product} {ergonomic}
     uint ConcGCThreads                            = 2                                         {product} {ergonomic}
     uint G1ConcRefinementThreads                  = 9                                         {product} {ergonomic}
   size_t G1HeapRegionSize                         = 2097152                                   {product} {ergonomic}
   size_t InitialHeapSize                          = 260046848                                 {product} {ergonomic}
   size_t MarkStackSize                            = 4194304                                   {product} {ergonomic}
   size_t MarkStackSizeMax                         = 536870912                                 {product} {ergonomic}
   size_t MaxHeapSize                              = 4034920448                                {product} {ergonomic}
   size_t MaxNewSize                               = 2420113408                                {product} {ergonomic}
   size_t MinHeapDeltaBytes                        = 2097152                                   {product} {ergonomic}
   size_t MinHeapSize                              = 8388608                                   {product} {ergonomic}
    uintx NonNMethodCodeHeapSize                   = 5849088                                {pd product} {ergonomic}
    uintx NonProfiledCodeHeapSize                  = 122912768                              {pd product} {ergonomic}
    uintx ProfiledCodeHeapSize                     = 122912768                              {pd product} {ergonomic}
    uintx ReservedCodeCacheSize                    = 251674624                              {pd product} {ergonomic}
     bool SegmentedCodeCache                       = true                                      {product} {ergonomic}
   size_t SoftMaxHeapSize                          = 4034920448                             {manageable} {ergonomic}
     bool UseCompressedOops                        = true                           {product lp64_product} {ergonomic}
     bool UseG1GC                                  = true                                      {product} {ergonomic}

Logging:
Log output configuration:
 #0: 
[error occurred during error reporting (printing log configuration), id 0xb, SIGSEGV (0xb) at pc=0x0000ffff1bf305b8]
Release file:
JAVA_VERSION="25.0.3"
MODULES="java.base java.compiler java.datatransfer java.xml java.prefs java.desktop java.instrument java.logging java.management java.security.sasl java.naming java.rmi java.management.rmi java.net.http java.scripting java.security.jgss java.transaction.xa java.sql java.sql.rowset java.xml.crypto java.se java.smartcardio jdk.accessibility jdk.internal.jvmstat jdk.attach jdk.charsets jdk.internal.opt jdk.zipfs jdk.compiler jdk.crypto.cryptoki jdk.crypto.ec jdk.dynalink jdk.internal.ed jdk.editpad jdk.internal.vm.ci jdk.graal.compiler jdk.graal.compiler.management jdk.hotspot.agent jdk.httpserver jdk.incubator.vector jdk.internal.le jdk.internal.md jdk.jartool jdk.javadoc jdk.jcmd jdk.management jdk.management.agent jdk.jconsole jdk.jdeps jdk.jdwp.agent jdk.jdi jdk.jfr jdk.jlink jdk.jpackage jdk.jshell jdk.jsobject jdk.jstatd jdk.localedata jdk.management.jfr jdk.naming.dns jdk.naming.rmi jdk.net jdk.nio.mapmode jdk.sctp jdk.security.auth jdk.security.jgss jdk.unsupported jdk.unsupported.desktop jdk.xml.dom"
IMPLEMENTOR="JetBrains s.r.o."
IMPLEMENTOR_VERSION="JBRSDK-25.0.3+9-480.61-nomod"
JAVA_RUNTIME_VERSION="25.0.3+9-b480.61"
LIBC="gnu"
OS_ARCH="aarch64"
OS_NAME="Linux"
SOURCE=".:git:52b04970adc8+"

Environment Variables:
PATH=/home/anguscrump/.local/bin:/home/anguscrump/bin:/usr/local/sbin:/usr/local/bin:/usr/sbin:/usr/bin:/sbin:/bin:/var/lib/snapd/snap/bin:/home/anguscrump/.cargo/bin
XDG_CACHE_HOME=/home/anguscrump/.cache
XDG_CONFIG_HOME=/home/anguscrump/.config
SHELL=/bin/bash
DISPLAY=:0
WAYLAND_DISPLAY=wayland-1
LANG=en_AU.UTF-8

Active Locale:
LC_ALL=en_AU.UTF-8
LC_COLLATE=en_AU.UTF-8
LC_CTYPE=en_AU.UTF-8
LC_MESSAGES=en_AU.UTF-8
LC_MONETARY=en_AU.UTF-8
LC_NUMERIC=en_AU.UTF-8
LC_TIME=en_AU.UTF-8

Signal Handlers:
   SIGSEGV: crash_handler in libjvm.so, mask=11100100010111111101111111111110, flags=SA_RESTART|SA_SIGINFO, unblocked
    SIGBUS: crash_handler in libjvm.so, mask=11100100010111111101111111111110, flags=SA_RESTART|SA_SIGINFO, unblocked
    SIGFPE: crash_handler in libjvm.so, mask=11100100010111111101111111111110, flags=SA_RESTART|SA_SIGINFO, unblocked
   SIGPIPE: javaSignalHandler in libjvm.so, mask=11100100010111111101111111111110, flags=SA_RESTART|SA_SIGINFO, blocked
   SIGXFSZ: javaSignalHandler in libjvm.so, mask=11100100010111111101111111111110, flags=SA_RESTART|SA_SIGINFO, blocked
    SIGILL: crash_handler in libjvm.so, mask=11100100010111111101111111111110, flags=SA_RESTART|SA_SIGINFO, unblocked
   SIGUSR2: SR_handler in libjvm.so, mask=00000000000000000000000000000000, flags=SA_RESTART|SA_SIGINFO, blocked
    SIGHUP: UserHandler in libjvm.so, mask=11100100010111111101111111111110, flags=SA_RESTART|SA_SIGINFO, blocked
    SIGINT: UserHandler in libjvm.so, mask=11100100010111111101111111111110, flags=SA_RESTART|SA_SIGINFO, blocked
   SIGTERM: UserHandler in libjvm.so, mask=11100100010111111101111111111110, flags=SA_RESTART|SA_SIGINFO, blocked
   SIGQUIT: UserHandler in libjvm.so, mask=11100100010111111101111111111110, flags=SA_RESTART|SA_SIGINFO, blocked
   SIGTRAP: crash_handler in libjvm.so, mask=11100100010111111101111111111110, flags=SA_RESTART|SA_SIGINFO, unblocked


Compilation memory statistics disabled.

Periodic native trim disabled

JNI global refs:
JNI global refs: 97, weak refs: 34527

JNI global refs memory usage: 2819, weak refs: 349633

Process memory usage:
Resident Set Size: 2773824K (17% of 15755056K total physical memory with 3681536K free physical memory)

OOME stack traces (most recent first):
Classloader memory used:
Loader net.fabricmc.loader.impl.launch.knot.KnotClassLoader                            : 123 M
Loader bootstrap                                                                       : 29868 K
Loader jdk.internal.loader.ClassLoaders$AppClassLoader                                 : 7033 K
Loader jdk.internal.loader.ClassLoaders$PlatformClassLoader                            : 501 K

---------------  S Y S T E M  ---------------

OS:
Fedora Asahi Remix release 44 (Forty Four)
uname: Linux 7.0.8-fairydust+ #1 SMP PREEMPT_DYNAMIC Sun May 17 15:02:15 AEST 2026 aarch64
OS uptime: 0 days 5:45 hours
libc: glibc 2.43 NPTL 2.43 
rlimit (soft/hard): STACK 8192k/infinity , CORE infinity/infinity , NPROC 31098/31098 , NOFILE 524288/524288 , AS infinity/infinity , CPU infinity/infinity , DATA infinity/infinity , FSIZE infinity/infinity , MEMLOCK 8192k/8192k
load average: 3.03 3.12 2.65

/proc/meminfo:
MemTotal:       15755056 kB
MemFree:         3006768 kB
MemAvailable:    3681776 kB
Buffers:             480 kB
Cached:          2539904 kB
SwapCached:      1978704 kB
Active:          7166032 kB
Inactive:        2922944 kB
Active(anon):    6148512 kB
Inactive(anon):  2426912 kB
Active(file):    1017520 kB
Inactive(file):   496032 kB
Unevictable:      877728 kB
Mlocked:             688 kB
SwapTotal:      33554336 kB
SwapFree:       29078592 kB
Zswap:            568896 kB
Zswapped:        1908656 kB
Dirty:             10480 kB
Writeback:             0 kB
AnonPages:       8042896 kB
Mapped:           565888 kB
Shmem:           1028064 kB
KReclaimable:     306384 kB
Slab:             694000 kB
SReclaimable:     306384 kB
SUnreclaim:       387616 kB
KernelStack:       60064 kB
PageTables:        83200 kB
SecPageTables:      1728 kB
NFS_Unstable:          0 kB
Bounce:                0 kB
WritebackTmp:          0 kB
CommitLimit:    41431856 kB
Committed_AS:   37565696 kB
VmallocTotal:   136898928640 kB
VmallocUsed:      110848 kB
VmallocChunk:          0 kB
Percpu:             7200 kB
HardwareCorrupted:     0 kB
AnonHugePages:     98304 kB
ShmemHugePages:        0 kB
ShmemPmdMapped:        0 kB
FileHugePages:         0 kB
FilePmdMapped:         0 kB
CmaTotal:          65536 kB
CmaFree:           28640 kB
Balloon:               0 kB
HugePages_Total:       0
HugePages_Free:        0
HugePages_Rsvd:        0
HugePages_Surp:        0
Hugepagesize:      32768 kB
Hugetlb:               0 kB

/sys/kernel/mm/transparent_hugepage/enabled: always [madvise] never
/sys/kernel/mm/transparent_hugepage/hpage_pmd_size: 33554432
/sys/kernel/mm/transparent_hugepage/shmem_enabled: always within_size advise [never] deny force
/sys/kernel/mm/transparent_hugepage/defrag (defrag/compaction efforts parameter): always defer defer+madvise [madvise] never

Process Memory:
Virtual Size: 11456496K (peak: 12704528K)
Resident Set Size: 2775616K (peak: 2942992K) (anon: 2695280K, file: 76784K, shmem: 3552K)
Swapped out: 0K
C-Heap outstanding allocations: 255217K, retained: 319854K
glibc malloc tunables: (default)

/proc/sys/kernel/threads-max (system-wide limit on the number of threads): 62196
/proc/sys/vm/max_map_count (maximum number of memory map areas a process may have): 1048576
/proc/sys/vm/swappiness (control to define how aggressively the kernel swaps out anonymous memory): 60
/proc/sys/kernel/pid_max (system-wide limit on number of process identifiers): 4194304

container information not found.
Steal ticks since vm start: 0
Steal ticks percentage since vm start:  0.000

CPU: total 10 (initial active 10) 0x61:0x2:0x025:0(0x024), fp, asimd, evtstrm, aes, pmull, sha1, sha256, crc32, lse, fphp, asimdhp, dcpop, sha3, sha512, paca
/proc/cpuinfo:
processor	: 0
BogoMIPS	: 48.00
Features	: fp asimd evtstrm aes pmull sha1 sha2 crc32 atomics fphp asimdhp cpuid asimdrdm jscvt fcma lrcpc dcpop sha3 asimddp sha512 asimdfhm dit uscat ilrcpc flagm ssbs sb paca pacg dcpodp flagm2 frint
CPU implementer	: 0x61
CPU architecture: 8
CPU variant	: 0x2
CPU part	: 0x024
CPU revision	: 0

processor	: 1
BogoMIPS	: 48.00
Features	: fp asimd evtstrm aes pmull sha1 sha2 crc32 atomics fphp asimdhp cpuid asimdrdm jscvt fcma lrcpc dcpop sha3 asimddp sha512 asimdfhm dit uscat ilrcpc flagm ssbs sb paca pacg dcpodp flagm2 frint
CPU implementer	: 0x61
CPU architecture: 8
CPU variant	: 0x2
CPU part	: 0x024
CPU revision	: 0

processor	: 2
BogoMIPS	: 48.00
Features	: fp asimd evtstrm aes pmull sha1 sha2 crc32 atomics fphp asimdhp cpuid asimdrdm jscvt fcma lrcpc dcpop sha3 asimddp sha512 asimdfhm dit uscat ilrcpc flagm ssbs sb paca pacg dcpodp flagm2 frint
CPU implementer	: 0x61
CPU architecture: 8
CPU variant	: 0x2
CPU part	: 0x025
CPU revision	: 0

processor	: 3
BogoMIPS	: 48.00
Features	: fp asimd evtstrm aes pmull sha1 sha2 crc32 atomics fphp asimdhp cpuid asimdrdm jscvt fcma lrcpc dcpop sha3 asimddp sha512 asimdfhm dit uscat ilrcpc flagm ssbs sb paca pacg dcpodp flagm2 frint
CPU implementer	: 0x61
CPU architecture: 8
CPU variant	: 0x2
CPU part	: 0x025
CPU revision	: 0

processor	: 4
BogoMIPS	: 48.00
Features	: fp asimd evtstrm aes pmull sha1 sha2 crc32 atomics fphp asimdhp cpuid asimdrdm jscvt fcma lrcpc dcpop sha3 asimddp sha512 asimdfhm dit uscat ilrcpc flagm ssbs sb paca pacg dcpodp flagm2 frint
CPU implementer	: 0x61
CPU architecture: 8
CPU variant	: 0x2
CPU part	: 0x025
CPU revision	: 0

processor	: 5
BogoMIPS	: 48.00
Features	: fp asimd evtstrm aes pmull sha1 sha2 crc32 atomics fphp asimdhp cpuid asimdrdm jscvt fcma lrcpc dcpop sha3 asimddp sha512 asimdfhm dit uscat ilrcpc flagm ssbs sb paca pacg dcpodp flagm2 frint
CPU implementer	: 0x61
CPU architecture: 8
CPU variant	: 0x2
CPU part	: 0x025
CPU revision	: 0

processor	: 6
BogoMIPS	: 48.00
Features	: fp asimd evtstrm aes pmull sha1 sha2 crc32 atomics fphp asimdhp cpuid asimdrdm jscvt fcma lrcpc dcpop sha3 asimddp sha512 asimdfhm dit uscat ilrcpc flagm ssbs sb paca pacg dcpodp flagm2 frint
CPU implementer	: 0x61
CPU architecture: 8
CPU variant	: 0x2
CPU part	: 0x025
CPU revision	: 0

processor	: 7
BogoMIPS	: 48.00
Features	: fp asimd evtstrm aes pmull sha1 sha2 crc32 atomics fphp asimdhp cpuid asimdrdm jscvt fcma lrcpc dcpop sha3 asimddp sha512 asimdfhm dit uscat ilrcpc flagm ssbs sb paca pacg dcpodp flagm2 frint
CPU implementer	: 0x61
CPU architecture: 8
CPU variant	: 0x2
CPU part	: 0x025
CPU revision	: 0

processor	: 8
BogoMIPS	: 48.00
Features	: fp asimd evtstrm aes pmull sha1 sha2 crc32 atomics fphp asimdhp cpuid asimdrdm jscvt fcma lrcpc dcpop sha3 asimddp sha512 asimdfhm dit uscat ilrcpc flagm ssbs sb paca pacg dcpodp flagm2 frint
CPU implementer	: 0x61
CPU architecture: 8
CPU variant	: 0x2
CPU part	: 0x025
CPU revision	: 0

processor	: 9
BogoMIPS	: 48.00
Features	: fp asimd evtstrm aes pmull sha1 sha2 crc32 atomics fphp asimdhp cpuid asimdrdm jscvt fcma lrcpc dcpop sha3 asimddp sha512 asimdfhm dit uscat ilrcpc flagm ssbs sb paca pacg dcpodp flagm2 frint
CPU implementer	: 0x61
CPU architecture: 8
CPU variant	: 0x2
CPU part	: 0x025
CPU revision	: 0


Online cpus: 0-9
Offline cpus: 

Memory: 16k page, physical 15755056k(3673360k free), swap 33554336k(29078592k free)
Page Sizes: 16k

vm_info: OpenJDK 64-Bit Server VM (25.0.3+9-b480.61) for linux-aarch64 JRE (25.0.3+9-b480.61), built on 2026-05-12 with gcc 10.3.1 20210422 (Red Hat 10.3.1-1.2.0.1)

END.
