#
# A fatal error has been detected by the Java Runtime Environment:
#
#  SIGSEGV (0xb) at pc=0x0000fffec106c670, pid=306264, tid=306286
#
# JRE version: OpenJDK Runtime Environment JBR-25.0.3+9-480.61-nomod (25.0.3+9) (build 25.0.3+9-b480.61)
# Java VM: OpenJDK 64-Bit Server VM JBR-25.0.3+9-480.61-nomod (25.0.3+9-b480.61, mixed mode, sharing, tiered, compressed oops, compressed class ptrs, g1 gc, linux-aarch64)
# Problematic frame:
# C  [libopenal.so+0x9c670]
#
# Core dump will be written. Default location: Determined by the following: "/usr/lib/systemd/systemd-coredump %P %u %g %s %t %c %h %d %F" (alternatively, falling back to /home/anguscrump/Documents/Coding/ribbon-world/run/core.306264)
#
# If you would like to submit a bug report, please visit:
#   https://youtrack.jetbrains.com/issues/JBR
#

---------------  S U M M A R Y ------------

Command Line: -Dfabric.dli.config=/home/anguscrump/Documents/Coding/ribbon-world/.gradle/loom-cache/launch.cfg -Dfabric.dli.env=client -Dfabric.dli.main=net.fabricmc.loader.impl.launch.knot.KnotClient --sun-misc-unsafe-memory-access=allow --enable-native-access=ALL-UNNAMED --sun-misc-unsafe-memory-access=allow --enable-native-access=ALL-UNNAMED -Dfile.encoding=UTF-8 -Duser.country=AU -Duser.language=en -Duser.variant -Dawt.toolkit.name=XToolkit net.fabricmc.devlaunchinjector.Main

Host: AArch64, 10 cores, 15G, Fedora Asahi Remix release 44 (Forty Four)
Time: Tue May 19 22:04:14 2026 AEST elapsed time: 116.002893 seconds (0d 0h 1m 56s)

---------------  T H R E A D  ---------------

Current thread (0x0000ffff8c20dac0):  VMThread "VM Thread"          [id=306286, stack(0x0000ffff91bd4000,0x0000ffff91dd4000) (2048K)]

Stack: [0x0000ffff91bd4000,0x0000ffff91dd4000],  sp=0x0000ffff91dd21b0,  free space=2040k
Native frames: (J=compiled Java code, j=interpreted, Vv=VM code, C=native code)
C  [libopenal.so+0x9c670]
C  [libc.so.6+0x3eb2c]  __run_exit_handlers+0x1ac
C  [libc.so.6+0x3ec20]  internal_addseverity+0x0
V  [libjvm.so+0xc7c05c]
V  [libjvm.so+0x88dad0]  vm_exit(int)+0x0
V  [libjvm.so+0xf8e1c4]  VM_Operation::evaluate()+0xf4
V  [libjvm.so+0xf91550]  VMThread::evaluate_operation(VM_Operation*)+0xb0
V  [libjvm.so+0xf92138]  VMThread::inner_execute(VM_Operation*)+0x2d8
V  [libjvm.so+0xf92450]  VMThread::run()+0xac
V  [libjvm.so+0xef92b8]  Thread::call_run()+0xa8
V  [libjvm.so+0xc71af4]  thread_native_entry(Thread*)+0xe0
C  [libc.so.6+0x8f81c]  start_thread+0x3bc

siginfo: si_signo: 11 (SIGSEGV), si_code: 1 (SEGV_MAPERR), si_addr: 0x0000000000000000

Registers:
R0=0x0000fffec1184c38
R1=0x0000000000000000
R2=0x0000000000000000
R3=0x0000000000000000
R4=0x0000fffeb0000030
R5=0x0000000042600dfc
R6=0x0000000000000400
R7=0x0000ffff5c001db0
R8=0x0000fffeb00020f0
R9=0x31e40484fce5d82d
R10=0x0000000000000054
R11=0x0000ffff968566e8
R12=0x0000000000000030
R13=0x0000ffff91dd3880
R14=0x0000000000000000
R15=0x0000ffff5c06e9f0
R16=0x0000000000000001
R17=0x0000ffff96731b40
R18=0x0000000000001e21
R19=0x0000fffeb00020f0
R20=0x0000fffeb00021a0
R21=0x0000fffec1184be8
R22=0x0000fffeb00020d0
R23=0x0000fffec1184b58
R24=0x0000fffec1184c68
R25=0x0000ffff8e8fead0
R26=0x0000000000000b2b
R27=0x0000fffec106c5a4
R28=0x0000fffec1184be8
R29=0x0000ffff91dd21b0
R30=0x0000fffec106c660


Register to memory mapping:

R0 =0x0000fffec1184c38: <offset 0x00000000001b4c38> in /tmp/lwjgl_anguscrump/3.4.1-snapshot/arm64/libopenal.so at 0x0000fffec0fd0000
R1 =0x0 is null
R2 =0x0 is null
R3 =0x0 is null
R4 =0x0000fffeb0000030 points into unknown readable memory: 0x0000000200000000 | 00 00 00 00 02 00 00 00
R5 =0x0000000042600dfc is an unknown value
R6 =0x0000000000000400 is an unknown value
R7 =0x0000ffff5c001db0 points into unknown readable memory: 0x0000000200000002 | 02 00 00 00 02 00 00 00
R8 =0x0000fffeb00020f0 points into unknown readable memory: 0x0000000000000000 | 00 00 00 00 00 00 00 00
R9 =0x31e40484fce5d82d is an unknown value
R10=0x0000000000000054 is an unknown value
R11=0x0000ffff968566e8: <offset 0x00000000001c66e8> in /lib64/libc.so.6 at 0x0000ffff96690000
R12=0x0000000000000030 is an unknown value
R13=0x0000ffff91dd3880 points into unknown readable memory: 0x0000ffff8c1f5930 | 30 59 1f 8c ff ff 00 00
R14=0x0 is null
R15=0x0000ffff5c06e9f0 points into unknown readable memory: 0x0000000000000040 | 40 00 00 00 00 00 00 00
R16=0x0000000000000001 is an unknown value
R17=0x0000ffff96731b40: __libc_free+0x0000000000000000 in /lib64/libc.so.6 at 0x0000ffff96690000
R18=0x0000000000001e21 is an unknown value
R19=0x0000fffeb00020f0 points into unknown readable memory: 0x0000000000000000 | 00 00 00 00 00 00 00 00
R20=0x0000fffeb00021a0 points into unknown readable memory: 0x0000fffeb00000d8 | d8 00 00 b0 fe ff 00 00
R21=0x0000fffec1184be8: <offset 0x00000000001b4be8> in /tmp/lwjgl_anguscrump/3.4.1-snapshot/arm64/libopenal.so at 0x0000fffec0fd0000
R22=0x0000fffeb00020d0 points into unknown readable memory: 0x0000fffeb0001ee0 | e0 1e 00 b0 fe ff 00 00
R23=0x0000fffec1184b58: <offset 0x00000000001b4b58> in /tmp/lwjgl_anguscrump/3.4.1-snapshot/arm64/libopenal.so at 0x0000fffec0fd0000
R24=0x0000fffec1184c68: <offset 0x00000000001b4c68> in /tmp/lwjgl_anguscrump/3.4.1-snapshot/arm64/libopenal.so at 0x0000fffec0fd0000
R25=0x0000ffff8e8fead0 points into unknown readable memory: 0x0000ffff8e8bede0 | e0 ed 8b 8e ff ff 00 00
R26=0x0000000000000b2b is an unknown value
R27=0x0000fffec106c5a4: <offset 0x000000000009c5a4> in /tmp/lwjgl_anguscrump/3.4.1-snapshot/arm64/libopenal.so at 0x0000fffec0fd0000
R28=0x0000fffec1184be8: <offset 0x00000000001b4be8> in /tmp/lwjgl_anguscrump/3.4.1-snapshot/arm64/libopenal.so at 0x0000fffec0fd0000
R29=0x0000ffff91dd21b0 points into unknown readable memory: 0x0000ffff91dd21f0 | f0 21 dd 91 ff ff 00 00
R30=0x0000fffec106c660: <offset 0x000000000009c660> in /tmp/lwjgl_anguscrump/3.4.1-snapshot/arm64/libopenal.so at 0x0000fffec0fd0000

Top of Stack: (sp=0x0000ffff91dd21b0)
0x0000ffff91dd21b0:   0000ffff91dd21f0 0000ffff966ceb2c   .!......,.l.....
0x0000ffff91dd21c0:   0000ffff96851000 0000ffff96852210   ........."......
0x0000ffff91dd21d0:   0000ffff96917c78 0000000000000000   x|..............
0x0000ffff91dd21e0:   0000ffff96850658 0000ffff96852000   X........ ......
0x0000ffff91dd21f0:   0000ffff91dd2260 0057ffff966cec20   `"...... .l...W.
0x0000ffff91dd2200:   0000000000000000 0000ffff94f9b938   ........8.......
0x0000ffff91dd2210:   0000ffff94f9b938 0000ffff8c1f4f20   8....... O......
0x0000ffff91dd2220:   0000ffff8c1f4f38 0000ffff8c1f5310   8O.......S......
0x0000ffff91dd2230:   00000000000003d8 0000ffff965dfc18   ..........].....
0x0000ffff91dd2240:   00000000000003d8 0000ffff965dfc18   ..........].....
0x0000ffff91dd2250:   0000ffff8c20e090 0000ffff00000001   .. .............
0x0000ffff91dd2260:   0000ffff91dd2270 0079ffff95d1c05c   p"......\.....y.
0x0000ffff91dd2270:   0000ffff91dd2280 0000ffff9592dad0   ."..............
0x0000ffff91dd2280:   0000ffff91dd22a0 0000ffff9602e1c4   ."..............
0x0000ffff91dd2290:   0000ffff8c20e090 0000ffff95661e60   .. .....`.f.....
0x0000ffff91dd22a0:   0000ffff91dd23b0 0000ffff96031550   .#......P.......
0x0000ffff91dd22b0:   0000ffff8c20e090 0000ffff9650d000   .. .......P.....
0x0000ffff91dd22c0:   0000ffff94f9b938 0000ffff91dd3880   8........8......
0x0000ffff91dd22d0:   0000ffff8c1f4f20 0000ffff8c20dac0    O........ .....
0x0000ffff91dd22e0:   0000ffff8c1f4f38 0000ffff8c1f5310   8O.......S......
0x0000ffff91dd22f0:   00000000000003d8 0000ffff96507000   .........pP.....
0x0000ffff91dd2300:   ffffff0f00000000 0000000000000000   ................
0x0000ffff91dd2310:   0000000000000010 0000000000000000   ................
0x0000ffff91dd2320:   3fc9ba5e353f7cee 0000000000000000   .|?5^..?........
0x0000ffff91dd2330:   0000ffff91dd2350 0000ffff95dbf3f8   P#..............
0x0000ffff91dd2340:   0000ffff91dd2380 0000000000000000   .#..............
0x0000ffff91dd2350:   0000ffff91dd2360 003effff96758b04   `#........u...>.
0x0000ffff91dd2360:   0000ffff91dd2370 0057ffff95d1cd64   p#......d.....W.
0x0000ffff91dd2370:   0000ffff91dd2390 0000ffff95fa94c0   .#..............
0x0000ffff91dd2380:   0000000000005574 000000000eb62089   tU....... ......
0x0000ffff91dd2390:   0000ffff91dd23b0 0000ffff9603152c   .#......,.......
0x0000ffff91dd23a0:   0000ffff8c20e090 1a5a98a5e0478a00   .. .......G...Z.

Instructions: (pc=0x0000fffec106c670)
  0x0000fffec106c570:   80 08 00 90 00 e0 44 f9 e2 27 40 f9 01 00 40 f9
  0x0000fffec106c580:   42 00 01 eb 01 00 80 d2 61 00 00 54 fd 7b c5 a8
  0x0000fffec106c590:   c0 03 5f d6 df d8 fd 97 fa d8 fd 97 0d db fd 97
  0x0000fffec106c5a0:   f4 ff ff 17 fd 7b bc a9 fd 03 00 91 f5 5b 02 a9
  0x0000fffec106c5b0:   f5 03 00 aa 00 00 40 f9 f3 53 01 a9 f7 63 03 a9
  0x0000fffec106c5c0:   80 00 00 b4 c1 08 00 90 21 bc 45 f9 20 00 3f d6
  0x0000fffec106c5d0:   a0 62 43 39 80 09 00 35 b3 42 40 f9 b8 02 02 91
  0x0000fffec106c5e0:   16 07 40 f9 7f 02 16 eb 20 03 00 54 d7 08 00 90
  0x0000fffec106c5f0:   f7 62 2d 91 1f 20 03 d5 74 02 40 f9 14 02 00 b4
  0x0000fffec106c600:   e0 03 14 aa 82 0e 40 f9 01 0c 41 f8 03 10 40 f9
  0x0000fffec106c610:   41 00 00 f9 22 04 00 f9 43 00 00 b4 60 00 3f d6
  0x0000fffec106c620:   80 06 40 f9 60 00 00 b4 e1 16 40 f9 20 00 3f d6
  0x0000fffec106c630:   e0 03 14 aa 01 08 80 d2 ca d9 fd 97 73 22 00 91
  0x0000fffec106c640:   df 02 13 eb a1 fd ff 54 b6 42 40 f9 b6 00 00 b4
  0x0000fffec106c650:   01 0b 40 f9 e0 03 16 aa 21 00 16 cb c1 d9 fd 97
  0x0000fffec106c660:   e0 03 15 aa a2 2e 40 f9 01 0c 45 f8 03 10 40 f9
=>0x0000fffec106c670:   41 00 00 f9 22 04 00 f9 43 00 00 b4 60 00 3f d6
  0x0000fffec106c680:   e0 03 15 aa a2 16 40 f9 01 0c 42 f8 03 10 40 f9
  0x0000fffec106c690:   41 00 00 f9 22 04 00 f9 43 00 00 b4 60 00 3f d6
  0x0000fffec106c6a0:   a0 0e 40 f9 80 00 00 b4 c1 08 00 90 21 c0 45 f9
  0x0000fffec106c6b0:   20 00 3f d6 a0 0a 40 f9 80 00 00 b4 c1 08 00 90
  0x0000fffec106c6c0:   21 c4 45 f9 20 00 3f d6 a0 06 40 f9 80 00 00 b4
  0x0000fffec106c6d0:   c1 08 00 90 21 c8 45 f9 20 00 3f d6 a0 02 40 f9
  0x0000fffec106c6e0:   80 00 00 b4 c1 08 00 90 21 cc 45 f9 20 00 3f d6
  0x0000fffec106c6f0:   f3 53 41 a9 f5 5b 42 a9 f7 63 43 a9 fd 7b c4 a8
  0x0000fffec106c700:   c0 03 5f d6 e0 03 15 aa bf 62 03 39 a2 5a 40 f9
  0x0000fffec106c710:   01 8c 4a f8 03 10 40 f9 41 00 00 f9 22 04 00 f9
  0x0000fffec106c720:   43 00 00 b4 60 00 3f d6 a0 52 40 f9 60 f5 ff b4
  0x0000fffec106c730:   c1 08 00 90 21 c0 45 f9 20 00 3f d6 a7 ff ff 17
  0x0000fffec106c740:   fd 7b bd a9 fd 03 00 91 f3 53 01 a9 53 00 01 cb
  0x0000fffec106c750:   f4 03 00 aa f5 13 00 f9 f5 03 01 aa 7f 3e 00 f1
  0x0000fffec106c760:   08 03 00 54 00 00 40 f9 7f 06 00 f1 41 01 00 54


Stack slot to memory mapping:

stack at sp + 0 slots: 0x0000ffff91dd21f0 points into unknown readable memory: 0x0000ffff91dd2260 | 60 22 dd 91 ff ff 00 00
stack at sp + 1 slots: 0x0000ffff966ceb2c: <offset 0x000000000003eb2c> in /lib64/libc.so.6 at 0x0000ffff96690000
stack at sp + 2 slots: 0x0000ffff96851000: <offset 0x00000000001c1000> in /lib64/libc.so.6 at 0x0000ffff96690000
stack at sp + 3 slots: 0x0000ffff96852210: <offset 0x00000000001c2210> in /lib64/libc.so.6 at 0x0000ffff96690000
stack at sp + 4 slots: 0x0000ffff96917c78: __pointer_chk_guard+0x0000000000000000 in /lib/ld-linux-aarch64.so.1 at 0x0000ffff968d8000
stack at sp + 5 slots: 0x0 is null
stack at sp + 6 slots: 0x0000ffff96850658: <offset 0x00000000001c0658> in /lib64/libc.so.6 at 0x0000ffff96690000
stack at sp + 7 slots: 0x0000ffff96852000: <offset 0x00000000001c2000> in /lib64/libc.so.6 at 0x0000ffff96690000

VM_Operation (0x0000ffff94f9b938): Exit, mode: safepoint, requested by thread 0x0000ffff8c0316d0


---------------  P R O C E S S  ---------------

Threads class SMR info:
_java_thread_list=0x0000ffff34000950, length=16, elements={
0x0000ffff8c0316d0, 0x0000ffff8c2156d0, 0x0000ffff8c218f10, 0x0000ffff8c21a7f0,
0x0000ffff8c21dbd0, 0x0000ffff8c21f480, 0x0000ffff8c221240, 0x0000ffff8c222c60,
0x0000ffff8c264740, 0x0000ffff8d82bd50, 0x0000ffff8e2c12c0, 0x0000ffff8e500b40,
0x0000fffe6451b3b0, 0x0000fffe64528720, 0x0000fffe34012820, 0x0000ffff8eff6120
}

Java Threads: ( => current thread )
  0x0000ffff8c0316d0 JavaThread "Render thread"                     [_thread_blocked, id=306270, stack(0x0000ffff94da0000,0x0000ffff94f9e000) (2040K)]
  0x0000ffff8c2156d0 JavaThread "Common-Cleaner"             daemon [_thread_blocked, id=306287, stack(0x0000ffff919b4000,0x0000ffff91bc4000) (2112K)]
  0x0000ffff8c218f10 JavaThread "Reference Handler"          daemon [_thread_blocked, id=306288, stack(0x0000ffff913a8000,0x0000ffff915a8000) (2048K)]
  0x0000ffff8c21a7f0 JavaThread "Finalizer"                  daemon [_thread_blocked, id=306289, stack(0x0000ffff911a8000,0x0000ffff913a8000) (2048K)]
  0x0000ffff8c21dbd0 JavaThread "Service Thread"             daemon [_thread_blocked, id=306291, stack(0x0000ffff90da8000,0x0000ffff90fa8000) (2048K)]
  0x0000ffff8c21f480 JavaThread "Monitor Deflation Thread"   daemon [_thread_blocked, id=306292, stack(0x0000ffff90ba8000,0x0000ffff90da8000) (2048K)]
  0x0000ffff8c221240 JavaThread "C2 CompilerThread0"         daemon [_thread_blocked, id=306293, stack(0x0000ffff909a8000,0x0000ffff90ba8000) (2048K)]
  0x0000ffff8c222c60 JavaThread "C1 CompilerThread0"         daemon [_thread_blocked, id=306294, stack(0x0000ffff907a8000,0x0000ffff909a8000) (2048K)]
  0x0000ffff8c264740 JavaThread "Notification Thread"        daemon [_thread_blocked, id=306295, stack(0x0000ffff905a8000,0x0000ffff907a8000) (2048K)]
  0x0000ffff8d82bd50 JavaThread "JNA Cleaner"                daemon [_thread_blocked, id=306343, stack(0x0000ffff74560000,0x0000ffff74760000) (2048K)]
  0x0000ffff8e2c12c0 JavaThread "Timer hack thread"          daemon [_thread_blocked, id=306376, stack(0x0000ffff74360000,0x0000ffff74560000) (2048K)]
  0x0000ffff8e500b40 JavaThread "Yggdrasil Key Fetcher"      daemon [_thread_blocked, id=306377, stack(0x0000ffff69600000,0x0000ffff69800000) (2048K)]
  0x0000fffe6451b3b0 JavaThread "Netty Local IO #0"          daemon [_thread_blocked, id=306576, stack(0x0000fffe3fa00000,0x0000fffe3fc00000) (2048K)]
  0x0000fffe64528720 JavaThread "Netty Local IO #1"          daemon [_thread_blocked, id=306577, stack(0x0000fffe3f800000,0x0000fffe3fa00000) (2048K)]
  0x0000fffe34012820 JavaThread "Netty Local IO #2"          daemon [_thread_blocked, id=306578, stack(0x0000fffe3f600000,0x0000fffe3f800000) (2048K)]
  0x0000ffff8eff6120 JavaThread "Sound engine"               daemon [_thread_blocked, id=307683, stack(0x0000ffff69c00000,0x0000ffff69e00000) (2048K)]
Total: 16

Other Threads:
=>0x0000ffff8c20dac0 VMThread "VM Thread"                           [id=306286, stack(0x0000ffff91bd4000,0x0000ffff91dd4000) (2048K)]
  0x0000ffff8c186740 WorkerThread "GC Thread#0"                     [id=306271, stack(0x0000ffff92fb8000,0x0000ffff931b8000) (2048K)]
  0x0000ffff5c008cb0 WorkerThread "GC Thread#1"                     [id=306307, stack(0x0000ffff74fdc000,0x0000ffff751dc000) (2048K)]
  0x0000ffff5c009700 WorkerThread "GC Thread#2"                     [id=306308, stack(0x0000ffff74dcc000,0x0000ffff74fcc000) (2048K)]
  0x0000ffff5c00a2c0 WorkerThread "GC Thread#3"                     [id=306309, stack(0x0000ffff74bbc000,0x0000ffff74dbc000) (2048K)]
  0x0000ffff5c00b030 WorkerThread "GC Thread#4"                     [id=306310, stack(0x0000ffff749ac000,0x0000ffff74bac000) (2048K)]
  0x0000ffff5c00bda0 WorkerThread "GC Thread#5"                     [id=306311, stack(0x0000ffff7479c000,0x0000ffff7499c000) (2048K)]
  0x0000ffff5c016910 WorkerThread "GC Thread#6"                     [id=306326, stack(0x0000ffff69200000,0x0000ffff69400000) (2048K)]
  0x0000ffff5c00e5a0 WorkerThread "GC Thread#7"                     [id=306331, stack(0x0000ffff68ff0000,0x0000ffff691f0000) (2048K)]
  0x0000ffff5c00f900 WorkerThread "GC Thread#8"                     [id=306332, stack(0x0000ffff68de0000,0x0000ffff68fe0000) (2048K)]
  0x0000ffff8c19e8c0 ConcurrentGCThread "G1 Main Marker"            terminated
  0x0000ffff8c19fab0 WorkerThread "G1 Conc#0"                       [id=306273, stack(0x0000ffff92b98000,0x0000ffff92d98000) (2048K)]
  0x0000ffff70000c80 WorkerThread "G1 Conc#1"                       [id=306333, stack(0x0000ffff68bd0000,0x0000ffff68dd0000) (2048K)]
  0x0000ffff8c1ed410 ConcurrentGCThread "G1 Refine#0"               terminated
  0x0000ffff8c1ee620 ConcurrentGCThread "G1 Service"                terminated
Total: 15

Threads with active compile tasks:
Total: 0

VM state: at safepoint (shutting down)

VM Mutex/Monitor currently owned by a thread:  ([mutex/lock_event])
[0x0000ffff965a9558] Threads_lock - owner thread: 0x0000ffff8c20dac0
[0x0000ffff965a96f0] Heap_lock - owner thread: 0x0000ffff8c0316d0

Heap address: 0x000000070f800000, size: 3848 MB, Compressed Oops mode: Zero based, Oop shift amount: 3

CDS archive(s) mapped at: [0x00007e0000000000-0x00007e0001d00000-0x00007e0001d00000), size 30408704, SharedBaseAddress: 0x00007e0000000000, ArchiveRelocationMode: 1.
Compressed class space mapped at: 0x00007e0002000000-0x00007e0042000000, reserved size: 1073741824
UseCompressedClassPointers 1, UseCompactObjectHeaders 0
Narrow klass pointer bits 32, Max shift 3
Narrow klass base: 0x00007e0000000000, Narrow klass shift: 0
Encoding Range: [0x00007e0000000000 - 0x00007e0100000000), (4294967296 bytes)
Klass Range:    [0x00007e0000010000 - 0x00007e0042000000), (1107230720 bytes)
Klass ID Range:  [65536 - 1107296249) (1107230713)
Protection zone: [0x00007e0000000000 - 0x00007e0000010000), (65536 bytes)

GC Precious Log:
 CardTable entry size: 512
 Card Set container configuration: InlinePtr #cards 4 size 8 Array Of Cards #cards 16 size 48 Howl #buckets 8 coarsen threshold 3686 Howl Bitmap #cards 512 size 80 coarsen threshold 460 Card regions per heap region 1 cards per card region 4096
 CPUs: 10 total, 10 available
 Memory: 15385M
 Large Page Support: Disabled
 NUMA Support: Disabled
 Compressed Oops: Enabled (Zero based)
 Heap Region Size: 2M
 Heap Min Capacity: 8M
 Heap Initial Capacity: 248M
 Heap Max Capacity: 3848M
 Pre-touch: Disabled
 Parallel Workers: 9
 Concurrent Workers: 2
 Concurrent Refinement Workers: 9
 Periodic GC: Disabled

Heap:
 garbage-first heap   total reserved 3940352K, committed 1609728K, used 986804K [0x000000070f800000, 0x0000000800000000)
  region size 2048K, 202 young (413696K), 23 survivors (47104K)

Heap Regions: E=young(eden), S=young(survivor), O=old, HS=humongous(starts), HC=humongous(continues), CS=collection set, F=free, TAMS=top-at-mark-start, PB=parsable bottom
|   0|0x000000070f800000, 0x000000070fa00000, 0x000000070fa00000|100%|HS|  |TAMS 0x000000070f800000| PB 0x000000070f800000| Complete |  0
|   1|0x000000070fa00000, 0x000000070fc00000, 0x000000070fc00000|100%|HS|  |TAMS 0x000000070fa00000| PB 0x000000070fa00000| Complete |  0
|   2|0x000000070fc00000, 0x000000070fe00000, 0x000000070fe00000|100%|HS|  |TAMS 0x000000070fc00000| PB 0x000000070fc00000| Complete |  0
|   3|0x000000070fe00000, 0x0000000710000000, 0x0000000710000000|100%| O|  |TAMS 0x000000070fe00000| PB 0x000000070fe00000| Untracked |  0
|   4|0x0000000710000000, 0x0000000710200000, 0x0000000710200000|100%| O|  |TAMS 0x0000000710000000| PB 0x0000000710000000| Untracked |  0
|   5|0x0000000710200000, 0x0000000710400000, 0x0000000710400000|100%| O|  |TAMS 0x0000000710200000| PB 0x0000000710200000| Untracked |  0
|   6|0x0000000710400000, 0x0000000710600000, 0x0000000710600000|100%| O|  |TAMS 0x0000000710400000| PB 0x0000000710400000| Untracked |  0
|   7|0x0000000710600000, 0x0000000710800000, 0x0000000710800000|100%| O|  |TAMS 0x0000000710600000| PB 0x0000000710600000| Untracked |  0
|   8|0x0000000710800000, 0x0000000710a00000, 0x0000000710a00000|100%| O|  |TAMS 0x0000000710800000| PB 0x0000000710800000| Untracked |  0
|   9|0x0000000710a00000, 0x0000000710c00000, 0x0000000710c00000|100%| O|  |TAMS 0x0000000710a00000| PB 0x0000000710a00000| Untracked |  0
|  10|0x0000000710c00000, 0x0000000710e00000, 0x0000000710e00000|100%| O|  |TAMS 0x0000000710c00000| PB 0x0000000710c00000| Untracked |  0
|  11|0x0000000710e00000, 0x0000000711000000, 0x0000000711000000|100%| O|  |TAMS 0x0000000710e00000| PB 0x0000000710e00000| Untracked |  0
|  12|0x0000000711000000, 0x0000000711200000, 0x0000000711200000|100%| O|  |TAMS 0x0000000711000000| PB 0x0000000711000000| Untracked |  0
|  13|0x0000000711200000, 0x0000000711400000, 0x0000000711400000|100%| O|  |TAMS 0x0000000711200000| PB 0x0000000711200000| Untracked |  0
|  14|0x0000000711400000, 0x0000000711600000, 0x0000000711600000|100%| O|  |TAMS 0x0000000711400000| PB 0x0000000711400000| Untracked |  0
|  15|0x0000000711600000, 0x0000000711800000, 0x0000000711800000|100%| O|  |TAMS 0x0000000711600000| PB 0x0000000711600000| Untracked |  0
|  16|0x0000000711800000, 0x0000000711a00000, 0x0000000711a00000|100%| O|  |TAMS 0x0000000711800000| PB 0x0000000711800000| Untracked |  0
|  17|0x0000000711a00000, 0x0000000711c00000, 0x0000000711c00000|100%| O|  |TAMS 0x0000000711a00000| PB 0x0000000711a00000| Untracked |  0
|  18|0x0000000711c00000, 0x0000000711e00000, 0x0000000711e00000|100%| O|  |TAMS 0x0000000711c00000| PB 0x0000000711c00000| Untracked |  0
|  19|0x0000000711e00000, 0x0000000712000000, 0x0000000712000000|100%| O|  |TAMS 0x0000000711e00000| PB 0x0000000711e00000| Untracked |  0
|  20|0x0000000712000000, 0x0000000712200000, 0x0000000712200000|100%| O|  |TAMS 0x0000000712000000| PB 0x0000000712000000| Untracked |  0
|  21|0x0000000712200000, 0x0000000712400000, 0x0000000712400000|100%| O|  |TAMS 0x0000000712200000| PB 0x0000000712200000| Untracked |  0
|  22|0x0000000712400000, 0x0000000712600000, 0x0000000712600000|100%| O|  |TAMS 0x0000000712400000| PB 0x0000000712400000| Untracked |  0
|  23|0x0000000712600000, 0x0000000712800000, 0x0000000712800000|100%| O|  |TAMS 0x0000000712600000| PB 0x0000000712600000| Untracked |  0
|  24|0x0000000712800000, 0x0000000712a00000, 0x0000000712a00000|100%| O|  |TAMS 0x0000000712800000| PB 0x0000000712800000| Untracked |  0
|  25|0x0000000712a00000, 0x0000000712c00000, 0x0000000712c00000|100%|HS|  |TAMS 0x0000000712a00000| PB 0x0000000712a00000| Complete |  0
|  26|0x0000000712c00000, 0x0000000712e00000, 0x0000000712e00000|100%|HC|  |TAMS 0x0000000712c00000| PB 0x0000000712c00000| Complete |  0
|  27|0x0000000712e00000, 0x0000000713000000, 0x0000000713000000|100%|HC|  |TAMS 0x0000000712e00000| PB 0x0000000712e00000| Complete |  0
|  28|0x0000000713000000, 0x0000000713200000, 0x0000000713200000|100%|HC|  |TAMS 0x0000000713000000| PB 0x0000000713000000| Complete |  0
|  29|0x0000000713200000, 0x0000000713400000, 0x0000000713400000|100%|HC|  |TAMS 0x0000000713200000| PB 0x0000000713200000| Complete |  0
|  30|0x0000000713400000, 0x0000000713600000, 0x0000000713600000|100%|HC|  |TAMS 0x0000000713400000| PB 0x0000000713400000| Complete |  0
|  31|0x0000000713600000, 0x0000000713800000, 0x0000000713800000|100%| O|  |TAMS 0x0000000713600000| PB 0x0000000713600000| Untracked |  0
|  32|0x0000000713800000, 0x0000000713a00000, 0x0000000713a00000|100%| O|  |TAMS 0x0000000713800000| PB 0x0000000713800000| Untracked |  0
|  33|0x0000000713a00000, 0x0000000713c00000, 0x0000000713c00000|100%| O|  |TAMS 0x0000000713a00000| PB 0x0000000713a00000| Untracked |  0
|  34|0x0000000713c00000, 0x0000000713e00000, 0x0000000713e00000|100%| O|  |TAMS 0x0000000713c00000| PB 0x0000000713c00000| Untracked |  0
|  35|0x0000000713e00000, 0x0000000714000000, 0x0000000714000000|100%| O|  |TAMS 0x0000000713e00000| PB 0x0000000713e00000| Untracked |  0
|  36|0x0000000714000000, 0x0000000714200000, 0x0000000714200000|100%| O|  |TAMS 0x0000000714000000| PB 0x0000000714000000| Untracked |  0
|  37|0x0000000714200000, 0x0000000714400000, 0x0000000714400000|100%| O|  |TAMS 0x0000000714200000| PB 0x0000000714200000| Untracked |  0
|  38|0x0000000714400000, 0x0000000714600000, 0x0000000714600000|100%| O|  |TAMS 0x0000000714400000| PB 0x0000000714400000| Untracked |  0
|  39|0x0000000714600000, 0x0000000714800000, 0x0000000714800000|100%| O|  |TAMS 0x0000000714600000| PB 0x0000000714600000| Untracked |  0
|  40|0x0000000714800000, 0x0000000714a00000, 0x0000000714a00000|100%| O|  |TAMS 0x0000000714800000| PB 0x0000000714800000| Untracked |  0
|  41|0x0000000714a00000, 0x0000000714c00000, 0x0000000714c00000|100%| O|  |TAMS 0x0000000714a00000| PB 0x0000000714a00000| Untracked |  0
|  42|0x0000000714c00000, 0x0000000714e00000, 0x0000000714e00000|100%| O|  |TAMS 0x0000000714c00000| PB 0x0000000714c00000| Untracked |  0
|  43|0x0000000714e00000, 0x0000000715000000, 0x0000000715000000|100%| O|  |TAMS 0x0000000714e00000| PB 0x0000000714e00000| Untracked |  0
|  44|0x0000000715000000, 0x0000000715200000, 0x0000000715200000|100%| O|  |TAMS 0x0000000715000000| PB 0x0000000715000000| Untracked |  0
|  45|0x0000000715200000, 0x0000000715400000, 0x0000000715400000|100%| O|  |TAMS 0x0000000715200000| PB 0x0000000715200000| Untracked |  0
|  46|0x0000000715400000, 0x0000000715600000, 0x0000000715600000|100%| O|  |TAMS 0x0000000715400000| PB 0x0000000715400000| Untracked |  0
|  47|0x0000000715600000, 0x0000000715800000, 0x0000000715800000|100%| O|  |TAMS 0x0000000715600000| PB 0x0000000715600000| Untracked |  0
|  48|0x0000000715800000, 0x0000000715a00000, 0x0000000715a00000|100%| O|  |TAMS 0x0000000715800000| PB 0x0000000715800000| Untracked |  0
|  49|0x0000000715a00000, 0x0000000715c00000, 0x0000000715c00000|100%| O|  |TAMS 0x0000000715a00000| PB 0x0000000715a00000| Untracked |  0
|  50|0x0000000715c00000, 0x0000000715e00000, 0x0000000715e00000|100%| O|  |TAMS 0x0000000715c00000| PB 0x0000000715c00000| Untracked |  0
|  51|0x0000000715e00000, 0x0000000716000000, 0x0000000716000000|100%|HS|  |TAMS 0x0000000715e00000| PB 0x0000000715e00000| Complete |  0
|  52|0x0000000716000000, 0x0000000716200000, 0x0000000716200000|100%|HS|  |TAMS 0x0000000716000000| PB 0x0000000716000000| Complete |  0
|  53|0x0000000716200000, 0x0000000716400000, 0x0000000716400000|100%| O|  |TAMS 0x0000000716200000| PB 0x0000000716200000| Untracked |  0
|  54|0x0000000716400000, 0x0000000716600000, 0x0000000716600000|100%| O|  |TAMS 0x0000000716400000| PB 0x0000000716400000| Untracked |  0
|  55|0x0000000716600000, 0x0000000716800000, 0x0000000716800000|100%| O|  |TAMS 0x0000000716600000| PB 0x0000000716600000| Untracked |  0
|  56|0x0000000716800000, 0x0000000716a00000, 0x0000000716a00000|100%| O|  |TAMS 0x0000000716800000| PB 0x0000000716800000| Untracked |  0
|  57|0x0000000716a00000, 0x0000000716c00000, 0x0000000716c00000|100%| O|  |TAMS 0x0000000716a00000| PB 0x0000000716a00000| Untracked |  0
|  58|0x0000000716c00000, 0x0000000716e00000, 0x0000000716e00000|100%| O|  |TAMS 0x0000000716c00000| PB 0x0000000716c00000| Untracked |  0
|  59|0x0000000716e00000, 0x0000000717000000, 0x0000000717000000|100%| O|  |TAMS 0x0000000716e00000| PB 0x0000000716e00000| Untracked |  0
|  60|0x0000000717000000, 0x0000000717200000, 0x0000000717200000|100%| O|  |TAMS 0x0000000717000000| PB 0x0000000717000000| Untracked |  0
|  61|0x0000000717200000, 0x0000000717400000, 0x0000000717400000|100%| O|  |TAMS 0x0000000717200000| PB 0x0000000717200000| Untracked |  0
|  62|0x0000000717400000, 0x0000000717600000, 0x0000000717600000|100%| O|  |TAMS 0x0000000717400000| PB 0x0000000717400000| Untracked |  0
|  63|0x0000000717600000, 0x0000000717800000, 0x0000000717800000|100%| O|  |TAMS 0x0000000717600000| PB 0x0000000717600000| Untracked |  0
|  64|0x0000000717800000, 0x0000000717a00000, 0x0000000717a00000|100%| O|  |TAMS 0x0000000717800000| PB 0x0000000717800000| Untracked |  0
|  65|0x0000000717a00000, 0x0000000717c00000, 0x0000000717c00000|100%| O|  |TAMS 0x0000000717a00000| PB 0x0000000717a00000| Untracked |  0
|  66|0x0000000717c00000, 0x0000000717e00000, 0x0000000717e00000|100%| O|  |TAMS 0x0000000717c00000| PB 0x0000000717c00000| Untracked |  0
|  67|0x0000000717e00000, 0x0000000718000000, 0x0000000718000000|100%| O|  |TAMS 0x0000000717e00000| PB 0x0000000717e00000| Untracked |  0
|  68|0x0000000718000000, 0x0000000718200000, 0x0000000718200000|100%| O|  |TAMS 0x0000000718000000| PB 0x0000000718000000| Untracked |  0
|  69|0x0000000718200000, 0x0000000718400000, 0x0000000718400000|100%| O|  |TAMS 0x0000000718200000| PB 0x0000000718200000| Untracked |  0
|  70|0x0000000718400000, 0x0000000718600000, 0x0000000718600000|100%| O|  |TAMS 0x0000000718400000| PB 0x0000000718400000| Untracked |  0
|  71|0x0000000718600000, 0x0000000718800000, 0x0000000718800000|100%| O|  |TAMS 0x0000000718600000| PB 0x0000000718600000| Untracked |  0
|  72|0x0000000718800000, 0x0000000718a00000, 0x0000000718a00000|100%| O|  |TAMS 0x0000000718800000| PB 0x0000000718800000| Untracked |  0
|  73|0x0000000718a00000, 0x0000000718c00000, 0x0000000718c00000|100%| O|  |TAMS 0x0000000718a00000| PB 0x0000000718a00000| Untracked |  0
|  74|0x0000000718c00000, 0x0000000718e00000, 0x0000000718e00000|100%| O|  |TAMS 0x0000000718c00000| PB 0x0000000718c00000| Untracked |  0
|  75|0x0000000718e00000, 0x0000000719000000, 0x0000000719000000|100%| O|  |TAMS 0x0000000718e00000| PB 0x0000000718e00000| Untracked |  0
|  76|0x0000000719000000, 0x0000000719200000, 0x0000000719200000|100%| O|  |TAMS 0x0000000719000000| PB 0x0000000719000000| Untracked |  0
|  77|0x0000000719200000, 0x0000000719400000, 0x0000000719400000|100%| O|  |TAMS 0x0000000719200000| PB 0x0000000719200000| Untracked |  0
|  78|0x0000000719400000, 0x0000000719600000, 0x0000000719600000|100%| O|  |TAMS 0x0000000719400000| PB 0x0000000719400000| Untracked |  0
|  79|0x0000000719600000, 0x0000000719800000, 0x0000000719800000|100%| O|  |TAMS 0x0000000719600000| PB 0x0000000719600000| Untracked |  0
|  80|0x0000000719800000, 0x0000000719a00000, 0x0000000719a00000|100%| O|  |TAMS 0x0000000719800000| PB 0x0000000719800000| Untracked |  0
|  81|0x0000000719a00000, 0x0000000719c00000, 0x0000000719c00000|100%| O|  |TAMS 0x0000000719a00000| PB 0x0000000719a00000| Untracked |  0
|  82|0x0000000719c00000, 0x0000000719e00000, 0x0000000719e00000|100%| O|  |TAMS 0x0000000719c00000| PB 0x0000000719c00000| Untracked |  0
|  83|0x0000000719e00000, 0x000000071a000000, 0x000000071a000000|100%| O|  |TAMS 0x0000000719e00000| PB 0x0000000719e00000| Untracked |  0
|  84|0x000000071a000000, 0x000000071a200000, 0x000000071a200000|100%| O|  |TAMS 0x000000071a000000| PB 0x000000071a000000| Untracked |  0
|  85|0x000000071a200000, 0x000000071a400000, 0x000000071a400000|100%| O|  |TAMS 0x000000071a200000| PB 0x000000071a200000| Untracked |  0
|  86|0x000000071a400000, 0x000000071a600000, 0x000000071a600000|100%| O|  |TAMS 0x000000071a400000| PB 0x000000071a400000| Untracked |  0
|  87|0x000000071a600000, 0x000000071a800000, 0x000000071a800000|100%| O|  |TAMS 0x000000071a600000| PB 0x000000071a600000| Untracked |  0
|  88|0x000000071a800000, 0x000000071aa00000, 0x000000071aa00000|100%| O|  |TAMS 0x000000071a800000| PB 0x000000071a800000| Untracked |  0
|  89|0x000000071aa00000, 0x000000071ac00000, 0x000000071ac00000|100%| O|  |TAMS 0x000000071aa00000| PB 0x000000071aa00000| Untracked |  0
|  90|0x000000071ac00000, 0x000000071ae00000, 0x000000071ae00000|100%| O|  |TAMS 0x000000071ac00000| PB 0x000000071ac00000| Untracked |  0
|  91|0x000000071ae00000, 0x000000071b000000, 0x000000071b000000|100%| O|  |TAMS 0x000000071ae00000| PB 0x000000071ae00000| Untracked |  0
|  92|0x000000071b000000, 0x000000071b200000, 0x000000071b200000|100%| O|  |TAMS 0x000000071b000000| PB 0x000000071b000000| Untracked |  0
|  93|0x000000071b200000, 0x000000071b400000, 0x000000071b400000|100%| O|  |TAMS 0x000000071b200000| PB 0x000000071b200000| Untracked |  0
|  94|0x000000071b400000, 0x000000071b600000, 0x000000071b600000|100%| O|  |TAMS 0x000000071b400000| PB 0x000000071b400000| Untracked |  0
|  95|0x000000071b600000, 0x000000071b800000, 0x000000071b800000|100%| O|  |TAMS 0x000000071b600000| PB 0x000000071b600000| Untracked |  0
|  96|0x000000071b800000, 0x000000071ba00000, 0x000000071ba00000|100%| O|  |TAMS 0x000000071b800000| PB 0x000000071b800000| Untracked |  0
|  97|0x000000071ba00000, 0x000000071bc00000, 0x000000071bc00000|100%| O|  |TAMS 0x000000071ba00000| PB 0x000000071ba00000| Untracked |  0
|  98|0x000000071bc00000, 0x000000071be00000, 0x000000071be00000|100%| O|  |TAMS 0x000000071bc00000| PB 0x000000071bc00000| Untracked |  0
|  99|0x000000071be00000, 0x000000071c000000, 0x000000071c000000|100%| O|  |TAMS 0x000000071be00000| PB 0x000000071be00000| Untracked |  0
| 100|0x000000071c000000, 0x000000071c200000, 0x000000071c200000|100%| O|  |TAMS 0x000000071c000000| PB 0x000000071c000000| Untracked |  0
| 101|0x000000071c200000, 0x000000071c400000, 0x000000071c400000|100%| O|  |TAMS 0x000000071c200000| PB 0x000000071c200000| Untracked |  0
| 102|0x000000071c400000, 0x000000071c600000, 0x000000071c600000|100%| O|  |TAMS 0x000000071c400000| PB 0x000000071c400000| Untracked |  0
| 103|0x000000071c600000, 0x000000071c800000, 0x000000071c800000|100%| O|  |TAMS 0x000000071c600000| PB 0x000000071c600000| Untracked |  0
| 104|0x000000071c800000, 0x000000071ca00000, 0x000000071ca00000|100%| O|  |TAMS 0x000000071c800000| PB 0x000000071c800000| Untracked |  0
| 105|0x000000071ca00000, 0x000000071cc00000, 0x000000071cc00000|100%| O|  |TAMS 0x000000071ca00000| PB 0x000000071ca00000| Untracked |  0
| 106|0x000000071cc00000, 0x000000071ce00000, 0x000000071ce00000|100%| O|  |TAMS 0x000000071cc00000| PB 0x000000071cc00000| Untracked |  0
| 107|0x000000071ce00000, 0x000000071d000000, 0x000000071d000000|100%| O|  |TAMS 0x000000071ce00000| PB 0x000000071ce00000| Untracked |  0
| 108|0x000000071d000000, 0x000000071d200000, 0x000000071d200000|100%| O|  |TAMS 0x000000071d000000| PB 0x000000071d000000| Untracked |  0
| 109|0x000000071d200000, 0x000000071d400000, 0x000000071d400000|100%| O|  |TAMS 0x000000071d200000| PB 0x000000071d200000| Untracked |  0
| 110|0x000000071d400000, 0x000000071d600000, 0x000000071d600000|100%| O|  |TAMS 0x000000071d400000| PB 0x000000071d400000| Untracked |  0
| 111|0x000000071d600000, 0x000000071d800000, 0x000000071d800000|100%| O|  |TAMS 0x000000071d600000| PB 0x000000071d600000| Untracked |  0
| 112|0x000000071d800000, 0x000000071da00000, 0x000000071da00000|100%| O|  |TAMS 0x000000071d800000| PB 0x000000071d800000| Untracked |  0
| 113|0x000000071da00000, 0x000000071dc00000, 0x000000071dc00000|100%|HS|  |TAMS 0x000000071da00000| PB 0x000000071da00000| Complete |  0
| 114|0x000000071dc00000, 0x000000071de00000, 0x000000071de00000|100%| O|  |TAMS 0x000000071dc00000| PB 0x000000071dc00000| Untracked |  0
| 115|0x000000071de00000, 0x000000071e000000, 0x000000071e000000|100%| O|  |TAMS 0x000000071de00000| PB 0x000000071de00000| Untracked |  0
| 116|0x000000071e000000, 0x000000071e200000, 0x000000071e200000|100%| O|  |TAMS 0x000000071e000000| PB 0x000000071e000000| Untracked |  0
| 117|0x000000071e200000, 0x000000071e400000, 0x000000071e400000|100%| O|Cm|TAMS 0x000000071e200000| PB 0x000000071e200000| Complete |  0
| 118|0x000000071e400000, 0x000000071e600000, 0x000000071e600000|100%| O|  |TAMS 0x000000071e400000| PB 0x000000071e400000| Untracked |  0
| 119|0x000000071e600000, 0x000000071e800000, 0x000000071e800000|100%| O|  |TAMS 0x000000071e600000| PB 0x000000071e600000| Untracked |  0
| 120|0x000000071e800000, 0x000000071ea00000, 0x000000071ea00000|100%| O|  |TAMS 0x000000071e800000| PB 0x000000071e800000| Untracked |  0
| 121|0x000000071ea00000, 0x000000071ec00000, 0x000000071ec00000|100%| O|  |TAMS 0x000000071ea00000| PB 0x000000071ea00000| Untracked |  0
| 122|0x000000071ec00000, 0x000000071ee00000, 0x000000071ee00000|100%| O|Cm|TAMS 0x000000071ec00000| PB 0x000000071ec00000| Complete |  0
| 123|0x000000071ee00000, 0x000000071f000000, 0x000000071f000000|100%| O|  |TAMS 0x000000071ee00000| PB 0x000000071ee00000| Untracked |  0
| 124|0x000000071f000000, 0x000000071f200000, 0x000000071f200000|100%| O|  |TAMS 0x000000071f000000| PB 0x000000071f000000| Untracked |  0
| 125|0x000000071f200000, 0x000000071f400000, 0x000000071f400000|100%| O|  |TAMS 0x000000071f200000| PB 0x000000071f200000| Untracked |  0
| 126|0x000000071f400000, 0x000000071f600000, 0x000000071f600000|100%| O|  |TAMS 0x000000071f400000| PB 0x000000071f400000| Untracked |  0
| 127|0x000000071f600000, 0x000000071f800000, 0x000000071f800000|100%| O|  |TAMS 0x000000071f600000| PB 0x000000071f600000| Untracked |  0
| 128|0x000000071f800000, 0x000000071fa00000, 0x000000071fa00000|100%| O|  |TAMS 0x000000071f800000| PB 0x000000071f800000| Untracked |  0
| 129|0x000000071fa00000, 0x000000071fc00000, 0x000000071fc00000|100%| O|  |TAMS 0x000000071fa00000| PB 0x000000071fa00000| Untracked |  0
| 130|0x000000071fc00000, 0x000000071fe00000, 0x000000071fe00000|100%| O|  |TAMS 0x000000071fc00000| PB 0x000000071fc00000| Untracked |  0
| 131|0x000000071fe00000, 0x0000000720000000, 0x0000000720000000|100%| O|  |TAMS 0x000000071fe00000| PB 0x000000071fe00000| Untracked |  0
| 132|0x0000000720000000, 0x0000000720200000, 0x0000000720200000|100%| O|  |TAMS 0x0000000720000000| PB 0x0000000720000000| Untracked |  0
| 133|0x0000000720200000, 0x0000000720400000, 0x0000000720400000|100%| O|  |TAMS 0x0000000720200000| PB 0x0000000720200000| Untracked |  0
| 134|0x0000000720400000, 0x0000000720600000, 0x0000000720600000|100%| O|  |TAMS 0x0000000720400000| PB 0x0000000720400000| Untracked |  0
| 135|0x0000000720600000, 0x0000000720800000, 0x0000000720800000|100%| O|  |TAMS 0x0000000720600000| PB 0x0000000720600000| Untracked |  0
| 136|0x0000000720800000, 0x0000000720a00000, 0x0000000720a00000|100%| O|  |TAMS 0x0000000720800000| PB 0x0000000720800000| Untracked |  0
| 137|0x0000000720a00000, 0x0000000720c00000, 0x0000000720c00000|100%| O|  |TAMS 0x0000000720a00000| PB 0x0000000720a00000| Untracked |  0
| 138|0x0000000720c00000, 0x0000000720e00000, 0x0000000720e00000|100%| O|  |TAMS 0x0000000720c00000| PB 0x0000000720c00000| Untracked |  0
| 139|0x0000000720e00000, 0x0000000721000000, 0x0000000721000000|100%| O|  |TAMS 0x0000000720e00000| PB 0x0000000720e00000| Untracked |  0
| 140|0x0000000721000000, 0x0000000721200000, 0x0000000721200000|100%| O|Cm|TAMS 0x0000000721000000| PB 0x0000000721000000| Complete |  0
| 141|0x0000000721200000, 0x0000000721400000, 0x0000000721400000|100%| O|  |TAMS 0x0000000721200000| PB 0x0000000721200000| Untracked |  0
| 142|0x0000000721400000, 0x0000000721600000, 0x0000000721600000|100%| O|Cm|TAMS 0x0000000721400000| PB 0x0000000721400000| Complete |  0
| 143|0x0000000721600000, 0x0000000721800000, 0x0000000721800000|100%| O|  |TAMS 0x0000000721600000| PB 0x0000000721600000| Untracked |  0
| 144|0x0000000721800000, 0x0000000721a00000, 0x0000000721a00000|100%| O|  |TAMS 0x0000000721800000| PB 0x0000000721800000| Untracked |  0
| 145|0x0000000721a00000, 0x0000000721c00000, 0x0000000721c00000|100%| O|  |TAMS 0x0000000721a00000| PB 0x0000000721a00000| Untracked |  0
| 146|0x0000000721c00000, 0x0000000721e00000, 0x0000000721e00000|100%| O|  |TAMS 0x0000000721c00000| PB 0x0000000721c00000| Untracked |  0
| 147|0x0000000721e00000, 0x0000000722000000, 0x0000000722000000|100%| O|  |TAMS 0x0000000721e00000| PB 0x0000000721e00000| Untracked |  0
| 148|0x0000000722000000, 0x0000000722200000, 0x0000000722200000|100%| O|  |TAMS 0x0000000722000000| PB 0x0000000722000000| Untracked |  0
| 149|0x0000000722200000, 0x0000000722400000, 0x0000000722400000|100%| O|  |TAMS 0x0000000722200000| PB 0x0000000722200000| Untracked |  0
| 150|0x0000000722400000, 0x0000000722600000, 0x0000000722600000|100%| O|Cm|TAMS 0x0000000722400000| PB 0x0000000722400000| Complete |  0
| 151|0x0000000722600000, 0x0000000722800000, 0x0000000722800000|100%| O|  |TAMS 0x0000000722600000| PB 0x0000000722600000| Untracked |  0
| 152|0x0000000722800000, 0x0000000722a00000, 0x0000000722a00000|100%| O|Cm|TAMS 0x0000000722800000| PB 0x0000000722800000| Complete |  0
| 153|0x0000000722a00000, 0x0000000722c00000, 0x0000000722c00000|100%| O|  |TAMS 0x0000000722a00000| PB 0x0000000722a00000| Untracked |  0
| 154|0x0000000722c00000, 0x0000000722e00000, 0x0000000722e00000|100%| O|  |TAMS 0x0000000722c00000| PB 0x0000000722c00000| Untracked |  0
| 155|0x0000000722e00000, 0x0000000723000000, 0x0000000723000000|100%| O|  |TAMS 0x0000000722e00000| PB 0x0000000722e00000| Untracked |  0
| 156|0x0000000723000000, 0x0000000723200000, 0x0000000723200000|100%| O|  |TAMS 0x0000000723000000| PB 0x0000000723000000| Untracked |  0
| 157|0x0000000723200000, 0x0000000723400000, 0x0000000723400000|100%| O|  |TAMS 0x0000000723200000| PB 0x0000000723200000| Untracked |  0
| 158|0x0000000723400000, 0x0000000723600000, 0x0000000723600000|100%| O|  |TAMS 0x0000000723400000| PB 0x0000000723400000| Untracked |  0
| 159|0x0000000723600000, 0x0000000723800000, 0x0000000723800000|100%| O|  |TAMS 0x0000000723600000| PB 0x0000000723600000| Untracked |  0
| 160|0x0000000723800000, 0x0000000723a00000, 0x0000000723a00000|100%| O|  |TAMS 0x0000000723800000| PB 0x0000000723800000| Untracked |  0
| 161|0x0000000723a00000, 0x0000000723c00000, 0x0000000723c00000|100%| O|  |TAMS 0x0000000723a00000| PB 0x0000000723a00000| Untracked |  0
| 162|0x0000000723c00000, 0x0000000723e00000, 0x0000000723e00000|100%| O|  |TAMS 0x0000000723c00000| PB 0x0000000723c00000| Untracked |  0
| 163|0x0000000723e00000, 0x0000000724000000, 0x0000000724000000|100%| O|Cm|TAMS 0x0000000723e00000| PB 0x0000000723e00000| Complete |  0
| 164|0x0000000724000000, 0x0000000724200000, 0x0000000724200000|100%| O|  |TAMS 0x0000000724000000| PB 0x0000000724000000| Untracked |  0
| 165|0x0000000724200000, 0x0000000724400000, 0x0000000724400000|100%| O|  |TAMS 0x0000000724200000| PB 0x0000000724200000| Untracked |  0
| 166|0x0000000724400000, 0x0000000724600000, 0x0000000724600000|100%| O|  |TAMS 0x0000000724400000| PB 0x0000000724400000| Untracked |  0
| 167|0x0000000724600000, 0x0000000724800000, 0x0000000724800000|100%| O|  |TAMS 0x0000000724600000| PB 0x0000000724600000| Untracked |  0
| 168|0x0000000724800000, 0x0000000724a00000, 0x0000000724a00000|100%| O|  |TAMS 0x0000000724800000| PB 0x0000000724800000| Untracked |  0
| 169|0x0000000724a00000, 0x0000000724c00000, 0x0000000724c00000|100%| O|  |TAMS 0x0000000724a00000| PB 0x0000000724a00000| Untracked |  0
| 170|0x0000000724c00000, 0x0000000724e00000, 0x0000000724e00000|100%| O|  |TAMS 0x0000000724c00000| PB 0x0000000724c00000| Untracked |  0
| 171|0x0000000724e00000, 0x0000000725000000, 0x0000000725000000|100%| O|  |TAMS 0x0000000724e00000| PB 0x0000000724e00000| Untracked |  0
| 172|0x0000000725000000, 0x0000000725200000, 0x0000000725200000|100%| O|  |TAMS 0x0000000725000000| PB 0x0000000725000000| Untracked |  0
| 173|0x0000000725200000, 0x0000000725400000, 0x0000000725400000|100%| O|  |TAMS 0x0000000725200000| PB 0x0000000725200000| Untracked |  0
| 174|0x0000000725400000, 0x0000000725600000, 0x0000000725600000|100%| O|  |TAMS 0x0000000725400000| PB 0x0000000725400000| Untracked |  0
| 175|0x0000000725600000, 0x0000000725800000, 0x0000000725800000|100%| O|  |TAMS 0x0000000725600000| PB 0x0000000725600000| Untracked |  0
| 176|0x0000000725800000, 0x0000000725a00000, 0x0000000725a00000|100%| O|  |TAMS 0x0000000725800000| PB 0x0000000725800000| Untracked |  0
| 177|0x0000000725a00000, 0x0000000725c00000, 0x0000000725c00000|100%| O|  |TAMS 0x0000000725a00000| PB 0x0000000725a00000| Untracked |  0
| 178|0x0000000725c00000, 0x0000000725c00000, 0x0000000725e00000|  0%| F|  |TAMS 0x0000000725c00000| PB 0x0000000725c00000| Untracked |  0
| 179|0x0000000725e00000, 0x0000000726000000, 0x0000000726000000|100%| O|  |TAMS 0x0000000725e00000| PB 0x0000000725e00000| Untracked |  0
| 180|0x0000000726000000, 0x0000000726200000, 0x0000000726200000|100%| O|  |TAMS 0x0000000726000000| PB 0x0000000726000000| Untracked |  0
| 181|0x0000000726200000, 0x0000000726400000, 0x0000000726400000|100%| O|Cm|TAMS 0x0000000726200000| PB 0x0000000726200000| Complete |  0
| 182|0x0000000726400000, 0x0000000726600000, 0x0000000726600000|100%| O|  |TAMS 0x0000000726400000| PB 0x0000000726400000| Untracked |  0
| 183|0x0000000726600000, 0x0000000726600000, 0x0000000726800000|  0%| F|  |TAMS 0x0000000726600000| PB 0x0000000726600000| Untracked |  0
| 184|0x0000000726800000, 0x0000000726a00000, 0x0000000726a00000|100%| O|  |TAMS 0x0000000726800000| PB 0x0000000726800000| Untracked |  0
| 185|0x0000000726a00000, 0x0000000726c00000, 0x0000000726c00000|100%| O|  |TAMS 0x0000000726a00000| PB 0x0000000726a00000| Untracked |  0
| 186|0x0000000726c00000, 0x0000000726e00000, 0x0000000726e00000|100%| O|  |TAMS 0x0000000726c00000| PB 0x0000000726c00000| Untracked |  0
| 187|0x0000000726e00000, 0x0000000727000000, 0x0000000727000000|100%| O|  |TAMS 0x0000000726e00000| PB 0x0000000726e00000| Untracked |  0
| 188|0x0000000727000000, 0x0000000727000000, 0x0000000727200000|  0%| F|  |TAMS 0x0000000727000000| PB 0x0000000727000000| Untracked |  0
| 189|0x0000000727200000, 0x0000000727400000, 0x0000000727400000|100%| O|  |TAMS 0x0000000727200000| PB 0x0000000727200000| Untracked |  0
| 190|0x0000000727400000, 0x0000000727600000, 0x0000000727600000|100%| O|  |TAMS 0x0000000727400000| PB 0x0000000727400000| Untracked |  0
| 191|0x0000000727600000, 0x0000000727800000, 0x0000000727800000|100%| O|  |TAMS 0x0000000727600000| PB 0x0000000727600000| Untracked |  0
| 192|0x0000000727800000, 0x0000000727a00000, 0x0000000727a00000|100%| O|  |TAMS 0x0000000727800000| PB 0x0000000727800000| Untracked |  0
| 193|0x0000000727a00000, 0x0000000727a00000, 0x0000000727c00000|  0%| F|  |TAMS 0x0000000727a00000| PB 0x0000000727a00000| Untracked |  0
| 194|0x0000000727c00000, 0x0000000727e00000, 0x0000000727e00000|100%| O|  |TAMS 0x0000000727c00000| PB 0x0000000727c00000| Untracked |  0
| 195|0x0000000727e00000, 0x0000000728000000, 0x0000000728000000|100%| O|  |TAMS 0x0000000727e00000| PB 0x0000000727e00000| Untracked |  0
| 196|0x0000000728000000, 0x0000000728200000, 0x0000000728200000|100%| O|  |TAMS 0x0000000728000000| PB 0x0000000728000000| Untracked |  0
| 197|0x0000000728200000, 0x0000000728400000, 0x0000000728400000|100%| O|  |TAMS 0x0000000728200000| PB 0x0000000728200000| Untracked |  0
| 198|0x0000000728400000, 0x0000000728600000, 0x0000000728600000|100%| O|  |TAMS 0x0000000728400000| PB 0x0000000728400000| Untracked |  0
| 199|0x0000000728600000, 0x0000000728800000, 0x0000000728800000|100%| O|  |TAMS 0x0000000728600000| PB 0x0000000728600000| Untracked |  0
| 200|0x0000000728800000, 0x0000000728a00000, 0x0000000728a00000|100%| O|  |TAMS 0x0000000728800000| PB 0x0000000728800000| Untracked |  0
| 201|0x0000000728a00000, 0x0000000728c00000, 0x0000000728c00000|100%| O|  |TAMS 0x0000000728a00000| PB 0x0000000728a00000| Untracked |  0
| 202|0x0000000728c00000, 0x0000000728e00000, 0x0000000728e00000|100%| O|  |TAMS 0x0000000728c00000| PB 0x0000000728c00000| Untracked |  0
| 203|0x0000000728e00000, 0x0000000728e00000, 0x0000000729000000|  0%| F|  |TAMS 0x0000000728e00000| PB 0x0000000728e00000| Untracked |  0
| 204|0x0000000729000000, 0x0000000729200000, 0x0000000729200000|100%| O|  |TAMS 0x0000000729000000| PB 0x0000000729000000| Untracked |  0
| 205|0x0000000729200000, 0x0000000729400000, 0x0000000729400000|100%| O|  |TAMS 0x0000000729200000| PB 0x0000000729200000| Untracked |  0
| 206|0x0000000729400000, 0x0000000729600000, 0x0000000729600000|100%| O|  |TAMS 0x0000000729400000| PB 0x0000000729400000| Untracked |  0
| 207|0x0000000729600000, 0x0000000729800000, 0x0000000729800000|100%| O|  |TAMS 0x0000000729600000| PB 0x0000000729600000| Untracked |  0
| 208|0x0000000729800000, 0x0000000729a00000, 0x0000000729a00000|100%| O|  |TAMS 0x0000000729800000| PB 0x0000000729800000| Untracked |  0
| 209|0x0000000729a00000, 0x0000000729c00000, 0x0000000729c00000|100%| O|  |TAMS 0x0000000729a00000| PB 0x0000000729a00000| Untracked |  0
| 210|0x0000000729c00000, 0x0000000729e00000, 0x0000000729e00000|100%| O|  |TAMS 0x0000000729c00000| PB 0x0000000729c00000| Untracked |  0
| 211|0x0000000729e00000, 0x000000072a000000, 0x000000072a000000|100%| O|  |TAMS 0x0000000729e00000| PB 0x0000000729e00000| Untracked |  0
| 212|0x000000072a000000, 0x000000072a200000, 0x000000072a200000|100%| O|  |TAMS 0x000000072a000000| PB 0x000000072a000000| Untracked |  0
| 213|0x000000072a200000, 0x000000072a400000, 0x000000072a400000|100%| O|  |TAMS 0x000000072a200000| PB 0x000000072a200000| Untracked |  0
| 214|0x000000072a400000, 0x000000072a600000, 0x000000072a600000|100%| O|  |TAMS 0x000000072a400000| PB 0x000000072a400000| Untracked |  0
| 215|0x000000072a600000, 0x000000072a800000, 0x000000072a800000|100%| O|  |TAMS 0x000000072a600000| PB 0x000000072a600000| Untracked |  0
| 216|0x000000072a800000, 0x000000072aa00000, 0x000000072aa00000|100%| O|  |TAMS 0x000000072a800000| PB 0x000000072a800000| Untracked |  0
| 217|0x000000072aa00000, 0x000000072ac00000, 0x000000072ac00000|100%| O|  |TAMS 0x000000072aa00000| PB 0x000000072aa00000| Untracked |  0
| 218|0x000000072ac00000, 0x000000072ae00000, 0x000000072ae00000|100%| O|  |TAMS 0x000000072ac00000| PB 0x000000072ac00000| Untracked |  0
| 219|0x000000072ae00000, 0x000000072b000000, 0x000000072b000000|100%| O|  |TAMS 0x000000072ae00000| PB 0x000000072ae00000| Untracked |  0
| 220|0x000000072b000000, 0x000000072b000000, 0x000000072b200000|  0%| F|  |TAMS 0x000000072b000000| PB 0x000000072b000000| Untracked |  0
| 221|0x000000072b200000, 0x000000072b400000, 0x000000072b400000|100%| O|  |TAMS 0x000000072b200000| PB 0x000000072b200000| Untracked |  0
| 222|0x000000072b400000, 0x000000072b600000, 0x000000072b600000|100%| O|  |TAMS 0x000000072b400000| PB 0x000000072b400000| Untracked |  0
| 223|0x000000072b600000, 0x000000072b800000, 0x000000072b800000|100%| O|Cm|TAMS 0x000000072b600000| PB 0x000000072b600000| Complete |  0
| 224|0x000000072b800000, 0x000000072b800000, 0x000000072ba00000|  0%| F|  |TAMS 0x000000072b800000| PB 0x000000072b800000| Untracked |  0
| 225|0x000000072ba00000, 0x000000072ba00000, 0x000000072bc00000|  0%| F|  |TAMS 0x000000072ba00000| PB 0x000000072ba00000| Untracked |  0
| 226|0x000000072bc00000, 0x000000072bc00000, 0x000000072be00000|  0%| F|  |TAMS 0x000000072bc00000| PB 0x000000072bc00000| Untracked |  0
| 227|0x000000072be00000, 0x000000072be00000, 0x000000072c000000|  0%| F|  |TAMS 0x000000072be00000| PB 0x000000072be00000| Untracked |  0
| 228|0x000000072c000000, 0x000000072c200000, 0x000000072c200000|100%| O|  |TAMS 0x000000072c000000| PB 0x000000072c000000| Untracked |  0
| 229|0x000000072c200000, 0x000000072c400000, 0x000000072c400000|100%| O|  |TAMS 0x000000072c200000| PB 0x000000072c200000| Untracked |  0
| 230|0x000000072c400000, 0x000000072c600000, 0x000000072c600000|100%| O|Cm|TAMS 0x000000072c400000| PB 0x000000072c400000| Complete |  0
| 231|0x000000072c600000, 0x000000072c800000, 0x000000072c800000|100%| O|Cm|TAMS 0x000000072c600000| PB 0x000000072c600000| Complete |  0
| 232|0x000000072c800000, 0x000000072ca00000, 0x000000072ca00000|100%| O|  |TAMS 0x000000072c800000| PB 0x000000072c800000| Untracked |  0
| 233|0x000000072ca00000, 0x000000072cc00000, 0x000000072cc00000|100%| O|  |TAMS 0x000000072ca00000| PB 0x000000072ca00000| Untracked |  0
| 234|0x000000072cc00000, 0x000000072ce00000, 0x000000072ce00000|100%| O|  |TAMS 0x000000072cc00000| PB 0x000000072cc00000| Untracked |  0
| 235|0x000000072ce00000, 0x000000072d000000, 0x000000072d000000|100%| O|  |TAMS 0x000000072ce00000| PB 0x000000072ce00000| Untracked |  0
| 236|0x000000072d000000, 0x000000072d200000, 0x000000072d200000|100%| O|  |TAMS 0x000000072d000000| PB 0x000000072d000000| Untracked |  0
| 237|0x000000072d200000, 0x000000072d200000, 0x000000072d400000|  0%| F|  |TAMS 0x000000072d200000| PB 0x000000072d200000| Untracked |  0
| 238|0x000000072d400000, 0x000000072d400000, 0x000000072d600000|  0%| F|  |TAMS 0x000000072d400000| PB 0x000000072d400000| Untracked |  0
| 239|0x000000072d600000, 0x000000072d600000, 0x000000072d800000|  0%| F|  |TAMS 0x000000072d600000| PB 0x000000072d600000| Untracked |  0
| 240|0x000000072d800000, 0x000000072da00000, 0x000000072da00000|100%| O|  |TAMS 0x000000072d800000| PB 0x000000072d800000| Untracked |  0
| 241|0x000000072da00000, 0x000000072dc00000, 0x000000072dc00000|100%| O|  |TAMS 0x000000072da00000| PB 0x000000072da00000| Untracked |  0
| 242|0x000000072dc00000, 0x000000072de00000, 0x000000072de00000|100%| O|  |TAMS 0x000000072dc00000| PB 0x000000072dc00000| Untracked |  0
| 243|0x000000072de00000, 0x000000072e000000, 0x000000072e000000|100%| O|  |TAMS 0x000000072de00000| PB 0x000000072de00000| Untracked |  0
| 244|0x000000072e000000, 0x000000072e200000, 0x000000072e200000|100%| O|  |TAMS 0x000000072e000000| PB 0x000000072e000000| Untracked |  0
| 245|0x000000072e200000, 0x000000072e400000, 0x000000072e400000|100%| O|  |TAMS 0x000000072e200000| PB 0x000000072e200000| Untracked |  0
| 246|0x000000072e400000, 0x000000072e600000, 0x000000072e600000|100%| O|  |TAMS 0x000000072e400000| PB 0x000000072e400000| Untracked |  0
| 247|0x000000072e600000, 0x000000072e800000, 0x000000072e800000|100%| O|  |TAMS 0x000000072e600000| PB 0x000000072e600000| Untracked |  0
| 248|0x000000072e800000, 0x000000072ea00000, 0x000000072ea00000|100%| O|  |TAMS 0x000000072e800000| PB 0x000000072e800000| Untracked |  0
| 249|0x000000072ea00000, 0x000000072ea00000, 0x000000072ec00000|  0%| F|  |TAMS 0x000000072ea00000| PB 0x000000072ea00000| Untracked |  0
| 250|0x000000072ec00000, 0x000000072ec00000, 0x000000072ee00000|  0%| F|  |TAMS 0x000000072ec00000| PB 0x000000072ec00000| Untracked |  0
| 251|0x000000072ee00000, 0x000000072ee00000, 0x000000072f000000|  0%| F|  |TAMS 0x000000072ee00000| PB 0x000000072ee00000| Untracked |  0
| 252|0x000000072f000000, 0x000000072f000000, 0x000000072f200000|  0%| F|  |TAMS 0x000000072f000000| PB 0x000000072f000000| Untracked |  0
| 253|0x000000072f200000, 0x000000072f200000, 0x000000072f400000|  0%| F|  |TAMS 0x000000072f200000| PB 0x000000072f200000| Untracked |  0
| 254|0x000000072f400000, 0x000000072f400000, 0x000000072f600000|  0%| F|  |TAMS 0x000000072f400000| PB 0x000000072f400000| Untracked |  0
| 255|0x000000072f600000, 0x000000072f600000, 0x000000072f800000|  0%| F|  |TAMS 0x000000072f600000| PB 0x000000072f600000| Untracked |  0
| 256|0x000000072f800000, 0x000000072fa00000, 0x000000072fa00000|100%| O|  |TAMS 0x000000072f800000| PB 0x000000072f800000| Untracked |  0
| 257|0x000000072fa00000, 0x000000072fc00000, 0x000000072fc00000|100%| O|  |TAMS 0x000000072fa00000| PB 0x000000072fa00000| Untracked |  0
| 258|0x000000072fc00000, 0x000000072fe00000, 0x000000072fe00000|100%| O|  |TAMS 0x000000072fc00000| PB 0x000000072fc00000| Untracked |  0
| 259|0x000000072fe00000, 0x0000000730000000, 0x0000000730000000|100%| O|  |TAMS 0x000000072fe00000| PB 0x000000072fe00000| Untracked |  0
| 260|0x0000000730000000, 0x0000000730200000, 0x0000000730200000|100%| O|  |TAMS 0x0000000730000000| PB 0x0000000730000000| Untracked |  0
| 261|0x0000000730200000, 0x0000000730400000, 0x0000000730400000|100%| O|  |TAMS 0x0000000730200000| PB 0x0000000730200000| Untracked |  0
| 262|0x0000000730400000, 0x0000000730600000, 0x0000000730600000|100%| O|  |TAMS 0x0000000730400000| PB 0x0000000730400000| Untracked |  0
| 263|0x0000000730600000, 0x0000000730800000, 0x0000000730800000|100%| O|  |TAMS 0x0000000730600000| PB 0x0000000730600000| Untracked |  0
| 264|0x0000000730800000, 0x0000000730a00000, 0x0000000730a00000|100%| O|  |TAMS 0x0000000730800000| PB 0x0000000730800000| Untracked |  0
| 265|0x0000000730a00000, 0x0000000730c00000, 0x0000000730c00000|100%| O|  |TAMS 0x0000000730a00000| PB 0x0000000730a00000| Untracked |  0
| 266|0x0000000730c00000, 0x0000000730e00000, 0x0000000730e00000|100%| O|  |TAMS 0x0000000730c00000| PB 0x0000000730c00000| Untracked |  0
| 267|0x0000000730e00000, 0x0000000731000000, 0x0000000731000000|100%| O|  |TAMS 0x0000000730e00000| PB 0x0000000730e00000| Untracked |  0
| 268|0x0000000731000000, 0x0000000731200000, 0x0000000731200000|100%| O|  |TAMS 0x0000000731000000| PB 0x0000000731000000| Untracked |  0
| 269|0x0000000731200000, 0x0000000731400000, 0x0000000731400000|100%| O|  |TAMS 0x0000000731200000| PB 0x0000000731200000| Untracked |  0
| 270|0x0000000731400000, 0x0000000731600000, 0x0000000731600000|100%| O|  |TAMS 0x0000000731400000| PB 0x0000000731400000| Untracked |  0
| 271|0x0000000731600000, 0x0000000731800000, 0x0000000731800000|100%| O|  |TAMS 0x0000000731600000| PB 0x0000000731600000| Untracked |  0
| 272|0x0000000731800000, 0x0000000731a00000, 0x0000000731a00000|100%| O|  |TAMS 0x0000000731800000| PB 0x0000000731800000| Untracked |  0
| 273|0x0000000731a00000, 0x0000000731c00000, 0x0000000731c00000|100%| S|CS|TAMS 0x0000000731a00000| PB 0x0000000731a00000| Complete |  0
| 274|0x0000000731c00000, 0x0000000731e00000, 0x0000000731e00000|100%| S|CS|TAMS 0x0000000731c00000| PB 0x0000000731c00000| Complete |  0
| 275|0x0000000731e00000, 0x0000000732000000, 0x0000000732000000|100%| S|CS|TAMS 0x0000000731e00000| PB 0x0000000731e00000| Complete |  0
| 276|0x0000000732000000, 0x0000000732200000, 0x0000000732200000|100%| S|CS|TAMS 0x0000000732000000| PB 0x0000000732000000| Complete |  0
| 277|0x0000000732200000, 0x0000000732400000, 0x0000000732400000|100%| S|CS|TAMS 0x0000000732200000| PB 0x0000000732200000| Complete |  0
| 278|0x0000000732400000, 0x0000000732600000, 0x0000000732600000|100%| S|CS|TAMS 0x0000000732400000| PB 0x0000000732400000| Complete |  0
| 279|0x0000000732600000, 0x0000000732800000, 0x0000000732800000|100%| S|CS|TAMS 0x0000000732600000| PB 0x0000000732600000| Complete |  0
| 280|0x0000000732800000, 0x0000000732a00000, 0x0000000732a00000|100%| S|CS|TAMS 0x0000000732800000| PB 0x0000000732800000| Complete |  0
| 281|0x0000000732a00000, 0x0000000732a00000, 0x0000000732c00000|  0%| F|  |TAMS 0x0000000732a00000| PB 0x0000000732a00000| Untracked |  0
| 282|0x0000000732c00000, 0x0000000732c00000, 0x0000000732e00000|  0%| F|  |TAMS 0x0000000732c00000| PB 0x0000000732c00000| Untracked |  0
| 283|0x0000000732e00000, 0x0000000732e00000, 0x0000000733000000|  0%| F|  |TAMS 0x0000000732e00000| PB 0x0000000732e00000| Untracked |  0
| 284|0x0000000733000000, 0x0000000733000000, 0x0000000733200000|  0%| F|  |TAMS 0x0000000733000000| PB 0x0000000733000000| Untracked |  0
| 285|0x0000000733200000, 0x0000000733200000, 0x0000000733400000|  0%| F|  |TAMS 0x0000000733200000| PB 0x0000000733200000| Untracked |  0
| 286|0x0000000733400000, 0x0000000733400000, 0x0000000733600000|  0%| F|  |TAMS 0x0000000733400000| PB 0x0000000733400000| Untracked |  0
| 287|0x0000000733600000, 0x0000000733600000, 0x0000000733800000|  0%| F|  |TAMS 0x0000000733600000| PB 0x0000000733600000| Untracked |  0
| 288|0x0000000733800000, 0x0000000733800000, 0x0000000733a00000|  0%| F|  |TAMS 0x0000000733800000| PB 0x0000000733800000| Untracked |  0
| 289|0x0000000733a00000, 0x0000000733a00000, 0x0000000733c00000|  0%| F|  |TAMS 0x0000000733a00000| PB 0x0000000733a00000| Untracked |  0
| 290|0x0000000733c00000, 0x0000000733c00000, 0x0000000733e00000|  0%| F|  |TAMS 0x0000000733c00000| PB 0x0000000733c00000| Untracked |  0
| 291|0x0000000733e00000, 0x0000000733e00000, 0x0000000734000000|  0%| F|  |TAMS 0x0000000733e00000| PB 0x0000000733e00000| Untracked |  0
| 292|0x0000000734000000, 0x0000000734000000, 0x0000000734200000|  0%| F|  |TAMS 0x0000000734000000| PB 0x0000000734000000| Untracked |  0
| 293|0x0000000734200000, 0x0000000734200000, 0x0000000734400000|  0%| F|  |TAMS 0x0000000734200000| PB 0x0000000734200000| Untracked |  0
| 294|0x0000000734400000, 0x0000000734400000, 0x0000000734600000|  0%| F|  |TAMS 0x0000000734400000| PB 0x0000000734400000| Untracked |  0
| 295|0x0000000734600000, 0x0000000734600000, 0x0000000734800000|  0%| F|  |TAMS 0x0000000734600000| PB 0x0000000734600000| Untracked |  0
| 296|0x0000000734800000, 0x0000000734800000, 0x0000000734a00000|  0%| F|  |TAMS 0x0000000734800000| PB 0x0000000734800000| Untracked |  0
| 297|0x0000000734a00000, 0x0000000734a00000, 0x0000000734c00000|  0%| F|  |TAMS 0x0000000734a00000| PB 0x0000000734a00000| Untracked |  0
| 298|0x0000000734c00000, 0x0000000734c00000, 0x0000000734e00000|  0%| F|  |TAMS 0x0000000734c00000| PB 0x0000000734c00000| Untracked |  0
| 299|0x0000000734e00000, 0x0000000734e00000, 0x0000000735000000|  0%| F|  |TAMS 0x0000000734e00000| PB 0x0000000734e00000| Untracked |  0
| 300|0x0000000735000000, 0x0000000735000000, 0x0000000735200000|  0%| F|  |TAMS 0x0000000735000000| PB 0x0000000735000000| Untracked |  0
| 301|0x0000000735200000, 0x0000000735200000, 0x0000000735400000|  0%| F|  |TAMS 0x0000000735200000| PB 0x0000000735200000| Untracked |  0
| 302|0x0000000735400000, 0x0000000735400000, 0x0000000735600000|  0%| F|  |TAMS 0x0000000735400000| PB 0x0000000735400000| Untracked |  0
| 303|0x0000000735600000, 0x0000000735600000, 0x0000000735800000|  0%| F|  |TAMS 0x0000000735600000| PB 0x0000000735600000| Untracked |  0
| 304|0x0000000735800000, 0x0000000735800000, 0x0000000735a00000|  0%| F|  |TAMS 0x0000000735800000| PB 0x0000000735800000| Untracked |  0
| 305|0x0000000735a00000, 0x0000000735a00000, 0x0000000735c00000|  0%| F|  |TAMS 0x0000000735a00000| PB 0x0000000735a00000| Untracked |  0
| 306|0x0000000735c00000, 0x0000000735c00000, 0x0000000735e00000|  0%| F|  |TAMS 0x0000000735c00000| PB 0x0000000735c00000| Untracked |  0
| 307|0x0000000735e00000, 0x0000000735e00000, 0x0000000736000000|  0%| F|  |TAMS 0x0000000735e00000| PB 0x0000000735e00000| Untracked |  0
| 308|0x0000000736000000, 0x0000000736000000, 0x0000000736200000|  0%| F|  |TAMS 0x0000000736000000| PB 0x0000000736000000| Untracked |  0
| 309|0x0000000736200000, 0x0000000736200000, 0x0000000736400000|  0%| F|  |TAMS 0x0000000736200000| PB 0x0000000736200000| Untracked |  0
| 310|0x0000000736400000, 0x0000000736400000, 0x0000000736600000|  0%| F|  |TAMS 0x0000000736400000| PB 0x0000000736400000| Untracked |  0
| 311|0x0000000736600000, 0x0000000736600000, 0x0000000736800000|  0%| F|  |TAMS 0x0000000736600000| PB 0x0000000736600000| Untracked |  0
| 312|0x0000000736800000, 0x0000000736800000, 0x0000000736a00000|  0%| F|  |TAMS 0x0000000736800000| PB 0x0000000736800000| Untracked |  0
| 313|0x0000000736a00000, 0x0000000736a00000, 0x0000000736c00000|  0%| F|  |TAMS 0x0000000736a00000| PB 0x0000000736a00000| Untracked |  0
| 314|0x0000000736c00000, 0x0000000736c00000, 0x0000000736e00000|  0%| F|  |TAMS 0x0000000736c00000| PB 0x0000000736c00000| Untracked |  0
| 315|0x0000000736e00000, 0x0000000736e00000, 0x0000000737000000|  0%| F|  |TAMS 0x0000000736e00000| PB 0x0000000736e00000| Untracked |  0
| 316|0x0000000737000000, 0x0000000737000000, 0x0000000737200000|  0%| F|  |TAMS 0x0000000737000000| PB 0x0000000737000000| Untracked |  0
| 317|0x0000000737200000, 0x0000000737200000, 0x0000000737400000|  0%| F|  |TAMS 0x0000000737200000| PB 0x0000000737200000| Untracked |  0
| 318|0x0000000737400000, 0x0000000737400000, 0x0000000737600000|  0%| F|  |TAMS 0x0000000737400000| PB 0x0000000737400000| Untracked |  0
| 319|0x0000000737600000, 0x0000000737600000, 0x0000000737800000|  0%| F|  |TAMS 0x0000000737600000| PB 0x0000000737600000| Untracked |  0
| 320|0x0000000737800000, 0x0000000737800000, 0x0000000737a00000|  0%| F|  |TAMS 0x0000000737800000| PB 0x0000000737800000| Untracked |  0
| 321|0x0000000737a00000, 0x0000000737a00000, 0x0000000737c00000|  0%| F|  |TAMS 0x0000000737a00000| PB 0x0000000737a00000| Untracked |  0
| 322|0x0000000737c00000, 0x0000000737c00000, 0x0000000737e00000|  0%| F|  |TAMS 0x0000000737c00000| PB 0x0000000737c00000| Untracked |  0
| 323|0x0000000737e00000, 0x0000000737e00000, 0x0000000738000000|  0%| F|  |TAMS 0x0000000737e00000| PB 0x0000000737e00000| Untracked |  0
| 324|0x0000000738000000, 0x0000000738000000, 0x0000000738200000|  0%| F|  |TAMS 0x0000000738000000| PB 0x0000000738000000| Untracked |  0
| 325|0x0000000738200000, 0x0000000738200000, 0x0000000738400000|  0%| F|  |TAMS 0x0000000738200000| PB 0x0000000738200000| Untracked |  0
| 326|0x0000000738400000, 0x0000000738400000, 0x0000000738600000|  0%| F|  |TAMS 0x0000000738400000| PB 0x0000000738400000| Untracked |  0
| 327|0x0000000738600000, 0x0000000738600000, 0x0000000738800000|  0%| F|  |TAMS 0x0000000738600000| PB 0x0000000738600000| Untracked |  0
| 328|0x0000000738800000, 0x0000000738800000, 0x0000000738a00000|  0%| F|  |TAMS 0x0000000738800000| PB 0x0000000738800000| Untracked |  0
| 329|0x0000000738a00000, 0x0000000738a00000, 0x0000000738c00000|  0%| F|  |TAMS 0x0000000738a00000| PB 0x0000000738a00000| Untracked |  0
| 330|0x0000000738c00000, 0x0000000738c00000, 0x0000000738e00000|  0%| F|  |TAMS 0x0000000738c00000| PB 0x0000000738c00000| Untracked |  0
| 331|0x0000000738e00000, 0x0000000738e00000, 0x0000000739000000|  0%| F|  |TAMS 0x0000000738e00000| PB 0x0000000738e00000| Untracked |  0
| 332|0x0000000739000000, 0x0000000739000000, 0x0000000739200000|  0%| F|  |TAMS 0x0000000739000000| PB 0x0000000739000000| Untracked |  0
| 333|0x0000000739200000, 0x0000000739200000, 0x0000000739400000|  0%| F|  |TAMS 0x0000000739200000| PB 0x0000000739200000| Untracked |  0
| 334|0x0000000739400000, 0x0000000739400000, 0x0000000739600000|  0%| F|  |TAMS 0x0000000739400000| PB 0x0000000739400000| Untracked |  0
| 335|0x0000000739600000, 0x0000000739600000, 0x0000000739800000|  0%| F|  |TAMS 0x0000000739600000| PB 0x0000000739600000| Untracked |  0
| 336|0x0000000739800000, 0x0000000739800000, 0x0000000739a00000|  0%| F|  |TAMS 0x0000000739800000| PB 0x0000000739800000| Untracked |  0
| 337|0x0000000739a00000, 0x0000000739a00000, 0x0000000739c00000|  0%| F|  |TAMS 0x0000000739a00000| PB 0x0000000739a00000| Untracked |  0
| 338|0x0000000739c00000, 0x0000000739c00000, 0x0000000739e00000|  0%| F|  |TAMS 0x0000000739c00000| PB 0x0000000739c00000| Untracked |  0
| 339|0x0000000739e00000, 0x0000000739e00000, 0x000000073a000000|  0%| F|  |TAMS 0x0000000739e00000| PB 0x0000000739e00000| Untracked |  0
| 340|0x000000073a000000, 0x000000073a000000, 0x000000073a200000|  0%| F|  |TAMS 0x000000073a000000| PB 0x000000073a000000| Untracked |  0
| 341|0x000000073a200000, 0x000000073a200000, 0x000000073a400000|  0%| F|  |TAMS 0x000000073a200000| PB 0x000000073a200000| Untracked |  0
| 342|0x000000073a400000, 0x000000073a400000, 0x000000073a600000|  0%| F|  |TAMS 0x000000073a400000| PB 0x000000073a400000| Untracked |  0
| 343|0x000000073a600000, 0x000000073a600000, 0x000000073a800000|  0%| F|  |TAMS 0x000000073a600000| PB 0x000000073a600000| Untracked |  0
| 344|0x000000073a800000, 0x000000073a800000, 0x000000073aa00000|  0%| F|  |TAMS 0x000000073a800000| PB 0x000000073a800000| Untracked |  0
| 345|0x000000073aa00000, 0x000000073aa00000, 0x000000073ac00000|  0%| F|  |TAMS 0x000000073aa00000| PB 0x000000073aa00000| Untracked |  0
| 346|0x000000073ac00000, 0x000000073ac00000, 0x000000073ae00000|  0%| F|  |TAMS 0x000000073ac00000| PB 0x000000073ac00000| Untracked |  0
| 347|0x000000073ae00000, 0x000000073ae00000, 0x000000073b000000|  0%| F|  |TAMS 0x000000073ae00000| PB 0x000000073ae00000| Untracked |  0
| 348|0x000000073b000000, 0x000000073b000000, 0x000000073b200000|  0%| F|  |TAMS 0x000000073b000000| PB 0x000000073b000000| Untracked |  0
| 349|0x000000073b200000, 0x000000073b200000, 0x000000073b400000|  0%| F|  |TAMS 0x000000073b200000| PB 0x000000073b200000| Untracked |  0
| 350|0x000000073b400000, 0x000000073b400000, 0x000000073b600000|  0%| F|  |TAMS 0x000000073b400000| PB 0x000000073b400000| Untracked |  0
| 351|0x000000073b600000, 0x000000073b600000, 0x000000073b800000|  0%| F|  |TAMS 0x000000073b600000| PB 0x000000073b600000| Untracked |  0
| 352|0x000000073b800000, 0x000000073b800000, 0x000000073ba00000|  0%| F|  |TAMS 0x000000073b800000| PB 0x000000073b800000| Untracked |  0
| 353|0x000000073ba00000, 0x000000073ba00000, 0x000000073bc00000|  0%| F|  |TAMS 0x000000073ba00000| PB 0x000000073ba00000| Untracked |  0
| 354|0x000000073bc00000, 0x000000073bc00000, 0x000000073be00000|  0%| F|  |TAMS 0x000000073bc00000| PB 0x000000073bc00000| Untracked |  0
| 355|0x000000073be00000, 0x000000073be00000, 0x000000073c000000|  0%| F|  |TAMS 0x000000073be00000| PB 0x000000073be00000| Untracked |  0
| 356|0x000000073c000000, 0x000000073c000000, 0x000000073c200000|  0%| F|  |TAMS 0x000000073c000000| PB 0x000000073c000000| Untracked |  0
| 357|0x000000073c200000, 0x000000073c200000, 0x000000073c400000|  0%| F|  |TAMS 0x000000073c200000| PB 0x000000073c200000| Untracked |  0
| 358|0x000000073c400000, 0x000000073c400000, 0x000000073c600000|  0%| F|  |TAMS 0x000000073c400000| PB 0x000000073c400000| Untracked |  0
| 359|0x000000073c600000, 0x000000073c600000, 0x000000073c800000|  0%| F|  |TAMS 0x000000073c600000| PB 0x000000073c600000| Untracked |  0
| 360|0x000000073c800000, 0x000000073c800000, 0x000000073ca00000|  0%| F|  |TAMS 0x000000073c800000| PB 0x000000073c800000| Untracked |  0
| 361|0x000000073ca00000, 0x000000073ca00000, 0x000000073cc00000|  0%| F|  |TAMS 0x000000073ca00000| PB 0x000000073ca00000| Untracked |  0
| 362|0x000000073cc00000, 0x000000073cc00000, 0x000000073ce00000|  0%| F|  |TAMS 0x000000073cc00000| PB 0x000000073cc00000| Untracked |  0
| 363|0x000000073ce00000, 0x000000073ce00000, 0x000000073d000000|  0%| F|  |TAMS 0x000000073ce00000| PB 0x000000073ce00000| Untracked |  0
| 364|0x000000073d000000, 0x000000073d000000, 0x000000073d200000|  0%| F|  |TAMS 0x000000073d000000| PB 0x000000073d000000| Untracked |  0
| 365|0x000000073d200000, 0x000000073d200000, 0x000000073d400000|  0%| F|  |TAMS 0x000000073d200000| PB 0x000000073d200000| Untracked |  0
| 366|0x000000073d400000, 0x000000073d400000, 0x000000073d600000|  0%| F|  |TAMS 0x000000073d400000| PB 0x000000073d400000| Untracked |  0
| 367|0x000000073d600000, 0x000000073d600000, 0x000000073d800000|  0%| F|  |TAMS 0x000000073d600000| PB 0x000000073d600000| Untracked |  0
| 368|0x000000073d800000, 0x000000073d800000, 0x000000073da00000|  0%| F|  |TAMS 0x000000073d800000| PB 0x000000073d800000| Untracked |  0
| 369|0x000000073da00000, 0x000000073da00000, 0x000000073dc00000|  0%| F|  |TAMS 0x000000073da00000| PB 0x000000073da00000| Untracked |  0
| 370|0x000000073dc00000, 0x000000073dc00000, 0x000000073de00000|  0%| F|  |TAMS 0x000000073dc00000| PB 0x000000073dc00000| Untracked |  0
| 371|0x000000073de00000, 0x000000073de00000, 0x000000073e000000|  0%| F|  |TAMS 0x000000073de00000| PB 0x000000073de00000| Untracked |  0
| 372|0x000000073e000000, 0x000000073e000000, 0x000000073e200000|  0%| F|  |TAMS 0x000000073e000000| PB 0x000000073e000000| Untracked |  0
| 373|0x000000073e200000, 0x000000073e200000, 0x000000073e400000|  0%| F|  |TAMS 0x000000073e200000| PB 0x000000073e200000| Untracked |  0
| 374|0x000000073e400000, 0x000000073e400000, 0x000000073e600000|  0%| F|  |TAMS 0x000000073e400000| PB 0x000000073e400000| Untracked |  0
| 375|0x000000073e600000, 0x000000073e600000, 0x000000073e800000|  0%| F|  |TAMS 0x000000073e600000| PB 0x000000073e600000| Untracked |  0
| 376|0x000000073e800000, 0x000000073e800000, 0x000000073ea00000|  0%| F|  |TAMS 0x000000073e800000| PB 0x000000073e800000| Untracked |  0
| 377|0x000000073ea00000, 0x000000073ea00000, 0x000000073ec00000|  0%| F|  |TAMS 0x000000073ea00000| PB 0x000000073ea00000| Untracked |  0
| 378|0x000000073ec00000, 0x000000073ec00000, 0x000000073ee00000|  0%| F|  |TAMS 0x000000073ec00000| PB 0x000000073ec00000| Untracked |  0
| 379|0x000000073ee00000, 0x000000073ee00000, 0x000000073f000000|  0%| F|  |TAMS 0x000000073ee00000| PB 0x000000073ee00000| Untracked |  0
| 380|0x000000073f000000, 0x000000073f000000, 0x000000073f200000|  0%| F|  |TAMS 0x000000073f000000| PB 0x000000073f000000| Untracked |  0
| 381|0x000000073f200000, 0x000000073f200000, 0x000000073f400000|  0%| F|  |TAMS 0x000000073f200000| PB 0x000000073f200000| Untracked |  0
| 382|0x000000073f400000, 0x000000073f400000, 0x000000073f600000|  0%| F|  |TAMS 0x000000073f400000| PB 0x000000073f400000| Untracked |  0
| 383|0x000000073f600000, 0x000000073f600000, 0x000000073f800000|  0%| F|  |TAMS 0x000000073f600000| PB 0x000000073f600000| Untracked |  0
| 384|0x000000073f800000, 0x000000073f800000, 0x000000073fa00000|  0%| F|  |TAMS 0x000000073f800000| PB 0x000000073f800000| Untracked |  0
| 385|0x000000073fa00000, 0x000000073fa00000, 0x000000073fc00000|  0%| F|  |TAMS 0x000000073fa00000| PB 0x000000073fa00000| Untracked |  0
| 386|0x000000073fc00000, 0x000000073fc00000, 0x000000073fe00000|  0%| F|  |TAMS 0x000000073fc00000| PB 0x000000073fc00000| Untracked |  0
| 387|0x000000073fe00000, 0x000000073fe00000, 0x0000000740000000|  0%| F|  |TAMS 0x000000073fe00000| PB 0x000000073fe00000| Untracked |  0
| 388|0x0000000740000000, 0x0000000740000000, 0x0000000740200000|  0%| F|  |TAMS 0x0000000740000000| PB 0x0000000740000000| Untracked |  0
| 389|0x0000000740200000, 0x0000000740200000, 0x0000000740400000|  0%| F|  |TAMS 0x0000000740200000| PB 0x0000000740200000| Untracked |  0
| 390|0x0000000740400000, 0x0000000740400000, 0x0000000740600000|  0%| F|  |TAMS 0x0000000740400000| PB 0x0000000740400000| Untracked |  0
| 391|0x0000000740600000, 0x0000000740600000, 0x0000000740800000|  0%| F|  |TAMS 0x0000000740600000| PB 0x0000000740600000| Untracked |  0
| 392|0x0000000740800000, 0x0000000740800000, 0x0000000740a00000|  0%| F|  |TAMS 0x0000000740800000| PB 0x0000000740800000| Untracked |  0
| 393|0x0000000740a00000, 0x0000000740a00000, 0x0000000740c00000|  0%| F|  |TAMS 0x0000000740a00000| PB 0x0000000740a00000| Untracked |  0
| 394|0x0000000740c00000, 0x0000000740c00000, 0x0000000740e00000|  0%| F|  |TAMS 0x0000000740c00000| PB 0x0000000740c00000| Untracked |  0
| 395|0x0000000740e00000, 0x0000000740e00000, 0x0000000741000000|  0%| F|  |TAMS 0x0000000740e00000| PB 0x0000000740e00000| Untracked |  0
| 396|0x0000000741000000, 0x0000000741000000, 0x0000000741200000|  0%| F|  |TAMS 0x0000000741000000| PB 0x0000000741000000| Untracked |  0
| 397|0x0000000741200000, 0x0000000741200000, 0x0000000741400000|  0%| F|  |TAMS 0x0000000741200000| PB 0x0000000741200000| Untracked |  0
| 398|0x0000000741400000, 0x0000000741400000, 0x0000000741600000|  0%| F|  |TAMS 0x0000000741400000| PB 0x0000000741400000| Untracked |  0
| 399|0x0000000741600000, 0x0000000741600000, 0x0000000741800000|  0%| F|  |TAMS 0x0000000741600000| PB 0x0000000741600000| Untracked |  0
| 400|0x0000000741800000, 0x0000000741800000, 0x0000000741a00000|  0%| F|  |TAMS 0x0000000741800000| PB 0x0000000741800000| Untracked |  0
| 401|0x0000000741a00000, 0x0000000741a00000, 0x0000000741c00000|  0%| F|  |TAMS 0x0000000741a00000| PB 0x0000000741a00000| Untracked |  0
| 402|0x0000000741c00000, 0x0000000741c00000, 0x0000000741e00000|  0%| F|  |TAMS 0x0000000741c00000| PB 0x0000000741c00000| Untracked |  0
| 403|0x0000000741e00000, 0x0000000741e00000, 0x0000000742000000|  0%| F|  |TAMS 0x0000000741e00000| PB 0x0000000741e00000| Untracked |  0
| 404|0x0000000742000000, 0x0000000742000000, 0x0000000742200000|  0%| F|  |TAMS 0x0000000742000000| PB 0x0000000742000000| Untracked |  0
| 405|0x0000000742200000, 0x0000000742200000, 0x0000000742400000|  0%| F|  |TAMS 0x0000000742200000| PB 0x0000000742200000| Untracked |  0
| 406|0x0000000742400000, 0x0000000742400000, 0x0000000742600000|  0%| F|  |TAMS 0x0000000742400000| PB 0x0000000742400000| Untracked |  0
| 407|0x0000000742600000, 0x0000000742600000, 0x0000000742800000|  0%| F|  |TAMS 0x0000000742600000| PB 0x0000000742600000| Untracked |  0
| 408|0x0000000742800000, 0x0000000742800000, 0x0000000742a00000|  0%| F|  |TAMS 0x0000000742800000| PB 0x0000000742800000| Untracked |  0
| 409|0x0000000742a00000, 0x0000000742a00000, 0x0000000742c00000|  0%| F|  |TAMS 0x0000000742a00000| PB 0x0000000742a00000| Untracked |  0
| 410|0x0000000742c00000, 0x0000000742c00000, 0x0000000742e00000|  0%| F|  |TAMS 0x0000000742c00000| PB 0x0000000742c00000| Untracked |  0
| 411|0x0000000742e00000, 0x0000000742e00000, 0x0000000743000000|  0%| F|  |TAMS 0x0000000742e00000| PB 0x0000000742e00000| Untracked |  0
| 412|0x0000000743000000, 0x0000000743000000, 0x0000000743200000|  0%| F|  |TAMS 0x0000000743000000| PB 0x0000000743000000| Untracked |  0
| 413|0x0000000743200000, 0x0000000743200000, 0x0000000743400000|  0%| F|  |TAMS 0x0000000743200000| PB 0x0000000743200000| Untracked |  0
| 414|0x0000000743400000, 0x0000000743400000, 0x0000000743600000|  0%| F|  |TAMS 0x0000000743400000| PB 0x0000000743400000| Untracked |  0
| 415|0x0000000743600000, 0x0000000743600000, 0x0000000743800000|  0%| F|  |TAMS 0x0000000743600000| PB 0x0000000743600000| Untracked |  0
| 416|0x0000000743800000, 0x0000000743800000, 0x0000000743a00000|  0%| F|  |TAMS 0x0000000743800000| PB 0x0000000743800000| Untracked |  0
| 417|0x0000000743a00000, 0x0000000743a00000, 0x0000000743c00000|  0%| F|  |TAMS 0x0000000743a00000| PB 0x0000000743a00000| Untracked |  0
| 418|0x0000000743c00000, 0x0000000743c00000, 0x0000000743e00000|  0%| F|  |TAMS 0x0000000743c00000| PB 0x0000000743c00000| Untracked |  0
| 419|0x0000000743e00000, 0x0000000743e00000, 0x0000000744000000|  0%| F|  |TAMS 0x0000000743e00000| PB 0x0000000743e00000| Untracked |  0
| 420|0x0000000744000000, 0x0000000744000000, 0x0000000744200000|  0%| F|  |TAMS 0x0000000744000000| PB 0x0000000744000000| Untracked |  0
| 421|0x0000000744200000, 0x0000000744200000, 0x0000000744400000|  0%| F|  |TAMS 0x0000000744200000| PB 0x0000000744200000| Untracked |  0
| 422|0x0000000744400000, 0x0000000744400000, 0x0000000744600000|  0%| F|  |TAMS 0x0000000744400000| PB 0x0000000744400000| Untracked |  0
| 423|0x0000000744600000, 0x0000000744600000, 0x0000000744800000|  0%| F|  |TAMS 0x0000000744600000| PB 0x0000000744600000| Untracked |  0
| 424|0x0000000744800000, 0x0000000744800000, 0x0000000744a00000|  0%| F|  |TAMS 0x0000000744800000| PB 0x0000000744800000| Untracked |  0
| 425|0x0000000744a00000, 0x0000000744a00000, 0x0000000744c00000|  0%| F|  |TAMS 0x0000000744a00000| PB 0x0000000744a00000| Untracked |  0
| 426|0x0000000744c00000, 0x0000000744c00000, 0x0000000744e00000|  0%| F|  |TAMS 0x0000000744c00000| PB 0x0000000744c00000| Untracked |  0
| 427|0x0000000744e00000, 0x0000000744e00000, 0x0000000745000000|  0%| F|  |TAMS 0x0000000744e00000| PB 0x0000000744e00000| Untracked |  0
| 428|0x0000000745000000, 0x0000000745000000, 0x0000000745200000|  0%| F|  |TAMS 0x0000000745000000| PB 0x0000000745000000| Untracked |  0
| 429|0x0000000745200000, 0x0000000745200000, 0x0000000745400000|  0%| F|  |TAMS 0x0000000745200000| PB 0x0000000745200000| Untracked |  0
| 430|0x0000000745400000, 0x0000000745400000, 0x0000000745600000|  0%| F|  |TAMS 0x0000000745400000| PB 0x0000000745400000| Untracked |  0
| 431|0x0000000745600000, 0x0000000745600000, 0x0000000745800000|  0%| F|  |TAMS 0x0000000745600000| PB 0x0000000745600000| Untracked |  0
| 432|0x0000000745800000, 0x0000000745800000, 0x0000000745a00000|  0%| F|  |TAMS 0x0000000745800000| PB 0x0000000745800000| Untracked |  0
| 433|0x0000000745a00000, 0x0000000745a00000, 0x0000000745c00000|  0%| F|  |TAMS 0x0000000745a00000| PB 0x0000000745a00000| Untracked |  0
| 434|0x0000000745c00000, 0x0000000745c00000, 0x0000000745e00000|  0%| F|  |TAMS 0x0000000745c00000| PB 0x0000000745c00000| Untracked |  0
| 435|0x0000000745e00000, 0x0000000745e00000, 0x0000000746000000|  0%| F|  |TAMS 0x0000000745e00000| PB 0x0000000745e00000| Untracked |  0
| 436|0x0000000746000000, 0x0000000746000000, 0x0000000746200000|  0%| F|  |TAMS 0x0000000746000000| PB 0x0000000746000000| Untracked |  0
| 437|0x0000000746200000, 0x0000000746200000, 0x0000000746400000|  0%| F|  |TAMS 0x0000000746200000| PB 0x0000000746200000| Untracked |  0
| 438|0x0000000746400000, 0x0000000746400000, 0x0000000746600000|  0%| F|  |TAMS 0x0000000746400000| PB 0x0000000746400000| Untracked |  0
| 439|0x0000000746600000, 0x0000000746600000, 0x0000000746800000|  0%| F|  |TAMS 0x0000000746600000| PB 0x0000000746600000| Untracked |  0
| 440|0x0000000746800000, 0x0000000746800000, 0x0000000746a00000|  0%| F|  |TAMS 0x0000000746800000| PB 0x0000000746800000| Untracked |  0
| 441|0x0000000746a00000, 0x0000000746a00000, 0x0000000746c00000|  0%| F|  |TAMS 0x0000000746a00000| PB 0x0000000746a00000| Untracked |  0
| 442|0x0000000746c00000, 0x0000000746c00000, 0x0000000746e00000|  0%| F|  |TAMS 0x0000000746c00000| PB 0x0000000746c00000| Untracked |  0
| 443|0x0000000746e00000, 0x0000000746e00000, 0x0000000747000000|  0%| F|  |TAMS 0x0000000746e00000| PB 0x0000000746e00000| Untracked |  0
| 444|0x0000000747000000, 0x0000000747000000, 0x0000000747200000|  0%| F|  |TAMS 0x0000000747000000| PB 0x0000000747000000| Untracked |  0
| 445|0x0000000747200000, 0x0000000747200000, 0x0000000747400000|  0%| F|  |TAMS 0x0000000747200000| PB 0x0000000747200000| Untracked |  0
| 446|0x0000000747400000, 0x0000000747400000, 0x0000000747600000|  0%| F|  |TAMS 0x0000000747400000| PB 0x0000000747400000| Untracked |  0
| 447|0x0000000747600000, 0x0000000747600000, 0x0000000747800000|  0%| F|  |TAMS 0x0000000747600000| PB 0x0000000747600000| Untracked |  0
| 448|0x0000000747800000, 0x0000000747800000, 0x0000000747a00000|  0%| F|  |TAMS 0x0000000747800000| PB 0x0000000747800000| Untracked |  0
| 449|0x0000000747a00000, 0x0000000747a00000, 0x0000000747c00000|  0%| F|  |TAMS 0x0000000747a00000| PB 0x0000000747a00000| Untracked |  0
| 450|0x0000000747c00000, 0x0000000747c00000, 0x0000000747e00000|  0%| F|  |TAMS 0x0000000747c00000| PB 0x0000000747c00000| Untracked |  0
| 451|0x0000000747e00000, 0x0000000747e00000, 0x0000000748000000|  0%| F|  |TAMS 0x0000000747e00000| PB 0x0000000747e00000| Untracked |  0
| 452|0x0000000748000000, 0x0000000748000000, 0x0000000748200000|  0%| F|  |TAMS 0x0000000748000000| PB 0x0000000748000000| Untracked |  0
| 453|0x0000000748200000, 0x0000000748200000, 0x0000000748400000|  0%| F|  |TAMS 0x0000000748200000| PB 0x0000000748200000| Untracked |  0
| 454|0x0000000748400000, 0x0000000748400000, 0x0000000748600000|  0%| F|  |TAMS 0x0000000748400000| PB 0x0000000748400000| Untracked |  0
| 455|0x0000000748600000, 0x0000000748600000, 0x0000000748800000|  0%| F|  |TAMS 0x0000000748600000| PB 0x0000000748600000| Untracked |  0
| 456|0x0000000748800000, 0x0000000748800000, 0x0000000748a00000|  0%| F|  |TAMS 0x0000000748800000| PB 0x0000000748800000| Untracked |  0
| 457|0x0000000748a00000, 0x0000000748a00000, 0x0000000748c00000|  0%| F|  |TAMS 0x0000000748a00000| PB 0x0000000748a00000| Untracked |  0
| 458|0x0000000748c00000, 0x0000000748c00000, 0x0000000748e00000|  0%| F|  |TAMS 0x0000000748c00000| PB 0x0000000748c00000| Untracked |  0
| 459|0x0000000748e00000, 0x0000000748e00000, 0x0000000749000000|  0%| F|  |TAMS 0x0000000748e00000| PB 0x0000000748e00000| Untracked |  0
| 460|0x0000000749000000, 0x0000000749000000, 0x0000000749200000|  0%| F|  |TAMS 0x0000000749000000| PB 0x0000000749000000| Untracked |  0
| 461|0x0000000749200000, 0x0000000749200000, 0x0000000749400000|  0%| F|  |TAMS 0x0000000749200000| PB 0x0000000749200000| Untracked |  0
| 462|0x0000000749400000, 0x0000000749400000, 0x0000000749600000|  0%| F|  |TAMS 0x0000000749400000| PB 0x0000000749400000| Untracked |  0
| 463|0x0000000749600000, 0x0000000749600000, 0x0000000749800000|  0%| F|  |TAMS 0x0000000749600000| PB 0x0000000749600000| Untracked |  0
| 464|0x0000000749800000, 0x0000000749800000, 0x0000000749a00000|  0%| F|  |TAMS 0x0000000749800000| PB 0x0000000749800000| Untracked |  0
| 465|0x0000000749a00000, 0x0000000749a00000, 0x0000000749c00000|  0%| F|  |TAMS 0x0000000749a00000| PB 0x0000000749a00000| Untracked |  0
| 466|0x0000000749c00000, 0x0000000749c00000, 0x0000000749e00000|  0%| F|  |TAMS 0x0000000749c00000| PB 0x0000000749c00000| Untracked |  0
| 467|0x0000000749e00000, 0x0000000749e00000, 0x000000074a000000|  0%| F|  |TAMS 0x0000000749e00000| PB 0x0000000749e00000| Untracked |  0
| 468|0x000000074a000000, 0x000000074a000000, 0x000000074a200000|  0%| F|  |TAMS 0x000000074a000000| PB 0x000000074a000000| Untracked |  0
| 469|0x000000074a200000, 0x000000074a200000, 0x000000074a400000|  0%| F|  |TAMS 0x000000074a200000| PB 0x000000074a200000| Untracked |  0
| 470|0x000000074a400000, 0x000000074a400000, 0x000000074a600000|  0%| F|  |TAMS 0x000000074a400000| PB 0x000000074a400000| Untracked |  0
| 471|0x000000074a600000, 0x000000074a600000, 0x000000074a800000|  0%| F|  |TAMS 0x000000074a600000| PB 0x000000074a600000| Untracked |  0
| 472|0x000000074a800000, 0x000000074a800000, 0x000000074aa00000|  0%| F|  |TAMS 0x000000074a800000| PB 0x000000074a800000| Untracked |  0
| 473|0x000000074aa00000, 0x000000074aa00000, 0x000000074ac00000|  0%| F|  |TAMS 0x000000074aa00000| PB 0x000000074aa00000| Untracked |  0
| 474|0x000000074ac00000, 0x000000074ac00000, 0x000000074ae00000|  0%| F|  |TAMS 0x000000074ac00000| PB 0x000000074ac00000| Untracked |  0
| 475|0x000000074ae00000, 0x000000074ae00000, 0x000000074b000000|  0%| F|  |TAMS 0x000000074ae00000| PB 0x000000074ae00000| Untracked |  0
| 476|0x000000074b000000, 0x000000074b000000, 0x000000074b200000|  0%| F|  |TAMS 0x000000074b000000| PB 0x000000074b000000| Untracked |  0
| 477|0x000000074b200000, 0x000000074b200000, 0x000000074b400000|  0%| F|  |TAMS 0x000000074b200000| PB 0x000000074b200000| Untracked |  0
| 478|0x000000074b400000, 0x000000074b400000, 0x000000074b600000|  0%| F|  |TAMS 0x000000074b400000| PB 0x000000074b400000| Untracked |  0
| 479|0x000000074b600000, 0x000000074b600000, 0x000000074b800000|  0%| F|  |TAMS 0x000000074b600000| PB 0x000000074b600000| Untracked |  0
| 480|0x000000074b800000, 0x000000074b800000, 0x000000074ba00000|  0%| F|  |TAMS 0x000000074b800000| PB 0x000000074b800000| Untracked |  0
| 481|0x000000074ba00000, 0x000000074ba00000, 0x000000074bc00000|  0%| F|  |TAMS 0x000000074ba00000| PB 0x000000074ba00000| Untracked |  0
| 482|0x000000074bc00000, 0x000000074bc00000, 0x000000074be00000|  0%| F|  |TAMS 0x000000074bc00000| PB 0x000000074bc00000| Untracked |  0
| 483|0x000000074be00000, 0x000000074be00000, 0x000000074c000000|  0%| F|  |TAMS 0x000000074be00000| PB 0x000000074be00000| Untracked |  0
| 484|0x000000074c000000, 0x000000074c000000, 0x000000074c200000|  0%| F|  |TAMS 0x000000074c000000| PB 0x000000074c000000| Untracked |  0
| 485|0x000000074c200000, 0x000000074c200000, 0x000000074c400000|  0%| F|  |TAMS 0x000000074c200000| PB 0x000000074c200000| Untracked |  0
| 486|0x000000074c400000, 0x000000074c400000, 0x000000074c600000|  0%| F|  |TAMS 0x000000074c400000| PB 0x000000074c400000| Untracked |  0
| 487|0x000000074c600000, 0x000000074c600000, 0x000000074c800000|  0%| F|  |TAMS 0x000000074c600000| PB 0x000000074c600000| Untracked |  0
| 488|0x000000074c800000, 0x000000074c800000, 0x000000074ca00000|  0%| F|  |TAMS 0x000000074c800000| PB 0x000000074c800000| Untracked |  0
| 489|0x000000074ca00000, 0x000000074ca00000, 0x000000074cc00000|  0%| F|  |TAMS 0x000000074ca00000| PB 0x000000074ca00000| Untracked |  0
| 490|0x000000074cc00000, 0x000000074cc00000, 0x000000074ce00000|  0%| F|  |TAMS 0x000000074cc00000| PB 0x000000074cc00000| Untracked |  0
| 491|0x000000074ce00000, 0x000000074ce00000, 0x000000074d000000|  0%| F|  |TAMS 0x000000074ce00000| PB 0x000000074ce00000| Untracked |  0
| 492|0x000000074d000000, 0x000000074d000000, 0x000000074d200000|  0%| F|  |TAMS 0x000000074d000000| PB 0x000000074d000000| Untracked |  0
| 493|0x000000074d200000, 0x000000074d200000, 0x000000074d400000|  0%| F|  |TAMS 0x000000074d200000| PB 0x000000074d200000| Untracked |  0
| 494|0x000000074d400000, 0x000000074d400000, 0x000000074d600000|  0%| F|  |TAMS 0x000000074d400000| PB 0x000000074d400000| Untracked |  0
| 495|0x000000074d600000, 0x000000074d600000, 0x000000074d800000|  0%| F|  |TAMS 0x000000074d600000| PB 0x000000074d600000| Untracked |  0
| 496|0x000000074d800000, 0x000000074d800000, 0x000000074da00000|  0%| F|  |TAMS 0x000000074d800000| PB 0x000000074d800000| Untracked |  0
| 497|0x000000074da00000, 0x000000074da00000, 0x000000074dc00000|  0%| F|  |TAMS 0x000000074da00000| PB 0x000000074da00000| Untracked |  0
| 498|0x000000074dc00000, 0x000000074dc00000, 0x000000074de00000|  0%| F|  |TAMS 0x000000074dc00000| PB 0x000000074dc00000| Untracked |  0
| 499|0x000000074de00000, 0x000000074de00000, 0x000000074e000000|  0%| F|  |TAMS 0x000000074de00000| PB 0x000000074de00000| Untracked |  0
| 500|0x000000074e000000, 0x000000074e000000, 0x000000074e200000|  0%| F|  |TAMS 0x000000074e000000| PB 0x000000074e000000| Untracked |  0
| 501|0x000000074e200000, 0x000000074e200000, 0x000000074e400000|  0%| F|  |TAMS 0x000000074e200000| PB 0x000000074e200000| Untracked |  0
| 502|0x000000074e400000, 0x000000074e400000, 0x000000074e600000|  0%| F|  |TAMS 0x000000074e400000| PB 0x000000074e400000| Untracked |  0
| 503|0x000000074e600000, 0x000000074e600000, 0x000000074e800000|  0%| F|  |TAMS 0x000000074e600000| PB 0x000000074e600000| Untracked |  0
| 504|0x000000074e800000, 0x000000074e800000, 0x000000074ea00000|  0%| F|  |TAMS 0x000000074e800000| PB 0x000000074e800000| Untracked |  0
| 505|0x000000074ea00000, 0x000000074ea00000, 0x000000074ec00000|  0%| F|  |TAMS 0x000000074ea00000| PB 0x000000074ea00000| Untracked |  0
| 506|0x000000074ec00000, 0x000000074ee00000, 0x000000074ee00000|100%| S|CS|TAMS 0x000000074ec00000| PB 0x000000074ec00000| Complete |  0
| 507|0x000000074ee00000, 0x000000074f000000, 0x000000074f000000|100%| S|CS|TAMS 0x000000074ee00000| PB 0x000000074ee00000| Complete |  0
| 508|0x000000074f000000, 0x000000074f200000, 0x000000074f200000|100%| S|CS|TAMS 0x000000074f000000| PB 0x000000074f000000| Complete |  0
| 509|0x000000074f200000, 0x000000074f400000, 0x000000074f400000|100%| S|CS|TAMS 0x000000074f200000| PB 0x000000074f200000| Complete |  0
| 510|0x000000074f400000, 0x000000074f600000, 0x000000074f600000|100%| S|CS|TAMS 0x000000074f400000| PB 0x000000074f400000| Complete |  0
| 511|0x000000074f600000, 0x000000074f800000, 0x000000074f800000|100%| S|CS|TAMS 0x000000074f600000| PB 0x000000074f600000| Complete |  0
| 512|0x000000074f800000, 0x000000074fa00000, 0x000000074fa00000|100%| S|CS|TAMS 0x000000074f800000| PB 0x000000074f800000| Complete |  0
| 513|0x000000074fa00000, 0x000000074fc00000, 0x000000074fc00000|100%| S|CS|TAMS 0x000000074fa00000| PB 0x000000074fa00000| Complete |  0
| 514|0x000000074fc00000, 0x000000074fe00000, 0x000000074fe00000|100%| S|CS|TAMS 0x000000074fc00000| PB 0x000000074fc00000| Complete |  0
| 515|0x000000074fe00000, 0x0000000750000000, 0x0000000750000000|100%| S|CS|TAMS 0x000000074fe00000| PB 0x000000074fe00000| Complete |  0
| 516|0x0000000750000000, 0x0000000750200000, 0x0000000750200000|100%| S|CS|TAMS 0x0000000750000000| PB 0x0000000750000000| Complete |  0
| 517|0x0000000750200000, 0x0000000750400000, 0x0000000750400000|100%| S|CS|TAMS 0x0000000750200000| PB 0x0000000750200000| Complete |  0
| 518|0x0000000750400000, 0x0000000750600000, 0x0000000750600000|100%| S|CS|TAMS 0x0000000750400000| PB 0x0000000750400000| Complete |  0
| 519|0x0000000750600000, 0x0000000750800000, 0x0000000750800000|100%| S|CS|TAMS 0x0000000750600000| PB 0x0000000750600000| Complete |  0
| 520|0x0000000750800000, 0x0000000750900000, 0x0000000750a00000| 50%| S|CS|TAMS 0x0000000750800000| PB 0x0000000750800000| Complete |  0
| 521|0x0000000750a00000, 0x0000000750a00000, 0x0000000750c00000|  0%| F|  |TAMS 0x0000000750a00000| PB 0x0000000750a00000| Untracked |  0
| 522|0x0000000750c00000, 0x0000000750c00000, 0x0000000750e00000|  0%| F|  |TAMS 0x0000000750c00000| PB 0x0000000750c00000| Untracked |  0
| 523|0x0000000750e00000, 0x0000000750e00000, 0x0000000751000000|  0%| F|  |TAMS 0x0000000750e00000| PB 0x0000000750e00000| Untracked |  0
| 524|0x0000000751000000, 0x0000000751000000, 0x0000000751200000|  0%| F|  |TAMS 0x0000000751000000| PB 0x0000000751000000| Untracked |  0
| 525|0x0000000751200000, 0x0000000751200000, 0x0000000751400000|  0%| F|  |TAMS 0x0000000751200000| PB 0x0000000751200000| Untracked |  0
| 526|0x0000000751400000, 0x0000000751400000, 0x0000000751600000|  0%| F|  |TAMS 0x0000000751400000| PB 0x0000000751400000| Untracked |  0
| 527|0x0000000751600000, 0x0000000751600000, 0x0000000751800000|  0%| F|  |TAMS 0x0000000751600000| PB 0x0000000751600000| Untracked |  0
| 528|0x0000000751800000, 0x0000000751800000, 0x0000000751a00000|  0%| F|  |TAMS 0x0000000751800000| PB 0x0000000751800000| Untracked |  0
| 529|0x0000000751a00000, 0x0000000751a00000, 0x0000000751c00000|  0%| F|  |TAMS 0x0000000751a00000| PB 0x0000000751a00000| Untracked |  0
| 530|0x0000000751c00000, 0x0000000751c00000, 0x0000000751e00000|  0%| F|  |TAMS 0x0000000751c00000| PB 0x0000000751c00000| Untracked |  0
| 531|0x0000000751e00000, 0x0000000751e00000, 0x0000000752000000|  0%| F|  |TAMS 0x0000000751e00000| PB 0x0000000751e00000| Untracked |  0
| 532|0x0000000752000000, 0x0000000752000000, 0x0000000752200000|  0%| F|  |TAMS 0x0000000752000000| PB 0x0000000752000000| Untracked |  0
| 533|0x0000000752200000, 0x0000000752200000, 0x0000000752400000|  0%| F|  |TAMS 0x0000000752200000| PB 0x0000000752200000| Untracked |  0
| 534|0x0000000752400000, 0x0000000752400000, 0x0000000752600000|  0%| F|  |TAMS 0x0000000752400000| PB 0x0000000752400000| Untracked |  0
| 535|0x0000000752600000, 0x0000000752600000, 0x0000000752800000|  0%| F|  |TAMS 0x0000000752600000| PB 0x0000000752600000| Untracked |  0
| 536|0x0000000752800000, 0x0000000752800000, 0x0000000752a00000|  0%| F|  |TAMS 0x0000000752800000| PB 0x0000000752800000| Untracked |  0
| 537|0x0000000752a00000, 0x0000000752a00000, 0x0000000752c00000|  0%| F|  |TAMS 0x0000000752a00000| PB 0x0000000752a00000| Untracked |  0
| 538|0x0000000752c00000, 0x0000000752c00000, 0x0000000752e00000|  0%| F|  |TAMS 0x0000000752c00000| PB 0x0000000752c00000| Untracked |  0
| 539|0x0000000752e00000, 0x0000000752e00000, 0x0000000753000000|  0%| F|  |TAMS 0x0000000752e00000| PB 0x0000000752e00000| Untracked |  0
| 540|0x0000000753000000, 0x0000000753000000, 0x0000000753200000|  0%| F|  |TAMS 0x0000000753000000| PB 0x0000000753000000| Untracked |  0
| 541|0x0000000753200000, 0x0000000753200000, 0x0000000753400000|  0%| F|  |TAMS 0x0000000753200000| PB 0x0000000753200000| Untracked |  0
| 542|0x0000000753400000, 0x0000000753400000, 0x0000000753600000|  0%| F|  |TAMS 0x0000000753400000| PB 0x0000000753400000| Untracked |  0
| 543|0x0000000753600000, 0x0000000753600000, 0x0000000753800000|  0%| F|  |TAMS 0x0000000753600000| PB 0x0000000753600000| Untracked |  0
| 544|0x0000000753800000, 0x0000000753800000, 0x0000000753a00000|  0%| F|  |TAMS 0x0000000753800000| PB 0x0000000753800000| Untracked |  0
| 545|0x0000000753a00000, 0x0000000753a00000, 0x0000000753c00000|  0%| F|  |TAMS 0x0000000753a00000| PB 0x0000000753a00000| Untracked |  0
| 546|0x0000000753c00000, 0x0000000753c00000, 0x0000000753e00000|  0%| F|  |TAMS 0x0000000753c00000| PB 0x0000000753c00000| Untracked |  0
| 547|0x0000000753e00000, 0x0000000753e00000, 0x0000000754000000|  0%| F|  |TAMS 0x0000000753e00000| PB 0x0000000753e00000| Untracked |  0
| 548|0x0000000754000000, 0x0000000754000000, 0x0000000754200000|  0%| F|  |TAMS 0x0000000754000000| PB 0x0000000754000000| Untracked |  0
| 549|0x0000000754200000, 0x0000000754200000, 0x0000000754400000|  0%| F|  |TAMS 0x0000000754200000| PB 0x0000000754200000| Untracked |  0
| 550|0x0000000754400000, 0x0000000754400000, 0x0000000754600000|  0%| F|  |TAMS 0x0000000754400000| PB 0x0000000754400000| Untracked |  0
| 551|0x0000000754600000, 0x0000000754600000, 0x0000000754800000|  0%| F|  |TAMS 0x0000000754600000| PB 0x0000000754600000| Untracked |  0
| 552|0x0000000754800000, 0x0000000754800000, 0x0000000754a00000|  0%| F|  |TAMS 0x0000000754800000| PB 0x0000000754800000| Untracked |  0
| 553|0x0000000754a00000, 0x0000000754a00000, 0x0000000754c00000|  0%| F|  |TAMS 0x0000000754a00000| PB 0x0000000754a00000| Untracked |  0
| 554|0x0000000754c00000, 0x0000000754c00000, 0x0000000754e00000|  0%| F|  |TAMS 0x0000000754c00000| PB 0x0000000754c00000| Untracked |  0
| 555|0x0000000754e00000, 0x0000000754e00000, 0x0000000755000000|  0%| F|  |TAMS 0x0000000754e00000| PB 0x0000000754e00000| Untracked |  0
| 556|0x0000000755000000, 0x0000000755000000, 0x0000000755200000|  0%| F|  |TAMS 0x0000000755000000| PB 0x0000000755000000| Untracked |  0
| 557|0x0000000755200000, 0x0000000755200000, 0x0000000755400000|  0%| F|  |TAMS 0x0000000755200000| PB 0x0000000755200000| Untracked |  0
| 558|0x0000000755400000, 0x0000000755400000, 0x0000000755600000|  0%| F|  |TAMS 0x0000000755400000| PB 0x0000000755400000| Untracked |  0
| 559|0x0000000755600000, 0x0000000755600000, 0x0000000755800000|  0%| F|  |TAMS 0x0000000755600000| PB 0x0000000755600000| Untracked |  0
| 560|0x0000000755800000, 0x0000000755800000, 0x0000000755a00000|  0%| F|  |TAMS 0x0000000755800000| PB 0x0000000755800000| Untracked |  0
| 561|0x0000000755a00000, 0x0000000755a00000, 0x0000000755c00000|  0%| F|  |TAMS 0x0000000755a00000| PB 0x0000000755a00000| Untracked |  0
| 562|0x0000000755c00000, 0x0000000755c00000, 0x0000000755e00000|  0%| F|  |TAMS 0x0000000755c00000| PB 0x0000000755c00000| Untracked |  0
| 563|0x0000000755e00000, 0x0000000755e00000, 0x0000000756000000|  0%| F|  |TAMS 0x0000000755e00000| PB 0x0000000755e00000| Untracked |  0
| 564|0x0000000756000000, 0x0000000756000000, 0x0000000756200000|  0%| F|  |TAMS 0x0000000756000000| PB 0x0000000756000000| Untracked |  0
| 565|0x0000000756200000, 0x0000000756200000, 0x0000000756400000|  0%| F|  |TAMS 0x0000000756200000| PB 0x0000000756200000| Untracked |  0
| 566|0x0000000756400000, 0x0000000756400000, 0x0000000756600000|  0%| F|  |TAMS 0x0000000756400000| PB 0x0000000756400000| Untracked |  0
| 567|0x0000000756600000, 0x0000000756600000, 0x0000000756800000|  0%| F|  |TAMS 0x0000000756600000| PB 0x0000000756600000| Untracked |  0
| 568|0x0000000756800000, 0x0000000756800000, 0x0000000756a00000|  0%| F|  |TAMS 0x0000000756800000| PB 0x0000000756800000| Untracked |  0
| 569|0x0000000756a00000, 0x0000000756a00000, 0x0000000756c00000|  0%| F|  |TAMS 0x0000000756a00000| PB 0x0000000756a00000| Untracked |  0
| 570|0x0000000756c00000, 0x0000000756c00000, 0x0000000756e00000|  0%| F|  |TAMS 0x0000000756c00000| PB 0x0000000756c00000| Untracked |  0
| 571|0x0000000756e00000, 0x0000000756e00000, 0x0000000757000000|  0%| F|  |TAMS 0x0000000756e00000| PB 0x0000000756e00000| Untracked |  0
| 572|0x0000000757000000, 0x0000000757000000, 0x0000000757200000|  0%| F|  |TAMS 0x0000000757000000| PB 0x0000000757000000| Untracked |  0
| 573|0x0000000757200000, 0x0000000757200000, 0x0000000757400000|  0%| F|  |TAMS 0x0000000757200000| PB 0x0000000757200000| Untracked |  0
| 574|0x0000000757400000, 0x0000000757400000, 0x0000000757600000|  0%| F|  |TAMS 0x0000000757400000| PB 0x0000000757400000| Untracked |  0
| 575|0x0000000757600000, 0x0000000757600000, 0x0000000757800000|  0%| F|  |TAMS 0x0000000757600000| PB 0x0000000757600000| Untracked |  0
| 576|0x0000000757800000, 0x0000000757800000, 0x0000000757a00000|  0%| F|  |TAMS 0x0000000757800000| PB 0x0000000757800000| Untracked |  0
| 577|0x0000000757a00000, 0x0000000757af7788, 0x0000000757c00000| 48%| E|  |TAMS 0x0000000757a00000| PB 0x0000000757a00000| Complete |  0
| 578|0x0000000757c00000, 0x0000000757e00000, 0x0000000757e00000|100%| E|CS|TAMS 0x0000000757c00000| PB 0x0000000757c00000| Complete |  0
| 579|0x0000000757e00000, 0x0000000758000000, 0x0000000758000000|100%| E|CS|TAMS 0x0000000757e00000| PB 0x0000000757e00000| Complete |  0
| 580|0x0000000758000000, 0x0000000758200000, 0x0000000758200000|100%| E|CS|TAMS 0x0000000758000000| PB 0x0000000758000000| Complete |  0
| 581|0x0000000758200000, 0x0000000758400000, 0x0000000758400000|100%| E|CS|TAMS 0x0000000758200000| PB 0x0000000758200000| Complete |  0
| 582|0x0000000758400000, 0x0000000758600000, 0x0000000758600000|100%| E|CS|TAMS 0x0000000758400000| PB 0x0000000758400000| Complete |  0
| 583|0x0000000758600000, 0x0000000758800000, 0x0000000758800000|100%| E|CS|TAMS 0x0000000758600000| PB 0x0000000758600000| Complete |  0
| 584|0x0000000758800000, 0x0000000758a00000, 0x0000000758a00000|100%| E|CS|TAMS 0x0000000758800000| PB 0x0000000758800000| Complete |  0
| 585|0x0000000758a00000, 0x0000000758c00000, 0x0000000758c00000|100%| E|CS|TAMS 0x0000000758a00000| PB 0x0000000758a00000| Complete |  0
| 586|0x0000000758c00000, 0x0000000758e00000, 0x0000000758e00000|100%| E|CS|TAMS 0x0000000758c00000| PB 0x0000000758c00000| Complete |  0
| 587|0x0000000758e00000, 0x0000000759000000, 0x0000000759000000|100%| E|CS|TAMS 0x0000000758e00000| PB 0x0000000758e00000| Complete |  0
| 588|0x0000000759000000, 0x0000000759200000, 0x0000000759200000|100%| E|CS|TAMS 0x0000000759000000| PB 0x0000000759000000| Complete |  0
| 589|0x0000000759200000, 0x0000000759400000, 0x0000000759400000|100%| E|CS|TAMS 0x0000000759200000| PB 0x0000000759200000| Complete |  0
| 590|0x0000000759400000, 0x0000000759600000, 0x0000000759600000|100%| E|CS|TAMS 0x0000000759400000| PB 0x0000000759400000| Complete |  0
| 591|0x0000000759600000, 0x0000000759800000, 0x0000000759800000|100%| E|CS|TAMS 0x0000000759600000| PB 0x0000000759600000| Complete |  0
| 592|0x0000000759800000, 0x0000000759a00000, 0x0000000759a00000|100%| E|CS|TAMS 0x0000000759800000| PB 0x0000000759800000| Complete |  0
| 593|0x0000000759a00000, 0x0000000759c00000, 0x0000000759c00000|100%| E|CS|TAMS 0x0000000759a00000| PB 0x0000000759a00000| Complete |  0
| 594|0x0000000759c00000, 0x0000000759e00000, 0x0000000759e00000|100%| E|CS|TAMS 0x0000000759c00000| PB 0x0000000759c00000| Complete |  0
| 595|0x0000000759e00000, 0x000000075a000000, 0x000000075a000000|100%| E|CS|TAMS 0x0000000759e00000| PB 0x0000000759e00000| Complete |  0
| 596|0x000000075a000000, 0x000000075a200000, 0x000000075a200000|100%| E|CS|TAMS 0x000000075a000000| PB 0x000000075a000000| Complete |  0
| 597|0x000000075a200000, 0x000000075a400000, 0x000000075a400000|100%| E|CS|TAMS 0x000000075a200000| PB 0x000000075a200000| Complete |  0
| 598|0x000000075a400000, 0x000000075a600000, 0x000000075a600000|100%| E|CS|TAMS 0x000000075a400000| PB 0x000000075a400000| Complete |  0
| 599|0x000000075a600000, 0x000000075a800000, 0x000000075a800000|100%| E|CS|TAMS 0x000000075a600000| PB 0x000000075a600000| Complete |  0
| 600|0x000000075a800000, 0x000000075aa00000, 0x000000075aa00000|100%| E|CS|TAMS 0x000000075a800000| PB 0x000000075a800000| Complete |  0
| 601|0x000000075aa00000, 0x000000075ac00000, 0x000000075ac00000|100%| E|CS|TAMS 0x000000075aa00000| PB 0x000000075aa00000| Complete |  0
| 602|0x000000075ac00000, 0x000000075ae00000, 0x000000075ae00000|100%| E|CS|TAMS 0x000000075ac00000| PB 0x000000075ac00000| Complete |  0
| 603|0x000000075ae00000, 0x000000075b000000, 0x000000075b000000|100%| E|CS|TAMS 0x000000075ae00000| PB 0x000000075ae00000| Complete |  0
| 604|0x000000075b000000, 0x000000075b200000, 0x000000075b200000|100%| E|CS|TAMS 0x000000075b000000| PB 0x000000075b000000| Complete |  0
| 605|0x000000075b200000, 0x000000075b400000, 0x000000075b400000|100%| E|CS|TAMS 0x000000075b200000| PB 0x000000075b200000| Complete |  0
| 606|0x000000075b400000, 0x000000075b600000, 0x000000075b600000|100%| E|CS|TAMS 0x000000075b400000| PB 0x000000075b400000| Complete |  0
| 607|0x000000075b600000, 0x000000075b800000, 0x000000075b800000|100%| E|CS|TAMS 0x000000075b600000| PB 0x000000075b600000| Complete |  0
| 608|0x000000075b800000, 0x000000075ba00000, 0x000000075ba00000|100%| E|CS|TAMS 0x000000075b800000| PB 0x000000075b800000| Complete |  0
| 609|0x000000075ba00000, 0x000000075bc00000, 0x000000075bc00000|100%| E|CS|TAMS 0x000000075ba00000| PB 0x000000075ba00000| Complete |  0
| 610|0x000000075bc00000, 0x000000075be00000, 0x000000075be00000|100%| E|CS|TAMS 0x000000075bc00000| PB 0x000000075bc00000| Complete |  0
| 611|0x000000075be00000, 0x000000075c000000, 0x000000075c000000|100%| E|CS|TAMS 0x000000075be00000| PB 0x000000075be00000| Complete |  0
| 612|0x000000075c000000, 0x000000075c200000, 0x000000075c200000|100%| E|CS|TAMS 0x000000075c000000| PB 0x000000075c000000| Complete |  0
| 613|0x000000075c200000, 0x000000075c400000, 0x000000075c400000|100%| E|CS|TAMS 0x000000075c200000| PB 0x000000075c200000| Complete |  0
| 614|0x000000075c400000, 0x000000075c600000, 0x000000075c600000|100%| E|CS|TAMS 0x000000075c400000| PB 0x000000075c400000| Complete |  0
| 615|0x000000075c600000, 0x000000075c800000, 0x000000075c800000|100%| E|CS|TAMS 0x000000075c600000| PB 0x000000075c600000| Complete |  0
| 616|0x000000075c800000, 0x000000075ca00000, 0x000000075ca00000|100%| E|CS|TAMS 0x000000075c800000| PB 0x000000075c800000| Complete |  0
| 617|0x000000075ca00000, 0x000000075cc00000, 0x000000075cc00000|100%| E|CS|TAMS 0x000000075ca00000| PB 0x000000075ca00000| Complete |  0
| 618|0x000000075cc00000, 0x000000075ce00000, 0x000000075ce00000|100%| E|CS|TAMS 0x000000075cc00000| PB 0x000000075cc00000| Complete |  0
| 619|0x000000075ce00000, 0x000000075d000000, 0x000000075d000000|100%| E|CS|TAMS 0x000000075ce00000| PB 0x000000075ce00000| Complete |  0
| 620|0x000000075d000000, 0x000000075d200000, 0x000000075d200000|100%| E|CS|TAMS 0x000000075d000000| PB 0x000000075d000000| Complete |  0
| 621|0x000000075d200000, 0x000000075d400000, 0x000000075d400000|100%| E|CS|TAMS 0x000000075d200000| PB 0x000000075d200000| Complete |  0
| 622|0x000000075d400000, 0x000000075d600000, 0x000000075d600000|100%| E|CS|TAMS 0x000000075d400000| PB 0x000000075d400000| Complete |  0
| 623|0x000000075d600000, 0x000000075d800000, 0x000000075d800000|100%| E|CS|TAMS 0x000000075d600000| PB 0x000000075d600000| Complete |  0
| 624|0x000000075d800000, 0x000000075da00000, 0x000000075da00000|100%| E|CS|TAMS 0x000000075d800000| PB 0x000000075d800000| Complete |  0
| 625|0x000000075da00000, 0x000000075dc00000, 0x000000075dc00000|100%| E|CS|TAMS 0x000000075da00000| PB 0x000000075da00000| Complete |  0
| 626|0x000000075dc00000, 0x000000075de00000, 0x000000075de00000|100%| E|CS|TAMS 0x000000075dc00000| PB 0x000000075dc00000| Complete |  0
| 627|0x000000075de00000, 0x000000075e000000, 0x000000075e000000|100%| E|CS|TAMS 0x000000075de00000| PB 0x000000075de00000| Complete |  0
| 628|0x000000075e000000, 0x000000075e200000, 0x000000075e200000|100%| E|CS|TAMS 0x000000075e000000| PB 0x000000075e000000| Complete |  0
| 629|0x000000075e200000, 0x000000075e400000, 0x000000075e400000|100%| E|CS|TAMS 0x000000075e200000| PB 0x000000075e200000| Complete |  0
| 630|0x000000075e400000, 0x000000075e600000, 0x000000075e600000|100%| E|CS|TAMS 0x000000075e400000| PB 0x000000075e400000| Complete |  0
| 631|0x000000075e600000, 0x000000075e800000, 0x000000075e800000|100%| E|CS|TAMS 0x000000075e600000| PB 0x000000075e600000| Complete |  0
| 632|0x000000075e800000, 0x000000075ea00000, 0x000000075ea00000|100%| E|CS|TAMS 0x000000075e800000| PB 0x000000075e800000| Complete |  0
| 633|0x000000075ea00000, 0x000000075ec00000, 0x000000075ec00000|100%| E|CS|TAMS 0x000000075ea00000| PB 0x000000075ea00000| Complete |  0
| 634|0x000000075ec00000, 0x000000075ee00000, 0x000000075ee00000|100%| E|CS|TAMS 0x000000075ec00000| PB 0x000000075ec00000| Complete |  0
| 635|0x000000075ee00000, 0x000000075f000000, 0x000000075f000000|100%| E|CS|TAMS 0x000000075ee00000| PB 0x000000075ee00000| Complete |  0
| 636|0x000000075f000000, 0x000000075f200000, 0x000000075f200000|100%| E|CS|TAMS 0x000000075f000000| PB 0x000000075f000000| Complete |  0
| 637|0x000000075f200000, 0x000000075f400000, 0x000000075f400000|100%| E|CS|TAMS 0x000000075f200000| PB 0x000000075f200000| Complete |  0
| 638|0x000000075f400000, 0x000000075f600000, 0x000000075f600000|100%| E|CS|TAMS 0x000000075f400000| PB 0x000000075f400000| Complete |  0
| 639|0x000000075f600000, 0x000000075f800000, 0x000000075f800000|100%| E|CS|TAMS 0x000000075f600000| PB 0x000000075f600000| Complete |  0
| 640|0x000000075f800000, 0x000000075fa00000, 0x000000075fa00000|100%| E|CS|TAMS 0x000000075f800000| PB 0x000000075f800000| Complete |  0
| 641|0x000000075fa00000, 0x000000075fc00000, 0x000000075fc00000|100%| E|CS|TAMS 0x000000075fa00000| PB 0x000000075fa00000| Complete |  0
| 642|0x000000075fc00000, 0x000000075fe00000, 0x000000075fe00000|100%| E|CS|TAMS 0x000000075fc00000| PB 0x000000075fc00000| Complete |  0
| 643|0x000000075fe00000, 0x0000000760000000, 0x0000000760000000|100%| E|CS|TAMS 0x000000075fe00000| PB 0x000000075fe00000| Complete |  0
| 644|0x0000000760000000, 0x0000000760200000, 0x0000000760200000|100%| E|CS|TAMS 0x0000000760000000| PB 0x0000000760000000| Complete |  0
| 645|0x0000000760200000, 0x0000000760400000, 0x0000000760400000|100%| E|CS|TAMS 0x0000000760200000| PB 0x0000000760200000| Complete |  0
| 646|0x0000000760400000, 0x0000000760600000, 0x0000000760600000|100%| E|CS|TAMS 0x0000000760400000| PB 0x0000000760400000| Complete |  0
| 647|0x0000000760600000, 0x0000000760800000, 0x0000000760800000|100%| E|CS|TAMS 0x0000000760600000| PB 0x0000000760600000| Complete |  0
| 648|0x0000000760800000, 0x0000000760a00000, 0x0000000760a00000|100%| E|CS|TAMS 0x0000000760800000| PB 0x0000000760800000| Complete |  0
| 649|0x0000000760a00000, 0x0000000760c00000, 0x0000000760c00000|100%| E|CS|TAMS 0x0000000760a00000| PB 0x0000000760a00000| Complete |  0
| 650|0x0000000760c00000, 0x0000000760e00000, 0x0000000760e00000|100%| E|CS|TAMS 0x0000000760c00000| PB 0x0000000760c00000| Complete |  0
| 651|0x0000000760e00000, 0x0000000761000000, 0x0000000761000000|100%| E|CS|TAMS 0x0000000760e00000| PB 0x0000000760e00000| Complete |  0
| 652|0x0000000761000000, 0x0000000761200000, 0x0000000761200000|100%| E|CS|TAMS 0x0000000761000000| PB 0x0000000761000000| Complete |  0
| 653|0x0000000761200000, 0x0000000761400000, 0x0000000761400000|100%| E|CS|TAMS 0x0000000761200000| PB 0x0000000761200000| Complete |  0
| 654|0x0000000761400000, 0x0000000761600000, 0x0000000761600000|100%| E|CS|TAMS 0x0000000761400000| PB 0x0000000761400000| Complete |  0
| 655|0x0000000761600000, 0x0000000761800000, 0x0000000761800000|100%| E|CS|TAMS 0x0000000761600000| PB 0x0000000761600000| Complete |  0
| 656|0x0000000761800000, 0x0000000761a00000, 0x0000000761a00000|100%| E|CS|TAMS 0x0000000761800000| PB 0x0000000761800000| Complete |  0
| 657|0x0000000761a00000, 0x0000000761c00000, 0x0000000761c00000|100%| E|CS|TAMS 0x0000000761a00000| PB 0x0000000761a00000| Complete |  0
| 658|0x0000000761c00000, 0x0000000761e00000, 0x0000000761e00000|100%| E|CS|TAMS 0x0000000761c00000| PB 0x0000000761c00000| Complete |  0
| 659|0x0000000761e00000, 0x0000000762000000, 0x0000000762000000|100%| E|CS|TAMS 0x0000000761e00000| PB 0x0000000761e00000| Complete |  0
| 660|0x0000000762000000, 0x0000000762200000, 0x0000000762200000|100%| E|CS|TAMS 0x0000000762000000| PB 0x0000000762000000| Complete |  0
| 661|0x0000000762200000, 0x0000000762400000, 0x0000000762400000|100%| E|CS|TAMS 0x0000000762200000| PB 0x0000000762200000| Complete |  0
| 662|0x0000000762400000, 0x0000000762600000, 0x0000000762600000|100%| E|CS|TAMS 0x0000000762400000| PB 0x0000000762400000| Complete |  0
| 663|0x0000000762600000, 0x0000000762800000, 0x0000000762800000|100%| E|CS|TAMS 0x0000000762600000| PB 0x0000000762600000| Complete |  0
| 664|0x0000000762800000, 0x0000000762a00000, 0x0000000762a00000|100%| E|CS|TAMS 0x0000000762800000| PB 0x0000000762800000| Complete |  0
| 665|0x0000000762a00000, 0x0000000762c00000, 0x0000000762c00000|100%| E|CS|TAMS 0x0000000762a00000| PB 0x0000000762a00000| Complete |  0
| 666|0x0000000762c00000, 0x0000000762e00000, 0x0000000762e00000|100%| E|CS|TAMS 0x0000000762c00000| PB 0x0000000762c00000| Complete |  0
| 667|0x0000000762e00000, 0x0000000763000000, 0x0000000763000000|100%| E|CS|TAMS 0x0000000762e00000| PB 0x0000000762e00000| Complete |  0
| 668|0x0000000763000000, 0x0000000763200000, 0x0000000763200000|100%| E|CS|TAMS 0x0000000763000000| PB 0x0000000763000000| Complete |  0
| 669|0x0000000763200000, 0x0000000763400000, 0x0000000763400000|100%| E|CS|TAMS 0x0000000763200000| PB 0x0000000763200000| Complete |  0
| 670|0x0000000763400000, 0x0000000763600000, 0x0000000763600000|100%| E|CS|TAMS 0x0000000763400000| PB 0x0000000763400000| Complete |  0
| 671|0x0000000763600000, 0x0000000763800000, 0x0000000763800000|100%| E|CS|TAMS 0x0000000763600000| PB 0x0000000763600000| Complete |  0
| 672|0x0000000763800000, 0x0000000763a00000, 0x0000000763a00000|100%| E|CS|TAMS 0x0000000763800000| PB 0x0000000763800000| Complete |  0
| 673|0x0000000763a00000, 0x0000000763c00000, 0x0000000763c00000|100%| E|CS|TAMS 0x0000000763a00000| PB 0x0000000763a00000| Complete |  0
| 674|0x0000000763c00000, 0x0000000763e00000, 0x0000000763e00000|100%| E|CS|TAMS 0x0000000763c00000| PB 0x0000000763c00000| Complete |  0
| 675|0x0000000763e00000, 0x0000000764000000, 0x0000000764000000|100%| E|CS|TAMS 0x0000000763e00000| PB 0x0000000763e00000| Complete |  0
| 676|0x0000000764000000, 0x0000000764200000, 0x0000000764200000|100%| E|CS|TAMS 0x0000000764000000| PB 0x0000000764000000| Complete |  0
| 677|0x0000000764200000, 0x0000000764400000, 0x0000000764400000|100%| E|CS|TAMS 0x0000000764200000| PB 0x0000000764200000| Complete |  0
| 678|0x0000000764400000, 0x0000000764600000, 0x0000000764600000|100%| E|CS|TAMS 0x0000000764400000| PB 0x0000000764400000| Complete |  0
| 679|0x0000000764600000, 0x0000000764800000, 0x0000000764800000|100%| E|CS|TAMS 0x0000000764600000| PB 0x0000000764600000| Complete |  0
| 680|0x0000000764800000, 0x0000000764a00000, 0x0000000764a00000|100%| E|CS|TAMS 0x0000000764800000| PB 0x0000000764800000| Complete |  0
| 681|0x0000000764a00000, 0x0000000764c00000, 0x0000000764c00000|100%| E|CS|TAMS 0x0000000764a00000| PB 0x0000000764a00000| Complete |  0
| 682|0x0000000764c00000, 0x0000000764e00000, 0x0000000764e00000|100%| E|CS|TAMS 0x0000000764c00000| PB 0x0000000764c00000| Complete |  0
| 683|0x0000000764e00000, 0x0000000765000000, 0x0000000765000000|100%| E|CS|TAMS 0x0000000764e00000| PB 0x0000000764e00000| Complete |  0
| 684|0x0000000765000000, 0x0000000765200000, 0x0000000765200000|100%| E|CS|TAMS 0x0000000765000000| PB 0x0000000765000000| Complete |  0
| 685|0x0000000765200000, 0x0000000765400000, 0x0000000765400000|100%| E|CS|TAMS 0x0000000765200000| PB 0x0000000765200000| Complete |  0
| 686|0x0000000765400000, 0x0000000765600000, 0x0000000765600000|100%| E|CS|TAMS 0x0000000765400000| PB 0x0000000765400000| Complete |  0
| 687|0x0000000765600000, 0x0000000765800000, 0x0000000765800000|100%| E|CS|TAMS 0x0000000765600000| PB 0x0000000765600000| Complete |  0
| 688|0x0000000765800000, 0x0000000765a00000, 0x0000000765a00000|100%| E|CS|TAMS 0x0000000765800000| PB 0x0000000765800000| Complete |  0
| 689|0x0000000765a00000, 0x0000000765c00000, 0x0000000765c00000|100%| E|CS|TAMS 0x0000000765a00000| PB 0x0000000765a00000| Complete |  0
| 690|0x0000000765c00000, 0x0000000765e00000, 0x0000000765e00000|100%| E|CS|TAMS 0x0000000765c00000| PB 0x0000000765c00000| Complete |  0
| 691|0x0000000765e00000, 0x0000000766000000, 0x0000000766000000|100%| E|CS|TAMS 0x0000000765e00000| PB 0x0000000765e00000| Complete |  0
| 692|0x0000000766000000, 0x0000000766200000, 0x0000000766200000|100%| E|CS|TAMS 0x0000000766000000| PB 0x0000000766000000| Complete |  0
| 693|0x0000000766200000, 0x0000000766400000, 0x0000000766400000|100%| E|CS|TAMS 0x0000000766200000| PB 0x0000000766200000| Complete |  0
| 694|0x0000000766400000, 0x0000000766600000, 0x0000000766600000|100%| E|CS|TAMS 0x0000000766400000| PB 0x0000000766400000| Complete |  0
| 695|0x0000000766600000, 0x0000000766800000, 0x0000000766800000|100%| E|CS|TAMS 0x0000000766600000| PB 0x0000000766600000| Complete |  0
| 696|0x0000000766800000, 0x0000000766a00000, 0x0000000766a00000|100%| E|CS|TAMS 0x0000000766800000| PB 0x0000000766800000| Complete |  0
| 697|0x0000000766a00000, 0x0000000766c00000, 0x0000000766c00000|100%| E|CS|TAMS 0x0000000766a00000| PB 0x0000000766a00000| Complete |  0
| 698|0x0000000766c00000, 0x0000000766e00000, 0x0000000766e00000|100%| E|CS|TAMS 0x0000000766c00000| PB 0x0000000766c00000| Complete |  0
| 699|0x0000000766e00000, 0x0000000767000000, 0x0000000767000000|100%| E|CS|TAMS 0x0000000766e00000| PB 0x0000000766e00000| Complete |  0
| 700|0x0000000767000000, 0x0000000767200000, 0x0000000767200000|100%| E|CS|TAMS 0x0000000767000000| PB 0x0000000767000000| Complete |  0
| 701|0x0000000767200000, 0x0000000767400000, 0x0000000767400000|100%| E|CS|TAMS 0x0000000767200000| PB 0x0000000767200000| Complete |  0
| 702|0x0000000767400000, 0x0000000767600000, 0x0000000767600000|100%| E|CS|TAMS 0x0000000767400000| PB 0x0000000767400000| Complete |  0
| 703|0x0000000767600000, 0x0000000767800000, 0x0000000767800000|100%| E|CS|TAMS 0x0000000767600000| PB 0x0000000767600000| Complete |  0
| 704|0x0000000767800000, 0x0000000767a00000, 0x0000000767a00000|100%| E|CS|TAMS 0x0000000767800000| PB 0x0000000767800000| Complete |  0
| 705|0x0000000767a00000, 0x0000000767c00000, 0x0000000767c00000|100%| E|CS|TAMS 0x0000000767a00000| PB 0x0000000767a00000| Complete |  0
| 706|0x0000000767c00000, 0x0000000767e00000, 0x0000000767e00000|100%| E|CS|TAMS 0x0000000767c00000| PB 0x0000000767c00000| Complete |  0
| 707|0x0000000767e00000, 0x0000000768000000, 0x0000000768000000|100%| E|  |TAMS 0x0000000767e00000| PB 0x0000000767e00000| Complete |  0
| 708|0x0000000768000000, 0x0000000768200000, 0x0000000768200000|100%| E|CS|TAMS 0x0000000768000000| PB 0x0000000768000000| Complete |  0
| 709|0x0000000768200000, 0x0000000768400000, 0x0000000768400000|100%| E|CS|TAMS 0x0000000768200000| PB 0x0000000768200000| Complete |  0
| 710|0x0000000768400000, 0x0000000768600000, 0x0000000768600000|100%| E|CS|TAMS 0x0000000768400000| PB 0x0000000768400000| Complete |  0
| 711|0x0000000768600000, 0x0000000768800000, 0x0000000768800000|100%| E|CS|TAMS 0x0000000768600000| PB 0x0000000768600000| Complete |  0
| 712|0x0000000768800000, 0x0000000768a00000, 0x0000000768a00000|100%| E|CS|TAMS 0x0000000768800000| PB 0x0000000768800000| Complete |  0
| 713|0x0000000768a00000, 0x0000000768c00000, 0x0000000768c00000|100%| E|CS|TAMS 0x0000000768a00000| PB 0x0000000768a00000| Complete |  0
| 714|0x0000000768c00000, 0x0000000768e00000, 0x0000000768e00000|100%| E|CS|TAMS 0x0000000768c00000| PB 0x0000000768c00000| Complete |  0
| 715|0x0000000768e00000, 0x0000000769000000, 0x0000000769000000|100%| E|CS|TAMS 0x0000000768e00000| PB 0x0000000768e00000| Complete |  0
| 716|0x0000000769000000, 0x0000000769200000, 0x0000000769200000|100%| E|CS|TAMS 0x0000000769000000| PB 0x0000000769000000| Complete |  0
| 717|0x0000000769200000, 0x0000000769400000, 0x0000000769400000|100%| E|CS|TAMS 0x0000000769200000| PB 0x0000000769200000| Complete |  0
| 718|0x0000000769400000, 0x0000000769600000, 0x0000000769600000|100%| E|CS|TAMS 0x0000000769400000| PB 0x0000000769400000| Complete |  0
| 719|0x0000000769600000, 0x0000000769800000, 0x0000000769800000|100%| E|CS|TAMS 0x0000000769600000| PB 0x0000000769600000| Complete |  0
| 720|0x0000000769800000, 0x0000000769a00000, 0x0000000769a00000|100%| E|CS|TAMS 0x0000000769800000| PB 0x0000000769800000| Complete |  0
| 721|0x0000000769a00000, 0x0000000769c00000, 0x0000000769c00000|100%| E|CS|TAMS 0x0000000769a00000| PB 0x0000000769a00000| Complete |  0
| 722|0x0000000769c00000, 0x0000000769dffff8, 0x0000000769e00000| 99%| E|CS|TAMS 0x0000000769c00000| PB 0x0000000769c00000| Complete |  0
| 723|0x0000000769e00000, 0x000000076a000000, 0x000000076a000000|100%| E|CS|TAMS 0x0000000769e00000| PB 0x0000000769e00000| Complete |  0
| 724|0x000000076a000000, 0x000000076a200000, 0x000000076a200000|100%| E|CS|TAMS 0x000000076a000000| PB 0x000000076a000000| Complete |  0
| 725|0x000000076a200000, 0x000000076a400000, 0x000000076a400000|100%| E|CS|TAMS 0x000000076a200000| PB 0x000000076a200000| Complete |  0
| 726|0x000000076a400000, 0x000000076a600000, 0x000000076a600000|100%| E|CS|TAMS 0x000000076a400000| PB 0x000000076a400000| Complete |  0
| 727|0x000000076a600000, 0x000000076a800000, 0x000000076a800000|100%| E|CS|TAMS 0x000000076a600000| PB 0x000000076a600000| Complete |  0
| 728|0x000000076a800000, 0x000000076aa00000, 0x000000076aa00000|100%| E|CS|TAMS 0x000000076a800000| PB 0x000000076a800000| Complete |  0
| 729|0x000000076aa00000, 0x000000076ac00000, 0x000000076ac00000|100%| E|CS|TAMS 0x000000076aa00000| PB 0x000000076aa00000| Complete |  0
| 730|0x000000076ac00000, 0x000000076ae00000, 0x000000076ae00000|100%| E|CS|TAMS 0x000000076ac00000| PB 0x000000076ac00000| Complete |  0
| 731|0x000000076ae00000, 0x000000076b000000, 0x000000076b000000|100%| E|CS|TAMS 0x000000076ae00000| PB 0x000000076ae00000| Complete |  0
| 732|0x000000076b000000, 0x000000076b200000, 0x000000076b200000|100%| E|CS|TAMS 0x000000076b000000| PB 0x000000076b000000| Complete |  0
| 733|0x000000076b200000, 0x000000076b400000, 0x000000076b400000|100%| E|CS|TAMS 0x000000076b200000| PB 0x000000076b200000| Complete |  0
| 734|0x000000076b400000, 0x000000076b600000, 0x000000076b600000|100%| E|CS|TAMS 0x000000076b400000| PB 0x000000076b400000| Complete |  0
| 735|0x000000076b600000, 0x000000076b800000, 0x000000076b800000|100%| E|CS|TAMS 0x000000076b600000| PB 0x000000076b600000| Complete |  0
| 736|0x000000076b800000, 0x000000076ba00000, 0x000000076ba00000|100%| E|CS|TAMS 0x000000076b800000| PB 0x000000076b800000| Complete |  0
| 737|0x000000076ba00000, 0x000000076bc00000, 0x000000076bc00000|100%| E|CS|TAMS 0x000000076ba00000| PB 0x000000076ba00000| Complete |  0
| 738|0x000000076bc00000, 0x000000076be00000, 0x000000076be00000|100%| E|CS|TAMS 0x000000076bc00000| PB 0x000000076bc00000| Complete |  0
| 739|0x000000076be00000, 0x000000076c000000, 0x000000076c000000|100%| E|CS|TAMS 0x000000076be00000| PB 0x000000076be00000| Complete |  0
| 740|0x000000076c000000, 0x000000076c200000, 0x000000076c200000|100%| E|CS|TAMS 0x000000076c000000| PB 0x000000076c000000| Complete |  0
| 741|0x000000076c200000, 0x000000076c400000, 0x000000076c400000|100%| E|CS|TAMS 0x000000076c200000| PB 0x000000076c200000| Complete |  0
|1880|0x00000007fa800000, 0x00000007fa8ad080, 0x00000007faa00000| 33%| O|  |TAMS 0x00000007fa800000| PB 0x00000007fa800000| Untracked |  0
|1881|0x00000007faa00000, 0x00000007fac00000, 0x00000007fac00000|100%| O|  |TAMS 0x00000007faa00000| PB 0x00000007faa00000| Untracked |  0
|1882|0x00000007fac00000, 0x00000007fae00000, 0x00000007fae00000|100%| O|  |TAMS 0x00000007fac00000| PB 0x00000007fac00000| Untracked |  0
|1883|0x00000007fae00000, 0x00000007fb000000, 0x00000007fb000000|100%| O|  |TAMS 0x00000007fae00000| PB 0x00000007fae00000| Untracked |  0
|1884|0x00000007fb000000, 0x00000007fb200000, 0x00000007fb200000|100%| O|  |TAMS 0x00000007fb000000| PB 0x00000007fb000000| Untracked |  0
|1885|0x00000007fb200000, 0x00000007fb400000, 0x00000007fb400000|100%| O|  |TAMS 0x00000007fb200000| PB 0x00000007fb200000| Untracked |  0
|1886|0x00000007fb400000, 0x00000007fb600000, 0x00000007fb600000|100%| O|  |TAMS 0x00000007fb400000| PB 0x00000007fb400000| Untracked |  0
|1887|0x00000007fb600000, 0x00000007fb800000, 0x00000007fb800000|100%| O|Cm|TAMS 0x00000007fb600000| PB 0x00000007fb600000| Complete |  0
|1888|0x00000007fb800000, 0x00000007fba00000, 0x00000007fba00000|100%| O|  |TAMS 0x00000007fb800000| PB 0x00000007fb800000| Untracked |  0
|1889|0x00000007fba00000, 0x00000007fbc00000, 0x00000007fbc00000|100%| O|  |TAMS 0x00000007fba00000| PB 0x00000007fba00000| Untracked |  0
|1890|0x00000007fbc00000, 0x00000007fbe00000, 0x00000007fbe00000|100%| O|  |TAMS 0x00000007fbc00000| PB 0x00000007fbc00000| Untracked |  0
|1891|0x00000007fbe00000, 0x00000007fc000000, 0x00000007fc000000|100%| O|  |TAMS 0x00000007fbe00000| PB 0x00000007fbe00000| Untracked |  0
|1892|0x00000007fc000000, 0x00000007fc200000, 0x00000007fc200000|100%| O|  |TAMS 0x00000007fc000000| PB 0x00000007fc000000| Untracked |  0
|1893|0x00000007fc200000, 0x00000007fc400000, 0x00000007fc400000|100%| O|  |TAMS 0x00000007fc200000| PB 0x00000007fc200000| Untracked |  0
|1894|0x00000007fc400000, 0x00000007fc600000, 0x00000007fc600000|100%| O|  |TAMS 0x00000007fc400000| PB 0x00000007fc400000| Untracked |  0
|1895|0x00000007fc600000, 0x00000007fc800000, 0x00000007fc800000|100%| O|  |TAMS 0x00000007fc600000| PB 0x00000007fc600000| Untracked |  0
|1896|0x00000007fc800000, 0x00000007fca00000, 0x00000007fca00000|100%| O|  |TAMS 0x00000007fc800000| PB 0x00000007fc800000| Untracked |  0
|1897|0x00000007fca00000, 0x00000007fcc00000, 0x00000007fcc00000|100%| E|CS|TAMS 0x00000007fca00000| PB 0x00000007fca00000| Complete |  0
|1898|0x00000007fcc00000, 0x00000007fce00000, 0x00000007fce00000|100%| E|CS|TAMS 0x00000007fcc00000| PB 0x00000007fcc00000| Complete |  0
|1899|0x00000007fce00000, 0x00000007fd000000, 0x00000007fd000000|100%| E|CS|TAMS 0x00000007fce00000| PB 0x00000007fce00000| Complete |  0
|1900|0x00000007fd000000, 0x00000007fd200000, 0x00000007fd200000|100%| E|CS|TAMS 0x00000007fd000000| PB 0x00000007fd000000| Complete |  0
|1901|0x00000007fd200000, 0x00000007fd400000, 0x00000007fd400000|100%| E|CS|TAMS 0x00000007fd200000| PB 0x00000007fd200000| Complete |  0
|1902|0x00000007fd400000, 0x00000007fd600000, 0x00000007fd600000|100%| E|CS|TAMS 0x00000007fd400000| PB 0x00000007fd400000| Complete |  0
|1903|0x00000007fd600000, 0x00000007fd800000, 0x00000007fd800000|100%| E|CS|TAMS 0x00000007fd600000| PB 0x00000007fd600000| Complete |  0
|1904|0x00000007fd800000, 0x00000007fda00000, 0x00000007fda00000|100%| E|CS|TAMS 0x00000007fd800000| PB 0x00000007fd800000| Complete |  0
|1905|0x00000007fda00000, 0x00000007fdc00000, 0x00000007fdc00000|100%| E|CS|TAMS 0x00000007fda00000| PB 0x00000007fda00000| Complete |  0
|1906|0x00000007fdc00000, 0x00000007fde00000, 0x00000007fde00000|100%| E|CS|TAMS 0x00000007fdc00000| PB 0x00000007fdc00000| Complete |  0
|1907|0x00000007fde00000, 0x00000007fe000000, 0x00000007fe000000|100%| E|CS|TAMS 0x00000007fde00000| PB 0x00000007fde00000| Complete |  0
|1908|0x00000007fe000000, 0x00000007fe200000, 0x00000007fe200000|100%| O|  |TAMS 0x00000007fe000000| PB 0x00000007fe000000| Untracked |  0
|1909|0x00000007fe200000, 0x00000007fe400000, 0x00000007fe400000|100%| E|CS|TAMS 0x00000007fe200000| PB 0x00000007fe200000| Complete |  0
|1910|0x00000007fe400000, 0x00000007fe600000, 0x00000007fe600000|100%| E|CS|TAMS 0x00000007fe400000| PB 0x00000007fe400000| Complete |  0
|1911|0x00000007fe600000, 0x00000007fe800000, 0x00000007fe800000|100%| O|  |TAMS 0x00000007fe600000| PB 0x00000007fe600000| Untracked |  0
|1912|0x00000007fe800000, 0x00000007fea00000, 0x00000007fea00000|100%| O|  |TAMS 0x00000007fe800000| PB 0x00000007fe800000| Untracked |  0
|1913|0x00000007fea00000, 0x00000007fec00000, 0x00000007fec00000|100%| O|  |TAMS 0x00000007fea00000| PB 0x00000007fea00000| Untracked |  0
|1914|0x00000007fec00000, 0x00000007fee00000, 0x00000007fee00000|100%| O|  |TAMS 0x00000007fec00000| PB 0x00000007fec00000| Untracked |  0
|1915|0x00000007fee00000, 0x00000007ff000000, 0x00000007ff000000|100%| O|  |TAMS 0x00000007fee00000| PB 0x00000007fee00000| Untracked |  0
|1916|0x00000007ff000000, 0x00000007ff200000, 0x00000007ff200000|100%| O|  |TAMS 0x00000007ff000000| PB 0x00000007ff000000| Untracked |  0
|1917|0x00000007ff200000, 0x00000007ff400000, 0x00000007ff400000|100%| O|  |TAMS 0x00000007ff200000| PB 0x00000007ff200000| Untracked |  0
|1918|0x00000007ff400000, 0x00000007ff600000, 0x00000007ff600000|100%| O|  |TAMS 0x00000007ff400000| PB 0x00000007ff400000| Untracked |  0
|1919|0x00000007ff600000, 0x00000007ff800000, 0x00000007ff800000|100%| O|  |TAMS 0x00000007ff600000| PB 0x00000007ff600000| Untracked |  0
|1920|0x00000007ff800000, 0x00000007ffa00000, 0x00000007ffa00000|100%| O|  |TAMS 0x00000007ff800000| PB 0x00000007ff800000| Untracked |  0
|1921|0x00000007ffa00000, 0x00000007ffc00000, 0x00000007ffc00000|100%| O|  |TAMS 0x00000007ffa00000| PB 0x00000007ffa00000| Untracked |  0
|1922|0x00000007ffc00000, 0x00000007ffe00000, 0x00000007ffe00000|100%| O|  |TAMS 0x00000007ffc00000| PB 0x00000007ffc00000| Untracked |  0
|1923|0x00000007ffe00000, 0x0000000800000000, 0x0000000800000000|100%| E|CS|TAMS 0x00000007ffe00000| PB 0x00000007ffe00000| Complete |  0

Card table byte_map: [0x0000ffff93238000,0x0000ffff939bc000] _byte_map_base: 0x0000ffff8f9bc000

Marking Bits: (CMBitMap*) 0x0000ffff8c1874a0
 Bits: [0x0000ffff753dc000, 0x0000ffff78ffc000)

Polling page: 0x0000ffff968bc000

Metaspace:
Metaspace        used 145709K, committed 147584K, reserved 1179648K
 class space     used 25079K, committed 25856K, reserved 1048576K

Usage:
  Non-class:    117.80 MB used.
      Class:     24.49 MB used.
       Both:    142.29 MB used.

Virtual space:
  Non-class space:      128.00 MB reserved,     118.88 MB ( 93%) committed,  2 nodes.
      Class space:        1.00 GB reserved,      25.25 MB (  2%) committed,  1 nodes.
             Both:        1.12 GB reserved,     144.12 MB ( 13%) committed. 

Chunk freelists:
   Non-Class:  8.50 MB
       Class:  6.59 MB
        Both:  15.09 MB

MaxMetaspaceSize: unlimited
CompressedClassSpaceSize: 1.00 GB
Initial GC threshold: 21.00 MB
Current GC threshold: 240.00 MB
CDS: on
 - commit_granule_bytes: 65536.
 - commit_granule_words: 8192.
 - virtual_space_node_default_size: 8388608.
 - enlarge_chunks_in_place: 1.
UseCompressedClassPointers 1, UseCompactObjectHeaders 0
Narrow klass pointer bits 32, Max shift 3
Narrow klass base: 0x00007e0000000000, Narrow klass shift: 0
Encoding Range: [0x00007e0000000000 - 0x00007e0100000000), (4294967296 bytes)
Klass Range:    [0x00007e0000010000 - 0x00007e0042000000), (1107230720 bytes)
Klass ID Range:  [65536 - 1107296249) (1107230713)
Protection zone: [0x00007e0000000000 - 0x00007e0000010000), (65536 bytes)


Internal statistics:

num_allocs_failed_limit: 45.
num_arena_births: 3226.
num_arena_deaths: 22.
num_vsnodes_births: 3.
num_vsnodes_deaths: 0.
num_space_committed: 2301.
num_space_uncommitted: 0.
num_chunks_returned_to_freelist: 73.
num_chunks_taken_from_freelist: 9892.
num_chunk_merges: 53.
num_chunk_splits: 6530.
num_chunks_enlarged: 4844.
num_inconsistent_stats: 0.

CodeHeap 'non-profiled nmethods': size=120032Kb used=17263Kb max_used=17263Kb free=102768Kb
 bounds [0x0000ffff80ac8000, 0x0000ffff81ba8000, 0x0000ffff88000000]
CodeHeap 'profiled nmethods': size=120032Kb used=28943Kb max_used=30455Kb free=91088Kb
 bounds [0x0000ffff78ffc000, 0x0000ffff7addc000, 0x0000ffff80534000]
CodeHeap 'non-nmethods': size=5712Kb used=3433Kb max_used=3633Kb free=2278Kb
 bounds [0x0000ffff80534000, 0x0000ffff808f4000, 0x0000ffff80ac8000]
CodeCache: size=245776Kb, used=49639Kb, max_used=51351Kb, free=196134Kb
 total_blobs=27722, nmethods=24796, adapters=2780, full_count=0
Compilation: enabled, stopped_count=0, restarted_count=0

Compilation events (20 events):
Event: 115.939 Thread 0x0000ffff8c222c60 37279       3       com.mojang.blaze3d.opengl.GlProgram$$Lambda/0x00007e0003280e98::accept (10 bytes)
Event: 115.939 Thread 0x0000ffff8c222c60 nmethod 37279 0x0000ffff7a88edc8 code [0x0000ffff7a88eec0, 0x0000ffff7a88f1a0]
Event: 115.939 Thread 0x0000ffff8c222c60 37280       3       com.mojang.blaze3d.opengl.Uniform::close (1 bytes)
Event: 115.939 Thread 0x0000ffff8c222c60 nmethod 37280 0x0000ffff7a2abe08 code [0x0000ffff7a2abf00, 0x0000ffff7a2ac020]
Event: 115.999 Thread 0x0000ffff8c222c60 37281       1       java.util.concurrent.CopyOnWriteArrayList::getArray (5 bytes)
Event: 115.999 Thread 0x0000ffff8c222c60 nmethod 37281 0x0000ffff81a4d188 code [0x0000ffff81a4d280, 0x0000ffff81a4d368]
Event: 115.999 Thread 0x0000ffff8c222c60 37282       3       java.lang.Character::toUpperCase (9 bytes)
Event: 116.000 Thread 0x0000ffff8c222c60 nmethod 37282 0x0000ffff79354508 code [0x0000ffff79354600, 0x0000ffff79354828]
Event: 116.000 Thread 0x0000ffff8c222c60 37283       3       org.apache.logging.log4j.core.util.internal.InternalLoggerRegistry$$Lambda/0x00007e0002119ee8::apply (8 bytes)
Event: 116.000 Thread 0x0000ffff8c222c60 nmethod 37283 0x0000ffff7aa89bc8 code [0x0000ffff7aa89cc0, 0x0000ffff7aa8a468]
Event: 116.000 Thread 0x0000ffff8c222c60 37284       3       org.apache.logging.log4j.core.util.internal.InternalLoggerRegistry::lambda$getLoggers$2 (23 bytes)
Event: 116.001 Thread 0x0000ffff8c222c60 nmethod 37284 0x0000ffff790ca808 code [0x0000ffff790ca900, 0x0000ffff790caf40]
Event: 116.001 Thread 0x0000ffff8c222c60 37285       3       org.apache.logging.log4j.core.LoggerContext$$Lambda/0x00007e000211a168::accept (12 bytes)
Event: 116.001 Thread 0x0000ffff8c222c60 nmethod 37285 0x0000ffff79406ac8 code [0x0000ffff79406bc0, 0x0000ffff79406e88]
Event: 116.001 Thread 0x0000ffff8c222c60 37286       3       org.apache.logging.log4j.core.LoggerContext::lambda$updateLoggers$3 (6 bytes)
Event: 116.001 Thread 0x0000ffff8c222c60 nmethod 37286 0x0000ffff7a505348 code [0x0000ffff7a505440, 0x0000ffff7a5055a0]
Event: 116.001 Thread 0x0000ffff8c222c60 37288       3       java.util.concurrent.ThreadPoolExecutor::runStateAtLeast (11 bytes)
Event: 116.001 Thread 0x0000ffff8c222c60 nmethod 37288 0x0000ffff79406888 code [0x0000ffff79406980, 0x0000ffff79406ab0]
Event: 116.001 Thread 0x0000ffff8c222c60 37287       3       org.apache.logging.log4j.core.Logger::updateConfiguration (15 bytes)
Event: 116.001 Thread 0x0000ffff8c222c60 nmethod 37287 0x0000ffff7a83d808 code [0x0000ffff7a83d900, 0x0000ffff7a83db38]

GC Heap Usage History (20 events):
Event: 41.810 {heap Before GC invocations=80 (full 0):
 garbage-first heap   total reserved 3940352K, committed 897024K, used 846881K [0x000000070f800000, 0x0000000800000000)
  region size 2048K, 187 young (382976K), 13 survivors (26624K)
}
Event: 41.845 {heap After GC invocations=81 (full 0):
 garbage-first heap   total reserved 3940352K, committed 897024K, used 502277K [0x000000070f800000, 0x0000000800000000)
  region size 2048K, 18 young (36864K), 18 survivors (36864K)
}
Event: 42.501 {heap Before GC invocations=82 (full 0):
 garbage-first heap   total reserved 3940352K, committed 897024K, used 846341K [0x000000070f800000, 0x0000000800000000)
  region size 2048K, 187 young (382976K), 18 survivors (36864K)
}
Event: 42.542 {heap After GC invocations=83 (full 0):
 garbage-first heap   total reserved 3940352K, committed 897024K, used 509803K [0x000000070f800000, 0x0000000800000000)
  region size 2048K, 15 young (30720K), 15 survivors (30720K)
}
Event: 43.130 {heap Before GC invocations=83 (full 0):
 garbage-first heap   total reserved 3940352K, committed 897024K, used 845675K [0x000000070f800000, 0x0000000800000000)
  region size 2048K, 180 young (368640K), 15 survivors (30720K)
}
Event: 43.160 {heap After GC invocations=84 (full 0):
 garbage-first heap   total reserved 3940352K, committed 1069056K, used 506038K [0x000000070f800000, 0x0000000800000000)
  region size 2048K, 13 young (26624K), 13 survivors (26624K)
}
Event: 44.028 {heap Before GC invocations=84 (full 0):
 garbage-first heap   total reserved 3940352K, committed 1069056K, used 1011894K [0x000000070f800000, 0x0000000800000000)
  region size 2048K, 260 young (532480K), 13 survivors (26624K)
}
Event: 44.041 {heap After GC invocations=85 (full 0):
 garbage-first heap   total reserved 3940352K, committed 1069056K, used 523717K [0x000000070f800000, 0x0000000800000000)
  region size 2048K, 21 young (43008K), 21 survivors (43008K)
}
Event: 44.768 {heap Before GC invocations=85 (full 0):
 garbage-first heap   total reserved 3940352K, committed 1069056K, used 1011141K [0x000000070f800000, 0x0000000800000000)
  region size 2048K, 259 young (530432K), 21 survivors (43008K)
}
Event: 44.776 {heap After GC invocations=86 (full 0):
 garbage-first heap   total reserved 3940352K, committed 1069056K, used 527496K [0x000000070f800000, 0x0000000800000000)
  region size 2048K, 17 young (34816K), 17 survivors (34816K)
}
Event: 45.634 {heap Before GC invocations=86 (full 0):
 garbage-first heap   total reserved 3940352K, committed 1069056K, used 1010824K [0x000000070f800000, 0x0000000800000000)
  region size 2048K, 254 young (520192K), 17 survivors (34816K)
}
Event: 45.659 {heap After GC invocations=87 (full 0):
 garbage-first heap   total reserved 3940352K, committed 1069056K, used 527667K [0x000000070f800000, 0x0000000800000000)
  region size 2048K, 17 young (34816K), 17 survivors (34816K)
}
Event: 46.513 {heap Before GC invocations=88 (full 0):
 garbage-first heap   total reserved 3940352K, committed 1069056K, used 1010995K [0x000000070f800000, 0x0000000800000000)
  region size 2048K, 254 young (520192K), 17 survivors (34816K)
}
Event: 46.546 {heap After GC invocations=89 (full 0):
 garbage-first heap   total reserved 3940352K, committed 1069056K, used 536896K [0x000000070f800000, 0x0000000800000000)
  region size 2048K, 22 young (45056K), 22 survivors (45056K)
}
Event: 47.385 {heap Before GC invocations=89 (full 0):
 garbage-first heap   total reserved 3940352K, committed 1069056K, used 1012032K [0x000000070f800000, 0x0000000800000000)
  region size 2048K, 254 young (520192K), 22 survivors (45056K)
}
Event: 47.430 {heap After GC invocations=90 (full 0):
 garbage-first heap   total reserved 3940352K, committed 1085440K, used 540040K [0x000000070f800000, 0x0000000800000000)
  region size 2048K, 21 young (43008K), 21 survivors (43008K)
}
Event: 47.463 {heap Before GC invocations=90 (full 0):
 garbage-first heap   total reserved 3940352K, committed 1085440K, used 1027464K [0x000000070f800000, 0x0000000800000000)
  region size 2048K, 260 young (532480K), 21 survivors (43008K)
}
Event: 47.476 {heap After GC invocations=91 (full 0):
 garbage-first heap   total reserved 3940352K, committed 1114112K, used 581632K [0x000000070f800000, 0x0000000800000000)
  region size 2048K, 33 young (67584K), 33 survivors (67584K)
}
Event: 47.517 {heap Before GC invocations=91 (full 0):
 garbage-first heap   total reserved 3940352K, committed 1114112K, used 1042432K [0x000000070f800000, 0x0000000800000000)
  region size 2048K, 259 young (530432K), 33 survivors (67584K)
}
Event: 47.532 {heap After GC invocations=92 (full 0):
 garbage-first heap   total reserved 3940352K, committed 1609728K, used 624308K [0x000000070f800000, 0x0000000800000000)
  region size 2048K, 23 young (47104K), 23 survivors (47104K)
}

Metaspace Usage History (20 events):
Event: 41.810 {metaspace Before GC invocations=80 (full 0):
 Metaspace       used 145049K, committed 146944K, reserved 1179648K
  class space    used 24982K, committed 25728K, reserved 1048576K
}
Event: 41.845 {metaspace After GC invocations=81 (full 0):
 Metaspace       used 145049K, committed 146944K, reserved 1179648K
  class space    used 24982K, committed 25728K, reserved 1048576K
}
Event: 42.501 {metaspace Before GC invocations=82 (full 0):
 Metaspace       used 145090K, committed 147008K, reserved 1179648K
  class space    used 24984K, committed 25728K, reserved 1048576K
}
Event: 42.542 {metaspace After GC invocations=83 (full 0):
 Metaspace       used 145090K, committed 147008K, reserved 1179648K
  class space    used 24984K, committed 25728K, reserved 1048576K
}
Event: 43.130 {metaspace Before GC invocations=83 (full 0):
 Metaspace       used 145130K, committed 147008K, reserved 1179648K
  class space    used 24984K, committed 25728K, reserved 1048576K
}
Event: 43.160 {metaspace After GC invocations=84 (full 0):
 Metaspace       used 145130K, committed 147008K, reserved 1179648K
  class space    used 24984K, committed 25728K, reserved 1048576K
}
Event: 44.028 {metaspace Before GC invocations=84 (full 0):
 Metaspace       used 145170K, committed 147072K, reserved 1179648K
  class space    used 24984K, committed 25728K, reserved 1048576K
}
Event: 44.041 {metaspace After GC invocations=85 (full 0):
 Metaspace       used 145170K, committed 147072K, reserved 1179648K
  class space    used 24984K, committed 25728K, reserved 1048576K
}
Event: 44.768 {metaspace Before GC invocations=85 (full 0):
 Metaspace       used 145182K, committed 147072K, reserved 1179648K
  class space    used 24984K, committed 25728K, reserved 1048576K
}
Event: 44.776 {metaspace After GC invocations=86 (full 0):
 Metaspace       used 145182K, committed 147072K, reserved 1179648K
  class space    used 24984K, committed 25728K, reserved 1048576K
}
Event: 45.634 {metaspace Before GC invocations=86 (full 0):
 Metaspace       used 145191K, committed 147072K, reserved 1179648K
  class space    used 24984K, committed 25728K, reserved 1048576K
}
Event: 45.659 {metaspace After GC invocations=87 (full 0):
 Metaspace       used 145191K, committed 147072K, reserved 1179648K
  class space    used 24984K, committed 25728K, reserved 1048576K
}
Event: 46.513 {metaspace Before GC invocations=88 (full 0):
 Metaspace       used 145215K, committed 147136K, reserved 1179648K
  class space    used 24985K, committed 25728K, reserved 1048576K
}
Event: 46.546 {metaspace After GC invocations=89 (full 0):
 Metaspace       used 145215K, committed 147136K, reserved 1179648K
  class space    used 24985K, committed 25728K, reserved 1048576K
}
Event: 47.385 {metaspace Before GC invocations=89 (full 0):
 Metaspace       used 145529K, committed 147392K, reserved 1179648K
  class space    used 25060K, committed 25792K, reserved 1048576K
}
Event: 47.430 {metaspace After GC invocations=90 (full 0):
 Metaspace       used 145529K, committed 147392K, reserved 1179648K
  class space    used 25060K, committed 25792K, reserved 1048576K
}
Event: 47.463 {metaspace Before GC invocations=90 (full 0):
 Metaspace       used 145553K, committed 147392K, reserved 1179648K
  class space    used 25060K, committed 25792K, reserved 1048576K
}
Event: 47.476 {metaspace After GC invocations=91 (full 0):
 Metaspace       used 145553K, committed 147392K, reserved 1179648K
  class space    used 25060K, committed 25792K, reserved 1048576K
}
Event: 47.517 {metaspace Before GC invocations=91 (full 0):
 Metaspace       used 145565K, committed 147392K, reserved 1179648K
  class space    used 25060K, committed 25792K, reserved 1048576K
}
Event: 47.532 {metaspace After GC invocations=92 (full 0):
 Metaspace       used 145565K, committed 147392K, reserved 1179648K
  class space    used 25060K, committed 25792K, reserved 1048576K
}

Dll operation events (14 events):
Event: 0.002 Loaded shared library /home/anguscrump/.jdks/jbr-25.0.3/lib/libjava.so
Event: 0.020 Loaded shared library /home/anguscrump/.jdks/jbr-25.0.3/lib/libnio.so
Event: 0.026 Loaded shared library /home/anguscrump/.jdks/jbr-25.0.3/lib/libzip.so
Event: 0.031 Loaded shared library /home/anguscrump/.jdks/jbr-25.0.3/lib/libnet.so
Event: 0.036 Loaded shared library /home/anguscrump/.jdks/jbr-25.0.3/lib/libzip.so
Event: 0.058 Loaded shared library /home/anguscrump/.jdks/jbr-25.0.3/lib/libjimage.so
Event: 0.250 Loaded shared library /home/anguscrump/.jdks/jbr-25.0.3/lib/libmanagement.so
Event: 0.250 Loaded shared library /home/anguscrump/.jdks/jbr-25.0.3/lib/libmanagement_ext.so
Event: 0.395 Loaded shared library /home/anguscrump/.jdks/jbr-25.0.3/lib/libverify.so
Event: 1.406 Loaded shared library /home/anguscrump/.cache/JNA/temp/jna12433572053443798811.tmp
Event: 3.917 Loaded shared library /home/anguscrump/.jdks/jbr-25.0.3/lib/libextnet.so
Event: 4.106 Loaded shared library /tmp/lwjgl_anguscrump/3.4.1-snapshot/arm64/liblwjgl.so
Event: 4.293 Loaded shared library /tmp/lwjgl_anguscrump/3.4.1-snapshot/arm64/liblwjgl_opengl.so
Event: 4.432 Loaded shared library /tmp/lwjgl_anguscrump/3.4.1-snapshot/arm64/liblwjgl_stb.so

Deoptimization events (20 events):
Event: 115.893 Thread 0x0000ffff8c0316d0 Uncommon trap: trap_request=0xffffff45 fr.pc=0x0000ffff81b9c934 relative=0x0000000000002134
Event: 115.893 Thread 0x0000ffff8c0316d0 Uncommon trap: reason=unstable_if action=reinterpret pc=0x0000ffff81b9c934 method=net.minecraft.util.profiling.Profiler.get()Lnet/minecraft/util/profiling/ProfilerFiller; @ 6 c2
Event: 115.893 Thread 0x0000ffff8c0316d0 DEOPT PACKING pc=0x0000ffff81b9c934 sp=0x0000ffff94f9b790
Event: 115.893 Thread 0x0000ffff8c0316d0 DEOPT UNPACKING pc=0x0000ffff8064af5c sp=0x0000ffff94f9b6a0 mode 2
Event: 115.893 Thread 0x0000ffff8c0316d0 Uncommon trap: trap_request=0xffffff45 fr.pc=0x0000ffff81b7b198 relative=0x0000000000004a58
Event: 115.893 Thread 0x0000ffff8c0316d0 Uncommon trap: reason=unstable_if action=reinterpret pc=0x0000ffff81b7b198 method=net.minecraft.util.profiling.Profiler.get()Lnet/minecraft/util/profiling/ProfilerFiller; @ 6 c2
Event: 115.893 Thread 0x0000ffff8c0316d0 DEOPT PACKING pc=0x0000ffff81b7b198 sp=0x0000ffff94f9b5f0
Event: 115.893 Thread 0x0000ffff8c0316d0 DEOPT UNPACKING pc=0x0000ffff8064af5c sp=0x0000ffff94f9b530 mode 2
Event: 115.893 Thread 0x0000ffff8c0316d0 Uncommon trap: trap_request=0xffffff45 fr.pc=0x0000ffff81ba05cc relative=0x0000000000001c0c
Event: 115.893 Thread 0x0000ffff8c0316d0 Uncommon trap: reason=unstable_if action=reinterpret pc=0x0000ffff81ba05cc method=net.minecraft.util.profiling.Profiler.get()Lnet/minecraft/util/profiling/ProfilerFiller; @ 6 c2
Event: 115.893 Thread 0x0000ffff8c0316d0 DEOPT PACKING pc=0x0000ffff81ba05cc sp=0x0000ffff94f9b810
Event: 115.893 Thread 0x0000ffff8c0316d0 DEOPT UNPACKING pc=0x0000ffff8064af5c sp=0x0000ffff94f9b780 mode 2
Event: 115.894 Thread 0x0000ffff8c0316d0 Uncommon trap: trap_request=0xffffff45 fr.pc=0x0000ffff81b80f84 relative=0x0000000000002c04
Event: 115.894 Thread 0x0000ffff8c0316d0 Uncommon trap: reason=unstable_if action=reinterpret pc=0x0000ffff81b80f84 method=net.minecraft.util.profiling.Profiler.get()Lnet/minecraft/util/profiling/ProfilerFiller; @ 6 c2
Event: 115.894 Thread 0x0000ffff8c0316d0 DEOPT PACKING pc=0x0000ffff81b80f84 sp=0x0000ffff94f9b680
Event: 115.894 Thread 0x0000ffff8c0316d0 DEOPT UNPACKING pc=0x0000ffff8064af5c sp=0x0000ffff94f9b680 mode 2
Event: 115.894 Thread 0x0000ffff8c0316d0 Uncommon trap: trap_request=0xffffff66 fr.pc=0x0000ffff81a277d0 relative=0x0000000000003990
Event: 115.894 Thread 0x0000ffff8c0316d0 Uncommon trap: reason=loop_limit_check action=maybe_recompile pc=0x0000ffff81a277d0 method=net.minecraft.client.gui.render.GuiRenderer.ensureVertexBufferSizes()V @ 23 c2
Event: 115.894 Thread 0x0000ffff8c0316d0 DEOPT PACKING pc=0x0000ffff81a277d0 sp=0x0000ffff94f9b4e0
Event: 115.894 Thread 0x0000ffff8c0316d0 DEOPT UNPACKING pc=0x0000ffff8064af5c sp=0x0000ffff94f9b400 mode 2

Classes loaded (20 events):
Event: 18.342 Loading class java/util/stream/FindOps$FindSink$OfInt
Event: 18.342 Loading class java/util/stream/FindOps$FindSink$OfInt done
Event: 18.516 Loading class java/util/IdentityHashMap$ValueSpliterator
Event: 18.516 Loading class java/util/IdentityHashMap$ValueSpliterator done
Event: 21.225 Loading class java/util/Spliterators$LongIteratorSpliterator
Event: 21.225 Loading class java/util/Spliterators$LongIteratorSpliterator done
Event: 21.454 Loading class java/util/zip/CRC32C
Event: 21.454 Loading class java/util/zip/CRC32C done
Event: 21.983 Loading class java/lang/runtime/SwitchBootstraps$StaticHolders
Event: 21.983 Loading class java/lang/runtime/SwitchBootstraps$StaticHolders done
Event: 21.983 Loading class java/lang/runtime/SwitchBootstraps$MappedEnumCache
Event: 21.983 Loading class java/lang/runtime/SwitchBootstraps$MappedEnumCache done
Event: 24.693 Loading class java/util/ReverseOrderListView
Event: 24.693 Loading class java/util/ReverseOrderListView done
Event: 24.694 Loading class java/util/ReverseOrderListView$Rand
Event: 24.694 Loading class java/util/ReverseOrderListView$Rand done
Event: 24.694 Loading class java/util/ReverseOrderListView$DescendingIterator
Event: 24.694 Loading class java/util/ReverseOrderListView$DescendingIterator done
Event: 41.571 Loading class java/util/DualPivotQuicksort$Sorter
Event: 41.571 Loading class java/util/DualPivotQuicksort$Sorter done

Classes unloaded (11 events):
Event: 12.151 Thread 0x0000ffff8c20dac0 Unloading class 0x00007e000314c400 'java/lang/invoke/LambdaForm$DMH+0x00007e000314c400'
Event: 16.660 Thread 0x0000ffff8c20dac0 Unloading class 0x00007e000326ac00 'java/lang/invoke/LambdaForm$DMH+0x00007e000326ac00'
Event: 16.660 Thread 0x0000ffff8c20dac0 Unloading class 0x00007e000326a800 'java/lang/invoke/LambdaForm$DMH+0x00007e000326a800'
Event: 16.660 Thread 0x0000ffff8c20dac0 Unloading class 0x00007e000326a400 'java/lang/invoke/LambdaForm$DMH+0x00007e000326a400'
Event: 16.660 Thread 0x0000ffff8c20dac0 Unloading class 0x00007e000326a000 'java/lang/invoke/LambdaForm$DMH+0x00007e000326a000'
Event: 16.660 Thread 0x0000ffff8c20dac0 Unloading class 0x00007e0003269c00 'java/lang/invoke/LambdaForm$DMH+0x00007e0003269c00'
Event: 18.785 Thread 0x0000ffff8c20dac0 Unloading class 0x00007e00033a4400 'java/lang/invoke/LambdaForm$DMH+0x00007e00033a4400'
Event: 18.785 Thread 0x0000ffff8c20dac0 Unloading class 0x00007e0003390400 'java/lang/invoke/LambdaForm$DMH+0x00007e0003390400'
Event: 20.386 Thread 0x0000ffff8c20dac0 Unloading class 0x00007e000355cc00 'java/lang/invoke/LambdaForm$DMH+0x00007e000355cc00'
Event: 20.386 Thread 0x0000ffff8c20dac0 Unloading class 0x00007e000355c400 'java/lang/invoke/LambdaForm$DMH+0x00007e000355c400'
Event: 20.386 Thread 0x0000ffff8c20dac0 Unloading class 0x00007e000355c000 'java/lang/invoke/LambdaForm$DMH+0x00007e000355c000'

Classes redefined (0 events):
No events

Internal exceptions (20 events):
Event: 48.059 Thread 0x0000fffe58004e60 Exception <a 'sun/nio/fs/UnixException'{0x0000000767e35ef8}> (0x0000000767e35ef8) 
thrown [src/hotspot/share/prims/jni.cpp, line 535]
Event: 48.062 Thread 0x0000fffe58004e60 Exception <a 'sun/nio/fs/UnixException'{0x0000000767e36750}> (0x0000000767e36750) 
thrown [src/hotspot/share/prims/jni.cpp, line 535]
Event: 48.064 Thread 0x0000fffe58004e60 Exception <a 'sun/nio/fs/UnixException'{0x0000000767e44000}> (0x0000000767e44000) 
thrown [src/hotspot/share/prims/jni.cpp, line 535]
Event: 48.068 Thread 0x0000fffe644ee110 Exception <a 'sun/nio/fs/UnixException'{0x000000076812fc98}> (0x000000076812fc98) 
thrown [src/hotspot/share/prims/jni.cpp, line 535]
Event: 48.068 Thread 0x0000fffe644ee110 Exception <a 'sun/nio/fs/UnixException'{0x000000076812ff28}> (0x000000076812ff28) 
thrown [src/hotspot/share/prims/jni.cpp, line 535]
Event: 48.068 Thread 0x0000fffe644ee110 Exception <a 'sun/nio/fs/UnixException'{0x00000007681301d8}> (0x00000007681301d8) 
thrown [src/hotspot/share/prims/jni.cpp, line 535]
Event: 48.117 Thread 0x0000ffff8c0316d0 Implicit null exception at 0x0000ffff81a50d98 to 0x0000ffff81a50e68
Event: 106.764 Thread 0x0000fffe48008fc0 Implicit null exception at 0x0000ffff815a3180 to 0x0000ffff815a33e8
Event: 106.765 Thread 0x0000fffe30005090 Implicit null exception at 0x0000ffff815a3180 to 0x0000ffff815a33e8
Event: 106.765 Thread 0x0000fffea4091ce0 Implicit null exception at 0x0000ffff815a3180 to 0x0000ffff815a33e8
Event: 106.765 Thread 0x0000fffe64426bc0 Implicit null exception at 0x0000ffff815a3180 to 0x0000ffff815a33e8
Event: 106.766 Thread 0x0000ffff10972950 Implicit null exception at 0x0000ffff815a3180 to 0x0000ffff815a33e8
Event: 108.048 Thread 0x0000ffff1c6b29f0 Implicit null exception at 0x0000ffff815a3180 to 0x0000ffff815a33e8
Event: 108.063 Thread 0x0000ffff10970650 Implicit null exception at 0x0000ffff815a3180 to 0x0000ffff815a33e8
Event: 108.063 Thread 0x0000ffff1c7123c0 Implicit null exception at 0x0000ffff815a3180 to 0x0000ffff815a33e8
Event: 108.065 Thread 0x0000fffe58004e60 Implicit null exception at 0x0000ffff815a3180 to 0x0000ffff815a33e8
Event: 108.078 Thread 0x0000fffe480058c0 Implicit null exception at 0x0000ffff815a3180 to 0x0000ffff815a33e8
Event: 108.080 Thread 0x0000fffe9814aaf0 Implicit null exception at 0x0000ffff815a3180 to 0x0000ffff815a33e8
Event: 108.121 Thread 0x0000ffff8e514330 Implicit null exception at 0x0000ffff815a3180 to 0x0000ffff815a33e8
Event: 116.001 Thread 0x0000ffff8c0316d0 Exception <a 'sun/nio/fs/UnixException'{0x0000000757c44570}> (0x0000000757c44570) 
thrown [src/hotspot/share/prims/jni.cpp, line 535]

VM Operations (20 events):
Event: 45.828 Executing safepoint VM operation: G1PauseRemark done
Event: 45.892 Executing safepoint VM operation: G1PauseCleanup
Event: 45.892 Executing safepoint VM operation: G1PauseCleanup done
Event: 46.513 Executing safepoint VM operation: G1CollectForAllocation (G1 Evacuation Pause)
Event: 46.546 Executing safepoint VM operation: G1CollectForAllocation (G1 Evacuation Pause) done
Event: 47.385 Executing safepoint VM operation: G1CollectForAllocation (G1 Evacuation Pause)
Event: 47.430 Executing safepoint VM operation: G1CollectForAllocation (G1 Evacuation Pause) done
Event: 47.463 Executing safepoint VM operation: G1CollectForAllocation (G1 Evacuation Pause)
Event: 47.476 Executing safepoint VM operation: G1CollectForAllocation (G1 Evacuation Pause) done
Event: 47.517 Executing safepoint VM operation: G1CollectForAllocation (G1 Evacuation Pause)
Event: 47.532 Executing safepoint VM operation: G1CollectForAllocation (G1 Evacuation Pause) done
Event: 47.668 Executing safepoint VM operation: G1PauseRemark
Event: 47.677 Executing safepoint VM operation: G1PauseRemark done
Event: 47.765 Executing safepoint VM operation: G1PauseCleanup
Event: 47.765 Executing safepoint VM operation: G1PauseCleanup done
Event: 60.103 Executing non-safepoint VM operation: HandshakeAllThreads (HandshakeForDeflation)
Event: 60.104 Executing non-safepoint VM operation: HandshakeAllThreads (HandshakeForDeflation) done
Event: 60.104 Executing non-safepoint VM operation: RendezvousGCThreads
Event: 60.104 Executing non-safepoint VM operation: RendezvousGCThreads done
Event: 116.001 Executing safepoint VM operation: Exit

Memory protections (20 events):
Event: 17.223 Protecting memory [0x0000fffe76f00000,0x0000fffe76f0c000] with protection modes 0
Event: 18.150 Protecting memory [0x0000fffe3fe00000,0x0000fffe3fe0c000] with protection modes 0
Event: 18.150 Protecting memory [0x0000fffe3fc00000,0x0000fffe3fc0c000] with protection modes 0
Event: 18.280 Protecting memory [0x0000fffe3fa00000,0x0000fffe3fa0c000] with protection modes 0
Event: 18.299 Protecting memory [0x0000fffe3f800000,0x0000fffe3f80c000] with protection modes 0
Event: 18.305 Protecting memory [0x0000fffe3f600000,0x0000fffe3f60c000] with protection modes 0
Event: 21.694 Protecting memory [0x0000ffff69c00000,0x0000ffff69c0c000] with protection modes 0
Event: 37.288 Protecting memory [0x0000fffe76f00000,0x0000fffe76f0c000] with protection modes 0
Event: 44.273 Protecting memory [0x0000fffe77100000,0x0000fffe7710c000] with protection modes 0
Event: 46.757 Protecting memory [0x0000fffe77100000,0x0000fffe7710c000] with protection modes 0
Event: 46.763 Protecting memory [0x0000fffe76f00000,0x0000fffe76f0c000] with protection modes 0
Event: 46.764 Protecting memory [0x0000ffff74160000,0x0000ffff7416c000] with protection modes 0
Event: 47.445 Protecting memory [0x0000fffe77100000,0x0000fffe7710c000] with protection modes 0
Event: 47.450 Protecting memory [0x0000fffe3c280000,0x0000fffe3c28c000] with protection modes 0
Event: 48.100 Protecting memory [0x0000ffff69c00000,0x0000ffff69c0c000] with protection modes 0
Event: 115.907 Protecting memory [0x0000ffff69c00000,0x0000ffff69c0c000] with protection modes 0
Event: 115.918 Protecting memory [0x0000ffff69c00000,0x0000ffff69c0c000] with protection modes 0
Event: 115.999 Protecting memory [0x0000ffff69e00000,0x0000ffff69e0c000] with protection modes 0
Event: 115.999 Protecting memory [0x0000fffe62d3c000,0x0000fffe62d48000] with protection modes 0
Event: 116.000 Protecting memory [0x0000ffff90310000,0x0000ffff9031c000] with protection modes 0

Nmethod flushes (20 events):
Event: 47.675 Thread 0x0000ffff8c20dac0 flushing  nmethod 0x0000ffff7aac0d48
Event: 47.675 Thread 0x0000ffff8c20dac0 flushing  nmethod 0x0000ffff7aac9308
Event: 47.675 Thread 0x0000ffff8c20dac0 flushing  nmethod 0x0000ffff7acac248
Event: 47.675 Thread 0x0000ffff8c20dac0 flushing  nmethod 0x0000ffff81214a88
Event: 47.675 Thread 0x0000ffff8c20dac0 flushing  nmethod 0x0000ffff815b7408
Event: 47.675 Thread 0x0000ffff8c20dac0 flushing  nmethod 0x0000ffff79129c48
Event: 47.675 Thread 0x0000ffff8c20dac0 flushing  nmethod 0x0000ffff79236408
Event: 47.675 Thread 0x0000ffff8c20dac0 flushing  nmethod 0x0000ffff79354208
Event: 47.675 Thread 0x0000ffff8c20dac0 flushing  nmethod 0x0000ffff79df1408
Event: 47.675 Thread 0x0000ffff8c20dac0 flushing  nmethod 0x0000ffff7a04a608
Event: 47.675 Thread 0x0000ffff8c20dac0 flushing  nmethod 0x0000ffff7a1c7fc8
Event: 47.675 Thread 0x0000ffff8c20dac0 flushing  nmethod 0x0000ffff7a321b88
Event: 47.675 Thread 0x0000ffff8c20dac0 flushing  nmethod 0x0000ffff7a441688
Event: 47.675 Thread 0x0000ffff8c20dac0 flushing  nmethod 0x0000ffff7a5b30c8
Event: 47.675 Thread 0x0000ffff8c20dac0 flushing  nmethod 0x0000ffff7a5b8588
Event: 47.675 Thread 0x0000ffff8c20dac0 flushing  nmethod 0x0000ffff7a5b9248
Event: 47.675 Thread 0x0000ffff8c20dac0 flushing  nmethod 0x0000ffff7a714908
Event: 47.675 Thread 0x0000ffff8c20dac0 flushing  nmethod 0x0000ffff7a716448
Event: 47.675 Thread 0x0000ffff8c20dac0 flushing  nmethod 0x0000ffff7aa458c8
Event: 47.675 Thread 0x0000ffff8c20dac0 flushing  nmethod 0x0000ffff7aa45e48

Events (20 events):
Event: 107.706 Thread 0x0000ffff8f7da7e0 Thread exited: 0x0000ffff8f7da7e0
Event: 108.048 Thread 0x0000ffff1c6b29f0 Thread exited: 0x0000ffff1c6b29f0
Event: 108.063 Thread 0x0000ffff10970650 Thread exited: 0x0000ffff10970650
Event: 108.063 Thread 0x0000ffff1c7123c0 Thread exited: 0x0000ffff1c7123c0
Event: 108.065 Thread 0x0000fffe58004e60 Thread exited: 0x0000fffe58004e60
Event: 108.078 Thread 0x0000fffe480058c0 Thread exited: 0x0000fffe480058c0
Event: 108.080 Thread 0x0000fffe9814aaf0 Thread exited: 0x0000fffe9814aaf0
Event: 108.121 Thread 0x0000ffff8e514330 Thread exited: 0x0000ffff8e514330
Event: 115.906 Thread 0x0000ffff8eff6120 Thread exited: 0x0000ffff8eff6120
Event: 115.907 Thread 0x0000ffff8c0316d0 Thread added: 0x0000ffff8eff6120
Event: 115.918 Thread 0x0000ffff8eff6120 Thread exited: 0x0000ffff8eff6120
Event: 115.918 Thread 0x0000ffff8c0316d0 Thread added: 0x0000ffff8eff6120
Event: 115.999 Thread 0x0000ffff8c0316d0 Thread added: 0x0000fffe6419c860
Event: 115.999 Thread 0x0000ffff8c0316d0 Thread added: 0x0000fffe6438ada0
Event: 115.999 Thread 0x0000ffff8c0316d0 Thread added: 0x0000ffff8f8fd910
Event: 115.999 Thread 0x0000fffe6419c860 Thread exited: 0x0000fffe6419c860
Event: 116.000 Thread 0x0000fffe6438ada0 Thread exited: 0x0000fffe6438ada0
Event: 116.001 Thread 0x0000ffff8f8fd910 Thread exited: 0x0000ffff8f8fd910
Event: 116.001 Thread 0x0000ffff8c0316d0 Before exit entered
Event: 116.001 Thread 0x0000ffff8c21c270 Thread exited: 0x0000ffff8c21c270


Dynamic libraries:
70f800000-76c400000 rw-p 00000000 00:00 0 
76c400000-7fa800000 ---p 00000000 00:00 0 
7fa800000-7ffc00000 rw-p 00000000 00:00 0 
7ffc00000-7ffe50000 rw-p 01d70000 00:25 8789750                          /home/anguscrump/.jdks/jbr-25.0.3/lib/server/classes.jsa
7ffe50000-800000000 rw-p 00000000 00:00 0 
7e0000000000-7e0000010000 ---p 00000000 00:00 0 
7e0000010000-7e0001d00000 rw-p 00010000 00:25 8789750                    /home/anguscrump/.jdks/jbr-25.0.3/lib/server/classes.jsa
7e0001d00000-7e0002000000 ---p 00000000 00:00 0 
7e0002000000-7e0002040000 rw-p 00000000 00:00 0 
7e0002040000-7e00020e0000 rw-p 00000000 00:00 0 
7e00020e0000-7e0002e40000 rw-p 00000000 00:00 0 
7e0002e40000-7e0002e80000 rw-p 00000000 00:00 0 
7e0002e80000-7e0003160000 rw-p 00000000 00:00 0 
7e0003160000-7e0003180000 rw-p 00000000 00:00 0 
7e0003180000-7e00035c0000 rw-p 00000000 00:00 0 
7e00035c0000-7e00035d0000 rw-p 00000000 00:00 0 
7e00035d0000-7e0003600000 ---p 00000000 00:00 0 
7e0003600000-7e0003970000 rw-p 00000000 00:00 0 
7e0003970000-7e0042000000 ---p 00000000 00:00 0 
aaab6d290000-aaab6d294000 r-xp 00000000 00:25 8789212                    /home/anguscrump/.jdks/jbr-25.0.3/bin/java
aaab6d2ac000-aaab6d2b0000 r--p 0000c000 00:25 8789212                    /home/anguscrump/.jdks/jbr-25.0.3/bin/java
aaab6d2b0000-aaab6d2b4000 rw-p 00010000 00:25 8789212                    /home/anguscrump/.jdks/jbr-25.0.3/bin/java
aaab867b0000-aaab86800000 rw-p 00000000 00:00 0                          [heap]
fffe00000000-fffe00200000 rw-p 00000000 00:00 0 
fffe00200000-fffe00600000 rw-p 00000000 00:00 0 
fffe00600000-fffe04000000 ---p 00000000 00:00 0 
fffe21800000-fffe28000000 rw-p 00000000 00:00 0 
fffe28000000-fffe28200000 rw-p 00000000 00:00 0 
fffe28200000-fffe2c000000 ---p 00000000 00:00 0 
fffe2c000000-fffe2c200000 rw-p 00000000 00:00 0 
fffe2c200000-fffe30000000 ---p 00000000 00:00 0 
fffe30000000-fffe30200000 rw-p 00000000 00:00 0 
fffe30200000-fffe34000000 ---p 00000000 00:00 0 
fffe34000000-fffe34200000 rw-p 00000000 00:00 0 
fffe34200000-fffe38000000 ---p 00000000 00:00 0 
fffe38000000-fffe38200000 rw-p 00000000 00:00 0 
fffe38200000-fffe3c000000 ---p 00000000 00:00 0 
fffe3c480000-fffe3f600000 rw-p 00000000 00:00 0 
fffe3f600000-fffe3f60c000 ---p 00000000 00:00 0 
fffe3f60c000-fffe3f800000 rw-p 00000000 00:00 0 
fffe3f800000-fffe3f80c000 ---p 00000000 00:00 0 
fffe3f80c000-fffe3fa00000 rw-p 00000000 00:00 0 
fffe3fa00000-fffe3fa0c000 ---p 00000000 00:00 0 
fffe3fa0c000-fffe3fc00000 rw-p 00000000 00:00 0 
fffe40000000-fffe40200000 rw-p 00000000 00:00 0 
fffe40200000-fffe44000000 ---p 00000000 00:00 0 
fffe44000000-fffe44200000 rw-p 00000000 00:00 0 
fffe44200000-fffe48000000 ---p 00000000 00:00 0 
fffe48000000-fffe48200000 rw-p 00000000 00:00 0 
fffe48200000-fffe4c000000 ---p 00000000 00:00 0 
fffe4c000000-fffe4c200000 rw-p 00000000 00:00 0 
fffe4c200000-fffe50000000 ---p 00000000 00:00 0 
fffe50000000-fffe50200000 rw-p 00000000 00:00 0 
fffe50200000-fffe51c00000 rw-p 00000000 00:00 0 
fffe51c00000-fffe54000000 ---p 00000000 00:00 0 
fffe54000000-fffe54200000 rw-p 00000000 00:00 0 
fffe54200000-fffe58000000 ---p 00000000 00:00 0 
fffe58000000-fffe58200000 rw-p 00000000 00:00 0 
fffe58200000-fffe5c000000 ---p 00000000 00:00 0 
fffe5c000000-fffe5c200000 rw-p 00000000 00:00 0 
fffe5c200000-fffe5ea00000 rw-p 00000000 00:00 0 
fffe5ea00000-fffe60000000 ---p 00000000 00:00 0 
fffe62d3c000-fffe62d48000 ---p 00000000 00:00 0 
fffe62d48000-fffe62f3c000 rw-p 00000000 00:00 0 
fffe64000000-fffe64200000 rw-p 00000000 00:00 0 
fffe64200000-fffe64800000 rw-p 00000000 00:00 0 
fffe64800000-fffe68000000 ---p 00000000 00:00 0 
fffe6c000000-fffe6c200000 rw-p 00000000 00:00 0 
fffe6c200000-fffe70000000 ---p 00000000 00:00 0 
fffe70000000-fffe70200000 rw-p 00000000 00:00 0 
fffe70200000-fffe74000000 ---p 00000000 00:00 0 
fffe77300000-fffe78000000 rw-p 00000000 00:00 0 
fffe78000000-fffe78200000 rw-p 00000000 00:00 0 
fffe78200000-fffe7c000000 ---p 00000000 00:00 0 
fffe7c080000-fffe7dc00000 rw-p 00000000 00:00 0 
fffe7dd00000-fffe80000000 rw-p 00000000 00:00 0 
fffe80000000-fffe80200000 rw-p 00000000 00:00 0 
fffe80200000-fffe84000000 ---p 00000000 00:00 0 
fffe84000000-fffe84200000 rw-p 00000000 00:00 0 
fffe84200000-fffe88000000 ---p 00000000 00:00 0 
fffe88000000-fffe88200000 rw-p 00000000 00:00 0 
fffe88200000-fffe8c000000 ---p 00000000 00:00 0 
fffe8c000000-fffe8c400000 rw-p 00000000 00:00 0 
fffe8c580000-fffe8c880000 rw-p 00000000 00:00 0 
fffe8ca80000-fffe8d400000 rw-p 00000000 00:00 0 
fffe8d480000-fffe8f300000 rw-p 00000000 00:00 0 
fffe8f500000-fffe8f780000 rw-p 00000000 00:00 0 
fffe8f980000-fffe8fe00000 rw-p 00000000 00:00 0 
fffe90000000-fffe90200000 rw-p 00000000 00:00 0 
fffe90200000-fffe94000000 ---p 00000000 00:00 0 
fffe94000000-fffe94200000 rw-p 00000000 00:00 0 
fffe94200000-fffe98000000 ---p 00000000 00:00 0 
fffe98000000-fffe98200000 rw-p 00000000 00:00 0 
fffe98200000-fffe9c000000 ---p 00000000 00:00 0 
fffe9c000000-fffe9c200000 rw-p 00000000 00:00 0 
fffe9c200000-fffea0000000 ---p 00000000 00:00 0 
fffea0000000-fffea0200000 rw-p 00000000 00:00 0 
fffea0200000-fffea4000000 ---p 00000000 00:00 0 
fffea4000000-fffea4200000 rw-p 00000000 00:00 0 
fffea4200000-fffea8000000 ---p 00000000 00:00 0 
fffea8000000-fffea9200000 rw-p 00000000 00:00 0 
fffea9950000-fffea99e0000 r-xp 00000000 00:25 3200165                    /usr/lib64/libflite_cmulex.so.2.2
fffea99e0000-fffea99ec000 ---p 00090000 00:25 3200165                    /usr/lib64/libflite_cmulex.so.2.2
fffea99ec000-fffea99f0000 r--p 0008c000 00:25 3200165                    /usr/lib64/libflite_cmulex.so.2.2
fffea99f0000-fffea99f4000 rw-p 00000000 00:00 0 
fffea9a00000-fffeb0000000 rw-p 00000000 00:00 0 
fffeb0000000-fffeb0200000 rw-p 00000000 00:00 0 
fffeb0200000-fffeb4000000 ---p 00000000 00:00 0 
fffeb40a0000-fffeb40b0000 r-xp 00000000 00:25 3200167                    /usr/lib64/libflite_usenglish.so.2.2
fffeb40b0000-fffeb40b4000 ---p 00010000 00:25 3200167                    /usr/lib64/libflite_usenglish.so.2.2
fffeb40b4000-fffeb40c0000 r--p 00014000 00:25 3200167                    /usr/lib64/libflite_usenglish.so.2.2
fffeb40c0000-fffeb40c4000 rw-p 00000000 00:00 0 
fffeb40d0000-fffeb4498000 r-xp 00000000 00:25 3200159                    /usr/lib64/libflite_cmu_us_kal16.so.2.2
fffeb4498000-fffeb44a8000 ---p 003c8000 00:25 3200159                    /usr/lib64/libflite_cmu_us_kal16.so.2.2
fffeb44a8000-fffeb44b0000 r--p 003c8000 00:25 3200159                    /usr/lib64/libflite_cmu_us_kal16.so.2.2
fffeb44b0000-fffeb44b4000 rw-p 003d0000 00:25 3200159                    /usr/lib64/libflite_cmu_us_kal16.so.2.2
fffeb44c0000-fffeb4504000 r-xp 00000000 00:25 3101837                    /usr/lib64/libmp3lame.so.0.0.0
fffeb4504000-fffeb451c000 ---p 00044000 00:25 3101837                    /usr/lib64/libmp3lame.so.0.0.0
fffeb451c000-fffeb4520000 r--p 0004c000 00:25 3101837                    /usr/lib64/libmp3lame.so.0.0.0
fffeb4520000-fffeb4550000 rw-p 00000000 00:00 0 
fffeb4560000-fffeb45b0000 r-xp 00000000 00:25 3105171                    /usr/lib64/libmpg123.so.0.48.3
fffeb45b0000-fffeb45bc000 ---p 00050000 00:25 3105171                    /usr/lib64/libmpg123.so.0.48.3
fffeb45bc000-fffeb45c0000 r--p 0004c000 00:25 3105171                    /usr/lib64/libmpg123.so.0.48.3
fffeb45c0000-fffeb45c4000 rw-p 00050000 00:25 3105171                    /usr/lib64/libmpg123.so.0.48.3
fffeb45d0000-fffeb45d8000 r-xp 00000000 00:25 3101183                    /usr/lib64/libogg.so.0.8.6
fffeb45d8000-fffeb45ec000 ---p 00008000 00:25 3101183                    /usr/lib64/libogg.so.0.8.6
fffeb45ec000-fffeb45f0000 r--p 0000c000 00:25 3101183                    /usr/lib64/libogg.so.0.8.6
fffeb45f0000-fffeb45f4000 rw-p 00000000 00:00 0 
fffeb4600000-fffeb4668000 r-xp 00000000 00:25 3101166                    /usr/lib64/libopus.so.0.11.0
fffeb4668000-fffeb467c000 ---p 00068000 00:25 3101166                    /usr/lib64/libopus.so.0.11.0
fffeb467c000-fffeb4680000 r--p 0006c000 00:25 3101166                    /usr/lib64/libopus.so.0.11.0
fffeb4680000-fffeb4684000 rw-p 00000000 00:00 0 
fffeb4690000-fffeb4708000 r-xp 00000000 00:25 3101194                    /usr/lib64/libvorbisenc.so.2.0.12
fffeb4708000-fffeb4718000 ---p 00078000 00:25 3101194                    /usr/lib64/libvorbisenc.so.2.0.12
fffeb4718000-fffeb4730000 r--p 00078000 00:25 3101194                    /usr/lib64/libvorbisenc.so.2.0.12
fffeb4730000-fffeb4734000 rw-p 00090000 00:25 3101194                    /usr/lib64/libvorbisenc.so.2.0.12
fffeb4740000-fffeb476c000 r-xp 00000000 00:25 3101192                    /usr/lib64/libvorbis.so.0.4.9
fffeb476c000-fffeb477c000 ---p 0002c000 00:25 3101192                    /usr/lib64/libvorbis.so.0.4.9
fffeb477c000-fffeb4780000 r--p 0002c000 00:25 3101192                    /usr/lib64/libvorbis.so.0.4.9
fffeb4780000-fffeb4784000 rw-p 00000000 00:00 0 
fffeb4790000-fffeb47d0000 r-xp 00000000 00:25 3101748                    /usr/lib64/libFLAC.so.14.0.0
fffeb47d0000-fffeb47dc000 ---p 00040000 00:25 3101748                    /usr/lib64/libFLAC.so.14.0.0
fffeb47dc000-fffeb47e0000 r--p 0004c000 00:25 3101748                    /usr/lib64/libFLAC.so.14.0.0
fffeb47e0000-fffeb47e4000 rw-p 00050000 00:25 3101748                    /usr/lib64/libFLAC.so.14.0.0
fffeb47f0000-fffeb77f0000 rw-p 00000000 00:00 0 
fffeb77f0000-fffeb8000000 rw-p 00000000 00:00 0 
fffeb8000000-fffeb8200000 rw-p 00000000 00:00 0 
fffeb8200000-fffeb9200000 rw-p 00000000 00:00 0 
fffeb9200000-fffebc000000 ---p 00000000 00:00 0 
fffebc000000-fffebc200000 rw-p 00000000 00:00 0 
fffebc200000-fffec0000000 ---p 00000000 00:00 0 
fffec0020000-fffec002c000 r-xp 00000000 00:25 3104966                    /usr/lib64/libgsm.so.1.0.24
fffec002c000-fffec003c000 ---p 0000c000 00:25 3104966                    /usr/lib64/libgsm.so.1.0.24
fffec003c000-fffec0040000 r--p 0000c000 00:25 3104966                    /usr/lib64/libgsm.so.1.0.24
fffec0040000-fffec0044000 rw-p 00010000 00:25 3104966                    /usr/lib64/libgsm.so.1.0.24
fffec0050000-fffec0058000 r-xp 00000000 00:25 3200036                    /usr/lib64/libasyncns.so.0.3.1
fffec0058000-fffec006c000 ---p 00008000 00:25 3200036                    /usr/lib64/libasyncns.so.0.3.1
fffec006c000-fffec0070000 r--p 0000c000 00:25 3200036                    /usr/lib64/libasyncns.so.0.3.1
fffec0070000-fffec0074000 rw-p 00000000 00:00 0 
fffec0080000-fffec00f8000 r-xp 00000000 00:25 3105180                    /usr/lib64/libsndfile.so.1.0.37
fffec00f8000-fffec010c000 ---p 00078000 00:25 3105180                    /usr/lib64/libsndfile.so.1.0.37
fffec010c000-fffec0110000 r--p 0007c000 00:25 3105180                    /usr/lib64/libsndfile.so.1.0.37
fffec0110000-fffec0114000 rw-p 00080000 00:25 3105180                    /usr/lib64/libsndfile.so.1.0.37
fffec0120000-fffec019c000 r-xp 00000000 00:25 3200048                    /usr/lib64/pulseaudio/libpulsecommon-17.0.so
fffec019c000-fffec01ac000 ---p 0007c000 00:25 3200048                    /usr/lib64/pulseaudio/libpulsecommon-17.0.so
fffec01ac000-fffec01b0000 r--p 0007c000 00:25 3200048                    /usr/lib64/pulseaudio/libpulsecommon-17.0.so
fffec01b0000-fffec01b4000 rw-p 00080000 00:25 3200048                    /usr/lib64/pulseaudio/libpulsecommon-17.0.so
fffec01c0000-fffec020c000 r-xp 00000000 00:25 3200047                    /usr/lib64/libpulse.so.0.24.3
fffec020c000-fffec021c000 ---p 0004c000 00:25 3200047                    /usr/lib64/libpulse.so.0.24.3
fffec021c000-fffec0220000 r--p 0004c000 00:25 3200047                    /usr/lib64/libpulse.so.0.24.3
fffec0220000-fffec0224000 rw-p 00050000 00:25 3200047                    /usr/lib64/libpulse.so.0.24.3
fffec0230000-fffec0234000 r-xp 00000000 00:25 3200045                    /usr/lib64/libpulse-simple.so.0.1.1
fffec0234000-fffec024c000 ---p 00004000 00:25 3200045                    /usr/lib64/libpulse-simple.so.0.1.1
fffec024c000-fffec0250000 r--p 0000c000 00:25 3200045                    /usr/lib64/libpulse-simple.so.0.1.1
fffec0250000-fffec0254000 rw-p 00000000 00:00 0 
fffec0260000-fffec029c000 r-xp 00000000 00:25 3200143                    /usr/lib64/libflite.so.2.2
fffec029c000-fffec02ac000 ---p 0003c000 00:25 3200143                    /usr/lib64/libflite.so.2.2
fffec02ac000-fffec02b0000 r--p 0003c000 00:25 3200143                    /usr/lib64/libflite.so.2.2
fffec02b0000-fffec02b4000 rw-p 00040000 00:25 3200143                    /usr/lib64/libflite.so.2.2
fffec03f0000-fffec0414000 r-xp 00000000 00:25 3826951                    /usr/lib64/pipewire-0.3/libpipewire-module-session-manager.so
fffec0414000-fffec042c000 ---p 00024000 00:25 3826951                    /usr/lib64/pipewire-0.3/libpipewire-module-session-manager.so
fffec042c000-fffec0430000 r--p 0002c000 00:25 3826951                    /usr/lib64/pipewire-0.3/libpipewire-module-session-manager.so
fffec0430000-fffec0434000 rw-p 00000000 00:00 0 
fffec0440000-fffec044c000 r-xp 00000000 00:25 3826933                    /usr/lib64/pipewire-0.3/libpipewire-module-metadata.so
fffec044c000-fffec045c000 ---p 0000c000 00:25 3826933                    /usr/lib64/pipewire-0.3/libpipewire-module-metadata.so
fffec045c000-fffec0460000 r--p 0000c000 00:25 3826933                    /usr/lib64/pipewire-0.3/libpipewire-module-metadata.so
fffec0460000-fffec0464000 rw-p 00010000 00:25 3826933                    /usr/lib64/pipewire-0.3/libpipewire-module-metadata.so
fffec0470000-fffec0478000 r-xp 00000000 00:25 3826923                    /usr/lib64/pipewire-0.3/libpipewire-module-adapter.so
fffec0478000-fffec048c000 ---p 00008000 00:25 3826923                    /usr/lib64/pipewire-0.3/libpipewire-module-adapter.so
fffec048c000-fffec0490000 r--p 0000c000 00:25 3826923                    /usr/lib64/pipewire-0.3/libpipewire-module-adapter.so
fffec0490000-fffec0494000 rw-p 00010000 00:25 3826923                    /usr/lib64/pipewire-0.3/libpipewire-module-adapter.so
fffec04a0000-fffec04b0000 r-xp 00000000 00:25 3826925                    /usr/lib64/pipewire-0.3/libpipewire-module-client-device.so
fffec04b0000-fffec04bc000 ---p 00010000 00:25 3826925                    /usr/lib64/pipewire-0.3/libpipewire-module-client-device.so
fffec04bc000-fffec04c0000 r--p 0000c000 00:25 3826925                    /usr/lib64/pipewire-0.3/libpipewire-module-client-device.so
fffec04c0000-fffec04c4000 rw-p 00010000 00:25 3826925                    /usr/lib64/pipewire-0.3/libpipewire-module-client-device.so
fffec04d0000-fffec04f4000 r-xp 00000000 00:25 3826926                    /usr/lib64/pipewire-0.3/libpipewire-module-client-node.so
fffec04f4000-fffec050c000 ---p 00024000 00:25 3826926                    /usr/lib64/pipewire-0.3/libpipewire-module-client-node.so
fffec050c000-fffec0510000 r--p 0002c000 00:25 3826926                    /usr/lib64/pipewire-0.3/libpipewire-module-client-node.so
fffec0510000-fffec0514000 rw-p 00030000 00:25 3826926                    /usr/lib64/pipewire-0.3/libpipewire-module-client-node.so
fffec0520000-fffec05bc000 r-xp 00000000 00:25 3099166                    /usr/lib64/libpcre2-8.so.0.15.0
fffec05bc000-fffec05cc000 ---p 0009c000 00:25 3099166                    /usr/lib64/libpcre2-8.so.0.15.0
fffec05cc000-fffec05d0000 r--p 0009c000 00:25 3099166                    /usr/lib64/libpcre2-8.so.0.15.0
fffec05d0000-fffec05d4000 rw-p 000a0000 00:25 3099166                    /usr/lib64/libpcre2-8.so.0.15.0
fffec05e0000-fffec0610000 r-xp 00000000 00:25 3102648                    /usr/lib64/libselinux.so.1
fffec0610000-fffec061c000 ---p 00030000 00:25 3102648                    /usr/lib64/libselinux.so.1
fffec061c000-fffec0620000 r--p 0002c000 00:25 3102648                    /usr/lib64/libselinux.so.1
fffec0620000-fffec0624000 rw-p 00030000 00:25 3102648                    /usr/lib64/libselinux.so.1
fffec0630000-fffec065c000 r-xp 00000000 00:25 3826940                    /usr/lib64/pipewire-0.3/libpipewire-module-protocol-native.so
fffec065c000-fffec0664000 ---p 0002c000 00:25 3826940                    /usr/lib64/pipewire-0.3/libpipewire-module-protocol-native.so
fffec0664000-fffec0670000 r--p 00034000 00:25 3826940                    /usr/lib64/pipewire-0.3/libpipewire-module-protocol-native.so
fffec0670000-fffec0674000 rw-p 00040000 00:25 3826940                    /usr/lib64/pipewire-0.3/libpipewire-module-protocol-native.so
fffec0680000-fffec0e90000 rw-p 00000000 00:00 0 
fffec0e90000-fffec0fac000 r-xp 00000000 00:25 3098609                    /usr/lib64/libsystemd.so.0.42.0
fffec0fac000-fffec0fb4000 ---p 0011c000 00:25 3098609                    /usr/lib64/libsystemd.so.0.42.0
fffec0fb4000-fffec0fc0000 r--p 00124000 00:25 3098609                    /usr/lib64/libsystemd.so.0.42.0
fffec0fc0000-fffec0fc4000 rw-p 00130000 00:25 3098609                    /usr/lib64/libsystemd.so.0.42.0
fffec0fd0000-fffec1164000 r-xp 00000000 00:2b 2584                       /tmp/lwjgl_anguscrump/3.4.1-snapshot/arm64/libopenal.so
fffec1164000-fffec1170000 ---p 00194000 00:2b 2584                       /tmp/lwjgl_anguscrump/3.4.1-snapshot/arm64/libopenal.so
fffec1170000-fffec117c000 r--p 00190000 00:2b 2584                       /tmp/lwjgl_anguscrump/3.4.1-snapshot/arm64/libopenal.so
fffec117c000-fffec1180000 rw-p 0019c000 00:2b 2584                       /tmp/lwjgl_anguscrump/3.4.1-snapshot/arm64/libopenal.so
fffec1180000-fffec1264000 rw-p 00000000 00:00 0 
fffec1270000-fffec5558000 r--p 00000000 00:25 3827814                    /usr/lib64/libLLVM.so.22.1
fffec5558000-fffec5564000 ---p 042e8000 00:25 3827814                    /usr/lib64/libLLVM.so.22.1
fffec5564000-fffec9598000 r-xp 042e4000 00:25 3827814                    /usr/lib64/libLLVM.so.22.1
fffec9598000-fffec95a4000 ---p 08328000 00:25 3827814                    /usr/lib64/libLLVM.so.22.1
fffec95a4000-fffec97c8000 r--p 08314000 00:25 3827814                    /usr/lib64/libLLVM.so.22.1
fffec97c8000-fffec97cc000 rw-p 08538000 00:25 3827814                    /usr/lib64/libLLVM.so.22.1
fffec97cc000-fffec97d8000 ---p 0855c000 00:25 3827814                    /usr/lib64/libLLVM.so.22.1
fffec97d8000-fffec97e4000 rw-p 08538000 00:25 3827814                    /usr/lib64/libLLVM.so.22.1
fffec97e4000-fffec9890000 rw-p 00000000 00:00 0 
fffecc000000-fffecc200000 rw-p 00000000 00:00 0 
fffecc200000-fffed0000000 ---p 00000000 00:00 0 
fffed0000000-fffed0200000 rw-p 00000000 00:00 0 
fffed0200000-fffed4000000 ---p 00000000 00:00 0 
fffed4000000-fffed4580000 rw-p 00000000 00:00 0 
fffed4580000-fffed4600000 rw-p 00000000 00:00 0 
fffed4600000-fffed46e0000 rw-p 00000000 00:00 0 
fffed46e0000-fffed4980000 rw-p 00000000 00:00 0 
fffed4980000-fffed4a00000 rw-p 00000000 00:00 0 
fffed4a00000-fffed5900000 rw-p 00000000 00:00 0 
fffed5900000-fffed5a00000 rw-p 00000000 00:00 0 
fffed5a00000-fffed6b60000 rw-p 00000000 00:00 0 
fffed6b60000-fffed6c00000 ---p 00000000 00:00 0 
fffed6c00000-fffed7780000 rw-p 00000000 00:00 0 
fffed7780000-fffed8000000 ---p 00000000 00:00 0 
fffed8000000-fffed8200000 rw-p 00000000 00:00 0 
fffed8200000-fffedc000000 ---p 00000000 00:00 0 
fffedc000000-fffedc200000 rw-p 00000000 00:00 0 
fffedc200000-fffee0000000 ---p 00000000 00:00 0 
fffee0000000-fffee0200000 rw-p 00000000 00:00 0 
fffee0200000-fffee4000000 ---p 00000000 00:00 0 
fffee4000000-fffee4200000 rw-p 00000000 00:00 0 
fffee4200000-fffee8000000 ---p 00000000 00:00 0 
fffee8000000-fffee8200000 rw-p 00000000 00:00 0 
fffee8200000-fffeec000000 ---p 00000000 00:00 0 
fffeec000000-fffeec200000 rw-p 00000000 00:00 0 
fffeec200000-fffef0000000 ---p 00000000 00:00 0 
fffef0000000-fffef0200000 rw-p 00000000 00:00 0 
fffef0200000-fffef4000000 ---p 00000000 00:00 0 
fffef4000000-fffef4200000 rw-p 00000000 00:00 0 
fffef4200000-fffef8000000 ---p 00000000 00:00 0 
fffef8000000-fffef8200000 rw-p 00000000 00:00 0 
fffef8200000-fffefc000000 ---p 00000000 00:00 0 
fffefc000000-fffefc200000 rw-p 00000000 00:00 0 
fffefc200000-ffff00000000 ---p 00000000 00:00 0 
ffff00000000-ffff00200000 rw-p 00000000 00:00 0 
ffff00200000-ffff04000000 ---p 00000000 00:00 0 
ffff04000000-ffff04200000 rw-p 00000000 00:00 0 
ffff04200000-ffff08000000 ---p 00000000 00:00 0 
ffff08000000-ffff08200000 rw-p 00000000 00:00 0 
ffff08200000-ffff0c000000 ---p 00000000 00:00 0 
ffff0c000000-ffff0c200000 rw-p 00000000 00:00 0 
ffff0c200000-ffff10000000 ---p 00000000 00:00 0 
ffff10000000-ffff10200000 rw-p 00000000 00:00 0 
ffff10200000-ffff11800000 rw-p 00000000 00:00 0 
ffff11800000-ffff14000000 ---p 00000000 00:00 0 
ffff14000000-ffff14200000 rw-p 00000000 00:00 0 
ffff14200000-ffff18000000 ---p 00000000 00:00 0 
ffff18000000-ffff18200000 rw-p 00000000 00:00 0 
ffff18200000-ffff1c000000 ---p 00000000 00:00 0 
ffff1c000000-ffff1c200000 rw-p 00000000 00:00 0 
ffff1c200000-ffff1e000000 rw-p 00000000 00:00 0 
ffff1e000000-ffff20000000 ---p 00000000 00:00 0 
ffff20000000-ffff20200000 rw-p 00000000 00:00 0 
ffff20200000-ffff22800000 rw-p 00000000 00:00 0 
ffff22800000-ffff24000000 ---p 00000000 00:00 0 
ffff24000000-ffff24200000 rw-p 00000000 00:00 0 
ffff24200000-ffff26000000 rw-p 00000000 00:00 0 
ffff26000000-ffff28000000 ---p 00000000 00:00 0 
ffff28000000-ffff28200000 rw-p 00000000 00:00 0 
ffff28200000-ffff2c000000 ---p 00000000 00:00 0 
ffff2c000000-ffff2c200000 rw-p 00000000 00:00 0 
ffff2c200000-ffff30000000 ---p 00000000 00:00 0 
ffff30000000-ffff30200000 rw-p 00000000 00:00 0 
ffff30200000-ffff34000000 ---p 00000000 00:00 0 
ffff34000000-ffff34200000 rw-p 00000000 00:00 0 
ffff34200000-ffff38000000 ---p 00000000 00:00 0 
ffff38000000-ffff38200000 rw-p 00000000 00:00 0 
ffff38200000-ffff3c000000 ---p 00000000 00:00 0 
ffff3c020000-ffff3c028000 r-xp 00000000 00:25 3826945                    /usr/lib64/pipewire-0.3/libpipewire-module-rt.so
ffff3c028000-ffff3c03c000 ---p 00008000 00:25 3826945                    /usr/lib64/pipewire-0.3/libpipewire-module-rt.so
ffff3c03c000-ffff3c040000 r--p 0000c000 00:25 3826945                    /usr/lib64/pipewire-0.3/libpipewire-module-rt.so
ffff3c040000-ffff3c044000 rw-p 00010000 00:25 3826945                    /usr/lib64/pipewire-0.3/libpipewire-module-rt.so
ffff3c050000-ffff3c0a4000 r-xp 00000000 00:25 3098658                    /usr/lib64/libdbus-1.so.3.38.3
ffff3c0a4000-ffff3c0bc000 ---p 00054000 00:25 3098658                    /usr/lib64/libdbus-1.so.3.38.3
ffff3c0bc000-ffff3c0c0000 r--p 0005c000 00:25 3098658                    /usr/lib64/libdbus-1.so.3.38.3
ffff3c0c0000-ffff3c0c4000 rw-p 00060000 00:25 3098658                    /usr/lib64/libdbus-1.so.3.38.3
ffff3c0d0000-ffff3c0d8000 r-xp 00000000 00:25 3826985                    /usr/lib64/spa-0.2/support/libspa-dbus.so
ffff3c0d8000-ffff3c0ec000 ---p 00008000 00:25 3826985                    /usr/lib64/spa-0.2/support/libspa-dbus.so
ffff3c0ec000-ffff3c0f0000 r--p 0000c000 00:25 3826985                    /usr/lib64/spa-0.2/support/libspa-dbus.so
ffff3c0f0000-ffff3c0f4000 rw-p 00010000 00:25 3826985                    /usr/lib64/spa-0.2/support/libspa-dbus.so
ffff3c100000-ffff3c104000 r-xp 00000000 00:25 3826986                    /usr/lib64/spa-0.2/support/libspa-journal.so
ffff3c104000-ffff3c11c000 ---p 00004000 00:25 3826986                    /usr/lib64/spa-0.2/support/libspa-journal.so
ffff3c11c000-ffff3c120000 r--p 0000c000 00:25 3826986                    /usr/lib64/spa-0.2/support/libspa-journal.so
ffff3c120000-ffff3c124000 rw-p 00010000 00:25 3826986                    /usr/lib64/spa-0.2/support/libspa-journal.so
ffff3c130000-ffff3c154000 r-xp 00000000 00:25 3826987                    /usr/lib64/spa-0.2/support/libspa-support.so
ffff3c154000-ffff3c168000 ---p 00024000 00:25 3826987                    /usr/lib64/spa-0.2/support/libspa-support.so
ffff3c168000-ffff3c170000 r--p 00028000 00:25 3826987                    /usr/lib64/spa-0.2/support/libspa-support.so
ffff3c170000-ffff3c174000 rw-p 00030000 00:25 3826987                    /usr/lib64/spa-0.2/support/libspa-support.so
ffff3c180000-ffff3c22c000 r-xp 00000000 00:25 3826921                    /usr/lib64/libpipewire-0.3.so.0.1605.0
ffff3c22c000-ffff3c234000 ---p 000ac000 00:25 3826921                    /usr/lib64/libpipewire-0.3.so.0.1605.0
ffff3c234000-ffff3c250000 r--p 000b4000 00:25 3826921                    /usr/lib64/libpipewire-0.3.so.0.1605.0
ffff3c250000-ffff3c254000 rw-p 000d0000 00:25 3826921                    /usr/lib64/libpipewire-0.3.so.0.1605.0
ffff3c460000-ffff3c6e0000 rw-p 00000000 00:00 0 
ffff3c6e0000-ffff3c75c000 r-xp 00000000 00:2b 2583                       /tmp/lwjgl_anguscrump/3.4.1-snapshot/arm64/liblwjgl_stb.so
ffff3c75c000-ffff3c768000 ---p 0007c000 00:2b 2583                       /tmp/lwjgl_anguscrump/3.4.1-snapshot/arm64/liblwjgl_stb.so
ffff3c768000-ffff3c76c000 r--p 00078000 00:2b 2583                       /tmp/lwjgl_anguscrump/3.4.1-snapshot/arm64/liblwjgl_stb.so
ffff3c76c000-ffff3c770000 rw-p 0007c000 00:2b 2583                       /tmp/lwjgl_anguscrump/3.4.1-snapshot/arm64/liblwjgl_stb.so
ffff3c780000-ffff3c790000 r-xp 00000000 00:25 3115554                    /usr/lib64/libEGL.so.1.1.0
ffff3c790000-ffff3c79c000 ---p 00010000 00:25 3115554                    /usr/lib64/libEGL.so.1.1.0
ffff3c79c000-ffff3c7a0000 r--p 0000c000 00:25 3115554                    /usr/lib64/libEGL.so.1.1.0
ffff3c7a0000-ffff3c7a4000 rw-p 00010000 00:25 3115554                    /usr/lib64/libEGL.so.1.1.0
ffff3c7b0000-ffff3c808000 r-xp 00000000 00:2b 2582                       /tmp/lwjgl_anguscrump/3.4.1-snapshot/arm64/liblwjgl_opengl.so
ffff3c808000-ffff3c818000 ---p 00058000 00:2b 2582                       /tmp/lwjgl_anguscrump/3.4.1-snapshot/arm64/liblwjgl_opengl.so
ffff3c818000-ffff3c81c000 rw-p 00058000 00:2b 2582                       /tmp/lwjgl_anguscrump/3.4.1-snapshot/arm64/liblwjgl_opengl.so
ffff3cb6c000-ffff3d37c000 rw-p 00000000 00:00 0 
ffff3d580000-ffff3d5b0000 r-xp 00000000 00:25 3098672                    /usr/lib64/liblzma.so.5.8.2
ffff3d5b0000-ffff3d5bc000 ---p 00030000 00:25 3098672                    /usr/lib64/liblzma.so.5.8.2
ffff3d5bc000-ffff3d5c0000 r--p 0003c000 00:25 3098672                    /usr/lib64/liblzma.so.5.8.2
ffff3d5c0000-ffff3d5c4000 rw-p 00000000 00:00 0 
ffff3d5d0000-ffff3d5f8000 r-xp 00000000 00:25 3098080                    /usr/lib64/libtinfo.so.6.6
ffff3d5f8000-ffff3d60c000 ---p 00028000 00:25 3098080                    /usr/lib64/libtinfo.so.6.6
ffff3d60c000-ffff3d610000 r--p 0002c000 00:25 3098080                    /usr/lib64/libtinfo.so.6.6
ffff3d610000-ffff3d614000 rw-p 00030000 00:25 3098080                    /usr/lib64/libtinfo.so.6.6
ffff3d620000-ffff3d77c000 r-xp 00000000 00:25 3098680                    /usr/lib64/libxml2.so.2.12.10
ffff3d77c000-ffff3d784000 ---p 0015c000 00:25 3098680                    /usr/lib64/libxml2.so.2.12.10
ffff3d784000-ffff3d790000 r--p 00164000 00:25 3098680                    /usr/lib64/libxml2.so.2.12.10
ffff3d790000-ffff3d794000 rw-p 00170000 00:25 3098680                    /usr/lib64/libxml2.so.2.12.10
ffff3d7a0000-ffff3d7d4000 r-xp 00000000 00:25 3859435                    /usr/lib64/libedit.so.0.0.78
ffff3d7d4000-ffff3d7ec000 ---p 00034000 00:25 3859435                    /usr/lib64/libedit.so.0.0.78
ffff3d7ec000-ffff3d7f0000 r--p 0003c000 00:25 3859435                    /usr/lib64/libedit.so.0.0.78
ffff3d7f0000-ffff3d7f4000 rw-p 00040000 00:25 3859435                    /usr/lib64/libedit.so.0.0.78
ffff3d800000-ffff3d818000 r-xp 00000000 00:25 3099018                    /usr/lib64/libffi.so.8.2.0
ffff3d818000-ffff3d82c000 ---p 00018000 00:25 3099018                    /usr/lib64/libffi.so.8.2.0
ffff3d82c000-ffff3d830000 r--p 0001c000 00:25 3099018                    /usr/lib64/libffi.so.8.2.0
ffff3d830000-ffff3d834000 rw-p 00020000 00:25 3099018                    /usr/lib64/libffi.so.8.2.0
ffff3d840000-ffff3dabc000 r-xp 00000000 00:25 3565243                    /usr/lib64/libstdc++.so.6.0.35
ffff3dabc000-ffff3dacc000 ---p 0027c000 00:25 3565243                    /usr/lib64/libstdc++.so.6.0.35
ffff3dacc000-ffff3dae0000 r--p 0027c000 00:25 3565243                    /usr/lib64/libstdc++.so.6.0.35
ffff3dae0000-ffff3dae4000 rw-p 00290000 00:25 3565243                    /usr/lib64/libstdc++.so.6.0.35
ffff3dae4000-ffff3dae8000 rw-p 00000000 00:00 0 
ffff3ddc0000-ffff3de84000 r-xp 00000000 00:25 3098619                    /usr/lib64/libzstd.so.1.5.7
ffff3de84000-ffff3de9c000 ---p 000c4000 00:25 3098619                    /usr/lib64/libzstd.so.1.5.7
ffff3de9c000-ffff3dea0000 r--p 000cc000 00:25 3098619                    /usr/lib64/libzstd.so.1.5.7
ffff3dea0000-ffff3dea4000 rw-p 000d0000 00:25 3098619                    /usr/lib64/libzstd.so.1.5.7
ffff3e000000-ffff4be94000 r--p 00000000 00:25 3810908                    /usr/lib/locale/locale-archive
ffff4beb0000-ffff4bfc8000 r-xp 00000000 00:25 3105144                    /usr/lib64/libGLdispatch.so.0.0.0
ffff4bfc8000-ffff4bfd4000 ---p 00118000 00:25 3105144                    /usr/lib64/libGLdispatch.so.0.0.0
ffff4bfd4000-ffff4bff0000 r--p 00124000 00:25 3105144                    /usr/lib64/libGLdispatch.so.0.0.0
ffff4bff0000-ffff4bff4000 rw-p 00140000 00:25 3105144                    /usr/lib64/libGLdispatch.so.0.0.0
ffff4bff4000-ffff4bffc000 rw-p 00000000 00:00 0 
ffff4c000000-ffff4c400000 rw-p 00000000 00:00 0 
ffff4c400000-ffff4cb80000 rw-p 00000000 00:00 0 
ffff4cb80000-ffff4cc00000 rw-p 00000000 00:00 0 
ffff4cc00000-ffff4d600000 rw-p 00000000 00:00 0 
ffff4d600000-ffff4d780000 rw-p 00000000 00:00 0 
ffff4d780000-ffff4d800000 rw-p 00000000 00:00 0 
ffff4d800000-ffff4dde0000 rw-p 00000000 00:00 0 
ffff4dde0000-ffff4e7c0000 rw-p 00000000 00:00 0 
ffff4e7c0000-ffff4ff00000 rw-p 00000000 00:00 0 
ffff4ff00000-ffff50000000 rw-p 00000000 00:00 0 
ffff50000000-ffff50200000 rw-p 00000000 00:00 0 
ffff50200000-ffff54000000 ---p 00000000 00:00 0 
ffff54000000-ffff54200000 rw-p 00000000 00:00 0 
ffff54200000-ffff58000000 ---p 00000000 00:00 0 
ffff58000000-ffff58200000 rw-p 00000000 00:00 0 
ffff58200000-ffff5c000000 ---p 00000000 00:00 0 
ffff5c000000-ffff5c200000 rw-p 00000000 00:00 0 
ffff5c200000-ffff5c800000 rw-p 00000000 00:00 0 
ffff5c800000-ffff60000000 ---p 00000000 00:00 0 
ffff60000000-ffff60200000 rw-p 00000000 00:00 0 
ffff60200000-ffff64000000 ---p 00000000 00:00 0 
ffff64000000-ffff64200000 rw-p 00000000 00:00 0 
ffff64200000-ffff68000000 ---p 00000000 00:00 0 
ffff68190000-ffff68198000 r-xp 00000000 00:25 3101940                    /usr/lib64/libXfixes.so.3.1.0
ffff68198000-ffff681ac000 ---p 00008000 00:25 3101940                    /usr/lib64/libXfixes.so.3.1.0
ffff681ac000-ffff681b0000 r--p 0000c000 00:25 3101940                    /usr/lib64/libXfixes.so.3.1.0
ffff681b0000-ffff681b4000 rw-p 00010000 00:25 3101940                    /usr/lib64/libXfixes.so.3.1.0
ffff681c0000-ffff681cc000 r-xp 00000000 00:25 3101960                    /usr/lib64/libXcursor.so.1.0.2
ffff681cc000-ffff681dc000 ---p 0000c000 00:25 3101960                    /usr/lib64/libXcursor.so.1.0.2
ffff681dc000-ffff681e0000 r--p 0000c000 00:25 3101960                    /usr/lib64/libXcursor.so.1.0.2
ffff681e0000-ffff681e4000 rw-p 00000000 00:00 0 
ffff681f0000-ffff681fc000 r-xp 00000000 00:25 3101950                    /usr/lib64/libXrender.so.1.3.0
ffff681fc000-ffff6820c000 ---p 0000c000 00:25 3101950                    /usr/lib64/libXrender.so.1.3.0
ffff6820c000-ffff68210000 r--p 0000c000 00:25 3101950                    /usr/lib64/libXrender.so.1.3.0
ffff68210000-ffff68214000 rw-p 00010000 00:25 3101950                    /usr/lib64/libXrender.so.1.3.0
ffff68250000-ffff68264000 r-xp 00000000 00:25 3101935                    /usr/lib64/libXext.so.6.4.0
ffff68264000-ffff6827c000 ---p 00014000 00:25 3101935                    /usr/lib64/libXext.so.6.4.0
ffff6827c000-ffff68280000 r--p 0001c000 00:25 3101935                    /usr/lib64/libXext.so.6.4.0
ffff68280000-ffff68284000 rw-p 00020000 00:25 3101935                    /usr/lib64/libXext.so.6.4.0
ffff68290000-ffff683d8000 r-xp 00000000 00:25 3101932                    /usr/lib64/libX11.so.6.4.0
ffff683d8000-ffff683ec000 ---p 00148000 00:25 3101932                    /usr/lib64/libX11.so.6.4.0
ffff683ec000-ffff683f0000 r--p 0014c000 00:25 3101932                    /usr/lib64/libX11.so.6.4.0
ffff683f0000-ffff683f4000 rw-p 00150000 00:25 3101932                    /usr/lib64/libX11.so.6.4.0
ffff68400000-ffff68800000 rw-p 00000000 00:00 0 
ffff68870000-ffff68874000 r-xp 00000000 00:25 3101844                    /usr/lib64/libXau.so.6.0.0
ffff68874000-ffff6888c000 ---p 00004000 00:25 3101844                    /usr/lib64/libXau.so.6.0.0
ffff6888c000-ffff68890000 r--p 0000c000 00:25 3101844                    /usr/lib64/libXau.so.6.0.0
ffff68890000-ffff68894000 rw-p 00000000 00:00 0 
ffff688a0000-ffff688cc000 r-xp 00000000 00:25 3101927                    /usr/lib64/libxcb.so.1.1.0
ffff688cc000-ffff688dc000 ---p 0002c000 00:25 3101927                    /usr/lib64/libxcb.so.1.1.0
ffff688dc000-ffff688e0000 r--p 0002c000 00:25 3101927                    /usr/lib64/libxcb.so.1.1.0
ffff688e0000-ffff688e4000 rw-p 00030000 00:25 3101927                    /usr/lib64/libxcb.so.1.1.0
ffff688f0000-ffff68964000 r-xp 00000000 00:2b 2581                       /tmp/lwjgl_anguscrump/3.4.1-snapshot/arm64/libjemalloc.so
ffff68964000-ffff68970000 ---p 00074000 00:2b 2581                       /tmp/lwjgl_anguscrump/3.4.1-snapshot/arm64/libjemalloc.so
ffff68970000-ffff68974000 r--p 00070000 00:2b 2581                       /tmp/lwjgl_anguscrump/3.4.1-snapshot/arm64/libjemalloc.so
ffff68974000-ffff68978000 rw-p 00074000 00:2b 2581                       /tmp/lwjgl_anguscrump/3.4.1-snapshot/arm64/libjemalloc.so
ffff68978000-ffff68a04000 rw-p 00000000 00:00 0 
ffff68a10000-ffff68a84000 r-xp 00000000 00:2b 2580                       /tmp/lwjgl_anguscrump/3.4.1-snapshot/arm64/libglfw.so
ffff68a84000-ffff68a94000 ---p 00074000 00:2b 2580                       /tmp/lwjgl_anguscrump/3.4.1-snapshot/arm64/libglfw.so
ffff68a94000-ffff68a9c000 rw-p 00074000 00:2b 2580                       /tmp/lwjgl_anguscrump/3.4.1-snapshot/arm64/libglfw.so
ffff68a9c000-ffff68ac0000 rw-p 00000000 00:00 0 
ffff68ad0000-ffff68b54000 r-xp 00000000 00:2b 2579                       /tmp/lwjgl_anguscrump/3.4.1-snapshot/arm64/liblwjgl.so
ffff68b54000-ffff68b60000 ---p 00084000 00:2b 2579                       /tmp/lwjgl_anguscrump/3.4.1-snapshot/arm64/liblwjgl.so
ffff68b60000-ffff68b64000 r--p 00080000 00:2b 2579                       /tmp/lwjgl_anguscrump/3.4.1-snapshot/arm64/liblwjgl.so
ffff68b64000-ffff68b68000 rw-p 00084000 00:2b 2579                       /tmp/lwjgl_anguscrump/3.4.1-snapshot/arm64/liblwjgl.so
ffff68b70000-ffff68ba0000 r-xp 00000000 00:25 3098606                    /usr/lib64/libnss_resolve.so.2
ffff68ba0000-ffff68bac000 ---p 00030000 00:25 3098606                    /usr/lib64/libnss_resolve.so.2
ffff68bac000-ffff68bb0000 r--p 0003c000 00:25 3098606                    /usr/lib64/libnss_resolve.so.2
ffff68bb0000-ffff68bb4000 rw-p 00040000 00:25 3098606                    /usr/lib64/libnss_resolve.so.2
ffff68bc0000-ffff69400000 rw-p 00000000 00:00 0 
ffff69600000-ffff6960c000 ---p 00000000 00:00 0 
ffff6960c000-ffff69800000 rw-p 00000000 00:00 0 
ffff69c00000-ffff69c0c000 ---p 00000000 00:00 0 
ffff69c0c000-ffff69e00000 rw-p 00000000 00:00 0 
ffff69e00000-ffff69e0c000 ---p 00000000 00:00 0 
ffff69e0c000-ffff6a000000 rw-p 00000000 00:00 0 
ffff6a000000-ffff6c000000 rw-p 00000000 00:00 0 
ffff6c000000-ffff6c200000 rw-p 00000000 00:00 0 
ffff6c200000-ffff70000000 ---p 00000000 00:00 0 
ffff70000000-ffff70200000 rw-p 00000000 00:00 0 
ffff70200000-ffff74000000 ---p 00000000 00:00 0 
ffff74020000-ffff74024000 r-xp 00000000 00:25 8789711                    /home/anguscrump/.jdks/jbr-25.0.3/lib/libextnet.so
ffff74024000-ffff7403c000 ---p 00004000 00:25 8789711                    /home/anguscrump/.jdks/jbr-25.0.3/lib/libextnet.so
ffff7403c000-ffff74040000 r--p 0000c000 00:25 8789711                    /home/anguscrump/.jdks/jbr-25.0.3/lib/libextnet.so
ffff74040000-ffff74044000 rw-p 00000000 00:00 0 
ffff74050000-ffff74054000 r-xp 00000000 00:25 3115273                    /usr/lib64/libnss_mdns4_minimal.so.2
ffff74054000-ffff7406c000 ---p 00004000 00:25 3115273                    /usr/lib64/libnss_mdns4_minimal.so.2
ffff7406c000-ffff74070000 r--p 0000c000 00:25 3115273                    /usr/lib64/libnss_mdns4_minimal.so.2
ffff74070000-ffff74074000 rw-p 00000000 00:00 0 
ffff74080000-ffff740c4000 r-xp 00000000 00:25 3098611                    /usr/lib64/libudev.so.1.7.12
ffff740c4000-ffff740d8000 ---p 00044000 00:25 3098611                    /usr/lib64/libudev.so.1.7.12
ffff740d8000-ffff740e0000 r--p 00048000 00:25 3098611                    /usr/lib64/libudev.so.1.7.12
ffff740e0000-ffff740e4000 rw-p 00050000 00:25 3098611                    /usr/lib64/libudev.so.1.7.12
ffff74120000-ffff74144000 r-xp 00000000 00:25 8814980                    /home/anguscrump/.cache/JNA/temp/jna12433572053443798811.tmp (deleted)
ffff74144000-ffff74150000 ---p 00024000 00:25 8814980                    /home/anguscrump/.cache/JNA/temp/jna12433572053443798811.tmp (deleted)
ffff74150000-ffff74154000 r--p 00020000 00:25 8814980                    /home/anguscrump/.cache/JNA/temp/jna12433572053443798811.tmp (deleted)
ffff74154000-ffff74158000 rw-p 00024000 00:25 8814980                    /home/anguscrump/.cache/JNA/temp/jna12433572053443798811.tmp (deleted)
ffff74360000-ffff7436c000 ---p 00000000 00:00 0 
ffff7436c000-ffff74560000 rw-p 00000000 00:00 0 
ffff74560000-ffff7456c000 ---p 00000000 00:00 0 
ffff7456c000-ffff74760000 rw-p 00000000 00:00 0 
ffff74760000-ffff74770000 r-xp 00000000 00:25 8789741                    /home/anguscrump/.jdks/jbr-25.0.3/lib/libverify.so
ffff74770000-ffff7477c000 ---p 00010000 00:25 8789741                    /home/anguscrump/.jdks/jbr-25.0.3/lib/libverify.so
ffff7477c000-ffff74780000 r--p 0000c000 00:25 8789741                    /home/anguscrump/.jdks/jbr-25.0.3/lib/libverify.so
ffff74780000-ffff74784000 rw-p 00000000 00:00 0 
ffff7478c000-ffff751dc000 rw-p 00000000 00:00 0 
ffff753dc000-ffff76b0c000 rw-p 00000000 00:00 0 
ffff76b0c000-ffff78e9c000 ---p 00000000 00:00 0 
ffff78e9c000-ffff78ffc000 rw-p 00000000 00:00 0 
ffff78ffc000-ffff7addc000 rwxp 00000000 00:00 0 
ffff7addc000-ffff80534000 ---p 00000000 00:00 0 
ffff80534000-ffff808f4000 rwxp 00000000 00:00 0 
ffff808f4000-ffff80ac8000 ---p 00000000 00:00 0 
ffff80ac8000-ffff81ba8000 rwxp 00000000 00:00 0 
ffff81ba8000-ffff88000000 ---p 00000000 00:00 0 
ffff88000000-ffff8bff4000 r--s 00000000 00:25 8789745                    /home/anguscrump/.jdks/jbr-25.0.3/lib/modules
ffff8c000000-ffff8c200000 rw-p 00000000 00:00 0 
ffff8c200000-ffff90000000 rw-p 00000000 00:00 0 
ffff90020000-ffff90040000 r-xp 00000000 00:25 3565233                    /usr/lib64/libgcc_s-16-20260501.so.1
ffff90040000-ffff9004c000 ---p 00020000 00:25 3565233                    /usr/lib64/libgcc_s-16-20260501.so.1
ffff9004c000-ffff90050000 r--p 0001c000 00:25 3565233                    /usr/lib64/libgcc_s-16-20260501.so.1
ffff90050000-ffff90054000 rw-p 00000000 00:00 0 
ffff90060000-ffff9008c000 r-xp 00000000 00:25 3098605                    /usr/lib64/libnss_myhostname.so.2
ffff9008c000-ffff90098000 ---p 0002c000 00:25 3098605                    /usr/lib64/libnss_myhostname.so.2
ffff90098000-ffff900a0000 r--p 00028000 00:25 3098605                    /usr/lib64/libnss_myhostname.so.2
ffff900a0000-ffff900a4000 rw-p 00030000 00:25 3098605                    /usr/lib64/libnss_myhostname.so.2
ffff900b0000-ffff900b8000 r-xp 00000000 00:25 8789729                    /home/anguscrump/.jdks/jbr-25.0.3/lib/libmanagement_ext.so
ffff900b8000-ffff900cc000 ---p 00008000 00:25 8789729                    /home/anguscrump/.jdks/jbr-25.0.3/lib/libmanagement_ext.so
ffff900cc000-ffff900d0000 r--p 0000c000 00:25 8789729                    /home/anguscrump/.jdks/jbr-25.0.3/lib/libmanagement_ext.so
ffff900d0000-ffff900d4000 rw-p 00000000 00:00 0 
ffff900e0000-ffff900e4000 r-xp 00000000 00:25 8789728                    /home/anguscrump/.jdks/jbr-25.0.3/lib/libmanagement.so
ffff900e4000-ffff900fc000 ---p 00004000 00:25 8789728                    /home/anguscrump/.jdks/jbr-25.0.3/lib/libmanagement.so
ffff900fc000-ffff90100000 r--p 0000c000 00:25 8789728                    /home/anguscrump/.jdks/jbr-25.0.3/lib/libmanagement.so
ffff90100000-ffff90104000 rw-p 00000000 00:00 0 
ffff90310000-ffff9031c000 ---p 00000000 00:00 0 
ffff9031c000-ffff90510000 rw-p 00000000 00:00 0 
ffff90510000-ffff90518000 r-xp 00000000 00:25 8789743                    /home/anguscrump/.jdks/jbr-25.0.3/lib/libzip.so
ffff90518000-ffff9052c000 ---p 00008000 00:25 8789743                    /home/anguscrump/.jdks/jbr-25.0.3/lib/libzip.so
ffff9052c000-ffff90530000 r--p 0000c000 00:25 8789743                    /home/anguscrump/.jdks/jbr-25.0.3/lib/libzip.so
ffff90530000-ffff90534000 rw-p 00000000 00:00 0 
ffff90540000-ffff9054c000 r-xp 00000000 00:25 8789731                    /home/anguscrump/.jdks/jbr-25.0.3/lib/libnet.so
ffff9054c000-ffff9055c000 ---p 0000c000 00:25 8789731                    /home/anguscrump/.jdks/jbr-25.0.3/lib/libnet.so
ffff9055c000-ffff90560000 r--p 0000c000 00:25 8789731                    /home/anguscrump/.jdks/jbr-25.0.3/lib/libnet.so
ffff90560000-ffff90564000 rw-p 00000000 00:00 0 
ffff90570000-ffff90584000 r-xp 00000000 00:25 8789733                    /home/anguscrump/.jdks/jbr-25.0.3/lib/libnio.so
ffff90584000-ffff9059c000 ---p 00014000 00:25 8789733                    /home/anguscrump/.jdks/jbr-25.0.3/lib/libnio.so
ffff9059c000-ffff905a0000 r--p 0001c000 00:25 8789733                    /home/anguscrump/.jdks/jbr-25.0.3/lib/libnio.so
ffff905a0000-ffff905a4000 rw-p 00020000 00:25 8789733                    /home/anguscrump/.jdks/jbr-25.0.3/lib/libnio.so
ffff905a8000-ffff905b4000 ---p 00000000 00:00 0 
ffff905b4000-ffff907a8000 rw-p 00000000 00:00 0 
ffff907a8000-ffff907b4000 ---p 00000000 00:00 0 
ffff907b4000-ffff909a8000 rw-p 00000000 00:00 0 
ffff909a8000-ffff909b4000 ---p 00000000 00:00 0 
ffff909b4000-ffff90ba8000 rw-p 00000000 00:00 0 
ffff90ba8000-ffff90bb4000 ---p 00000000 00:00 0 
ffff90bb4000-ffff90da8000 rw-p 00000000 00:00 0 
ffff90da8000-ffff90db4000 ---p 00000000 00:00 0 
ffff90db4000-ffff90fa8000 rw-p 00000000 00:00 0 
ffff90fa8000-ffff90fb4000 ---p 00000000 00:00 0 
ffff90fb4000-ffff911a8000 rw-p 00000000 00:00 0 
ffff911a8000-ffff911b4000 ---p 00000000 00:00 0 
ffff911b4000-ffff913a8000 rw-p 00000000 00:00 0 
ffff913a8000-ffff913b4000 ---p 00000000 00:00 0 
ffff913b4000-ffff915a8000 rw-p 00000000 00:00 0 
ffff915a8000-ffff917a4000 rw-p 00000000 00:00 0 
ffff917a4000-ffff919b4000 rw-p 00000000 00:00 0 
ffff919b4000-ffff919c0000 ---p 00000000 00:00 0 
ffff919c0000-ffff91dd4000 rw-p 00000000 00:00 0 
ffff91dd8000-ffff91ddc000 rw-p 00000000 00:00 0 
ffff91ddc000-ffff91de0000 r-xp 00000000 00:2b 9216                       /tmp/#9216 (deleted)
ffff91de0000-ffff91de4000 rw-p 00000000 00:00 0 
ffff91e44000-ffff92264000 rw-p 00000000 00:00 0 
ffff92264000-ffff92b88000 rw-p 00000000 00:00 0 
ffff92b88000-ffff931b8000 rw-p 00000000 00:00 0 
ffff931b8000-ffff93520000 rw-p 00000000 00:00 0 
ffff93520000-ffff93990000 ---p 00000000 00:00 0 
ffff93990000-ffff93ca4000 rw-p 00000000 00:00 0 
ffff93ca4000-ffff94114000 ---p 00000000 00:00 0 
ffff94114000-ffff949a4000 rw-p 00000000 00:00 0 
ffff949a4000-ffff94b38000 ---p 00000000 00:00 0 
ffff94b38000-ffff94bb0000 rw-p 00000000 00:00 0 
ffff94bb0000-ffff94d10000 ---p 00000000 00:00 0 
ffff94d10000-ffff94d34000 r-xp 00000000 00:25 8789719                    /home/anguscrump/.jdks/jbr-25.0.3/lib/libjava.so
ffff94d34000-ffff94d4c000 ---p 00024000 00:25 8789719                    /home/anguscrump/.jdks/jbr-25.0.3/lib/libjava.so
ffff94d4c000-ffff94d50000 r--p 0002c000 00:25 8789719                    /home/anguscrump/.jdks/jbr-25.0.3/lib/libjava.so
ffff94d50000-ffff94d54000 rw-p 00030000 00:25 8789719                    /home/anguscrump/.jdks/jbr-25.0.3/lib/libjava.so
ffff94d60000-ffff94d7c000 r-xp 00000000 00:25 8789723                    /home/anguscrump/.jdks/jbr-25.0.3/lib/libjimage.so
ffff94d7c000-ffff94d8c000 ---p 0001c000 00:25 8789723                    /home/anguscrump/.jdks/jbr-25.0.3/lib/libjimage.so
ffff94d8c000-ffff94d90000 r--p 0001c000 00:25 8789723                    /home/anguscrump/.jdks/jbr-25.0.3/lib/libjimage.so
ffff94d90000-ffff94d94000 rw-p 00020000 00:25 8789723                    /home/anguscrump/.jdks/jbr-25.0.3/lib/libjimage.so
ffff94da0000-ffff94dac000 ---p 00000000 00:00 0 
ffff94dac000-ffff94fa0000 rw-p 00000000 00:00 0 
ffff94fa0000-ffff95050000 r-xp 00000000 00:25 3800671                    /usr/lib64/libm.so.6
ffff95050000-ffff9505c000 ---p 000b0000 00:25 3800671                    /usr/lib64/libm.so.6
ffff9505c000-ffff95060000 r--p 000ac000 00:25 3800671                    /usr/lib64/libm.so.6
ffff95060000-ffff95064000 rw-p 000b0000 00:25 3800671                    /usr/lib64/libm.so.6
ffff95070000-ffff95074000 r-xp 00000000 00:25 3800679                    /usr/lib64/librt.so.1
ffff95074000-ffff9508c000 ---p 00004000 00:25 3800679                    /usr/lib64/librt.so.1
ffff9508c000-ffff95090000 r--p 0000c000 00:25 3800679                    /usr/lib64/librt.so.1
ffff95090000-ffff95094000 rw-p 00000000 00:00 0 
ffff950a0000-ffff96420000 r-xp 00000000 00:25 8789753                    /home/anguscrump/.jdks/jbr-25.0.3/lib/server/libjvm.so
ffff96420000-ffff96430000 ---p 01380000 00:25 8789753                    /home/anguscrump/.jdks/jbr-25.0.3/lib/server/libjvm.so
ffff96430000-ffff96510000 r--p 01380000 00:25 8789753                    /home/anguscrump/.jdks/jbr-25.0.3/lib/server/libjvm.so
ffff96510000-ffff96540000 rw-p 01460000 00:25 8789753                    /home/anguscrump/.jdks/jbr-25.0.3/lib/server/libjvm.so
ffff96540000-ffff965e8000 rw-p 00000000 00:00 0 
ffff965f0000-ffff965f4000 r-xp 00000000 00:25 3800677                    /usr/lib64/libpthread.so.0
ffff965f4000-ffff9660c000 ---p 00004000 00:25 3800677                    /usr/lib64/libpthread.so.0
ffff9660c000-ffff96610000 r--p 0000c000 00:25 3800677                    /usr/lib64/libpthread.so.0
ffff96610000-ffff96614000 rw-p 00000000 00:00 0 
ffff96620000-ffff96624000 r-xp 00000000 00:25 3800670                    /usr/lib64/libdl.so.2
ffff96624000-ffff9663c000 ---p 00004000 00:25 3800670                    /usr/lib64/libdl.so.2
ffff9663c000-ffff96640000 r--p 0000c000 00:25 3800670                    /usr/lib64/libdl.so.2
ffff96640000-ffff96644000 rw-p 00000000 00:00 0 
ffff96650000-ffff96670000 r-xp 00000000 00:25 3098599                    /usr/lib64/libz.so.1.3.1.zlib-ng
ffff96670000-ffff9667c000 ---p 00020000 00:25 3098599                    /usr/lib64/libz.so.1.3.1.zlib-ng
ffff9667c000-ffff96680000 r--p 0001c000 00:25 3098599                    /usr/lib64/libz.so.1.3.1.zlib-ng
ffff96680000-ffff96684000 rw-p 00020000 00:25 3098599                    /usr/lib64/libz.so.1.3.1.zlib-ng
ffff96690000-ffff96838000 r-xp 00000000 00:25 3800669                    /usr/lib64/libc.so.6
ffff96838000-ffff9684c000 ---p 001a8000 00:25 3800669                    /usr/lib64/libc.so.6
ffff9684c000-ffff96850000 r--p 001ac000 00:25 3800669                    /usr/lib64/libc.so.6
ffff96850000-ffff96854000 rw-p 001b0000 00:25 3800669                    /usr/lib64/libc.so.6
ffff96854000-ffff9685c000 rw-p 00000000 00:00 0 
ffff96868000-ffff9686c000 r--p 00000000 00:00 0 
ffff9686c000-ffff96874000 r--s 00000000 00:25 3811701                    /usr/lib64/gconv/gconv-modules.cache
ffff96874000-ffff96888000 rw-p 00000000 00:00 0 
ffff96888000-ffff96890000 ---p 00000000 00:00 0 
ffff96890000-ffff968a0000 r-xp 00000000 00:25 8789724                    /home/anguscrump/.jdks/jbr-25.0.3/lib/libjli.so
ffff968a0000-ffff968ac000 ---p 00010000 00:25 8789724                    /home/anguscrump/.jdks/jbr-25.0.3/lib/libjli.so
ffff968ac000-ffff968b0000 r--p 0000c000 00:25 8789724                    /home/anguscrump/.jdks/jbr-25.0.3/lib/libjli.so
ffff968b0000-ffff968b4000 rw-p 00010000 00:25 8789724                    /home/anguscrump/.jdks/jbr-25.0.3/lib/libjli.so
ffff968b4000-ffff968bc000 rw-s 00000000 00:2b 9214                       /tmp/hsperfdata_anguscrump/306264 (deleted)
ffff968bc000-ffff968c0000 ---p 00000000 00:00 0 
ffff968c0000-ffff968c4000 r--p 00000000 00:00 0 
ffff968c4000-ffff968d4000 r--p 00000000 00:00 0                          [vvar]
ffff968d4000-ffff968d8000 r-xp 00000000 00:00 0                          [vdso]
ffff968d8000-ffff96904000 r-xp 00000000 00:25 3800657                    /usr/lib/ld-linux-aarch64.so.1
ffff96904000-ffff96908000 rw-p 00000000 00:00 0 
ffff96908000-ffff9690c000 ---p 00000000 00:00 0 
ffff9690c000-ffff96914000 rw-p 00000000 00:00 0 
ffff96914000-ffff96918000 r--p 0002c000 00:25 3800657                    /usr/lib/ld-linux-aarch64.so.1
ffff96918000-ffff9691c000 rw-p 00030000 00:25 3800657                    /usr/lib/ld-linux-aarch64.so.1
ffffc0e6c000-ffffc0e90000 rw-p 00000000 00:00 0                          [stack]
Total number of mappings: 613

JVMTI agents: none


VM Arguments:
jvm_args: -Dfabric.dli.config=/home/anguscrump/Documents/Coding/ribbon-world/.gradle/loom-cache/launch.cfg -Dfabric.dli.env=client -Dfabric.dli.main=net.fabricmc.loader.impl.launch.knot.KnotClient --sun-misc-unsafe-memory-access=allow --enable-native-access=ALL-UNNAMED --sun-misc-unsafe-memory-access=allow --enable-native-access=ALL-UNNAMED -Dfile.encoding=UTF-8 -Duser.country=AU -Duser.language=en -Duser.variant -Dawt.toolkit.name=XToolkit 
java_command: net.fabricmc.devlaunchinjector.Main
java_class_path (initial): /home/anguscrump/Documents/Coding/ribbon-world/build/classes/java/client:/home/anguscrump/Documents/Coding/ribbon-world/build/resources/client:/home/anguscrump/.gradle/caches/modules-2/files-2.1/net.fabricmc/fabric-loader/0.19.2/cc647a5b22dbc49b9a3267cebcee25fc4882b108/fabric-loader-0.19.2.jar:/home/anguscrump/.gradle/caches/modules-2/files-2.1/net.fabricmc.fabric-api/fabric-api/0.149.0+26.1.2/1d3aa9049af831d4d7ed7fbf1b5f0fbb37d7fab4/fabric-api-0.149.0+26.1.2.jar:/home/anguscrump/.gradle/caches/modules-2/files-2.1/org.ow2.asm/asm/9.9/c29635c8a7afa03d74b33c1884df8abb2b3f3dcc/asm-9.9.jar:/home/anguscrump/.gradle/caches/modules-2/files-2.1/org.ow2.asm/asm-analysis/9.9/bf4fa6e66638851c1cd22c2caea0c3ee5d5f437/asm-analysis-9.9.jar:/home/anguscrump/.gradle/caches/modules-2/files-2.1/org.ow2.asm/asm-commons/9.9/db9165a3bf908ded6b08612d583a15d1d0c7bda0/asm-commons-9.9.jar:/home/anguscrump/.gradle/caches/modules-2/files-2.1/org.ow2.asm/asm-tree/9.9/f8de6eead6d24dd0f45bd065bbe112b2cda6ea21/asm-tree-9.9.jar:/home/anguscrump/.gradle/caches/modules-2/files-2.1/org.ow2.asm/asm-util/9.9/42fdfc0508b43807c8078d6e82ecff2ce2112ae8/asm-util-9.9.jar:/home/anguscrump/.gradle/caches/modules-2/files-2.1/net.fabricmc/sponge-mixin/0.17.2+mixin.0.8.7/edf98d1d98229e46e36c61774ae2b54dcd852981/sponge-mixin-0.17.2+mixin.0.8.7.jar:/home/anguscrump/.gradle/caches/modules-2/files-2.1/io.github.llamalad7/mixinextras-fabric/0.5.4/5e167154bcb9942111313a5e186e16cd7265f858/mixinextras-fabric-0.5.4.jar:/home/anguscrump/.gradle/caches/modules-2/files-2.1/net.fabricmc/dev-launch-injector/0.2.1+build.8/da8bef7e6e2f952da707f282bdb46882a0fce5e3/dev-launch-injector-0.2.1+build.8.jar:/home/anguscrump/.gradle/caches/modules-2/files-2.1/net.fabricmc/fabric-log4j-util/1.0.2/ef0b3fb613356feb75a67d54f2fad6f03a006648/fabric-log4j-util-1.0.2.jar:/home/anguscrump/.gradle/caches/modules-2/files-2.1/at.yawk.lz4/lz4-java/1.10.1/f541d7f910fe3d76f38f799c507c48cc81b12ecb/lz4-java-1.10.1.jar:/home/anguscrump/.gradle/caches/modules-2/files-2.1/com.azure/azure-json/1.4.0/fcc1d354dbc3e0300e5276b1bf124d0247799cd8/azure-json-1.4.0.jar:/home/anguscrump/.gradle/caches/modules-2/files-2.1/com.github.oshi/oshi-core/6.9.0/3224870731860cfcd7744581a05b559e94291e7/oshi-core-6.9.0.jar:/home/anguscrump/.gradle/caches/modules-2/files-2.1/com.google.code.gson/gson/2.13.2/48b8230771e573b54ce6e867a9001e75977fe78e/gson-2.13.2.jar:/home/anguscrump/.gradle/caches/modules-2/files-2.1/com.google.guava/failureaccess/1.0.3/aeaffd00d57023a2c947393ed251f0354f0985fc/failureaccess-1.0.3.jar:/home/anguscrump/.gradle/caches/modules-2/files-2.1/com.google.guava/guava/33.5.0-jre/8699de25f2f979108d6c1b804a7ba38cda1116bc/guava-33.5.0-jre.jar:/home/anguscrump/.gradle/caches/modules-2/files-2.1/com.ibm.icu/icu4j/77.1/38693cf0b1d7362a8b726af74dc06026a7c23809/icu4j-77.1.jar:/home/anguscrump/.gradle/caches/modules-2/files-2.1/com.microsoft.azure/msal4j/1.23.1/6c722b514873b24a4e1ce9c22dca36ea3c22bdbe/msal4j-1.23.1.jar:/home/anguscrump/.gradle/caches/modules-2/files-2.1/com.mojang/authlib/7.0.63/54895b4e25e8b9b4cbbbe25f24eccf2b71b1ac2b/authlib-7.0.63.jar:/home/anguscrump/.gradle/caches/modules-2/files-2.1/com.mojang/blocklist/1.0.10/5c685c5ffa94c4cd39496c7184c1d122e515ecef/blocklist-1.0.10.jar:/home/anguscrump/.gradle/caches/modules-2/files-2.1/com.mojang/brigadier/1.3.10/d15b53a14cf20fdcaa98f731af5dda654452c010/brigadier-1.3.10.jar:/home/anguscrump/.gradle/caches/modules-2/files-2.1/com.mojang/datafixerupper/9.0.19/4e91f9712fa1e83231d1501625381b0210a977da/datafixerupper-9.0.19.jar:/home/anguscrump/.gradle/caches/modules-2/files-2.1/com.mojang/jtracy/1.0.37/a3fb649b2e2b2288d2978f0b0bc3d83f62809d1e/jtracy-1.0.37.jar:/home/anguscrump/.gradle/caches/modules-2/files-2.1/com.mojang/jtracy/1.0.37/e1b4395227af41195da9e2ead13c48ee0b7d31cd/jtracy-1.0.37-natives-linux.jar:/home/anguscrump/.gradle/caches/modules-2/files-2.1/com.mojang/logging/1.6.11/fd147240733010c158249d986323f9ef98977fe/logging-1.6.11.jar:/home/anguscrump/.gradle/caches/modules-2/files-2.1/com.mojang/patchy/2.2.10/da05971b07cbb379d002cf7eaec6a2048211fefc/patchy-2.2.10.jar:/home/anguscrump/.gradle/caches/modules-2/files-2.1/com.mojang/text2speech/1.18.11/e853a12cdd6ba4f4836e8f4bf3b37844a13482b6/text2speech-1.18.11.jar:/home/anguscrump/.gradle/caches/modules-2/files-2.1/commons-codec/commons-codec/1.19.0/8c0dbe3ae883fceda9b50a6c76e745e548073388/commons-codec-1.19.0.jar:/home/anguscrump/.gradle/caches/modules-2/files-2.1/commons-io/commons-io/2.20.0/36f3474daec2849c149e877614e7f979b2082cd2/commons-io-2.20.0.jar:/home/anguscrump/.gradle/caches/modules-2/files-2.1/io.netty/netty-buffer/4.2.7.Final/5555ff561643bf2f8430fb57c24403c0efe15994/netty-buffer-4.2.7.Final.jar:/home/anguscrump/.gradle/caches/modules-2/files-2.1/io.netty/netty-codec-base/4.2.7.Final/915e381ebabcf115f1c7ff7032d55c48afb50210/netty-codec-base-4.2.7.Final.jar:/home/anguscrump/.gradle/caches/modules-2/files-2.1/io.netty/netty-codec-compression/4.2.7.Final/572341bc1ca90fd9d6e47f1d2694aab5258566e9/netty-codec-compression-4.2.7.Final.jar:/home/anguscrump/.gradle/caches/modules-2/files-2.1/io.netty/netty-codec-http/4.2.7.Final/b734c108854099c421fd94d92d9f865e4d4da853/netty-codec-http-4.2.7.Final.jar:/home/anguscrump/.gradle/caches/modules-2/files-2.1/io.netty/netty-common/4.2.7.Final/11aa30df26af4fca3239ac1917f303a280f301e1/netty-common-4.2.7.Final.jar:/home/anguscrump/.gradle/caches/modules-2/files-2.1/io.netty/netty-handler/4.2.7.Final/7ad8a1f851e2e6fe93cdd091871fda2b81c03b5b/netty-handler-4.2.7.Final.jar:/home/anguscrump/.gradle/caches/modules-2/files-2.1/io.netty/netty-resolver/4.2.7.Final/5f3e5ef8de03992cd4fb46960dc0085ec1a12a12/netty-resolver-4.2.7.Final.jar:/home/anguscrump/.gradle/caches/modules-2/files-2.1/io.netty/netty-transport-classes-epoll/4.2.7.Final/1075c09f48a78eef9d819fbfd9096b903fdd362a/netty-transport-classes-epoll-4.2.7.Final.jar:/home/anguscrump/.gradle/caches/modules-2/files-2.1/io.netty/netty-transport-classes-kqueue/4.2.7.Final/bdec7c23c75caabd848426d073c09568e8d5f94e/netty-transport-classes-kqueue-4.2.7.Final.jar:/home/anguscrump/.gradle/caches/modules-2/files-2.1/io.netty/netty-transport-native-epoll/4.2.7.Final/98d02251c98c8f07a23ac5ea27657d9e0ef57614/netty-transport-native-epoll-4.2.7.Final-linux-aarch_64.jar:/home/anguscrump/.gradle/caches/modules-2/files-2.1/io.netty/netty-transport-native-epoll/4.2.7.Final/e83998bfc10b5289d9bcbe807c4079ef0eed8e6f/netty-transport-native-epoll-4.2.7.Final-linux-x86_64.jar:/home/anguscrump/.gradle/caches/modules-2/files-2.1/io.netty/netty-transport-native-unix-common/4.2.7.Final/89953f04259ea7502cffb313630dd51e00e60669/netty-transport-native-unix-common-4.2.7.Final.jar:/home/anguscrump/.gradle/caches/modules-2/files-2.1/io.netty/netty-transport/4.2.7.Final/83ea548981d0d8c4a98027cc1a6f9624f902e142/netty-transport-4.2.7.Final.jar:/home/anguscrump/.gradle/caches/modules-2/files-2.1/it.unimi.dsi/fastutil/8.5.18/a6cff377eecc19c2037bf31568a6d7106b50ba1f/fastutil-8.5.18.jar:/home/anguscrump/.gradle/caches/modules-2/files-2.1/net.java.dev.jna/jna-platform/5.17.0/a4934c44d25a9d8c2ddf4203affd20330cb3426f/jna-platform-5.17.0.jar:/home/anguscrump/.gradle/caches/modules-2/files-2.1/net.java.dev.jna/jna/5.17.0/33d12735bef894440780fce64f9758d420c7bae2/jna-5.17.0.jar:/home/anguscrump/.gradle/caches/modules-2/files-2.1/net.sf.jopt-simple/jopt-simple/5.0.4/4fdac2fbe92dfad86aa6e9301736f6b4342a3f5c/jopt-simple-5.0.4.jar:/home/anguscrump/.gradle/caches/modules-2/files-2.1/org.apache.commons/commons-compress/1.28.0/e482f2c7a88dac3c497e96aa420b6a769f59c8d7/commons-compress-1.28.0.jar:/home/anguscrump/.gradle/caches/modules-2/files-2.1/org.apache.commons/commons-lang3/3.19.0/d6524b169a6574cd253760c472d419b47bfd37e6/commons-lang3-3.19.0.jar:/home/anguscrump/.gradle/caches/modules-2/files-2.1/org.apache.logging.log4j/log4j-api/2.25.2/292c1a2b1702f1e1e3adb13e1c57e5bff60335ff/log4j-api-2.25.2.jar:/home/anguscrump/.gradle/caches/modules-2/files-2.1/org.apache.logging.log4j/log4j-core/2.25.2/d4d0ad2e51e03e531f784891fbfff1bae1e13a12/log4j-core-2.25.2.jar:/home/anguscrump/.gradle/caches/modules-2/files-2.1/org.apache.logging.log4j/log4j-slf4j2-impl/2.25.2/5eec0c392661dee8a366baec17e8896900dd978f/log4j-slf4j2-impl-2.25.2.jar:/home/anguscrump/.gradle/caches/modules-2/files-2.1/org.jcraft/jorbis/0.0.17/8872d22b293e8f5d7d56ff92be966e6dc28ebdc6/jorbis-0.0.17.jar:/home/anguscrump/.gradle/caches/modules-2/files-2.1/org.joml/joml/1.10.8/fc0a71dad90a2cf41d82a76156a0e700af8e4f8d/joml-1.10.8.jar:/home/anguscrump/.gradle/caches/modules-2/files-2.1/org.jspecify/jspecify/1.0.0/7425a601c1c7ec76645a78d22b8c6a627edee507/jspecify-1.0.0.jar:/home/anguscrump/.gradle/caches/modules-2/files-2.1/org.lwjgl/lwjgl-freetype/3.4.1/caa75a37e857efc9b0686e434d708d6420c5b6ea/lwjgl-freetype-3.4.1.jar:/home/anguscrump/.gradle/caches/modules-2/files-2.1/org.lwjgl/lwjgl-freetype/3.4.1/8f37d0da3386ff602ec54cd06626881895711041/lwjgl-freetype-3.4.1-natives-linux-arm64.jar:/home/anguscrump/.gradle/caches/modules-2/files-2.1/org.lwjgl/lwjgl-freetype/3.4.1/40a29a29b1549c4cad073ccd682e3776ffb454fa/lwjgl-freetype-3.4.1-natives-linux.jar:/home/anguscrump/.gradle/caches/modules-2/files-2.1/org.lwjgl/lwjgl-glfw/3.4.1/a782b1ddd175c9107bf300fd92920579ea65e2a4/lwjgl-glfw-3.4.1.jar:/home/anguscrump/.gradle/caches/modules-2/files-2.1/org.lwjgl/lwjgl-glfw/3.4.1/e5e87034c47118960746077dba46280e8de864b3/lwjgl-glfw-3.4.1-natives-linux-arm64.jar:/home/anguscrump/.gradle/caches/modules-2/files-2.1/org.lwjgl/lwjgl-glfw/3.4.1/23cdf7655ce9f3b27ad90f08e73345e0d5b46362/lwjgl-glfw-3.4.1-natives-linux.jar:/home/anguscrump/.gradle/caches/modules-2/files-2.1/org.lwjgl/lwjgl-jemalloc/3.4.1/16b663092854fc6adfe0a941e61cae2bb2e437b6/lwjgl-jemalloc-3.4.1.jar:/home/anguscrump/.gradle/caches/modules-2/files-2.1/org.lwjgl/lwjgl-jemalloc/3.4.1/7891964dfb723209c6d02b0401432348fb707cc0/lwjgl-jemalloc-3.4.1-natives-linux-arm64.jar:/home/anguscrump/.gradle/caches/modules-2/files-2.1/org.lwjgl/lwjgl-jemalloc/3.4.1/b83c82d941f2e624d150d6d1e2efcf4ea49ff8ea/lwjgl-jemalloc-3.4.1-natives-linux.jar:/home/anguscrump/.gradle/caches/modules-2/files-2.1/org.lwjgl/lwjgl-openal/3.4.1/8508bd60589de0539aa465b78fcf838efd07ae9a/lwjgl-openal-3.4.1.jar:/home/anguscrump/.gradle/caches/modules-2/files-2.1/org.lwjgl/lwjgl-openal/3.4.1/3729b70cdd42df5571b075e051fa2fc8586dc538/lwjgl-openal-3.4.1-natives-linux-arm64.jar:/home/anguscrump/.gradle/caches/modules-2/files-2.1/org.lwjgl/lwjgl-openal/3.4.1/dbff577119266cd4312e4eb9cc2b171407c56360/lwjgl-openal-3.4.1-natives-linux.jar:/home/anguscrump/.gradle/caches/modules-2/files-2.1/org.lwjgl/lwjgl-opengl/3.4.1/830412cab823c029cda6b9729f9d2ed36cf79959/lwjgl-opengl-3.4.1.jar:/home/anguscrump/.gradle/caches/modules-2/files-2.1/org.lwjgl/lwjgl-opengl/3.4.1/61a4103e56bbaeb74ad3f19ec14299fd6891c4b0/lwjgl-opengl-3.4.1-natives-linux-arm64.jar:/home/anguscrump/.gradle/caches/modules-2/files-2.1/org.lwjgl/lwjgl-opengl/3.4.1/b750599f0e75ddb19f1d0fe993f3011334b710ae/lwjgl-opengl-3.4.1-natives-linux.jar:/home/anguscrump/.gradle/caches/modules-2/files-2.1/org.lwjgl/lwjgl-stb/3.4.1/f077c3dafc31924fbe8acb0b913f08977ba27f8e/lwjgl-stb-3.4.1.jar:/home/anguscrump/.gradle/caches/modules-2/files-2.1/org.lwjgl/lwjgl-stb/3.4.1/3bc107f901f931fea07cb0d80b1d74a34b806a2b/lwjgl-stb-3.4.1-natives-linux-arm64.jar:/home/anguscrump/.gradle/caches/modules-2/files-2.1/org.lwjgl/lwjgl-stb/3.4.1/7e1cfae909da6c68f3cb6073a9bfeb6c90e82a57/lwjgl-stb-3.4.1-natives-linux.jar:/home/anguscrump/.gradle/caches/modules-2/files-2.1/org.lwjgl/lwjgl-tinyfd/3.4.1/562697d40dbd2ed0424bf24dcf65d51170f81adf/lwjgl-tinyfd-3.4.1.jar:/home/anguscrump/.gradle/caches/modules-2/files-2.1/org.lwjgl/lwjgl-tinyfd/3.4.1/20771d2b4e01f5295156912ab62e170508aef618/lwjgl-tinyfd-3.4.1-natives-linux-arm64.jar:/home/anguscrump/.gradle/caches/modules-2/files-2.1/org.lwjgl/lwjgl-tinyfd/3.4.1/fc6a72690afc8defb60d82ad1de64dd8f537154c/lwjgl-tinyfd-3.4.1-natives-linux.jar:/home/anguscrump/.gradle/caches/modules-2/files-2.1/org.lwjgl/lwjgl/3.4.1/6105690714874b995aa7812e4f7732a21109276c/lwjgl-3.4.1.jar:/home/anguscrump/.gradle/caches/modules-2/files-2.1/org.lwjgl/lwjgl/3.4.1/46883f3b622d8b4d7f27b627ca3360cda3db0e0e/lwjgl-3.4.1-natives-linux-arm64.jar:/home/anguscrump/.gradle/caches/modules-2/files-2.1/org.lwjgl/lwjgl/3.4.1/2734e106bd95db49fe0da8cf8bf7fd96475c436c/lwjgl-3.4.1-natives-linux.jar:/home/anguscrump/.gradle/caches/modules-2/files-2.1/org.slf4j/slf4j-api/2.0.17/d9e58ac9c7779ba3bf8142aff6c830617a7fe60f/slf4j-api-2.0.17.jar:/home/anguscrump/Documents/Coding/ribbon-world/.gradle/loom-cache/minecraftMaven/net/minecraft/minecraft-clientOnly-52430b475d/26.1.2/minecraft-clientOnly-52430b475d-26.1.2.jar:/home/anguscrump/Documents/Coding/ribbon-world/.gradle/loom-cache/minecraftMaven/net/minecraft/minecraft-common-52430b475d/26.1.2/minecraft-common-52430b475d-26.1.2.jar:/home/anguscrump/.gradle/caches/modules-2/files-2.1/io.netty/netty-transport-native-kqueue/4.2.7.Final/40868fd4e43bce2798245f790624b58803dc26b6/netty-transport-native-kqueue-4.2.7.Final-osx-x86_64.jar:/home/anguscrump/.gradle/caches/modules-2/files-2.1/io.netty/netty-transport-native-kqueue/4.2.7.Final/e5a0feef41410c8a5ae00c6cb4e0c99bd0aded6a/netty-transport-native-kqueue-4.2.7.Final-osx-aarch_64.jar:/home/anguscrump/.gradle/caches/modules-2/files-2.1/net.fabricmc.fabric-api/fabric-transfer-api-v1/8.0.5+357ea7334c/2aff9d7c8e917d2a69c71aa18e28c915e0040a8e/fabric-transfer-api-v1-8.0.5+357ea7334c.jar:/home/anguscrump/.gradle/caches/modules-2/files-2.1/net.fabricmc.fabric-api/fabric-api-lookup-api-v1/2.0.11+d5a053b64c/dbb4489647b411352b735654440311d7560dc1f4/fabric-api-lookup-api-v1-2.0.11+d5a053b64c.jar:/home/anguscrump/.gradle/caches/modules-2/files-2.1/net.fabricmc.fabric-api/fabric-command-api-v2/3.0.5+e2bdee784c/d2bfa62e2f489900be2210dfb84458dcdecb75b6/fabric-command-api-v2-3.0.5+e2bdee784c.jar:/home/anguscrump/.gradle/caches/modules-2/files-2.1/net.fabricmc.fabric-api/fabric-content-registries-v0/11.1.1+1a3b26974c/8761c4bd7f8feb484746055f6ff22e387cd84e9f/fabric-content-registries-v0-11.1.1+1a3b26974c.jar:/home/anguscrump/.gradle/caches/modules-2/files-2.1/net.fabricmc.fabric-api/fabric-data-generation-api-v1/24.2.0+73b1f9054c/d5dcd98301b93a9b2470d354d150327e264797c5/fabric-data-generation-api-v1-24.2.0+73b1f9054c.jar:/home/anguscrump/.gradle/caches/modules-2/files-2.1/net.fabricmc.fabric-api/fabric-convention-tags-v2/4.6.0+e47fb87c4c/40a40554e3e4d37b5640c0198bc81a1b94735f2c/fabric-convention-tags-v2-4.6.0+e47fb87c4c.jar:/home/anguscrump/.gradle/caches/modules-2/files-2.1/net.fabricmc.fabric-api/fabric-creative-tab-api-v1/5.0.11+d871b99e4c/9e6937cef2aa7955d2ff66c9d2415118c58ec15c/fabric-creative-tab-api-v1-5.0.11+d871b99e4c.jar:/home/anguscrump/.gradle/caches/modules-2/files-2.1/net.fabricmc.fabric-api/fabric-data-attachment-api-v1/2.2.6+d602a8964c/91d2f002a7431a412cef7016c5ca7ee2b3c67718/fabric-data-attachment-api-v1-2.2.6+d602a8964c.jar:/home/anguscrump/.gradle/caches/modules-2/files-2.1/net.fabricmc.fabric-api/fabric-debug-api-v1/1.0.1+c792624d4c/3e65954340d5153face34ee7d2f9b114271bca38/fabric-debug-api-v1-1.0.1+c792624d4c.jar:/home/anguscrump/.gradle/caches/modules-2/files-2.1/net.fabricmc.fabric-api/fabric-dimensions-v1/5.1.5+9cbf5da54c/53c66317546644a3915ec20df2d77f4e3093ffab/fabric-dimensions-v1-5.1.5+9cbf5da54c.jar:/home/anguscrump/.gradle/caches/modules-2/files-2.1/net.fabricmc.fabric-api/fabric-entity-events-v1/5.0.2+e2bdee784c/3f15c7b85c55f03b5d5fa89a48a0eb1dc6461465/fabric-entity-events-v1-5.0.2+e2bdee784c.jar:/home/anguscrump/.gradle/caches/modules-2/files-2.1/net.fabricmc.fabric-api/fabric-events-interaction-v0/5.2.1+a67251b84c/cf25f4932ae4d3df49bf5ad0c69be40f8abda289/fabric-events-interaction-v0-5.2.1+a67251b84c.jar:/home/anguscrump/.gradle/caches/modules-2/files-2.1/net.fabricmc.fabric-api/fabric-game-rule-api-v1/4.0.5+d871b99e4c/8b1189ddbfe446bf9468920526ed668db253da65/fabric-game-rule-api-v1-4.0.5+d871b99e4c.jar:/home/anguscrump/.gradle/caches/modules-2/files-2.1/net.fabricmc.fabric-api/fabric-gametest-api-v1/4.0.15+00a1fba64c/99dddf025652afece2f37a5f857c6ee5f7feedb1/fabric-gametest-api-v1-4.0.15+00a1fba64c.jar:/home/anguscrump/.gradle/caches/modules-2/files-2.1/net.fabricmc.fabric-api/fabric-item-api-v1/14.1.2+73d134684c/cb7fd76b622fbc467cb65f067c212fc256d3809f/fabric-item-api-v1-14.1.2+73d134684c.jar:/home/anguscrump/.gradle/caches/modules-2/files-2.1/net.fabricmc.fabric-api/fabric-recipe-api-v1/9.0.15+be4b75ae4c/c3510ef358ce97ea4fc804cd2f75f30c574ec947/fabric-recipe-api-v1-9.0.15+be4b75ae4c.jar:/home/anguscrump/.gradle/caches/modules-2/files-2.1/net.fabricmc.fabric-api/fabric-model-loading-api-v1/8.0.6+c80601bb4c/733d4b6475fa49b58125b0b1a6a9070cc5faa8c8/fabric-model-loading-api-v1-8.0.6+c80601bb4c.jar:/home/anguscrump/.gradle/caches/modules-2/files-2.1/net.fabricmc.fabric-api/fabric-renderer-indigo/8.1.0+1403e82c4c/2a11c1c6826ec7e4254d1cfa20f2f9b50da0ec7f/fabric-renderer-indigo-8.1.0+1403e82c4c.jar:/home/anguscrump/.gradle/caches/modules-2/files-2.1/net.fabricmc.fabric-api/fabric-renderer-api-v1/13.0.3+c80601bb4c/15b7e69feefe6e4157134633f96c62a80b41f44a/fabric-renderer-api-v1-13.0.3+c80601bb4c.jar:/home/anguscrump/.gradle/caches/modules-2/files-2.1/net.fabricmc.fabric-api/fabric-rendering-v1/23.1.0+1403e82c4c/96b6c53c0f9e4497597a4a06509b143c9e345efe/fabric-rendering-v1-23.1.0+1403e82c4c.jar:/home/anguscrump/.gradle/caches/modules-2/files-2.1/net.fabricmc.fabric-api/fabric-lifecycle-events-v1/4.1.0+6d50a0854c/52281bf82f04922d65a30d3f91975feb00911826/fabric-lifecycle-events-v1-4.1.0+6d50a0854c.jar:/home/anguscrump/.gradle/caches/modules-2/files-2.1/net.fabricmc.fabric-api/fabric-loot-api-v3/3.0.12+00a1fba64c/58ffa00757774d7060115afa05742753ff26c769/fabric-loot-api-v3-3.0.12+00a1fba64c.jar:/home/anguscrump/.gradle/caches/modules-2/files-2.1/net.fabricmc.fabric-api/fabric-menu-api-v1/2.0.13+d871b99e4c/e59c4c081a5dc1afb27c0167d6e1480c670c4d29/fabric-menu-api-v1-2.0.13+d871b99e4c.jar:/home/anguscrump/.gradle/caches/modules-2/files-2.1/net.fabricmc.fabric-api/fabric-message-api-v1/7.0.5+dae8ce3e4c/6211835e1348e8b9b89defb98a616adb483b8284/fabric-message-api-v1-7.0.5+dae8ce3e4c.jar:/home/anguscrump/.gradle/caches/modules-2/files-2.1/net.fabricmc.fabric-api/fabric-particles-v1/5.0.15+b61fef434c/e9659d152cefb7255056f432234a11621ab00945/fabric-particles-v1-5.0.15+b61fef434c.jar:/home/anguscrump/.gradle/caches/modules-2/files-2.1/net.fabricmc.fabric-api/fabric-object-builder-api-v1/23.0.16+b95dd56e4c/64b623486a5962dada51cb3e8a114ee49a6ba9de/fabric-object-builder-api-v1-23.0.16+b95dd56e4c.jar:/home/anguscrump/.gradle/caches/modules-2/files-2.1/net.fabricmc.fabric-api/fabric-registry-sync-v0/7.0.13+b61fef434c/b7cd637ba58adacb2abfd54f5f438211e5c3210d/fabric-registry-sync-v0-7.0.13+b61fef434c.jar:/home/anguscrump/.gradle/caches/modules-2/files-2.1/net.fabricmc.fabric-api/fabric-networking-api-v1/6.3.1+554860db4c/38ac77944d5e0fc623a163cde9b3eca04f791296/fabric-networking-api-v1-6.3.1+554860db4c.jar:/home/anguscrump/.gradle/caches/modules-2/files-2.1/net.fabricmc.fabric-api/fabric-permission-api-v1/1.0.0+f3e738be4c/67222d8951d4e68a26f7e42697ce7fdb3c4e8ce9/fabric-permission-api-v1-1.0.0+f3e738be4c.jar:/home/anguscrump/.gradle/caches/modules-2/files-2.1/net.fabricmc.fabric-api/fabric-rendering-fluids-v1/6.0.1+d871b99e4c/fe53bab501b2a582517f39ede3e1514074e8de7/fabric-rendering-fluids-v1-6.0.1+d871b99e4c.jar:/home/anguscrump/.gradle/caches/modules-2/files-2.1/net.fabricmc.fabric-api/fabric-tag-api-v1/2.1.0+73b1f9054c/5467b88af064043d14a1cbc32ebc65bf86a4898b/fabric-tag-api-v1-2.1.0+73b1f9054c.jar:/home/anguscrump/.gradle/caches/modules-2/files-2.1/net.fabricmc.fabric-api/fabric-resource-loader-v0/3.3.17+4fc5413f4c/c2e496d77853c7fd1f2b3bd00b44e355dc6ba576/fabric-resource-loader-v0-3.3.17+4fc5413f4c.jar:/home/anguscrump/.gradle/caches/modules-2/files-2.1/net.fabricmc.fabric-api/fabric-resource-loader-v1/2.0.10+7c44c7324c/bb44ca7ae64fe82666c2cd99920cdc017b15f368/fabric-resource-loader-v1-2.0.10+7c44c7324c.jar:/home/anguscrump/.gradle/caches/modules-2/files-2.1/net.fabricmc.fabric-api/fabric-screen-api-v1/5.0.1+d871b99e4c/fecba1d91754428c2d1f5f2e4d25685de3a8f71f/fabric-screen-api-v1-5.0.1+d871b99e4c.jar:/home/anguscrump/.gradle/caches/modules-2/files-2.1/net.fabricmc.fabric-api/fabric-api-base/2.0.3+ece063234c/bdf802883d0f9c1034c436367ab2c7e04ce34ca6/fabric-api-base-2.0.3+ece063234c.jar:/home/anguscrump/.gradle/caches/modules-2/files-2.1/net.fabricmc.fabric-api/fabric-biome-api-v1/18.0.4+35c80edc4c/c82be6aa7922f3212e1bac9441b25a7faa21c057/fabric-biome-api-v1-18.0.4+35c80edc4c.jar:/home/anguscrump/.gradle/caches/modules-2/files-2.1/net.fabricmc.fabric-api/fabric-block-api-v1/3.0.2+ec56b6014c/f5f91f5b317b7acd3014677dd909b55ebc4097b2/fabric-block-api-v1-3.0.2+ec56b6014c.jar:/home/anguscrump/.gradle/caches/modules-2/files-2.1/net.fabricmc.fabric-api/fabric-block-getter-api-v2/2.0.6+ec56b6014c/caabc9eb2f3823864682da5a1c5381a035c00d5f/fabric-block-getter-api-v2-2.0.6+ec56b6014c.jar:/home/anguscrump/.gradle/caches/modules-2/files-2.1/net.fabricmc.fabric-api/fabric-client-gametest-api-v1/5.0.16+cef2a4834c/3f63763d1230c87b2c43aa84c88916fce323687a/fabric-client-gametest-api-v1-5.0.16+cef2a4834c.jar:/home/anguscrump/.gradle/caches/modules-2/files-2.1/net.fabricmc.fabric-api/fabric-crash-report-info-v1/1.0.3+9f78a5a84c/8af0277ba9afc03c6882490db447d40d55ebcedb/fabric-crash-report-info-v1-1.0.3+9f78a5a84c.jar:/home/anguscrump/.gradle/caches/modules-2/files-2.1/net.fabricmc.fabric-api/fabric-key-mapping-api-v1/2.0.4+e2bdee784c/b098e3e06b71a0fec9d18843ba9327f038b7cd5/fabric-key-mapping-api-v1-2.0.4+e2bdee784c.jar:/home/anguscrump/.gradle/caches/modules-2/files-2.1/net.fabricmc.fabric-api/fabric-resource-conditions-api-v1/6.0.5+00a1fba64c/a8ca3e526e0825ee71a36a317cf5c33f0cda0e96/fabric-resource-conditions-api-v1-6.0.5+00a1fba64c.jar:/home/anguscrump/.gradle/caches/modules-2/files-2.1/net.fabricmc.fabric-api/fabric-serialization-api-v1/2.0.3+11a26f314c/55fc25d96a2a848b93a02f48220dff0181ec3056/fabric-serialization-api-v1-2.0.3+11a26f314c.jar:/home/anguscrump/.gradle/caches/modules-2/files-2.1/net.fabricmc.fabric-api/fabric-sound-api-v1/2.0.4+11a26f314c/b63ce87810bc5aa495cb39be7efd2b07e6772822/fabric-sound-api-v1-2.0.4+11a26f314c.jar:/home/anguscrump/.gradle/caches/modules-2/files-2.1/net.fabricmc.fabric-api/fabric-transitive-access-wideners-v1/8.1.0+acd9108d4c/d03c3735d4057a1d574c6e8d51fec7d21ab63b5c/fabric-transitive-access-wideners-v1-8.1.0+acd9108d4c.jar:/home/anguscrump/Documents/Coding/ribbon-world/build/classes/java/main:/home/anguscrump/Documents/Coding/ribbon-world/build/resources/main
Launcher Type: SUN_STANDARD

[Global flags]
     intx CICompilerCount                          = 4                                         {product} {ergonomic}
     uint ConcGCThreads                            = 2                                         {product} {ergonomic}
     uint G1ConcRefinementThreads                  = 9                                         {product} {ergonomic}
   size_t G1HeapRegionSize                         = 2097152                                   {product} {ergonomic}
   size_t InitialHeapSize                          = 260046848                                 {product} {ergonomic}
   size_t MarkStackSize                            = 4194304                                   {product} {ergonomic}
   size_t MarkStackSizeMax                         = 536870912                                 {product} {ergonomic}
   size_t MaxHeapSize                              = 4034920448                                {product} {ergonomic}
   size_t MaxNewSize                               = 2420113408                                {product} {ergonomic}
   size_t MinHeapDeltaBytes                        = 2097152                                   {product} {ergonomic}
   size_t MinHeapSize                              = 8388608                                   {product} {ergonomic}
    uintx NonNMethodCodeHeapSize                   = 5849088                                {pd product} {ergonomic}
    uintx NonProfiledCodeHeapSize                  = 122912768                              {pd product} {ergonomic}
    uintx ProfiledCodeHeapSize                     = 122912768                              {pd product} {ergonomic}
    uintx ReservedCodeCacheSize                    = 251674624                              {pd product} {ergonomic}
     bool SegmentedCodeCache                       = true                                      {product} {ergonomic}
   size_t SoftMaxHeapSize                          = 4034920448                             {manageable} {ergonomic}
     bool UseCompressedOops                        = true                           {product lp64_product} {ergonomic}
     bool UseG1GC                                  = true                                      {product} {ergonomic}

Logging:
Log output configuration:
 #0: 
[error occurred during error reporting (printing log configuration), id 0xb, SIGSEGV (0xb) at pc=0x0000ffff95bb05b8]
Release file:
JAVA_VERSION="25.0.3"
MODULES="java.base java.compiler java.datatransfer java.xml java.prefs java.desktop java.instrument java.logging java.management java.security.sasl java.naming java.rmi java.management.rmi java.net.http java.scripting java.security.jgss java.transaction.xa java.sql java.sql.rowset java.xml.crypto java.se java.smartcardio jdk.accessibility jdk.internal.jvmstat jdk.attach jdk.charsets jdk.internal.opt jdk.zipfs jdk.compiler jdk.crypto.cryptoki jdk.crypto.ec jdk.dynalink jdk.internal.ed jdk.editpad jdk.internal.vm.ci jdk.graal.compiler jdk.graal.compiler.management jdk.hotspot.agent jdk.httpserver jdk.incubator.vector jdk.internal.le jdk.internal.md jdk.jartool jdk.javadoc jdk.jcmd jdk.management jdk.management.agent jdk.jconsole jdk.jdeps jdk.jdwp.agent jdk.jdi jdk.jfr jdk.jlink jdk.jpackage jdk.jshell jdk.jsobject jdk.jstatd jdk.localedata jdk.management.jfr jdk.naming.dns jdk.naming.rmi jdk.net jdk.nio.mapmode jdk.sctp jdk.security.auth jdk.security.jgss jdk.unsupported jdk.unsupported.desktop jdk.xml.dom"
IMPLEMENTOR="JetBrains s.r.o."
IMPLEMENTOR_VERSION="JBRSDK-25.0.3+9-480.61-nomod"
JAVA_RUNTIME_VERSION="25.0.3+9-b480.61"
LIBC="gnu"
OS_ARCH="aarch64"
OS_NAME="Linux"
SOURCE=".:git:52b04970adc8+"

Environment Variables:
PATH=/home/anguscrump/.local/bin:/home/anguscrump/bin:/usr/local/sbin:/usr/local/bin:/usr/sbin:/usr/bin:/sbin:/bin:/var/lib/snapd/snap/bin:/home/anguscrump/.cargo/bin
XDG_CACHE_HOME=/home/anguscrump/.cache
XDG_CONFIG_HOME=/home/anguscrump/.config
SHELL=/bin/bash
DISPLAY=:0
WAYLAND_DISPLAY=wayland-1
LANG=en_AU.UTF-8

Active Locale:
LC_ALL=en_AU.UTF-8
LC_COLLATE=en_AU.UTF-8
LC_CTYPE=en_AU.UTF-8
LC_MESSAGES=en_AU.UTF-8
LC_MONETARY=en_AU.UTF-8
LC_NUMERIC=en_AU.UTF-8
LC_TIME=en_AU.UTF-8

Signal Handlers:
   SIGSEGV: crash_handler in libjvm.so, mask=11100100010111111101111111111110, flags=SA_RESTART|SA_SIGINFO, unblocked
    SIGBUS: crash_handler in libjvm.so, mask=11100100010111111101111111111110, flags=SA_RESTART|SA_SIGINFO, unblocked
    SIGFPE: crash_handler in libjvm.so, mask=11100100010111111101111111111110, flags=SA_RESTART|SA_SIGINFO, unblocked
   SIGPIPE: javaSignalHandler in libjvm.so, mask=11100100010111111101111111111110, flags=SA_RESTART|SA_SIGINFO, blocked
   SIGXFSZ: javaSignalHandler in libjvm.so, mask=11100100010111111101111111111110, flags=SA_RESTART|SA_SIGINFO, blocked
    SIGILL: crash_handler in libjvm.so, mask=11100100010111111101111111111110, flags=SA_RESTART|SA_SIGINFO, unblocked
   SIGUSR2: SR_handler in libjvm.so, mask=00000000000000000000000000000000, flags=SA_RESTART|SA_SIGINFO, blocked
    SIGHUP: UserHandler in libjvm.so, mask=11100100010111111101111111111110, flags=SA_RESTART|SA_SIGINFO, blocked
    SIGINT: UserHandler in libjvm.so, mask=11100100010111111101111111111110, flags=SA_RESTART|SA_SIGINFO, blocked
   SIGTERM: UserHandler in libjvm.so, mask=11100100010111111101111111111110, flags=SA_RESTART|SA_SIGINFO, blocked
   SIGQUIT: UserHandler in libjvm.so, mask=11100100010111111101111111111110, flags=SA_RESTART|SA_SIGINFO, blocked
   SIGTRAP: crash_handler in libjvm.so, mask=11100100010111111101111111111110, flags=SA_RESTART|SA_SIGINFO, unblocked


Compilation memory statistics disabled.

Periodic native trim disabled

JNI global refs:
JNI global refs: 63, weak refs: 45

JNI global refs memory usage: 1491, weak refs: 857

Process memory usage:
Resident Set Size: 2015232K (12% of 15755056K total physical memory with 5041312K free physical memory)

OOME stack traces (most recent first):
Classloader memory used:
Loader net.fabricmc.loader.impl.launch.knot.KnotClassLoader                            : 122 M
Loader bootstrap                                                                       : 12611 K
Loader jdk.internal.loader.ClassLoaders$AppClassLoader                                 : 6974 K
Loader jdk.internal.loader.ClassLoaders$PlatformClassLoader                            : 499 K

---------------  S Y S T E M  ---------------

OS:
Fedora Asahi Remix release 44 (Forty Four)
uname: Linux 7.0.8-fairydust+ #1 SMP PREEMPT_DYNAMIC Sun May 17 15:02:15 AEST 2026 aarch64
OS uptime: 0 days 6:04 hours
libc: glibc 2.43 NPTL 2.43 
rlimit (soft/hard): STACK 8192k/infinity , CORE infinity/infinity , NPROC 31098/31098 , NOFILE 524288/524288 , AS infinity/infinity , CPU infinity/infinity , DATA infinity/infinity , FSIZE infinity/infinity , MEMLOCK 8192k/8192k
load average: 1.83 2.15 2.58

/proc/meminfo:
MemTotal:       15755056 kB
MemFree:         2397696 kB
MemAvailable:    5041424 kB
Buffers:             480 kB
Cached:          4408416 kB
SwapCached:      1899456 kB
Active:          5778384 kB
Inactive:        4991712 kB
Active(anon):    5017568 kB
Inactive(anon):  2269760 kB
Active(file):     760816 kB
Inactive(file):  2721952 kB
Unevictable:      791840 kB
Mlocked:             688 kB
SwapTotal:      33554336 kB
SwapFree:       29785696 kB
Zswap:            595392 kB
Zswapped:        1318160 kB
Dirty:              1008 kB
Writeback:             0 kB
AnonPages:       6859520 kB
Mapped:           632544 kB
Shmem:            927328 kB
KReclaimable:     305408 kB
Slab:             688496 kB
SReclaimable:     305408 kB
SUnreclaim:       383088 kB
KernelStack:       47584 kB
PageTables:        66640 kB
SecPageTables:      1728 kB
NFS_Unstable:          0 kB
Bounce:                0 kB
WritebackTmp:          0 kB
CommitLimit:    41431856 kB
Committed_AS:   27537568 kB
VmallocTotal:   136898928640 kB
VmallocUsed:       98064 kB
VmallocChunk:          0 kB
Percpu:             7200 kB
HardwareCorrupted:     0 kB
AnonHugePages:     98304 kB
ShmemHugePages:        0 kB
ShmemPmdMapped:        0 kB
FileHugePages:         0 kB
FilePmdMapped:         0 kB
CmaTotal:          65536 kB
CmaFree:           28640 kB
Balloon:               0 kB
HugePages_Total:       0
HugePages_Free:        0
HugePages_Rsvd:        0
HugePages_Surp:        0
Hugepagesize:      32768 kB
Hugetlb:               0 kB

/sys/kernel/mm/transparent_hugepage/enabled: always [madvise] never
/sys/kernel/mm/transparent_hugepage/hpage_pmd_size: 33554432
/sys/kernel/mm/transparent_hugepage/shmem_enabled: always within_size advise [never] deny force
/sys/kernel/mm/transparent_hugepage/defrag (defrag/compaction efforts parameter): always defer defer+madvise [madvise] never

Process Memory:
Virtual Size: 10916496K (peak: 11686912K)
Resident Set Size: 2021008K (peak: 2130736K) (anon: 1948400K, file: 69056K, shmem: 3552K)
Swapped out: 0K
C-Heap outstanding allocations: 140703K, retained: 293936K
glibc malloc tunables: (default)

/proc/sys/kernel/threads-max (system-wide limit on the number of threads): 62196
/proc/sys/vm/max_map_count (maximum number of memory map areas a process may have): 1048576
/proc/sys/vm/swappiness (control to define how aggressively the kernel swaps out anonymous memory): 60
/proc/sys/kernel/pid_max (system-wide limit on number of process identifiers): 4194304

container information not found.
Steal ticks since vm start: 0
Steal ticks percentage since vm start:  0.000

CPU: total 10 (initial active 10) 0x61:0x2:0x025:0(0x024), fp, asimd, evtstrm, aes, pmull, sha1, sha256, crc32, lse, fphp, asimdhp, dcpop, sha3, sha512, paca
/proc/cpuinfo:
processor	: 0
BogoMIPS	: 48.00
Features	: fp asimd evtstrm aes pmull sha1 sha2 crc32 atomics fphp asimdhp cpuid asimdrdm jscvt fcma lrcpc dcpop sha3 asimddp sha512 asimdfhm dit uscat ilrcpc flagm ssbs sb paca pacg dcpodp flagm2 frint
CPU implementer	: 0x61
CPU architecture: 8
CPU variant	: 0x2
CPU part	: 0x024
CPU revision	: 0

processor	: 1
BogoMIPS	: 48.00
Features	: fp asimd evtstrm aes pmull sha1 sha2 crc32 atomics fphp asimdhp cpuid asimdrdm jscvt fcma lrcpc dcpop sha3 asimddp sha512 asimdfhm dit uscat ilrcpc flagm ssbs sb paca pacg dcpodp flagm2 frint
CPU implementer	: 0x61
CPU architecture: 8
CPU variant	: 0x2
CPU part	: 0x024
CPU revision	: 0

processor	: 2
BogoMIPS	: 48.00
Features	: fp asimd evtstrm aes pmull sha1 sha2 crc32 atomics fphp asimdhp cpuid asimdrdm jscvt fcma lrcpc dcpop sha3 asimddp sha512 asimdfhm dit uscat ilrcpc flagm ssbs sb paca pacg dcpodp flagm2 frint
CPU implementer	: 0x61
CPU architecture: 8
CPU variant	: 0x2
CPU part	: 0x025
CPU revision	: 0

processor	: 3
BogoMIPS	: 48.00
Features	: fp asimd evtstrm aes pmull sha1 sha2 crc32 atomics fphp asimdhp cpuid asimdrdm jscvt fcma lrcpc dcpop sha3 asimddp sha512 asimdfhm dit uscat ilrcpc flagm ssbs sb paca pacg dcpodp flagm2 frint
CPU implementer	: 0x61
CPU architecture: 8
CPU variant	: 0x2
CPU part	: 0x025
CPU revision	: 0

processor	: 4
BogoMIPS	: 48.00
Features	: fp asimd evtstrm aes pmull sha1 sha2 crc32 atomics fphp asimdhp cpuid asimdrdm jscvt fcma lrcpc dcpop sha3 asimddp sha512 asimdfhm dit uscat ilrcpc flagm ssbs sb paca pacg dcpodp flagm2 frint
CPU implementer	: 0x61
CPU architecture: 8
CPU variant	: 0x2
CPU part	: 0x025
CPU revision	: 0

processor	: 5
BogoMIPS	: 48.00
Features	: fp asimd evtstrm aes pmull sha1 sha2 crc32 atomics fphp asimdhp cpuid asimdrdm jscvt fcma lrcpc dcpop sha3 asimddp sha512 asimdfhm dit uscat ilrcpc flagm ssbs sb paca pacg dcpodp flagm2 frint
CPU implementer	: 0x61
CPU architecture: 8
CPU variant	: 0x2
CPU part	: 0x025
CPU revision	: 0

processor	: 6
BogoMIPS	: 48.00
Features	: fp asimd evtstrm aes pmull sha1 sha2 crc32 atomics fphp asimdhp cpuid asimdrdm jscvt fcma lrcpc dcpop sha3 asimddp sha512 asimdfhm dit uscat ilrcpc flagm ssbs sb paca pacg dcpodp flagm2 frint
CPU implementer	: 0x61
CPU architecture: 8
CPU variant	: 0x2
CPU part	: 0x025
CPU revision	: 0

processor	: 7
BogoMIPS	: 48.00
Features	: fp asimd evtstrm aes pmull sha1 sha2 crc32 atomics fphp asimdhp cpuid asimdrdm jscvt fcma lrcpc dcpop sha3 asimddp sha512 asimdfhm dit uscat ilrcpc flagm ssbs sb paca pacg dcpodp flagm2 frint
CPU implementer	: 0x61
CPU architecture: 8
CPU variant	: 0x2
CPU part	: 0x025
CPU revision	: 0

processor	: 8
BogoMIPS	: 48.00
Features	: fp asimd evtstrm aes pmull sha1 sha2 crc32 atomics fphp asimdhp cpuid asimdrdm jscvt fcma lrcpc dcpop sha3 asimddp sha512 asimdfhm dit uscat ilrcpc flagm ssbs sb paca pacg dcpodp flagm2 frint
CPU implementer	: 0x61
CPU architecture: 8
CPU variant	: 0x2
CPU part	: 0x025
CPU revision	: 0

processor	: 9
BogoMIPS	: 48.00
Features	: fp asimd evtstrm aes pmull sha1 sha2 crc32 atomics fphp asimdhp cpuid asimdrdm jscvt fcma lrcpc dcpop sha3 asimddp sha512 asimdfhm dit uscat ilrcpc flagm ssbs sb paca pacg dcpodp flagm2 frint
CPU implementer	: 0x61
CPU architecture: 8
CPU variant	: 0x2
CPU part	: 0x025
CPU revision	: 0


Online cpus: 0-9
Offline cpus: 

Memory: 16k page, physical 15755056k(5041424k free), swap 33554336k(29785696k free)
Page Sizes: 16k

vm_info: OpenJDK 64-Bit Server VM (25.0.3+9-b480.61) for linux-aarch64 JRE (25.0.3+9-b480.61), built on 2026-05-12 with gcc 10.3.1 20210422 (Red Hat 10.3.1-1.2.0.1)

END.
