#
# A fatal error has been detected by the Java Runtime Environment:
#
#  SIGSEGV (0xb) at pc=0x0000fffe6502c670, pid=362886, tid=362906
#
# JRE version: OpenJDK Runtime Environment JBR-25.0.3+9-480.61-nomod (25.0.3+9) (build 25.0.3+9-b480.61)
# Java VM: OpenJDK 64-Bit Server VM JBR-25.0.3+9-480.61-nomod (25.0.3+9-b480.61, mixed mode, sharing, tiered, compressed oops, compressed class ptrs, g1 gc, linux-aarch64)
# Problematic frame:
# C  [libopenal.so+0x9c670]
#
# Core dump will be written. Default location: Determined by the following: "/usr/lib/systemd/systemd-coredump %P %u %g %s %t %c %h %d %F" (alternatively, falling back to /home/anguscrump/Documents/Coding/ribbon-world/run/core.362886)
#
# If you would like to submit a bug report, please visit:
#   https://youtrack.jetbrains.com/issues/JBR
#

---------------  S U M M A R Y ------------

Command Line: -Dfabric.dli.config=/home/anguscrump/Documents/Coding/ribbon-world/.gradle/loom-cache/launch.cfg -Dfabric.dli.env=client -Dfabric.dli.main=net.fabricmc.loader.impl.launch.knot.KnotClient --sun-misc-unsafe-memory-access=allow --enable-native-access=ALL-UNNAMED --sun-misc-unsafe-memory-access=allow --enable-native-access=ALL-UNNAMED -Dfile.encoding=UTF-8 -Duser.country=AU -Duser.language=en -Duser.variant -Dawt.toolkit.name=XToolkit net.fabricmc.devlaunchinjector.Main

Host: AArch64, 10 cores, 15G, Fedora Asahi Remix release 44 (Forty Four)
Time: Tue May 19 23:26:19 2026 AEST elapsed time: 53.383455 seconds (0d 0h 0m 53s)

---------------  T H R E A D  ---------------

Current thread (0x0000ffff1c20dab0):  VMThread "VM Thread"          [id=362906, stack(0x0000fffefde00000,0x0000fffefe000000) (2048K)]

Stack: [0x0000fffefde00000,0x0000fffefe000000],  sp=0x0000fffefdffe1b0,  free space=2040k
Native frames: (J=compiled Java code, j=interpreted, Vv=VM code, C=native code)
C  [libopenal.so+0x9c670]
C  [libc.so.6+0x3eb2c]  __run_exit_handlers+0x1ac
C  [libc.so.6+0x3ec20]  internal_addseverity+0x0
V  [libjvm.so+0xc7c05c]
V  [libjvm.so+0x88dad0]  vm_exit(int)+0x0
V  [libjvm.so+0xf8e1c4]  VM_Operation::evaluate()+0xf4
V  [libjvm.so+0xf91550]  VMThread::evaluate_operation(VM_Operation*)+0xb0
V  [libjvm.so+0xf92138]  VMThread::inner_execute(VM_Operation*)+0x2d8
V  [libjvm.so+0xf92450]  VMThread::run()+0xac
V  [libjvm.so+0xef92b8]  Thread::call_run()+0xa8
V  [libjvm.so+0xc71af4]  thread_native_entry(Thread*)+0xe0
C  [libc.so.6+0x8f81c]  start_thread+0x3bc

siginfo: si_signo: 11 (SIGSEGV), si_code: 1 (SEGV_MAPERR), si_addr: 0x0000000000000000

Registers:
R0=0x0000fffe65144c38
R1=0x0000000000000000
R2=0x0000000000000000
R3=0x0000000000000000
R4=0x0000fffe44000030
R5=0x0000000042600dfc
R6=0x0000000000000400
R7=0x0000fffef0001db0
R8=0x0000fffe440020f0
R9=0xb51a6fa3ef06c6f4
R10=0x0000000000000054
R11=0x0000ffff278566e8
R12=0x0000000000000030
R13=0x0000fffefdfff880
R14=0x0000000000000000
R15=0x0000fffef005ca60
R16=0x0000000000000001
R17=0x0000ffff27731b40
R18=0x0000000000000012
R19=0x0000fffe440020f0
R20=0x0000fffe440021a0
R21=0x0000fffe65144be8
R22=0x0000fffe440020d0
R23=0x0000fffe65144b58
R24=0x0000fffe65144c68
R25=0x0000ffff1ea44dd0
R26=0x0000000000000b2b
R27=0x0000fffe6502c5a4
R28=0x0000fffe65144be8
R29=0x0000fffefdffe1b0
R30=0x0000fffe6502c660


Register to memory mapping:

R0 =0x0000fffe65144c38: <offset 0x00000000001b4c38> in /tmp/lwjgl_anguscrump/3.4.1-snapshot/arm64/libopenal.so at 0x0000fffe64f90000
R1 =0x0 is null
R2 =0x0 is null
R3 =0x0 is null
R4 =0x0000fffe44000030 points into unknown readable memory: 0x0000000200000000 | 00 00 00 00 02 00 00 00
R5 =0x0000000042600dfc is an unknown value
R6 =0x0000000000000400 is an unknown value
R7 =0x0000fffef0001db0 points into unknown readable memory: 0x0000000200000002 | 02 00 00 00 02 00 00 00
R8 =0x0000fffe440020f0 points into unknown readable memory: 0x0000000000000000 | 00 00 00 00 00 00 00 00
R9 =0xb51a6fa3ef06c6f4 is an unknown value
R10=0x0000000000000054 is an unknown value
R11=0x0000ffff278566e8: <offset 0x00000000001c66e8> in /lib64/libc.so.6 at 0x0000ffff27690000
R12=0x0000000000000030 is an unknown value
R13=0x0000fffefdfff880 points into unknown readable memory: 0x0000ffff1c1f59a0 | a0 59 1f 1c ff ff 00 00
R14=0x0 is null
R15=0x0000fffef005ca60 points into unknown readable memory: 0x0000000000000040 | 40 00 00 00 00 00 00 00
R16=0x0000000000000001 is an unknown value
R17=0x0000ffff27731b40: __libc_free+0x0000000000000000 in /lib64/libc.so.6 at 0x0000ffff27690000
R18=0x0000000000000012 is an unknown value
R19=0x0000fffe440020f0 points into unknown readable memory: 0x0000000000000000 | 00 00 00 00 00 00 00 00
R20=0x0000fffe440021a0 points into unknown readable memory: 0x0000fffe440000d8 | d8 00 00 44 fe ff 00 00
R21=0x0000fffe65144be8: <offset 0x00000000001b4be8> in /tmp/lwjgl_anguscrump/3.4.1-snapshot/arm64/libopenal.so at 0x0000fffe64f90000
R22=0x0000fffe440020d0 points into unknown readable memory: 0x0000fffe44001ee0 | e0 1e 00 44 fe ff 00 00
R23=0x0000fffe65144b58: <offset 0x00000000001b4b58> in /tmp/lwjgl_anguscrump/3.4.1-snapshot/arm64/libopenal.so at 0x0000fffe64f90000
R24=0x0000fffe65144c68: <offset 0x00000000001b4c68> in /tmp/lwjgl_anguscrump/3.4.1-snapshot/arm64/libopenal.so at 0x0000fffe64f90000
R25=0x0000ffff1ea44dd0 points into unknown readable memory: 0x0000ffff1ea04c40 | 40 4c a0 1e ff ff 00 00
R26=0x0000000000000b2b is an unknown value
R27=0x0000fffe6502c5a4: <offset 0x000000000009c5a4> in /tmp/lwjgl_anguscrump/3.4.1-snapshot/arm64/libopenal.so at 0x0000fffe64f90000
R28=0x0000fffe65144be8: <offset 0x00000000001b4be8> in /tmp/lwjgl_anguscrump/3.4.1-snapshot/arm64/libopenal.so at 0x0000fffe64f90000
R29=0x0000fffefdffe1b0 points into unknown readable memory: 0x0000fffefdffe1f0 | f0 e1 ff fd fe ff 00 00
R30=0x0000fffe6502c660: <offset 0x000000000009c660> in /tmp/lwjgl_anguscrump/3.4.1-snapshot/arm64/libopenal.so at 0x0000fffe64f90000

Top of Stack: (sp=0x0000fffefdffe1b0)
0x0000fffefdffe1b0:   0000fffefdffe1f0 0000ffff276ceb2c   ........,.l'....
0x0000fffefdffe1c0:   0000ffff27851000 0000ffff27852210   ...'.....".'....
0x0000fffefdffe1d0:   0000ffff27917c78 0000000000000000   x|.'............
0x0000fffefdffe1e0:   0000ffff27850658 0000ffff27852000   X..'..... .'....
0x0000fffefdffe1f0:   0000fffefdffe260 0017ffff276cec20   `....... .l'....
0x0000fffefdffe200:   0000000000000000 0000ffff25f9b938   ........8..%....
0x0000fffefdffe210:   0000ffff25f9b938 0000ffff1c1f4f90   8..%.....O......
0x0000fffefdffe220:   0000ffff1c1f4fa8 0000ffff1c1f5380   .O.......S......
0x0000fffefdffe230:   00000000000003d8 0000ffff275dfc18   ..........]'....
0x0000fffefdffe240:   00000000000003d8 0000ffff275dfc18   ..........]'....
0x0000fffefdffe250:   0000ffff1c20e080 0000ffff00000001   .. .............
0x0000fffefdffe260:   0000fffefdffe270 000effff26d1c05c   p.......\..&....
0x0000fffefdffe270:   0000fffefdffe280 0000ffff2692dad0   ...........&....
0x0000fffefdffe280:   0000fffefdffe2a0 0000ffff2702e1c4   ...........'....
0x0000fffefdffe290:   0000ffff1c20e080 0000ffff26661e60   .. .....`.f&....
0x0000fffefdffe2a0:   0000fffefdffe3b0 0000ffff27031550   ........P..'....
0x0000fffefdffe2b0:   0000ffff1c20e080 0000ffff2750d000   .. .......P'....
0x0000fffefdffe2c0:   0000ffff25f9b938 0000fffefdfff880   8..%............
0x0000fffefdffe2d0:   0000ffff1c1f4f90 0000ffff1c20dab0   .O........ .....
0x0000fffefdffe2e0:   0000ffff1c1f4fa8 0000ffff1c1f5380   .O.......S......
0x0000fffefdffe2f0:   00000000000003d8 0000ffff27507000   .........pP'....
0x0000fffefdffe300:   ffffff0f00000000 0000000000000000   ................
0x0000fffefdffe310:   0000000000000018 0000000000000000   ................
0x0000fffefdffe320:   3fc9ba5e353f7cee 0000000000000000   .|?5^..?........
0x0000fffefdffe330:   0000fffefdffe350 0000ffff26dbf3f8   P..........&....
0x0000fffefdffe340:   0000fffefdffe380 0000000000000000   ................
0x0000fffefdffe350:   0000fffefdffe360 002cffff27758b04   `.........u'..,.
0x0000fffefdffe360:   0000fffefdffe370 007dffff26d1cd64   p.......d..&..}.
0x0000fffefdffe370:   0000fffefdffe390 0000ffff26fa94c0   ...........&....
0x0000fffefdffe380:   00000000000068b1 000000002ad934db   .h.......4.*....
0x0000fffefdffe390:   0000fffefdffe3b0 0000ffff2703152c   ........,..'....
0x0000fffefdffe3a0:   0000ffff1c20e080 8516b88e38a8b600   .. ........8....

Instructions: (pc=0x0000fffe6502c670)
  0x0000fffe6502c570:   80 08 00 90 00 e0 44 f9 e2 27 40 f9 01 00 40 f9
  0x0000fffe6502c580:   42 00 01 eb 01 00 80 d2 61 00 00 54 fd 7b c5 a8
  0x0000fffe6502c590:   c0 03 5f d6 df d8 fd 97 fa d8 fd 97 0d db fd 97
  0x0000fffe6502c5a0:   f4 ff ff 17 fd 7b bc a9 fd 03 00 91 f5 5b 02 a9
  0x0000fffe6502c5b0:   f5 03 00 aa 00 00 40 f9 f3 53 01 a9 f7 63 03 a9
  0x0000fffe6502c5c0:   80 00 00 b4 c1 08 00 90 21 bc 45 f9 20 00 3f d6
  0x0000fffe6502c5d0:   a0 62 43 39 80 09 00 35 b3 42 40 f9 b8 02 02 91
  0x0000fffe6502c5e0:   16 07 40 f9 7f 02 16 eb 20 03 00 54 d7 08 00 90
  0x0000fffe6502c5f0:   f7 62 2d 91 1f 20 03 d5 74 02 40 f9 14 02 00 b4
  0x0000fffe6502c600:   e0 03 14 aa 82 0e 40 f9 01 0c 41 f8 03 10 40 f9
  0x0000fffe6502c610:   41 00 00 f9 22 04 00 f9 43 00 00 b4 60 00 3f d6
  0x0000fffe6502c620:   80 06 40 f9 60 00 00 b4 e1 16 40 f9 20 00 3f d6
  0x0000fffe6502c630:   e0 03 14 aa 01 08 80 d2 ca d9 fd 97 73 22 00 91
  0x0000fffe6502c640:   df 02 13 eb a1 fd ff 54 b6 42 40 f9 b6 00 00 b4
  0x0000fffe6502c650:   01 0b 40 f9 e0 03 16 aa 21 00 16 cb c1 d9 fd 97
  0x0000fffe6502c660:   e0 03 15 aa a2 2e 40 f9 01 0c 45 f8 03 10 40 f9
=>0x0000fffe6502c670:   41 00 00 f9 22 04 00 f9 43 00 00 b4 60 00 3f d6
  0x0000fffe6502c680:   e0 03 15 aa a2 16 40 f9 01 0c 42 f8 03 10 40 f9
  0x0000fffe6502c690:   41 00 00 f9 22 04 00 f9 43 00 00 b4 60 00 3f d6
  0x0000fffe6502c6a0:   a0 0e 40 f9 80 00 00 b4 c1 08 00 90 21 c0 45 f9
  0x0000fffe6502c6b0:   20 00 3f d6 a0 0a 40 f9 80 00 00 b4 c1 08 00 90
  0x0000fffe6502c6c0:   21 c4 45 f9 20 00 3f d6 a0 06 40 f9 80 00 00 b4
  0x0000fffe6502c6d0:   c1 08 00 90 21 c8 45 f9 20 00 3f d6 a0 02 40 f9
  0x0000fffe6502c6e0:   80 00 00 b4 c1 08 00 90 21 cc 45 f9 20 00 3f d6
  0x0000fffe6502c6f0:   f3 53 41 a9 f5 5b 42 a9 f7 63 43 a9 fd 7b c4 a8
  0x0000fffe6502c700:   c0 03 5f d6 e0 03 15 aa bf 62 03 39 a2 5a 40 f9
  0x0000fffe6502c710:   01 8c 4a f8 03 10 40 f9 41 00 00 f9 22 04 00 f9
  0x0000fffe6502c720:   43 00 00 b4 60 00 3f d6 a0 52 40 f9 60 f5 ff b4
  0x0000fffe6502c730:   c1 08 00 90 21 c0 45 f9 20 00 3f d6 a7 ff ff 17
  0x0000fffe6502c740:   fd 7b bd a9 fd 03 00 91 f3 53 01 a9 53 00 01 cb
  0x0000fffe6502c750:   f4 03 00 aa f5 13 00 f9 f5 03 01 aa 7f 3e 00 f1
  0x0000fffe6502c760:   08 03 00 54 00 00 40 f9 7f 06 00 f1 41 01 00 54


Stack slot to memory mapping:

stack at sp + 0 slots: 0x0000fffefdffe1f0 points into unknown readable memory: 0x0000fffefdffe260 | 60 e2 ff fd fe ff 00 00
stack at sp + 1 slots: 0x0000ffff276ceb2c: <offset 0x000000000003eb2c> in /lib64/libc.so.6 at 0x0000ffff27690000
stack at sp + 2 slots: 0x0000ffff27851000: <offset 0x00000000001c1000> in /lib64/libc.so.6 at 0x0000ffff27690000
stack at sp + 3 slots: 0x0000ffff27852210: <offset 0x00000000001c2210> in /lib64/libc.so.6 at 0x0000ffff27690000
stack at sp + 4 slots: 0x0000ffff27917c78: __pointer_chk_guard+0x0000000000000000 in /lib/ld-linux-aarch64.so.1 at 0x0000ffff278d8000
stack at sp + 5 slots: 0x0 is null
stack at sp + 6 slots: 0x0000ffff27850658: <offset 0x00000000001c0658> in /lib64/libc.so.6 at 0x0000ffff27690000
stack at sp + 7 slots: 0x0000ffff27852000: <offset 0x00000000001c2000> in /lib64/libc.so.6 at 0x0000ffff27690000

VM_Operation (0x0000ffff25f9b938): Exit, mode: safepoint, requested by thread 0x0000ffff1c031730


---------------  P R O C E S S  ---------------

Threads class SMR info:
_java_thread_list=0x0000fffec8000950, length=24, elements={
0x0000ffff1c031730, 0x0000ffff1c2156c0, 0x0000ffff1c218f00, 0x0000ffff1c21a7e0,
0x0000ffff1c21dbc0, 0x0000ffff1c21f470, 0x0000ffff1c221230, 0x0000ffff1c222c50,
0x0000ffff1c25c560, 0x0000ffff1d811600, 0x0000ffff1d8130a0, 0x0000ffff1e3add40,
0x0000ffff1e5ed590, 0x0000ffff1e604810, 0x0000ffff1e605610, 0x0000fffe14063440,
0x0000ffff1d3f5090, 0x0000ffff1e14fc00, 0x0000fffdd4007480, 0x0000ffff1e0b15d0,
0x0000ffff1e0b23f0, 0x0000fffda8001750, 0x0000fffdfc5b7f20, 0x0000fffeb4f91c30
}

Java Threads: ( => current thread )
  0x0000ffff1c031730 JavaThread "Render thread"                     [_thread_blocked, id=362896, stack(0x0000ffff25da0000,0x0000ffff25f9e000) (2040K)]
  0x0000ffff1c2156c0 JavaThread "Common-Cleaner"             daemon [_thread_blocked, id=362907, stack(0x0000fffefd9d0000,0x0000fffefdbe0000) (2112K)]
  0x0000ffff1c218f00 JavaThread "Reference Handler"          daemon [_thread_blocked, id=362908, stack(0x0000fffefd6b4000,0x0000fffefd8b4000) (2048K)]
  0x0000ffff1c21a7e0 JavaThread "Finalizer"                  daemon [_thread_blocked, id=362909, stack(0x0000fffefd4b4000,0x0000fffefd6b4000) (2048K)]
  0x0000ffff1c21dbc0 JavaThread "Service Thread"             daemon [_thread_blocked, id=362911, stack(0x0000fffefd0b4000,0x0000fffefd2b4000) (2048K)]
  0x0000ffff1c21f470 JavaThread "Monitor Deflation Thread"   daemon [_thread_blocked, id=362912, stack(0x0000fffefceb4000,0x0000fffefd0b4000) (2048K)]
  0x0000ffff1c221230 JavaThread "C2 CompilerThread0"         daemon [_thread_blocked, id=362913, stack(0x0000fffefccb4000,0x0000fffefceb4000) (2048K)]
  0x0000ffff1c222c50 JavaThread "C1 CompilerThread0"         daemon [_thread_blocked, id=362914, stack(0x0000fffefcab4000,0x0000fffefccb4000) (2048K)]
  0x0000ffff1c25c560 JavaThread "Notification Thread"        daemon [_thread_blocked, id=362917, stack(0x0000fffefc8b4000,0x0000fffefcab4000) (2048K)]
  0x0000ffff1d811600 JavaThread "process reaper"             daemon [_thread_blocked, id=362958, stack(0x0000fffefc11c000,0x0000fffefc150000) (208K)]
  0x0000ffff1d8130a0 JavaThread "JNA Cleaner"                daemon [_thread_blocked, id=362960, stack(0x0000fffed0bb0000,0x0000fffed0db0000) (2048K)]
  0x0000ffff1e3add40 JavaThread "Timer hack thread"          daemon [_thread_blocked, id=362993, stack(0x0000fffed03b0000,0x0000fffed05b0000) (2048K)]
  0x0000ffff1e5ed590 JavaThread "Yggdrasil Key Fetcher"      daemon [_thread_blocked, id=362994, stack(0x0000fffed07b0000,0x0000fffed09b0000) (2048K)]
  0x0000ffff1e604810 JavaThread "Download-1"                 daemon [_thread_blocked, id=362995, stack(0x0000fffefc1c0000,0x0000fffefc3c0000) (2048K)]
  0x0000ffff1e605610 JavaThread "Download-2"                 daemon [_thread_blocked, id=362996, stack(0x0000fffed11b0000,0x0000fffed13b0000) (2048K)]
  0x0000fffe14063440 JavaThread "ForkJoinPool.commonPool-worker-1" daemon [_thread_blocked, id=363034, stack(0x0000fffe13e00000,0x0000fffe14000000) (2048K)]
  0x0000ffff1d3f5090 JavaThread "Netty Local IO #0"          daemon [_thread_blocked, id=363228, stack(0x0000fffdf306c000,0x0000fffdf326c000) (2048K)]
  0x0000ffff1e14fc00 JavaThread "Netty Local IO #1"          daemon [_thread_blocked, id=363229, stack(0x0000fffdf2e6c000,0x0000fffdf306c000) (2048K)]
  0x0000fffdd4007480 JavaThread "Netty Local IO #2"          daemon [_thread_blocked, id=363230, stack(0x0000fffdf2c6c000,0x0000fffdf2e6c000) (2048K)]
  0x0000ffff1e0b15d0 JavaThread "Netty Local IO #3"          daemon [_thread_blocked, id=363364, stack(0x0000fffdd0400000,0x0000fffdd0600000) (2048K)]
  0x0000ffff1e0b23f0 JavaThread "Netty Local IO #4"          daemon [_thread_blocked, id=363365, stack(0x0000fffdd0200000,0x0000fffdd0400000) (2048K)]
  0x0000fffda8001750 JavaThread "Netty Local IO #5"          daemon [_thread_blocked, id=363366, stack(0x0000fffdd0000000,0x0000fffdd0200000) (2048K)]
  0x0000fffdfc5b7f20 JavaThread "Sound engine"               daemon [_thread_blocked, id=363570, stack(0x0000fffed13b0000,0x0000fffed15b0000) (2048K)]
  0x0000fffeb4f91c30 JavaThread "C2 CompilerThread1"         daemon [_thread_blocked, id=363572, stack(0x0000fffefc6b4000,0x0000fffefc8b4000) (2048K)]
Total: 24

Other Threads:
=>0x0000ffff1c20dab0 VMThread "VM Thread"                           [id=362906, stack(0x0000fffefde00000,0x0000fffefe000000) (2048K)]
  0x0000ffff1c1867b0 WorkerThread "GC Thread#0"                     [id=362897, stack(0x0000ffff20398000,0x0000ffff20598000) (2048K)]
  0x0000fffef0008d30 WorkerThread "GC Thread#1"                     [id=362929, stack(0x0000fffed1e00000,0x0000fffed2000000) (2048K)]
  0x0000fffef0009700 WorkerThread "GC Thread#2"                     [id=362930, stack(0x0000fffed1bf0000,0x0000fffed1df0000) (2048K)]
  0x0000fffef000a2c0 WorkerThread "GC Thread#3"                     [id=362931, stack(0x0000fffed19e0000,0x0000fffed1be0000) (2048K)]
  0x0000fffef000b030 WorkerThread "GC Thread#4"                     [id=362932, stack(0x0000fffed17d0000,0x0000fffed19d0000) (2048K)]
  0x0000fffef000bda0 WorkerThread "GC Thread#5"                     [id=362933, stack(0x0000fffed15c0000,0x0000fffed17c0000) (2048K)]
  0x0000fffef0016910 WorkerThread "GC Thread#6"                     [id=362946, stack(0x0000fffed01b0000,0x0000fffed03b0000) (2048K)]
  0x0000fffef000f500 WorkerThread "GC Thread#7"                     [id=362949, stack(0x0000fffe6be00000,0x0000fffe6c000000) (2048K)]
  0x0000fffef0018d20 WorkerThread "GC Thread#8"                     [id=362950, stack(0x0000fffe6bbf0000,0x0000fffe6bdf0000) (2048K)]
  0x0000ffff1c19e930 ConcurrentGCThread "G1 Main Marker"            terminated
  0x0000ffff1c19fb20 WorkerThread "G1 Conc#0"                       [id=362899, stack(0x0000ffff08dfc000,0x0000ffff08ffc000) (2048K)]
  0x0000ffff04000c80 WorkerThread "G1 Conc#1"                       [id=362951, stack(0x0000fffe6b9e0000,0x0000fffe6bbe0000) (2048K)]
  0x0000ffff1c1ed480 ConcurrentGCThread "G1 Refine#0"               terminated
  0x0000ffff1c1ee690 ConcurrentGCThread "G1 Service"                terminated
Total: 15

Threads with active compile tasks:
Total: 0

VM state: at safepoint (shutting down)

VM Mutex/Monitor currently owned by a thread:  ([mutex/lock_event])
[0x0000ffff275a9558] Threads_lock - owner thread: 0x0000ffff1c20dab0
[0x0000ffff275a96f0] Heap_lock - owner thread: 0x0000ffff1c031730

Heap address: 0x000000070f800000, size: 3848 MB, Compressed Oops mode: Zero based, Oop shift amount: 3

CDS archive(s) mapped at: [0x00001f0000000000-0x00001f0001d00000-0x00001f0001d00000), size 30408704, SharedBaseAddress: 0x00001f0000000000, ArchiveRelocationMode: 1.
Compressed class space mapped at: 0x00001f0002000000-0x00001f0042000000, reserved size: 1073741824
UseCompressedClassPointers 1, UseCompactObjectHeaders 0
Narrow klass pointer bits 32, Max shift 3
Narrow klass base: 0x00001f0000000000, Narrow klass shift: 0
Encoding Range: [0x00001f0000000000 - 0x00001f0100000000), (4294967296 bytes)
Klass Range:    [0x00001f0000010000 - 0x00001f0042000000), (1107230720 bytes)
Klass ID Range:  [65536 - 1107296249) (1107230713)
Protection zone: [0x00001f0000000000 - 0x00001f0000010000), (65536 bytes)

GC Precious Log:
 CardTable entry size: 512
 Card Set container configuration: InlinePtr #cards 4 size 8 Array Of Cards #cards 16 size 48 Howl #buckets 8 coarsen threshold 3686 Howl Bitmap #cards 512 size 80 coarsen threshold 460 Card regions per heap region 1 cards per card region 4096
 CPUs: 10 total, 10 available
 Memory: 15385M
 Large Page Support: Disabled
 NUMA Support: Disabled
 Compressed Oops: Enabled (Zero based)
 Heap Region Size: 2M
 Heap Min Capacity: 8M
 Heap Initial Capacity: 248M
 Heap Max Capacity: 3848M
 Pre-touch: Disabled
 Parallel Workers: 9
 Concurrent Workers: 2
 Concurrent Refinement Workers: 9
 Periodic GC: Disabled

Heap:
 garbage-first heap   total reserved 3940352K, committed 952320K, used 835422K [0x000000070f800000, 0x0000000800000000)
  region size 2048K, 184 young (376832K), 27 survivors (55296K)

Heap Regions: E=young(eden), S=young(survivor), O=old, HS=humongous(starts), HC=humongous(continues), CS=collection set, F=free, TAMS=top-at-mark-start, PB=parsable bottom
|   0|0x000000070f800000, 0x000000070fa00000, 0x000000070fa00000|100%|HS|  |TAMS 0x000000070f800000| PB 0x000000070f800000| Complete |  0
|   1|0x000000070fa00000, 0x000000070fc00000, 0x000000070fc00000|100%|HS|  |TAMS 0x000000070fa00000| PB 0x000000070fa00000| Complete |  0
|   2|0x000000070fc00000, 0x000000070fe00000, 0x000000070fe00000|100%|HS|  |TAMS 0x000000070fc00000| PB 0x000000070fc00000| Complete |  0
|   3|0x000000070fe00000, 0x0000000710000000, 0x0000000710000000|100%| O|  |TAMS 0x000000070fe00000| PB 0x000000070fe00000| Untracked |  0
|   4|0x0000000710000000, 0x0000000710200000, 0x0000000710200000|100%| O|  |TAMS 0x0000000710000000| PB 0x0000000710000000| Untracked |  0
|   5|0x0000000710200000, 0x0000000710400000, 0x0000000710400000|100%| O|  |TAMS 0x0000000710200000| PB 0x0000000710200000| Untracked |  0
|   6|0x0000000710400000, 0x0000000710600000, 0x0000000710600000|100%| O|  |TAMS 0x0000000710400000| PB 0x0000000710400000| Untracked |  0
|   7|0x0000000710600000, 0x0000000710800000, 0x0000000710800000|100%| O|  |TAMS 0x0000000710600000| PB 0x0000000710600000| Untracked |  0
|   8|0x0000000710800000, 0x0000000710a00000, 0x0000000710a00000|100%| O|  |TAMS 0x0000000710800000| PB 0x0000000710800000| Untracked |  0
|   9|0x0000000710a00000, 0x0000000710c00000, 0x0000000710c00000|100%| O|  |TAMS 0x0000000710a00000| PB 0x0000000710a00000| Untracked |  0
|  10|0x0000000710c00000, 0x0000000710e00000, 0x0000000710e00000|100%| O|  |TAMS 0x0000000710c00000| PB 0x0000000710c00000| Untracked |  0
|  11|0x0000000710e00000, 0x0000000711000000, 0x0000000711000000|100%| O|  |TAMS 0x0000000710e00000| PB 0x0000000710e00000| Untracked |  0
|  12|0x0000000711000000, 0x0000000711200000, 0x0000000711200000|100%| O|  |TAMS 0x0000000711000000| PB 0x0000000711000000| Untracked |  0
|  13|0x0000000711200000, 0x0000000711400000, 0x0000000711400000|100%| O|  |TAMS 0x0000000711200000| PB 0x0000000711200000| Untracked |  0
|  14|0x0000000711400000, 0x0000000711600000, 0x0000000711600000|100%| O|  |TAMS 0x0000000711400000| PB 0x0000000711400000| Untracked |  0
|  15|0x0000000711600000, 0x0000000711800000, 0x0000000711800000|100%| O|  |TAMS 0x0000000711600000| PB 0x0000000711600000| Untracked |  0
|  16|0x0000000711800000, 0x0000000711a00000, 0x0000000711a00000|100%| O|  |TAMS 0x0000000711800000| PB 0x0000000711800000| Untracked |  0
|  17|0x0000000711a00000, 0x0000000711c00000, 0x0000000711c00000|100%| O|  |TAMS 0x0000000711a00000| PB 0x0000000711a00000| Untracked |  0
|  18|0x0000000711c00000, 0x0000000711e00000, 0x0000000711e00000|100%| O|  |TAMS 0x0000000711c00000| PB 0x0000000711c00000| Untracked |  0
|  19|0x0000000711e00000, 0x0000000712000000, 0x0000000712000000|100%| O|  |TAMS 0x0000000711e00000| PB 0x0000000711e00000| Untracked |  0
|  20|0x0000000712000000, 0x0000000712200000, 0x0000000712200000|100%| O|  |TAMS 0x0000000712000000| PB 0x0000000712000000| Untracked |  0
|  21|0x0000000712200000, 0x0000000712400000, 0x0000000712400000|100%| O|  |TAMS 0x0000000712200000| PB 0x0000000712200000| Untracked |  0
|  22|0x0000000712400000, 0x0000000712600000, 0x0000000712600000|100%| O|  |TAMS 0x0000000712400000| PB 0x0000000712400000| Untracked |  0
|  23|0x0000000712600000, 0x0000000712800000, 0x0000000712800000|100%| O|  |TAMS 0x0000000712600000| PB 0x0000000712600000| Untracked |  0
|  24|0x0000000712800000, 0x0000000712a00000, 0x0000000712a00000|100%| O|  |TAMS 0x0000000712800000| PB 0x0000000712800000| Untracked |  0
|  25|0x0000000712a00000, 0x0000000712c00000, 0x0000000712c00000|100%| O|  |TAMS 0x0000000712a00000| PB 0x0000000712a00000| Untracked |  0
|  26|0x0000000712c00000, 0x0000000712e00000, 0x0000000712e00000|100%|HS|  |TAMS 0x0000000712c00000| PB 0x0000000712c00000| Complete |  0
|  27|0x0000000712e00000, 0x0000000713000000, 0x0000000713000000|100%|HC|  |TAMS 0x0000000712e00000| PB 0x0000000712e00000| Complete |  0
|  28|0x0000000713000000, 0x0000000713200000, 0x0000000713200000|100%|HC|  |TAMS 0x0000000713000000| PB 0x0000000713000000| Complete |  0
|  29|0x0000000713200000, 0x0000000713400000, 0x0000000713400000|100%|HC|  |TAMS 0x0000000713200000| PB 0x0000000713200000| Complete |  0
|  30|0x0000000713400000, 0x0000000713600000, 0x0000000713600000|100%|HC|  |TAMS 0x0000000713400000| PB 0x0000000713400000| Complete |  0
|  31|0x0000000713600000, 0x0000000713800000, 0x0000000713800000|100%|HC|  |TAMS 0x0000000713600000| PB 0x0000000713600000| Complete |  0
|  32|0x0000000713800000, 0x0000000713a00000, 0x0000000713a00000|100%| O|  |TAMS 0x0000000713800000| PB 0x0000000713800000| Untracked |  0
|  33|0x0000000713a00000, 0x0000000713c00000, 0x0000000713c00000|100%| O|  |TAMS 0x0000000713a00000| PB 0x0000000713a00000| Untracked |  0
|  34|0x0000000713c00000, 0x0000000713e00000, 0x0000000713e00000|100%| O|  |TAMS 0x0000000713c00000| PB 0x0000000713c00000| Untracked |  0
|  35|0x0000000713e00000, 0x0000000714000000, 0x0000000714000000|100%| O|  |TAMS 0x0000000713e00000| PB 0x0000000713e00000| Untracked |  0
|  36|0x0000000714000000, 0x0000000714200000, 0x0000000714200000|100%| O|  |TAMS 0x0000000714000000| PB 0x0000000714000000| Untracked |  0
|  37|0x0000000714200000, 0x0000000714400000, 0x0000000714400000|100%| O|  |TAMS 0x0000000714200000| PB 0x0000000714200000| Untracked |  0
|  38|0x0000000714400000, 0x0000000714600000, 0x0000000714600000|100%| O|  |TAMS 0x0000000714400000| PB 0x0000000714400000| Untracked |  0
|  39|0x0000000714600000, 0x0000000714800000, 0x0000000714800000|100%| O|  |TAMS 0x0000000714600000| PB 0x0000000714600000| Untracked |  0
|  40|0x0000000714800000, 0x0000000714a00000, 0x0000000714a00000|100%| O|  |TAMS 0x0000000714800000| PB 0x0000000714800000| Untracked |  0
|  41|0x0000000714a00000, 0x0000000714c00000, 0x0000000714c00000|100%| O|  |TAMS 0x0000000714a00000| PB 0x0000000714a00000| Untracked |  0
|  42|0x0000000714c00000, 0x0000000714e00000, 0x0000000714e00000|100%| O|  |TAMS 0x0000000714c00000| PB 0x0000000714c00000| Untracked |  0
|  43|0x0000000714e00000, 0x0000000715000000, 0x0000000715000000|100%| O|  |TAMS 0x0000000714e00000| PB 0x0000000714e00000| Untracked |  0
|  44|0x0000000715000000, 0x0000000715200000, 0x0000000715200000|100%| O|  |TAMS 0x0000000715000000| PB 0x0000000715000000| Untracked |  0
|  45|0x0000000715200000, 0x0000000715400000, 0x0000000715400000|100%| O|  |TAMS 0x0000000715200000| PB 0x0000000715200000| Untracked |  0
|  46|0x0000000715400000, 0x0000000715600000, 0x0000000715600000|100%| O|  |TAMS 0x0000000715400000| PB 0x0000000715400000| Untracked |  0
|  47|0x0000000715600000, 0x0000000715800000, 0x0000000715800000|100%| O|  |TAMS 0x0000000715600000| PB 0x0000000715600000| Untracked |  0
|  48|0x0000000715800000, 0x0000000715a00000, 0x0000000715a00000|100%| O|  |TAMS 0x0000000715800000| PB 0x0000000715800000| Untracked |  0
|  49|0x0000000715a00000, 0x0000000715c00000, 0x0000000715c00000|100%| O|  |TAMS 0x0000000715a00000| PB 0x0000000715a00000| Untracked |  0
|  50|0x0000000715c00000, 0x0000000715e00000, 0x0000000715e00000|100%| O|  |TAMS 0x0000000715c00000| PB 0x0000000715c00000| Untracked |  0
|  51|0x0000000715e00000, 0x0000000716000000, 0x0000000716000000|100%|HS|  |TAMS 0x0000000715e00000| PB 0x0000000715e00000| Complete |  0
|  52|0x0000000716000000, 0x0000000716200000, 0x0000000716200000|100%|HS|  |TAMS 0x0000000716000000| PB 0x0000000716000000| Complete |  0
|  53|0x0000000716200000, 0x0000000716400000, 0x0000000716400000|100%| O|  |TAMS 0x0000000716200000| PB 0x0000000716200000| Untracked |  0
|  54|0x0000000716400000, 0x0000000716600000, 0x0000000716600000|100%| O|  |TAMS 0x0000000716400000| PB 0x0000000716400000| Untracked |  0
|  55|0x0000000716600000, 0x0000000716800000, 0x0000000716800000|100%| O|  |TAMS 0x0000000716600000| PB 0x0000000716600000| Untracked |  0
|  56|0x0000000716800000, 0x0000000716a00000, 0x0000000716a00000|100%| O|  |TAMS 0x0000000716800000| PB 0x0000000716800000| Untracked |  0
|  57|0x0000000716a00000, 0x0000000716c00000, 0x0000000716c00000|100%| O|  |TAMS 0x0000000716a00000| PB 0x0000000716a00000| Untracked |  0
|  58|0x0000000716c00000, 0x0000000716e00000, 0x0000000716e00000|100%| O|  |TAMS 0x0000000716c00000| PB 0x0000000716c00000| Untracked |  0
|  59|0x0000000716e00000, 0x0000000717000000, 0x0000000717000000|100%| O|  |TAMS 0x0000000716e00000| PB 0x0000000716e00000| Untracked |  0
|  60|0x0000000717000000, 0x0000000717200000, 0x0000000717200000|100%| O|  |TAMS 0x0000000717000000| PB 0x0000000717000000| Untracked |  0
|  61|0x0000000717200000, 0x0000000717400000, 0x0000000717400000|100%| O|  |TAMS 0x0000000717200000| PB 0x0000000717200000| Untracked |  0
|  62|0x0000000717400000, 0x0000000717600000, 0x0000000717600000|100%| O|  |TAMS 0x0000000717400000| PB 0x0000000717400000| Untracked |  0
|  63|0x0000000717600000, 0x0000000717800000, 0x0000000717800000|100%| O|  |TAMS 0x0000000717600000| PB 0x0000000717600000| Untracked |  0
|  64|0x0000000717800000, 0x0000000717a00000, 0x0000000717a00000|100%| O|  |TAMS 0x0000000717800000| PB 0x0000000717800000| Untracked |  0
|  65|0x0000000717a00000, 0x0000000717c00000, 0x0000000717c00000|100%| O|  |TAMS 0x0000000717a00000| PB 0x0000000717a00000| Untracked |  0
|  66|0x0000000717c00000, 0x0000000717e00000, 0x0000000717e00000|100%| O|  |TAMS 0x0000000717c00000| PB 0x0000000717c00000| Untracked |  0
|  67|0x0000000717e00000, 0x0000000718000000, 0x0000000718000000|100%| O|  |TAMS 0x0000000717e00000| PB 0x0000000717e00000| Untracked |  0
|  68|0x0000000718000000, 0x0000000718200000, 0x0000000718200000|100%| O|  |TAMS 0x0000000718000000| PB 0x0000000718000000| Untracked |  0
|  69|0x0000000718200000, 0x0000000718400000, 0x0000000718400000|100%| O|  |TAMS 0x0000000718200000| PB 0x0000000718200000| Untracked |  0
|  70|0x0000000718400000, 0x0000000718600000, 0x0000000718600000|100%| O|  |TAMS 0x0000000718400000| PB 0x0000000718400000| Untracked |  0
|  71|0x0000000718600000, 0x0000000718800000, 0x0000000718800000|100%| O|  |TAMS 0x0000000718600000| PB 0x0000000718600000| Untracked |  0
|  72|0x0000000718800000, 0x0000000718a00000, 0x0000000718a00000|100%| O|  |TAMS 0x0000000718800000| PB 0x0000000718800000| Untracked |  0
|  73|0x0000000718a00000, 0x0000000718c00000, 0x0000000718c00000|100%| O|  |TAMS 0x0000000718a00000| PB 0x0000000718a00000| Untracked |  0
|  74|0x0000000718c00000, 0x0000000718e00000, 0x0000000718e00000|100%| O|  |TAMS 0x0000000718c00000| PB 0x0000000718c00000| Untracked |  0
|  75|0x0000000718e00000, 0x0000000719000000, 0x0000000719000000|100%| O|  |TAMS 0x0000000718e00000| PB 0x0000000718e00000| Untracked |  0
|  76|0x0000000719000000, 0x0000000719200000, 0x0000000719200000|100%| O|  |TAMS 0x0000000719000000| PB 0x0000000719000000| Untracked |  0
|  77|0x0000000719200000, 0x0000000719400000, 0x0000000719400000|100%| O|  |TAMS 0x0000000719200000| PB 0x0000000719200000| Untracked |  0
|  78|0x0000000719400000, 0x0000000719600000, 0x0000000719600000|100%| O|  |TAMS 0x0000000719400000| PB 0x0000000719400000| Untracked |  0
|  79|0x0000000719600000, 0x0000000719800000, 0x0000000719800000|100%| O|  |TAMS 0x0000000719600000| PB 0x0000000719600000| Untracked |  0
|  80|0x0000000719800000, 0x0000000719a00000, 0x0000000719a00000|100%| O|  |TAMS 0x0000000719800000| PB 0x0000000719800000| Untracked |  0
|  81|0x0000000719a00000, 0x0000000719c00000, 0x0000000719c00000|100%| O|  |TAMS 0x0000000719a00000| PB 0x0000000719a00000| Untracked |  0
|  82|0x0000000719c00000, 0x0000000719e00000, 0x0000000719e00000|100%| O|  |TAMS 0x0000000719c00000| PB 0x0000000719c00000| Untracked |  0
|  83|0x0000000719e00000, 0x000000071a000000, 0x000000071a000000|100%| O|  |TAMS 0x0000000719e00000| PB 0x0000000719e00000| Untracked |  0
|  84|0x000000071a000000, 0x000000071a200000, 0x000000071a200000|100%| O|  |TAMS 0x000000071a000000| PB 0x000000071a000000| Untracked |  0
|  85|0x000000071a200000, 0x000000071a400000, 0x000000071a400000|100%| O|  |TAMS 0x000000071a200000| PB 0x000000071a200000| Untracked |  0
|  86|0x000000071a400000, 0x000000071a600000, 0x000000071a600000|100%| O|  |TAMS 0x000000071a400000| PB 0x000000071a400000| Untracked |  0
|  87|0x000000071a600000, 0x000000071a800000, 0x000000071a800000|100%| O|  |TAMS 0x000000071a600000| PB 0x000000071a600000| Untracked |  0
|  88|0x000000071a800000, 0x000000071aa00000, 0x000000071aa00000|100%| O|  |TAMS 0x000000071a800000| PB 0x000000071a800000| Untracked |  0
|  89|0x000000071aa00000, 0x000000071ac00000, 0x000000071ac00000|100%| O|  |TAMS 0x000000071aa00000| PB 0x000000071aa00000| Untracked |  0
|  90|0x000000071ac00000, 0x000000071ae00000, 0x000000071ae00000|100%| O|  |TAMS 0x000000071ac00000| PB 0x000000071ac00000| Untracked |  0
|  91|0x000000071ae00000, 0x000000071b000000, 0x000000071b000000|100%| O|  |TAMS 0x000000071ae00000| PB 0x000000071ae00000| Untracked |  0
|  92|0x000000071b000000, 0x000000071b200000, 0x000000071b200000|100%| O|  |TAMS 0x000000071b000000| PB 0x000000071b000000| Untracked |  0
|  93|0x000000071b200000, 0x000000071b400000, 0x000000071b400000|100%| O|  |TAMS 0x000000071b200000| PB 0x000000071b200000| Untracked |  0
|  94|0x000000071b400000, 0x000000071b600000, 0x000000071b600000|100%| O|  |TAMS 0x000000071b400000| PB 0x000000071b400000| Untracked |  0
|  95|0x000000071b600000, 0x000000071b800000, 0x000000071b800000|100%| O|  |TAMS 0x000000071b600000| PB 0x000000071b600000| Untracked |  0
|  96|0x000000071b800000, 0x000000071ba00000, 0x000000071ba00000|100%| O|  |TAMS 0x000000071b800000| PB 0x000000071b800000| Untracked |  0
|  97|0x000000071ba00000, 0x000000071bc00000, 0x000000071bc00000|100%| O|  |TAMS 0x000000071ba00000| PB 0x000000071ba00000| Untracked |  0
|  98|0x000000071bc00000, 0x000000071be00000, 0x000000071be00000|100%| O|  |TAMS 0x000000071bc00000| PB 0x000000071bc00000| Untracked |  0
|  99|0x000000071be00000, 0x000000071c000000, 0x000000071c000000|100%| O|  |TAMS 0x000000071be00000| PB 0x000000071be00000| Untracked |  0
| 100|0x000000071c000000, 0x000000071c200000, 0x000000071c200000|100%| O|  |TAMS 0x000000071c000000| PB 0x000000071c000000| Untracked |  0
| 101|0x000000071c200000, 0x000000071c400000, 0x000000071c400000|100%| O|  |TAMS 0x000000071c200000| PB 0x000000071c200000| Untracked |  0
| 102|0x000000071c400000, 0x000000071c600000, 0x000000071c600000|100%| O|  |TAMS 0x000000071c400000| PB 0x000000071c400000| Untracked |  0
| 103|0x000000071c600000, 0x000000071c800000, 0x000000071c800000|100%| O|  |TAMS 0x000000071c600000| PB 0x000000071c600000| Untracked |  0
| 104|0x000000071c800000, 0x000000071ca00000, 0x000000071ca00000|100%| O|  |TAMS 0x000000071c800000| PB 0x000000071c800000| Untracked |  0
| 105|0x000000071ca00000, 0x000000071cc00000, 0x000000071cc00000|100%| O|  |TAMS 0x000000071ca00000| PB 0x000000071ca00000| Untracked |  0
| 106|0x000000071cc00000, 0x000000071ce00000, 0x000000071ce00000|100%| O|  |TAMS 0x000000071cc00000| PB 0x000000071cc00000| Untracked |  0
| 107|0x000000071ce00000, 0x000000071d000000, 0x000000071d000000|100%| O|  |TAMS 0x000000071ce00000| PB 0x000000071ce00000| Untracked |  0
| 108|0x000000071d000000, 0x000000071d200000, 0x000000071d200000|100%| O|  |TAMS 0x000000071d000000| PB 0x000000071d000000| Untracked |  0
| 109|0x000000071d200000, 0x000000071d400000, 0x000000071d400000|100%| O|  |TAMS 0x000000071d200000| PB 0x000000071d200000| Untracked |  0
| 110|0x000000071d400000, 0x000000071d600000, 0x000000071d600000|100%| O|  |TAMS 0x000000071d400000| PB 0x000000071d400000| Untracked |  0
| 111|0x000000071d600000, 0x000000071d800000, 0x000000071d800000|100%| O|  |TAMS 0x000000071d600000| PB 0x000000071d600000| Untracked |  0
| 112|0x000000071d800000, 0x000000071da00000, 0x000000071da00000|100%| O|  |TAMS 0x000000071d800000| PB 0x000000071d800000| Untracked |  0
| 113|0x000000071da00000, 0x000000071dc00000, 0x000000071dc00000|100%| O|  |TAMS 0x000000071da00000| PB 0x000000071da00000| Untracked |  0
| 114|0x000000071dc00000, 0x000000071de00000, 0x000000071de00000|100%| O|  |TAMS 0x000000071dc00000| PB 0x000000071dc00000| Untracked |  0
| 115|0x000000071de00000, 0x000000071e000000, 0x000000071e000000|100%| O|  |TAMS 0x000000071de00000| PB 0x000000071de00000| Untracked |  0
| 116|0x000000071e000000, 0x000000071e200000, 0x000000071e200000|100%| O|  |TAMS 0x000000071e000000| PB 0x000000071e000000| Untracked |  0
| 117|0x000000071e200000, 0x000000071e400000, 0x000000071e400000|100%| O|  |TAMS 0x000000071e200000| PB 0x000000071e200000| Untracked |  0
| 118|0x000000071e400000, 0x000000071e600000, 0x000000071e600000|100%| O|Cm|TAMS 0x000000071e400000| PB 0x000000071e400000| Complete |  0
| 119|0x000000071e600000, 0x000000071e800000, 0x000000071e800000|100%| O|  |TAMS 0x000000071e600000| PB 0x000000071e600000| Untracked |  0
| 120|0x000000071e800000, 0x000000071ea00000, 0x000000071ea00000|100%| O|  |TAMS 0x000000071e800000| PB 0x000000071e800000| Untracked |  0
| 121|0x000000071ea00000, 0x000000071ec00000, 0x000000071ec00000|100%| O|  |TAMS 0x000000071ea00000| PB 0x000000071ea00000| Untracked |  0
| 122|0x000000071ec00000, 0x000000071ee00000, 0x000000071ee00000|100%| O|  |TAMS 0x000000071ec00000| PB 0x000000071ec00000| Untracked |  0
| 123|0x000000071ee00000, 0x000000071f000000, 0x000000071f000000|100%| O|  |TAMS 0x000000071ee00000| PB 0x000000071ee00000| Untracked |  0
| 124|0x000000071f000000, 0x000000071f200000, 0x000000071f200000|100%| O|  |TAMS 0x000000071f000000| PB 0x000000071f000000| Untracked |  0
| 125|0x000000071f200000, 0x000000071f400000, 0x000000071f400000|100%| O|  |TAMS 0x000000071f200000| PB 0x000000071f200000| Untracked |  0
| 126|0x000000071f400000, 0x000000071f600000, 0x000000071f600000|100%| O|  |TAMS 0x000000071f400000| PB 0x000000071f400000| Untracked |  0
| 127|0x000000071f600000, 0x000000071f800000, 0x000000071f800000|100%| O|  |TAMS 0x000000071f600000| PB 0x000000071f600000| Untracked |  0
| 128|0x000000071f800000, 0x000000071fa00000, 0x000000071fa00000|100%| O|  |TAMS 0x000000071f800000| PB 0x000000071f800000| Untracked |  0
| 129|0x000000071fa00000, 0x000000071fc00000, 0x000000071fc00000|100%| O|  |TAMS 0x000000071fa00000| PB 0x000000071fa00000| Untracked |  0
| 130|0x000000071fc00000, 0x000000071fe00000, 0x000000071fe00000|100%| O|  |TAMS 0x000000071fc00000| PB 0x000000071fc00000| Untracked |  0
| 131|0x000000071fe00000, 0x0000000720000000, 0x0000000720000000|100%| O|Cm|TAMS 0x000000071fe00000| PB 0x000000071fe00000| Complete |  0
| 132|0x0000000720000000, 0x0000000720200000, 0x0000000720200000|100%| O|  |TAMS 0x0000000720000000| PB 0x0000000720000000| Untracked |  0
| 133|0x0000000720200000, 0x0000000720400000, 0x0000000720400000|100%| O|  |TAMS 0x0000000720200000| PB 0x0000000720200000| Untracked |  0
| 134|0x0000000720400000, 0x0000000720600000, 0x0000000720600000|100%| O|  |TAMS 0x0000000720400000| PB 0x0000000720400000| Untracked |  0
| 135|0x0000000720600000, 0x0000000720800000, 0x0000000720800000|100%| O|  |TAMS 0x0000000720600000| PB 0x0000000720600000| Untracked |  0
| 136|0x0000000720800000, 0x0000000720a00000, 0x0000000720a00000|100%| O|  |TAMS 0x0000000720800000| PB 0x0000000720800000| Untracked |  0
| 137|0x0000000720a00000, 0x0000000720c00000, 0x0000000720c00000|100%| O|  |TAMS 0x0000000720a00000| PB 0x0000000720a00000| Untracked |  0
| 138|0x0000000720c00000, 0x0000000720e00000, 0x0000000720e00000|100%| O|  |TAMS 0x0000000720c00000| PB 0x0000000720c00000| Untracked |  0
| 139|0x0000000720e00000, 0x0000000721000000, 0x0000000721000000|100%| O|  |TAMS 0x0000000720e00000| PB 0x0000000720e00000| Untracked |  0
| 140|0x0000000721000000, 0x0000000721200000, 0x0000000721200000|100%| O|Cm|TAMS 0x0000000721000000| PB 0x0000000721000000| Complete |  0
| 141|0x0000000721200000, 0x0000000721400000, 0x0000000721400000|100%| O|  |TAMS 0x0000000721200000| PB 0x0000000721200000| Untracked |  0
| 142|0x0000000721400000, 0x0000000721600000, 0x0000000721600000|100%| O|  |TAMS 0x0000000721400000| PB 0x0000000721400000| Untracked |  0
| 143|0x0000000721600000, 0x0000000721800000, 0x0000000721800000|100%| O|  |TAMS 0x0000000721600000| PB 0x0000000721600000| Untracked |  0
| 144|0x0000000721800000, 0x0000000721a00000, 0x0000000721a00000|100%| O|  |TAMS 0x0000000721800000| PB 0x0000000721800000| Untracked |  0
| 145|0x0000000721a00000, 0x0000000721c00000, 0x0000000721c00000|100%| O|  |TAMS 0x0000000721a00000| PB 0x0000000721a00000| Untracked |  0
| 146|0x0000000721c00000, 0x0000000721e00000, 0x0000000721e00000|100%| O|  |TAMS 0x0000000721c00000| PB 0x0000000721c00000| Untracked |  0
| 147|0x0000000721e00000, 0x0000000722000000, 0x0000000722000000|100%| O|Cm|TAMS 0x0000000721e00000| PB 0x0000000721e00000| Complete |  0
| 148|0x0000000722000000, 0x0000000722200000, 0x0000000722200000|100%| O|  |TAMS 0x0000000722000000| PB 0x0000000722000000| Untracked |  0
| 149|0x0000000722200000, 0x0000000722400000, 0x0000000722400000|100%| O|  |TAMS 0x0000000722200000| PB 0x0000000722200000| Untracked |  0
| 150|0x0000000722400000, 0x0000000722600000, 0x0000000722600000|100%| O|  |TAMS 0x0000000722400000| PB 0x0000000722400000| Untracked |  0
| 151|0x0000000722600000, 0x0000000722800000, 0x0000000722800000|100%| O|  |TAMS 0x0000000722600000| PB 0x0000000722600000| Untracked |  0
| 152|0x0000000722800000, 0x0000000722a00000, 0x0000000722a00000|100%| O|  |TAMS 0x0000000722800000| PB 0x0000000722800000| Untracked |  0
| 153|0x0000000722a00000, 0x0000000722c00000, 0x0000000722c00000|100%| O|  |TAMS 0x0000000722a00000| PB 0x0000000722a00000| Untracked |  0
| 154|0x0000000722c00000, 0x0000000722e00000, 0x0000000722e00000|100%| O|  |TAMS 0x0000000722c00000| PB 0x0000000722c00000| Untracked |  0
| 155|0x0000000722e00000, 0x0000000723000000, 0x0000000723000000|100%| O|Cm|TAMS 0x0000000722e00000| PB 0x0000000722e00000| Complete |  0
| 156|0x0000000723000000, 0x0000000723200000, 0x0000000723200000|100%| O|  |TAMS 0x0000000723000000| PB 0x0000000723000000| Untracked |  0
| 157|0x0000000723200000, 0x0000000723400000, 0x0000000723400000|100%| O|  |TAMS 0x0000000723200000| PB 0x0000000723200000| Untracked |  0
| 158|0x0000000723400000, 0x0000000723600000, 0x0000000723600000|100%| O|  |TAMS 0x0000000723400000| PB 0x0000000723400000| Untracked |  0
| 159|0x0000000723600000, 0x0000000723800000, 0x0000000723800000|100%| O|  |TAMS 0x0000000723600000| PB 0x0000000723600000| Untracked |  0
| 160|0x0000000723800000, 0x0000000723a00000, 0x0000000723a00000|100%| O|  |TAMS 0x0000000723800000| PB 0x0000000723800000| Untracked |  0
| 161|0x0000000723a00000, 0x0000000723c00000, 0x0000000723c00000|100%| O|  |TAMS 0x0000000723a00000| PB 0x0000000723a00000| Untracked |  0
| 162|0x0000000723c00000, 0x0000000723e00000, 0x0000000723e00000|100%| O|  |TAMS 0x0000000723c00000| PB 0x0000000723c00000| Untracked |  0
| 163|0x0000000723e00000, 0x0000000724000000, 0x0000000724000000|100%| O|  |TAMS 0x0000000723e00000| PB 0x0000000723e00000| Untracked |  0
| 164|0x0000000724000000, 0x0000000724200000, 0x0000000724200000|100%| O|  |TAMS 0x0000000724000000| PB 0x0000000724000000| Untracked |  0
| 165|0x0000000724200000, 0x0000000724400000, 0x0000000724400000|100%| O|Cm|TAMS 0x0000000724200000| PB 0x0000000724200000| Complete |  0
| 166|0x0000000724400000, 0x0000000724600000, 0x0000000724600000|100%| O|  |TAMS 0x0000000724400000| PB 0x0000000724400000| Untracked |  0
| 167|0x0000000724600000, 0x0000000724800000, 0x0000000724800000|100%| O|  |TAMS 0x0000000724600000| PB 0x0000000724600000| Untracked |  0
| 168|0x0000000724800000, 0x0000000724a00000, 0x0000000724a00000|100%| O|  |TAMS 0x0000000724800000| PB 0x0000000724800000| Untracked |  0
| 169|0x0000000724a00000, 0x0000000724c00000, 0x0000000724c00000|100%| O|  |TAMS 0x0000000724a00000| PB 0x0000000724a00000| Untracked |  0
| 170|0x0000000724c00000, 0x0000000724e00000, 0x0000000724e00000|100%| O|  |TAMS 0x0000000724c00000| PB 0x0000000724c00000| Untracked |  0
| 171|0x0000000724e00000, 0x0000000725000000, 0x0000000725000000|100%| O|Cm|TAMS 0x0000000724e00000| PB 0x0000000724e00000| Complete |  0
| 172|0x0000000725000000, 0x0000000725200000, 0x0000000725200000|100%| O|  |TAMS 0x0000000725000000| PB 0x0000000725000000| Untracked |  0
| 173|0x0000000725200000, 0x0000000725400000, 0x0000000725400000|100%| O|  |TAMS 0x0000000725200000| PB 0x0000000725200000| Untracked |  0
| 174|0x0000000725400000, 0x0000000725600000, 0x0000000725600000|100%| O|Cm|TAMS 0x0000000725400000| PB 0x0000000725400000| Complete |  0
| 175|0x0000000725600000, 0x0000000725800000, 0x0000000725800000|100%| O|  |TAMS 0x0000000725600000| PB 0x0000000725600000| Untracked |  0
| 176|0x0000000725800000, 0x0000000725a00000, 0x0000000725a00000|100%| O|  |TAMS 0x0000000725800000| PB 0x0000000725800000| Untracked |  0
| 177|0x0000000725a00000, 0x0000000725c00000, 0x0000000725c00000|100%| O|  |TAMS 0x0000000725a00000| PB 0x0000000725a00000| Untracked |  0
| 178|0x0000000725c00000, 0x0000000725e00000, 0x0000000725e00000|100%| O|  |TAMS 0x0000000725c00000| PB 0x0000000725c00000| Untracked |  0
| 179|0x0000000725e00000, 0x0000000726000000, 0x0000000726000000|100%| O|  |TAMS 0x0000000725e00000| PB 0x0000000725e00000| Untracked |  0
| 180|0x0000000726000000, 0x0000000726200000, 0x0000000726200000|100%| O|  |TAMS 0x0000000726000000| PB 0x0000000726000000| Untracked |  0
| 181|0x0000000726200000, 0x0000000726400000, 0x0000000726400000|100%| O|  |TAMS 0x0000000726200000| PB 0x0000000726200000| Untracked |  0
| 182|0x0000000726400000, 0x0000000726600000, 0x0000000726600000|100%| O|  |TAMS 0x0000000726400000| PB 0x0000000726400000| Untracked |  0
| 183|0x0000000726600000, 0x0000000726800000, 0x0000000726800000|100%| O|  |TAMS 0x0000000726600000| PB 0x0000000726600000| Untracked |  0
| 184|0x0000000726800000, 0x0000000726a00000, 0x0000000726a00000|100%| O|  |TAMS 0x0000000726800000| PB 0x0000000726800000| Untracked |  0
| 185|0x0000000726a00000, 0x0000000726c00000, 0x0000000726c00000|100%| O|  |TAMS 0x0000000726a00000| PB 0x0000000726a00000| Untracked |  0
| 186|0x0000000726c00000, 0x0000000726e00000, 0x0000000726e00000|100%| O|Cm|TAMS 0x0000000726c00000| PB 0x0000000726c00000| Complete |  0
| 187|0x0000000726e00000, 0x0000000727000000, 0x0000000727000000|100%| O|  |TAMS 0x0000000726e00000| PB 0x0000000726e00000| Untracked |  0
| 188|0x0000000727000000, 0x0000000727200000, 0x0000000727200000|100%| O|  |TAMS 0x0000000727000000| PB 0x0000000727000000| Untracked |  0
| 189|0x0000000727200000, 0x0000000727400000, 0x0000000727400000|100%| O|  |TAMS 0x0000000727200000| PB 0x0000000727200000| Untracked |  0
| 190|0x0000000727400000, 0x0000000727600000, 0x0000000727600000|100%| O|  |TAMS 0x0000000727400000| PB 0x0000000727400000| Untracked |  0
| 191|0x0000000727600000, 0x0000000727800000, 0x0000000727800000|100%| O|  |TAMS 0x0000000727600000| PB 0x0000000727600000| Untracked |  0
| 192|0x0000000727800000, 0x0000000727a00000, 0x0000000727a00000|100%| O|  |TAMS 0x0000000727800000| PB 0x0000000727800000| Untracked |  0
| 193|0x0000000727a00000, 0x0000000727c00000, 0x0000000727c00000|100%| O|  |TAMS 0x0000000727a00000| PB 0x0000000727a00000| Untracked |  0
| 194|0x0000000727c00000, 0x0000000727e00000, 0x0000000727e00000|100%| O|  |TAMS 0x0000000727c00000| PB 0x0000000727c00000| Untracked |  0
| 195|0x0000000727e00000, 0x0000000728000000, 0x0000000728000000|100%| O|  |TAMS 0x0000000727e00000| PB 0x0000000727e00000| Untracked |  0
| 196|0x0000000728000000, 0x0000000728200000, 0x0000000728200000|100%| O|  |TAMS 0x0000000728000000| PB 0x0000000728000000| Untracked |  0
| 197|0x0000000728200000, 0x0000000728400000, 0x0000000728400000|100%| O|  |TAMS 0x0000000728200000| PB 0x0000000728200000| Untracked |  0
| 198|0x0000000728400000, 0x0000000728600000, 0x0000000728600000|100%| O|  |TAMS 0x0000000728400000| PB 0x0000000728400000| Untracked |  0
| 199|0x0000000728600000, 0x0000000728800000, 0x0000000728800000|100%| O|  |TAMS 0x0000000728600000| PB 0x0000000728600000| Untracked |  0
| 200|0x0000000728800000, 0x0000000728800000, 0x0000000728a00000|  0%| F|  |TAMS 0x0000000728800000| PB 0x0000000728800000| Untracked |  0
| 201|0x0000000728a00000, 0x0000000728c00000, 0x0000000728c00000|100%| O|  |TAMS 0x0000000728a00000| PB 0x0000000728a00000| Untracked |  0
| 202|0x0000000728c00000, 0x0000000728e00000, 0x0000000728e00000|100%| O|  |TAMS 0x0000000728c00000| PB 0x0000000728c00000| Untracked |  0
| 203|0x0000000728e00000, 0x0000000729000000, 0x0000000729000000|100%| O|  |TAMS 0x0000000728e00000| PB 0x0000000728e00000| Untracked |  0
| 204|0x0000000729000000, 0x0000000729200000, 0x0000000729200000|100%| O|  |TAMS 0x0000000729000000| PB 0x0000000729000000| Untracked |  0
| 205|0x0000000729200000, 0x0000000729400000, 0x0000000729400000|100%| O|  |TAMS 0x0000000729200000| PB 0x0000000729200000| Untracked |  0
| 206|0x0000000729400000, 0x0000000729600000, 0x0000000729600000|100%| O|  |TAMS 0x0000000729400000| PB 0x0000000729400000| Untracked |  0
| 207|0x0000000729600000, 0x0000000729600000, 0x0000000729800000|  0%| F|  |TAMS 0x0000000729600000| PB 0x0000000729600000| Untracked |  0
| 208|0x0000000729800000, 0x0000000729800000, 0x0000000729a00000|  0%| F|  |TAMS 0x0000000729800000| PB 0x0000000729800000| Untracked |  0
| 209|0x0000000729a00000, 0x0000000729a00000, 0x0000000729c00000|  0%| F|  |TAMS 0x0000000729a00000| PB 0x0000000729a00000| Untracked |  0
| 210|0x0000000729c00000, 0x0000000729c00000, 0x0000000729e00000|  0%| F|  |TAMS 0x0000000729c00000| PB 0x0000000729c00000| Untracked |  0
| 211|0x0000000729e00000, 0x0000000729e00000, 0x000000072a000000|  0%| F|  |TAMS 0x0000000729e00000| PB 0x0000000729e00000| Untracked |  0
| 212|0x000000072a000000, 0x000000072a1d79b0, 0x000000072a200000| 92%| O|  |TAMS 0x000000072a000000| PB 0x000000072a000000| Untracked |  0
| 213|0x000000072a200000, 0x000000072a400000, 0x000000072a400000|100%| S|CS|TAMS 0x000000072a200000| PB 0x000000072a200000| Complete |  0
| 214|0x000000072a400000, 0x000000072a600000, 0x000000072a600000|100%| S|CS|TAMS 0x000000072a400000| PB 0x000000072a400000| Complete |  0
| 215|0x000000072a600000, 0x000000072a800000, 0x000000072a800000|100%| S|CS|TAMS 0x000000072a600000| PB 0x000000072a600000| Complete |  0
| 216|0x000000072a800000, 0x000000072aa00000, 0x000000072aa00000|100%| S|CS|TAMS 0x000000072a800000| PB 0x000000072a800000| Complete |  0
| 217|0x000000072aa00000, 0x000000072ac00000, 0x000000072ac00000|100%| S|CS|TAMS 0x000000072aa00000| PB 0x000000072aa00000| Complete |  0
| 218|0x000000072ac00000, 0x000000072ae00000, 0x000000072ae00000|100%| S|CS|TAMS 0x000000072ac00000| PB 0x000000072ac00000| Complete |  0
| 219|0x000000072ae00000, 0x000000072ae00000, 0x000000072b000000|  0%| F|  |TAMS 0x000000072ae00000| PB 0x000000072ae00000| Untracked |  0
| 220|0x000000072b000000, 0x000000072b000000, 0x000000072b200000|  0%| F|  |TAMS 0x000000072b000000| PB 0x000000072b000000| Untracked |  0
| 221|0x000000072b200000, 0x000000072b200000, 0x000000072b400000|  0%| F|  |TAMS 0x000000072b200000| PB 0x000000072b200000| Untracked |  0
| 222|0x000000072b400000, 0x000000072b400000, 0x000000072b600000|  0%| F|  |TAMS 0x000000072b400000| PB 0x000000072b400000| Untracked |  0
| 223|0x000000072b600000, 0x000000072b600000, 0x000000072b800000|  0%| F|  |TAMS 0x000000072b600000| PB 0x000000072b600000| Untracked |  0
| 224|0x000000072b800000, 0x000000072b800000, 0x000000072ba00000|  0%| F|  |TAMS 0x000000072b800000| PB 0x000000072b800000| Untracked |  0
| 225|0x000000072ba00000, 0x000000072ba00000, 0x000000072bc00000|  0%| F|  |TAMS 0x000000072ba00000| PB 0x000000072ba00000| Untracked |  0
| 226|0x000000072bc00000, 0x000000072bc00000, 0x000000072be00000|  0%| F|  |TAMS 0x000000072bc00000| PB 0x000000072bc00000| Untracked |  0
| 227|0x000000072be00000, 0x000000072be00000, 0x000000072c000000|  0%| F|  |TAMS 0x000000072be00000| PB 0x000000072be00000| Untracked |  0
| 228|0x000000072c000000, 0x000000072c000000, 0x000000072c200000|  0%| F|  |TAMS 0x000000072c000000| PB 0x000000072c000000| Untracked |  0
| 229|0x000000072c200000, 0x000000072c200000, 0x000000072c400000|  0%| F|  |TAMS 0x000000072c200000| PB 0x000000072c200000| Untracked |  0
| 230|0x000000072c400000, 0x000000072c400000, 0x000000072c600000|  0%| F|  |TAMS 0x000000072c400000| PB 0x000000072c400000| Untracked |  0
| 231|0x000000072c600000, 0x000000072c800000, 0x000000072c800000|100%| S|CS|TAMS 0x000000072c600000| PB 0x000000072c600000| Complete |  0
| 232|0x000000072c800000, 0x000000072ca00000, 0x000000072ca00000|100%| S|CS|TAMS 0x000000072c800000| PB 0x000000072c800000| Complete |  0
| 233|0x000000072ca00000, 0x000000072cc00000, 0x000000072cc00000|100%| S|CS|TAMS 0x000000072ca00000| PB 0x000000072ca00000| Complete |  0
| 234|0x000000072cc00000, 0x000000072ce00000, 0x000000072ce00000|100%| S|CS|TAMS 0x000000072cc00000| PB 0x000000072cc00000| Complete |  0
| 235|0x000000072ce00000, 0x000000072d000000, 0x000000072d000000|100%| S|CS|TAMS 0x000000072ce00000| PB 0x000000072ce00000| Complete |  0
| 236|0x000000072d000000, 0x000000072d000000, 0x000000072d200000|  0%| F|  |TAMS 0x000000072d000000| PB 0x000000072d000000| Untracked |  0
| 237|0x000000072d200000, 0x000000072d200000, 0x000000072d400000|  0%| F|  |TAMS 0x000000072d200000| PB 0x000000072d200000| Untracked |  0
| 238|0x000000072d400000, 0x000000072d400000, 0x000000072d600000|  0%| F|  |TAMS 0x000000072d400000| PB 0x000000072d400000| Untracked |  0
| 239|0x000000072d600000, 0x000000072d600000, 0x000000072d800000|  0%| F|  |TAMS 0x000000072d600000| PB 0x000000072d600000| Untracked |  0
| 240|0x000000072d800000, 0x000000072d800000, 0x000000072da00000|  0%| F|  |TAMS 0x000000072d800000| PB 0x000000072d800000| Untracked |  0
| 241|0x000000072da00000, 0x000000072da00000, 0x000000072dc00000|  0%| F|  |TAMS 0x000000072da00000| PB 0x000000072da00000| Untracked |  0
| 242|0x000000072dc00000, 0x000000072dc00000, 0x000000072de00000|  0%| F|  |TAMS 0x000000072dc00000| PB 0x000000072dc00000| Untracked |  0
| 243|0x000000072de00000, 0x000000072de00000, 0x000000072e000000|  0%| F|  |TAMS 0x000000072de00000| PB 0x000000072de00000| Untracked |  0
| 244|0x000000072e000000, 0x000000072e000000, 0x000000072e200000|  0%| F|  |TAMS 0x000000072e000000| PB 0x000000072e000000| Untracked |  0
| 245|0x000000072e200000, 0x000000072e200000, 0x000000072e400000|  0%| F|  |TAMS 0x000000072e200000| PB 0x000000072e200000| Untracked |  0
| 246|0x000000072e400000, 0x000000072e400000, 0x000000072e600000|  0%| F|  |TAMS 0x000000072e400000| PB 0x000000072e400000| Untracked |  0
| 247|0x000000072e600000, 0x000000072e600000, 0x000000072e800000|  0%| F|  |TAMS 0x000000072e600000| PB 0x000000072e600000| Untracked |  0
| 248|0x000000072e800000, 0x000000072e800000, 0x000000072ea00000|  0%| F|  |TAMS 0x000000072e800000| PB 0x000000072e800000| Untracked |  0
| 249|0x000000072ea00000, 0x000000072ea00000, 0x000000072ec00000|  0%| F|  |TAMS 0x000000072ea00000| PB 0x000000072ea00000| Untracked |  0
| 250|0x000000072ec00000, 0x000000072ec00000, 0x000000072ee00000|  0%| F|  |TAMS 0x000000072ec00000| PB 0x000000072ec00000| Untracked |  0
| 251|0x000000072ee00000, 0x000000072ee00000, 0x000000072f000000|  0%| F|  |TAMS 0x000000072ee00000| PB 0x000000072ee00000| Untracked |  0
| 252|0x000000072f000000, 0x000000072f000000, 0x000000072f200000|  0%| F|  |TAMS 0x000000072f000000| PB 0x000000072f000000| Untracked |  0
| 253|0x000000072f200000, 0x000000072f200000, 0x000000072f400000|  0%| F|  |TAMS 0x000000072f200000| PB 0x000000072f200000| Untracked |  0
| 254|0x000000072f400000, 0x000000072f400000, 0x000000072f600000|  0%| F|  |TAMS 0x000000072f400000| PB 0x000000072f400000| Untracked |  0
| 255|0x000000072f600000, 0x000000072f600000, 0x000000072f800000|  0%| F|  |TAMS 0x000000072f600000| PB 0x000000072f600000| Untracked |  0
| 256|0x000000072f800000, 0x000000072f800000, 0x000000072fa00000|  0%| F|  |TAMS 0x000000072f800000| PB 0x000000072f800000| Untracked |  0
| 257|0x000000072fa00000, 0x000000072fa00000, 0x000000072fc00000|  0%| F|  |TAMS 0x000000072fa00000| PB 0x000000072fa00000| Untracked |  0
| 258|0x000000072fc00000, 0x000000072fc00000, 0x000000072fe00000|  0%| F|  |TAMS 0x000000072fc00000| PB 0x000000072fc00000| Untracked |  0
| 259|0x000000072fe00000, 0x000000072fe00000, 0x0000000730000000|  0%| F|  |TAMS 0x000000072fe00000| PB 0x000000072fe00000| Untracked |  0
| 260|0x0000000730000000, 0x0000000730000000, 0x0000000730200000|  0%| F|  |TAMS 0x0000000730000000| PB 0x0000000730000000| Untracked |  0
| 261|0x0000000730200000, 0x0000000730200000, 0x0000000730400000|  0%| F|  |TAMS 0x0000000730200000| PB 0x0000000730200000| Untracked |  0
| 262|0x0000000730400000, 0x0000000730400000, 0x0000000730600000|  0%| F|  |TAMS 0x0000000730400000| PB 0x0000000730400000| Untracked |  0
| 263|0x0000000730600000, 0x0000000730600000, 0x0000000730800000|  0%| F|  |TAMS 0x0000000730600000| PB 0x0000000730600000| Untracked |  0
| 264|0x0000000730800000, 0x0000000730800000, 0x0000000730a00000|  0%| F|  |TAMS 0x0000000730800000| PB 0x0000000730800000| Untracked |  0
| 265|0x0000000730a00000, 0x0000000730a00000, 0x0000000730c00000|  0%| F|  |TAMS 0x0000000730a00000| PB 0x0000000730a00000| Untracked |  0
| 266|0x0000000730c00000, 0x0000000730c00000, 0x0000000730e00000|  0%| F|  |TAMS 0x0000000730c00000| PB 0x0000000730c00000| Untracked |  0
| 267|0x0000000730e00000, 0x0000000730e00000, 0x0000000731000000|  0%| F|  |TAMS 0x0000000730e00000| PB 0x0000000730e00000| Untracked |  0
| 268|0x0000000731000000, 0x0000000731000000, 0x0000000731200000|  0%| F|  |TAMS 0x0000000731000000| PB 0x0000000731000000| Untracked |  0
| 269|0x0000000731200000, 0x0000000731200000, 0x0000000731400000|  0%| F|  |TAMS 0x0000000731200000| PB 0x0000000731200000| Untracked |  0
| 270|0x0000000731400000, 0x0000000731400000, 0x0000000731600000|  0%| F|  |TAMS 0x0000000731400000| PB 0x0000000731400000| Untracked |  0
| 271|0x0000000731600000, 0x0000000731600000, 0x0000000731800000|  0%| F|  |TAMS 0x0000000731600000| PB 0x0000000731600000| Untracked |  0
| 272|0x0000000731800000, 0x0000000731800000, 0x0000000731a00000|  0%| F|  |TAMS 0x0000000731800000| PB 0x0000000731800000| Untracked |  0
| 273|0x0000000731a00000, 0x0000000731c00000, 0x0000000731c00000|100%| E|  |TAMS 0x0000000731a00000| PB 0x0000000731a00000| Complete |  0
| 274|0x0000000731c00000, 0x0000000731e00000, 0x0000000731e00000|100%| E|CS|TAMS 0x0000000731c00000| PB 0x0000000731c00000| Complete |  0
| 275|0x0000000731e00000, 0x0000000732000000, 0x0000000732000000|100%| E|  |TAMS 0x0000000731e00000| PB 0x0000000731e00000| Complete |  0
| 276|0x0000000732000000, 0x0000000732200000, 0x0000000732200000|100%| E|CS|TAMS 0x0000000732000000| PB 0x0000000732000000| Complete |  0
| 277|0x0000000732200000, 0x0000000732400000, 0x0000000732400000|100%| E|CS|TAMS 0x0000000732200000| PB 0x0000000732200000| Complete |  0
| 278|0x0000000732400000, 0x0000000732600000, 0x0000000732600000|100%| E|CS|TAMS 0x0000000732400000| PB 0x0000000732400000| Complete |  0
| 279|0x0000000732600000, 0x0000000732800000, 0x0000000732800000|100%| E|CS|TAMS 0x0000000732600000| PB 0x0000000732600000| Complete |  0
| 280|0x0000000732800000, 0x0000000732a00000, 0x0000000732a00000|100%| E|CS|TAMS 0x0000000732800000| PB 0x0000000732800000| Complete |  0
| 281|0x0000000732a00000, 0x0000000732c00000, 0x0000000732c00000|100%| E|CS|TAMS 0x0000000732a00000| PB 0x0000000732a00000| Complete |  0
| 282|0x0000000732c00000, 0x0000000732e00000, 0x0000000732e00000|100%| E|CS|TAMS 0x0000000732c00000| PB 0x0000000732c00000| Complete |  0
| 283|0x0000000732e00000, 0x0000000733000000, 0x0000000733000000|100%| E|CS|TAMS 0x0000000732e00000| PB 0x0000000732e00000| Complete |  0
| 284|0x0000000733000000, 0x0000000733200000, 0x0000000733200000|100%| E|CS|TAMS 0x0000000733000000| PB 0x0000000733000000| Complete |  0
| 285|0x0000000733200000, 0x0000000733400000, 0x0000000733400000|100%| E|CS|TAMS 0x0000000733200000| PB 0x0000000733200000| Complete |  0
| 286|0x0000000733400000, 0x0000000733600000, 0x0000000733600000|100%| E|CS|TAMS 0x0000000733400000| PB 0x0000000733400000| Complete |  0
| 287|0x0000000733600000, 0x0000000733800000, 0x0000000733800000|100%| E|CS|TAMS 0x0000000733600000| PB 0x0000000733600000| Complete |  0
| 288|0x0000000733800000, 0x0000000733a00000, 0x0000000733a00000|100%| E|CS|TAMS 0x0000000733800000| PB 0x0000000733800000| Complete |  0
| 289|0x0000000733a00000, 0x0000000733c00000, 0x0000000733c00000|100%| E|CS|TAMS 0x0000000733a00000| PB 0x0000000733a00000| Complete |  0
| 290|0x0000000733c00000, 0x0000000733e00000, 0x0000000733e00000|100%| E|CS|TAMS 0x0000000733c00000| PB 0x0000000733c00000| Complete |  0
| 291|0x0000000733e00000, 0x0000000734000000, 0x0000000734000000|100%| E|CS|TAMS 0x0000000733e00000| PB 0x0000000733e00000| Complete |  0
| 292|0x0000000734000000, 0x0000000734200000, 0x0000000734200000|100%| E|CS|TAMS 0x0000000734000000| PB 0x0000000734000000| Complete |  0
| 293|0x0000000734200000, 0x0000000734400000, 0x0000000734400000|100%| E|CS|TAMS 0x0000000734200000| PB 0x0000000734200000| Complete |  0
| 294|0x0000000734400000, 0x0000000734600000, 0x0000000734600000|100%| E|CS|TAMS 0x0000000734400000| PB 0x0000000734400000| Complete |  0
| 295|0x0000000734600000, 0x0000000734800000, 0x0000000734800000|100%| E|CS|TAMS 0x0000000734600000| PB 0x0000000734600000| Complete |  0
| 296|0x0000000734800000, 0x0000000734a00000, 0x0000000734a00000|100%| E|CS|TAMS 0x0000000734800000| PB 0x0000000734800000| Complete |  0
| 297|0x0000000734a00000, 0x0000000734c00000, 0x0000000734c00000|100%| E|CS|TAMS 0x0000000734a00000| PB 0x0000000734a00000| Complete |  0
| 298|0x0000000734c00000, 0x0000000734e00000, 0x0000000734e00000|100%| E|CS|TAMS 0x0000000734c00000| PB 0x0000000734c00000| Complete |  0
| 299|0x0000000734e00000, 0x0000000735000000, 0x0000000735000000|100%| E|CS|TAMS 0x0000000734e00000| PB 0x0000000734e00000| Complete |  0
| 300|0x0000000735000000, 0x0000000735200000, 0x0000000735200000|100%| E|CS|TAMS 0x0000000735000000| PB 0x0000000735000000| Complete |  0
| 301|0x0000000735200000, 0x0000000735400000, 0x0000000735400000|100%| E|CS|TAMS 0x0000000735200000| PB 0x0000000735200000| Complete |  0
| 302|0x0000000735400000, 0x0000000735600000, 0x0000000735600000|100%| E|CS|TAMS 0x0000000735400000| PB 0x0000000735400000| Complete |  0
| 303|0x0000000735600000, 0x0000000735800000, 0x0000000735800000|100%| E|CS|TAMS 0x0000000735600000| PB 0x0000000735600000| Complete |  0
| 304|0x0000000735800000, 0x0000000735a00000, 0x0000000735a00000|100%| E|CS|TAMS 0x0000000735800000| PB 0x0000000735800000| Complete |  0
| 305|0x0000000735a00000, 0x0000000735c00000, 0x0000000735c00000|100%| E|CS|TAMS 0x0000000735a00000| PB 0x0000000735a00000| Complete |  0
| 306|0x0000000735c00000, 0x0000000735e00000, 0x0000000735e00000|100%| E|CS|TAMS 0x0000000735c00000| PB 0x0000000735c00000| Complete |  0
| 307|0x0000000735e00000, 0x0000000736000000, 0x0000000736000000|100%| E|CS|TAMS 0x0000000735e00000| PB 0x0000000735e00000| Complete |  0
| 308|0x0000000736000000, 0x0000000736200000, 0x0000000736200000|100%| E|CS|TAMS 0x0000000736000000| PB 0x0000000736000000| Complete |  0
| 309|0x0000000736200000, 0x0000000736400000, 0x0000000736400000|100%| E|CS|TAMS 0x0000000736200000| PB 0x0000000736200000| Complete |  0
| 310|0x0000000736400000, 0x0000000736600000, 0x0000000736600000|100%| E|CS|TAMS 0x0000000736400000| PB 0x0000000736400000| Complete |  0
| 311|0x0000000736600000, 0x0000000736800000, 0x0000000736800000|100%| E|CS|TAMS 0x0000000736600000| PB 0x0000000736600000| Complete |  0
| 312|0x0000000736800000, 0x0000000736a00000, 0x0000000736a00000|100%| E|CS|TAMS 0x0000000736800000| PB 0x0000000736800000| Complete |  0
| 313|0x0000000736a00000, 0x0000000736c00000, 0x0000000736c00000|100%| E|CS|TAMS 0x0000000736a00000| PB 0x0000000736a00000| Complete |  0
| 314|0x0000000736c00000, 0x0000000736e00000, 0x0000000736e00000|100%| E|CS|TAMS 0x0000000736c00000| PB 0x0000000736c00000| Complete |  0
| 315|0x0000000736e00000, 0x0000000737000000, 0x0000000737000000|100%| E|CS|TAMS 0x0000000736e00000| PB 0x0000000736e00000| Complete |  0
| 316|0x0000000737000000, 0x0000000737200000, 0x0000000737200000|100%| E|CS|TAMS 0x0000000737000000| PB 0x0000000737000000| Complete |  0
| 317|0x0000000737200000, 0x0000000737400000, 0x0000000737400000|100%| E|CS|TAMS 0x0000000737200000| PB 0x0000000737200000| Complete |  0
| 318|0x0000000737400000, 0x0000000737600000, 0x0000000737600000|100%| E|CS|TAMS 0x0000000737400000| PB 0x0000000737400000| Complete |  0
| 319|0x0000000737600000, 0x0000000737800000, 0x0000000737800000|100%| E|CS|TAMS 0x0000000737600000| PB 0x0000000737600000| Complete |  0
| 320|0x0000000737800000, 0x0000000737a00000, 0x0000000737a00000|100%| E|CS|TAMS 0x0000000737800000| PB 0x0000000737800000| Complete |  0
| 321|0x0000000737a00000, 0x0000000737c00000, 0x0000000737c00000|100%| E|CS|TAMS 0x0000000737a00000| PB 0x0000000737a00000| Complete |  0
| 322|0x0000000737c00000, 0x0000000737e00000, 0x0000000737e00000|100%| E|CS|TAMS 0x0000000737c00000| PB 0x0000000737c00000| Complete |  0
| 323|0x0000000737e00000, 0x0000000738000000, 0x0000000738000000|100%| E|CS|TAMS 0x0000000737e00000| PB 0x0000000737e00000| Complete |  0
| 324|0x0000000738000000, 0x0000000738200000, 0x0000000738200000|100%| E|CS|TAMS 0x0000000738000000| PB 0x0000000738000000| Complete |  0
| 325|0x0000000738200000, 0x0000000738400000, 0x0000000738400000|100%| E|CS|TAMS 0x0000000738200000| PB 0x0000000738200000| Complete |  0
| 326|0x0000000738400000, 0x0000000738600000, 0x0000000738600000|100%| E|CS|TAMS 0x0000000738400000| PB 0x0000000738400000| Complete |  0
| 327|0x0000000738600000, 0x0000000738800000, 0x0000000738800000|100%| E|CS|TAMS 0x0000000738600000| PB 0x0000000738600000| Complete |  0
| 328|0x0000000738800000, 0x0000000738a00000, 0x0000000738a00000|100%| E|CS|TAMS 0x0000000738800000| PB 0x0000000738800000| Complete |  0
| 329|0x0000000738a00000, 0x0000000738c00000, 0x0000000738c00000|100%| E|CS|TAMS 0x0000000738a00000| PB 0x0000000738a00000| Complete |  0
| 330|0x0000000738c00000, 0x0000000738e00000, 0x0000000738e00000|100%| E|CS|TAMS 0x0000000738c00000| PB 0x0000000738c00000| Complete |  0
| 331|0x0000000738e00000, 0x0000000739000000, 0x0000000739000000|100%| E|CS|TAMS 0x0000000738e00000| PB 0x0000000738e00000| Complete |  0
| 332|0x0000000739000000, 0x0000000739200000, 0x0000000739200000|100%| E|CS|TAMS 0x0000000739000000| PB 0x0000000739000000| Complete |  0
| 333|0x0000000739200000, 0x0000000739400000, 0x0000000739400000|100%| E|CS|TAMS 0x0000000739200000| PB 0x0000000739200000| Complete |  0
| 334|0x0000000739400000, 0x0000000739600000, 0x0000000739600000|100%| E|CS|TAMS 0x0000000739400000| PB 0x0000000739400000| Complete |  0
| 335|0x0000000739600000, 0x0000000739800000, 0x0000000739800000|100%| E|CS|TAMS 0x0000000739600000| PB 0x0000000739600000| Complete |  0
| 336|0x0000000739800000, 0x0000000739a00000, 0x0000000739a00000|100%| E|CS|TAMS 0x0000000739800000| PB 0x0000000739800000| Complete |  0
| 337|0x0000000739a00000, 0x0000000739c00000, 0x0000000739c00000|100%| E|CS|TAMS 0x0000000739a00000| PB 0x0000000739a00000| Complete |  0
| 338|0x0000000739c00000, 0x0000000739e00000, 0x0000000739e00000|100%| E|CS|TAMS 0x0000000739c00000| PB 0x0000000739c00000| Complete |  0
| 339|0x0000000739e00000, 0x000000073a000000, 0x000000073a000000|100%| E|CS|TAMS 0x0000000739e00000| PB 0x0000000739e00000| Complete |  0
| 340|0x000000073a000000, 0x000000073a200000, 0x000000073a200000|100%| E|CS|TAMS 0x000000073a000000| PB 0x000000073a000000| Complete |  0
| 341|0x000000073a200000, 0x000000073a400000, 0x000000073a400000|100%| E|CS|TAMS 0x000000073a200000| PB 0x000000073a200000| Complete |  0
| 342|0x000000073a400000, 0x000000073a600000, 0x000000073a600000|100%| E|CS|TAMS 0x000000073a400000| PB 0x000000073a400000| Complete |  0
| 343|0x000000073a600000, 0x000000073a800000, 0x000000073a800000|100%| E|CS|TAMS 0x000000073a600000| PB 0x000000073a600000| Complete |  0
| 344|0x000000073a800000, 0x000000073aa00000, 0x000000073aa00000|100%| E|CS|TAMS 0x000000073a800000| PB 0x000000073a800000| Complete |  0
| 345|0x000000073aa00000, 0x000000073ac00000, 0x000000073ac00000|100%| E|CS|TAMS 0x000000073aa00000| PB 0x000000073aa00000| Complete |  0
| 346|0x000000073ac00000, 0x000000073ae00000, 0x000000073ae00000|100%| E|CS|TAMS 0x000000073ac00000| PB 0x000000073ac00000| Complete |  0
| 347|0x000000073ae00000, 0x000000073b000000, 0x000000073b000000|100%| E|CS|TAMS 0x000000073ae00000| PB 0x000000073ae00000| Complete |  0
| 348|0x000000073b000000, 0x000000073b200000, 0x000000073b200000|100%| E|CS|TAMS 0x000000073b000000| PB 0x000000073b000000| Complete |  0
| 349|0x000000073b200000, 0x000000073b400000, 0x000000073b400000|100%| E|CS|TAMS 0x000000073b200000| PB 0x000000073b200000| Complete |  0
| 350|0x000000073b400000, 0x000000073b600000, 0x000000073b600000|100%| E|CS|TAMS 0x000000073b400000| PB 0x000000073b400000| Complete |  0
| 351|0x000000073b600000, 0x000000073b800000, 0x000000073b800000|100%| E|CS|TAMS 0x000000073b600000| PB 0x000000073b600000| Complete |  0
| 352|0x000000073b800000, 0x000000073ba00000, 0x000000073ba00000|100%| E|CS|TAMS 0x000000073b800000| PB 0x000000073b800000| Complete |  0
| 353|0x000000073ba00000, 0x000000073bc00000, 0x000000073bc00000|100%| E|CS|TAMS 0x000000073ba00000| PB 0x000000073ba00000| Complete |  0
| 354|0x000000073bc00000, 0x000000073be00000, 0x000000073be00000|100%| E|CS|TAMS 0x000000073bc00000| PB 0x000000073bc00000| Complete |  0
| 355|0x000000073be00000, 0x000000073c000000, 0x000000073c000000|100%| E|CS|TAMS 0x000000073be00000| PB 0x000000073be00000| Complete |  0
| 356|0x000000073c000000, 0x000000073c200000, 0x000000073c200000|100%| E|CS|TAMS 0x000000073c000000| PB 0x000000073c000000| Complete |  0
| 357|0x000000073c200000, 0x000000073c400000, 0x000000073c400000|100%| E|CS|TAMS 0x000000073c200000| PB 0x000000073c200000| Complete |  0
| 358|0x000000073c400000, 0x000000073c600000, 0x000000073c600000|100%| E|CS|TAMS 0x000000073c400000| PB 0x000000073c400000| Complete |  0
| 359|0x000000073c600000, 0x000000073c800000, 0x000000073c800000|100%| E|CS|TAMS 0x000000073c600000| PB 0x000000073c600000| Complete |  0
| 360|0x000000073c800000, 0x000000073ca00000, 0x000000073ca00000|100%| E|CS|TAMS 0x000000073c800000| PB 0x000000073c800000| Complete |  0
| 361|0x000000073ca00000, 0x000000073cc00000, 0x000000073cc00000|100%| E|CS|TAMS 0x000000073ca00000| PB 0x000000073ca00000| Complete |  0
| 362|0x000000073cc00000, 0x000000073ce00000, 0x000000073ce00000|100%| E|CS|TAMS 0x000000073cc00000| PB 0x000000073cc00000| Complete |  0
| 363|0x000000073ce00000, 0x000000073d000000, 0x000000073d000000|100%| E|CS|TAMS 0x000000073ce00000| PB 0x000000073ce00000| Complete |  0
| 364|0x000000073d000000, 0x000000073d200000, 0x000000073d200000|100%| E|CS|TAMS 0x000000073d000000| PB 0x000000073d000000| Complete |  0
| 365|0x000000073d200000, 0x000000073d400000, 0x000000073d400000|100%| E|CS|TAMS 0x000000073d200000| PB 0x000000073d200000| Complete |  0
| 366|0x000000073d400000, 0x000000073d600000, 0x000000073d600000|100%| E|CS|TAMS 0x000000073d400000| PB 0x000000073d400000| Complete |  0
| 367|0x000000073d600000, 0x000000073d800000, 0x000000073d800000|100%| E|CS|TAMS 0x000000073d600000| PB 0x000000073d600000| Complete |  0
| 368|0x000000073d800000, 0x000000073da00000, 0x000000073da00000|100%| E|CS|TAMS 0x000000073d800000| PB 0x000000073d800000| Complete |  0
| 369|0x000000073da00000, 0x000000073dc00000, 0x000000073dc00000|100%| E|CS|TAMS 0x000000073da00000| PB 0x000000073da00000| Complete |  0
| 370|0x000000073dc00000, 0x000000073de00000, 0x000000073de00000|100%| E|CS|TAMS 0x000000073dc00000| PB 0x000000073dc00000| Complete |  0
| 371|0x000000073de00000, 0x000000073e000000, 0x000000073e000000|100%| E|CS|TAMS 0x000000073de00000| PB 0x000000073de00000| Complete |  0
| 372|0x000000073e000000, 0x000000073e200000, 0x000000073e200000|100%| E|CS|TAMS 0x000000073e000000| PB 0x000000073e000000| Complete |  0
| 373|0x000000073e200000, 0x000000073e400000, 0x000000073e400000|100%| E|CS|TAMS 0x000000073e200000| PB 0x000000073e200000| Complete |  0
| 374|0x000000073e400000, 0x000000073e600000, 0x000000073e600000|100%| E|CS|TAMS 0x000000073e400000| PB 0x000000073e400000| Complete |  0
| 375|0x000000073e600000, 0x000000073e800000, 0x000000073e800000|100%| E|CS|TAMS 0x000000073e600000| PB 0x000000073e600000| Complete |  0
| 376|0x000000073e800000, 0x000000073ea00000, 0x000000073ea00000|100%| E|CS|TAMS 0x000000073e800000| PB 0x000000073e800000| Complete |  0
| 377|0x000000073ea00000, 0x000000073ec00000, 0x000000073ec00000|100%| E|CS|TAMS 0x000000073ea00000| PB 0x000000073ea00000| Complete |  0
| 378|0x000000073ec00000, 0x000000073ee00000, 0x000000073ee00000|100%| E|CS|TAMS 0x000000073ec00000| PB 0x000000073ec00000| Complete |  0
| 379|0x000000073ee00000, 0x000000073f000000, 0x000000073f000000|100%| E|CS|TAMS 0x000000073ee00000| PB 0x000000073ee00000| Complete |  0
| 380|0x000000073f000000, 0x000000073f200000, 0x000000073f200000|100%| E|CS|TAMS 0x000000073f000000| PB 0x000000073f000000| Complete |  0
| 381|0x000000073f200000, 0x000000073f400000, 0x000000073f400000|100%| E|CS|TAMS 0x000000073f200000| PB 0x000000073f200000| Complete |  0
| 382|0x000000073f400000, 0x000000073f600000, 0x000000073f600000|100%| E|CS|TAMS 0x000000073f400000| PB 0x000000073f400000| Complete |  0
| 383|0x000000073f600000, 0x000000073f800000, 0x000000073f800000|100%| E|CS|TAMS 0x000000073f600000| PB 0x000000073f600000| Complete |  0
| 384|0x000000073f800000, 0x000000073fa00000, 0x000000073fa00000|100%| E|CS|TAMS 0x000000073f800000| PB 0x000000073f800000| Complete |  0
| 385|0x000000073fa00000, 0x000000073fc00000, 0x000000073fc00000|100%| E|CS|TAMS 0x000000073fa00000| PB 0x000000073fa00000| Complete |  0
| 386|0x000000073fc00000, 0x000000073fe00000, 0x000000073fe00000|100%| E|CS|TAMS 0x000000073fc00000| PB 0x000000073fc00000| Complete |  0
| 387|0x000000073fe00000, 0x0000000740000000, 0x0000000740000000|100%| E|CS|TAMS 0x000000073fe00000| PB 0x000000073fe00000| Complete |  0
| 388|0x0000000740000000, 0x0000000740200000, 0x0000000740200000|100%| E|CS|TAMS 0x0000000740000000| PB 0x0000000740000000| Complete |  0
| 389|0x0000000740200000, 0x0000000740400000, 0x0000000740400000|100%| E|CS|TAMS 0x0000000740200000| PB 0x0000000740200000| Complete |  0
| 390|0x0000000740400000, 0x0000000740600000, 0x0000000740600000|100%| E|CS|TAMS 0x0000000740400000| PB 0x0000000740400000| Complete |  0
| 391|0x0000000740600000, 0x0000000740800000, 0x0000000740800000|100%| E|CS|TAMS 0x0000000740600000| PB 0x0000000740600000| Complete |  0
| 392|0x0000000740800000, 0x0000000740a00000, 0x0000000740a00000|100%| E|CS|TAMS 0x0000000740800000| PB 0x0000000740800000| Complete |  0
| 393|0x0000000740a00000, 0x0000000740c00000, 0x0000000740c00000|100%| E|CS|TAMS 0x0000000740a00000| PB 0x0000000740a00000| Complete |  0
| 394|0x0000000740c00000, 0x0000000740e00000, 0x0000000740e00000|100%| E|CS|TAMS 0x0000000740c00000| PB 0x0000000740c00000| Complete |  0
| 395|0x0000000740e00000, 0x0000000741000000, 0x0000000741000000|100%| E|CS|TAMS 0x0000000740e00000| PB 0x0000000740e00000| Complete |  0
| 396|0x0000000741000000, 0x0000000741200000, 0x0000000741200000|100%| E|CS|TAMS 0x0000000741000000| PB 0x0000000741000000| Complete |  0
| 397|0x0000000741200000, 0x0000000741400000, 0x0000000741400000|100%| E|CS|TAMS 0x0000000741200000| PB 0x0000000741200000| Complete |  0
| 398|0x0000000741400000, 0x0000000741600000, 0x0000000741600000|100%| E|CS|TAMS 0x0000000741400000| PB 0x0000000741400000| Complete |  0
| 399|0x0000000741600000, 0x0000000741800000, 0x0000000741800000|100%| E|CS|TAMS 0x0000000741600000| PB 0x0000000741600000| Complete |  0
| 400|0x0000000741800000, 0x0000000741a00000, 0x0000000741a00000|100%| E|CS|TAMS 0x0000000741800000| PB 0x0000000741800000| Complete |  0
| 401|0x0000000741a00000, 0x0000000741c00000, 0x0000000741c00000|100%| E|CS|TAMS 0x0000000741a00000| PB 0x0000000741a00000| Complete |  0
| 402|0x0000000741c00000, 0x0000000741e00000, 0x0000000741e00000|100%| E|CS|TAMS 0x0000000741c00000| PB 0x0000000741c00000| Complete |  0
| 403|0x0000000741e00000, 0x0000000742000000, 0x0000000742000000|100%| E|CS|TAMS 0x0000000741e00000| PB 0x0000000741e00000| Complete |  0
| 404|0x0000000742000000, 0x0000000742200000, 0x0000000742200000|100%| E|CS|TAMS 0x0000000742000000| PB 0x0000000742000000| Complete |  0
| 405|0x0000000742200000, 0x0000000742400000, 0x0000000742400000|100%| S|CS|TAMS 0x0000000742200000| PB 0x0000000742200000| Complete |  0
| 406|0x0000000742400000, 0x0000000742600000, 0x0000000742600000|100%| S|CS|TAMS 0x0000000742400000| PB 0x0000000742400000| Complete |  0
| 407|0x0000000742600000, 0x0000000742800000, 0x0000000742800000|100%| S|CS|TAMS 0x0000000742600000| PB 0x0000000742600000| Complete |  0
| 408|0x0000000742800000, 0x0000000742a00000, 0x0000000742a00000|100%| S|CS|TAMS 0x0000000742800000| PB 0x0000000742800000| Complete |  0
| 409|0x0000000742a00000, 0x0000000742c00000, 0x0000000742c00000|100%| S|CS|TAMS 0x0000000742a00000| PB 0x0000000742a00000| Complete |  0
| 410|0x0000000742c00000, 0x0000000742e00000, 0x0000000742e00000|100%| S|CS|TAMS 0x0000000742c00000| PB 0x0000000742c00000| Complete |  0
| 411|0x0000000742e00000, 0x0000000743000000, 0x0000000743000000|100%| S|CS|TAMS 0x0000000742e00000| PB 0x0000000742e00000| Complete |  0
| 412|0x0000000743000000, 0x0000000743200000, 0x0000000743200000|100%| S|CS|TAMS 0x0000000743000000| PB 0x0000000743000000| Complete |  0
| 413|0x0000000743200000, 0x0000000743400000, 0x0000000743400000|100%| S|CS|TAMS 0x0000000743200000| PB 0x0000000743200000| Complete |  0
| 414|0x0000000743400000, 0x0000000743600000, 0x0000000743600000|100%| S|CS|TAMS 0x0000000743400000| PB 0x0000000743400000| Complete |  0
| 415|0x0000000743600000, 0x0000000743800000, 0x0000000743800000|100%| S|CS|TAMS 0x0000000743600000| PB 0x0000000743600000| Complete |  0
| 416|0x0000000743800000, 0x0000000743a00000, 0x0000000743a00000|100%| S|CS|TAMS 0x0000000743800000| PB 0x0000000743800000| Complete |  0
| 417|0x0000000743a00000, 0x0000000743c00000, 0x0000000743c00000|100%| S|CS|TAMS 0x0000000743a00000| PB 0x0000000743a00000| Complete |  0
| 418|0x0000000743c00000, 0x0000000743e00000, 0x0000000743e00000|100%| S|CS|TAMS 0x0000000743c00000| PB 0x0000000743c00000| Complete |  0
| 419|0x0000000743e00000, 0x0000000744000000, 0x0000000744000000|100%| S|CS|TAMS 0x0000000743e00000| PB 0x0000000743e00000| Complete |  0
| 420|0x0000000744000000, 0x0000000744200000, 0x0000000744200000|100%| S|CS|TAMS 0x0000000744000000| PB 0x0000000744000000| Complete |  0
| 487|0x000000074c600000, 0x000000074c800000, 0x000000074c800000|100%| E|CS|TAMS 0x000000074c600000| PB 0x000000074c600000| Complete |  0
| 488|0x000000074c800000, 0x000000074ca00000, 0x000000074ca00000|100%| E|CS|TAMS 0x000000074c800000| PB 0x000000074c800000| Complete |  0
| 489|0x000000074ca00000, 0x000000074cc00000, 0x000000074cc00000|100%| E|CS|TAMS 0x000000074ca00000| PB 0x000000074ca00000| Complete |  0
| 490|0x000000074cc00000, 0x000000074ce00000, 0x000000074ce00000|100%| E|CS|TAMS 0x000000074cc00000| PB 0x000000074cc00000| Complete |  0
| 491|0x000000074ce00000, 0x000000074d000000, 0x000000074d000000|100%| E|CS|TAMS 0x000000074ce00000| PB 0x000000074ce00000| Complete |  0
| 492|0x000000074d000000, 0x000000074d200000, 0x000000074d200000|100%| E|CS|TAMS 0x000000074d000000| PB 0x000000074d000000| Complete |  0
| 493|0x000000074d200000, 0x000000074d400000, 0x000000074d400000|100%| E|CS|TAMS 0x000000074d200000| PB 0x000000074d200000| Complete |  0
| 494|0x000000074d400000, 0x000000074d600000, 0x000000074d600000|100%| E|CS|TAMS 0x000000074d400000| PB 0x000000074d400000| Complete |  0
| 495|0x000000074d600000, 0x000000074d800000, 0x000000074d800000|100%| E|CS|TAMS 0x000000074d600000| PB 0x000000074d600000| Complete |  0
| 496|0x000000074d800000, 0x000000074da00000, 0x000000074da00000|100%| E|CS|TAMS 0x000000074d800000| PB 0x000000074d800000| Complete |  0
| 497|0x000000074da00000, 0x000000074dc00000, 0x000000074dc00000|100%| E|CS|TAMS 0x000000074da00000| PB 0x000000074da00000| Complete |  0
| 498|0x000000074dc00000, 0x000000074de00000, 0x000000074de00000|100%| E|CS|TAMS 0x000000074dc00000| PB 0x000000074dc00000| Complete |  0
| 499|0x000000074de00000, 0x000000074e000000, 0x000000074e000000|100%| E|CS|TAMS 0x000000074de00000| PB 0x000000074de00000| Complete |  0
| 500|0x000000074e000000, 0x000000074e200000, 0x000000074e200000|100%| E|CS|TAMS 0x000000074e000000| PB 0x000000074e000000| Complete |  0
| 501|0x000000074e200000, 0x000000074e400000, 0x000000074e400000|100%| E|CS|TAMS 0x000000074e200000| PB 0x000000074e200000| Complete |  0
| 502|0x000000074e400000, 0x000000074e600000, 0x000000074e600000|100%| E|CS|TAMS 0x000000074e400000| PB 0x000000074e400000| Complete |  0
| 503|0x000000074e600000, 0x000000074e800000, 0x000000074e800000|100%| E|CS|TAMS 0x000000074e600000| PB 0x000000074e600000| Complete |  0
| 504|0x000000074e800000, 0x000000074ea00000, 0x000000074ea00000|100%| E|CS|TAMS 0x000000074e800000| PB 0x000000074e800000| Complete |  0
| 505|0x000000074ea00000, 0x000000074ec00000, 0x000000074ec00000|100%| E|CS|TAMS 0x000000074ea00000| PB 0x000000074ea00000| Complete |  0
| 506|0x000000074ec00000, 0x000000074ee00000, 0x000000074ee00000|100%| E|CS|TAMS 0x000000074ec00000| PB 0x000000074ec00000| Complete |  0
|1900|0x00000007fd000000, 0x00000007fd200000, 0x00000007fd200000|100%| O|  |TAMS 0x00000007fd000000| PB 0x00000007fd000000| Untracked |  0
|1901|0x00000007fd200000, 0x00000007fd400000, 0x00000007fd400000|100%| O|Cm|TAMS 0x00000007fd200000| PB 0x00000007fd200000| Complete |  0
|1902|0x00000007fd400000, 0x00000007fd600000, 0x00000007fd600000|100%| O|  |TAMS 0x00000007fd400000| PB 0x00000007fd400000| Untracked |  0
|1903|0x00000007fd600000, 0x00000007fd800000, 0x00000007fd800000|100%| O|  |TAMS 0x00000007fd600000| PB 0x00000007fd600000| Untracked |  0
|1904|0x00000007fd800000, 0x00000007fda00000, 0x00000007fda00000|100%| E|CS|TAMS 0x00000007fd800000| PB 0x00000007fd800000| Complete |  0
|1905|0x00000007fda00000, 0x00000007fdc00000, 0x00000007fdc00000|100%| E|CS|TAMS 0x00000007fda00000| PB 0x00000007fda00000| Complete |  0
|1906|0x00000007fdc00000, 0x00000007fde00000, 0x00000007fde00000|100%| O|  |TAMS 0x00000007fdc00000| PB 0x00000007fdc00000| Untracked |  0
|1907|0x00000007fde00000, 0x00000007fe000000, 0x00000007fe000000|100%| O|  |TAMS 0x00000007fde00000| PB 0x00000007fde00000| Untracked |  0
|1908|0x00000007fe000000, 0x00000007fe200000, 0x00000007fe200000|100%| E|CS|TAMS 0x00000007fe000000| PB 0x00000007fe000000| Complete |  0
|1909|0x00000007fe200000, 0x00000007fe400000, 0x00000007fe400000|100%| O|  |TAMS 0x00000007fe200000| PB 0x00000007fe200000| Untracked |  0
|1910|0x00000007fe400000, 0x00000007fe600000, 0x00000007fe600000|100%| O|  |TAMS 0x00000007fe400000| PB 0x00000007fe400000| Untracked |  0
|1911|0x00000007fe600000, 0x00000007fe800000, 0x00000007fe800000|100%| O|  |TAMS 0x00000007fe600000| PB 0x00000007fe600000| Untracked |  0
|1912|0x00000007fe800000, 0x00000007fea00000, 0x00000007fea00000|100%| O|  |TAMS 0x00000007fe800000| PB 0x00000007fe800000| Untracked |  0
|1913|0x00000007fea00000, 0x00000007fec00000, 0x00000007fec00000|100%| O|  |TAMS 0x00000007fea00000| PB 0x00000007fea00000| Untracked |  0
|1914|0x00000007fec00000, 0x00000007fee00000, 0x00000007fee00000|100%| O|  |TAMS 0x00000007fec00000| PB 0x00000007fec00000| Untracked |  0
|1915|0x00000007fee00000, 0x00000007ff000000, 0x00000007ff000000|100%| O|  |TAMS 0x00000007fee00000| PB 0x00000007fee00000| Untracked |  0
|1916|0x00000007ff000000, 0x00000007ff200000, 0x00000007ff200000|100%| O|  |TAMS 0x00000007ff000000| PB 0x00000007ff000000| Untracked |  0
|1917|0x00000007ff200000, 0x00000007ff400000, 0x00000007ff400000|100%| O|  |TAMS 0x00000007ff200000| PB 0x00000007ff200000| Untracked |  0
|1918|0x00000007ff400000, 0x00000007ff600000, 0x00000007ff600000|100%| O|  |TAMS 0x00000007ff400000| PB 0x00000007ff400000| Untracked |  0
|1919|0x00000007ff600000, 0x00000007ff800000, 0x00000007ff800000|100%| O|  |TAMS 0x00000007ff600000| PB 0x00000007ff600000| Untracked |  0
|1920|0x00000007ff800000, 0x00000007ffa00000, 0x00000007ffa00000|100%| E|CS|TAMS 0x00000007ff800000| PB 0x00000007ff800000| Complete |  0
|1921|0x00000007ffa00000, 0x00000007ffc00000, 0x00000007ffc00000|100%| O|  |TAMS 0x00000007ffa00000| PB 0x00000007ffa00000| Untracked |  0
|1922|0x00000007ffc00000, 0x00000007ffe00000, 0x00000007ffe00000|100%| O|  |TAMS 0x00000007ffc00000| PB 0x00000007ffc00000| Untracked |  0
|1923|0x00000007ffe00000, 0x0000000800000000, 0x0000000800000000|100%| E|CS|TAMS 0x00000007ffe00000| PB 0x00000007ffe00000| Complete |  0

Card table byte_map: [0x0000ffff24238000,0x0000ffff249bc000] _byte_map_base: 0x0000ffff209bc000

Marking Bits: (CMBitMap*) 0x0000ffff1c187510
 Bits: [0x0000ffff20618000, 0x0000ffff24238000)

Polling page: 0x0000ffff278bc000

Metaspace:
Metaspace        used 143668K, committed 145472K, reserved 1179648K
 class space     used 24749K, committed 25472K, reserved 1048576K

Usage:
  Non-class:    116.13 MB used.
      Class:     24.17 MB used.
       Both:    140.30 MB used.

Virtual space:
  Non-class space:      128.00 MB reserved,     117.19 MB ( 92%) committed,  2 nodes.
      Class space:        1.00 GB reserved,      24.88 MB (  2%) committed,  1 nodes.
             Both:        1.12 GB reserved,     142.06 MB ( 12%) committed. 

Chunk freelists:
   Non-Class:  9.91 MB
       Class:  7.16 MB
        Both:  17.07 MB

MaxMetaspaceSize: unlimited
CompressedClassSpaceSize: 1.00 GB
Initial GC threshold: 21.00 MB
Current GC threshold: 236.56 MB
CDS: on
 - commit_granule_bytes: 65536.
 - commit_granule_words: 8192.
 - virtual_space_node_default_size: 8388608.
 - enlarge_chunks_in_place: 1.
UseCompressedClassPointers 1, UseCompactObjectHeaders 0
Narrow klass pointer bits 32, Max shift 3
Narrow klass base: 0x00001f0000000000, Narrow klass shift: 0
Encoding Range: [0x00001f0000000000 - 0x00001f0100000000), (4294967296 bytes)
Klass Range:    [0x00001f0000010000 - 0x00001f0042000000), (1107230720 bytes)
Klass ID Range:  [65536 - 1107296249) (1107230713)
Protection zone: [0x00001f0000000000 - 0x00001f0000010000), (65536 bytes)


Internal statistics:

num_allocs_failed_limit: 27.
num_arena_births: 3014.
num_arena_deaths: 46.
num_vsnodes_births: 3.
num_vsnodes_deaths: 0.
num_space_committed: 2268.
num_space_uncommitted: 0.
num_chunks_returned_to_freelist: 88.
num_chunks_taken_from_freelist: 9482.
num_chunk_merges: 47.
num_chunk_splits: 6325.
num_chunks_enlarged: 4732.
num_inconsistent_stats: 0.

CodeHeap 'non-profiled nmethods': size=120032Kb used=11693Kb max_used=12892Kb free=108338Kb
 bounds [0x0000ffff10ac8000, 0x0000ffff11798000, 0x0000ffff18000000]
CodeHeap 'profiled nmethods': size=120032Kb used=16465Kb max_used=30704Kb free=103566Kb
 bounds [0x0000ffff08ffc000, 0x0000ffff0ae0c000, 0x0000ffff10534000]
CodeHeap 'non-nmethods': size=5712Kb used=3335Kb max_used=3499Kb free=2376Kb
 bounds [0x0000ffff10534000, 0x0000ffff108c4000, 0x0000ffff10ac8000]
CodeCache: size=245776Kb, used=31493Kb, max_used=47095Kb, free=214280Kb
 total_blobs=17161, nmethods=14351, adapters=2666, full_count=0
Compilation: enabled, stopped_count=0, restarted_count=0

Compilation events (20 events):
Event: 53.380 Thread 0x0000ffff1c222c50 36949       1       java.util.concurrent.CopyOnWriteArrayList::getArray (5 bytes)
Event: 53.380 Thread 0x0000ffff1c222c50 nmethod 36949 0x0000ffff10f34c88 code [0x0000ffff10f34d80, 0x0000ffff10f34e68]
Event: 53.380 Thread 0x0000ffff1c222c50 36950       3       java.lang.Character::toUpperCase (9 bytes)
Event: 53.380 Thread 0x0000ffff1c222c50 nmethod 36950 0x0000ffff098d1b48 code [0x0000ffff098d1c40, 0x0000ffff098d1e68]
Event: 53.380 Thread 0x0000ffff1c222c50 36951       3       org.apache.logging.log4j.core.util.internal.InternalLoggerRegistry$$Lambda/0x00001f0002119ee8::apply (8 bytes)
Event: 53.381 Thread 0x0000ffff1c222c50 nmethod 36951 0x0000ffff09e26b88 code [0x0000ffff09e26c80, 0x0000ffff09e27428]
Event: 53.381 Thread 0x0000ffff1c222c50 36956       3       org.apache.logging.log4j.status.StatusLogger::isEnabled (20 bytes)
Event: 53.381 Thread 0x0000ffff1c222c50 nmethod 36956 0x0000ffff096cac88 code [0x0000ffff096cad80, 0x0000ffff096cb280]
Event: 53.381 Thread 0x0000ffff1c222c50 36952       3       org.apache.logging.log4j.core.util.internal.InternalLoggerRegistry::lambda$getLoggers$2 (23 bytes)
Event: 53.382 Thread 0x0000ffff1c222c50 nmethod 36952 0x0000ffff09599c88 code [0x0000ffff09599d80, 0x0000ffff0959a3c0]
Event: 53.382 Thread 0x0000ffff1c222c50 36953       3       org.apache.logging.log4j.core.LoggerContext$$Lambda/0x00001f000211a168::accept (12 bytes)
Event: 53.382 Thread 0x0000ffff1c222c50 nmethod 36953 0x0000ffff0a14c708 code [0x0000ffff0a14c800, 0x0000ffff0a14cac8]
Event: 53.382 Thread 0x0000ffff1c222c50 36954       3       org.apache.logging.log4j.core.LoggerContext::lambda$updateLoggers$3 (6 bytes)
Event: 53.382 Thread 0x0000ffff1c222c50 nmethod 36954 0x0000ffff094fbbc8 code [0x0000ffff094fbcc0, 0x0000ffff094fbe20]
Event: 53.382 Thread 0x0000ffff1c222c50 36955       3       org.apache.logging.log4j.core.Logger::updateConfiguration (15 bytes)
Event: 53.382 Thread 0x0000ffff1c222c50 nmethod 36955 0x0000ffff098d4788 code [0x0000ffff098d4880, 0x0000ffff098d4ab8]
Event: 53.382 Thread 0x0000ffff1c222c50 36957       3       org.apache.logging.log4j.status.StatusLogger::isLevelEnabled (24 bytes)
Event: 53.382 Thread 0x0000ffff1c222c50 nmethod 36957 0x0000ffff0a1646c8 code [0x0000ffff0a1647c0, 0x0000ffff0a164aa8]
Event: 53.382 Thread 0x0000ffff1c222c50 36958       3       org.apache.logging.log4j.Level::isLessSpecificThan (17 bytes)
Event: 53.382 Thread 0x0000ffff1c222c50 nmethod 36958 0x0000ffff0979bac8 code [0x0000ffff0979bbc0, 0x0000ffff0979bd40]

GC Heap Usage History (20 events):
Event: 45.844 {heap Before GC invocations=57 (full 0):
 garbage-first heap   total reserved 3940352K, committed 882688K, used 834780K [0x000000070f800000, 0x0000000800000000)
  region size 2048K, 214 young (438272K), 13 survivors (26624K)
}
Event: 45.851 {heap After GC invocations=58 (full 0):
 garbage-first heap   total reserved 3940352K, committed 884736K, used 425088K [0x000000070f800000, 0x0000000800000000)
  region size 2048K, 19 young (38912K), 19 survivors (38912K)
}
Event: 46.444 {heap Before GC invocations=58 (full 0):
 garbage-first heap   total reserved 3940352K, committed 884736K, used 836736K [0x000000070f800000, 0x0000000800000000)
  region size 2048K, 220 young (450560K), 19 survivors (38912K)
}
Event: 46.451 {heap After GC invocations=59 (full 0):
 garbage-first heap   total reserved 3940352K, committed 884736K, used 429759K [0x000000070f800000, 0x0000000800000000)
  region size 2048K, 14 young (28672K), 14 survivors (28672K)
}
Event: 47.507 {heap Before GC invocations=60 (full 0):
 garbage-first heap   total reserved 3940352K, committed 884736K, used 837311K [0x000000070f800000, 0x0000000800000000)
  region size 2048K, 213 young (436224K), 14 survivors (28672K)
}
Event: 47.536 {heap After GC invocations=61 (full 0):
 garbage-first heap   total reserved 3940352K, committed 884736K, used 435979K [0x000000070f800000, 0x0000000800000000)
  region size 2048K, 17 young (34816K), 17 survivors (34816K)
}
Event: 48.701 {heap Before GC invocations=61 (full 0):
 garbage-first heap   total reserved 3940352K, committed 884736K, used 835339K [0x000000070f800000, 0x0000000800000000)
  region size 2048K, 213 young (436224K), 17 survivors (34816K)
}
Event: 48.718 {heap After GC invocations=62 (full 0):
 garbage-first heap   total reserved 3940352K, committed 894976K, used 434201K [0x000000070f800000, 0x0000000800000000)
  region size 2048K, 17 young (34816K), 17 survivors (34816K)
}
Event: 49.497 {heap Before GC invocations=62 (full 0):
 garbage-first heap   total reserved 3940352K, committed 894976K, used 843801K [0x000000070f800000, 0x0000000800000000)
  region size 2048K, 218 young (446464K), 17 survivors (34816K)
}
Event: 49.504 {heap After GC invocations=63 (full 0):
 garbage-first heap   total reserved 3940352K, committed 894976K, used 444070K [0x000000070f800000, 0x0000000800000000)
  region size 2048K, 16 young (32768K), 16 survivors (32768K)
}
Event: 50.375 {heap Before GC invocations=64 (full 0):
 garbage-first heap   total reserved 3940352K, committed 894976K, used 845478K [0x000000070f800000, 0x0000000800000000)
  region size 2048K, 212 young (434176K), 16 survivors (32768K)
}
Event: 50.382 {heap After GC invocations=65 (full 0):
 garbage-first heap   total reserved 3940352K, committed 894976K, used 453782K [0x000000070f800000, 0x0000000800000000)
  region size 2048K, 18 young (36864K), 18 survivors (36864K)
}
Event: 51.133 {heap Before GC invocations=65 (full 0):
 garbage-first heap   total reserved 3940352K, committed 894976K, used 844950K [0x000000070f800000, 0x0000000800000000)
  region size 2048K, 209 young (428032K), 18 survivors (36864K)
}
Event: 51.158 {heap After GC invocations=66 (full 0):
 garbage-first heap   total reserved 3940352K, committed 901120K, used 451869K [0x000000070f800000, 0x0000000800000000)
  region size 2048K, 17 young (34816K), 17 survivors (34816K)
}
Event: 52.097 {heap Before GC invocations=66 (full 0):
 garbage-first heap   total reserved 3940352K, committed 901120K, used 853277K [0x000000070f800000, 0x0000000800000000)
  region size 2048K, 214 young (438272K), 17 survivors (34816K)
}
Event: 52.116 {heap After GC invocations=67 (full 0):
 garbage-first heap   total reserved 3940352K, committed 903168K, used 463146K [0x000000070f800000, 0x0000000800000000)
  region size 2048K, 18 young (36864K), 18 survivors (36864K)
}
Event: 52.284 {heap Before GC invocations=68 (full 0):
 garbage-first heap   total reserved 3940352K, committed 903168K, used 852266K [0x000000070f800000, 0x0000000800000000)
  region size 2048K, 209 young (428032K), 18 survivors (36864K)
}
Event: 52.293 {heap After GC invocations=69 (full 0):
 garbage-first heap   total reserved 3940352K, committed 919552K, used 489262K [0x000000070f800000, 0x0000000800000000)
  region size 2048K, 26 young (53248K), 26 survivors (53248K)
}
Event: 52.315 {heap Before GC invocations=69 (full 0):
 garbage-first heap   total reserved 3940352K, committed 919552K, used 868142K [0x000000070f800000, 0x0000000800000000)
  region size 2048K, 212 young (434176K), 26 survivors (53248K)
}
Event: 52.326 {heap After GC invocations=70 (full 0):
 garbage-first heap   total reserved 3940352K, committed 952320K, used 517982K [0x000000070f800000, 0x0000000800000000)
  region size 2048K, 27 young (55296K), 27 survivors (55296K)
}

Metaspace Usage History (20 events):
Event: 45.844 {metaspace Before GC invocations=57 (full 0):
 Metaspace       used 143335K, committed 145088K, reserved 1179648K
  class space    used 24726K, committed 25408K, reserved 1048576K
}
Event: 45.851 {metaspace After GC invocations=58 (full 0):
 Metaspace       used 143335K, committed 145088K, reserved 1179648K
  class space    used 24726K, committed 25408K, reserved 1048576K
}
Event: 46.444 {metaspace Before GC invocations=58 (full 0):
 Metaspace       used 143369K, committed 145152K, reserved 1179648K
  class space    used 24726K, committed 25408K, reserved 1048576K
}
Event: 46.451 {metaspace After GC invocations=59 (full 0):
 Metaspace       used 143369K, committed 145152K, reserved 1179648K
  class space    used 24726K, committed 25408K, reserved 1048576K
}
Event: 47.507 {metaspace Before GC invocations=60 (full 0):
 Metaspace       used 143466K, committed 145216K, reserved 1179648K
  class space    used 24726K, committed 25408K, reserved 1048576K
}
Event: 47.536 {metaspace After GC invocations=61 (full 0):
 Metaspace       used 143466K, committed 145216K, reserved 1179648K
  class space    used 24726K, committed 25408K, reserved 1048576K
}
Event: 48.701 {metaspace Before GC invocations=61 (full 0):
 Metaspace       used 143496K, committed 145280K, reserved 1179648K
  class space    used 24726K, committed 25408K, reserved 1048576K
}
Event: 48.718 {metaspace After GC invocations=62 (full 0):
 Metaspace       used 143496K, committed 145280K, reserved 1179648K
  class space    used 24726K, committed 25408K, reserved 1048576K
}
Event: 49.497 {metaspace Before GC invocations=62 (full 0):
 Metaspace       used 143505K, committed 145344K, reserved 1179648K
  class space    used 24728K, committed 25472K, reserved 1048576K
}
Event: 49.504 {metaspace After GC invocations=63 (full 0):
 Metaspace       used 143505K, committed 145344K, reserved 1179648K
  class space    used 24728K, committed 25472K, reserved 1048576K
}
Event: 50.375 {metaspace Before GC invocations=64 (full 0):
 Metaspace       used 143552K, committed 145408K, reserved 1179648K
  class space    used 24732K, committed 25472K, reserved 1048576K
}
Event: 50.382 {metaspace After GC invocations=65 (full 0):
 Metaspace       used 143552K, committed 145408K, reserved 1179648K
  class space    used 24732K, committed 25472K, reserved 1048576K
}
Event: 51.133 {metaspace Before GC invocations=65 (full 0):
 Metaspace       used 143576K, committed 145408K, reserved 1179648K
  class space    used 24732K, committed 25472K, reserved 1048576K
}
Event: 51.158 {metaspace After GC invocations=66 (full 0):
 Metaspace       used 143576K, committed 145408K, reserved 1179648K
  class space    used 24732K, committed 25472K, reserved 1048576K
}
Event: 52.097 {metaspace Before GC invocations=66 (full 0):
 Metaspace       used 143592K, committed 145408K, reserved 1179648K
  class space    used 24735K, committed 25472K, reserved 1048576K
}
Event: 52.116 {metaspace After GC invocations=67 (full 0):
 Metaspace       used 143592K, committed 145408K, reserved 1179648K
  class space    used 24735K, committed 25472K, reserved 1048576K
}
Event: 52.284 {metaspace Before GC invocations=68 (full 0):
 Metaspace       used 143604K, committed 145408K, reserved 1179648K
  class space    used 24736K, committed 25472K, reserved 1048576K
}
Event: 52.293 {metaspace After GC invocations=69 (full 0):
 Metaspace       used 143604K, committed 145408K, reserved 1179648K
  class space    used 24736K, committed 25472K, reserved 1048576K
}
Event: 52.315 {metaspace Before GC invocations=69 (full 0):
 Metaspace       used 143604K, committed 145408K, reserved 1179648K
  class space    used 24736K, committed 25472K, reserved 1048576K
}
Event: 52.326 {metaspace After GC invocations=70 (full 0):
 Metaspace       used 143604K, committed 145408K, reserved 1179648K
  class space    used 24736K, committed 25472K, reserved 1048576K
}

Dll operation events (14 events):
Event: 0.001 Loaded shared library /home/anguscrump/.jdks/jbr-25.0.3/lib/libjava.so
Event: 0.015 Loaded shared library /home/anguscrump/.jdks/jbr-25.0.3/lib/libnio.so
Event: 0.020 Loaded shared library /home/anguscrump/.jdks/jbr-25.0.3/lib/libzip.so
Event: 0.024 Loaded shared library /home/anguscrump/.jdks/jbr-25.0.3/lib/libnet.so
Event: 0.029 Loaded shared library /home/anguscrump/.jdks/jbr-25.0.3/lib/libzip.so
Event: 0.050 Loaded shared library /home/anguscrump/.jdks/jbr-25.0.3/lib/libjimage.so
Event: 0.225 Loaded shared library /home/anguscrump/.jdks/jbr-25.0.3/lib/libmanagement.so
Event: 0.225 Loaded shared library /home/anguscrump/.jdks/jbr-25.0.3/lib/libmanagement_ext.so
Event: 0.348 Loaded shared library /home/anguscrump/.jdks/jbr-25.0.3/lib/libverify.so
Event: 1.319 Loaded shared library /home/anguscrump/.cache/JNA/temp/jna16805834832305682160.tmp
Event: 3.842 Loaded shared library /home/anguscrump/.jdks/jbr-25.0.3/lib/libextnet.so
Event: 4.038 Loaded shared library /tmp/lwjgl_anguscrump/3.4.1-snapshot/arm64/liblwjgl.so
Event: 4.216 Loaded shared library /tmp/lwjgl_anguscrump/3.4.1-snapshot/arm64/liblwjgl_opengl.so
Event: 4.367 Loaded shared library /tmp/lwjgl_anguscrump/3.4.1-snapshot/arm64/liblwjgl_stb.so

Deoptimization events (20 events):
Event: 53.298 Thread 0x0000fffdec00adb0 Uncommon trap: trap_request=0xffffff45 fr.pc=0x0000ffff115a74b0 relative=0x0000000000000370
Event: 53.298 Thread 0x0000fffdec00adb0 Uncommon trap: reason=unstable_if action=reinterpret pc=0x0000ffff115a74b0 method=java.util.concurrent.SynchronousQueue.poll(JLjava/util/concurrent/TimeUnit;)Ljava/lang/Object; @ 21 c2
Event: 53.298 Thread 0x0000fffdec00adb0 DEOPT PACKING pc=0x0000ffff115a74b0 sp=0x0000fffdd09fe190
Event: 53.298 Thread 0x0000fffdec00adb0 DEOPT UNPACKING pc=0x0000ffff10647f9c sp=0x0000fffdd09fe060 mode 2
Event: 53.298 Thread 0x0000fffde0002700 Uncommon trap: trap_request=0xffffff45 fr.pc=0x0000ffff114f6fa4 relative=0x0000000000000864
Event: 53.298 Thread 0x0000fffde0002700 Uncommon trap: reason=unstable_if action=reinterpret pc=0x0000ffff114f6fa4 method=java.util.concurrent.LinkedTransferQueue$DualNode.await(Ljava/lang/Object;JLjava/lang/Object;Z)Ljava/lang/Object; @ 143 c2
Event: 53.298 Thread 0x0000fffde0002700 DEOPT PACKING pc=0x0000ffff114f6fa4 sp=0x0000fffdf025e110
Event: 53.298 Thread 0x0000fffde0002700 DEOPT UNPACKING pc=0x0000ffff10647f9c sp=0x0000fffdf025dfc0 mode 2
Event: 53.298 Thread 0x0000fffde0002700 Uncommon trap: trap_request=0xffffff45 fr.pc=0x0000ffff115a74b0 relative=0x0000000000000370
Event: 53.298 Thread 0x0000fffde0002700 Uncommon trap: reason=unstable_if action=reinterpret pc=0x0000ffff115a74b0 method=java.util.concurrent.SynchronousQueue.poll(JLjava/util/concurrent/TimeUnit;)Ljava/lang/Object; @ 21 c2
Event: 53.298 Thread 0x0000fffde0002700 DEOPT PACKING pc=0x0000ffff115a74b0 sp=0x0000fffdf025e190
Event: 53.298 Thread 0x0000fffde0002700 DEOPT UNPACKING pc=0x0000ffff10647f9c sp=0x0000fffdf025e060 mode 2
Event: 53.298 Thread 0x0000fffdec0049a0 Uncommon trap: trap_request=0xffffff45 fr.pc=0x0000ffff114f6fa4 relative=0x0000000000000864
Event: 53.298 Thread 0x0000fffdec0049a0 Uncommon trap: reason=unstable_if action=reinterpret pc=0x0000ffff114f6fa4 method=java.util.concurrent.LinkedTransferQueue$DualNode.await(Ljava/lang/Object;JLjava/lang/Object;Z)Ljava/lang/Object; @ 143 c2
Event: 53.298 Thread 0x0000fffdec0049a0 DEOPT PACKING pc=0x0000ffff114f6fa4 sp=0x0000fffefc6b2110
Event: 53.298 Thread 0x0000fffdec0049a0 DEOPT UNPACKING pc=0x0000ffff10647f9c sp=0x0000fffefc6b1fc0 mode 2
Event: 53.298 Thread 0x0000fffdec0049a0 Uncommon trap: trap_request=0xffffff45 fr.pc=0x0000ffff115a74b0 relative=0x0000000000000370
Event: 53.298 Thread 0x0000fffdec0049a0 Uncommon trap: reason=unstable_if action=reinterpret pc=0x0000ffff115a74b0 method=java.util.concurrent.SynchronousQueue.poll(JLjava/util/concurrent/TimeUnit;)Ljava/lang/Object; @ 21 c2
Event: 53.298 Thread 0x0000fffdec0049a0 DEOPT PACKING pc=0x0000ffff115a74b0 sp=0x0000fffefc6b2190
Event: 53.298 Thread 0x0000fffdec0049a0 DEOPT UNPACKING pc=0x0000ffff10647f9c sp=0x0000fffefc6b2060 mode 2

Classes loaded (20 events):
Event: 23.631 Loading class java/util/zip/CRC32C
Event: 23.631 Loading class java/util/zip/CRC32C done
Event: 23.725 Loading class java/util/PriorityQueue$Itr
Event: 23.725 Loading class java/util/PriorityQueue$Itr done
Event: 23.779 Loading class jdk/internal/util/NullableKeyValueHolder
Event: 23.780 Loading class jdk/internal/util/NullableKeyValueHolder done
Event: 23.853 Loading class java/util/Spliterators$LongIteratorSpliterator
Event: 23.853 Loading class java/util/Spliterators$LongIteratorSpliterator done
Event: 24.201 Loading class java/lang/runtime/SwitchBootstraps$StaticHolders
Event: 24.201 Loading class java/lang/runtime/SwitchBootstraps$StaticHolders done
Event: 24.201 Loading class java/lang/runtime/SwitchBootstraps$MappedEnumCache
Event: 24.201 Loading class java/lang/runtime/SwitchBootstraps$MappedEnumCache done
Event: 24.371 Loading class java/util/ReverseOrderListView
Event: 24.372 Loading class java/util/ReverseOrderListView done
Event: 24.372 Loading class java/util/ReverseOrderListView$Rand
Event: 24.372 Loading class java/util/ReverseOrderListView$Rand done
Event: 24.372 Loading class java/util/ReverseOrderListView$DescendingIterator
Event: 24.372 Loading class java/util/ReverseOrderListView$DescendingIterator done
Event: 34.471 Loading class java/util/PriorityQueue$PriorityQueueSpliterator
Event: 34.471 Loading class java/util/PriorityQueue$PriorityQueueSpliterator done

Classes unloaded (20 events):
Event: 23.496 Thread 0x0000ffff1c20dab0 Unloading class 0x00001f0003269400 'java/lang/invoke/LambdaForm$DMH+0x00001f0003269400'
Event: 23.496 Thread 0x0000ffff1c20dab0 Unloading class 0x00001f0003269000 'java/lang/invoke/LambdaForm$DMH+0x00001f0003269000'
Event: 23.496 Thread 0x0000ffff1c20dab0 Unloading class 0x00001f0003268400 'java/lang/invoke/LambdaForm$DMH+0x00001f0003268400'
Event: 23.496 Thread 0x0000ffff1c20dab0 Unloading class 0x00001f0003268c00 'java/lang/invoke/LambdaForm$DMH+0x00001f0003268c00'
Event: 23.496 Thread 0x0000ffff1c20dab0 Unloading class 0x00001f0003268000 'java/lang/invoke/LambdaForm$DMH+0x00001f0003268000'
Event: 26.074 Thread 0x0000ffff1c20dab0 Unloading class 0x00001f0003815400 'java/lang/invoke/LambdaForm$DMH+0x00001f0003815400'
Event: 26.074 Thread 0x0000ffff1c20dab0 Unloading class 0x00001f0003814c00 'java/lang/invoke/LambdaForm$DMH+0x00001f0003814c00'
Event: 26.074 Thread 0x0000ffff1c20dab0 Unloading class 0x00001f0003814800 'java/lang/invoke/LambdaForm$DMH+0x00001f0003814800'
Event: 26.074 Thread 0x0000ffff1c20dab0 Unloading class 0x00001f0003815800 'java/lang/invoke/LambdaForm$DMH+0x00001f0003815800'
Event: 26.074 Thread 0x0000ffff1c20dab0 Unloading class 0x00001f0003815000 'java/lang/invoke/LambdaForm$DMH+0x00001f0003815000'
Event: 26.074 Thread 0x0000ffff1c20dab0 Unloading class 0x00001f0003555c00 'java/lang/invoke/LambdaForm$DMH+0x00001f0003555c00'
Event: 26.074 Thread 0x0000ffff1c20dab0 Unloading class 0x00001f0003555800 'java/lang/invoke/LambdaForm$DMH+0x00001f0003555800'
Event: 26.074 Thread 0x0000ffff1c20dab0 Unloading class 0x00001f0003555400 'java/lang/invoke/LambdaForm$DMH+0x00001f0003555400'
Event: 26.074 Thread 0x0000ffff1c20dab0 Unloading class 0x00001f0003554c00 'java/lang/invoke/LambdaForm$DMH+0x00001f0003554c00'
Event: 26.074 Thread 0x0000ffff1c20dab0 Unloading class 0x00001f0003554400 'java/lang/invoke/LambdaForm$DMH+0x00001f0003554400'
Event: 26.074 Thread 0x0000ffff1c20dab0 Unloading class 0x00001f0003554800 'java/lang/invoke/LambdaForm$DMH+0x00001f0003554800'
Event: 26.074 Thread 0x0000ffff1c20dab0 Unloading class 0x00001f0003554000 'java/lang/invoke/LambdaForm$DMH+0x00001f0003554000'
Event: 26.074 Thread 0x0000ffff1c20dab0 Unloading class 0x00001f00033a1000 'java/lang/invoke/LambdaForm$DMH+0x00001f00033a1000'
Event: 26.074 Thread 0x0000ffff1c20dab0 Unloading class 0x00001f00033a0c00 'java/lang/invoke/LambdaForm$DMH+0x00001f00033a0c00'
Event: 26.074 Thread 0x0000ffff1c20dab0 Unloading class 0x00001f00033a0400 'java/lang/invoke/LambdaForm$DMH+0x00001f00033a0400'

Classes redefined (0 events):
No events

Internal exceptions (20 events):
Event: 52.706 Thread 0x0000fffddc0074d0 Exception <a 'sun/nio/fs/UnixException'{0x0000000731e19c60}> (0x0000000731e19c60) 
thrown [src/hotspot/share/prims/jni.cpp, line 535]
Event: 52.706 Thread 0x0000fffde40031c0 Exception <a 'sun/nio/fs/UnixException'{0x0000000731e1c948}> (0x0000000731e1c948) 
thrown [src/hotspot/share/prims/jni.cpp, line 535]
Event: 52.706 Thread 0x0000fffddc0074d0 Exception <a 'sun/nio/fs/UnixException'{0x0000000731e236c0}> (0x0000000731e236c0) 
thrown [src/hotspot/share/prims/jni.cpp, line 535]
Event: 52.709 Thread 0x0000fffde40031c0 Exception <a 'sun/nio/fs/UnixException'{0x0000000731e295d0}> (0x0000000731e295d0) 
thrown [src/hotspot/share/prims/jni.cpp, line 535]
Event: 52.711 Thread 0x0000fffdec005a20 Exception <a 'sun/nio/fs/UnixException'{0x0000000731e32758}> (0x0000000731e32758) 
thrown [src/hotspot/share/prims/jni.cpp, line 535]
Event: 52.714 Thread 0x0000ffff1e0aede0 Exception <a 'sun/nio/fs/UnixException'{0x00000007321fe9a0}> (0x00000007321fe9a0) 
thrown [src/hotspot/share/prims/jni.cpp, line 535]
Event: 52.714 Thread 0x0000ffff1e0aede0 Exception <a 'sun/nio/fs/UnixException'{0x00000007321fec38}> (0x00000007321fec38) 
thrown [src/hotspot/share/prims/jni.cpp, line 535]
Event: 52.715 Thread 0x0000ffff1e0aede0 Exception <a 'sun/nio/fs/UnixException'{0x00000007321feef0}> (0x00000007321feef0) 
thrown [src/hotspot/share/prims/jni.cpp, line 535]
Event: 53.296 Thread 0x0000fffddc0074d0 Implicit null exception at 0x0000ffff115a7240 to 0x0000ffff115a74a0
Event: 53.296 Thread 0x0000fffdfc3c7810 Implicit null exception at 0x0000ffff115a7240 to 0x0000ffff115a74a0
Event: 53.296 Thread 0x0000fffde400cb20 Implicit null exception at 0x0000ffff115a7240 to 0x0000ffff115a74a0
Event: 53.296 Thread 0x0000fffde40031c0 Implicit null exception at 0x0000ffff115a7240 to 0x0000ffff115a74a0
Event: 53.296 Thread 0x0000fffdb8008fa0 Implicit null exception at 0x0000ffff115a7240 to 0x0000ffff115a74a0
Event: 53.296 Thread 0x0000fffde40019d0 Implicit null exception at 0x0000ffff115a7240 to 0x0000ffff115a74a0
Event: 53.296 Thread 0x0000fffdec00c3f0 Implicit null exception at 0x0000ffff115a7240 to 0x0000ffff115a74a0
Event: 53.296 Thread 0x0000fffdec005a20 Implicit null exception at 0x0000ffff115a7240 to 0x0000ffff115a74a0
Event: 53.298 Thread 0x0000fffdec00adb0 Implicit null exception at 0x0000ffff115a7240 to 0x0000ffff115a74a0
Event: 53.298 Thread 0x0000fffde0002700 Implicit null exception at 0x0000ffff115a7240 to 0x0000ffff115a74a0
Event: 53.298 Thread 0x0000fffdec0049a0 Implicit null exception at 0x0000ffff115a7240 to 0x0000ffff115a74a0
Event: 53.381 Thread 0x0000ffff1c031730 Exception <a 'sun/nio/fs/UnixException'{0x0000000731b19db0}> (0x0000000731b19db0) 
thrown [src/hotspot/share/prims/jni.cpp, line 535]

VM Operations (20 events):
Event: 49.504 Executing safepoint VM operation: G1CollectForAllocation (G1 Evacuation Pause) done
Event: 49.658 Executing safepoint VM operation: G1PauseRemark
Event: 49.668 Executing safepoint VM operation: G1PauseRemark done
Event: 49.726 Executing safepoint VM operation: G1PauseCleanup
Event: 49.730 Executing safepoint VM operation: G1PauseCleanup done
Event: 50.375 Executing safepoint VM operation: G1CollectForAllocation (G1 Evacuation Pause)
Event: 50.382 Executing safepoint VM operation: G1CollectForAllocation (G1 Evacuation Pause) done
Event: 51.133 Executing safepoint VM operation: G1CollectForAllocation (G1 Evacuation Pause)
Event: 51.158 Executing safepoint VM operation: G1CollectForAllocation (G1 Evacuation Pause) done
Event: 52.097 Executing safepoint VM operation: G1CollectForAllocation (G1 Evacuation Pause)
Event: 52.116 Executing safepoint VM operation: G1CollectForAllocation (G1 Evacuation Pause) done
Event: 52.267 Executing safepoint VM operation: G1PauseRemark
Event: 52.272 Executing safepoint VM operation: G1PauseRemark done
Event: 52.284 Executing safepoint VM operation: G1CollectForAllocation (G1 Evacuation Pause)
Event: 52.293 Executing safepoint VM operation: G1CollectForAllocation (G1 Evacuation Pause) done
Event: 52.315 Executing safepoint VM operation: G1CollectForAllocation (G1 Evacuation Pause)
Event: 52.326 Executing safepoint VM operation: G1CollectForAllocation (G1 Evacuation Pause) done
Event: 52.361 Executing safepoint VM operation: G1PauseCleanup
Event: 52.361 Executing safepoint VM operation: G1PauseCleanup done
Event: 53.382 Executing safepoint VM operation: Exit

Memory protections (20 events):
Event: 31.396 Protecting memory [0x0000fffdd0600000,0x0000fffdd060c000] with protection modes 0
Event: 34.070 Protecting memory [0x0000fffdd0600000,0x0000fffdd060c000] with protection modes 0
Event: 34.531 Protecting memory [0x0000fffdd0400000,0x0000fffdd040c000] with protection modes 0
Event: 34.532 Protecting memory [0x0000fffdd0200000,0x0000fffdd020c000] with protection modes 0
Event: 34.532 Protecting memory [0x0000fffdd0000000,0x0000fffdd000c000] with protection modes 0
Event: 35.514 Protecting memory [0x0000fffed0db0000,0x0000fffed0dbc000] with protection modes 0
Event: 35.868 Protecting memory [0x0000fffed0db0000,0x0000fffed0dbc000] with protection modes 0
Event: 36.478 Protecting memory [0x0000fffed0db0000,0x0000fffed0dbc000] with protection modes 0
Event: 36.748 Protecting memory [0x0000fffdd0600000,0x0000fffdd060c000] with protection modes 0
Event: 36.778 Protecting memory [0x0000fffed13b0000,0x0000fffed13bc000] with protection modes 0
Event: 47.678 Protecting memory [0x0000fffed0db0000,0x0000fffed0dbc000] with protection modes 0
Event: 47.914 Protecting memory [0x0000fffed0db0000,0x0000fffed0dbc000] with protection modes 0
Event: 52.212 Protecting memory [0x0000fffed0db0000,0x0000fffed0dbc000] with protection modes 0
Event: 52.763 Protecting memory [0x0000fffed13b0000,0x0000fffed13bc000] with protection modes 0
Event: 53.269 Protecting memory [0x0000fffed13b0000,0x0000fffed13bc000] with protection modes 0
Event: 53.282 Protecting memory [0x0000fffed13b0000,0x0000fffed13bc000] with protection modes 0
Event: 53.297 Protecting memory [0x0000fffefc6b4000,0x0000fffefc6c0000] with protection modes 0
Event: 53.380 Protecting memory [0x0000fffe10bdc000,0x0000fffe10be8000] with protection modes 0
Event: 53.380 Protecting memory [0x0000fffdd0e00000,0x0000fffdd0e0c000] with protection modes 0
Event: 53.380 Protecting memory [0x0000fffefc4b4000,0x0000fffefc4c0000] with protection modes 0

Nmethod flushes (20 events):
Event: 52.271 Thread 0x0000ffff1c20dab0 flushing  nmethod 0x0000ffff0aaf3008
Event: 52.271 Thread 0x0000ffff1c20dab0 flushing  nmethod 0x0000ffff0aaf3cc8
Event: 52.271 Thread 0x0000ffff1c20dab0 flushing  nmethod 0x0000ffff0aafd588
Event: 52.271 Thread 0x0000ffff1c20dab0 flushing  nmethod 0x0000ffff0aafd908
Event: 52.271 Thread 0x0000ffff1c20dab0 flushing  nmethod 0x0000ffff0adc4888
Event: 52.271 Thread 0x0000ffff1c20dab0 flushing  nmethod 0x0000ffff0adc6a08
Event: 52.271 Thread 0x0000ffff1c20dab0 flushing  nmethod 0x0000ffff0a8a1588
Event: 52.271 Thread 0x0000ffff1c20dab0 flushing  nmethod 0x0000ffff0a95c148
Event: 52.271 Thread 0x0000ffff1c20dab0 flushing  nmethod 0x0000ffff0a9c3208
Event: 52.271 Thread 0x0000ffff1c20dab0 flushing  nmethod 0x0000ffff0a9cb048
Event: 52.271 Thread 0x0000ffff1c20dab0 flushing  nmethod 0x0000ffff0a9ceb48
Event: 52.271 Thread 0x0000ffff1c20dab0 flushing  nmethod 0x0000ffff0aa518c8
Event: 52.271 Thread 0x0000ffff1c20dab0 flushing  nmethod 0x0000ffff0aa554c8
Event: 52.271 Thread 0x0000ffff1c20dab0 flushing  nmethod 0x0000ffff0aa55748
Event: 52.271 Thread 0x0000ffff1c20dab0 flushing  nmethod 0x0000ffff0aa56b08
Event: 52.271 Thread 0x0000ffff1c20dab0 flushing  nmethod 0x0000ffff0aa56e08
Event: 52.271 Thread 0x0000ffff1c20dab0 flushing  nmethod 0x0000ffff0ab89ac8
Event: 52.271 Thread 0x0000ffff1c20dab0 flushing  nmethod 0x0000ffff0ab93ac8
Event: 52.271 Thread 0x0000ffff1c20dab0 flushing  nmethod 0x0000ffff0ab94a88
Event: 52.271 Thread 0x0000ffff1c20dab0 flushing  nmethod 0x0000ffff0ad1ca88

Events (20 events):
Event: 53.297 Thread 0x0000fffde40031c0 Thread exited: 0x0000fffde40031c0
Event: 53.297 Thread 0x0000fffdb8008fa0 Thread exited: 0x0000fffdb8008fa0
Event: 53.297 Thread 0x0000ffff1c221230 Thread added: 0x0000fffeb4f91c30
Event: 53.298 Thread 0x0000fffde400cb20 Thread exited: 0x0000fffde400cb20
Event: 53.298 Thread 0x0000fffdfc3c7810 Thread exited: 0x0000fffdfc3c7810
Event: 53.298 Thread 0x0000fffdec005a20 Thread exited: 0x0000fffdec005a20
Event: 53.298 Thread 0x0000fffddc0074d0 Thread exited: 0x0000fffddc0074d0
Event: 53.298 Thread 0x0000fffdec00adb0 Thread exited: 0x0000fffdec00adb0
Event: 53.298 Thread 0x0000fffde0002700 Thread exited: 0x0000fffde0002700
Event: 53.298 Thread 0x0000fffdec0049a0 Thread exited: 0x0000fffdec0049a0
Event: 53.298 Thread 0x0000fffdec00c3f0 Thread exited: 0x0000fffdec00c3f0
Event: 53.301 Thread 0x0000fffde40019d0 Thread exited: 0x0000fffde40019d0
Event: 53.380 Thread 0x0000ffff1c031730 Thread added: 0x0000fffdfc194a20
Event: 53.380 Thread 0x0000ffff1c031730 Thread added: 0x0000fffdfc27f110
Event: 53.380 Thread 0x0000ffff1c031730 Thread added: 0x0000fffdfc2d8700
Event: 53.380 Thread 0x0000fffdfc27f110 Thread exited: 0x0000fffdfc27f110
Event: 53.380 Thread 0x0000fffdfc194a20 Thread exited: 0x0000fffdfc194a20
Event: 53.381 Thread 0x0000fffdfc2d8700 Thread exited: 0x0000fffdfc2d8700
Event: 53.381 Thread 0x0000ffff1c031730 Before exit entered
Event: 53.382 Thread 0x0000ffff1c21c260 Thread exited: 0x0000ffff1c21c260


Dynamic libraries:
70f800000-744200000 rw-p 00000000 00:00 0 
744200000-74c600000 ---p 00000000 00:00 0 
74c600000-74ee00000 rw-p 00000000 00:00 0 
74ee00000-7fd000000 ---p 00000000 00:00 0 
7fd000000-7ffc00000 rw-p 00000000 00:00 0 
7ffc00000-7ffe50000 rw-p 01d70000 00:25 8789750                          /home/anguscrump/.jdks/jbr-25.0.3/lib/server/classes.jsa
7ffe50000-800000000 rw-p 00000000 00:00 0 
1f0000000000-1f0000010000 ---p 00000000 00:00 0 
1f0000010000-1f0001d00000 rw-p 00010000 00:25 8789750                    /home/anguscrump/.jdks/jbr-25.0.3/lib/server/classes.jsa
1f0001d00000-1f0002000000 ---p 00000000 00:00 0 
1f0002000000-1f0002040000 rw-p 00000000 00:00 0 
1f0002040000-1f00020e0000 rw-p 00000000 00:00 0 
1f00020e0000-1f0002e40000 rw-p 00000000 00:00 0 
1f0002e40000-1f0002e80000 rw-p 00000000 00:00 0 
1f0002e80000-1f0003160000 rw-p 00000000 00:00 0 
1f0003160000-1f0003180000 rw-p 00000000 00:00 0 
1f0003180000-1f00038e0000 rw-p 00000000 00:00 0 
1f00038e0000-1f0042000000 ---p 00000000 00:00 0 
aaab74790000-aaab74794000 r-xp 00000000 00:25 8789212                    /home/anguscrump/.jdks/jbr-25.0.3/bin/java
aaab747ac000-aaab747b0000 r--p 0000c000 00:25 8789212                    /home/anguscrump/.jdks/jbr-25.0.3/bin/java
aaab747b0000-aaab747b4000 rw-p 00010000 00:25 8789212                    /home/anguscrump/.jdks/jbr-25.0.3/bin/java
aaab8090c000-aaab80a00000 rw-p 00000000 00:00 0                          [heap]
fffd828b0000-fffd82bb0000 rw-p 00000000 00:00 0 
fffd9c000000-fffd9c200000 rw-p 00000000 00:00 0 
fffd9c200000-fffda0000000 ---p 00000000 00:00 0 
fffda0000000-fffda0200000 rw-p 00000000 00:00 0 
fffda0200000-fffda4000000 ---p 00000000 00:00 0 
fffda4000000-fffda4200000 rw-p 00000000 00:00 0 
fffda4200000-fffda5400000 rw-p 00000000 00:00 0 
fffda5400000-fffda8000000 ---p 00000000 00:00 0 
fffda8000000-fffda8200000 rw-p 00000000 00:00 0 
fffda8200000-fffdac000000 ---p 00000000 00:00 0 
fffdac000000-fffdac200000 rw-p 00000000 00:00 0 
fffdac200000-fffdb0000000 ---p 00000000 00:00 0 
fffdb0000000-fffdb0200000 rw-p 00000000 00:00 0 
fffdb0200000-fffdb4000000 ---p 00000000 00:00 0 
fffdb8000000-fffdb8200000 rw-p 00000000 00:00 0 
fffdb8200000-fffdbc000000 ---p 00000000 00:00 0 
fffdbc000000-fffdbc200000 rw-p 00000000 00:00 0 
fffdbc200000-fffdc0000000 ---p 00000000 00:00 0 
fffdc0000000-fffdc0200000 rw-p 00000000 00:00 0 
fffdc0200000-fffdc1800000 rw-p 00000000 00:00 0 
fffdc1800000-fffdc4000000 ---p 00000000 00:00 0 
fffdc4000000-fffdc4200000 rw-p 00000000 00:00 0 
fffdc4200000-fffdc8000000 ---p 00000000 00:00 0 
fffdc8180000-fffdcc000000 rw-p 00000000 00:00 0 
fffdcc000000-fffdcc200000 rw-p 00000000 00:00 0 
fffdcc200000-fffdd000c000 ---p 00000000 00:00 0 
fffdd000c000-fffdd0200000 rw-p 00000000 00:00 0 
fffdd0200000-fffdd020c000 ---p 00000000 00:00 0 
fffdd020c000-fffdd0400000 rw-p 00000000 00:00 0 
fffdd0400000-fffdd040c000 ---p 00000000 00:00 0 
fffdd040c000-fffdd0600000 rw-p 00000000 00:00 0 
fffdd0e00000-fffdd0e0c000 ---p 00000000 00:00 0 
fffdd0e0c000-fffdd1000000 rw-p 00000000 00:00 0 
fffdd1000000-fffdd4000000 rw-p 00000000 00:00 0 
fffdd4000000-fffdd4200000 rw-p 00000000 00:00 0 
fffdd4200000-fffdd8000000 ---p 00000000 00:00 0 
fffdd8000000-fffdd8200000 rw-p 00000000 00:00 0 
fffdd8200000-fffddc000000 ---p 00000000 00:00 0 
fffddc000000-fffddc200000 rw-p 00000000 00:00 0 
fffddc200000-fffde0000000 ---p 00000000 00:00 0 
fffde0000000-fffde0200000 rw-p 00000000 00:00 0 
fffde0200000-fffde4000000 ---p 00000000 00:00 0 
fffde4000000-fffde4200000 rw-p 00000000 00:00 0 
fffde4200000-fffde8000000 ---p 00000000 00:00 0 
fffde8000000-fffde8200000 rw-p 00000000 00:00 0 
fffde8200000-fffdec000000 ---p 00000000 00:00 0 
fffdec000000-fffdec200000 rw-p 00000000 00:00 0 
fffdec200000-fffdf0000000 ---p 00000000 00:00 0 
fffdf0460000-fffdf2c60000 rw-p 00000000 00:00 0 
fffdf2c6c000-fffdf2c78000 ---p 00000000 00:00 0 
fffdf2c78000-fffdf2e6c000 rw-p 00000000 00:00 0 
fffdf2e6c000-fffdf2e78000 ---p 00000000 00:00 0 
fffdf2e78000-fffdf306c000 rw-p 00000000 00:00 0 
fffdf306c000-fffdf3078000 ---p 00000000 00:00 0 
fffdf3078000-fffdf326c000 rw-p 00000000 00:00 0 
fffdf8000000-fffdf8200000 rw-p 00000000 00:00 0 
fffdf8200000-fffdfc000000 ---p 00000000 00:00 0 
fffdfc000000-fffdfc200000 rw-p 00000000 00:00 0 
fffdfc200000-fffdfc800000 rw-p 00000000 00:00 0 
fffdfc800000-fffe00000000 ---p 00000000 00:00 0 
fffe00000000-fffe00200000 rw-p 00000000 00:00 0 
fffe00200000-fffe04000000 ---p 00000000 00:00 0 
fffe08000000-fffe08200000 rw-p 00000000 00:00 0 
fffe08200000-fffe0c000000 ---p 00000000 00:00 0 
fffe0c000000-fffe0c200000 rw-p 00000000 00:00 0 
fffe0c200000-fffe10000000 ---p 00000000 00:00 0 
fffe10bdc000-fffe10be8000 ---p 00000000 00:00 0 
fffe10be8000-fffe10ddc000 rw-p 00000000 00:00 0 
fffe10df0000-fffe11600000 rw-p 00000000 00:00 0 
fffe11600000-fffe13000000 rw-p 00000000 00:00 0 
fffe13180000-fffe13e00000 rw-p 00000000 00:00 0 
fffe13e00000-fffe13e0c000 ---p 00000000 00:00 0 
fffe13e0c000-fffe14000000 rw-p 00000000 00:00 0 
fffe14000000-fffe14200000 rw-p 00000000 00:00 0 
fffe14200000-fffe18000000 ---p 00000000 00:00 0 
fffe18100000-fffe1a400000 rw-p 00000000 00:00 0 
fffe1a500000-fffe1b600000 rw-p 00000000 00:00 0 
fffe1bb00000-fffe1c000000 rw-p 00000000 00:00 0 
fffe1c000000-fffe1c200000 rw-p 00000000 00:00 0 
fffe1c200000-fffe20000000 ---p 00000000 00:00 0 
fffe20000000-fffe20200000 rw-p 00000000 00:00 0 
fffe20200000-fffe24000000 ---p 00000000 00:00 0 
fffe24000000-fffe24200000 rw-p 00000000 00:00 0 
fffe24200000-fffe28000000 ---p 00000000 00:00 0 
fffe28000000-fffe28200000 rw-p 00000000 00:00 0 
fffe28200000-fffe2c000000 ---p 00000000 00:00 0 
fffe2c000000-fffe2c200000 rw-p 00000000 00:00 0 
fffe2c200000-fffe30000000 ---p 00000000 00:00 0 
fffe30000000-fffe30200000 rw-p 00000000 00:00 0 
fffe30200000-fffe34000000 ---p 00000000 00:00 0 
fffe34000000-fffe34200000 rw-p 00000000 00:00 0 
fffe34200000-fffe38000000 ---p 00000000 00:00 0 
fffe38180000-fffe3a000000 rw-p 00000000 00:00 0 
fffe3a800000-fffe40000000 rw-p 00000000 00:00 0 
fffe40000000-fffe40200000 rw-p 00000000 00:00 0 
fffe40200000-fffe44000000 ---p 00000000 00:00 0 
fffe44000000-fffe44200000 rw-p 00000000 00:00 0 
fffe44200000-fffe48000000 ---p 00000000 00:00 0 
fffe48000000-fffe48200000 rw-p 00000000 00:00 0 
fffe48200000-fffe48600000 rw-p 00000000 00:00 0 
fffe48600000-fffe4c000000 ---p 00000000 00:00 0 
fffe4c190000-fffe4c220000 r-xp 00000000 00:25 3200165                    /usr/lib64/libflite_cmulex.so.2.2
fffe4c220000-fffe4c22c000 ---p 00090000 00:25 3200165                    /usr/lib64/libflite_cmulex.so.2.2
fffe4c22c000-fffe4c230000 r--p 0008c000 00:25 3200165                    /usr/lib64/libflite_cmulex.so.2.2
fffe4c230000-fffe4c234000 rw-p 00000000 00:00 0 
fffe4c240000-fffe4c608000 r-xp 00000000 00:25 3200159                    /usr/lib64/libflite_cmu_us_kal16.so.2.2
fffe4c608000-fffe4c618000 ---p 003c8000 00:25 3200159                    /usr/lib64/libflite_cmu_us_kal16.so.2.2
fffe4c618000-fffe4c620000 r--p 003c8000 00:25 3200159                    /usr/lib64/libflite_cmu_us_kal16.so.2.2
fffe4c620000-fffe4c624000 rw-p 003d0000 00:25 3200159                    /usr/lib64/libflite_cmu_us_kal16.so.2.2
fffe4c630000-fffe4c674000 r-xp 00000000 00:25 3101837                    /usr/lib64/libmp3lame.so.0.0.0
fffe4c674000-fffe4c68c000 ---p 00044000 00:25 3101837                    /usr/lib64/libmp3lame.so.0.0.0
fffe4c68c000-fffe4c690000 r--p 0004c000 00:25 3101837                    /usr/lib64/libmp3lame.so.0.0.0
fffe4c690000-fffe4c6c0000 rw-p 00000000 00:00 0 
fffe4c6d0000-fffe4f9d0000 rw-p 00000000 00:00 0 
fffe4f9d0000-fffe53cb8000 r--p 00000000 00:25 3827814                    /usr/lib64/libLLVM.so.22.1
fffe53cb8000-fffe53cc4000 ---p 042e8000 00:25 3827814                    /usr/lib64/libLLVM.so.22.1
fffe53cc4000-fffe57cf8000 r-xp 042e4000 00:25 3827814                    /usr/lib64/libLLVM.so.22.1
fffe57cf8000-fffe57d04000 ---p 08328000 00:25 3827814                    /usr/lib64/libLLVM.so.22.1
fffe57d04000-fffe57f28000 r--p 08314000 00:25 3827814                    /usr/lib64/libLLVM.so.22.1
fffe57f28000-fffe57f2c000 rw-p 08538000 00:25 3827814                    /usr/lib64/libLLVM.so.22.1
fffe57f2c000-fffe57f38000 ---p 0855c000 00:25 3827814                    /usr/lib64/libLLVM.so.22.1
fffe57f38000-fffe57f44000 rw-p 08538000 00:25 3827814                    /usr/lib64/libLLVM.so.22.1
fffe57f44000-fffe57ff0000 rw-p 00000000 00:00 0 
fffe58000000-fffe58200000 rw-p 00000000 00:00 0 
fffe58200000-fffe5c000000 ---p 00000000 00:00 0 
fffe5c060000-fffe5c070000 r-xp 00000000 00:25 3200167                    /usr/lib64/libflite_usenglish.so.2.2
fffe5c070000-fffe5c074000 ---p 00010000 00:25 3200167                    /usr/lib64/libflite_usenglish.so.2.2
fffe5c074000-fffe5c080000 r--p 00014000 00:25 3200167                    /usr/lib64/libflite_usenglish.so.2.2
fffe5c080000-fffe5c084000 rw-p 00000000 00:00 0 
fffe5c090000-fffe5c0e0000 r-xp 00000000 00:25 3105171                    /usr/lib64/libmpg123.so.0.48.3
fffe5c0e0000-fffe5c0ec000 ---p 00050000 00:25 3105171                    /usr/lib64/libmpg123.so.0.48.3
fffe5c0ec000-fffe5c0f0000 r--p 0004c000 00:25 3105171                    /usr/lib64/libmpg123.so.0.48.3
fffe5c0f0000-fffe5c0f4000 rw-p 00050000 00:25 3105171                    /usr/lib64/libmpg123.so.0.48.3
fffe5c100000-fffe5c108000 r-xp 00000000 00:25 3101183                    /usr/lib64/libogg.so.0.8.6
fffe5c108000-fffe5c11c000 ---p 00008000 00:25 3101183                    /usr/lib64/libogg.so.0.8.6
fffe5c11c000-fffe5c120000 r--p 0000c000 00:25 3101183                    /usr/lib64/libogg.so.0.8.6
fffe5c120000-fffe5c124000 rw-p 00000000 00:00 0 
fffe5c130000-fffe5c198000 r-xp 00000000 00:25 3101166                    /usr/lib64/libopus.so.0.11.0
fffe5c198000-fffe5c1ac000 ---p 00068000 00:25 3101166                    /usr/lib64/libopus.so.0.11.0
fffe5c1ac000-fffe5c1b0000 r--p 0006c000 00:25 3101166                    /usr/lib64/libopus.so.0.11.0
fffe5c1b0000-fffe5c1b4000 rw-p 00000000 00:00 0 
fffe5c1c0000-fffe5c238000 r-xp 00000000 00:25 3101194                    /usr/lib64/libvorbisenc.so.2.0.12
fffe5c238000-fffe5c248000 ---p 00078000 00:25 3101194                    /usr/lib64/libvorbisenc.so.2.0.12
fffe5c248000-fffe5c260000 r--p 00078000 00:25 3101194                    /usr/lib64/libvorbisenc.so.2.0.12
fffe5c260000-fffe5c264000 rw-p 00090000 00:25 3101194                    /usr/lib64/libvorbisenc.so.2.0.12
fffe5c270000-fffe5c29c000 r-xp 00000000 00:25 3101192                    /usr/lib64/libvorbis.so.0.4.9
fffe5c29c000-fffe5c2ac000 ---p 0002c000 00:25 3101192                    /usr/lib64/libvorbis.so.0.4.9
fffe5c2ac000-fffe5c2b0000 r--p 0002c000 00:25 3101192                    /usr/lib64/libvorbis.so.0.4.9
fffe5c2b0000-fffe5c2b4000 rw-p 00000000 00:00 0 
fffe5c2c0000-fffe5c300000 r-xp 00000000 00:25 3101748                    /usr/lib64/libFLAC.so.14.0.0
fffe5c300000-fffe5c30c000 ---p 00040000 00:25 3101748                    /usr/lib64/libFLAC.so.14.0.0
fffe5c30c000-fffe5c310000 r--p 0004c000 00:25 3101748                    /usr/lib64/libFLAC.so.14.0.0
fffe5c310000-fffe5c314000 rw-p 00050000 00:25 3101748                    /usr/lib64/libFLAC.so.14.0.0
fffe5c320000-fffe5c32c000 r-xp 00000000 00:25 3104966                    /usr/lib64/libgsm.so.1.0.24
fffe5c32c000-fffe5c33c000 ---p 0000c000 00:25 3104966                    /usr/lib64/libgsm.so.1.0.24
fffe5c33c000-fffe5c340000 r--p 0000c000 00:25 3104966                    /usr/lib64/libgsm.so.1.0.24
fffe5c340000-fffe5c344000 rw-p 00010000 00:25 3104966                    /usr/lib64/libgsm.so.1.0.24
fffe5c350000-fffe5c358000 r-xp 00000000 00:25 3200036                    /usr/lib64/libasyncns.so.0.3.1
fffe5c358000-fffe5c36c000 ---p 00008000 00:25 3200036                    /usr/lib64/libasyncns.so.0.3.1
fffe5c36c000-fffe5c370000 r--p 0000c000 00:25 3200036                    /usr/lib64/libasyncns.so.0.3.1
fffe5c370000-fffe5c374000 rw-p 00000000 00:00 0 
fffe5c380000-fffe5c3f8000 r-xp 00000000 00:25 3105180                    /usr/lib64/libsndfile.so.1.0.37
fffe5c3f8000-fffe5c40c000 ---p 00078000 00:25 3105180                    /usr/lib64/libsndfile.so.1.0.37
fffe5c40c000-fffe5c410000 r--p 0007c000 00:25 3105180                    /usr/lib64/libsndfile.so.1.0.37
fffe5c410000-fffe5c414000 rw-p 00080000 00:25 3105180                    /usr/lib64/libsndfile.so.1.0.37
fffe5c420000-fffe5c49c000 r-xp 00000000 00:25 3200048                    /usr/lib64/pulseaudio/libpulsecommon-17.0.so
fffe5c49c000-fffe5c4ac000 ---p 0007c000 00:25 3200048                    /usr/lib64/pulseaudio/libpulsecommon-17.0.so
fffe5c4ac000-fffe5c4b0000 r--p 0007c000 00:25 3200048                    /usr/lib64/pulseaudio/libpulsecommon-17.0.so
fffe5c4b0000-fffe5c4b4000 rw-p 00080000 00:25 3200048                    /usr/lib64/pulseaudio/libpulsecommon-17.0.so
fffe5c4c0000-fffe5c50c000 r-xp 00000000 00:25 3200047                    /usr/lib64/libpulse.so.0.24.3
fffe5c50c000-fffe5c51c000 ---p 0004c000 00:25 3200047                    /usr/lib64/libpulse.so.0.24.3
fffe5c51c000-fffe5c520000 r--p 0004c000 00:25 3200047                    /usr/lib64/libpulse.so.0.24.3
fffe5c520000-fffe5c524000 rw-p 00050000 00:25 3200047                    /usr/lib64/libpulse.so.0.24.3
fffe5c530000-fffe5c56c000 r-xp 00000000 00:25 3200143                    /usr/lib64/libflite.so.2.2
fffe5c56c000-fffe5c57c000 ---p 0003c000 00:25 3200143                    /usr/lib64/libflite.so.2.2
fffe5c57c000-fffe5c580000 r--p 0003c000 00:25 3200143                    /usr/lib64/libflite.so.2.2
fffe5c580000-fffe5c584000 rw-p 00040000 00:25 3200143                    /usr/lib64/libflite.so.2.2
fffe5c590000-fffe5d090000 rw-p 00000000 00:00 0 
fffe5d090000-fffe5d8a0000 rw-p 00000000 00:00 0 
fffe60000000-fffe60200000 rw-p 00000000 00:00 0 
fffe60200000-fffe64000000 ---p 00000000 00:00 0 
fffe64010000-fffe64014000 r-xp 00000000 00:25 3200045                    /usr/lib64/libpulse-simple.so.0.1.1
fffe64014000-fffe6402c000 ---p 00004000 00:25 3200045                    /usr/lib64/libpulse-simple.so.0.1.1
fffe6402c000-fffe64030000 r--p 0000c000 00:25 3200045                    /usr/lib64/libpulse-simple.so.0.1.1
fffe64030000-fffe64034000 rw-p 00000000 00:00 0 
fffe64170000-fffe64194000 r-xp 00000000 00:25 3826951                    /usr/lib64/pipewire-0.3/libpipewire-module-session-manager.so
fffe64194000-fffe641ac000 ---p 00024000 00:25 3826951                    /usr/lib64/pipewire-0.3/libpipewire-module-session-manager.so
fffe641ac000-fffe641b0000 r--p 0002c000 00:25 3826951                    /usr/lib64/pipewire-0.3/libpipewire-module-session-manager.so
fffe641b0000-fffe641b4000 rw-p 00000000 00:00 0 
fffe641c0000-fffe641cc000 r-xp 00000000 00:25 3826933                    /usr/lib64/pipewire-0.3/libpipewire-module-metadata.so
fffe641cc000-fffe641dc000 ---p 0000c000 00:25 3826933                    /usr/lib64/pipewire-0.3/libpipewire-module-metadata.so
fffe641dc000-fffe641e0000 r--p 0000c000 00:25 3826933                    /usr/lib64/pipewire-0.3/libpipewire-module-metadata.so
fffe641e0000-fffe641e4000 rw-p 00010000 00:25 3826933                    /usr/lib64/pipewire-0.3/libpipewire-module-metadata.so
fffe641f0000-fffe641f8000 r-xp 00000000 00:25 3826923                    /usr/lib64/pipewire-0.3/libpipewire-module-adapter.so
fffe641f8000-fffe6420c000 ---p 00008000 00:25 3826923                    /usr/lib64/pipewire-0.3/libpipewire-module-adapter.so
fffe6420c000-fffe64210000 r--p 0000c000 00:25 3826923                    /usr/lib64/pipewire-0.3/libpipewire-module-adapter.so
fffe64210000-fffe64214000 rw-p 00010000 00:25 3826923                    /usr/lib64/pipewire-0.3/libpipewire-module-adapter.so
fffe64220000-fffe64230000 r-xp 00000000 00:25 3826925                    /usr/lib64/pipewire-0.3/libpipewire-module-client-device.so
fffe64230000-fffe6423c000 ---p 00010000 00:25 3826925                    /usr/lib64/pipewire-0.3/libpipewire-module-client-device.so
fffe6423c000-fffe64240000 r--p 0000c000 00:25 3826925                    /usr/lib64/pipewire-0.3/libpipewire-module-client-device.so
fffe64240000-fffe64244000 rw-p 00010000 00:25 3826925                    /usr/lib64/pipewire-0.3/libpipewire-module-client-device.so
fffe64250000-fffe64274000 r-xp 00000000 00:25 3826926                    /usr/lib64/pipewire-0.3/libpipewire-module-client-node.so
fffe64274000-fffe6428c000 ---p 00024000 00:25 3826926                    /usr/lib64/pipewire-0.3/libpipewire-module-client-node.so
fffe6428c000-fffe64290000 r--p 0002c000 00:25 3826926                    /usr/lib64/pipewire-0.3/libpipewire-module-client-node.so
fffe64290000-fffe64294000 rw-p 00030000 00:25 3826926                    /usr/lib64/pipewire-0.3/libpipewire-module-client-node.so
fffe642a0000-fffe6433c000 r-xp 00000000 00:25 3099166                    /usr/lib64/libpcre2-8.so.0.15.0
fffe6433c000-fffe6434c000 ---p 0009c000 00:25 3099166                    /usr/lib64/libpcre2-8.so.0.15.0
fffe6434c000-fffe64350000 r--p 0009c000 00:25 3099166                    /usr/lib64/libpcre2-8.so.0.15.0
fffe64350000-fffe64354000 rw-p 000a0000 00:25 3099166                    /usr/lib64/libpcre2-8.so.0.15.0
fffe64360000-fffe64390000 r-xp 00000000 00:25 3102648                    /usr/lib64/libselinux.so.1
fffe64390000-fffe6439c000 ---p 00030000 00:25 3102648                    /usr/lib64/libselinux.so.1
fffe6439c000-fffe643a0000 r--p 0002c000 00:25 3102648                    /usr/lib64/libselinux.so.1
fffe643a0000-fffe643a4000 rw-p 00030000 00:25 3102648                    /usr/lib64/libselinux.so.1
fffe643b0000-fffe643dc000 r-xp 00000000 00:25 3826940                    /usr/lib64/pipewire-0.3/libpipewire-module-protocol-native.so
fffe643dc000-fffe643e4000 ---p 0002c000 00:25 3826940                    /usr/lib64/pipewire-0.3/libpipewire-module-protocol-native.so
fffe643e4000-fffe643f0000 r--p 00034000 00:25 3826940                    /usr/lib64/pipewire-0.3/libpipewire-module-protocol-native.so
fffe643f0000-fffe643f4000 rw-p 00040000 00:25 3826940                    /usr/lib64/pipewire-0.3/libpipewire-module-protocol-native.so
fffe64400000-fffe64c10000 rw-p 00000000 00:00 0 
fffe64c10000-fffe64c18000 r-xp 00000000 00:25 3826945                    /usr/lib64/pipewire-0.3/libpipewire-module-rt.so
fffe64c18000-fffe64c2c000 ---p 00008000 00:25 3826945                    /usr/lib64/pipewire-0.3/libpipewire-module-rt.so
fffe64c2c000-fffe64c30000 r--p 0000c000 00:25 3826945                    /usr/lib64/pipewire-0.3/libpipewire-module-rt.so
fffe64c30000-fffe64c34000 rw-p 00010000 00:25 3826945                    /usr/lib64/pipewire-0.3/libpipewire-module-rt.so
fffe64c40000-fffe64c94000 r-xp 00000000 00:25 3098658                    /usr/lib64/libdbus-1.so.3.38.3
fffe64c94000-fffe64cac000 ---p 00054000 00:25 3098658                    /usr/lib64/libdbus-1.so.3.38.3
fffe64cac000-fffe64cb0000 r--p 0005c000 00:25 3098658                    /usr/lib64/libdbus-1.so.3.38.3
fffe64cb0000-fffe64cb4000 rw-p 00060000 00:25 3098658                    /usr/lib64/libdbus-1.so.3.38.3
fffe64cc0000-fffe64cc8000 r-xp 00000000 00:25 3826985                    /usr/lib64/spa-0.2/support/libspa-dbus.so
fffe64cc8000-fffe64cdc000 ---p 00008000 00:25 3826985                    /usr/lib64/spa-0.2/support/libspa-dbus.so
fffe64cdc000-fffe64ce0000 r--p 0000c000 00:25 3826985                    /usr/lib64/spa-0.2/support/libspa-dbus.so
fffe64ce0000-fffe64ce4000 rw-p 00010000 00:25 3826985                    /usr/lib64/spa-0.2/support/libspa-dbus.so
fffe64cf0000-fffe64e0c000 r-xp 00000000 00:25 3098609                    /usr/lib64/libsystemd.so.0.42.0
fffe64e0c000-fffe64e14000 ---p 0011c000 00:25 3098609                    /usr/lib64/libsystemd.so.0.42.0
fffe64e14000-fffe64e20000 r--p 00124000 00:25 3098609                    /usr/lib64/libsystemd.so.0.42.0
fffe64e20000-fffe64e24000 rw-p 00130000 00:25 3098609                    /usr/lib64/libsystemd.so.0.42.0
fffe64e30000-fffe64e34000 r-xp 00000000 00:25 3826986                    /usr/lib64/spa-0.2/support/libspa-journal.so
fffe64e34000-fffe64e4c000 ---p 00004000 00:25 3826986                    /usr/lib64/spa-0.2/support/libspa-journal.so
fffe64e4c000-fffe64e50000 r--p 0000c000 00:25 3826986                    /usr/lib64/spa-0.2/support/libspa-journal.so
fffe64e50000-fffe64e54000 rw-p 00010000 00:25 3826986                    /usr/lib64/spa-0.2/support/libspa-journal.so
fffe64e60000-fffe64e84000 r-xp 00000000 00:25 3826987                    /usr/lib64/spa-0.2/support/libspa-support.so
fffe64e84000-fffe64e98000 ---p 00024000 00:25 3826987                    /usr/lib64/spa-0.2/support/libspa-support.so
fffe64e98000-fffe64ea0000 r--p 00028000 00:25 3826987                    /usr/lib64/spa-0.2/support/libspa-support.so
fffe64ea0000-fffe64ea4000 rw-p 00030000 00:25 3826987                    /usr/lib64/spa-0.2/support/libspa-support.so
fffe64eb0000-fffe64f5c000 r-xp 00000000 00:25 3826921                    /usr/lib64/libpipewire-0.3.so.0.1605.0
fffe64f5c000-fffe64f64000 ---p 000ac000 00:25 3826921                    /usr/lib64/libpipewire-0.3.so.0.1605.0
fffe64f64000-fffe64f80000 r--p 000b4000 00:25 3826921                    /usr/lib64/libpipewire-0.3.so.0.1605.0
fffe64f80000-fffe64f84000 rw-p 000d0000 00:25 3826921                    /usr/lib64/libpipewire-0.3.so.0.1605.0
fffe64f90000-fffe65124000 r-xp 00000000 00:2b 2584                       /tmp/lwjgl_anguscrump/3.4.1-snapshot/arm64/libopenal.so
fffe65124000-fffe65130000 ---p 00194000 00:2b 2584                       /tmp/lwjgl_anguscrump/3.4.1-snapshot/arm64/libopenal.so
fffe65130000-fffe6513c000 r--p 00190000 00:2b 2584                       /tmp/lwjgl_anguscrump/3.4.1-snapshot/arm64/libopenal.so
fffe6513c000-fffe65140000 rw-p 0019c000 00:2b 2584                       /tmp/lwjgl_anguscrump/3.4.1-snapshot/arm64/libopenal.so
fffe65140000-fffe65224000 rw-p 00000000 00:00 0 
fffe65430000-fffe656b0000 rw-p 00000000 00:00 0 
fffe656b0000-fffe6572c000 r-xp 00000000 00:2b 2583                       /tmp/lwjgl_anguscrump/3.4.1-snapshot/arm64/liblwjgl_stb.so
fffe6572c000-fffe65738000 ---p 0007c000 00:2b 2583                       /tmp/lwjgl_anguscrump/3.4.1-snapshot/arm64/liblwjgl_stb.so
fffe65738000-fffe6573c000 r--p 00078000 00:2b 2583                       /tmp/lwjgl_anguscrump/3.4.1-snapshot/arm64/liblwjgl_stb.so
fffe6573c000-fffe65740000 rw-p 0007c000 00:2b 2583                       /tmp/lwjgl_anguscrump/3.4.1-snapshot/arm64/liblwjgl_stb.so
fffe65750000-fffe65760000 r-xp 00000000 00:25 3115554                    /usr/lib64/libEGL.so.1.1.0
fffe65760000-fffe6576c000 ---p 00010000 00:25 3115554                    /usr/lib64/libEGL.so.1.1.0
fffe6576c000-fffe65770000 r--p 0000c000 00:25 3115554                    /usr/lib64/libEGL.so.1.1.0
fffe65770000-fffe65774000 rw-p 00010000 00:25 3115554                    /usr/lib64/libEGL.so.1.1.0
fffe65780000-fffe657d8000 r-xp 00000000 00:2b 2582                       /tmp/lwjgl_anguscrump/3.4.1-snapshot/arm64/liblwjgl_opengl.so
fffe657d8000-fffe657e8000 ---p 00058000 00:2b 2582                       /tmp/lwjgl_anguscrump/3.4.1-snapshot/arm64/liblwjgl_opengl.so
fffe657e8000-fffe657ec000 rw-p 00058000 00:2b 2582                       /tmp/lwjgl_anguscrump/3.4.1-snapshot/arm64/liblwjgl_opengl.so
fffe657f0000-fffe66000000 rw-p 00000000 00:00 0 
fffe66000000-fffe66100000 rw-p 00000000 00:00 0 
fffe66100000-fffe66200000 rw-p 00000000 00:00 0 
fffe66200000-fffe66700000 rw-p 00000000 00:00 0 
fffe66700000-fffe66800000 rw-p 00000000 00:00 0 
fffe66800000-fffe67f00000 rw-p 00000000 00:00 0 
fffe67f00000-fffe68000000 rw-p 00000000 00:00 0 
fffe68000000-fffe69500000 rw-p 00000000 00:00 0 
fffe69500000-fffe69510000 rw-p 00000000 00:00 0 
fffe69510000-fffe69600000 ---p 00000000 00:00 0 
fffe69600000-fffe69620000 rw-p 00000000 00:00 0 
fffe69620000-fffe6a000000 ---p 00000000 00:00 0 
fffe6a560000-fffe6a590000 r-xp 00000000 00:25 3098672                    /usr/lib64/liblzma.so.5.8.2
fffe6a590000-fffe6a59c000 ---p 00030000 00:25 3098672                    /usr/lib64/liblzma.so.5.8.2
fffe6a59c000-fffe6a5a0000 r--p 0003c000 00:25 3098672                    /usr/lib64/liblzma.so.5.8.2
fffe6a5a0000-fffe6a5a4000 rw-p 00000000 00:00 0 
fffe6a5b0000-fffe6a5d8000 r-xp 00000000 00:25 3098080                    /usr/lib64/libtinfo.so.6.6
fffe6a5d8000-fffe6a5ec000 ---p 00028000 00:25 3098080                    /usr/lib64/libtinfo.so.6.6
fffe6a5ec000-fffe6a5f0000 r--p 0002c000 00:25 3098080                    /usr/lib64/libtinfo.so.6.6
fffe6a5f0000-fffe6a5f4000 rw-p 00030000 00:25 3098080                    /usr/lib64/libtinfo.so.6.6
fffe6a600000-fffe6a75c000 r-xp 00000000 00:25 3098680                    /usr/lib64/libxml2.so.2.12.10
fffe6a75c000-fffe6a764000 ---p 0015c000 00:25 3098680                    /usr/lib64/libxml2.so.2.12.10
fffe6a764000-fffe6a770000 r--p 00164000 00:25 3098680                    /usr/lib64/libxml2.so.2.12.10
fffe6a770000-fffe6a774000 rw-p 00170000 00:25 3098680                    /usr/lib64/libxml2.so.2.12.10
fffe6a780000-fffe6a7b4000 r-xp 00000000 00:25 3859435                    /usr/lib64/libedit.so.0.0.78
fffe6a7b4000-fffe6a7cc000 ---p 00034000 00:25 3859435                    /usr/lib64/libedit.so.0.0.78
fffe6a7cc000-fffe6a7d0000 r--p 0003c000 00:25 3859435                    /usr/lib64/libedit.so.0.0.78
fffe6a7d0000-fffe6a7d4000 rw-p 00040000 00:25 3859435                    /usr/lib64/libedit.so.0.0.78
fffe6a7e0000-fffe6a7f8000 r-xp 00000000 00:25 3099018                    /usr/lib64/libffi.so.8.2.0
fffe6a7f8000-fffe6a80c000 ---p 00018000 00:25 3099018                    /usr/lib64/libffi.so.8.2.0
fffe6a80c000-fffe6a810000 r--p 0001c000 00:25 3099018                    /usr/lib64/libffi.so.8.2.0
fffe6a810000-fffe6a814000 rw-p 00020000 00:25 3099018                    /usr/lib64/libffi.so.8.2.0
fffe6a820000-fffe6aa9c000 r-xp 00000000 00:25 3565243                    /usr/lib64/libstdc++.so.6.0.35
fffe6aa9c000-fffe6aaac000 ---p 0027c000 00:25 3565243                    /usr/lib64/libstdc++.so.6.0.35
fffe6aaac000-fffe6aac0000 r--p 0027c000 00:25 3565243                    /usr/lib64/libstdc++.so.6.0.35
fffe6aac0000-fffe6aac4000 rw-p 00290000 00:25 3565243                    /usr/lib64/libstdc++.so.6.0.35
fffe6aac4000-fffe6aac8000 rw-p 00000000 00:00 0 
fffe6ada0000-fffe6ae64000 r-xp 00000000 00:25 3098619                    /usr/lib64/libzstd.so.1.5.7
fffe6ae64000-fffe6ae7c000 ---p 000c4000 00:25 3098619                    /usr/lib64/libzstd.so.1.5.7
fffe6ae7c000-fffe6ae80000 r--p 000cc000 00:25 3098619                    /usr/lib64/libzstd.so.1.5.7
fffe6ae80000-fffe6ae84000 rw-p 000d0000 00:25 3098619                    /usr/lib64/libzstd.so.1.5.7
fffe6b090000-fffe6b1a8000 r-xp 00000000 00:25 3105144                    /usr/lib64/libGLdispatch.so.0.0.0
fffe6b1a8000-fffe6b1b4000 ---p 00118000 00:25 3105144                    /usr/lib64/libGLdispatch.so.0.0.0
fffe6b1b4000-fffe6b1d0000 r--p 00124000 00:25 3105144                    /usr/lib64/libGLdispatch.so.0.0.0
fffe6b1d0000-fffe6b1d4000 rw-p 00140000 00:25 3105144                    /usr/lib64/libGLdispatch.so.0.0.0
fffe6b1d4000-fffe6b1dc000 rw-p 00000000 00:00 0 
fffe6b290000-fffe6b3d8000 r-xp 00000000 00:25 3101932                    /usr/lib64/libX11.so.6.4.0
fffe6b3d8000-fffe6b3ec000 ---p 00148000 00:25 3101932                    /usr/lib64/libX11.so.6.4.0
fffe6b3ec000-fffe6b3f0000 r--p 0014c000 00:25 3101932                    /usr/lib64/libX11.so.6.4.0
fffe6b3f0000-fffe6b3f4000 rw-p 00150000 00:25 3101932                    /usr/lib64/libX11.so.6.4.0
fffe6b400000-fffe6b800000 rw-p 00000000 00:00 0 
fffe6b820000-fffe6b828000 r-xp 00000000 00:25 3101940                    /usr/lib64/libXfixes.so.3.1.0
fffe6b828000-fffe6b83c000 ---p 00008000 00:25 3101940                    /usr/lib64/libXfixes.so.3.1.0
fffe6b83c000-fffe6b840000 r--p 0000c000 00:25 3101940                    /usr/lib64/libXfixes.so.3.1.0
fffe6b840000-fffe6b844000 rw-p 00010000 00:25 3101940                    /usr/lib64/libXfixes.so.3.1.0
fffe6b850000-fffe6b85c000 r-xp 00000000 00:25 3101960                    /usr/lib64/libXcursor.so.1.0.2
fffe6b85c000-fffe6b86c000 ---p 0000c000 00:25 3101960                    /usr/lib64/libXcursor.so.1.0.2
fffe6b86c000-fffe6b870000 r--p 0000c000 00:25 3101960                    /usr/lib64/libXcursor.so.1.0.2
fffe6b870000-fffe6b874000 rw-p 00000000 00:00 0 
fffe6b880000-fffe6b88c000 r-xp 00000000 00:25 3101950                    /usr/lib64/libXrender.so.1.3.0
fffe6b88c000-fffe6b89c000 ---p 0000c000 00:25 3101950                    /usr/lib64/libXrender.so.1.3.0
fffe6b89c000-fffe6b8a0000 r--p 0000c000 00:25 3101950                    /usr/lib64/libXrender.so.1.3.0
fffe6b8a0000-fffe6b8a4000 rw-p 00010000 00:25 3101950                    /usr/lib64/libXrender.so.1.3.0
fffe6b8b0000-fffe6b924000 r-xp 00000000 00:2b 2581                       /tmp/lwjgl_anguscrump/3.4.1-snapshot/arm64/libjemalloc.so
fffe6b924000-fffe6b930000 ---p 00074000 00:2b 2581                       /tmp/lwjgl_anguscrump/3.4.1-snapshot/arm64/libjemalloc.so
fffe6b930000-fffe6b934000 r--p 00070000 00:2b 2581                       /tmp/lwjgl_anguscrump/3.4.1-snapshot/arm64/libjemalloc.so
fffe6b934000-fffe6b938000 rw-p 00074000 00:2b 2581                       /tmp/lwjgl_anguscrump/3.4.1-snapshot/arm64/libjemalloc.so
fffe6b938000-fffe6b9c4000 rw-p 00000000 00:00 0 
fffe6b9d0000-fffe6c000000 rw-p 00000000 00:00 0 
fffe6c000000-fffe6c200000 rw-p 00000000 00:00 0 
fffe6c200000-fffe70000000 ---p 00000000 00:00 0 
fffe70000000-fffe70200000 rw-p 00000000 00:00 0 
fffe70200000-fffe74000000 ---p 00000000 00:00 0 
fffe74000000-fffe74200000 rw-p 00000000 00:00 0 
fffe74200000-fffe78000000 ---p 00000000 00:00 0 
fffe78000000-fffe78200000 rw-p 00000000 00:00 0 
fffe78200000-fffe7c000000 ---p 00000000 00:00 0 
fffe7c000000-fffe7c200000 rw-p 00000000 00:00 0 
fffe7c200000-fffe80000000 ---p 00000000 00:00 0 
fffe80000000-fffe80200000 rw-p 00000000 00:00 0 
fffe80200000-fffe84000000 ---p 00000000 00:00 0 
fffe84000000-fffe84200000 rw-p 00000000 00:00 0 
fffe84200000-fffe88000000 ---p 00000000 00:00 0 
fffe88000000-fffe88200000 rw-p 00000000 00:00 0 
fffe88200000-fffe8c000000 ---p 00000000 00:00 0 
fffe8c000000-fffe8c200000 rw-p 00000000 00:00 0 
fffe8c200000-fffe90000000 ---p 00000000 00:00 0 
fffe90000000-fffe90200000 rw-p 00000000 00:00 0 
fffe90200000-fffe94000000 ---p 00000000 00:00 0 
fffe94000000-fffe94200000 rw-p 00000000 00:00 0 
fffe94200000-fffe98000000 ---p 00000000 00:00 0 
fffe98000000-fffe98200000 rw-p 00000000 00:00 0 
fffe98200000-fffe9c000000 ---p 00000000 00:00 0 
fffe9c000000-fffe9c200000 rw-p 00000000 00:00 0 
fffe9c200000-fffea0000000 ---p 00000000 00:00 0 
fffea0000000-fffea0200000 rw-p 00000000 00:00 0 
fffea0200000-fffea4000000 ---p 00000000 00:00 0 
fffea4000000-fffea4200000 rw-p 00000000 00:00 0 
fffea4200000-fffea5600000 rw-p 00000000 00:00 0 
fffea5600000-fffea8000000 ---p 00000000 00:00 0 
fffea8000000-fffea8200000 rw-p 00000000 00:00 0 
fffea8200000-fffeac000000 ---p 00000000 00:00 0 
fffeac000000-fffeac200000 rw-p 00000000 00:00 0 
fffeac200000-fffeb0000000 ---p 00000000 00:00 0 
fffeb0000000-fffeb0200000 rw-p 00000000 00:00 0 
fffeb0200000-fffeb2600000 rw-p 00000000 00:00 0 
fffeb2600000-fffeb4000000 ---p 00000000 00:00 0 
fffeb4000000-fffeb4200000 rw-p 00000000 00:00 0 
fffeb4200000-fffeb6200000 rw-p 00000000 00:00 0 
fffeb6200000-fffeb8000000 ---p 00000000 00:00 0 
fffeb8000000-fffeb8200000 rw-p 00000000 00:00 0 
fffeb8200000-fffeba200000 rw-p 00000000 00:00 0 
fffeba200000-fffebc000000 ---p 00000000 00:00 0 
fffebc000000-fffebc200000 rw-p 00000000 00:00 0 
fffebc200000-fffec0000000 ---p 00000000 00:00 0 
fffec0000000-fffec0200000 rw-p 00000000 00:00 0 
fffec0200000-fffec4000000 ---p 00000000 00:00 0 
fffec4000000-fffec4200000 rw-p 00000000 00:00 0 
fffec4200000-fffec8000000 ---p 00000000 00:00 0 
fffec8000000-fffec8200000 rw-p 00000000 00:00 0 
fffec8200000-fffecc000000 ---p 00000000 00:00 0 
fffecc000000-fffecc200000 rw-p 00000000 00:00 0 
fffecc200000-fffed0000000 ---p 00000000 00:00 0 
fffed0070000-fffed0084000 r-xp 00000000 00:25 3101935                    /usr/lib64/libXext.so.6.4.0
fffed0084000-fffed009c000 ---p 00014000 00:25 3101935                    /usr/lib64/libXext.so.6.4.0
fffed009c000-fffed00a0000 r--p 0001c000 00:25 3101935                    /usr/lib64/libXext.so.6.4.0
fffed00a0000-fffed00a4000 rw-p 00020000 00:25 3101935                    /usr/lib64/libXext.so.6.4.0
fffed00e0000-fffed0154000 r-xp 00000000 00:2b 2580                       /tmp/lwjgl_anguscrump/3.4.1-snapshot/arm64/libglfw.so
fffed0154000-fffed0164000 ---p 00074000 00:2b 2580                       /tmp/lwjgl_anguscrump/3.4.1-snapshot/arm64/libglfw.so
fffed0164000-fffed016c000 rw-p 00074000 00:2b 2580                       /tmp/lwjgl_anguscrump/3.4.1-snapshot/arm64/libglfw.so
fffed016c000-fffed0190000 rw-p 00000000 00:00 0 
fffed01a0000-fffed03b0000 rw-p 00000000 00:00 0 
fffed03b0000-fffed03bc000 ---p 00000000 00:00 0 
fffed03bc000-fffed05b0000 rw-p 00000000 00:00 0 
fffed07b0000-fffed07bc000 ---p 00000000 00:00 0 
fffed07bc000-fffed09b0000 rw-p 00000000 00:00 0 
fffed0bb0000-fffed0bbc000 ---p 00000000 00:00 0 
fffed0bbc000-fffed0db0000 rw-p 00000000 00:00 0 
fffed11b0000-fffed11bc000 ---p 00000000 00:00 0 
fffed11bc000-fffed13b0000 rw-p 00000000 00:00 0 
fffed13b0000-fffed13bc000 ---p 00000000 00:00 0 
fffed13bc000-fffed2000000 rw-p 00000000 00:00 0 
fffed2000000-fffedfe94000 r--p 00000000 00:25 3810908                    /usr/lib/locale/locale-archive
fffedfeb0000-fffedfeb4000 r-xp 00000000 00:25 3101844                    /usr/lib64/libXau.so.6.0.0
fffedfeb4000-fffedfecc000 ---p 00004000 00:25 3101844                    /usr/lib64/libXau.so.6.0.0
fffedfecc000-fffedfed0000 r--p 0000c000 00:25 3101844                    /usr/lib64/libXau.so.6.0.0
fffedfed0000-fffedfed4000 rw-p 00000000 00:00 0 
fffedfee0000-fffedff0c000 r-xp 00000000 00:25 3101927                    /usr/lib64/libxcb.so.1.1.0
fffedff0c000-fffedff1c000 ---p 0002c000 00:25 3101927                    /usr/lib64/libxcb.so.1.1.0
fffedff1c000-fffedff20000 r--p 0002c000 00:25 3101927                    /usr/lib64/libxcb.so.1.1.0
fffedff20000-fffedff24000 rw-p 00030000 00:25 3101927                    /usr/lib64/libxcb.so.1.1.0
fffedff30000-fffedffb4000 r-xp 00000000 00:2b 2579                       /tmp/lwjgl_anguscrump/3.4.1-snapshot/arm64/liblwjgl.so
fffedffb4000-fffedffc0000 ---p 00084000 00:2b 2579                       /tmp/lwjgl_anguscrump/3.4.1-snapshot/arm64/liblwjgl.so
fffedffc0000-fffedffc4000 r--p 00080000 00:2b 2579                       /tmp/lwjgl_anguscrump/3.4.1-snapshot/arm64/liblwjgl.so
fffedffc4000-fffedffc8000 rw-p 00084000 00:2b 2579                       /tmp/lwjgl_anguscrump/3.4.1-snapshot/arm64/liblwjgl.so
fffedffd0000-fffedffd4000 r-xp 00000000 00:25 8789711                    /home/anguscrump/.jdks/jbr-25.0.3/lib/libextnet.so
fffedffd4000-fffedffec000 ---p 00004000 00:25 8789711                    /home/anguscrump/.jdks/jbr-25.0.3/lib/libextnet.so
fffedffec000-fffedfff0000 r--p 0000c000 00:25 8789711                    /home/anguscrump/.jdks/jbr-25.0.3/lib/libextnet.so
fffedfff0000-fffedfff4000 rw-p 00000000 00:00 0 
fffee0000000-fffee0400000 rw-p 00000000 00:00 0 
fffee0400000-fffee0c00000 rw-p 00000000 00:00 0 
fffee0c00000-fffee1ce0000 rw-p 00000000 00:00 0 
fffee1ce0000-fffee27a0000 rw-p 00000000 00:00 0 
fffee27a0000-fffee27e0000 rw-p 00000000 00:00 0 
fffee27e0000-fffee3d80000 rw-p 00000000 00:00 0 
fffee3d80000-fffee3e00000 rw-p 00000000 00:00 0 
fffee3e00000-fffee4000000 rw-p 00000000 00:00 0 
fffee4000000-fffee4200000 rw-p 00000000 00:00 0 
fffee4200000-fffee8000000 ---p 00000000 00:00 0 
fffee8000000-fffee8200000 rw-p 00000000 00:00 0 
fffee8200000-fffeec000000 ---p 00000000 00:00 0 
fffeec000000-fffeec200000 rw-p 00000000 00:00 0 
fffeec200000-fffef0000000 ---p 00000000 00:00 0 
fffef0000000-fffef0200000 rw-p 00000000 00:00 0 
fffef0200000-fffef0600000 rw-p 00000000 00:00 0 
fffef0600000-fffef4000000 ---p 00000000 00:00 0 
fffef4000000-fffef4200000 rw-p 00000000 00:00 0 
fffef4200000-fffef8000000 ---p 00000000 00:00 0 
fffef8000000-fffef8200000 rw-p 00000000 00:00 0 
fffef8200000-fffefc000000 ---p 00000000 00:00 0 
fffefc030000-fffefc060000 r-xp 00000000 00:25 3098606                    /usr/lib64/libnss_resolve.so.2
fffefc060000-fffefc06c000 ---p 00030000 00:25 3098606                    /usr/lib64/libnss_resolve.so.2
fffefc06c000-fffefc070000 r--p 0003c000 00:25 3098606                    /usr/lib64/libnss_resolve.so.2
fffefc070000-fffefc074000 rw-p 00040000 00:25 3098606                    /usr/lib64/libnss_resolve.so.2
fffefc080000-fffefc084000 r-xp 00000000 00:25 3115273                    /usr/lib64/libnss_mdns4_minimal.so.2
fffefc084000-fffefc09c000 ---p 00004000 00:25 3115273                    /usr/lib64/libnss_mdns4_minimal.so.2
fffefc09c000-fffefc0a0000 r--p 0000c000 00:25 3115273                    /usr/lib64/libnss_mdns4_minimal.so.2
fffefc0a0000-fffefc0a4000 rw-p 00000000 00:00 0 
fffefc0b0000-fffefc0f4000 r-xp 00000000 00:25 3098611                    /usr/lib64/libudev.so.1.7.12
fffefc0f4000-fffefc108000 ---p 00044000 00:25 3098611                    /usr/lib64/libudev.so.1.7.12
fffefc108000-fffefc110000 r--p 00048000 00:25 3098611                    /usr/lib64/libudev.so.1.7.12
fffefc110000-fffefc114000 rw-p 00050000 00:25 3098611                    /usr/lib64/libudev.so.1.7.12
fffefc11c000-fffefc128000 ---p 00000000 00:00 0 
fffefc128000-fffefc150000 rw-p 00000000 00:00 0 
fffefc150000-fffefc174000 r-xp 00000000 00:25 8817553                    /home/anguscrump/.cache/JNA/temp/jna16805834832305682160.tmp (deleted)
fffefc174000-fffefc180000 ---p 00024000 00:25 8817553                    /home/anguscrump/.cache/JNA/temp/jna16805834832305682160.tmp (deleted)
fffefc180000-fffefc184000 r--p 00020000 00:25 8817553                    /home/anguscrump/.cache/JNA/temp/jna16805834832305682160.tmp (deleted)
fffefc184000-fffefc188000 rw-p 00024000 00:25 8817553                    /home/anguscrump/.cache/JNA/temp/jna16805834832305682160.tmp (deleted)
fffefc190000-fffefc1a0000 r-xp 00000000 00:25 8789741                    /home/anguscrump/.jdks/jbr-25.0.3/lib/libverify.so
fffefc1a0000-fffefc1ac000 ---p 00010000 00:25 8789741                    /home/anguscrump/.jdks/jbr-25.0.3/lib/libverify.so
fffefc1ac000-fffefc1b0000 r--p 0000c000 00:25 8789741                    /home/anguscrump/.jdks/jbr-25.0.3/lib/libverify.so
fffefc1b0000-fffefc1b4000 rw-p 00000000 00:00 0 
fffefc1c0000-fffefc1cc000 ---p 00000000 00:00 0 
fffefc1cc000-fffefc3c0000 rw-p 00000000 00:00 0 
fffefc3c0000-fffefc3e0000 r-xp 00000000 00:25 3565233                    /usr/lib64/libgcc_s-16-20260501.so.1
fffefc3e0000-fffefc3ec000 ---p 00020000 00:25 3565233                    /usr/lib64/libgcc_s-16-20260501.so.1
fffefc3ec000-fffefc3f0000 r--p 0001c000 00:25 3565233                    /usr/lib64/libgcc_s-16-20260501.so.1
fffefc3f0000-fffefc3f4000 rw-p 00000000 00:00 0 
fffefc400000-fffefc42c000 r-xp 00000000 00:25 3098605                    /usr/lib64/libnss_myhostname.so.2
fffefc42c000-fffefc438000 ---p 0002c000 00:25 3098605                    /usr/lib64/libnss_myhostname.so.2
fffefc438000-fffefc440000 r--p 00028000 00:25 3098605                    /usr/lib64/libnss_myhostname.so.2
fffefc440000-fffefc444000 rw-p 00030000 00:25 3098605                    /usr/lib64/libnss_myhostname.so.2
fffefc450000-fffefc458000 r-xp 00000000 00:25 8789729                    /home/anguscrump/.jdks/jbr-25.0.3/lib/libmanagement_ext.so
fffefc458000-fffefc46c000 ---p 00008000 00:25 8789729                    /home/anguscrump/.jdks/jbr-25.0.3/lib/libmanagement_ext.so
fffefc46c000-fffefc470000 r--p 0000c000 00:25 8789729                    /home/anguscrump/.jdks/jbr-25.0.3/lib/libmanagement_ext.so
fffefc470000-fffefc474000 rw-p 00000000 00:00 0 
fffefc480000-fffefc484000 r-xp 00000000 00:25 8789728                    /home/anguscrump/.jdks/jbr-25.0.3/lib/libmanagement.so
fffefc484000-fffefc49c000 ---p 00004000 00:25 8789728                    /home/anguscrump/.jdks/jbr-25.0.3/lib/libmanagement.so
fffefc49c000-fffefc4a0000 r--p 0000c000 00:25 8789728                    /home/anguscrump/.jdks/jbr-25.0.3/lib/libmanagement.so
fffefc4a0000-fffefc4a4000 rw-p 00000000 00:00 0 
fffefc4b4000-fffefc4c0000 ---p 00000000 00:00 0 
fffefc4c0000-fffefc6b4000 rw-p 00000000 00:00 0 
fffefc6b4000-fffefc6c0000 ---p 00000000 00:00 0 
fffefc6c0000-fffefc8b4000 rw-p 00000000 00:00 0 
fffefc8b4000-fffefc8c0000 ---p 00000000 00:00 0 
fffefc8c0000-fffefcab4000 rw-p 00000000 00:00 0 
fffefcab4000-fffefcac0000 ---p 00000000 00:00 0 
fffefcac0000-fffefccb4000 rw-p 00000000 00:00 0 
fffefccb4000-fffefccc0000 ---p 00000000 00:00 0 
fffefccc0000-fffefceb4000 rw-p 00000000 00:00 0 
fffefceb4000-fffefcec0000 ---p 00000000 00:00 0 
fffefcec0000-fffefd0b4000 rw-p 00000000 00:00 0 
fffefd0b4000-fffefd0c0000 ---p 00000000 00:00 0 
fffefd0c0000-fffefd2b4000 rw-p 00000000 00:00 0 
fffefd2b4000-fffefd2c0000 ---p 00000000 00:00 0 
fffefd2c0000-fffefd4b4000 rw-p 00000000 00:00 0 
fffefd4b4000-fffefd4c0000 ---p 00000000 00:00 0 
fffefd4c0000-fffefd6b4000 rw-p 00000000 00:00 0 
fffefd6b4000-fffefd6c0000 ---p 00000000 00:00 0 
fffefd6c0000-fffefd8b4000 rw-p 00000000 00:00 0 
fffefd8b4000-fffefd9d0000 rw-p 00000000 00:00 0 
fffefd9d0000-fffefd9dc000 ---p 00000000 00:00 0 
fffefd9dc000-fffefe000000 rw-p 00000000 00:00 0 
fffefe000000-ffff00000000 rw-p 00000000 00:00 0 
ffff00000000-ffff00200000 rw-p 00000000 00:00 0 
ffff00200000-ffff04000000 ---p 00000000 00:00 0 
ffff04000000-ffff04200000 rw-p 00000000 00:00 0 
ffff04200000-ffff08000000 ---p 00000000 00:00 0 
ffff08030000-ffff08038000 r-xp 00000000 00:25 8789743                    /home/anguscrump/.jdks/jbr-25.0.3/lib/libzip.so
ffff08038000-ffff0804c000 ---p 00008000 00:25 8789743                    /home/anguscrump/.jdks/jbr-25.0.3/lib/libzip.so
ffff0804c000-ffff08050000 r--p 0000c000 00:25 8789743                    /home/anguscrump/.jdks/jbr-25.0.3/lib/libzip.so
ffff08050000-ffff08054000 rw-p 00000000 00:00 0 
ffff08060000-ffff0806c000 r-xp 00000000 00:25 8789731                    /home/anguscrump/.jdks/jbr-25.0.3/lib/libnet.so
ffff0806c000-ffff0807c000 ---p 0000c000 00:25 8789731                    /home/anguscrump/.jdks/jbr-25.0.3/lib/libnet.so
ffff0807c000-ffff08080000 r--p 0000c000 00:25 8789731                    /home/anguscrump/.jdks/jbr-25.0.3/lib/libnet.so
ffff08080000-ffff08084000 rw-p 00000000 00:00 0 
ffff08090000-ffff080a4000 r-xp 00000000 00:25 8789733                    /home/anguscrump/.jdks/jbr-25.0.3/lib/libnio.so
ffff080a4000-ffff080bc000 ---p 00014000 00:25 8789733                    /home/anguscrump/.jdks/jbr-25.0.3/lib/libnio.so
ffff080bc000-ffff080c0000 r--p 0001c000 00:25 8789733                    /home/anguscrump/.jdks/jbr-25.0.3/lib/libnio.so
ffff080c0000-ffff080c4000 rw-p 00020000 00:25 8789733                    /home/anguscrump/.jdks/jbr-25.0.3/lib/libnio.so
ffff080cc000-ffff081ac000 rw-p 00000000 00:00 0 
ffff081ac000-ffff085cc000 rw-p 00000000 00:00 0 
ffff085cc000-ffff08dec000 rw-p 00000000 00:00 0 
ffff08dec000-ffff08ffc000 rw-p 00000000 00:00 0 
ffff08ffc000-ffff0ae0c000 rwxp 00000000 00:00 0 
ffff0ae0c000-ffff10534000 ---p 00000000 00:00 0 
ffff10534000-ffff108c4000 rwxp 00000000 00:00 0 
ffff108c4000-ffff10ac8000 ---p 00000000 00:00 0 
ffff10ac8000-ffff11798000 rwxp 00000000 00:00 0 
ffff11798000-ffff18000000 ---p 00000000 00:00 0 
ffff18000000-ffff1bff4000 r--s 00000000 00:25 8789745                    /home/anguscrump/.jdks/jbr-25.0.3/lib/modules
ffff1c000000-ffff1c200000 rw-p 00000000 00:00 0 
ffff1c200000-ffff20000000 rw-p 00000000 00:00 0 
ffff20008000-ffff2000c000 rw-p 00000000 00:00 0 
ffff2000c000-ffff20010000 r-xp 00000000 00:2b 9873                       /tmp/#9873 (deleted)
ffff20010000-ffff20014000 rw-p 00000000 00:00 0 
ffff20074000-ffff20178000 rw-p 00000000 00:00 0 
ffff20178000-ffff20598000 rw-p 00000000 00:00 0 
ffff20598000-ffff21340000 rw-p 00000000 00:00 0 
ffff21340000-ffff21550000 ---p 00000000 00:00 0 
ffff21550000-ffff215f0000 rw-p 00000000 00:00 0 
ffff215f0000-ffff24178000 ---p 00000000 00:00 0 
ffff24178000-ffff243e0000 rw-p 00000000 00:00 0 
ffff243e0000-ffff2441c000 ---p 00000000 00:00 0 
ffff2441c000-ffff24434000 rw-p 00000000 00:00 0 
ffff24434000-ffff249a4000 ---p 00000000 00:00 0 
ffff249a4000-ffff24b64000 rw-p 00000000 00:00 0 
ffff24b64000-ffff24ba0000 ---p 00000000 00:00 0 
ffff24ba0000-ffff24bb8000 rw-p 00000000 00:00 0 
ffff24bb8000-ffff25128000 ---p 00000000 00:00 0 
ffff25128000-ffff25994000 rw-p 00000000 00:00 0 
ffff25994000-ffff25b38000 ---p 00000000 00:00 0 
ffff25b38000-ffff25bb4000 rw-p 00000000 00:00 0 
ffff25bb4000-ffff25d10000 ---p 00000000 00:00 0 
ffff25d10000-ffff25d34000 r-xp 00000000 00:25 8789719                    /home/anguscrump/.jdks/jbr-25.0.3/lib/libjava.so
ffff25d34000-ffff25d4c000 ---p 00024000 00:25 8789719                    /home/anguscrump/.jdks/jbr-25.0.3/lib/libjava.so
ffff25d4c000-ffff25d50000 r--p 0002c000 00:25 8789719                    /home/anguscrump/.jdks/jbr-25.0.3/lib/libjava.so
ffff25d50000-ffff25d54000 rw-p 00030000 00:25 8789719                    /home/anguscrump/.jdks/jbr-25.0.3/lib/libjava.so
ffff25d60000-ffff25d7c000 r-xp 00000000 00:25 8789723                    /home/anguscrump/.jdks/jbr-25.0.3/lib/libjimage.so
ffff25d7c000-ffff25d8c000 ---p 0001c000 00:25 8789723                    /home/anguscrump/.jdks/jbr-25.0.3/lib/libjimage.so
ffff25d8c000-ffff25d90000 r--p 0001c000 00:25 8789723                    /home/anguscrump/.jdks/jbr-25.0.3/lib/libjimage.so
ffff25d90000-ffff25d94000 rw-p 00020000 00:25 8789723                    /home/anguscrump/.jdks/jbr-25.0.3/lib/libjimage.so
ffff25da0000-ffff25dac000 ---p 00000000 00:00 0 
ffff25dac000-ffff25fa0000 rw-p 00000000 00:00 0 
ffff25fa0000-ffff26050000 r-xp 00000000 00:25 3800671                    /usr/lib64/libm.so.6
ffff26050000-ffff2605c000 ---p 000b0000 00:25 3800671                    /usr/lib64/libm.so.6
ffff2605c000-ffff26060000 r--p 000ac000 00:25 3800671                    /usr/lib64/libm.so.6
ffff26060000-ffff26064000 rw-p 000b0000 00:25 3800671                    /usr/lib64/libm.so.6
ffff26070000-ffff26074000 r-xp 00000000 00:25 3800679                    /usr/lib64/librt.so.1
ffff26074000-ffff2608c000 ---p 00004000 00:25 3800679                    /usr/lib64/librt.so.1
ffff2608c000-ffff26090000 r--p 0000c000 00:25 3800679                    /usr/lib64/librt.so.1
ffff26090000-ffff26094000 rw-p 00000000 00:00 0 
ffff260a0000-ffff27420000 r-xp 00000000 00:25 8789753                    /home/anguscrump/.jdks/jbr-25.0.3/lib/server/libjvm.so
ffff27420000-ffff27430000 ---p 01380000 00:25 8789753                    /home/anguscrump/.jdks/jbr-25.0.3/lib/server/libjvm.so
ffff27430000-ffff27510000 r--p 01380000 00:25 8789753                    /home/anguscrump/.jdks/jbr-25.0.3/lib/server/libjvm.so
ffff27510000-ffff27540000 rw-p 01460000 00:25 8789753                    /home/anguscrump/.jdks/jbr-25.0.3/lib/server/libjvm.so
ffff27540000-ffff275e8000 rw-p 00000000 00:00 0 
ffff275f0000-ffff275f4000 r-xp 00000000 00:25 3800677                    /usr/lib64/libpthread.so.0
ffff275f4000-ffff2760c000 ---p 00004000 00:25 3800677                    /usr/lib64/libpthread.so.0
ffff2760c000-ffff27610000 r--p 0000c000 00:25 3800677                    /usr/lib64/libpthread.so.0
ffff27610000-ffff27614000 rw-p 00000000 00:00 0 
ffff27620000-ffff27624000 r-xp 00000000 00:25 3800670                    /usr/lib64/libdl.so.2
ffff27624000-ffff2763c000 ---p 00004000 00:25 3800670                    /usr/lib64/libdl.so.2
ffff2763c000-ffff27640000 r--p 0000c000 00:25 3800670                    /usr/lib64/libdl.so.2
ffff27640000-ffff27644000 rw-p 00000000 00:00 0 
ffff27650000-ffff27670000 r-xp 00000000 00:25 3098599                    /usr/lib64/libz.so.1.3.1.zlib-ng
ffff27670000-ffff2767c000 ---p 00020000 00:25 3098599                    /usr/lib64/libz.so.1.3.1.zlib-ng
ffff2767c000-ffff27680000 r--p 0001c000 00:25 3098599                    /usr/lib64/libz.so.1.3.1.zlib-ng
ffff27680000-ffff27684000 rw-p 00020000 00:25 3098599                    /usr/lib64/libz.so.1.3.1.zlib-ng
ffff27690000-ffff27838000 r-xp 00000000 00:25 3800669                    /usr/lib64/libc.so.6
ffff27838000-ffff2784c000 ---p 001a8000 00:25 3800669                    /usr/lib64/libc.so.6
ffff2784c000-ffff27850000 r--p 001ac000 00:25 3800669                    /usr/lib64/libc.so.6
ffff27850000-ffff27854000 rw-p 001b0000 00:25 3800669                    /usr/lib64/libc.so.6
ffff27854000-ffff2785c000 rw-p 00000000 00:00 0 
ffff27868000-ffff2786c000 r--p 00000000 00:00 0 
ffff2786c000-ffff27874000 r--s 00000000 00:25 3811701                    /usr/lib64/gconv/gconv-modules.cache
ffff27874000-ffff27888000 rw-p 00000000 00:00 0 
ffff27888000-ffff27890000 ---p 00000000 00:00 0 
ffff27890000-ffff278a0000 r-xp 00000000 00:25 8789724                    /home/anguscrump/.jdks/jbr-25.0.3/lib/libjli.so
ffff278a0000-ffff278ac000 ---p 00010000 00:25 8789724                    /home/anguscrump/.jdks/jbr-25.0.3/lib/libjli.so
ffff278ac000-ffff278b0000 r--p 0000c000 00:25 8789724                    /home/anguscrump/.jdks/jbr-25.0.3/lib/libjli.so
ffff278b0000-ffff278b4000 rw-p 00010000 00:25 8789724                    /home/anguscrump/.jdks/jbr-25.0.3/lib/libjli.so
ffff278b4000-ffff278bc000 rw-s 00000000 00:2b 9871                       /tmp/hsperfdata_anguscrump/362886 (deleted)
ffff278bc000-ffff278c0000 ---p 00000000 00:00 0 
ffff278c0000-ffff278c4000 r--p 00000000 00:00 0 
ffff278c4000-ffff278d4000 r--p 00000000 00:00 0                          [vvar]
ffff278d4000-ffff278d8000 r-xp 00000000 00:00 0                          [vdso]
ffff278d8000-ffff27904000 r-xp 00000000 00:25 3800657                    /usr/lib/ld-linux-aarch64.so.1
ffff27904000-ffff27908000 rw-p 00000000 00:00 0 
ffff27908000-ffff2790c000 ---p 00000000 00:00 0 
ffff2790c000-ffff27914000 rw-p 00000000 00:00 0 
ffff27914000-ffff27918000 r--p 0002c000 00:25 3800657                    /usr/lib/ld-linux-aarch64.so.1
ffff27918000-ffff2791c000 rw-p 00030000 00:25 3800657                    /usr/lib/ld-linux-aarch64.so.1
ffffe24e4000-ffffe2508000 rw-p 00000000 00:00 0                          [stack]
Total number of mappings: 639

JVMTI agents: none


VM Arguments:
jvm_args: -Dfabric.dli.config=/home/anguscrump/Documents/Coding/ribbon-world/.gradle/loom-cache/launch.cfg -Dfabric.dli.env=client -Dfabric.dli.main=net.fabricmc.loader.impl.launch.knot.KnotClient --sun-misc-unsafe-memory-access=allow --enable-native-access=ALL-UNNAMED --sun-misc-unsafe-memory-access=allow --enable-native-access=ALL-UNNAMED -Dfile.encoding=UTF-8 -Duser.country=AU -Duser.language=en -Duser.variant -Dawt.toolkit.name=XToolkit 
java_command: net.fabricmc.devlaunchinjector.Main
java_class_path (initial): /home/anguscrump/Documents/Coding/ribbon-world/build/classes/java/client:/home/anguscrump/Documents/Coding/ribbon-world/build/resources/client:/home/anguscrump/.gradle/caches/modules-2/files-2.1/net.fabricmc/fabric-loader/0.19.2/cc647a5b22dbc49b9a3267cebcee25fc4882b108/fabric-loader-0.19.2.jar:/home/anguscrump/.gradle/caches/modules-2/files-2.1/net.fabricmc.fabric-api/fabric-api/0.149.0+26.1.2/1d3aa9049af831d4d7ed7fbf1b5f0fbb37d7fab4/fabric-api-0.149.0+26.1.2.jar:/home/anguscrump/.gradle/caches/modules-2/files-2.1/org.ow2.asm/asm/9.9/c29635c8a7afa03d74b33c1884df8abb2b3f3dcc/asm-9.9.jar:/home/anguscrump/.gradle/caches/modules-2/files-2.1/org.ow2.asm/asm-analysis/9.9/bf4fa6e66638851c1cd22c2caea0c3ee5d5f437/asm-analysis-9.9.jar:/home/anguscrump/.gradle/caches/modules-2/files-2.1/org.ow2.asm/asm-commons/9.9/db9165a3bf908ded6b08612d583a15d1d0c7bda0/asm-commons-9.9.jar:/home/anguscrump/.gradle/caches/modules-2/files-2.1/org.ow2.asm/asm-tree/9.9/f8de6eead6d24dd0f45bd065bbe112b2cda6ea21/asm-tree-9.9.jar:/home/anguscrump/.gradle/caches/modules-2/files-2.1/org.ow2.asm/asm-util/9.9/42fdfc0508b43807c8078d6e82ecff2ce2112ae8/asm-util-9.9.jar:/home/anguscrump/.gradle/caches/modules-2/files-2.1/net.fabricmc/sponge-mixin/0.17.2+mixin.0.8.7/edf98d1d98229e46e36c61774ae2b54dcd852981/sponge-mixin-0.17.2+mixin.0.8.7.jar:/home/anguscrump/.gradle/caches/modules-2/files-2.1/io.github.llamalad7/mixinextras-fabric/0.5.4/5e167154bcb9942111313a5e186e16cd7265f858/mixinextras-fabric-0.5.4.jar:/home/anguscrump/.gradle/caches/modules-2/files-2.1/net.fabricmc/dev-launch-injector/0.2.1+build.8/da8bef7e6e2f952da707f282bdb46882a0fce5e3/dev-launch-injector-0.2.1+build.8.jar:/home/anguscrump/.gradle/caches/modules-2/files-2.1/net.fabricmc/fabric-log4j-util/1.0.2/ef0b3fb613356feb75a67d54f2fad6f03a006648/fabric-log4j-util-1.0.2.jar:/home/anguscrump/.gradle/caches/modules-2/files-2.1/at.yawk.lz4/lz4-java/1.10.1/f541d7f910fe3d76f38f799c507c48cc81b12ecb/lz4-java-1.10.1.jar:/home/anguscrump/.gradle/caches/modules-2/files-2.1/com.azure/azure-json/1.4.0/fcc1d354dbc3e0300e5276b1bf124d0247799cd8/azure-json-1.4.0.jar:/home/anguscrump/.gradle/caches/modules-2/files-2.1/com.github.oshi/oshi-core/6.9.0/3224870731860cfcd7744581a05b559e94291e7/oshi-core-6.9.0.jar:/home/anguscrump/.gradle/caches/modules-2/files-2.1/com.google.code.gson/gson/2.13.2/48b8230771e573b54ce6e867a9001e75977fe78e/gson-2.13.2.jar:/home/anguscrump/.gradle/caches/modules-2/files-2.1/com.google.guava/failureaccess/1.0.3/aeaffd00d57023a2c947393ed251f0354f0985fc/failureaccess-1.0.3.jar:/home/anguscrump/.gradle/caches/modules-2/files-2.1/com.google.guava/guava/33.5.0-jre/8699de25f2f979108d6c1b804a7ba38cda1116bc/guava-33.5.0-jre.jar:/home/anguscrump/.gradle/caches/modules-2/files-2.1/com.ibm.icu/icu4j/77.1/38693cf0b1d7362a8b726af74dc06026a7c23809/icu4j-77.1.jar:/home/anguscrump/.gradle/caches/modules-2/files-2.1/com.microsoft.azure/msal4j/1.23.1/6c722b514873b24a4e1ce9c22dca36ea3c22bdbe/msal4j-1.23.1.jar:/home/anguscrump/.gradle/caches/modules-2/files-2.1/com.mojang/authlib/7.0.63/54895b4e25e8b9b4cbbbe25f24eccf2b71b1ac2b/authlib-7.0.63.jar:/home/anguscrump/.gradle/caches/modules-2/files-2.1/com.mojang/blocklist/1.0.10/5c685c5ffa94c4cd39496c7184c1d122e515ecef/blocklist-1.0.10.jar:/home/anguscrump/.gradle/caches/modules-2/files-2.1/com.mojang/brigadier/1.3.10/d15b53a14cf20fdcaa98f731af5dda654452c010/brigadier-1.3.10.jar:/home/anguscrump/.gradle/caches/modules-2/files-2.1/com.mojang/datafixerupper/9.0.19/4e91f9712fa1e83231d1501625381b0210a977da/datafixerupper-9.0.19.jar:/home/anguscrump/.gradle/caches/modules-2/files-2.1/com.mojang/jtracy/1.0.37/a3fb649b2e2b2288d2978f0b0bc3d83f62809d1e/jtracy-1.0.37.jar:/home/anguscrump/.gradle/caches/modules-2/files-2.1/com.mojang/jtracy/1.0.37/e1b4395227af41195da9e2ead13c48ee0b7d31cd/jtracy-1.0.37-natives-linux.jar:/home/anguscrump/.gradle/caches/modules-2/files-2.1/com.mojang/logging/1.6.11/fd147240733010c158249d986323f9ef98977fe/logging-1.6.11.jar:/home/anguscrump/.gradle/caches/modules-2/files-2.1/com.mojang/patchy/2.2.10/da05971b07cbb379d002cf7eaec6a2048211fefc/patchy-2.2.10.jar:/home/anguscrump/.gradle/caches/modules-2/files-2.1/com.mojang/text2speech/1.18.11/e853a12cdd6ba4f4836e8f4bf3b37844a13482b6/text2speech-1.18.11.jar:/home/anguscrump/.gradle/caches/modules-2/files-2.1/commons-codec/commons-codec/1.19.0/8c0dbe3ae883fceda9b50a6c76e745e548073388/commons-codec-1.19.0.jar:/home/anguscrump/.gradle/caches/modules-2/files-2.1/commons-io/commons-io/2.20.0/36f3474daec2849c149e877614e7f979b2082cd2/commons-io-2.20.0.jar:/home/anguscrump/.gradle/caches/modules-2/files-2.1/io.netty/netty-buffer/4.2.7.Final/5555ff561643bf2f8430fb57c24403c0efe15994/netty-buffer-4.2.7.Final.jar:/home/anguscrump/.gradle/caches/modules-2/files-2.1/io.netty/netty-codec-base/4.2.7.Final/915e381ebabcf115f1c7ff7032d55c48afb50210/netty-codec-base-4.2.7.Final.jar:/home/anguscrump/.gradle/caches/modules-2/files-2.1/io.netty/netty-codec-compression/4.2.7.Final/572341bc1ca90fd9d6e47f1d2694aab5258566e9/netty-codec-compression-4.2.7.Final.jar:/home/anguscrump/.gradle/caches/modules-2/files-2.1/io.netty/netty-codec-http/4.2.7.Final/b734c108854099c421fd94d92d9f865e4d4da853/netty-codec-http-4.2.7.Final.jar:/home/anguscrump/.gradle/caches/modules-2/files-2.1/io.netty/netty-common/4.2.7.Final/11aa30df26af4fca3239ac1917f303a280f301e1/netty-common-4.2.7.Final.jar:/home/anguscrump/.gradle/caches/modules-2/files-2.1/io.netty/netty-handler/4.2.7.Final/7ad8a1f851e2e6fe93cdd091871fda2b81c03b5b/netty-handler-4.2.7.Final.jar:/home/anguscrump/.gradle/caches/modules-2/files-2.1/io.netty/netty-resolver/4.2.7.Final/5f3e5ef8de03992cd4fb46960dc0085ec1a12a12/netty-resolver-4.2.7.Final.jar:/home/anguscrump/.gradle/caches/modules-2/files-2.1/io.netty/netty-transport-classes-epoll/4.2.7.Final/1075c09f48a78eef9d819fbfd9096b903fdd362a/netty-transport-classes-epoll-4.2.7.Final.jar:/home/anguscrump/.gradle/caches/modules-2/files-2.1/io.netty/netty-transport-classes-kqueue/4.2.7.Final/bdec7c23c75caabd848426d073c09568e8d5f94e/netty-transport-classes-kqueue-4.2.7.Final.jar:/home/anguscrump/.gradle/caches/modules-2/files-2.1/io.netty/netty-transport-native-epoll/4.2.7.Final/98d02251c98c8f07a23ac5ea27657d9e0ef57614/netty-transport-native-epoll-4.2.7.Final-linux-aarch_64.jar:/home/anguscrump/.gradle/caches/modules-2/files-2.1/io.netty/netty-transport-native-epoll/4.2.7.Final/e83998bfc10b5289d9bcbe807c4079ef0eed8e6f/netty-transport-native-epoll-4.2.7.Final-linux-x86_64.jar:/home/anguscrump/.gradle/caches/modules-2/files-2.1/io.netty/netty-transport-native-unix-common/4.2.7.Final/89953f04259ea7502cffb313630dd51e00e60669/netty-transport-native-unix-common-4.2.7.Final.jar:/home/anguscrump/.gradle/caches/modules-2/files-2.1/io.netty/netty-transport/4.2.7.Final/83ea548981d0d8c4a98027cc1a6f9624f902e142/netty-transport-4.2.7.Final.jar:/home/anguscrump/.gradle/caches/modules-2/files-2.1/it.unimi.dsi/fastutil/8.5.18/a6cff377eecc19c2037bf31568a6d7106b50ba1f/fastutil-8.5.18.jar:/home/anguscrump/.gradle/caches/modules-2/files-2.1/net.java.dev.jna/jna-platform/5.17.0/a4934c44d25a9d8c2ddf4203affd20330cb3426f/jna-platform-5.17.0.jar:/home/anguscrump/.gradle/caches/modules-2/files-2.1/net.java.dev.jna/jna/5.17.0/33d12735bef894440780fce64f9758d420c7bae2/jna-5.17.0.jar:/home/anguscrump/.gradle/caches/modules-2/files-2.1/net.sf.jopt-simple/jopt-simple/5.0.4/4fdac2fbe92dfad86aa6e9301736f6b4342a3f5c/jopt-simple-5.0.4.jar:/home/anguscrump/.gradle/caches/modules-2/files-2.1/org.apache.commons/commons-compress/1.28.0/e482f2c7a88dac3c497e96aa420b6a769f59c8d7/commons-compress-1.28.0.jar:/home/anguscrump/.gradle/caches/modules-2/files-2.1/org.apache.commons/commons-lang3/3.19.0/d6524b169a6574cd253760c472d419b47bfd37e6/commons-lang3-3.19.0.jar:/home/anguscrump/.gradle/caches/modules-2/files-2.1/org.apache.logging.log4j/log4j-api/2.25.2/292c1a2b1702f1e1e3adb13e1c57e5bff60335ff/log4j-api-2.25.2.jar:/home/anguscrump/.gradle/caches/modules-2/files-2.1/org.apache.logging.log4j/log4j-core/2.25.2/d4d0ad2e51e03e531f784891fbfff1bae1e13a12/log4j-core-2.25.2.jar:/home/anguscrump/.gradle/caches/modules-2/files-2.1/org.apache.logging.log4j/log4j-slf4j2-impl/2.25.2/5eec0c392661dee8a366baec17e8896900dd978f/log4j-slf4j2-impl-2.25.2.jar:/home/anguscrump/.gradle/caches/modules-2/files-2.1/org.jcraft/jorbis/0.0.17/8872d22b293e8f5d7d56ff92be966e6dc28ebdc6/jorbis-0.0.17.jar:/home/anguscrump/.gradle/caches/modules-2/files-2.1/org.joml/joml/1.10.8/fc0a71dad90a2cf41d82a76156a0e700af8e4f8d/joml-1.10.8.jar:/home/anguscrump/.gradle/caches/modules-2/files-2.1/org.jspecify/jspecify/1.0.0/7425a601c1c7ec76645a78d22b8c6a627edee507/jspecify-1.0.0.jar:/home/anguscrump/.gradle/caches/modules-2/files-2.1/org.lwjgl/lwjgl-freetype/3.4.1/caa75a37e857efc9b0686e434d708d6420c5b6ea/lwjgl-freetype-3.4.1.jar:/home/anguscrump/.gradle/caches/modules-2/files-2.1/org.lwjgl/lwjgl-freetype/3.4.1/8f37d0da3386ff602ec54cd06626881895711041/lwjgl-freetype-3.4.1-natives-linux-arm64.jar:/home/anguscrump/.gradle/caches/modules-2/files-2.1/org.lwjgl/lwjgl-freetype/3.4.1/40a29a29b1549c4cad073ccd682e3776ffb454fa/lwjgl-freetype-3.4.1-natives-linux.jar:/home/anguscrump/.gradle/caches/modules-2/files-2.1/org.lwjgl/lwjgl-glfw/3.4.1/a782b1ddd175c9107bf300fd92920579ea65e2a4/lwjgl-glfw-3.4.1.jar:/home/anguscrump/.gradle/caches/modules-2/files-2.1/org.lwjgl/lwjgl-glfw/3.4.1/e5e87034c47118960746077dba46280e8de864b3/lwjgl-glfw-3.4.1-natives-linux-arm64.jar:/home/anguscrump/.gradle/caches/modules-2/files-2.1/org.lwjgl/lwjgl-glfw/3.4.1/23cdf7655ce9f3b27ad90f08e73345e0d5b46362/lwjgl-glfw-3.4.1-natives-linux.jar:/home/anguscrump/.gradle/caches/modules-2/files-2.1/org.lwjgl/lwjgl-jemalloc/3.4.1/16b663092854fc6adfe0a941e61cae2bb2e437b6/lwjgl-jemalloc-3.4.1.jar:/home/anguscrump/.gradle/caches/modules-2/files-2.1/org.lwjgl/lwjgl-jemalloc/3.4.1/7891964dfb723209c6d02b0401432348fb707cc0/lwjgl-jemalloc-3.4.1-natives-linux-arm64.jar:/home/anguscrump/.gradle/caches/modules-2/files-2.1/org.lwjgl/lwjgl-jemalloc/3.4.1/b83c82d941f2e624d150d6d1e2efcf4ea49ff8ea/lwjgl-jemalloc-3.4.1-natives-linux.jar:/home/anguscrump/.gradle/caches/modules-2/files-2.1/org.lwjgl/lwjgl-openal/3.4.1/8508bd60589de0539aa465b78fcf838efd07ae9a/lwjgl-openal-3.4.1.jar:/home/anguscrump/.gradle/caches/modules-2/files-2.1/org.lwjgl/lwjgl-openal/3.4.1/3729b70cdd42df5571b075e051fa2fc8586dc538/lwjgl-openal-3.4.1-natives-linux-arm64.jar:/home/anguscrump/.gradle/caches/modules-2/files-2.1/org.lwjgl/lwjgl-openal/3.4.1/dbff577119266cd4312e4eb9cc2b171407c56360/lwjgl-openal-3.4.1-natives-linux.jar:/home/anguscrump/.gradle/caches/modules-2/files-2.1/org.lwjgl/lwjgl-opengl/3.4.1/830412cab823c029cda6b9729f9d2ed36cf79959/lwjgl-opengl-3.4.1.jar:/home/anguscrump/.gradle/caches/modules-2/files-2.1/org.lwjgl/lwjgl-opengl/3.4.1/61a4103e56bbaeb74ad3f19ec14299fd6891c4b0/lwjgl-opengl-3.4.1-natives-linux-arm64.jar:/home/anguscrump/.gradle/caches/modules-2/files-2.1/org.lwjgl/lwjgl-opengl/3.4.1/b750599f0e75ddb19f1d0fe993f3011334b710ae/lwjgl-opengl-3.4.1-natives-linux.jar:/home/anguscrump/.gradle/caches/modules-2/files-2.1/org.lwjgl/lwjgl-stb/3.4.1/f077c3dafc31924fbe8acb0b913f08977ba27f8e/lwjgl-stb-3.4.1.jar:/home/anguscrump/.gradle/caches/modules-2/files-2.1/org.lwjgl/lwjgl-stb/3.4.1/3bc107f901f931fea07cb0d80b1d74a34b806a2b/lwjgl-stb-3.4.1-natives-linux-arm64.jar:/home/anguscrump/.gradle/caches/modules-2/files-2.1/org.lwjgl/lwjgl-stb/3.4.1/7e1cfae909da6c68f3cb6073a9bfeb6c90e82a57/lwjgl-stb-3.4.1-natives-linux.jar:/home/anguscrump/.gradle/caches/modules-2/files-2.1/org.lwjgl/lwjgl-tinyfd/3.4.1/562697d40dbd2ed0424bf24dcf65d51170f81adf/lwjgl-tinyfd-3.4.1.jar:/home/anguscrump/.gradle/caches/modules-2/files-2.1/org.lwjgl/lwjgl-tinyfd/3.4.1/20771d2b4e01f5295156912ab62e170508aef618/lwjgl-tinyfd-3.4.1-natives-linux-arm64.jar:/home/anguscrump/.gradle/caches/modules-2/files-2.1/org.lwjgl/lwjgl-tinyfd/3.4.1/fc6a72690afc8defb60d82ad1de64dd8f537154c/lwjgl-tinyfd-3.4.1-natives-linux.jar:/home/anguscrump/.gradle/caches/modules-2/files-2.1/org.lwjgl/lwjgl/3.4.1/6105690714874b995aa7812e4f7732a21109276c/lwjgl-3.4.1.jar:/home/anguscrump/.gradle/caches/modules-2/files-2.1/org.lwjgl/lwjgl/3.4.1/46883f3b622d8b4d7f27b627ca3360cda3db0e0e/lwjgl-3.4.1-natives-linux-arm64.jar:/home/anguscrump/.gradle/caches/modules-2/files-2.1/org.lwjgl/lwjgl/3.4.1/2734e106bd95db49fe0da8cf8bf7fd96475c436c/lwjgl-3.4.1-natives-linux.jar:/home/anguscrump/.gradle/caches/modules-2/files-2.1/org.slf4j/slf4j-api/2.0.17/d9e58ac9c7779ba3bf8142aff6c830617a7fe60f/slf4j-api-2.0.17.jar:/home/anguscrump/Documents/Coding/ribbon-world/.gradle/loom-cache/minecraftMaven/net/minecraft/minecraft-clientOnly-52430b475d/26.1.2/minecraft-clientOnly-52430b475d-26.1.2.jar:/home/anguscrump/Documents/Coding/ribbon-world/.gradle/loom-cache/minecraftMaven/net/minecraft/minecraft-common-52430b475d/26.1.2/minecraft-common-52430b475d-26.1.2.jar:/home/anguscrump/.gradle/caches/modules-2/files-2.1/io.netty/netty-transport-native-kqueue/4.2.7.Final/40868fd4e43bce2798245f790624b58803dc26b6/netty-transport-native-kqueue-4.2.7.Final-osx-x86_64.jar:/home/anguscrump/.gradle/caches/modules-2/files-2.1/io.netty/netty-transport-native-kqueue/4.2.7.Final/e5a0feef41410c8a5ae00c6cb4e0c99bd0aded6a/netty-transport-native-kqueue-4.2.7.Final-osx-aarch_64.jar:/home/anguscrump/.gradle/caches/modules-2/files-2.1/net.fabricmc.fabric-api/fabric-transfer-api-v1/8.0.5+357ea7334c/2aff9d7c8e917d2a69c71aa18e28c915e0040a8e/fabric-transfer-api-v1-8.0.5+357ea7334c.jar:/home/anguscrump/.gradle/caches/modules-2/files-2.1/net.fabricmc.fabric-api/fabric-api-lookup-api-v1/2.0.11+d5a053b64c/dbb4489647b411352b735654440311d7560dc1f4/fabric-api-lookup-api-v1-2.0.11+d5a053b64c.jar:/home/anguscrump/.gradle/caches/modules-2/files-2.1/net.fabricmc.fabric-api/fabric-command-api-v2/3.0.5+e2bdee784c/d2bfa62e2f489900be2210dfb84458dcdecb75b6/fabric-command-api-v2-3.0.5+e2bdee784c.jar:/home/anguscrump/.gradle/caches/modules-2/files-2.1/net.fabricmc.fabric-api/fabric-content-registries-v0/11.1.1+1a3b26974c/8761c4bd7f8feb484746055f6ff22e387cd84e9f/fabric-content-registries-v0-11.1.1+1a3b26974c.jar:/home/anguscrump/.gradle/caches/modules-2/files-2.1/net.fabricmc.fabric-api/fabric-data-generation-api-v1/24.2.0+73b1f9054c/d5dcd98301b93a9b2470d354d150327e264797c5/fabric-data-generation-api-v1-24.2.0+73b1f9054c.jar:/home/anguscrump/.gradle/caches/modules-2/files-2.1/net.fabricmc.fabric-api/fabric-convention-tags-v2/4.6.0+e47fb87c4c/40a40554e3e4d37b5640c0198bc81a1b94735f2c/fabric-convention-tags-v2-4.6.0+e47fb87c4c.jar:/home/anguscrump/.gradle/caches/modules-2/files-2.1/net.fabricmc.fabric-api/fabric-creative-tab-api-v1/5.0.11+d871b99e4c/9e6937cef2aa7955d2ff66c9d2415118c58ec15c/fabric-creative-tab-api-v1-5.0.11+d871b99e4c.jar:/home/anguscrump/.gradle/caches/modules-2/files-2.1/net.fabricmc.fabric-api/fabric-data-attachment-api-v1/2.2.6+d602a8964c/91d2f002a7431a412cef7016c5ca7ee2b3c67718/fabric-data-attachment-api-v1-2.2.6+d602a8964c.jar:/home/anguscrump/.gradle/caches/modules-2/files-2.1/net.fabricmc.fabric-api/fabric-debug-api-v1/1.0.1+c792624d4c/3e65954340d5153face34ee7d2f9b114271bca38/fabric-debug-api-v1-1.0.1+c792624d4c.jar:/home/anguscrump/.gradle/caches/modules-2/files-2.1/net.fabricmc.fabric-api/fabric-dimensions-v1/5.1.5+9cbf5da54c/53c66317546644a3915ec20df2d77f4e3093ffab/fabric-dimensions-v1-5.1.5+9cbf5da54c.jar:/home/anguscrump/.gradle/caches/modules-2/files-2.1/net.fabricmc.fabric-api/fabric-entity-events-v1/5.0.2+e2bdee784c/3f15c7b85c55f03b5d5fa89a48a0eb1dc6461465/fabric-entity-events-v1-5.0.2+e2bdee784c.jar:/home/anguscrump/.gradle/caches/modules-2/files-2.1/net.fabricmc.fabric-api/fabric-events-interaction-v0/5.2.1+a67251b84c/cf25f4932ae4d3df49bf5ad0c69be40f8abda289/fabric-events-interaction-v0-5.2.1+a67251b84c.jar:/home/anguscrump/.gradle/caches/modules-2/files-2.1/net.fabricmc.fabric-api/fabric-game-rule-api-v1/4.0.5+d871b99e4c/8b1189ddbfe446bf9468920526ed668db253da65/fabric-game-rule-api-v1-4.0.5+d871b99e4c.jar:/home/anguscrump/.gradle/caches/modules-2/files-2.1/net.fabricmc.fabric-api/fabric-gametest-api-v1/4.0.15+00a1fba64c/99dddf025652afece2f37a5f857c6ee5f7feedb1/fabric-gametest-api-v1-4.0.15+00a1fba64c.jar:/home/anguscrump/.gradle/caches/modules-2/files-2.1/net.fabricmc.fabric-api/fabric-item-api-v1/14.1.2+73d134684c/cb7fd76b622fbc467cb65f067c212fc256d3809f/fabric-item-api-v1-14.1.2+73d134684c.jar:/home/anguscrump/.gradle/caches/modules-2/files-2.1/net.fabricmc.fabric-api/fabric-recipe-api-v1/9.0.15+be4b75ae4c/c3510ef358ce97ea4fc804cd2f75f30c574ec947/fabric-recipe-api-v1-9.0.15+be4b75ae4c.jar:/home/anguscrump/.gradle/caches/modules-2/files-2.1/net.fabricmc.fabric-api/fabric-model-loading-api-v1/8.0.6+c80601bb4c/733d4b6475fa49b58125b0b1a6a9070cc5faa8c8/fabric-model-loading-api-v1-8.0.6+c80601bb4c.jar:/home/anguscrump/.gradle/caches/modules-2/files-2.1/net.fabricmc.fabric-api/fabric-renderer-indigo/8.1.0+1403e82c4c/2a11c1c6826ec7e4254d1cfa20f2f9b50da0ec7f/fabric-renderer-indigo-8.1.0+1403e82c4c.jar:/home/anguscrump/.gradle/caches/modules-2/files-2.1/net.fabricmc.fabric-api/fabric-renderer-api-v1/13.0.3+c80601bb4c/15b7e69feefe6e4157134633f96c62a80b41f44a/fabric-renderer-api-v1-13.0.3+c80601bb4c.jar:/home/anguscrump/.gradle/caches/modules-2/files-2.1/net.fabricmc.fabric-api/fabric-rendering-v1/23.1.0+1403e82c4c/96b6c53c0f9e4497597a4a06509b143c9e345efe/fabric-rendering-v1-23.1.0+1403e82c4c.jar:/home/anguscrump/.gradle/caches/modules-2/files-2.1/net.fabricmc.fabric-api/fabric-lifecycle-events-v1/4.1.0+6d50a0854c/52281bf82f04922d65a30d3f91975feb00911826/fabric-lifecycle-events-v1-4.1.0+6d50a0854c.jar:/home/anguscrump/.gradle/caches/modules-2/files-2.1/net.fabricmc.fabric-api/fabric-loot-api-v3/3.0.12+00a1fba64c/58ffa00757774d7060115afa05742753ff26c769/fabric-loot-api-v3-3.0.12+00a1fba64c.jar:/home/anguscrump/.gradle/caches/modules-2/files-2.1/net.fabricmc.fabric-api/fabric-menu-api-v1/2.0.13+d871b99e4c/e59c4c081a5dc1afb27c0167d6e1480c670c4d29/fabric-menu-api-v1-2.0.13+d871b99e4c.jar:/home/anguscrump/.gradle/caches/modules-2/files-2.1/net.fabricmc.fabric-api/fabric-message-api-v1/7.0.5+dae8ce3e4c/6211835e1348e8b9b89defb98a616adb483b8284/fabric-message-api-v1-7.0.5+dae8ce3e4c.jar:/home/anguscrump/.gradle/caches/modules-2/files-2.1/net.fabricmc.fabric-api/fabric-particles-v1/5.0.15+b61fef434c/e9659d152cefb7255056f432234a11621ab00945/fabric-particles-v1-5.0.15+b61fef434c.jar:/home/anguscrump/.gradle/caches/modules-2/files-2.1/net.fabricmc.fabric-api/fabric-object-builder-api-v1/23.0.16+b95dd56e4c/64b623486a5962dada51cb3e8a114ee49a6ba9de/fabric-object-builder-api-v1-23.0.16+b95dd56e4c.jar:/home/anguscrump/.gradle/caches/modules-2/files-2.1/net.fabricmc.fabric-api/fabric-registry-sync-v0/7.0.13+b61fef434c/b7cd637ba58adacb2abfd54f5f438211e5c3210d/fabric-registry-sync-v0-7.0.13+b61fef434c.jar:/home/anguscrump/.gradle/caches/modules-2/files-2.1/net.fabricmc.fabric-api/fabric-networking-api-v1/6.3.1+554860db4c/38ac77944d5e0fc623a163cde9b3eca04f791296/fabric-networking-api-v1-6.3.1+554860db4c.jar:/home/anguscrump/.gradle/caches/modules-2/files-2.1/net.fabricmc.fabric-api/fabric-permission-api-v1/1.0.0+f3e738be4c/67222d8951d4e68a26f7e42697ce7fdb3c4e8ce9/fabric-permission-api-v1-1.0.0+f3e738be4c.jar:/home/anguscrump/.gradle/caches/modules-2/files-2.1/net.fabricmc.fabric-api/fabric-rendering-fluids-v1/6.0.1+d871b99e4c/fe53bab501b2a582517f39ede3e1514074e8de7/fabric-rendering-fluids-v1-6.0.1+d871b99e4c.jar:/home/anguscrump/.gradle/caches/modules-2/files-2.1/net.fabricmc.fabric-api/fabric-tag-api-v1/2.1.0+73b1f9054c/5467b88af064043d14a1cbc32ebc65bf86a4898b/fabric-tag-api-v1-2.1.0+73b1f9054c.jar:/home/anguscrump/.gradle/caches/modules-2/files-2.1/net.fabricmc.fabric-api/fabric-resource-loader-v0/3.3.17+4fc5413f4c/c2e496d77853c7fd1f2b3bd00b44e355dc6ba576/fabric-resource-loader-v0-3.3.17+4fc5413f4c.jar:/home/anguscrump/.gradle/caches/modules-2/files-2.1/net.fabricmc.fabric-api/fabric-resource-loader-v1/2.0.10+7c44c7324c/bb44ca7ae64fe82666c2cd99920cdc017b15f368/fabric-resource-loader-v1-2.0.10+7c44c7324c.jar:/home/anguscrump/.gradle/caches/modules-2/files-2.1/net.fabricmc.fabric-api/fabric-screen-api-v1/5.0.1+d871b99e4c/fecba1d91754428c2d1f5f2e4d25685de3a8f71f/fabric-screen-api-v1-5.0.1+d871b99e4c.jar:/home/anguscrump/.gradle/caches/modules-2/files-2.1/net.fabricmc.fabric-api/fabric-api-base/2.0.3+ece063234c/bdf802883d0f9c1034c436367ab2c7e04ce34ca6/fabric-api-base-2.0.3+ece063234c.jar:/home/anguscrump/.gradle/caches/modules-2/files-2.1/net.fabricmc.fabric-api/fabric-biome-api-v1/18.0.4+35c80edc4c/c82be6aa7922f3212e1bac9441b25a7faa21c057/fabric-biome-api-v1-18.0.4+35c80edc4c.jar:/home/anguscrump/.gradle/caches/modules-2/files-2.1/net.fabricmc.fabric-api/fabric-block-api-v1/3.0.2+ec56b6014c/f5f91f5b317b7acd3014677dd909b55ebc4097b2/fabric-block-api-v1-3.0.2+ec56b6014c.jar:/home/anguscrump/.gradle/caches/modules-2/files-2.1/net.fabricmc.fabric-api/fabric-block-getter-api-v2/2.0.6+ec56b6014c/caabc9eb2f3823864682da5a1c5381a035c00d5f/fabric-block-getter-api-v2-2.0.6+ec56b6014c.jar:/home/anguscrump/.gradle/caches/modules-2/files-2.1/net.fabricmc.fabric-api/fabric-client-gametest-api-v1/5.0.16+cef2a4834c/3f63763d1230c87b2c43aa84c88916fce323687a/fabric-client-gametest-api-v1-5.0.16+cef2a4834c.jar:/home/anguscrump/.gradle/caches/modules-2/files-2.1/net.fabricmc.fabric-api/fabric-crash-report-info-v1/1.0.3+9f78a5a84c/8af0277ba9afc03c6882490db447d40d55ebcedb/fabric-crash-report-info-v1-1.0.3+9f78a5a84c.jar:/home/anguscrump/.gradle/caches/modules-2/files-2.1/net.fabricmc.fabric-api/fabric-key-mapping-api-v1/2.0.4+e2bdee784c/b098e3e06b71a0fec9d18843ba9327f038b7cd5/fabric-key-mapping-api-v1-2.0.4+e2bdee784c.jar:/home/anguscrump/.gradle/caches/modules-2/files-2.1/net.fabricmc.fabric-api/fabric-resource-conditions-api-v1/6.0.5+00a1fba64c/a8ca3e526e0825ee71a36a317cf5c33f0cda0e96/fabric-resource-conditions-api-v1-6.0.5+00a1fba64c.jar:/home/anguscrump/.gradle/caches/modules-2/files-2.1/net.fabricmc.fabric-api/fabric-serialization-api-v1/2.0.3+11a26f314c/55fc25d96a2a848b93a02f48220dff0181ec3056/fabric-serialization-api-v1-2.0.3+11a26f314c.jar:/home/anguscrump/.gradle/caches/modules-2/files-2.1/net.fabricmc.fabric-api/fabric-sound-api-v1/2.0.4+11a26f314c/b63ce87810bc5aa495cb39be7efd2b07e6772822/fabric-sound-api-v1-2.0.4+11a26f314c.jar:/home/anguscrump/.gradle/caches/modules-2/files-2.1/net.fabricmc.fabric-api/fabric-transitive-access-wideners-v1/8.1.0+acd9108d4c/d03c3735d4057a1d574c6e8d51fec7d21ab63b5c/fabric-transitive-access-wideners-v1-8.1.0+acd9108d4c.jar:/home/anguscrump/Documents/Coding/ribbon-world/build/classes/java/main:/home/anguscrump/Documents/Coding/ribbon-world/build/resources/main
Launcher Type: SUN_STANDARD

[Global flags]
     intx CICompilerCount                          = 4                                         {product} {ergonomic}
     uint ConcGCThreads                            = 2                                         {product} {ergonomic}
     uint G1ConcRefinementThreads                  = 9                                         {product} {ergonomic}
   size_t G1HeapRegionSize                         = 2097152                                   {product} {ergonomic}
   size_t InitialHeapSize                          = 260046848                                 {product} {ergonomic}
   size_t MarkStackSize                            = 4194304                                   {product} {ergonomic}
   size_t MarkStackSizeMax                         = 536870912                                 {product} {ergonomic}
   size_t MaxHeapSize                              = 4034920448                                {product} {ergonomic}
   size_t MaxNewSize                               = 2420113408                                {product} {ergonomic}
   size_t MinHeapDeltaBytes                        = 2097152                                   {product} {ergonomic}
   size_t MinHeapSize                              = 8388608                                   {product} {ergonomic}
    uintx NonNMethodCodeHeapSize                   = 5849088                                {pd product} {ergonomic}
    uintx NonProfiledCodeHeapSize                  = 122912768                              {pd product} {ergonomic}
    uintx ProfiledCodeHeapSize                     = 122912768                              {pd product} {ergonomic}
    uintx ReservedCodeCacheSize                    = 251674624                              {pd product} {ergonomic}
     bool SegmentedCodeCache                       = true                                      {product} {ergonomic}
   size_t SoftMaxHeapSize                          = 4034920448                             {manageable} {ergonomic}
     bool UseCompressedOops                        = true                           {product lp64_product} {ergonomic}
     bool UseG1GC                                  = true                                      {product} {ergonomic}

Logging:
Log output configuration:
 #0: 
[error occurred during error reporting (printing log configuration), id 0xb, SIGSEGV (0xb) at pc=0x0000ffff26bb05b8]
Release file:
JAVA_VERSION="25.0.3"
MODULES="java.base java.compiler java.datatransfer java.xml java.prefs java.desktop java.instrument java.logging java.management java.security.sasl java.naming java.rmi java.management.rmi java.net.http java.scripting java.security.jgss java.transaction.xa java.sql java.sql.rowset java.xml.crypto java.se java.smartcardio jdk.accessibility jdk.internal.jvmstat jdk.attach jdk.charsets jdk.internal.opt jdk.zipfs jdk.compiler jdk.crypto.cryptoki jdk.crypto.ec jdk.dynalink jdk.internal.ed jdk.editpad jdk.internal.vm.ci jdk.graal.compiler jdk.graal.compiler.management jdk.hotspot.agent jdk.httpserver jdk.incubator.vector jdk.internal.le jdk.internal.md jdk.jartool jdk.javadoc jdk.jcmd jdk.management jdk.management.agent jdk.jconsole jdk.jdeps jdk.jdwp.agent jdk.jdi jdk.jfr jdk.jlink jdk.jpackage jdk.jshell jdk.jsobject jdk.jstatd jdk.localedata jdk.management.jfr jdk.naming.dns jdk.naming.rmi jdk.net jdk.nio.mapmode jdk.sctp jdk.security.auth jdk.security.jgss jdk.unsupported jdk.unsupported.desktop jdk.xml.dom"
IMPLEMENTOR="JetBrains s.r.o."
IMPLEMENTOR_VERSION="JBRSDK-25.0.3+9-480.61-nomod"
JAVA_RUNTIME_VERSION="25.0.3+9-b480.61"
LIBC="gnu"
OS_ARCH="aarch64"
OS_NAME="Linux"
SOURCE=".:git:52b04970adc8+"

Environment Variables:
PATH=/home/anguscrump/.local/bin:/home/anguscrump/bin:/usr/local/sbin:/usr/local/bin:/usr/sbin:/usr/bin:/sbin:/bin:/var/lib/snapd/snap/bin:/home/anguscrump/.cargo/bin
XDG_CACHE_HOME=/home/anguscrump/.cache
XDG_CONFIG_HOME=/home/anguscrump/.config
SHELL=/bin/bash
DISPLAY=:0
WAYLAND_DISPLAY=wayland-1
LANG=en_AU.UTF-8

Active Locale:
LC_ALL=en_AU.UTF-8
LC_COLLATE=en_AU.UTF-8
LC_CTYPE=en_AU.UTF-8
LC_MESSAGES=en_AU.UTF-8
LC_MONETARY=en_AU.UTF-8
LC_NUMERIC=en_AU.UTF-8
LC_TIME=en_AU.UTF-8

Signal Handlers:
   SIGSEGV: crash_handler in libjvm.so, mask=11100100010111111101111111111110, flags=SA_RESTART|SA_SIGINFO, unblocked
    SIGBUS: crash_handler in libjvm.so, mask=11100100010111111101111111111110, flags=SA_RESTART|SA_SIGINFO, unblocked
    SIGFPE: crash_handler in libjvm.so, mask=11100100010111111101111111111110, flags=SA_RESTART|SA_SIGINFO, unblocked
   SIGPIPE: javaSignalHandler in libjvm.so, mask=11100100010111111101111111111110, flags=SA_RESTART|SA_SIGINFO, blocked
   SIGXFSZ: javaSignalHandler in libjvm.so, mask=11100100010111111101111111111110, flags=SA_RESTART|SA_SIGINFO, blocked
    SIGILL: crash_handler in libjvm.so, mask=11100100010111111101111111111110, flags=SA_RESTART|SA_SIGINFO, unblocked
   SIGUSR2: SR_handler in libjvm.so, mask=00000000000000000000000000000000, flags=SA_RESTART|SA_SIGINFO, blocked
    SIGHUP: UserHandler in libjvm.so, mask=11100100010111111101111111111110, flags=SA_RESTART|SA_SIGINFO, blocked
    SIGINT: UserHandler in libjvm.so, mask=11100100010111111101111111111110, flags=SA_RESTART|SA_SIGINFO, blocked
   SIGTERM: UserHandler in libjvm.so, mask=11100100010111111101111111111110, flags=SA_RESTART|SA_SIGINFO, blocked
   SIGQUIT: UserHandler in libjvm.so, mask=11100100010111111101111111111110, flags=SA_RESTART|SA_SIGINFO, blocked
   SIGTRAP: crash_handler in libjvm.so, mask=11100100010111111101111111111110, flags=SA_RESTART|SA_SIGINFO, unblocked


Compilation memory statistics disabled.

Periodic native trim disabled

JNI global refs:
JNI global refs: 63, weak refs: 45

JNI global refs memory usage: 1491, weak refs: 857

Process memory usage:
Resident Set Size: 1469728K (9% of 15755056K total physical memory with 5346016K free physical memory)

OOME stack traces (most recent first):
Classloader memory used:
Loader net.fabricmc.loader.impl.launch.knot.KnotClassLoader                            : 120 M
Loader bootstrap                                                                       : 12424 K
Loader jdk.internal.loader.ClassLoaders$AppClassLoader                                 : 6983 K
Loader jdk.internal.loader.ClassLoaders$PlatformClassLoader                            : 499 K

---------------  S Y S T E M  ---------------

OS:
Fedora Asahi Remix release 44 (Forty Four)
uname: Linux 7.0.8-fairydust+ #1 SMP PREEMPT_DYNAMIC Sun May 17 15:02:15 AEST 2026 aarch64
OS uptime: 0 days 7:26 hours
libc: glibc 2.43 NPTL 2.43 
rlimit (soft/hard): STACK 8192k/infinity , CORE infinity/infinity , NPROC 31098/31098 , NOFILE 524288/524288 , AS infinity/infinity , CPU infinity/infinity , DATA infinity/infinity , FSIZE infinity/infinity , MEMLOCK 8192k/8192k
load average: 3.09 1.62 1.27

/proc/meminfo:
MemTotal:       15755056 kB
MemFree:         1384528 kB
MemAvailable:    5346192 kB
Buffers:             480 kB
Cached:          5919856 kB
SwapCached:       779360 kB
Active:          7999024 kB
Inactive:        3997392 kB
Active(anon):    6846656 kB
Inactive(anon):   347952 kB
Active(file):    1152368 kB
Inactive(file):  3649440 kB
Unevictable:      915872 kB
Mlocked:             688 kB
SwapTotal:      33554336 kB
SwapFree:       31179616 kB
Zswap:            296160 kB
Zswapped:        1059392 kB
Dirty:             18160 kB
Writeback:             0 kB
AnonPages:       6696448 kB
Mapped:           777248 kB
Shmem:           1119552 kB
KReclaimable:     303184 kB
Slab:             688432 kB
SReclaimable:     303184 kB
SUnreclaim:       385248 kB
KernelStack:       56000 kB
PageTables:        80464 kB
SecPageTables:      1744 kB
NFS_Unstable:          0 kB
Bounce:                0 kB
WritebackTmp:          0 kB
CommitLimit:    41431856 kB
Committed_AS:   35755424 kB
VmallocTotal:   136898928640 kB
VmallocUsed:      105072 kB
VmallocChunk:          0 kB
Percpu:             7200 kB
HardwareCorrupted:     0 kB
AnonHugePages:     98304 kB
ShmemHugePages:        0 kB
ShmemPmdMapped:        0 kB
FileHugePages:         0 kB
FilePmdMapped:         0 kB
CmaTotal:          65536 kB
CmaFree:           28640 kB
Balloon:               0 kB
HugePages_Total:       0
HugePages_Free:        0
HugePages_Rsvd:        0
HugePages_Surp:        0
Hugepagesize:      32768 kB
Hugetlb:               0 kB

/sys/kernel/mm/transparent_hugepage/enabled: always [madvise] never
/sys/kernel/mm/transparent_hugepage/hpage_pmd_size: 33554432
/sys/kernel/mm/transparent_hugepage/shmem_enabled: always within_size advise [never] deny force
/sys/kernel/mm/transparent_hugepage/defrag (defrag/compaction efforts parameter): always defer defer+madvise [madvise] never

Process Memory:
Virtual Size: 11180080K (peak: 11901584K)
Resident Set Size: 1471456K (peak: 1573136K) (anon: 1398848K, file: 69056K, shmem: 3552K)
Swapped out: 0K
C-Heap outstanding allocations: 130743K, retained: 269736K
glibc malloc tunables: (default)

/proc/sys/kernel/threads-max (system-wide limit on the number of threads): 62196
/proc/sys/vm/max_map_count (maximum number of memory map areas a process may have): 1048576
/proc/sys/vm/swappiness (control to define how aggressively the kernel swaps out anonymous memory): 60
/proc/sys/kernel/pid_max (system-wide limit on number of process identifiers): 4194304

container information not found.
Steal ticks since vm start: 0
Steal ticks percentage since vm start:  0.000

CPU: total 10 (initial active 10) 0x61:0x2:0x025:0(0x024), fp, asimd, evtstrm, aes, pmull, sha1, sha256, crc32, lse, fphp, asimdhp, dcpop, sha3, sha512, paca
/proc/cpuinfo:
processor	: 0
BogoMIPS	: 48.00
Features	: fp asimd evtstrm aes pmull sha1 sha2 crc32 atomics fphp asimdhp cpuid asimdrdm jscvt fcma lrcpc dcpop sha3 asimddp sha512 asimdfhm dit uscat ilrcpc flagm ssbs sb paca pacg dcpodp flagm2 frint
CPU implementer	: 0x61
CPU architecture: 8
CPU variant	: 0x2
CPU part	: 0x024
CPU revision	: 0

processor	: 1
BogoMIPS	: 48.00
Features	: fp asimd evtstrm aes pmull sha1 sha2 crc32 atomics fphp asimdhp cpuid asimdrdm jscvt fcma lrcpc dcpop sha3 asimddp sha512 asimdfhm dit uscat ilrcpc flagm ssbs sb paca pacg dcpodp flagm2 frint
CPU implementer	: 0x61
CPU architecture: 8
CPU variant	: 0x2
CPU part	: 0x024
CPU revision	: 0

processor	: 2
BogoMIPS	: 48.00
Features	: fp asimd evtstrm aes pmull sha1 sha2 crc32 atomics fphp asimdhp cpuid asimdrdm jscvt fcma lrcpc dcpop sha3 asimddp sha512 asimdfhm dit uscat ilrcpc flagm ssbs sb paca pacg dcpodp flagm2 frint
CPU implementer	: 0x61
CPU architecture: 8
CPU variant	: 0x2
CPU part	: 0x025
CPU revision	: 0

processor	: 3
BogoMIPS	: 48.00
Features	: fp asimd evtstrm aes pmull sha1 sha2 crc32 atomics fphp asimdhp cpuid asimdrdm jscvt fcma lrcpc dcpop sha3 asimddp sha512 asimdfhm dit uscat ilrcpc flagm ssbs sb paca pacg dcpodp flagm2 frint
CPU implementer	: 0x61
CPU architecture: 8
CPU variant	: 0x2
CPU part	: 0x025
CPU revision	: 0

processor	: 4
BogoMIPS	: 48.00
Features	: fp asimd evtstrm aes pmull sha1 sha2 crc32 atomics fphp asimdhp cpuid asimdrdm jscvt fcma lrcpc dcpop sha3 asimddp sha512 asimdfhm dit uscat ilrcpc flagm ssbs sb paca pacg dcpodp flagm2 frint
CPU implementer	: 0x61
CPU architecture: 8
CPU variant	: 0x2
CPU part	: 0x025
CPU revision	: 0

processor	: 5
BogoMIPS	: 48.00
Features	: fp asimd evtstrm aes pmull sha1 sha2 crc32 atomics fphp asimdhp cpuid asimdrdm jscvt fcma lrcpc dcpop sha3 asimddp sha512 asimdfhm dit uscat ilrcpc flagm ssbs sb paca pacg dcpodp flagm2 frint
CPU implementer	: 0x61
CPU architecture: 8
CPU variant	: 0x2
CPU part	: 0x025
CPU revision	: 0

processor	: 6
BogoMIPS	: 48.00
Features	: fp asimd evtstrm aes pmull sha1 sha2 crc32 atomics fphp asimdhp cpuid asimdrdm jscvt fcma lrcpc dcpop sha3 asimddp sha512 asimdfhm dit uscat ilrcpc flagm ssbs sb paca pacg dcpodp flagm2 frint
CPU implementer	: 0x61
CPU architecture: 8
CPU variant	: 0x2
CPU part	: 0x025
CPU revision	: 0

processor	: 7
BogoMIPS	: 48.00
Features	: fp asimd evtstrm aes pmull sha1 sha2 crc32 atomics fphp asimdhp cpuid asimdrdm jscvt fcma lrcpc dcpop sha3 asimddp sha512 asimdfhm dit uscat ilrcpc flagm ssbs sb paca pacg dcpodp flagm2 frint
CPU implementer	: 0x61
CPU architecture: 8
CPU variant	: 0x2
CPU part	: 0x025
CPU revision	: 0

processor	: 8
BogoMIPS	: 48.00
Features	: fp asimd evtstrm aes pmull sha1 sha2 crc32 atomics fphp asimdhp cpuid asimdrdm jscvt fcma lrcpc dcpop sha3 asimddp sha512 asimdfhm dit uscat ilrcpc flagm ssbs sb paca pacg dcpodp flagm2 frint
CPU implementer	: 0x61
CPU architecture: 8
CPU variant	: 0x2
CPU part	: 0x025
CPU revision	: 0

processor	: 9
BogoMIPS	: 48.00
Features	: fp asimd evtstrm aes pmull sha1 sha2 crc32 atomics fphp asimdhp cpuid asimdrdm jscvt fcma lrcpc dcpop sha3 asimddp sha512 asimdfhm dit uscat ilrcpc flagm ssbs sb paca pacg dcpodp flagm2 frint
CPU implementer	: 0x61
CPU architecture: 8
CPU variant	: 0x2
CPU part	: 0x025
CPU revision	: 0


Online cpus: 0-9
Offline cpus: 

Memory: 16k page, physical 15755056k(5346192k free), swap 33554336k(31179616k free)
Page Sizes: 16k

vm_info: OpenJDK 64-Bit Server VM (25.0.3+9-b480.61) for linux-aarch64 JRE (25.0.3+9-b480.61), built on 2026-05-12 with gcc 10.3.1 20210422 (Red Hat 10.3.1-1.2.0.1)

END.
