#
# A fatal error has been detected by the Java Runtime Environment:
#
#  SIGSEGV (0xb) at pc=0x0000fffe189ec670, pid=45901, tid=45921
#
# JRE version: OpenJDK Runtime Environment JBR-25.0.3+9-480.61-nomod (25.0.3+9) (build 25.0.3+9-b480.61)
# Java VM: OpenJDK 64-Bit Server VM JBR-25.0.3+9-480.61-nomod (25.0.3+9-b480.61, mixed mode, sharing, tiered, compressed oops, compressed class ptrs, g1 gc, linux-aarch64)
# Problematic frame:
# C  [libopenal.so+0x9c670]
#
# Core dump will be written. Default location: Determined by the following: "/usr/lib/systemd/systemd-coredump %P %u %g %s %t %c %h %d %F" (alternatively, falling back to /home/anguscrump/Documents/Coding/ribbon-world/run/core.45901)
#
# If you would like to submit a bug report, please visit:
#   https://youtrack.jetbrains.com/issues/JBR
#

---------------  S U M M A R Y ------------

Command Line: -Dfabric.dli.config=/home/anguscrump/Documents/Coding/ribbon-world/.gradle/loom-cache/launch.cfg -Dfabric.dli.env=client -Dfabric.dli.main=net.fabricmc.loader.impl.launch.knot.KnotClient --sun-misc-unsafe-memory-access=allow --enable-native-access=ALL-UNNAMED --sun-misc-unsafe-memory-access=allow --enable-native-access=ALL-UNNAMED -Dfile.encoding=UTF-8 -Duser.country=AU -Duser.language=en -Duser.variant -Dawt.toolkit.name=XToolkit net.fabricmc.devlaunchinjector.Main

Host: AArch64, 10 cores, 15G, Fedora Asahi Remix release 44 (Forty Four)
Time: Wed May 20 10:45:12 2026 AEST elapsed time: 122.373831 seconds (0d 0h 2m 2s)

---------------  T H R E A D  ---------------

Current thread (0x0000fffed420da90):  VMThread "VM Thread"          [id=45921, stack(0x0000fffed8894000,0x0000fffed8a94000) (2048K)]

Stack: [0x0000fffed8894000,0x0000fffed8a94000],  sp=0x0000fffed8a921b0,  free space=2040k
Native frames: (J=compiled Java code, j=interpreted, Vv=VM code, C=native code)
C  [libopenal.so+0x9c670]
C  [libc.so.6+0x3eb2c]  __run_exit_handlers+0x1ac
C  [libc.so.6+0x3ec20]  internal_addseverity+0x0
V  [libjvm.so+0xc7c05c]
V  [libjvm.so+0x88dad0]  vm_exit(int)+0x0
V  [libjvm.so+0xf8e1c4]  VM_Operation::evaluate()+0xf4
V  [libjvm.so+0xf91550]  VMThread::evaluate_operation(VM_Operation*)+0xb0
V  [libjvm.so+0xf92138]  VMThread::inner_execute(VM_Operation*)+0x2d8
V  [libjvm.so+0xf92450]  VMThread::run()+0xac
V  [libjvm.so+0xef92b8]  Thread::call_run()+0xa8
V  [libjvm.so+0xc71af4]  thread_native_entry(Thread*)+0xe0
C  [libc.so.6+0x8f81c]  start_thread+0x3bc

siginfo: si_signo: 11 (SIGSEGV), si_code: 1 (SEGV_MAPERR), si_addr: 0x0000000000000000

Registers:
R0=0x0000fffe18b04c38
R1=0x0000000000000000
R2=0x0000000000000000
R3=0x0000000000000000
R4=0x0000fffdf4000030
R5=0x00000000424104fc
R6=0x0000000000000400
R7=0x0000fffe9c000980
R8=0x0000fffdf40020f0
R9=0x1858a5aef0bcb0c2
R10=0x0000000000000054
R11=0x0000fffedd9366e8
R12=0x0000000000000030
R13=0x0000fffed8a93880
R14=0x0000000000000000
R15=0x0000fffe9c0b9880
R16=0x0000000000000001
R17=0x0000fffedd811b40
R18=0x0000000000000af1
R19=0x0000fffdf40020f0
R20=0x0000fffdf40021a0
R21=0x0000fffe18b04be8
R22=0x0000fffdf40020d0
R23=0x0000fffe18b04b58
R24=0x0000fffe18b04c68
R25=0x0000fffed6ae2e80
R26=0x0000000000000b2b
R27=0x0000fffe189ec5a4
R28=0x0000fffe18b04be8
R29=0x0000fffed8a921b0
R30=0x0000fffe189ec660


Register to memory mapping:

R0 =0x0000fffe18b04c38: <offset 0x00000000001b4c38> in /tmp/lwjgl_anguscrump/3.4.1-snapshot/arm64/libopenal.so at 0x0000fffe18950000
R1 =0x0 is null
R2 =0x0 is null
R3 =0x0 is null
R4 =0x0000fffdf4000030 points into unknown readable memory: 0x0000000200000000 | 00 00 00 00 02 00 00 00
R5 =0x00000000424104fc is an unknown value
R6 =0x0000000000000400 is an unknown value
R7 =0x0000fffe9c000980 points into unknown readable memory: 0x0000000200000002 | 02 00 00 00 02 00 00 00
R8 =0x0000fffdf40020f0 points into unknown readable memory: 0x0000000000000000 | 00 00 00 00 00 00 00 00
R9 =0x1858a5aef0bcb0c2 is an unknown value
R10=0x0000000000000054 is an unknown value
R11=0x0000fffedd9366e8: <offset 0x00000000001c66e8> in /lib64/libc.so.6 at 0x0000fffedd770000
R12=0x0000000000000030 is an unknown value
R13=0x0000fffed8a93880 points into unknown readable memory: 0x0000fffea4002e10 | 10 2e 00 a4 fe ff 00 00
R14=0x0 is null
R15=0x0000fffe9c0b9880 points into unknown readable memory: 0x0000000000000040 | 40 00 00 00 00 00 00 00
R16=0x0000000000000001 is an unknown value
R17=0x0000fffedd811b40: __libc_free+0x0000000000000000 in /lib64/libc.so.6 at 0x0000fffedd770000
R18=0x0000000000000af1 is an unknown value
R19=0x0000fffdf40020f0 points into unknown readable memory: 0x0000000000000000 | 00 00 00 00 00 00 00 00
R20=0x0000fffdf40021a0 points into unknown readable memory: 0x0000fffdf40000c8 | c8 00 00 f4 fd ff 00 00
R21=0x0000fffe18b04be8: <offset 0x00000000001b4be8> in /tmp/lwjgl_anguscrump/3.4.1-snapshot/arm64/libopenal.so at 0x0000fffe18950000
R22=0x0000fffdf40020d0 points into unknown readable memory: 0x0000fffdf4001ee0 | e0 1e 00 f4 fd ff 00 00
R23=0x0000fffe18b04b58: <offset 0x00000000001b4b58> in /tmp/lwjgl_anguscrump/3.4.1-snapshot/arm64/libopenal.so at 0x0000fffe18950000
R24=0x0000fffe18b04c68: <offset 0x00000000001b4c68> in /tmp/lwjgl_anguscrump/3.4.1-snapshot/arm64/libopenal.so at 0x0000fffe18950000
R25=0x0000fffed6ae2e80 points into unknown readable memory: 0x0000fffed6abaee0 | e0 ae ab d6 fe ff 00 00
R26=0x0000000000000b2b is an unknown value
R27=0x0000fffe189ec5a4: <offset 0x000000000009c5a4> in /tmp/lwjgl_anguscrump/3.4.1-snapshot/arm64/libopenal.so at 0x0000fffe18950000
R28=0x0000fffe18b04be8: <offset 0x00000000001b4be8> in /tmp/lwjgl_anguscrump/3.4.1-snapshot/arm64/libopenal.so at 0x0000fffe18950000
R29=0x0000fffed8a921b0 points into unknown readable memory: 0x0000fffed8a921f0 | f0 21 a9 d8 fe ff 00 00
R30=0x0000fffe189ec660: <offset 0x000000000009c660> in /tmp/lwjgl_anguscrump/3.4.1-snapshot/arm64/libopenal.so at 0x0000fffe18950000

Top of Stack: (sp=0x0000fffed8a921b0)
0x0000fffed8a921b0:   0000fffed8a921f0 0000fffedd7aeb2c   .!......,.z.....
0x0000fffed8a921c0:   0000fffedd931000 0000fffedd932210   ........."......
0x0000fffed8a921d0:   0000fffedd9f3c78 0000000000000000   x<..............
0x0000fffed8a921e0:   0000fffedd930658 0000fffedd932000   X........ ......
0x0000fffed8a921f0:   0000fffed8a92260 0075fffedd7aec20   `"...... .z...u.
0x0000fffed8a92200:   0000000000000000 0000fffedc07b938   ........8.......
0x0000fffed8a92210:   0000fffedc07b938 0000fffea40023c0   8........#......
0x0000fffed8a92220:   0000fffea40023d8 0000fffea40027b0   .#.......'......
0x0000fffed8a92230:   00000000000003d8 0000fffedd6bfc18   ..........k.....
0x0000fffed8a92240:   00000000000003d8 0000fffedd6bfc18   ..........k.....
0x0000fffed8a92250:   0000fffed420e060 0000fffe00000001   `. .............
0x0000fffed8a92260:   0000fffed8a92270 0078fffedcdfc05c   p"......\.....x.
0x0000fffed8a92270:   0000fffed8a92280 0000fffedca0dad0   ."..............
0x0000fffed8a92280:   0000fffed8a922a0 0000fffedd10e1c4   ."..............
0x0000fffed8a92290:   0000fffed420e060 0000fffedc741e60   `. .....`.t.....
0x0000fffed8a922a0:   0000fffed8a923b0 0000fffedd111550   .#......P.......
0x0000fffed8a922b0:   0000fffed420e060 0000fffedd5ed000   `. .......^.....
0x0000fffed8a922c0:   0000fffedc07b938 0000fffed8a93880   8........8......
0x0000fffed8a922d0:   0000fffea40023c0 0000fffed420da90   .#........ .....
0x0000fffed8a922e0:   0000fffea40023d8 0000fffea40027b0   .#.......'......
0x0000fffed8a922f0:   00000000000003d8 0000fffedd5e7000   .........p^.....
0x0000fffed8a92300:   ffffff0f00000000 0000000000000000   ................
0x0000fffed8a92310:   0000000000000011 0000000000000000   ................
0x0000fffed8a92320:   3fc9ba5e353f7cee 0000000000000000   .|?5^..?........
0x0000fffed8a92330:   0000fffed8a92350 0000fffedce9f3f8   P#..............
0x0000fffed8a92340:   0000fffed8a92380 0000000000000000   .#..............
0x0000fffed8a92350:   0000fffed8a92360 0002fffedd838b04   `#..............
0x0000fffed8a92360:   0000fffed8a92370 0043fffedcdfcd64   p#......d.....C.
0x0000fffed8a92370:   0000fffed8a92390 0000fffedd0894c0   .#..............
0x0000fffed8a92380:   000000000000168b 000000002851528c   .........RQ(....
0x0000fffed8a92390:   0000fffed8a923b0 0000fffedd11152c   .#......,.......
0x0000fffed8a923a0:   0000fffed420e060 b1f4a527d8ae8600   `. .........'...

Instructions: (pc=0x0000fffe189ec670)
  0x0000fffe189ec570:   80 08 00 90 00 e0 44 f9 e2 27 40 f9 01 00 40 f9
  0x0000fffe189ec580:   42 00 01 eb 01 00 80 d2 61 00 00 54 fd 7b c5 a8
  0x0000fffe189ec590:   c0 03 5f d6 df d8 fd 97 fa d8 fd 97 0d db fd 97
  0x0000fffe189ec5a0:   f4 ff ff 17 fd 7b bc a9 fd 03 00 91 f5 5b 02 a9
  0x0000fffe189ec5b0:   f5 03 00 aa 00 00 40 f9 f3 53 01 a9 f7 63 03 a9
  0x0000fffe189ec5c0:   80 00 00 b4 c1 08 00 90 21 bc 45 f9 20 00 3f d6
  0x0000fffe189ec5d0:   a0 62 43 39 80 09 00 35 b3 42 40 f9 b8 02 02 91
  0x0000fffe189ec5e0:   16 07 40 f9 7f 02 16 eb 20 03 00 54 d7 08 00 90
  0x0000fffe189ec5f0:   f7 62 2d 91 1f 20 03 d5 74 02 40 f9 14 02 00 b4
  0x0000fffe189ec600:   e0 03 14 aa 82 0e 40 f9 01 0c 41 f8 03 10 40 f9
  0x0000fffe189ec610:   41 00 00 f9 22 04 00 f9 43 00 00 b4 60 00 3f d6
  0x0000fffe189ec620:   80 06 40 f9 60 00 00 b4 e1 16 40 f9 20 00 3f d6
  0x0000fffe189ec630:   e0 03 14 aa 01 08 80 d2 ca d9 fd 97 73 22 00 91
  0x0000fffe189ec640:   df 02 13 eb a1 fd ff 54 b6 42 40 f9 b6 00 00 b4
  0x0000fffe189ec650:   01 0b 40 f9 e0 03 16 aa 21 00 16 cb c1 d9 fd 97
  0x0000fffe189ec660:   e0 03 15 aa a2 2e 40 f9 01 0c 45 f8 03 10 40 f9
=>0x0000fffe189ec670:   41 00 00 f9 22 04 00 f9 43 00 00 b4 60 00 3f d6
  0x0000fffe189ec680:   e0 03 15 aa a2 16 40 f9 01 0c 42 f8 03 10 40 f9
  0x0000fffe189ec690:   41 00 00 f9 22 04 00 f9 43 00 00 b4 60 00 3f d6
  0x0000fffe189ec6a0:   a0 0e 40 f9 80 00 00 b4 c1 08 00 90 21 c0 45 f9
  0x0000fffe189ec6b0:   20 00 3f d6 a0 0a 40 f9 80 00 00 b4 c1 08 00 90
  0x0000fffe189ec6c0:   21 c4 45 f9 20 00 3f d6 a0 06 40 f9 80 00 00 b4
  0x0000fffe189ec6d0:   c1 08 00 90 21 c8 45 f9 20 00 3f d6 a0 02 40 f9
  0x0000fffe189ec6e0:   80 00 00 b4 c1 08 00 90 21 cc 45 f9 20 00 3f d6
  0x0000fffe189ec6f0:   f3 53 41 a9 f5 5b 42 a9 f7 63 43 a9 fd 7b c4 a8
  0x0000fffe189ec700:   c0 03 5f d6 e0 03 15 aa bf 62 03 39 a2 5a 40 f9
  0x0000fffe189ec710:   01 8c 4a f8 03 10 40 f9 41 00 00 f9 22 04 00 f9
  0x0000fffe189ec720:   43 00 00 b4 60 00 3f d6 a0 52 40 f9 60 f5 ff b4
  0x0000fffe189ec730:   c1 08 00 90 21 c0 45 f9 20 00 3f d6 a7 ff ff 17
  0x0000fffe189ec740:   fd 7b bd a9 fd 03 00 91 f3 53 01 a9 53 00 01 cb
  0x0000fffe189ec750:   f4 03 00 aa f5 13 00 f9 f5 03 01 aa 7f 3e 00 f1
  0x0000fffe189ec760:   08 03 00 54 00 00 40 f9 7f 06 00 f1 41 01 00 54


Stack slot to memory mapping:

stack at sp + 0 slots: 0x0000fffed8a921f0 points into unknown readable memory: 0x0000fffed8a92260 | 60 22 a9 d8 fe ff 00 00
stack at sp + 1 slots: 0x0000fffedd7aeb2c: <offset 0x000000000003eb2c> in /lib64/libc.so.6 at 0x0000fffedd770000
stack at sp + 2 slots: 0x0000fffedd931000: <offset 0x00000000001c1000> in /lib64/libc.so.6 at 0x0000fffedd770000
stack at sp + 3 slots: 0x0000fffedd932210: <offset 0x00000000001c2210> in /lib64/libc.so.6 at 0x0000fffedd770000
stack at sp + 4 slots: 0x0000fffedd9f3c78: __pointer_chk_guard+0x0000000000000000 in /lib/ld-linux-aarch64.so.1 at 0x0000fffedd9b4000
stack at sp + 5 slots: 0x0 is null
stack at sp + 6 slots: 0x0000fffedd930658: <offset 0x00000000001c0658> in /lib64/libc.so.6 at 0x0000fffedd770000
stack at sp + 7 slots: 0x0000fffedd932000: <offset 0x00000000001c2000> in /lib64/libc.so.6 at 0x0000fffedd770000

VM_Operation (0x0000fffedc07b938): Exit, mode: safepoint, requested by thread 0x0000fffed4031730


---------------  P R O C E S S  ---------------

Threads class SMR info:
_java_thread_list=0x0000fffe7c000950, length=17, elements={
0x0000fffed4031730, 0x0000fffed42156a0, 0x0000fffed4218ee0, 0x0000fffed421a7c0,
0x0000fffed421dba0, 0x0000fffed421f450, 0x0000fffed4221210, 0x0000fffed4222c30,
0x0000fffed4264b60, 0x0000fffed5a2aba0, 0x0000fffed64b10c0, 0x0000fffed66f0110,
0x0000fffed66fd990, 0x0000fffed4900660, 0x0000fffed490dc40, 0x0000fffd74011aa0,
0x0000fffdb473f6e0
}

Java Threads: ( => current thread )
  0x0000fffed4031730 JavaThread "Render thread"                     [_thread_blocked, id=45907, stack(0x0000fffedbe80000,0x0000fffedc07e000) (2040K)]
  0x0000fffed42156a0 JavaThread "Common-Cleaner"             daemon [_thread_blocked, id=45922, stack(0x0000fffed8a94000,0x0000fffed8ca4000) (2112K)]
  0x0000fffed4218ee0 JavaThread "Reference Handler"          daemon [_thread_blocked, id=45923, stack(0x0000fffed8488000,0x0000fffed8688000) (2048K)]
  0x0000fffed421a7c0 JavaThread "Finalizer"                  daemon [_thread_blocked, id=45924, stack(0x0000fffed8288000,0x0000fffed8488000) (2048K)]
  0x0000fffed421dba0 JavaThread "Service Thread"             daemon [_thread_blocked, id=45926, stack(0x0000fffebd1dc000,0x0000fffebd3dc000) (2048K)]
  0x0000fffed421f450 JavaThread "Monitor Deflation Thread"   daemon [_thread_blocked, id=45927, stack(0x0000fffebcfdc000,0x0000fffebd1dc000) (2048K)]
  0x0000fffed4221210 JavaThread "C2 CompilerThread0"         daemon [_thread_blocked, id=45928, stack(0x0000fffebcddc000,0x0000fffebcfdc000) (2048K)]
  0x0000fffed4222c30 JavaThread "C1 CompilerThread0"         daemon [_thread_blocked, id=45929, stack(0x0000fffebcbdc000,0x0000fffebcddc000) (2048K)]
  0x0000fffed4264b60 JavaThread "Notification Thread"        daemon [_thread_blocked, id=45930, stack(0x0000fffebc9dc000,0x0000fffebcbdc000) (2048K)]
  0x0000fffed5a2aba0 JavaThread "JNA Cleaner"                daemon [_thread_blocked, id=45967, stack(0x0000fffeb0dc0000,0x0000fffeb0fc0000) (2048K)]
  0x0000fffed64b10c0 JavaThread "Timer hack thread"          daemon [_thread_blocked, id=45989, stack(0x0000fffeb0bc0000,0x0000fffeb0dc0000) (2048K)]
  0x0000fffed66f0110 JavaThread "Yggdrasil Key Fetcher"      daemon [_thread_blocked, id=45990, stack(0x0000fffeb13c0000,0x0000fffeb15c0000) (2048K)]
  0x0000fffed66fd990 JavaThread "Download-2"                 daemon [_thread_blocked, id=45992, stack(0x0000fffeb07c0000,0x0000fffeb09c0000) (2048K)]
  0x0000fffed4900660 JavaThread "Netty Local IO #0"          daemon [_thread_blocked, id=46103, stack(0x0000fffda6d94000,0x0000fffda6f94000) (2048K)]
  0x0000fffed490dc40 JavaThread "Netty Local IO #1"          daemon [_thread_blocked, id=46105, stack(0x0000fffda6b94000,0x0000fffda6d94000) (2048K)]
  0x0000fffd74011aa0 JavaThread "Netty Local IO #2"          daemon [_thread_blocked, id=46106, stack(0x0000fffda6994000,0x0000fffda6b94000) (2048K)]
  0x0000fffdb473f6e0 JavaThread "Sound engine"               daemon [_thread_blocked, id=46753, stack(0x0000fffda6794000,0x0000fffda6994000) (2048K)]
Total: 17

Other Threads:
=>0x0000fffed420da90 VMThread "VM Thread"                           [id=45921, stack(0x0000fffed8894000,0x0000fffed8a94000) (2048K)]
  0x0000fffed41867b0 WorkerThread "GC Thread#0"                     [id=45910, stack(0x0000fffeda098000,0x0000fffeda298000) (2048K)]
  0x0000fffe9c007c20 WorkerThread "GC Thread#1"                     [id=45938, stack(0x0000fffebc0c0000,0x0000fffebc2c0000) (2048K)]
  0x0000fffe9c0086e0 WorkerThread "GC Thread#2"                     [id=45939, stack(0x0000fffeb1e00000,0x0000fffeb2000000) (2048K)]
  0x0000fffe9c0092a0 WorkerThread "GC Thread#3"                     [id=45940, stack(0x0000fffeb1bf0000,0x0000fffeb1df0000) (2048K)]
  0x0000fffe9c00a010 WorkerThread "GC Thread#4"                     [id=45941, stack(0x0000fffeb19e0000,0x0000fffeb1be0000) (2048K)]
  0x0000fffe9c00ad80 WorkerThread "GC Thread#5"                     [id=45942, stack(0x0000fffeb17d0000,0x0000fffeb19d0000) (2048K)]
  0x0000fffe9c015910 WorkerThread "GC Thread#6"                     [id=45955, stack(0x0000fffeb03c0000,0x0000fffeb05c0000) (2048K)]
  0x0000fffe9c00e5b0 WorkerThread "GC Thread#7"                     [id=45957, stack(0x0000fffeb01b0000,0x0000fffeb03b0000) (2048K)]
  0x0000fffe9c017c00 WorkerThread "GC Thread#8"                     [id=45958, stack(0x0000fffe85e00000,0x0000fffe86000000) (2048K)]
  0x0000fffed419e930 ConcurrentGCThread "G1 Main Marker"            terminated
  0x0000fffed419fb20 WorkerThread "G1 Conc#0"                       [id=45913, stack(0x0000fffed9c78000,0x0000fffed9e78000) (2048K)]
  0x0000fffeb8000c80 WorkerThread "G1 Conc#1"                       [id=45959, stack(0x0000fffe85bf0000,0x0000fffe85df0000) (2048K)]
  0x0000fffed41ed480 ConcurrentGCThread "G1 Refine#0"               terminated
  0x0000fffed41ee690 ConcurrentGCThread "G1 Service"                terminated
Total: 15

Threads with active compile tasks:
C2 CompilerThread0  122393 43683       4       java.util.concurrent.ConcurrentHashMap$Traverser::advance (188 bytes)
Total: 1

VM state: at safepoint (shutting down)

VM Mutex/Monitor currently owned by a thread:  ([mutex/lock_event])
[0x0000fffedd689558] Threads_lock - owner thread: 0x0000fffed420da90
[0x0000fffedd6896f0] Heap_lock - owner thread: 0x0000fffed4031730

Heap address: 0x000000070f800000, size: 3848 MB, Compressed Oops mode: Zero based, Oop shift amount: 3

CDS archive(s) mapped at: [0x00007f0000000000-0x00007f0001d00000-0x00007f0001d00000), size 30408704, SharedBaseAddress: 0x00007f0000000000, ArchiveRelocationMode: 1.
Compressed class space mapped at: 0x00007f0002000000-0x00007f0042000000, reserved size: 1073741824
UseCompressedClassPointers 1, UseCompactObjectHeaders 0
Narrow klass pointer bits 32, Max shift 3
Narrow klass base: 0x00007f0000000000, Narrow klass shift: 0
Encoding Range: [0x00007f0000000000 - 0x00007f0100000000), (4294967296 bytes)
Klass Range:    [0x00007f0000010000 - 0x00007f0042000000), (1107230720 bytes)
Klass ID Range:  [65536 - 1107296249) (1107230713)
Protection zone: [0x00007f0000000000 - 0x00007f0000010000), (65536 bytes)

GC Precious Log:
 CardTable entry size: 512
 Card Set container configuration: InlinePtr #cards 4 size 8 Array Of Cards #cards 16 size 48 Howl #buckets 8 coarsen threshold 3686 Howl Bitmap #cards 512 size 80 coarsen threshold 460 Card regions per heap region 1 cards per card region 4096
 CPUs: 10 total, 10 available
 Memory: 15385M
 Large Page Support: Disabled
 NUMA Support: Disabled
 Compressed Oops: Enabled (Zero based)
 Heap Region Size: 2M
 Heap Min Capacity: 8M
 Heap Initial Capacity: 248M
 Heap Max Capacity: 3848M
 Pre-touch: Disabled
 Parallel Workers: 9
 Concurrent Workers: 2
 Concurrent Refinement Workers: 9
 Periodic GC: Disabled

Heap:
 garbage-first heap   total reserved 3940352K, committed 2484224K, used 963563K [0x000000070f800000, 0x0000000800000000)
  region size 2048K, 168 young (344064K), 53 survivors (108544K)

Heap Regions: E=young(eden), S=young(survivor), O=old, HS=humongous(starts), HC=humongous(continues), CS=collection set, F=free, TAMS=top-at-mark-start, PB=parsable bottom
|   0|0x000000070f800000, 0x000000070fa00000, 0x000000070fa00000|100%|HS|  |TAMS 0x000000070f800000| PB 0x000000070f800000| Complete |  0
|   1|0x000000070fa00000, 0x000000070fc00000, 0x000000070fc00000|100%|HS|  |TAMS 0x000000070fa00000| PB 0x000000070fa00000| Complete |  0
|   2|0x000000070fc00000, 0x000000070fe00000, 0x000000070fe00000|100%|HS|  |TAMS 0x000000070fc00000| PB 0x000000070fc00000| Complete |  0
|   3|0x000000070fe00000, 0x0000000710000000, 0x0000000710000000|100%| O|  |TAMS 0x000000070fe00000| PB 0x000000070fe00000| Untracked |  0
|   4|0x0000000710000000, 0x0000000710200000, 0x0000000710200000|100%| O|  |TAMS 0x0000000710000000| PB 0x0000000710000000| Untracked |  0
|   5|0x0000000710200000, 0x0000000710400000, 0x0000000710400000|100%| O|  |TAMS 0x0000000710200000| PB 0x0000000710200000| Untracked |  0
|   6|0x0000000710400000, 0x0000000710600000, 0x0000000710600000|100%| O|  |TAMS 0x0000000710400000| PB 0x0000000710400000| Untracked |  0
|   7|0x0000000710600000, 0x0000000710800000, 0x0000000710800000|100%| O|  |TAMS 0x0000000710600000| PB 0x0000000710600000| Untracked |  0
|   8|0x0000000710800000, 0x0000000710a00000, 0x0000000710a00000|100%| O|  |TAMS 0x0000000710800000| PB 0x0000000710800000| Untracked |  0
|   9|0x0000000710a00000, 0x0000000710c00000, 0x0000000710c00000|100%| O|  |TAMS 0x0000000710a00000| PB 0x0000000710a00000| Untracked |  0
|  10|0x0000000710c00000, 0x0000000710e00000, 0x0000000710e00000|100%| O|  |TAMS 0x0000000710c00000| PB 0x0000000710c00000| Untracked |  0
|  11|0x0000000710e00000, 0x0000000711000000, 0x0000000711000000|100%| O|  |TAMS 0x0000000710e00000| PB 0x0000000710e00000| Untracked |  0
|  12|0x0000000711000000, 0x0000000711200000, 0x0000000711200000|100%| O|  |TAMS 0x0000000711000000| PB 0x0000000711000000| Untracked |  0
|  13|0x0000000711200000, 0x0000000711400000, 0x0000000711400000|100%| O|  |TAMS 0x0000000711200000| PB 0x0000000711200000| Untracked |  0
|  14|0x0000000711400000, 0x0000000711600000, 0x0000000711600000|100%| O|  |TAMS 0x0000000711400000| PB 0x0000000711400000| Untracked |  0
|  15|0x0000000711600000, 0x0000000711800000, 0x0000000711800000|100%| O|  |TAMS 0x0000000711600000| PB 0x0000000711600000| Untracked |  0
|  16|0x0000000711800000, 0x0000000711a00000, 0x0000000711a00000|100%| O|  |TAMS 0x0000000711800000| PB 0x0000000711800000| Untracked |  0
|  17|0x0000000711a00000, 0x0000000711c00000, 0x0000000711c00000|100%| O|  |TAMS 0x0000000711a00000| PB 0x0000000711a00000| Untracked |  0
|  18|0x0000000711c00000, 0x0000000711e00000, 0x0000000711e00000|100%| O|  |TAMS 0x0000000711c00000| PB 0x0000000711c00000| Untracked |  0
|  19|0x0000000711e00000, 0x0000000712000000, 0x0000000712000000|100%| O|  |TAMS 0x0000000711e00000| PB 0x0000000711e00000| Untracked |  0
|  20|0x0000000712000000, 0x0000000712200000, 0x0000000712200000|100%| O|  |TAMS 0x0000000712000000| PB 0x0000000712000000| Untracked |  0
|  21|0x0000000712200000, 0x0000000712400000, 0x0000000712400000|100%| O|  |TAMS 0x0000000712200000| PB 0x0000000712200000| Untracked |  0
|  22|0x0000000712400000, 0x0000000712600000, 0x0000000712600000|100%| O|  |TAMS 0x0000000712400000| PB 0x0000000712400000| Untracked |  0
|  23|0x0000000712600000, 0x0000000712800000, 0x0000000712800000|100%| O|  |TAMS 0x0000000712600000| PB 0x0000000712600000| Untracked |  0
|  24|0x0000000712800000, 0x0000000712a00000, 0x0000000712a00000|100%| O|  |TAMS 0x0000000712800000| PB 0x0000000712800000| Untracked |  0
|  25|0x0000000712a00000, 0x0000000712c00000, 0x0000000712c00000|100%| O|  |TAMS 0x0000000712a00000| PB 0x0000000712a00000| Untracked |  0
|  26|0x0000000712c00000, 0x0000000712e00000, 0x0000000712e00000|100%|HS|  |TAMS 0x0000000712c00000| PB 0x0000000712c00000| Complete |  0
|  27|0x0000000712e00000, 0x0000000713000000, 0x0000000713000000|100%|HC|  |TAMS 0x0000000712e00000| PB 0x0000000712e00000| Complete |  0
|  28|0x0000000713000000, 0x0000000713200000, 0x0000000713200000|100%|HC|  |TAMS 0x0000000713000000| PB 0x0000000713000000| Complete |  0
|  29|0x0000000713200000, 0x0000000713400000, 0x0000000713400000|100%|HC|  |TAMS 0x0000000713200000| PB 0x0000000713200000| Complete |  0
|  30|0x0000000713400000, 0x0000000713600000, 0x0000000713600000|100%|HC|  |TAMS 0x0000000713400000| PB 0x0000000713400000| Complete |  0
|  31|0x0000000713600000, 0x0000000713800000, 0x0000000713800000|100%|HC|  |TAMS 0x0000000713600000| PB 0x0000000713600000| Complete |  0
|  32|0x0000000713800000, 0x0000000713a00000, 0x0000000713a00000|100%| O|  |TAMS 0x0000000713800000| PB 0x0000000713800000| Untracked |  0
|  33|0x0000000713a00000, 0x0000000713c00000, 0x0000000713c00000|100%| O|  |TAMS 0x0000000713a00000| PB 0x0000000713a00000| Untracked |  0
|  34|0x0000000713c00000, 0x0000000713e00000, 0x0000000713e00000|100%| O|  |TAMS 0x0000000713c00000| PB 0x0000000713c00000| Untracked |  0
|  35|0x0000000713e00000, 0x0000000714000000, 0x0000000714000000|100%| O|  |TAMS 0x0000000713e00000| PB 0x0000000713e00000| Untracked |  0
|  36|0x0000000714000000, 0x0000000714200000, 0x0000000714200000|100%| O|  |TAMS 0x0000000714000000| PB 0x0000000714000000| Untracked |  0
|  37|0x0000000714200000, 0x0000000714400000, 0x0000000714400000|100%| O|  |TAMS 0x0000000714200000| PB 0x0000000714200000| Untracked |  0
|  38|0x0000000714400000, 0x0000000714600000, 0x0000000714600000|100%| O|  |TAMS 0x0000000714400000| PB 0x0000000714400000| Untracked |  0
|  39|0x0000000714600000, 0x0000000714800000, 0x0000000714800000|100%| O|  |TAMS 0x0000000714600000| PB 0x0000000714600000| Untracked |  0
|  40|0x0000000714800000, 0x0000000714a00000, 0x0000000714a00000|100%| O|  |TAMS 0x0000000714800000| PB 0x0000000714800000| Untracked |  0
|  41|0x0000000714a00000, 0x0000000714c00000, 0x0000000714c00000|100%| O|  |TAMS 0x0000000714a00000| PB 0x0000000714a00000| Untracked |  0
|  42|0x0000000714c00000, 0x0000000714e00000, 0x0000000714e00000|100%| O|  |TAMS 0x0000000714c00000| PB 0x0000000714c00000| Untracked |  0
|  43|0x0000000714e00000, 0x0000000715000000, 0x0000000715000000|100%| O|  |TAMS 0x0000000714e00000| PB 0x0000000714e00000| Untracked |  0
|  44|0x0000000715000000, 0x0000000715200000, 0x0000000715200000|100%| O|  |TAMS 0x0000000715000000| PB 0x0000000715000000| Untracked |  0
|  45|0x0000000715200000, 0x0000000715400000, 0x0000000715400000|100%| O|  |TAMS 0x0000000715200000| PB 0x0000000715200000| Untracked |  0
|  46|0x0000000715400000, 0x00000007155fafd0, 0x0000000715600000| 99%| O|  |TAMS 0x0000000715400000| PB 0x0000000715400000| Untracked |  0
|  47|0x0000000715600000, 0x0000000715800000, 0x0000000715800000|100%| O|  |TAMS 0x0000000715600000| PB 0x0000000715600000| Untracked |  0
|  48|0x0000000715800000, 0x0000000715a00000, 0x0000000715a00000|100%| O|  |TAMS 0x0000000715800000| PB 0x0000000715800000| Untracked |  0
|  49|0x0000000715a00000, 0x0000000715c00000, 0x0000000715c00000|100%| O|  |TAMS 0x0000000715a00000| PB 0x0000000715a00000| Untracked |  0
|  50|0x0000000715c00000, 0x0000000715e00000, 0x0000000715e00000|100%|HS|  |TAMS 0x0000000715c00000| PB 0x0000000715c00000| Complete |  0
|  51|0x0000000715e00000, 0x0000000716000000, 0x0000000716000000|100%|HS|  |TAMS 0x0000000715e00000| PB 0x0000000715e00000| Complete |  0
|  52|0x0000000716000000, 0x0000000716200000, 0x0000000716200000|100%| O|  |TAMS 0x0000000716000000| PB 0x0000000716000000| Untracked |  0
|  53|0x0000000716200000, 0x0000000716400000, 0x0000000716400000|100%| O|  |TAMS 0x0000000716200000| PB 0x0000000716200000| Untracked |  0
|  54|0x0000000716400000, 0x0000000716600000, 0x0000000716600000|100%| O|  |TAMS 0x0000000716400000| PB 0x0000000716400000| Untracked |  0
|  55|0x0000000716600000, 0x0000000716800000, 0x0000000716800000|100%| O|  |TAMS 0x0000000716600000| PB 0x0000000716600000| Untracked |  0
|  56|0x0000000716800000, 0x0000000716a00000, 0x0000000716a00000|100%| O|  |TAMS 0x0000000716800000| PB 0x0000000716800000| Untracked |  0
|  57|0x0000000716a00000, 0x0000000716c00000, 0x0000000716c00000|100%| O|  |TAMS 0x0000000716a00000| PB 0x0000000716a00000| Untracked |  0
|  58|0x0000000716c00000, 0x0000000716e00000, 0x0000000716e00000|100%| O|  |TAMS 0x0000000716c00000| PB 0x0000000716c00000| Untracked |  0
|  59|0x0000000716e00000, 0x0000000717000000, 0x0000000717000000|100%| O|  |TAMS 0x0000000716e00000| PB 0x0000000716e00000| Untracked |  0
|  60|0x0000000717000000, 0x0000000717200000, 0x0000000717200000|100%| O|  |TAMS 0x0000000717000000| PB 0x0000000717000000| Untracked |  0
|  61|0x0000000717200000, 0x0000000717400000, 0x0000000717400000|100%| O|  |TAMS 0x0000000717200000| PB 0x0000000717200000| Untracked |  0
|  62|0x0000000717400000, 0x0000000717600000, 0x0000000717600000|100%| O|  |TAMS 0x0000000717400000| PB 0x0000000717400000| Untracked |  0
|  63|0x0000000717600000, 0x0000000717800000, 0x0000000717800000|100%| O|  |TAMS 0x0000000717600000| PB 0x0000000717600000| Untracked |  0
|  64|0x0000000717800000, 0x0000000717a00000, 0x0000000717a00000|100%| O|  |TAMS 0x0000000717800000| PB 0x0000000717800000| Untracked |  0
|  65|0x0000000717a00000, 0x0000000717c00000, 0x0000000717c00000|100%| O|  |TAMS 0x0000000717a00000| PB 0x0000000717a00000| Untracked |  0
|  66|0x0000000717c00000, 0x0000000717e00000, 0x0000000717e00000|100%| O|  |TAMS 0x0000000717c00000| PB 0x0000000717c00000| Untracked |  0
|  67|0x0000000717e00000, 0x0000000718000000, 0x0000000718000000|100%| O|  |TAMS 0x0000000717e00000| PB 0x0000000717e00000| Untracked |  0
|  68|0x0000000718000000, 0x0000000718200000, 0x0000000718200000|100%| O|  |TAMS 0x0000000718000000| PB 0x0000000718000000| Untracked |  0
|  69|0x0000000718200000, 0x0000000718400000, 0x0000000718400000|100%| O|  |TAMS 0x0000000718200000| PB 0x0000000718200000| Untracked |  0
|  70|0x0000000718400000, 0x0000000718600000, 0x0000000718600000|100%| O|  |TAMS 0x0000000718400000| PB 0x0000000718400000| Untracked |  0
|  71|0x0000000718600000, 0x0000000718800000, 0x0000000718800000|100%| O|  |TAMS 0x0000000718600000| PB 0x0000000718600000| Untracked |  0
|  72|0x0000000718800000, 0x0000000718a00000, 0x0000000718a00000|100%| O|  |TAMS 0x0000000718800000| PB 0x0000000718800000| Untracked |  0
|  73|0x0000000718a00000, 0x0000000718c00000, 0x0000000718c00000|100%| O|  |TAMS 0x0000000718a00000| PB 0x0000000718a00000| Untracked |  0
|  74|0x0000000718c00000, 0x0000000718e00000, 0x0000000718e00000|100%| O|  |TAMS 0x0000000718c00000| PB 0x0000000718c00000| Untracked |  0
|  75|0x0000000718e00000, 0x0000000719000000, 0x0000000719000000|100%| O|  |TAMS 0x0000000718e00000| PB 0x0000000718e00000| Untracked |  0
|  76|0x0000000719000000, 0x0000000719200000, 0x0000000719200000|100%| O|  |TAMS 0x0000000719000000| PB 0x0000000719000000| Untracked |  0
|  77|0x0000000719200000, 0x0000000719400000, 0x0000000719400000|100%| O|  |TAMS 0x0000000719200000| PB 0x0000000719200000| Untracked |  0
|  78|0x0000000719400000, 0x0000000719600000, 0x0000000719600000|100%| O|  |TAMS 0x0000000719400000| PB 0x0000000719400000| Untracked |  0
|  79|0x0000000719600000, 0x0000000719800000, 0x0000000719800000|100%| O|  |TAMS 0x0000000719600000| PB 0x0000000719600000| Untracked |  0
|  80|0x0000000719800000, 0x0000000719a00000, 0x0000000719a00000|100%| O|  |TAMS 0x0000000719800000| PB 0x0000000719800000| Untracked |  0
|  81|0x0000000719a00000, 0x0000000719c00000, 0x0000000719c00000|100%| O|  |TAMS 0x0000000719a00000| PB 0x0000000719a00000| Untracked |  0
|  82|0x0000000719c00000, 0x0000000719e00000, 0x0000000719e00000|100%| O|  |TAMS 0x0000000719c00000| PB 0x0000000719c00000| Untracked |  0
|  83|0x0000000719e00000, 0x000000071a000000, 0x000000071a000000|100%| O|  |TAMS 0x0000000719e00000| PB 0x0000000719e00000| Untracked |  0
|  84|0x000000071a000000, 0x000000071a200000, 0x000000071a200000|100%| O|  |TAMS 0x000000071a000000| PB 0x000000071a000000| Untracked |  0
|  85|0x000000071a200000, 0x000000071a400000, 0x000000071a400000|100%| O|  |TAMS 0x000000071a200000| PB 0x000000071a200000| Untracked |  0
|  86|0x000000071a400000, 0x000000071a600000, 0x000000071a600000|100%| O|  |TAMS 0x000000071a400000| PB 0x000000071a400000| Untracked |  0
|  87|0x000000071a600000, 0x000000071a800000, 0x000000071a800000|100%| O|  |TAMS 0x000000071a600000| PB 0x000000071a600000| Untracked |  0
|  88|0x000000071a800000, 0x000000071aa00000, 0x000000071aa00000|100%| O|  |TAMS 0x000000071a800000| PB 0x000000071a800000| Untracked |  0
|  89|0x000000071aa00000, 0x000000071ac00000, 0x000000071ac00000|100%| O|  |TAMS 0x000000071aa00000| PB 0x000000071aa00000| Untracked |  0
|  90|0x000000071ac00000, 0x000000071ae00000, 0x000000071ae00000|100%| O|  |TAMS 0x000000071ac00000| PB 0x000000071ac00000| Untracked |  0
|  91|0x000000071ae00000, 0x000000071b000000, 0x000000071b000000|100%| O|  |TAMS 0x000000071ae00000| PB 0x000000071ae00000| Untracked |  0
|  92|0x000000071b000000, 0x000000071b200000, 0x000000071b200000|100%| O|  |TAMS 0x000000071b000000| PB 0x000000071b000000| Untracked |  0
|  93|0x000000071b200000, 0x000000071b400000, 0x000000071b400000|100%| O|  |TAMS 0x000000071b200000| PB 0x000000071b200000| Untracked |  0
|  94|0x000000071b400000, 0x000000071b600000, 0x000000071b600000|100%| O|  |TAMS 0x000000071b400000| PB 0x000000071b400000| Untracked |  0
|  95|0x000000071b600000, 0x000000071b800000, 0x000000071b800000|100%| O|  |TAMS 0x000000071b600000| PB 0x000000071b600000| Untracked |  0
|  96|0x000000071b800000, 0x000000071ba00000, 0x000000071ba00000|100%| O|  |TAMS 0x000000071b800000| PB 0x000000071b800000| Untracked |  0
|  97|0x000000071ba00000, 0x000000071ba00000, 0x000000071bc00000|  0%| F|  |TAMS 0x000000071ba00000| PB 0x000000071ba00000| Untracked |  0
|  98|0x000000071bc00000, 0x000000071be00000, 0x000000071be00000|100%| O|  |TAMS 0x000000071bc00000| PB 0x000000071bc00000| Untracked |  0
|  99|0x000000071be00000, 0x000000071c000000, 0x000000071c000000|100%| O|  |TAMS 0x000000071be00000| PB 0x000000071be00000| Untracked |  0
| 100|0x000000071c000000, 0x000000071c200000, 0x000000071c200000|100%| O|  |TAMS 0x000000071c000000| PB 0x000000071c000000| Untracked |  0
| 101|0x000000071c200000, 0x000000071c400000, 0x000000071c400000|100%| O|  |TAMS 0x000000071c200000| PB 0x000000071c200000| Untracked |  0
| 102|0x000000071c400000, 0x000000071c600000, 0x000000071c600000|100%| O|  |TAMS 0x000000071c400000| PB 0x000000071c400000| Untracked |  0
| 103|0x000000071c600000, 0x000000071c800000, 0x000000071c800000|100%| O|  |TAMS 0x000000071c600000| PB 0x000000071c600000| Untracked |  0
| 104|0x000000071c800000, 0x000000071ca00000, 0x000000071ca00000|100%| O|  |TAMS 0x000000071c800000| PB 0x000000071c800000| Untracked |  0
| 105|0x000000071ca00000, 0x000000071cc00000, 0x000000071cc00000|100%| O|  |TAMS 0x000000071ca00000| PB 0x000000071ca00000| Untracked |  0
| 106|0x000000071cc00000, 0x000000071ce00000, 0x000000071ce00000|100%| O|  |TAMS 0x000000071cc00000| PB 0x000000071cc00000| Untracked |  0
| 107|0x000000071ce00000, 0x000000071d000000, 0x000000071d000000|100%| O|  |TAMS 0x000000071ce00000| PB 0x000000071ce00000| Untracked |  0
| 108|0x000000071d000000, 0x000000071d200000, 0x000000071d200000|100%| O|  |TAMS 0x000000071d000000| PB 0x000000071d000000| Untracked |  0
| 109|0x000000071d200000, 0x000000071d400000, 0x000000071d400000|100%| O|  |TAMS 0x000000071d200000| PB 0x000000071d200000| Untracked |  0
| 110|0x000000071d400000, 0x000000071d600000, 0x000000071d600000|100%| O|  |TAMS 0x000000071d400000| PB 0x000000071d400000| Untracked |  0
| 111|0x000000071d600000, 0x000000071d800000, 0x000000071d800000|100%| O|  |TAMS 0x000000071d600000| PB 0x000000071d600000| Untracked |  0
| 112|0x000000071d800000, 0x000000071da00000, 0x000000071da00000|100%| O|  |TAMS 0x000000071d800000| PB 0x000000071d800000| Untracked |  0
| 113|0x000000071da00000, 0x000000071dc00000, 0x000000071dc00000|100%| O|  |TAMS 0x000000071da00000| PB 0x000000071da00000| Untracked |  0
| 114|0x000000071dc00000, 0x000000071de00000, 0x000000071de00000|100%| O|  |TAMS 0x000000071dc00000| PB 0x000000071dc00000| Untracked |  0
| 115|0x000000071de00000, 0x000000071e000000, 0x000000071e000000|100%| O|  |TAMS 0x000000071de00000| PB 0x000000071de00000| Untracked |  0
| 116|0x000000071e000000, 0x000000071e200000, 0x000000071e200000|100%| O|  |TAMS 0x000000071e000000| PB 0x000000071e000000| Untracked |  0
| 117|0x000000071e200000, 0x000000071e400000, 0x000000071e400000|100%| O|  |TAMS 0x000000071e200000| PB 0x000000071e200000| Untracked |  0
| 118|0x000000071e400000, 0x000000071e600000, 0x000000071e600000|100%| O|  |TAMS 0x000000071e400000| PB 0x000000071e400000| Untracked |  0
| 119|0x000000071e600000, 0x000000071e800000, 0x000000071e800000|100%| O|  |TAMS 0x000000071e600000| PB 0x000000071e600000| Untracked |  0
| 120|0x000000071e800000, 0x000000071ea00000, 0x000000071ea00000|100%| O|  |TAMS 0x000000071e800000| PB 0x000000071e800000| Untracked |  0
| 121|0x000000071ea00000, 0x000000071ec00000, 0x000000071ec00000|100%| O|  |TAMS 0x000000071ea00000| PB 0x000000071ea00000| Untracked |  0
| 122|0x000000071ec00000, 0x000000071ee00000, 0x000000071ee00000|100%| O|  |TAMS 0x000000071ec00000| PB 0x000000071ec00000| Untracked |  0
| 123|0x000000071ee00000, 0x000000071f000000, 0x000000071f000000|100%| O|  |TAMS 0x000000071ee00000| PB 0x000000071ee00000| Untracked |  0
| 124|0x000000071f000000, 0x000000071f200000, 0x000000071f200000|100%| O|  |TAMS 0x000000071f000000| PB 0x000000071f000000| Untracked |  0
| 125|0x000000071f200000, 0x000000071f400000, 0x000000071f400000|100%| O|  |TAMS 0x000000071f200000| PB 0x000000071f200000| Untracked |  0
| 126|0x000000071f400000, 0x000000071f600000, 0x000000071f600000|100%| O|  |TAMS 0x000000071f400000| PB 0x000000071f400000| Untracked |  0
| 127|0x000000071f600000, 0x000000071f600000, 0x000000071f800000|  0%| F|  |TAMS 0x000000071f600000| PB 0x000000071f600000| Untracked |  0
| 128|0x000000071f800000, 0x000000071fa00000, 0x000000071fa00000|100%| O|  |TAMS 0x000000071f800000| PB 0x000000071f800000| Untracked |  0
| 129|0x000000071fa00000, 0x000000071fc00000, 0x000000071fc00000|100%| O|  |TAMS 0x000000071fa00000| PB 0x000000071fa00000| Untracked |  0
| 130|0x000000071fc00000, 0x000000071fe00000, 0x000000071fe00000|100%| O|  |TAMS 0x000000071fc00000| PB 0x000000071fc00000| Untracked |  0
| 131|0x000000071fe00000, 0x0000000720000000, 0x0000000720000000|100%| O|  |TAMS 0x000000071fe00000| PB 0x000000071fe00000| Untracked |  0
| 132|0x0000000720000000, 0x0000000720200000, 0x0000000720200000|100%| O|  |TAMS 0x0000000720000000| PB 0x0000000720000000| Untracked |  0
| 133|0x0000000720200000, 0x0000000720400000, 0x0000000720400000|100%| O|  |TAMS 0x0000000720200000| PB 0x0000000720200000| Untracked |  0
| 134|0x0000000720400000, 0x0000000720600000, 0x0000000720600000|100%| O|  |TAMS 0x0000000720400000| PB 0x0000000720400000| Untracked |  0
| 135|0x0000000720600000, 0x0000000720800000, 0x0000000720800000|100%| O|  |TAMS 0x0000000720600000| PB 0x0000000720600000| Untracked |  0
| 136|0x0000000720800000, 0x0000000720a00000, 0x0000000720a00000|100%| O|  |TAMS 0x0000000720800000| PB 0x0000000720800000| Untracked |  0
| 137|0x0000000720a00000, 0x0000000720c00000, 0x0000000720c00000|100%| O|  |TAMS 0x0000000720a00000| PB 0x0000000720a00000| Untracked |  0
| 138|0x0000000720c00000, 0x0000000720e00000, 0x0000000720e00000|100%| O|  |TAMS 0x0000000720c00000| PB 0x0000000720c00000| Untracked |  0
| 139|0x0000000720e00000, 0x0000000720e00000, 0x0000000721000000|  0%| F|  |TAMS 0x0000000720e00000| PB 0x0000000720e00000| Untracked |  0
| 140|0x0000000721000000, 0x0000000721200000, 0x0000000721200000|100%| O|  |TAMS 0x0000000721000000| PB 0x0000000721000000| Untracked |  0
| 141|0x0000000721200000, 0x0000000721400000, 0x0000000721400000|100%| O|  |TAMS 0x0000000721200000| PB 0x0000000721200000| Untracked |  0
| 142|0x0000000721400000, 0x0000000721600000, 0x0000000721600000|100%|HS|  |TAMS 0x0000000721400000| PB 0x0000000721400000| Complete |  0
| 143|0x0000000721600000, 0x0000000721800000, 0x0000000721800000|100%| O|  |TAMS 0x0000000721600000| PB 0x0000000721600000| Untracked |  0
| 144|0x0000000721800000, 0x0000000721a00000, 0x0000000721a00000|100%| O|  |TAMS 0x0000000721800000| PB 0x0000000721800000| Untracked |  0
| 145|0x0000000721a00000, 0x0000000721c00000, 0x0000000721c00000|100%| O|  |TAMS 0x0000000721a00000| PB 0x0000000721a00000| Untracked |  0
| 146|0x0000000721c00000, 0x0000000721c00000, 0x0000000721e00000|  0%| F|  |TAMS 0x0000000721c00000| PB 0x0000000721c00000| Untracked |  0
| 147|0x0000000721e00000, 0x0000000721e00000, 0x0000000722000000|  0%| F|  |TAMS 0x0000000721e00000| PB 0x0000000721e00000| Untracked |  0
| 148|0x0000000722000000, 0x0000000722000000, 0x0000000722200000|  0%| F|  |TAMS 0x0000000722000000| PB 0x0000000722000000| Untracked |  0
| 149|0x0000000722200000, 0x0000000722200000, 0x0000000722400000|  0%| F|  |TAMS 0x0000000722200000| PB 0x0000000722200000| Untracked |  0
| 150|0x0000000722400000, 0x0000000722400000, 0x0000000722600000|  0%| F|  |TAMS 0x0000000722400000| PB 0x0000000722400000| Untracked |  0
| 151|0x0000000722600000, 0x0000000722600000, 0x0000000722800000|  0%| F|  |TAMS 0x0000000722600000| PB 0x0000000722600000| Untracked |  0
| 152|0x0000000722800000, 0x0000000722800000, 0x0000000722a00000|  0%| F|  |TAMS 0x0000000722800000| PB 0x0000000722800000| Untracked |  0
| 153|0x0000000722a00000, 0x0000000722a00000, 0x0000000722c00000|  0%| F|  |TAMS 0x0000000722a00000| PB 0x0000000722a00000| Untracked |  0
| 154|0x0000000722c00000, 0x0000000722e00000, 0x0000000722e00000|100%| O|  |TAMS 0x0000000722c00000| PB 0x0000000722c00000| Untracked |  0
| 155|0x0000000722e00000, 0x0000000723000000, 0x0000000723000000|100%| O|  |TAMS 0x0000000722e00000| PB 0x0000000722e00000| Untracked |  0
| 156|0x0000000723000000, 0x0000000723000000, 0x0000000723200000|  0%| F|  |TAMS 0x0000000723000000| PB 0x0000000723000000| Untracked |  0
| 157|0x0000000723200000, 0x0000000723400000, 0x0000000723400000|100%| O|  |TAMS 0x0000000723200000| PB 0x0000000723200000| Untracked |  0
| 158|0x0000000723400000, 0x0000000723400000, 0x0000000723600000|  0%| F|  |TAMS 0x0000000723400000| PB 0x0000000723400000| Untracked |  0
| 159|0x0000000723600000, 0x0000000723800000, 0x0000000723800000|100%| O|  |TAMS 0x0000000723600000| PB 0x0000000723600000| Untracked |  0
| 160|0x0000000723800000, 0x0000000723a00000, 0x0000000723a00000|100%| O|  |TAMS 0x0000000723800000| PB 0x0000000723800000| Untracked |  0
| 161|0x0000000723a00000, 0x0000000723c00000, 0x0000000723c00000|100%| O|  |TAMS 0x0000000723a00000| PB 0x0000000723a00000| Untracked |  0
| 162|0x0000000723c00000, 0x0000000723e00000, 0x0000000723e00000|100%| O|  |TAMS 0x0000000723c00000| PB 0x0000000723c00000| Untracked |  0
| 163|0x0000000723e00000, 0x0000000724000000, 0x0000000724000000|100%| O|  |TAMS 0x0000000723e00000| PB 0x0000000723e00000| Untracked |  0
| 164|0x0000000724000000, 0x0000000724200000, 0x0000000724200000|100%| O|  |TAMS 0x0000000724000000| PB 0x0000000724000000| Untracked |  0
| 165|0x0000000724200000, 0x0000000724400000, 0x0000000724400000|100%| O|  |TAMS 0x0000000724200000| PB 0x0000000724200000| Untracked |  0
| 166|0x0000000724400000, 0x0000000724600000, 0x0000000724600000|100%| O|  |TAMS 0x0000000724400000| PB 0x0000000724400000| Untracked |  0
| 167|0x0000000724600000, 0x0000000724800000, 0x0000000724800000|100%| O|  |TAMS 0x0000000724600000| PB 0x0000000724600000| Untracked |  0
| 168|0x0000000724800000, 0x0000000724800000, 0x0000000724a00000|  0%| F|  |TAMS 0x0000000724800000| PB 0x0000000724800000| Untracked |  0
| 169|0x0000000724a00000, 0x0000000724c00000, 0x0000000724c00000|100%| O|  |TAMS 0x0000000724a00000| PB 0x0000000724a00000| Untracked |  0
| 170|0x0000000724c00000, 0x0000000724e00000, 0x0000000724e00000|100%| O|  |TAMS 0x0000000724c00000| PB 0x0000000724c00000| Untracked |  0
| 171|0x0000000724e00000, 0x0000000725000000, 0x0000000725000000|100%| O|  |TAMS 0x0000000724e00000| PB 0x0000000724e00000| Untracked |  0
| 172|0x0000000725000000, 0x0000000725000000, 0x0000000725200000|  0%| F|  |TAMS 0x0000000725000000| PB 0x0000000725000000| Untracked |  0
| 173|0x0000000725200000, 0x0000000725200000, 0x0000000725400000|  0%| F|  |TAMS 0x0000000725200000| PB 0x0000000725200000| Untracked |  0
| 174|0x0000000725400000, 0x0000000725600000, 0x0000000725600000|100%| O|  |TAMS 0x0000000725400000| PB 0x0000000725400000| Untracked |  0
| 175|0x0000000725600000, 0x0000000725800000, 0x0000000725800000|100%| O|  |TAMS 0x0000000725600000| PB 0x0000000725600000| Untracked |  0
| 176|0x0000000725800000, 0x0000000725a00000, 0x0000000725a00000|100%| O|  |TAMS 0x0000000725800000| PB 0x0000000725800000| Untracked |  0
| 177|0x0000000725a00000, 0x0000000725a00000, 0x0000000725c00000|  0%| F|  |TAMS 0x0000000725a00000| PB 0x0000000725a00000| Untracked |  0
| 178|0x0000000725c00000, 0x0000000725e00000, 0x0000000725e00000|100%| O|  |TAMS 0x0000000725c00000| PB 0x0000000725c00000| Untracked |  0
| 179|0x0000000725e00000, 0x0000000726000000, 0x0000000726000000|100%| O|  |TAMS 0x0000000725e00000| PB 0x0000000725e00000| Untracked |  0
| 180|0x0000000726000000, 0x0000000726200000, 0x0000000726200000|100%| O|  |TAMS 0x0000000726000000| PB 0x0000000726000000| Untracked |  0
| 181|0x0000000726200000, 0x0000000726400000, 0x0000000726400000|100%| O|  |TAMS 0x0000000726200000| PB 0x0000000726200000| Untracked |  0
| 182|0x0000000726400000, 0x0000000726600000, 0x0000000726600000|100%| O|  |TAMS 0x0000000726400000| PB 0x0000000726400000| Untracked |  0
| 183|0x0000000726600000, 0x0000000726800000, 0x0000000726800000|100%| O|  |TAMS 0x0000000726600000| PB 0x0000000726600000| Untracked |  0
| 184|0x0000000726800000, 0x0000000726a00000, 0x0000000726a00000|100%| O|  |TAMS 0x0000000726800000| PB 0x0000000726800000| Untracked |  0
| 185|0x0000000726a00000, 0x0000000726a00000, 0x0000000726c00000|  0%| F|  |TAMS 0x0000000726a00000| PB 0x0000000726a00000| Untracked |  0
| 186|0x0000000726c00000, 0x0000000726e00000, 0x0000000726e00000|100%| O|  |TAMS 0x0000000726c00000| PB 0x0000000726c00000| Untracked |  0
| 187|0x0000000726e00000, 0x0000000726e00000, 0x0000000727000000|  0%| F|  |TAMS 0x0000000726e00000| PB 0x0000000726e00000| Untracked |  0
| 188|0x0000000727000000, 0x0000000727000000, 0x0000000727200000|  0%| F|  |TAMS 0x0000000727000000| PB 0x0000000727000000| Untracked |  0
| 189|0x0000000727200000, 0x0000000727400000, 0x0000000727400000|100%| O|  |TAMS 0x0000000727200000| PB 0x0000000727200000| Untracked |  0
| 190|0x0000000727400000, 0x0000000727600000, 0x0000000727600000|100%| O|  |TAMS 0x0000000727400000| PB 0x0000000727400000| Untracked |  0
| 191|0x0000000727600000, 0x0000000727800000, 0x0000000727800000|100%| O|  |TAMS 0x0000000727600000| PB 0x0000000727600000| Untracked |  0
| 192|0x0000000727800000, 0x0000000727a00000, 0x0000000727a00000|100%| O|  |TAMS 0x0000000727800000| PB 0x0000000727800000| Untracked |  0
| 193|0x0000000727a00000, 0x0000000727a00000, 0x0000000727c00000|  0%| F|  |TAMS 0x0000000727a00000| PB 0x0000000727a00000| Untracked |  0
| 194|0x0000000727c00000, 0x0000000727e00000, 0x0000000727e00000|100%| O|  |TAMS 0x0000000727c00000| PB 0x0000000727c00000| Untracked |  0
| 195|0x0000000727e00000, 0x0000000727e00000, 0x0000000728000000|  0%| F|  |TAMS 0x0000000727e00000| PB 0x0000000727e00000| Untracked |  0
| 196|0x0000000728000000, 0x0000000728200000, 0x0000000728200000|100%| O|  |TAMS 0x0000000728000000| PB 0x0000000728000000| Untracked |  0
| 197|0x0000000728200000, 0x0000000728400000, 0x0000000728400000|100%|HS|  |TAMS 0x0000000728200000| PB 0x0000000728200000| Complete |  0
| 198|0x0000000728400000, 0x0000000728400000, 0x0000000728600000|  0%| F|  |TAMS 0x0000000728400000| PB 0x0000000728400000| Untracked |  0
| 199|0x0000000728600000, 0x0000000728600000, 0x0000000728800000|  0%| F|  |TAMS 0x0000000728600000| PB 0x0000000728600000| Untracked |  0
| 200|0x0000000728800000, 0x0000000728800000, 0x0000000728a00000|  0%| F|  |TAMS 0x0000000728800000| PB 0x0000000728800000| Untracked |  0
| 201|0x0000000728a00000, 0x0000000728a00000, 0x0000000728c00000|  0%| F|  |TAMS 0x0000000728a00000| PB 0x0000000728a00000| Untracked |  0
| 202|0x0000000728c00000, 0x0000000728c00000, 0x0000000728e00000|  0%| F|  |TAMS 0x0000000728c00000| PB 0x0000000728c00000| Untracked |  0
| 203|0x0000000728e00000, 0x0000000728e00000, 0x0000000729000000|  0%| F|  |TAMS 0x0000000728e00000| PB 0x0000000728e00000| Untracked |  0
| 204|0x0000000729000000, 0x0000000729000000, 0x0000000729200000|  0%| F|  |TAMS 0x0000000729000000| PB 0x0000000729000000| Untracked |  0
| 205|0x0000000729200000, 0x0000000729200000, 0x0000000729400000|  0%| F|  |TAMS 0x0000000729200000| PB 0x0000000729200000| Untracked |  0
| 206|0x0000000729400000, 0x0000000729600000, 0x0000000729600000|100%| O|  |TAMS 0x0000000729400000| PB 0x0000000729400000| Untracked |  0
| 207|0x0000000729600000, 0x0000000729600000, 0x0000000729800000|  0%| F|  |TAMS 0x0000000729600000| PB 0x0000000729600000| Untracked |  0
| 208|0x0000000729800000, 0x0000000729a00000, 0x0000000729a00000|100%| O|  |TAMS 0x0000000729800000| PB 0x0000000729800000| Untracked |  0
| 209|0x0000000729a00000, 0x0000000729a00000, 0x0000000729c00000|  0%| F|  |TAMS 0x0000000729a00000| PB 0x0000000729a00000| Untracked |  0
| 210|0x0000000729c00000, 0x0000000729c00000, 0x0000000729e00000|  0%| F|  |TAMS 0x0000000729c00000| PB 0x0000000729c00000| Untracked |  0
| 211|0x0000000729e00000, 0x000000072a000000, 0x000000072a000000|100%| O|  |TAMS 0x0000000729e00000| PB 0x0000000729e00000| Untracked |  0
| 212|0x000000072a000000, 0x000000072a200000, 0x000000072a200000|100%| O|  |TAMS 0x000000072a000000| PB 0x000000072a000000| Untracked |  0
| 213|0x000000072a200000, 0x000000072a400000, 0x000000072a400000|100%| O|  |TAMS 0x000000072a200000| PB 0x000000072a200000| Untracked |  0
| 214|0x000000072a400000, 0x000000072a400000, 0x000000072a600000|  0%| F|  |TAMS 0x000000072a400000| PB 0x000000072a400000| Untracked |  0
| 215|0x000000072a600000, 0x000000072a600000, 0x000000072a800000|  0%| F|  |TAMS 0x000000072a600000| PB 0x000000072a600000| Untracked |  0
| 216|0x000000072a800000, 0x000000072aa00000, 0x000000072aa00000|100%| O|  |TAMS 0x000000072a800000| PB 0x000000072a800000| Untracked |  0
| 217|0x000000072aa00000, 0x000000072aa00000, 0x000000072ac00000|  0%| F|  |TAMS 0x000000072aa00000| PB 0x000000072aa00000| Untracked |  0
| 218|0x000000072ac00000, 0x000000072ae00000, 0x000000072ae00000|100%| O|  |TAMS 0x000000072ac00000| PB 0x000000072ac00000| Untracked |  0
| 219|0x000000072ae00000, 0x000000072b000000, 0x000000072b000000|100%| O|  |TAMS 0x000000072ae00000| PB 0x000000072ae00000| Untracked |  0
| 220|0x000000072b000000, 0x000000072b000000, 0x000000072b200000|  0%| F|  |TAMS 0x000000072b000000| PB 0x000000072b000000| Untracked |  0
| 221|0x000000072b200000, 0x000000072b400000, 0x000000072b400000|100%| O|  |TAMS 0x000000072b200000| PB 0x000000072b200000| Untracked |  0
| 222|0x000000072b400000, 0x000000072b600000, 0x000000072b600000|100%| O|  |TAMS 0x000000072b400000| PB 0x000000072b400000| Untracked |  0
| 223|0x000000072b600000, 0x000000072b600000, 0x000000072b800000|  0%| F|  |TAMS 0x000000072b600000| PB 0x000000072b600000| Untracked |  0
| 224|0x000000072b800000, 0x000000072ba00000, 0x000000072ba00000|100%| O|  |TAMS 0x000000072b800000| PB 0x000000072b800000| Untracked |  0
| 225|0x000000072ba00000, 0x000000072ba00000, 0x000000072bc00000|  0%| F|  |TAMS 0x000000072ba00000| PB 0x000000072ba00000| Untracked |  0
| 226|0x000000072bc00000, 0x000000072be00000, 0x000000072be00000|100%| O|  |TAMS 0x000000072bc00000| PB 0x000000072bc00000| Untracked |  0
| 227|0x000000072be00000, 0x000000072c000000, 0x000000072c000000|100%| O|  |TAMS 0x000000072be00000| PB 0x000000072be00000| Untracked |  0
| 228|0x000000072c000000, 0x000000072c200000, 0x000000072c200000|100%| O|  |TAMS 0x000000072c000000| PB 0x000000072c000000| Untracked |  0
| 229|0x000000072c200000, 0x000000072c200000, 0x000000072c400000|  0%| F|  |TAMS 0x000000072c200000| PB 0x000000072c200000| Untracked |  0
| 230|0x000000072c400000, 0x000000072c600000, 0x000000072c600000|100%| O|  |TAMS 0x000000072c400000| PB 0x000000072c400000| Untracked |  0
| 231|0x000000072c600000, 0x000000072c600000, 0x000000072c800000|  0%| F|  |TAMS 0x000000072c600000| PB 0x000000072c600000| Untracked |  0
| 232|0x000000072c800000, 0x000000072c800000, 0x000000072ca00000|  0%| F|  |TAMS 0x000000072c800000| PB 0x000000072c800000| Untracked |  0
| 233|0x000000072ca00000, 0x000000072ca00000, 0x000000072cc00000|  0%| F|  |TAMS 0x000000072ca00000| PB 0x000000072ca00000| Untracked |  0
| 234|0x000000072cc00000, 0x000000072cc00000, 0x000000072ce00000|  0%| F|  |TAMS 0x000000072cc00000| PB 0x000000072cc00000| Untracked |  0
| 235|0x000000072ce00000, 0x000000072ce00000, 0x000000072d000000|  0%| F|  |TAMS 0x000000072ce00000| PB 0x000000072ce00000| Untracked |  0
| 236|0x000000072d000000, 0x000000072d000000, 0x000000072d200000|  0%| F|  |TAMS 0x000000072d000000| PB 0x000000072d000000| Untracked |  0
| 237|0x000000072d200000, 0x000000072d400000, 0x000000072d400000|100%| O|  |TAMS 0x000000072d200000| PB 0x000000072d200000| Untracked |  0
| 238|0x000000072d400000, 0x000000072d600000, 0x000000072d600000|100%| O|  |TAMS 0x000000072d400000| PB 0x000000072d400000| Untracked |  0
| 239|0x000000072d600000, 0x000000072d800000, 0x000000072d800000|100%| O|  |TAMS 0x000000072d600000| PB 0x000000072d600000| Untracked |  0
| 240|0x000000072d800000, 0x000000072da00000, 0x000000072da00000|100%| O|  |TAMS 0x000000072d800000| PB 0x000000072d800000| Untracked |  0
| 241|0x000000072da00000, 0x000000072da00000, 0x000000072dc00000|  0%| F|  |TAMS 0x000000072da00000| PB 0x000000072da00000| Untracked |  0
| 242|0x000000072dc00000, 0x000000072dc00000, 0x000000072de00000|  0%| F|  |TAMS 0x000000072dc00000| PB 0x000000072dc00000| Untracked |  0
| 243|0x000000072de00000, 0x000000072e000000, 0x000000072e000000|100%| O|  |TAMS 0x000000072de00000| PB 0x000000072de00000| Untracked |  0
| 244|0x000000072e000000, 0x000000072e000000, 0x000000072e200000|  0%| F|  |TAMS 0x000000072e000000| PB 0x000000072e000000| Untracked |  0
| 245|0x000000072e200000, 0x000000072e200000, 0x000000072e400000|  0%| F|  |TAMS 0x000000072e200000| PB 0x000000072e200000| Untracked |  0
| 246|0x000000072e400000, 0x000000072e400000, 0x000000072e600000|  0%| F|  |TAMS 0x000000072e400000| PB 0x000000072e400000| Untracked |  0
| 247|0x000000072e600000, 0x000000072e600000, 0x000000072e800000|  0%| F|  |TAMS 0x000000072e600000| PB 0x000000072e600000| Untracked |  0
| 248|0x000000072e800000, 0x000000072e800000, 0x000000072ea00000|  0%| F|  |TAMS 0x000000072e800000| PB 0x000000072e800000| Untracked |  0
| 249|0x000000072ea00000, 0x000000072ea00000, 0x000000072ec00000|  0%| F|  |TAMS 0x000000072ea00000| PB 0x000000072ea00000| Untracked |  0
| 250|0x000000072ec00000, 0x000000072ec00000, 0x000000072ee00000|  0%| F|  |TAMS 0x000000072ec00000| PB 0x000000072ec00000| Untracked |  0
| 251|0x000000072ee00000, 0x000000072f000000, 0x000000072f000000|100%| O|  |TAMS 0x000000072ee00000| PB 0x000000072ee00000| Untracked |  0
| 252|0x000000072f000000, 0x000000072f000000, 0x000000072f200000|  0%| F|  |TAMS 0x000000072f000000| PB 0x000000072f000000| Untracked |  0
| 253|0x000000072f200000, 0x000000072f200000, 0x000000072f400000|  0%| F|  |TAMS 0x000000072f200000| PB 0x000000072f200000| Untracked |  0
| 254|0x000000072f400000, 0x000000072f400000, 0x000000072f600000|  0%| F|  |TAMS 0x000000072f400000| PB 0x000000072f400000| Untracked |  0
| 255|0x000000072f600000, 0x000000072f800000, 0x000000072f800000|100%| O|  |TAMS 0x000000072f600000| PB 0x000000072f600000| Untracked |  0
| 256|0x000000072f800000, 0x000000072f800000, 0x000000072fa00000|  0%| F|  |TAMS 0x000000072f800000| PB 0x000000072f800000| Untracked |  0
| 257|0x000000072fa00000, 0x000000072fc00000, 0x000000072fc00000|100%| O|  |TAMS 0x000000072fa00000| PB 0x000000072fa00000| Untracked |  0
| 258|0x000000072fc00000, 0x000000072fe00000, 0x000000072fe00000|100%| O|  |TAMS 0x000000072fc00000| PB 0x000000072fc00000| Untracked |  0
| 259|0x000000072fe00000, 0x0000000730000000, 0x0000000730000000|100%| O|  |TAMS 0x000000072fe00000| PB 0x000000072fe00000| Untracked |  0
| 260|0x0000000730000000, 0x0000000730200000, 0x0000000730200000|100%| O|  |TAMS 0x0000000730000000| PB 0x0000000730000000| Untracked |  0
| 261|0x0000000730200000, 0x0000000730400000, 0x0000000730400000|100%| O|  |TAMS 0x0000000730200000| PB 0x0000000730200000| Untracked |  0
| 262|0x0000000730400000, 0x0000000730400000, 0x0000000730600000|  0%| F|  |TAMS 0x0000000730400000| PB 0x0000000730400000| Untracked |  0
| 263|0x0000000730600000, 0x0000000730800000, 0x0000000730800000|100%| O|  |TAMS 0x0000000730600000| PB 0x0000000730600000| Untracked |  0
| 264|0x0000000730800000, 0x0000000730800000, 0x0000000730a00000|  0%| F|  |TAMS 0x0000000730800000| PB 0x0000000730800000| Untracked |  0
| 265|0x0000000730a00000, 0x0000000730a00000, 0x0000000730c00000|  0%| F|  |TAMS 0x0000000730a00000| PB 0x0000000730a00000| Untracked |  0
| 266|0x0000000730c00000, 0x0000000730c00000, 0x0000000730e00000|  0%| F|  |TAMS 0x0000000730c00000| PB 0x0000000730c00000| Untracked |  0
| 267|0x0000000730e00000, 0x0000000730e00000, 0x0000000731000000|  0%| F|  |TAMS 0x0000000730e00000| PB 0x0000000730e00000| Untracked |  0
| 268|0x0000000731000000, 0x0000000731200000, 0x0000000731200000|100%| O|  |TAMS 0x0000000731000000| PB 0x0000000731000000| Untracked |  0
| 269|0x0000000731200000, 0x0000000731200000, 0x0000000731400000|  0%| F|  |TAMS 0x0000000731200000| PB 0x0000000731200000| Untracked |  0
| 270|0x0000000731400000, 0x0000000731400000, 0x0000000731600000|  0%| F|  |TAMS 0x0000000731400000| PB 0x0000000731400000| Untracked |  0
| 271|0x0000000731600000, 0x0000000731600000, 0x0000000731800000|  0%| F|  |TAMS 0x0000000731600000| PB 0x0000000731600000| Untracked |  0
| 272|0x0000000731800000, 0x0000000731800000, 0x0000000731a00000|  0%| F|  |TAMS 0x0000000731800000| PB 0x0000000731800000| Untracked |  0
| 273|0x0000000731a00000, 0x0000000731c00000, 0x0000000731c00000|100%| O|  |TAMS 0x0000000731a00000| PB 0x0000000731a00000| Untracked |  0
| 274|0x0000000731c00000, 0x0000000731c00000, 0x0000000731e00000|  0%| F|  |TAMS 0x0000000731c00000| PB 0x0000000731c00000| Untracked |  0
| 275|0x0000000731e00000, 0x0000000731e00000, 0x0000000732000000|  0%| F|  |TAMS 0x0000000731e00000| PB 0x0000000731e00000| Untracked |  0
| 276|0x0000000732000000, 0x0000000732000000, 0x0000000732200000|  0%| F|  |TAMS 0x0000000732000000| PB 0x0000000732000000| Untracked |  0
| 277|0x0000000732200000, 0x0000000732200000, 0x0000000732400000|  0%| F|  |TAMS 0x0000000732200000| PB 0x0000000732200000| Untracked |  0
| 278|0x0000000732400000, 0x0000000732400000, 0x0000000732600000|  0%| F|  |TAMS 0x0000000732400000| PB 0x0000000732400000| Untracked |  0
| 279|0x0000000732600000, 0x0000000732600000, 0x0000000732800000|  0%| F|  |TAMS 0x0000000732600000| PB 0x0000000732600000| Untracked |  0
| 280|0x0000000732800000, 0x0000000732800000, 0x0000000732a00000|  0%| F|  |TAMS 0x0000000732800000| PB 0x0000000732800000| Untracked |  0
| 281|0x0000000732a00000, 0x0000000732c00000, 0x0000000732c00000|100%| O|  |TAMS 0x0000000732a00000| PB 0x0000000732a00000| Untracked |  0
| 282|0x0000000732c00000, 0x0000000732c00000, 0x0000000732e00000|  0%| F|  |TAMS 0x0000000732c00000| PB 0x0000000732c00000| Untracked |  0
| 283|0x0000000732e00000, 0x0000000732e00000, 0x0000000733000000|  0%| F|  |TAMS 0x0000000732e00000| PB 0x0000000732e00000| Untracked |  0
| 284|0x0000000733000000, 0x0000000733000000, 0x0000000733200000|  0%| F|  |TAMS 0x0000000733000000| PB 0x0000000733000000| Untracked |  0
| 285|0x0000000733200000, 0x0000000733400000, 0x0000000733400000|100%| O|  |TAMS 0x0000000733200000| PB 0x0000000733200000| Untracked |  0
| 286|0x0000000733400000, 0x0000000733400000, 0x0000000733600000|  0%| F|  |TAMS 0x0000000733400000| PB 0x0000000733400000| Untracked |  0
| 287|0x0000000733600000, 0x0000000733600000, 0x0000000733800000|  0%| F|  |TAMS 0x0000000733600000| PB 0x0000000733600000| Untracked |  0
| 288|0x0000000733800000, 0x0000000733a00000, 0x0000000733a00000|100%| O|  |TAMS 0x0000000733800000| PB 0x0000000733800000| Untracked |  0
| 289|0x0000000733a00000, 0x0000000733a00000, 0x0000000733c00000|  0%| F|  |TAMS 0x0000000733a00000| PB 0x0000000733a00000| Untracked |  0
| 290|0x0000000733c00000, 0x0000000733c00000, 0x0000000733e00000|  0%| F|  |TAMS 0x0000000733c00000| PB 0x0000000733c00000| Untracked |  0
| 291|0x0000000733e00000, 0x0000000734000000, 0x0000000734000000|100%| O|  |TAMS 0x0000000733e00000| PB 0x0000000733e00000| Untracked |  0
| 292|0x0000000734000000, 0x0000000734200000, 0x0000000734200000|100%| O|  |TAMS 0x0000000734000000| PB 0x0000000734000000| Untracked |  0
| 293|0x0000000734200000, 0x0000000734200000, 0x0000000734400000|  0%| F|  |TAMS 0x0000000734200000| PB 0x0000000734200000| Untracked |  0
| 294|0x0000000734400000, 0x0000000734400000, 0x0000000734600000|  0%| F|  |TAMS 0x0000000734400000| PB 0x0000000734400000| Untracked |  0
| 295|0x0000000734600000, 0x0000000734600000, 0x0000000734800000|  0%| F|  |TAMS 0x0000000734600000| PB 0x0000000734600000| Untracked |  0
| 296|0x0000000734800000, 0x0000000734800000, 0x0000000734a00000|  0%| F|  |TAMS 0x0000000734800000| PB 0x0000000734800000| Untracked |  0
| 297|0x0000000734a00000, 0x0000000734a00000, 0x0000000734c00000|  0%| F|  |TAMS 0x0000000734a00000| PB 0x0000000734a00000| Untracked |  0
| 298|0x0000000734c00000, 0x0000000734c00000, 0x0000000734e00000|  0%| F|  |TAMS 0x0000000734c00000| PB 0x0000000734c00000| Untracked |  0
| 299|0x0000000734e00000, 0x0000000734e00000, 0x0000000735000000|  0%| F|  |TAMS 0x0000000734e00000| PB 0x0000000734e00000| Untracked |  0
| 300|0x0000000735000000, 0x0000000735200000, 0x0000000735200000|100%| O|  |TAMS 0x0000000735000000| PB 0x0000000735000000| Untracked |  0
| 301|0x0000000735200000, 0x0000000735200000, 0x0000000735400000|  0%| F|  |TAMS 0x0000000735200000| PB 0x0000000735200000| Untracked |  0
| 302|0x0000000735400000, 0x0000000735600000, 0x0000000735600000|100%| O|  |TAMS 0x0000000735400000| PB 0x0000000735400000| Untracked |  0
| 303|0x0000000735600000, 0x0000000735600000, 0x0000000735800000|  0%| F|  |TAMS 0x0000000735600000| PB 0x0000000735600000| Untracked |  0
| 304|0x0000000735800000, 0x0000000735800000, 0x0000000735a00000|  0%| F|  |TAMS 0x0000000735800000| PB 0x0000000735800000| Untracked |  0
| 305|0x0000000735a00000, 0x0000000735a00000, 0x0000000735c00000|  0%| F|  |TAMS 0x0000000735a00000| PB 0x0000000735a00000| Untracked |  0
| 306|0x0000000735c00000, 0x0000000735c00000, 0x0000000735e00000|  0%| F|  |TAMS 0x0000000735c00000| PB 0x0000000735c00000| Untracked |  0
| 307|0x0000000735e00000, 0x0000000735e00000, 0x0000000736000000|  0%| F|  |TAMS 0x0000000735e00000| PB 0x0000000735e00000| Untracked |  0
| 308|0x0000000736000000, 0x0000000736000000, 0x0000000736200000|  0%| F|  |TAMS 0x0000000736000000| PB 0x0000000736000000| Untracked |  0
| 309|0x0000000736200000, 0x0000000736200000, 0x0000000736400000|  0%| F|  |TAMS 0x0000000736200000| PB 0x0000000736200000| Untracked |  0
| 310|0x0000000736400000, 0x0000000736400000, 0x0000000736600000|  0%| F|  |TAMS 0x0000000736400000| PB 0x0000000736400000| Untracked |  0
| 311|0x0000000736600000, 0x0000000736600000, 0x0000000736800000|  0%| F|  |TAMS 0x0000000736600000| PB 0x0000000736600000| Untracked |  0
| 312|0x0000000736800000, 0x0000000736800000, 0x0000000736a00000|  0%| F|  |TAMS 0x0000000736800000| PB 0x0000000736800000| Untracked |  0
| 313|0x0000000736a00000, 0x0000000736a00000, 0x0000000736c00000|  0%| F|  |TAMS 0x0000000736a00000| PB 0x0000000736a00000| Untracked |  0
| 314|0x0000000736c00000, 0x0000000736c00000, 0x0000000736e00000|  0%| F|  |TAMS 0x0000000736c00000| PB 0x0000000736c00000| Untracked |  0
| 315|0x0000000736e00000, 0x0000000736e00000, 0x0000000737000000|  0%| F|  |TAMS 0x0000000736e00000| PB 0x0000000736e00000| Untracked |  0
| 316|0x0000000737000000, 0x0000000737000000, 0x0000000737200000|  0%| F|  |TAMS 0x0000000737000000| PB 0x0000000737000000| Untracked |  0
| 317|0x0000000737200000, 0x0000000737200000, 0x0000000737400000|  0%| F|  |TAMS 0x0000000737200000| PB 0x0000000737200000| Untracked |  0
| 318|0x0000000737400000, 0x0000000737600000, 0x0000000737600000|100%| O|  |TAMS 0x0000000737400000| PB 0x0000000737400000| Untracked |  0
| 319|0x0000000737600000, 0x0000000737600000, 0x0000000737800000|  0%| F|  |TAMS 0x0000000737600000| PB 0x0000000737600000| Untracked |  0
| 320|0x0000000737800000, 0x0000000737800000, 0x0000000737a00000|  0%| F|  |TAMS 0x0000000737800000| PB 0x0000000737800000| Untracked |  0
| 321|0x0000000737a00000, 0x0000000737a00000, 0x0000000737c00000|  0%| F|  |TAMS 0x0000000737a00000| PB 0x0000000737a00000| Untracked |  0
| 322|0x0000000737c00000, 0x0000000737e00000, 0x0000000737e00000|100%| O|  |TAMS 0x0000000737c00000| PB 0x0000000737c00000| Untracked |  0
| 323|0x0000000737e00000, 0x0000000737e00000, 0x0000000738000000|  0%| F|  |TAMS 0x0000000737e00000| PB 0x0000000737e00000| Untracked |  0
| 324|0x0000000738000000, 0x0000000738000000, 0x0000000738200000|  0%| F|  |TAMS 0x0000000738000000| PB 0x0000000738000000| Untracked |  0
| 325|0x0000000738200000, 0x0000000738400000, 0x0000000738400000|100%| O|  |TAMS 0x0000000738200000| PB 0x0000000738200000| Untracked |  0
| 326|0x0000000738400000, 0x0000000738400000, 0x0000000738600000|  0%| F|  |TAMS 0x0000000738400000| PB 0x0000000738400000| Untracked |  0
| 327|0x0000000738600000, 0x0000000738700000, 0x0000000738800000| 50%| S|CS|TAMS 0x0000000738600000| PB 0x0000000738600000| Complete |  0
| 328|0x0000000738800000, 0x0000000738a00000, 0x0000000738a00000|100%| O|  |TAMS 0x0000000738800000| PB 0x0000000738800000| Untracked |  0
| 329|0x0000000738a00000, 0x0000000738c00000, 0x0000000738c00000|100%| S|CS|TAMS 0x0000000738a00000| PB 0x0000000738a00000| Complete |  0
| 330|0x0000000738c00000, 0x0000000738c00000, 0x0000000738e00000|  0%| F|  |TAMS 0x0000000738c00000| PB 0x0000000738c00000| Untracked |  0
| 331|0x0000000738e00000, 0x0000000739000000, 0x0000000739000000|100%| S|CS|TAMS 0x0000000738e00000| PB 0x0000000738e00000| Complete |  0
| 332|0x0000000739000000, 0x0000000739200000, 0x0000000739200000|100%| S|CS|TAMS 0x0000000739000000| PB 0x0000000739000000| Complete |  0
| 333|0x0000000739200000, 0x0000000739400000, 0x0000000739400000|100%| O|  |TAMS 0x0000000739200000| PB 0x0000000739200000| Untracked |  0
| 334|0x0000000739400000, 0x0000000739600000, 0x0000000739600000|100%| O|  |TAMS 0x0000000739400000| PB 0x0000000739400000| Untracked |  0
| 335|0x0000000739600000, 0x0000000739800000, 0x0000000739800000|100%| S|CS|TAMS 0x0000000739600000| PB 0x0000000739600000| Complete |  0
| 336|0x0000000739800000, 0x0000000739a00000, 0x0000000739a00000|100%| S|CS|TAMS 0x0000000739800000| PB 0x0000000739800000| Complete |  0
| 337|0x0000000739a00000, 0x0000000739c00000, 0x0000000739c00000|100%| S|CS|TAMS 0x0000000739a00000| PB 0x0000000739a00000| Complete |  0
| 338|0x0000000739c00000, 0x0000000739e00000, 0x0000000739e00000|100%| S|CS|TAMS 0x0000000739c00000| PB 0x0000000739c00000| Complete |  0
| 339|0x0000000739e00000, 0x0000000739e00000, 0x000000073a000000|  0%| F|  |TAMS 0x0000000739e00000| PB 0x0000000739e00000| Untracked |  0
| 340|0x000000073a000000, 0x000000073a200000, 0x000000073a200000|100%| O|  |TAMS 0x000000073a000000| PB 0x000000073a000000| Untracked |  0
| 341|0x000000073a200000, 0x000000073a400000, 0x000000073a400000|100%| S|CS|TAMS 0x000000073a200000| PB 0x000000073a200000| Complete |  0
| 342|0x000000073a400000, 0x000000073a400000, 0x000000073a600000|  0%| F|  |TAMS 0x000000073a400000| PB 0x000000073a400000| Untracked |  0
| 343|0x000000073a600000, 0x000000073a600000, 0x000000073a800000|  0%| F|  |TAMS 0x000000073a600000| PB 0x000000073a600000| Untracked |  0
| 344|0x000000073a800000, 0x000000073aa00000, 0x000000073aa00000|100%| S|CS|TAMS 0x000000073a800000| PB 0x000000073a800000| Complete |  0
| 345|0x000000073aa00000, 0x000000073ac00000, 0x000000073ac00000|100%| S|CS|TAMS 0x000000073aa00000| PB 0x000000073aa00000| Complete |  0
| 346|0x000000073ac00000, 0x000000073ae00000, 0x000000073ae00000|100%| O|  |TAMS 0x000000073ac00000| PB 0x000000073ac00000| Untracked |  0
| 347|0x000000073ae00000, 0x000000073b000000, 0x000000073b000000|100%| S|CS|TAMS 0x000000073ae00000| PB 0x000000073ae00000| Complete |  0
| 348|0x000000073b000000, 0x000000073b200000, 0x000000073b200000|100%| O|  |TAMS 0x000000073b000000| PB 0x000000073b000000| Untracked |  0
| 349|0x000000073b200000, 0x000000073b400000, 0x000000073b400000|100%| S|CS|TAMS 0x000000073b200000| PB 0x000000073b200000| Complete |  0
| 350|0x000000073b400000, 0x000000073b400000, 0x000000073b600000|  0%| F|  |TAMS 0x000000073b400000| PB 0x000000073b400000| Untracked |  0
| 351|0x000000073b600000, 0x000000073b600000, 0x000000073b800000|  0%| F|  |TAMS 0x000000073b600000| PB 0x000000073b600000| Untracked |  0
| 352|0x000000073b800000, 0x000000073b800000, 0x000000073ba00000|  0%| F|  |TAMS 0x000000073b800000| PB 0x000000073b800000| Untracked |  0
| 353|0x000000073ba00000, 0x000000073bc00000, 0x000000073bc00000|100%| O|  |TAMS 0x000000073ba00000| PB 0x000000073ba00000| Untracked |  0
| 354|0x000000073bc00000, 0x000000073bc00000, 0x000000073be00000|  0%| F|  |TAMS 0x000000073bc00000| PB 0x000000073bc00000| Untracked |  0
| 355|0x000000073be00000, 0x000000073be00000, 0x000000073c000000|  0%| F|  |TAMS 0x000000073be00000| PB 0x000000073be00000| Untracked |  0
| 356|0x000000073c000000, 0x000000073c200000, 0x000000073c200000|100%| O|  |TAMS 0x000000073c000000| PB 0x000000073c000000| Untracked |  0
| 357|0x000000073c200000, 0x000000073c400000, 0x000000073c400000|100%| O|  |TAMS 0x000000073c200000| PB 0x000000073c200000| Untracked |  0
| 358|0x000000073c400000, 0x000000073c600000, 0x000000073c600000|100%| O|  |TAMS 0x000000073c400000| PB 0x000000073c400000| Untracked |  0
| 359|0x000000073c600000, 0x000000073c800000, 0x000000073c800000|100%| S|CS|TAMS 0x000000073c600000| PB 0x000000073c600000| Complete |  0
| 360|0x000000073c800000, 0x000000073ca00000, 0x000000073ca00000|100%| S|CS|TAMS 0x000000073c800000| PB 0x000000073c800000| Complete |  0
| 361|0x000000073ca00000, 0x000000073ca00000, 0x000000073cc00000|  0%| F|  |TAMS 0x000000073ca00000| PB 0x000000073ca00000| Untracked |  0
| 362|0x000000073cc00000, 0x000000073ce00000, 0x000000073ce00000|100%| S|CS|TAMS 0x000000073cc00000| PB 0x000000073cc00000| Complete |  0
| 363|0x000000073ce00000, 0x000000073d000000, 0x000000073d000000|100%| O|  |TAMS 0x000000073ce00000| PB 0x000000073ce00000| Untracked |  0
| 364|0x000000073d000000, 0x000000073d000000, 0x000000073d200000|  0%| F|  |TAMS 0x000000073d000000| PB 0x000000073d000000| Untracked |  0
| 365|0x000000073d200000, 0x000000073d200000, 0x000000073d400000|  0%| F|  |TAMS 0x000000073d200000| PB 0x000000073d200000| Untracked |  0
| 366|0x000000073d400000, 0x000000073d600000, 0x000000073d600000|100%| O|  |TAMS 0x000000073d400000| PB 0x000000073d400000| Untracked |  0
| 367|0x000000073d600000, 0x000000073d800000, 0x000000073d800000|100%| S|CS|TAMS 0x000000073d600000| PB 0x000000073d600000| Complete |  0
| 368|0x000000073d800000, 0x000000073da00000, 0x000000073da00000|100%| S|CS|TAMS 0x000000073d800000| PB 0x000000073d800000| Complete |  0
| 369|0x000000073da00000, 0x000000073dc00000, 0x000000073dc00000|100%| S|CS|TAMS 0x000000073da00000| PB 0x000000073da00000| Complete |  0
| 370|0x000000073dc00000, 0x000000073de00000, 0x000000073de00000|100%| S|CS|TAMS 0x000000073dc00000| PB 0x000000073dc00000| Complete |  0
| 371|0x000000073de00000, 0x000000073e000000, 0x000000073e000000|100%| S|CS|TAMS 0x000000073de00000| PB 0x000000073de00000| Complete |  0
| 372|0x000000073e000000, 0x000000073e200000, 0x000000073e200000|100%| S|CS|TAMS 0x000000073e000000| PB 0x000000073e000000| Complete |  0
| 373|0x000000073e200000, 0x000000073e400000, 0x000000073e400000|100%| O|  |TAMS 0x000000073e200000| PB 0x000000073e200000| Untracked |  0
| 374|0x000000073e400000, 0x000000073e600000, 0x000000073e600000|100%| S|CS|TAMS 0x000000073e400000| PB 0x000000073e400000| Complete |  0
| 375|0x000000073e600000, 0x000000073e600000, 0x000000073e800000|  0%| F|  |TAMS 0x000000073e600000| PB 0x000000073e600000| Untracked |  0
| 376|0x000000073e800000, 0x000000073ea00000, 0x000000073ea00000|100%| S|CS|TAMS 0x000000073e800000| PB 0x000000073e800000| Complete |  0
| 377|0x000000073ea00000, 0x000000073ec00000, 0x000000073ec00000|100%| O|  |TAMS 0x000000073ea00000| PB 0x000000073ea00000| Untracked |  0
| 378|0x000000073ec00000, 0x000000073ee00000, 0x000000073ee00000|100%| S|CS|TAMS 0x000000073ec00000| PB 0x000000073ec00000| Complete |  0
| 379|0x000000073ee00000, 0x000000073f000000, 0x000000073f000000|100%| O|  |TAMS 0x000000073ee00000| PB 0x000000073ee00000| Untracked |  0
| 380|0x000000073f000000, 0x000000073f200000, 0x000000073f200000|100%| S|CS|TAMS 0x000000073f000000| PB 0x000000073f000000| Complete |  0
| 381|0x000000073f200000, 0x000000073f400000, 0x000000073f400000|100%| S|CS|TAMS 0x000000073f200000| PB 0x000000073f200000| Complete |  0
| 382|0x000000073f400000, 0x000000073f600000, 0x000000073f600000|100%| S|CS|TAMS 0x000000073f400000| PB 0x000000073f400000| Complete |  0
| 383|0x000000073f600000, 0x000000073f800000, 0x000000073f800000|100%| S|CS|TAMS 0x000000073f600000| PB 0x000000073f600000| Complete |  0
| 384|0x000000073f800000, 0x000000073fa00000, 0x000000073fa00000|100%| S|CS|TAMS 0x000000073f800000| PB 0x000000073f800000| Complete |  0
| 385|0x000000073fa00000, 0x000000073fc00000, 0x000000073fc00000|100%| S|CS|TAMS 0x000000073fa00000| PB 0x000000073fa00000| Complete |  0
| 386|0x000000073fc00000, 0x000000073fe00000, 0x000000073fe00000|100%| S|CS|TAMS 0x000000073fc00000| PB 0x000000073fc00000| Complete |  0
| 387|0x000000073fe00000, 0x0000000740000000, 0x0000000740000000|100%| S|CS|TAMS 0x000000073fe00000| PB 0x000000073fe00000| Complete |  0
| 388|0x0000000740000000, 0x0000000740200000, 0x0000000740200000|100%| S|CS|TAMS 0x0000000740000000| PB 0x0000000740000000| Complete |  0
| 389|0x0000000740200000, 0x0000000740400000, 0x0000000740400000|100%| S|CS|TAMS 0x0000000740200000| PB 0x0000000740200000| Complete |  0
| 390|0x0000000740400000, 0x0000000740600000, 0x0000000740600000|100%| S|CS|TAMS 0x0000000740400000| PB 0x0000000740400000| Complete |  0
| 391|0x0000000740600000, 0x0000000740800000, 0x0000000740800000|100%| S|CS|TAMS 0x0000000740600000| PB 0x0000000740600000| Complete |  0
| 392|0x0000000740800000, 0x0000000740a00000, 0x0000000740a00000|100%| S|CS|TAMS 0x0000000740800000| PB 0x0000000740800000| Complete |  0
| 393|0x0000000740a00000, 0x0000000740c00000, 0x0000000740c00000|100%| O|  |TAMS 0x0000000740a00000| PB 0x0000000740a00000| Untracked |  0
| 394|0x0000000740c00000, 0x0000000740e00000, 0x0000000740e00000|100%| O|  |TAMS 0x0000000740c00000| PB 0x0000000740c00000| Untracked |  0
| 395|0x0000000740e00000, 0x0000000741000000, 0x0000000741000000|100%| O|  |TAMS 0x0000000740e00000| PB 0x0000000740e00000| Untracked |  0
| 396|0x0000000741000000, 0x0000000741200000, 0x0000000741200000|100%| O|  |TAMS 0x0000000741000000| PB 0x0000000741000000| Untracked |  0
| 397|0x0000000741200000, 0x0000000741200000, 0x0000000741400000|  0%| F|  |TAMS 0x0000000741200000| PB 0x0000000741200000| Untracked |  0
| 398|0x0000000741400000, 0x0000000741600000, 0x0000000741600000|100%| O|  |TAMS 0x0000000741400000| PB 0x0000000741400000| Untracked |  0
| 399|0x0000000741600000, 0x0000000741800000, 0x0000000741800000|100%| O|  |TAMS 0x0000000741600000| PB 0x0000000741600000| Untracked |  0
| 400|0x0000000741800000, 0x0000000741a00000, 0x0000000741a00000|100%| O|  |TAMS 0x0000000741800000| PB 0x0000000741800000| Untracked |  0
| 401|0x0000000741a00000, 0x0000000741c00000, 0x0000000741c00000|100%|HS|  |TAMS 0x0000000741a00000| PB 0x0000000741a00000| Complete |  0
| 402|0x0000000741c00000, 0x0000000741e00000, 0x0000000741e00000|100%|HC|  |TAMS 0x0000000741c00000| PB 0x0000000741c00000| Complete |  0
| 403|0x0000000741e00000, 0x0000000742000000, 0x0000000742000000|100%|HC|  |TAMS 0x0000000741e00000| PB 0x0000000741e00000| Complete |  0
| 404|0x0000000742000000, 0x0000000742200000, 0x0000000742200000|100%|HC|  |TAMS 0x0000000742000000| PB 0x0000000742000000| Complete |  0
| 405|0x0000000742200000, 0x0000000742400000, 0x0000000742400000|100%|HC|  |TAMS 0x0000000742200000| PB 0x0000000742200000| Complete |  0
| 406|0x0000000742400000, 0x0000000742600000, 0x0000000742600000|100%|HC|  |TAMS 0x0000000742400000| PB 0x0000000742400000| Complete |  0
| 407|0x0000000742600000, 0x0000000742800000, 0x0000000742800000|100%|HC|  |TAMS 0x0000000742600000| PB 0x0000000742600000| Complete |  0
| 408|0x0000000742800000, 0x0000000742a00000, 0x0000000742a00000|100%|HC|  |TAMS 0x0000000742800000| PB 0x0000000742800000| Complete |  0
| 409|0x0000000742a00000, 0x0000000742c00000, 0x0000000742c00000|100%|HC|  |TAMS 0x0000000742a00000| PB 0x0000000742a00000| Complete |  0
| 410|0x0000000742c00000, 0x0000000742c00000, 0x0000000742e00000|  0%| F|  |TAMS 0x0000000742c00000| PB 0x0000000742c00000| Untracked |  0
| 411|0x0000000742e00000, 0x0000000743000000, 0x0000000743000000|100%| O|  |TAMS 0x0000000742e00000| PB 0x0000000742e00000| Untracked |  0
| 412|0x0000000743000000, 0x0000000743200000, 0x0000000743200000|100%| S|CS|TAMS 0x0000000743000000| PB 0x0000000743000000| Complete |  0
| 413|0x0000000743200000, 0x0000000743400000, 0x0000000743400000|100%| S|CS|TAMS 0x0000000743200000| PB 0x0000000743200000| Complete |  0
| 414|0x0000000743400000, 0x0000000743600000, 0x0000000743600000|100%|HS|  |TAMS 0x0000000743400000| PB 0x0000000743400000| Complete |  0
| 415|0x0000000743600000, 0x0000000743800000, 0x0000000743800000|100%|HC|  |TAMS 0x0000000743600000| PB 0x0000000743600000| Complete |  0
| 416|0x0000000743800000, 0x0000000743a00000, 0x0000000743a00000|100%|HC|  |TAMS 0x0000000743800000| PB 0x0000000743800000| Complete |  0
| 417|0x0000000743a00000, 0x0000000743c00000, 0x0000000743c00000|100%|HC|  |TAMS 0x0000000743a00000| PB 0x0000000743a00000| Complete |  0
| 418|0x0000000743c00000, 0x0000000743e00000, 0x0000000743e00000|100%|HC|  |TAMS 0x0000000743c00000| PB 0x0000000743c00000| Complete |  0
| 419|0x0000000743e00000, 0x0000000744000000, 0x0000000744000000|100%| S|CS|TAMS 0x0000000743e00000| PB 0x0000000743e00000| Complete |  0
| 420|0x0000000744000000, 0x0000000744200000, 0x0000000744200000|100%| S|CS|TAMS 0x0000000744000000| PB 0x0000000744000000| Complete |  0
| 421|0x0000000744200000, 0x0000000744400000, 0x0000000744400000|100%| S|CS|TAMS 0x0000000744200000| PB 0x0000000744200000| Complete |  0
| 422|0x0000000744400000, 0x0000000744600000, 0x0000000744600000|100%| S|CS|TAMS 0x0000000744400000| PB 0x0000000744400000| Complete |  0
| 423|0x0000000744600000, 0x0000000744800000, 0x0000000744800000|100%| S|CS|TAMS 0x0000000744600000| PB 0x0000000744600000| Complete |  0
| 424|0x0000000744800000, 0x0000000744a00000, 0x0000000744a00000|100%| S|CS|TAMS 0x0000000744800000| PB 0x0000000744800000| Complete |  0
| 425|0x0000000744a00000, 0x0000000744c00000, 0x0000000744c00000|100%| S|CS|TAMS 0x0000000744a00000| PB 0x0000000744a00000| Complete |  0
| 426|0x0000000744c00000, 0x0000000744e00000, 0x0000000744e00000|100%| S|CS|TAMS 0x0000000744c00000| PB 0x0000000744c00000| Complete |  0
| 427|0x0000000744e00000, 0x0000000745000000, 0x0000000745000000|100%| S|CS|TAMS 0x0000000744e00000| PB 0x0000000744e00000| Complete |  0
| 428|0x0000000745000000, 0x0000000745200000, 0x0000000745200000|100%| S|CS|TAMS 0x0000000745000000| PB 0x0000000745000000| Complete |  0
| 429|0x0000000745200000, 0x0000000745400000, 0x0000000745400000|100%| S|CS|TAMS 0x0000000745200000| PB 0x0000000745200000| Complete |  0
| 430|0x0000000745400000, 0x0000000745600000, 0x0000000745600000|100%| S|CS|TAMS 0x0000000745400000| PB 0x0000000745400000| Complete |  0
| 431|0x0000000745600000, 0x0000000745800000, 0x0000000745800000|100%| S|CS|TAMS 0x0000000745600000| PB 0x0000000745600000| Complete |  0
| 432|0x0000000745800000, 0x0000000745800000, 0x0000000745a00000|  0%| F|  |TAMS 0x0000000745800000| PB 0x0000000745800000| Untracked |  0
| 433|0x0000000745a00000, 0x0000000745a00000, 0x0000000745c00000|  0%| F|  |TAMS 0x0000000745a00000| PB 0x0000000745a00000| Untracked |  0
| 434|0x0000000745c00000, 0x0000000745c00000, 0x0000000745e00000|  0%| F|  |TAMS 0x0000000745c00000| PB 0x0000000745c00000| Untracked |  0
| 435|0x0000000745e00000, 0x0000000745e00000, 0x0000000746000000|  0%| F|  |TAMS 0x0000000745e00000| PB 0x0000000745e00000| Untracked |  0
| 436|0x0000000746000000, 0x0000000746000000, 0x0000000746200000|  0%| F|  |TAMS 0x0000000746000000| PB 0x0000000746000000| Untracked |  0
| 437|0x0000000746200000, 0x0000000746200000, 0x0000000746400000|  0%| F|  |TAMS 0x0000000746200000| PB 0x0000000746200000| Untracked |  0
| 438|0x0000000746400000, 0x0000000746400000, 0x0000000746600000|  0%| F|  |TAMS 0x0000000746400000| PB 0x0000000746400000| Untracked |  0
| 439|0x0000000746600000, 0x0000000746600000, 0x0000000746800000|  0%| F|  |TAMS 0x0000000746600000| PB 0x0000000746600000| Untracked |  0
| 440|0x0000000746800000, 0x0000000746800000, 0x0000000746a00000|  0%| F|  |TAMS 0x0000000746800000| PB 0x0000000746800000| Untracked |  0
| 441|0x0000000746a00000, 0x0000000746a00000, 0x0000000746c00000|  0%| F|  |TAMS 0x0000000746a00000| PB 0x0000000746a00000| Untracked |  0
| 442|0x0000000746c00000, 0x0000000746c00000, 0x0000000746e00000|  0%| F|  |TAMS 0x0000000746c00000| PB 0x0000000746c00000| Untracked |  0
| 443|0x0000000746e00000, 0x0000000746e00000, 0x0000000747000000|  0%| F|  |TAMS 0x0000000746e00000| PB 0x0000000746e00000| Untracked |  0
| 444|0x0000000747000000, 0x0000000747000000, 0x0000000747200000|  0%| F|  |TAMS 0x0000000747000000| PB 0x0000000747000000| Untracked |  0
| 445|0x0000000747200000, 0x0000000747200000, 0x0000000747400000|  0%| F|  |TAMS 0x0000000747200000| PB 0x0000000747200000| Untracked |  0
| 446|0x0000000747400000, 0x0000000747400000, 0x0000000747600000|  0%| F|  |TAMS 0x0000000747400000| PB 0x0000000747400000| Untracked |  0
| 447|0x0000000747600000, 0x0000000747600000, 0x0000000747800000|  0%| F|  |TAMS 0x0000000747600000| PB 0x0000000747600000| Untracked |  0
| 448|0x0000000747800000, 0x0000000747800000, 0x0000000747a00000|  0%| F|  |TAMS 0x0000000747800000| PB 0x0000000747800000| Untracked |  0
| 449|0x0000000747a00000, 0x0000000747a00000, 0x0000000747c00000|  0%| F|  |TAMS 0x0000000747a00000| PB 0x0000000747a00000| Untracked |  0
| 450|0x0000000747c00000, 0x0000000747c00000, 0x0000000747e00000|  0%| F|  |TAMS 0x0000000747c00000| PB 0x0000000747c00000| Untracked |  0
| 451|0x0000000747e00000, 0x0000000747e00000, 0x0000000748000000|  0%| F|  |TAMS 0x0000000747e00000| PB 0x0000000747e00000| Untracked |  0
| 452|0x0000000748000000, 0x0000000748000000, 0x0000000748200000|  0%| F|  |TAMS 0x0000000748000000| PB 0x0000000748000000| Untracked |  0
| 453|0x0000000748200000, 0x0000000748200000, 0x0000000748400000|  0%| F|  |TAMS 0x0000000748200000| PB 0x0000000748200000| Untracked |  0
| 454|0x0000000748400000, 0x0000000748400000, 0x0000000748600000|  0%| F|  |TAMS 0x0000000748400000| PB 0x0000000748400000| Untracked |  0
| 455|0x0000000748600000, 0x0000000748600000, 0x0000000748800000|  0%| F|  |TAMS 0x0000000748600000| PB 0x0000000748600000| Untracked |  0
| 456|0x0000000748800000, 0x0000000748800000, 0x0000000748a00000|  0%| F|  |TAMS 0x0000000748800000| PB 0x0000000748800000| Untracked |  0
| 457|0x0000000748a00000, 0x0000000748a00000, 0x0000000748c00000|  0%| F|  |TAMS 0x0000000748a00000| PB 0x0000000748a00000| Untracked |  0
| 458|0x0000000748c00000, 0x0000000748c00000, 0x0000000748e00000|  0%| F|  |TAMS 0x0000000748c00000| PB 0x0000000748c00000| Untracked |  0
| 459|0x0000000748e00000, 0x0000000748e00000, 0x0000000749000000|  0%| F|  |TAMS 0x0000000748e00000| PB 0x0000000748e00000| Untracked |  0
| 460|0x0000000749000000, 0x0000000749000000, 0x0000000749200000|  0%| F|  |TAMS 0x0000000749000000| PB 0x0000000749000000| Untracked |  0
| 461|0x0000000749200000, 0x0000000749200000, 0x0000000749400000|  0%| F|  |TAMS 0x0000000749200000| PB 0x0000000749200000| Untracked |  0
| 462|0x0000000749400000, 0x0000000749400000, 0x0000000749600000|  0%| F|  |TAMS 0x0000000749400000| PB 0x0000000749400000| Untracked |  0
| 463|0x0000000749600000, 0x0000000749600000, 0x0000000749800000|  0%| F|  |TAMS 0x0000000749600000| PB 0x0000000749600000| Untracked |  0
| 464|0x0000000749800000, 0x0000000749a00000, 0x0000000749a00000|100%| O|  |TAMS 0x0000000749800000| PB 0x0000000749800000| Untracked |  0
| 465|0x0000000749a00000, 0x0000000749c00000, 0x0000000749c00000|100%| O|  |TAMS 0x0000000749a00000| PB 0x0000000749a00000| Untracked |  0
| 466|0x0000000749c00000, 0x0000000749e00000, 0x0000000749e00000|100%| O|  |TAMS 0x0000000749c00000| PB 0x0000000749c00000| Untracked |  0
| 467|0x0000000749e00000, 0x000000074a000000, 0x000000074a000000|100%| O|  |TAMS 0x0000000749e00000| PB 0x0000000749e00000| Untracked |  0
| 468|0x000000074a000000, 0x000000074a200000, 0x000000074a200000|100%| O|  |TAMS 0x000000074a000000| PB 0x000000074a000000| Untracked |  0
| 469|0x000000074a200000, 0x000000074a400000, 0x000000074a400000|100%| O|  |TAMS 0x000000074a200000| PB 0x000000074a200000| Untracked |  0
| 470|0x000000074a400000, 0x000000074a600000, 0x000000074a600000|100%| O|  |TAMS 0x000000074a400000| PB 0x000000074a400000| Untracked |  0
| 471|0x000000074a600000, 0x000000074a800000, 0x000000074a800000|100%| O|  |TAMS 0x000000074a600000| PB 0x000000074a600000| Untracked |  0
| 472|0x000000074a800000, 0x000000074aa00000, 0x000000074aa00000|100%| O|  |TAMS 0x000000074a800000| PB 0x000000074a800000| Untracked |  0
| 473|0x000000074aa00000, 0x000000074aa00000, 0x000000074ac00000|  0%| F|  |TAMS 0x000000074aa00000| PB 0x000000074aa00000| Untracked |  0
| 474|0x000000074ac00000, 0x000000074ac00000, 0x000000074ae00000|  0%| F|  |TAMS 0x000000074ac00000| PB 0x000000074ac00000| Untracked |  0
| 475|0x000000074ae00000, 0x000000074ae00000, 0x000000074b000000|  0%| F|  |TAMS 0x000000074ae00000| PB 0x000000074ae00000| Untracked |  0
| 476|0x000000074b000000, 0x000000074b000000, 0x000000074b200000|  0%| F|  |TAMS 0x000000074b000000| PB 0x000000074b000000| Untracked |  0
| 477|0x000000074b200000, 0x000000074b200000, 0x000000074b400000|  0%| F|  |TAMS 0x000000074b200000| PB 0x000000074b200000| Untracked |  0
| 478|0x000000074b400000, 0x000000074b400000, 0x000000074b600000|  0%| F|  |TAMS 0x000000074b400000| PB 0x000000074b400000| Untracked |  0
| 479|0x000000074b600000, 0x000000074b600000, 0x000000074b800000|  0%| F|  |TAMS 0x000000074b600000| PB 0x000000074b600000| Untracked |  0
| 480|0x000000074b800000, 0x000000074b800000, 0x000000074ba00000|  0%| F|  |TAMS 0x000000074b800000| PB 0x000000074b800000| Untracked |  0
| 481|0x000000074ba00000, 0x000000074ba00000, 0x000000074bc00000|  0%| F|  |TAMS 0x000000074ba00000| PB 0x000000074ba00000| Untracked |  0
| 482|0x000000074bc00000, 0x000000074bc00000, 0x000000074be00000|  0%| F|  |TAMS 0x000000074bc00000| PB 0x000000074bc00000| Untracked |  0
| 483|0x000000074be00000, 0x000000074be00000, 0x000000074c000000|  0%| F|  |TAMS 0x000000074be00000| PB 0x000000074be00000| Untracked |  0
| 484|0x000000074c000000, 0x000000074c000000, 0x000000074c200000|  0%| F|  |TAMS 0x000000074c000000| PB 0x000000074c000000| Untracked |  0
| 485|0x000000074c200000, 0x000000074c200000, 0x000000074c400000|  0%| F|  |TAMS 0x000000074c200000| PB 0x000000074c200000| Untracked |  0
| 486|0x000000074c400000, 0x000000074c400000, 0x000000074c600000|  0%| F|  |TAMS 0x000000074c400000| PB 0x000000074c400000| Untracked |  0
| 487|0x000000074c600000, 0x000000074c600000, 0x000000074c800000|  0%| F|  |TAMS 0x000000074c600000| PB 0x000000074c600000| Untracked |  0
| 488|0x000000074c800000, 0x000000074c800000, 0x000000074ca00000|  0%| F|  |TAMS 0x000000074c800000| PB 0x000000074c800000| Untracked |  0
| 489|0x000000074ca00000, 0x000000074ca00000, 0x000000074cc00000|  0%| F|  |TAMS 0x000000074ca00000| PB 0x000000074ca00000| Untracked |  0
| 490|0x000000074cc00000, 0x000000074cc00000, 0x000000074ce00000|  0%| F|  |TAMS 0x000000074cc00000| PB 0x000000074cc00000| Untracked |  0
| 491|0x000000074ce00000, 0x000000074ce00000, 0x000000074d000000|  0%| F|  |TAMS 0x000000074ce00000| PB 0x000000074ce00000| Untracked |  0
| 492|0x000000074d000000, 0x000000074d000000, 0x000000074d200000|  0%| F|  |TAMS 0x000000074d000000| PB 0x000000074d000000| Untracked |  0
| 493|0x000000074d200000, 0x000000074d200000, 0x000000074d400000|  0%| F|  |TAMS 0x000000074d200000| PB 0x000000074d200000| Untracked |  0
| 494|0x000000074d400000, 0x000000074d400000, 0x000000074d600000|  0%| F|  |TAMS 0x000000074d400000| PB 0x000000074d400000| Untracked |  0
| 495|0x000000074d600000, 0x000000074d600000, 0x000000074d800000|  0%| F|  |TAMS 0x000000074d600000| PB 0x000000074d600000| Untracked |  0
| 496|0x000000074d800000, 0x000000074d800000, 0x000000074da00000|  0%| F|  |TAMS 0x000000074d800000| PB 0x000000074d800000| Untracked |  0
| 497|0x000000074da00000, 0x000000074da00000, 0x000000074dc00000|  0%| F|  |TAMS 0x000000074da00000| PB 0x000000074da00000| Untracked |  0
| 498|0x000000074dc00000, 0x000000074dc00000, 0x000000074de00000|  0%| F|  |TAMS 0x000000074dc00000| PB 0x000000074dc00000| Untracked |  0
| 499|0x000000074de00000, 0x000000074de00000, 0x000000074e000000|  0%| F|  |TAMS 0x000000074de00000| PB 0x000000074de00000| Untracked |  0
| 500|0x000000074e000000, 0x000000074e000000, 0x000000074e200000|  0%| F|  |TAMS 0x000000074e000000| PB 0x000000074e000000| Untracked |  0
| 501|0x000000074e200000, 0x000000074e200000, 0x000000074e400000|  0%| F|  |TAMS 0x000000074e200000| PB 0x000000074e200000| Untracked |  0
| 502|0x000000074e400000, 0x000000074e400000, 0x000000074e600000|  0%| F|  |TAMS 0x000000074e400000| PB 0x000000074e400000| Untracked |  0
| 503|0x000000074e600000, 0x000000074e600000, 0x000000074e800000|  0%| F|  |TAMS 0x000000074e600000| PB 0x000000074e600000| Untracked |  0
| 504|0x000000074e800000, 0x000000074e800000, 0x000000074ea00000|  0%| F|  |TAMS 0x000000074e800000| PB 0x000000074e800000| Untracked |  0
| 505|0x000000074ea00000, 0x000000074ea00000, 0x000000074ec00000|  0%| F|  |TAMS 0x000000074ea00000| PB 0x000000074ea00000| Untracked |  0
| 506|0x000000074ec00000, 0x000000074ec00000, 0x000000074ee00000|  0%| F|  |TAMS 0x000000074ec00000| PB 0x000000074ec00000| Untracked |  0
| 507|0x000000074ee00000, 0x000000074ee00000, 0x000000074f000000|  0%| F|  |TAMS 0x000000074ee00000| PB 0x000000074ee00000| Untracked |  0
| 508|0x000000074f000000, 0x000000074f000000, 0x000000074f200000|  0%| F|  |TAMS 0x000000074f000000| PB 0x000000074f000000| Untracked |  0
| 509|0x000000074f200000, 0x000000074f400000, 0x000000074f400000|100%| O|  |TAMS 0x000000074f200000| PB 0x000000074f200000| Untracked |  0
| 510|0x000000074f400000, 0x000000074f600000, 0x000000074f600000|100%| O|  |TAMS 0x000000074f400000| PB 0x000000074f400000| Untracked |  0
| 511|0x000000074f600000, 0x000000074f800000, 0x000000074f800000|100%| O|  |TAMS 0x000000074f600000| PB 0x000000074f600000| Untracked |  0
| 512|0x000000074f800000, 0x000000074fa00000, 0x000000074fa00000|100%| O|  |TAMS 0x000000074f800000| PB 0x000000074f800000| Untracked |  0
| 513|0x000000074fa00000, 0x000000074fc00000, 0x000000074fc00000|100%| O|  |TAMS 0x000000074fa00000| PB 0x000000074fa00000| Untracked |  0
| 514|0x000000074fc00000, 0x000000074fe00000, 0x000000074fe00000|100%| O|  |TAMS 0x000000074fc00000| PB 0x000000074fc00000| Untracked |  0
| 515|0x000000074fe00000, 0x0000000750000000, 0x0000000750000000|100%| O|  |TAMS 0x000000074fe00000| PB 0x000000074fe00000| Untracked |  0
| 516|0x0000000750000000, 0x0000000750200000, 0x0000000750200000|100%| O|  |TAMS 0x0000000750000000| PB 0x0000000750000000| Untracked |  0
| 517|0x0000000750200000, 0x0000000750400000, 0x0000000750400000|100%| O|  |TAMS 0x0000000750200000| PB 0x0000000750200000| Untracked |  0
| 518|0x0000000750400000, 0x0000000750600000, 0x0000000750600000|100%| O|  |TAMS 0x0000000750400000| PB 0x0000000750400000| Untracked |  0
| 519|0x0000000750600000, 0x0000000750800000, 0x0000000750800000|100%| O|  |TAMS 0x0000000750600000| PB 0x0000000750600000| Untracked |  0
| 520|0x0000000750800000, 0x0000000750a00000, 0x0000000750a00000|100%| O|  |TAMS 0x0000000750800000| PB 0x0000000750800000| Untracked |  0
| 521|0x0000000750a00000, 0x0000000750c00000, 0x0000000750c00000|100%| O|  |TAMS 0x0000000750a00000| PB 0x0000000750a00000| Untracked |  0
| 522|0x0000000750c00000, 0x0000000750e00000, 0x0000000750e00000|100%| O|  |TAMS 0x0000000750c00000| PB 0x0000000750c00000| Untracked |  0
| 523|0x0000000750e00000, 0x0000000751000000, 0x0000000751000000|100%| O|  |TAMS 0x0000000750e00000| PB 0x0000000750e00000| Untracked |  0
| 524|0x0000000751000000, 0x0000000751200000, 0x0000000751200000|100%| O|  |TAMS 0x0000000751000000| PB 0x0000000751000000| Untracked |  0
| 525|0x0000000751200000, 0x0000000751400000, 0x0000000751400000|100%| O|  |TAMS 0x0000000751200000| PB 0x0000000751200000| Untracked |  0
| 526|0x0000000751400000, 0x0000000751600000, 0x0000000751600000|100%| O|  |TAMS 0x0000000751400000| PB 0x0000000751400000| Untracked |  0
| 527|0x0000000751600000, 0x0000000751800000, 0x0000000751800000|100%| O|  |TAMS 0x0000000751600000| PB 0x0000000751600000| Untracked |  0
| 528|0x0000000751800000, 0x0000000751a00000, 0x0000000751a00000|100%| O|  |TAMS 0x0000000751800000| PB 0x0000000751800000| Untracked |  0
| 529|0x0000000751a00000, 0x0000000751c00000, 0x0000000751c00000|100%| O|  |TAMS 0x0000000751a00000| PB 0x0000000751a00000| Untracked |  0
| 530|0x0000000751c00000, 0x0000000751e00000, 0x0000000751e00000|100%| O|  |TAMS 0x0000000751c00000| PB 0x0000000751c00000| Untracked |  0
| 531|0x0000000751e00000, 0x0000000752000000, 0x0000000752000000|100%| O|  |TAMS 0x0000000751e00000| PB 0x0000000751e00000| Untracked |  0
| 532|0x0000000752000000, 0x0000000752200000, 0x0000000752200000|100%| O|  |TAMS 0x0000000752000000| PB 0x0000000752000000| Untracked |  0
| 533|0x0000000752200000, 0x0000000752400000, 0x0000000752400000|100%| O|  |TAMS 0x0000000752200000| PB 0x0000000752200000| Untracked |  0
| 534|0x0000000752400000, 0x0000000752600000, 0x0000000752600000|100%| O|  |TAMS 0x0000000752400000| PB 0x0000000752400000| Untracked |  0
| 535|0x0000000752600000, 0x0000000752800000, 0x0000000752800000|100%| O|  |TAMS 0x0000000752600000| PB 0x0000000752600000| Untracked |  0
| 536|0x0000000752800000, 0x0000000752a00000, 0x0000000752a00000|100%| O|  |TAMS 0x0000000752800000| PB 0x0000000752800000| Untracked |  0
| 537|0x0000000752a00000, 0x0000000752c00000, 0x0000000752c00000|100%| O|  |TAMS 0x0000000752a00000| PB 0x0000000752a00000| Untracked |  0
| 538|0x0000000752c00000, 0x0000000752e00000, 0x0000000752e00000|100%| O|  |TAMS 0x0000000752c00000| PB 0x0000000752c00000| Untracked |  0
| 539|0x0000000752e00000, 0x0000000753000000, 0x0000000753000000|100%| O|  |TAMS 0x0000000752e00000| PB 0x0000000752e00000| Untracked |  0
| 540|0x0000000753000000, 0x0000000753200000, 0x0000000753200000|100%| O|  |TAMS 0x0000000753000000| PB 0x0000000753000000| Untracked |  0
| 541|0x0000000753200000, 0x0000000753400000, 0x0000000753400000|100%| O|  |TAMS 0x0000000753200000| PB 0x0000000753200000| Untracked |  0
| 542|0x0000000753400000, 0x0000000753600000, 0x0000000753600000|100%| O|  |TAMS 0x0000000753400000| PB 0x0000000753400000| Untracked |  0
| 543|0x0000000753600000, 0x0000000753800000, 0x0000000753800000|100%| O|  |TAMS 0x0000000753600000| PB 0x0000000753600000| Untracked |  0
| 544|0x0000000753800000, 0x0000000753a00000, 0x0000000753a00000|100%| O|  |TAMS 0x0000000753800000| PB 0x0000000753800000| Untracked |  0
| 545|0x0000000753a00000, 0x0000000753c00000, 0x0000000753c00000|100%| O|  |TAMS 0x0000000753a00000| PB 0x0000000753a00000| Untracked |  0
| 546|0x0000000753c00000, 0x0000000753e00000, 0x0000000753e00000|100%| O|  |TAMS 0x0000000753c00000| PB 0x0000000753c00000| Untracked |  0
| 547|0x0000000753e00000, 0x0000000754000000, 0x0000000754000000|100%| O|  |TAMS 0x0000000753e00000| PB 0x0000000753e00000| Untracked |  0
| 548|0x0000000754000000, 0x0000000754000000, 0x0000000754200000|  0%| F|  |TAMS 0x0000000754000000| PB 0x0000000754000000| Untracked |  0
| 549|0x0000000754200000, 0x0000000754200000, 0x0000000754400000|  0%| F|  |TAMS 0x0000000754200000| PB 0x0000000754200000| Untracked |  0
| 550|0x0000000754400000, 0x0000000754400000, 0x0000000754600000|  0%| F|  |TAMS 0x0000000754400000| PB 0x0000000754400000| Untracked |  0
| 551|0x0000000754600000, 0x0000000754600000, 0x0000000754800000|  0%| F|  |TAMS 0x0000000754600000| PB 0x0000000754600000| Untracked |  0
| 552|0x0000000754800000, 0x0000000754800000, 0x0000000754a00000|  0%| F|  |TAMS 0x0000000754800000| PB 0x0000000754800000| Untracked |  0
| 553|0x0000000754a00000, 0x0000000754a00000, 0x0000000754c00000|  0%| F|  |TAMS 0x0000000754a00000| PB 0x0000000754a00000| Untracked |  0
| 554|0x0000000754c00000, 0x0000000754c00000, 0x0000000754e00000|  0%| F|  |TAMS 0x0000000754c00000| PB 0x0000000754c00000| Untracked |  0
| 555|0x0000000754e00000, 0x0000000754e00000, 0x0000000755000000|  0%| F|  |TAMS 0x0000000754e00000| PB 0x0000000754e00000| Untracked |  0
| 556|0x0000000755000000, 0x0000000755000000, 0x0000000755200000|  0%| F|  |TAMS 0x0000000755000000| PB 0x0000000755000000| Untracked |  0
| 557|0x0000000755200000, 0x0000000755200000, 0x0000000755400000|  0%| F|  |TAMS 0x0000000755200000| PB 0x0000000755200000| Untracked |  0
| 558|0x0000000755400000, 0x0000000755400000, 0x0000000755600000|  0%| F|  |TAMS 0x0000000755400000| PB 0x0000000755400000| Untracked |  0
| 559|0x0000000755600000, 0x0000000755600000, 0x0000000755800000|  0%| F|  |TAMS 0x0000000755600000| PB 0x0000000755600000| Untracked |  0
| 560|0x0000000755800000, 0x0000000755800000, 0x0000000755a00000|  0%| F|  |TAMS 0x0000000755800000| PB 0x0000000755800000| Untracked |  0
| 561|0x0000000755a00000, 0x0000000755a00000, 0x0000000755c00000|  0%| F|  |TAMS 0x0000000755a00000| PB 0x0000000755a00000| Untracked |  0
| 562|0x0000000755c00000, 0x0000000755c00000, 0x0000000755e00000|  0%| F|  |TAMS 0x0000000755c00000| PB 0x0000000755c00000| Untracked |  0
| 563|0x0000000755e00000, 0x0000000755e00000, 0x0000000756000000|  0%| F|  |TAMS 0x0000000755e00000| PB 0x0000000755e00000| Untracked |  0
| 564|0x0000000756000000, 0x0000000756000000, 0x0000000756200000|  0%| F|  |TAMS 0x0000000756000000| PB 0x0000000756000000| Untracked |  0
| 565|0x0000000756200000, 0x0000000756200000, 0x0000000756400000|  0%| F|  |TAMS 0x0000000756200000| PB 0x0000000756200000| Untracked |  0
| 566|0x0000000756400000, 0x0000000756400000, 0x0000000756600000|  0%| F|  |TAMS 0x0000000756400000| PB 0x0000000756400000| Untracked |  0
| 567|0x0000000756600000, 0x0000000756600000, 0x0000000756800000|  0%| F|  |TAMS 0x0000000756600000| PB 0x0000000756600000| Untracked |  0
| 568|0x0000000756800000, 0x0000000756800000, 0x0000000756a00000|  0%| F|  |TAMS 0x0000000756800000| PB 0x0000000756800000| Untracked |  0
| 569|0x0000000756a00000, 0x0000000756a00000, 0x0000000756c00000|  0%| F|  |TAMS 0x0000000756a00000| PB 0x0000000756a00000| Untracked |  0
| 570|0x0000000756c00000, 0x0000000756c00000, 0x0000000756e00000|  0%| F|  |TAMS 0x0000000756c00000| PB 0x0000000756c00000| Untracked |  0
| 571|0x0000000756e00000, 0x0000000756e00000, 0x0000000757000000|  0%| F|  |TAMS 0x0000000756e00000| PB 0x0000000756e00000| Untracked |  0
| 572|0x0000000757000000, 0x0000000757000000, 0x0000000757200000|  0%| F|  |TAMS 0x0000000757000000| PB 0x0000000757000000| Untracked |  0
| 573|0x0000000757200000, 0x0000000757200000, 0x0000000757400000|  0%| F|  |TAMS 0x0000000757200000| PB 0x0000000757200000| Untracked |  0
| 574|0x0000000757400000, 0x0000000757400000, 0x0000000757600000|  0%| F|  |TAMS 0x0000000757400000| PB 0x0000000757400000| Untracked |  0
| 575|0x0000000757600000, 0x0000000757600000, 0x0000000757800000|  0%| F|  |TAMS 0x0000000757600000| PB 0x0000000757600000| Untracked |  0
| 576|0x0000000757800000, 0x0000000757800000, 0x0000000757a00000|  0%| F|  |TAMS 0x0000000757800000| PB 0x0000000757800000| Untracked |  0
| 577|0x0000000757a00000, 0x0000000757a00000, 0x0000000757c00000|  0%| F|  |TAMS 0x0000000757a00000| PB 0x0000000757a00000| Untracked |  0
| 578|0x0000000757c00000, 0x0000000757c00000, 0x0000000757e00000|  0%| F|  |TAMS 0x0000000757c00000| PB 0x0000000757c00000| Untracked |  0
| 579|0x0000000757e00000, 0x0000000757e00000, 0x0000000758000000|  0%| F|  |TAMS 0x0000000757e00000| PB 0x0000000757e00000| Untracked |  0
| 580|0x0000000758000000, 0x0000000758000000, 0x0000000758200000|  0%| F|  |TAMS 0x0000000758000000| PB 0x0000000758000000| Untracked |  0
| 581|0x0000000758200000, 0x0000000758200000, 0x0000000758400000|  0%| F|  |TAMS 0x0000000758200000| PB 0x0000000758200000| Untracked |  0
| 582|0x0000000758400000, 0x0000000758400000, 0x0000000758600000|  0%| F|  |TAMS 0x0000000758400000| PB 0x0000000758400000| Untracked |  0
| 583|0x0000000758600000, 0x0000000758600000, 0x0000000758800000|  0%| F|  |TAMS 0x0000000758600000| PB 0x0000000758600000| Untracked |  0
| 584|0x0000000758800000, 0x0000000758800000, 0x0000000758a00000|  0%| F|  |TAMS 0x0000000758800000| PB 0x0000000758800000| Untracked |  0
| 585|0x0000000758a00000, 0x0000000758a00000, 0x0000000758c00000|  0%| F|  |TAMS 0x0000000758a00000| PB 0x0000000758a00000| Untracked |  0
| 586|0x0000000758c00000, 0x0000000758c00000, 0x0000000758e00000|  0%| F|  |TAMS 0x0000000758c00000| PB 0x0000000758c00000| Untracked |  0
| 587|0x0000000758e00000, 0x0000000758e00000, 0x0000000759000000|  0%| F|  |TAMS 0x0000000758e00000| PB 0x0000000758e00000| Untracked |  0
| 588|0x0000000759000000, 0x0000000759000000, 0x0000000759200000|  0%| F|  |TAMS 0x0000000759000000| PB 0x0000000759000000| Untracked |  0
| 589|0x0000000759200000, 0x0000000759200000, 0x0000000759400000|  0%| F|  |TAMS 0x0000000759200000| PB 0x0000000759200000| Untracked |  0
| 590|0x0000000759400000, 0x0000000759400000, 0x0000000759600000|  0%| F|  |TAMS 0x0000000759400000| PB 0x0000000759400000| Untracked |  0
| 591|0x0000000759600000, 0x0000000759600000, 0x0000000759800000|  0%| F|  |TAMS 0x0000000759600000| PB 0x0000000759600000| Untracked |  0
| 592|0x0000000759800000, 0x0000000759800000, 0x0000000759a00000|  0%| F|  |TAMS 0x0000000759800000| PB 0x0000000759800000| Untracked |  0
| 593|0x0000000759a00000, 0x0000000759a00000, 0x0000000759c00000|  0%| F|  |TAMS 0x0000000759a00000| PB 0x0000000759a00000| Untracked |  0
| 594|0x0000000759c00000, 0x0000000759c00000, 0x0000000759e00000|  0%| F|  |TAMS 0x0000000759c00000| PB 0x0000000759c00000| Untracked |  0
| 595|0x0000000759e00000, 0x0000000759e00000, 0x000000075a000000|  0%| F|  |TAMS 0x0000000759e00000| PB 0x0000000759e00000| Untracked |  0
| 596|0x000000075a000000, 0x000000075a000000, 0x000000075a200000|  0%| F|  |TAMS 0x000000075a000000| PB 0x000000075a000000| Untracked |  0
| 597|0x000000075a200000, 0x000000075a200000, 0x000000075a400000|  0%| F|  |TAMS 0x000000075a200000| PB 0x000000075a200000| Untracked |  0
| 598|0x000000075a400000, 0x000000075a400000, 0x000000075a600000|  0%| F|  |TAMS 0x000000075a400000| PB 0x000000075a400000| Untracked |  0
| 599|0x000000075a600000, 0x000000075a600000, 0x000000075a800000|  0%| F|  |TAMS 0x000000075a600000| PB 0x000000075a600000| Untracked |  0
| 600|0x000000075a800000, 0x000000075a800000, 0x000000075aa00000|  0%| F|  |TAMS 0x000000075a800000| PB 0x000000075a800000| Untracked |  0
| 601|0x000000075aa00000, 0x000000075aa00000, 0x000000075ac00000|  0%| F|  |TAMS 0x000000075aa00000| PB 0x000000075aa00000| Untracked |  0
| 602|0x000000075ac00000, 0x000000075ac00000, 0x000000075ae00000|  0%| F|  |TAMS 0x000000075ac00000| PB 0x000000075ac00000| Untracked |  0
| 603|0x000000075ae00000, 0x000000075ae00000, 0x000000075b000000|  0%| F|  |TAMS 0x000000075ae00000| PB 0x000000075ae00000| Untracked |  0
| 604|0x000000075b000000, 0x000000075b000000, 0x000000075b200000|  0%| F|  |TAMS 0x000000075b000000| PB 0x000000075b000000| Untracked |  0
| 605|0x000000075b200000, 0x000000075b200000, 0x000000075b400000|  0%| F|  |TAMS 0x000000075b200000| PB 0x000000075b200000| Untracked |  0
| 606|0x000000075b400000, 0x000000075b400000, 0x000000075b600000|  0%| F|  |TAMS 0x000000075b400000| PB 0x000000075b400000| Untracked |  0
| 607|0x000000075b600000, 0x000000075b600000, 0x000000075b800000|  0%| F|  |TAMS 0x000000075b600000| PB 0x000000075b600000| Untracked |  0
| 608|0x000000075b800000, 0x000000075b800000, 0x000000075ba00000|  0%| F|  |TAMS 0x000000075b800000| PB 0x000000075b800000| Untracked |  0
| 609|0x000000075ba00000, 0x000000075ba00000, 0x000000075bc00000|  0%| F|  |TAMS 0x000000075ba00000| PB 0x000000075ba00000| Untracked |  0
| 610|0x000000075bc00000, 0x000000075bc00000, 0x000000075be00000|  0%| F|  |TAMS 0x000000075bc00000| PB 0x000000075bc00000| Untracked |  0
| 611|0x000000075be00000, 0x000000075be00000, 0x000000075c000000|  0%| F|  |TAMS 0x000000075be00000| PB 0x000000075be00000| Untracked |  0
| 612|0x000000075c000000, 0x000000075c000000, 0x000000075c200000|  0%| F|  |TAMS 0x000000075c000000| PB 0x000000075c000000| Untracked |  0
| 613|0x000000075c200000, 0x000000075c200000, 0x000000075c400000|  0%| F|  |TAMS 0x000000075c200000| PB 0x000000075c200000| Untracked |  0
| 614|0x000000075c400000, 0x000000075c400000, 0x000000075c600000|  0%| F|  |TAMS 0x000000075c400000| PB 0x000000075c400000| Untracked |  0
| 615|0x000000075c600000, 0x000000075c600000, 0x000000075c800000|  0%| F|  |TAMS 0x000000075c600000| PB 0x000000075c600000| Untracked |  0
| 616|0x000000075c800000, 0x000000075c800000, 0x000000075ca00000|  0%| F|  |TAMS 0x000000075c800000| PB 0x000000075c800000| Untracked |  0
| 617|0x000000075ca00000, 0x000000075ca00000, 0x000000075cc00000|  0%| F|  |TAMS 0x000000075ca00000| PB 0x000000075ca00000| Untracked |  0
| 618|0x000000075cc00000, 0x000000075cc00000, 0x000000075ce00000|  0%| F|  |TAMS 0x000000075cc00000| PB 0x000000075cc00000| Untracked |  0
| 619|0x000000075ce00000, 0x000000075ce00000, 0x000000075d000000|  0%| F|  |TAMS 0x000000075ce00000| PB 0x000000075ce00000| Untracked |  0
| 620|0x000000075d000000, 0x000000075d000000, 0x000000075d200000|  0%| F|  |TAMS 0x000000075d000000| PB 0x000000075d000000| Untracked |  0
| 621|0x000000075d200000, 0x000000075d200000, 0x000000075d400000|  0%| F|  |TAMS 0x000000075d200000| PB 0x000000075d200000| Untracked |  0
| 622|0x000000075d400000, 0x000000075d400000, 0x000000075d600000|  0%| F|  |TAMS 0x000000075d400000| PB 0x000000075d400000| Untracked |  0
| 623|0x000000075d600000, 0x000000075d600000, 0x000000075d800000|  0%| F|  |TAMS 0x000000075d600000| PB 0x000000075d600000| Untracked |  0
| 624|0x000000075d800000, 0x000000075d800000, 0x000000075da00000|  0%| F|  |TAMS 0x000000075d800000| PB 0x000000075d800000| Untracked |  0
| 625|0x000000075da00000, 0x000000075da00000, 0x000000075dc00000|  0%| F|  |TAMS 0x000000075da00000| PB 0x000000075da00000| Untracked |  0
| 626|0x000000075dc00000, 0x000000075dc00000, 0x000000075de00000|  0%| F|  |TAMS 0x000000075dc00000| PB 0x000000075dc00000| Untracked |  0
| 627|0x000000075de00000, 0x000000075de00000, 0x000000075e000000|  0%| F|  |TAMS 0x000000075de00000| PB 0x000000075de00000| Untracked |  0
| 628|0x000000075e000000, 0x000000075e000000, 0x000000075e200000|  0%| F|  |TAMS 0x000000075e000000| PB 0x000000075e000000| Untracked |  0
| 629|0x000000075e200000, 0x000000075e200000, 0x000000075e400000|  0%| F|  |TAMS 0x000000075e200000| PB 0x000000075e200000| Untracked |  0
| 630|0x000000075e400000, 0x000000075e400000, 0x000000075e600000|  0%| F|  |TAMS 0x000000075e400000| PB 0x000000075e400000| Untracked |  0
| 631|0x000000075e600000, 0x000000075e600000, 0x000000075e800000|  0%| F|  |TAMS 0x000000075e600000| PB 0x000000075e600000| Untracked |  0
| 632|0x000000075e800000, 0x000000075e800000, 0x000000075ea00000|  0%| F|  |TAMS 0x000000075e800000| PB 0x000000075e800000| Untracked |  0
| 633|0x000000075ea00000, 0x000000075ea00000, 0x000000075ec00000|  0%| F|  |TAMS 0x000000075ea00000| PB 0x000000075ea00000| Untracked |  0
| 634|0x000000075ec00000, 0x000000075ec00000, 0x000000075ee00000|  0%| F|  |TAMS 0x000000075ec00000| PB 0x000000075ec00000| Untracked |  0
| 635|0x000000075ee00000, 0x000000075ee00000, 0x000000075f000000|  0%| F|  |TAMS 0x000000075ee00000| PB 0x000000075ee00000| Untracked |  0
| 636|0x000000075f000000, 0x000000075f000000, 0x000000075f200000|  0%| F|  |TAMS 0x000000075f000000| PB 0x000000075f000000| Untracked |  0
| 637|0x000000075f200000, 0x000000075f200000, 0x000000075f400000|  0%| F|  |TAMS 0x000000075f200000| PB 0x000000075f200000| Untracked |  0
| 638|0x000000075f400000, 0x000000075f400000, 0x000000075f600000|  0%| F|  |TAMS 0x000000075f400000| PB 0x000000075f400000| Untracked |  0
| 639|0x000000075f600000, 0x000000075f600000, 0x000000075f800000|  0%| F|  |TAMS 0x000000075f600000| PB 0x000000075f600000| Untracked |  0
| 640|0x000000075f800000, 0x000000075f800000, 0x000000075fa00000|  0%| F|  |TAMS 0x000000075f800000| PB 0x000000075f800000| Untracked |  0
| 641|0x000000075fa00000, 0x000000075fa00000, 0x000000075fc00000|  0%| F|  |TAMS 0x000000075fa00000| PB 0x000000075fa00000| Untracked |  0
| 642|0x000000075fc00000, 0x000000075fc00000, 0x000000075fe00000|  0%| F|  |TAMS 0x000000075fc00000| PB 0x000000075fc00000| Untracked |  0
| 643|0x000000075fe00000, 0x000000075fe00000, 0x0000000760000000|  0%| F|  |TAMS 0x000000075fe00000| PB 0x000000075fe00000| Untracked |  0
| 644|0x0000000760000000, 0x0000000760000000, 0x0000000760200000|  0%| F|  |TAMS 0x0000000760000000| PB 0x0000000760000000| Untracked |  0
| 645|0x0000000760200000, 0x0000000760200000, 0x0000000760400000|  0%| F|  |TAMS 0x0000000760200000| PB 0x0000000760200000| Untracked |  0
| 646|0x0000000760400000, 0x0000000760400000, 0x0000000760600000|  0%| F|  |TAMS 0x0000000760400000| PB 0x0000000760400000| Untracked |  0
| 647|0x0000000760600000, 0x0000000760600000, 0x0000000760800000|  0%| F|  |TAMS 0x0000000760600000| PB 0x0000000760600000| Untracked |  0
| 648|0x0000000760800000, 0x0000000760800000, 0x0000000760a00000|  0%| F|  |TAMS 0x0000000760800000| PB 0x0000000760800000| Untracked |  0
| 649|0x0000000760a00000, 0x0000000760a00000, 0x0000000760c00000|  0%| F|  |TAMS 0x0000000760a00000| PB 0x0000000760a00000| Untracked |  0
| 650|0x0000000760c00000, 0x0000000760c00000, 0x0000000760e00000|  0%| F|  |TAMS 0x0000000760c00000| PB 0x0000000760c00000| Untracked |  0
| 651|0x0000000760e00000, 0x0000000760e00000, 0x0000000761000000|  0%| F|  |TAMS 0x0000000760e00000| PB 0x0000000760e00000| Untracked |  0
| 652|0x0000000761000000, 0x0000000761000000, 0x0000000761200000|  0%| F|  |TAMS 0x0000000761000000| PB 0x0000000761000000| Untracked |  0
| 653|0x0000000761200000, 0x0000000761200000, 0x0000000761400000|  0%| F|  |TAMS 0x0000000761200000| PB 0x0000000761200000| Untracked |  0
| 654|0x0000000761400000, 0x0000000761400000, 0x0000000761600000|  0%| F|  |TAMS 0x0000000761400000| PB 0x0000000761400000| Untracked |  0
| 655|0x0000000761600000, 0x0000000761600000, 0x0000000761800000|  0%| F|  |TAMS 0x0000000761600000| PB 0x0000000761600000| Untracked |  0
| 656|0x0000000761800000, 0x0000000761800000, 0x0000000761a00000|  0%| F|  |TAMS 0x0000000761800000| PB 0x0000000761800000| Untracked |  0
| 657|0x0000000761a00000, 0x0000000761a00000, 0x0000000761c00000|  0%| F|  |TAMS 0x0000000761a00000| PB 0x0000000761a00000| Untracked |  0
| 658|0x0000000761c00000, 0x0000000761c00000, 0x0000000761e00000|  0%| F|  |TAMS 0x0000000761c00000| PB 0x0000000761c00000| Untracked |  0
| 659|0x0000000761e00000, 0x0000000761e00000, 0x0000000762000000|  0%| F|  |TAMS 0x0000000761e00000| PB 0x0000000761e00000| Untracked |  0
| 660|0x0000000762000000, 0x0000000762000000, 0x0000000762200000|  0%| F|  |TAMS 0x0000000762000000| PB 0x0000000762000000| Untracked |  0
| 661|0x0000000762200000, 0x0000000762200000, 0x0000000762400000|  0%| F|  |TAMS 0x0000000762200000| PB 0x0000000762200000| Untracked |  0
| 662|0x0000000762400000, 0x0000000762400000, 0x0000000762600000|  0%| F|  |TAMS 0x0000000762400000| PB 0x0000000762400000| Untracked |  0
| 663|0x0000000762600000, 0x0000000762600000, 0x0000000762800000|  0%| F|  |TAMS 0x0000000762600000| PB 0x0000000762600000| Untracked |  0
| 664|0x0000000762800000, 0x0000000762800000, 0x0000000762a00000|  0%| F|  |TAMS 0x0000000762800000| PB 0x0000000762800000| Untracked |  0
| 665|0x0000000762a00000, 0x0000000762a00000, 0x0000000762c00000|  0%| F|  |TAMS 0x0000000762a00000| PB 0x0000000762a00000| Untracked |  0
| 666|0x0000000762c00000, 0x0000000762c00000, 0x0000000762e00000|  0%| F|  |TAMS 0x0000000762c00000| PB 0x0000000762c00000| Untracked |  0
| 667|0x0000000762e00000, 0x0000000762e00000, 0x0000000763000000|  0%| F|  |TAMS 0x0000000762e00000| PB 0x0000000762e00000| Untracked |  0
| 668|0x0000000763000000, 0x0000000763000000, 0x0000000763200000|  0%| F|  |TAMS 0x0000000763000000| PB 0x0000000763000000| Untracked |  0
| 669|0x0000000763200000, 0x0000000763200000, 0x0000000763400000|  0%| F|  |TAMS 0x0000000763200000| PB 0x0000000763200000| Untracked |  0
| 670|0x0000000763400000, 0x0000000763400000, 0x0000000763600000|  0%| F|  |TAMS 0x0000000763400000| PB 0x0000000763400000| Untracked |  0
| 671|0x0000000763600000, 0x0000000763600000, 0x0000000763800000|  0%| F|  |TAMS 0x0000000763600000| PB 0x0000000763600000| Untracked |  0
| 672|0x0000000763800000, 0x0000000763800000, 0x0000000763a00000|  0%| F|  |TAMS 0x0000000763800000| PB 0x0000000763800000| Untracked |  0
| 673|0x0000000763a00000, 0x0000000763a00000, 0x0000000763c00000|  0%| F|  |TAMS 0x0000000763a00000| PB 0x0000000763a00000| Untracked |  0
| 674|0x0000000763c00000, 0x0000000763c00000, 0x0000000763e00000|  0%| F|  |TAMS 0x0000000763c00000| PB 0x0000000763c00000| Untracked |  0
| 675|0x0000000763e00000, 0x0000000763e00000, 0x0000000764000000|  0%| F|  |TAMS 0x0000000763e00000| PB 0x0000000763e00000| Untracked |  0
| 676|0x0000000764000000, 0x0000000764000000, 0x0000000764200000|  0%| F|  |TAMS 0x0000000764000000| PB 0x0000000764000000| Untracked |  0
| 677|0x0000000764200000, 0x0000000764200000, 0x0000000764400000|  0%| F|  |TAMS 0x0000000764200000| PB 0x0000000764200000| Untracked |  0
| 678|0x0000000764400000, 0x0000000764400000, 0x0000000764600000|  0%| F|  |TAMS 0x0000000764400000| PB 0x0000000764400000| Untracked |  0
| 679|0x0000000764600000, 0x0000000764600000, 0x0000000764800000|  0%| F|  |TAMS 0x0000000764600000| PB 0x0000000764600000| Untracked |  0
| 680|0x0000000764800000, 0x0000000764800000, 0x0000000764a00000|  0%| F|  |TAMS 0x0000000764800000| PB 0x0000000764800000| Untracked |  0
| 681|0x0000000764a00000, 0x0000000764a00000, 0x0000000764c00000|  0%| F|  |TAMS 0x0000000764a00000| PB 0x0000000764a00000| Untracked |  0
| 682|0x0000000764c00000, 0x0000000764c00000, 0x0000000764e00000|  0%| F|  |TAMS 0x0000000764c00000| PB 0x0000000764c00000| Untracked |  0
| 683|0x0000000764e00000, 0x0000000764e00000, 0x0000000765000000|  0%| F|  |TAMS 0x0000000764e00000| PB 0x0000000764e00000| Untracked |  0
| 684|0x0000000765000000, 0x0000000765000000, 0x0000000765200000|  0%| F|  |TAMS 0x0000000765000000| PB 0x0000000765000000| Untracked |  0
| 685|0x0000000765200000, 0x0000000765200000, 0x0000000765400000|  0%| F|  |TAMS 0x0000000765200000| PB 0x0000000765200000| Untracked |  0
| 686|0x0000000765400000, 0x0000000765400000, 0x0000000765600000|  0%| F|  |TAMS 0x0000000765400000| PB 0x0000000765400000| Untracked |  0
| 687|0x0000000765600000, 0x0000000765600000, 0x0000000765800000|  0%| F|  |TAMS 0x0000000765600000| PB 0x0000000765600000| Untracked |  0
| 688|0x0000000765800000, 0x0000000765800000, 0x0000000765a00000|  0%| F|  |TAMS 0x0000000765800000| PB 0x0000000765800000| Untracked |  0
| 689|0x0000000765a00000, 0x0000000765a00000, 0x0000000765c00000|  0%| F|  |TAMS 0x0000000765a00000| PB 0x0000000765a00000| Untracked |  0
| 690|0x0000000765c00000, 0x0000000765c00000, 0x0000000765e00000|  0%| F|  |TAMS 0x0000000765c00000| PB 0x0000000765c00000| Untracked |  0
| 691|0x0000000765e00000, 0x0000000765e00000, 0x0000000766000000|  0%| F|  |TAMS 0x0000000765e00000| PB 0x0000000765e00000| Untracked |  0
| 692|0x0000000766000000, 0x0000000766000000, 0x0000000766200000|  0%| F|  |TAMS 0x0000000766000000| PB 0x0000000766000000| Untracked |  0
| 693|0x0000000766200000, 0x0000000766200000, 0x0000000766400000|  0%| F|  |TAMS 0x0000000766200000| PB 0x0000000766200000| Untracked |  0
| 694|0x0000000766400000, 0x0000000766400000, 0x0000000766600000|  0%| F|  |TAMS 0x0000000766400000| PB 0x0000000766400000| Untracked |  0
| 695|0x0000000766600000, 0x0000000766600000, 0x0000000766800000|  0%| F|  |TAMS 0x0000000766600000| PB 0x0000000766600000| Untracked |  0
| 696|0x0000000766800000, 0x0000000766800000, 0x0000000766a00000|  0%| F|  |TAMS 0x0000000766800000| PB 0x0000000766800000| Untracked |  0
| 697|0x0000000766a00000, 0x0000000766a00000, 0x0000000766c00000|  0%| F|  |TAMS 0x0000000766a00000| PB 0x0000000766a00000| Untracked |  0
| 698|0x0000000766c00000, 0x0000000766c00000, 0x0000000766e00000|  0%| F|  |TAMS 0x0000000766c00000| PB 0x0000000766c00000| Untracked |  0
| 699|0x0000000766e00000, 0x0000000766e00000, 0x0000000767000000|  0%| F|  |TAMS 0x0000000766e00000| PB 0x0000000766e00000| Untracked |  0
| 700|0x0000000767000000, 0x0000000767000000, 0x0000000767200000|  0%| F|  |TAMS 0x0000000767000000| PB 0x0000000767000000| Untracked |  0
| 701|0x0000000767200000, 0x0000000767200000, 0x0000000767400000|  0%| F|  |TAMS 0x0000000767200000| PB 0x0000000767200000| Untracked |  0
| 702|0x0000000767400000, 0x0000000767400000, 0x0000000767600000|  0%| F|  |TAMS 0x0000000767400000| PB 0x0000000767400000| Untracked |  0
| 703|0x0000000767600000, 0x0000000767600000, 0x0000000767800000|  0%| F|  |TAMS 0x0000000767600000| PB 0x0000000767600000| Untracked |  0
| 704|0x0000000767800000, 0x0000000767800000, 0x0000000767a00000|  0%| F|  |TAMS 0x0000000767800000| PB 0x0000000767800000| Untracked |  0
| 705|0x0000000767a00000, 0x0000000767a00000, 0x0000000767c00000|  0%| F|  |TAMS 0x0000000767a00000| PB 0x0000000767a00000| Untracked |  0
| 706|0x0000000767c00000, 0x0000000767c00000, 0x0000000767e00000|  0%| F|  |TAMS 0x0000000767c00000| PB 0x0000000767c00000| Untracked |  0
| 707|0x0000000767e00000, 0x0000000767e00000, 0x0000000768000000|  0%| F|  |TAMS 0x0000000767e00000| PB 0x0000000767e00000| Untracked |  0
| 708|0x0000000768000000, 0x0000000768000000, 0x0000000768200000|  0%| F|  |TAMS 0x0000000768000000| PB 0x0000000768000000| Untracked |  0
| 709|0x0000000768200000, 0x0000000768200000, 0x0000000768400000|  0%| F|  |TAMS 0x0000000768200000| PB 0x0000000768200000| Untracked |  0
| 710|0x0000000768400000, 0x0000000768400000, 0x0000000768600000|  0%| F|  |TAMS 0x0000000768400000| PB 0x0000000768400000| Untracked |  0
| 711|0x0000000768600000, 0x0000000768600000, 0x0000000768800000|  0%| F|  |TAMS 0x0000000768600000| PB 0x0000000768600000| Untracked |  0
| 712|0x0000000768800000, 0x0000000768800000, 0x0000000768a00000|  0%| F|  |TAMS 0x0000000768800000| PB 0x0000000768800000| Untracked |  0
| 713|0x0000000768a00000, 0x0000000768a00000, 0x0000000768c00000|  0%| F|  |TAMS 0x0000000768a00000| PB 0x0000000768a00000| Untracked |  0
| 714|0x0000000768c00000, 0x0000000768c00000, 0x0000000768e00000|  0%| F|  |TAMS 0x0000000768c00000| PB 0x0000000768c00000| Untracked |  0
| 715|0x0000000768e00000, 0x0000000768e00000, 0x0000000769000000|  0%| F|  |TAMS 0x0000000768e00000| PB 0x0000000768e00000| Untracked |  0
| 716|0x0000000769000000, 0x0000000769000000, 0x0000000769200000|  0%| F|  |TAMS 0x0000000769000000| PB 0x0000000769000000| Untracked |  0
| 717|0x0000000769200000, 0x0000000769200000, 0x0000000769400000|  0%| F|  |TAMS 0x0000000769200000| PB 0x0000000769200000| Untracked |  0
| 718|0x0000000769400000, 0x0000000769400000, 0x0000000769600000|  0%| F|  |TAMS 0x0000000769400000| PB 0x0000000769400000| Untracked |  0
| 719|0x0000000769600000, 0x0000000769600000, 0x0000000769800000|  0%| F|  |TAMS 0x0000000769600000| PB 0x0000000769600000| Untracked |  0
| 720|0x0000000769800000, 0x0000000769800000, 0x0000000769a00000|  0%| F|  |TAMS 0x0000000769800000| PB 0x0000000769800000| Untracked |  0
| 721|0x0000000769a00000, 0x0000000769a00000, 0x0000000769c00000|  0%| F|  |TAMS 0x0000000769a00000| PB 0x0000000769a00000| Untracked |  0
| 722|0x0000000769c00000, 0x0000000769c00000, 0x0000000769e00000|  0%| F|  |TAMS 0x0000000769c00000| PB 0x0000000769c00000| Untracked |  0
| 723|0x0000000769e00000, 0x0000000769e00000, 0x000000076a000000|  0%| F|  |TAMS 0x0000000769e00000| PB 0x0000000769e00000| Untracked |  0
| 724|0x000000076a000000, 0x000000076a000000, 0x000000076a200000|  0%| F|  |TAMS 0x000000076a000000| PB 0x000000076a000000| Untracked |  0
| 725|0x000000076a200000, 0x000000076a200000, 0x000000076a400000|  0%| F|  |TAMS 0x000000076a200000| PB 0x000000076a200000| Untracked |  0
| 726|0x000000076a400000, 0x000000076a400000, 0x000000076a600000|  0%| F|  |TAMS 0x000000076a400000| PB 0x000000076a400000| Untracked |  0
| 727|0x000000076a600000, 0x000000076a600000, 0x000000076a800000|  0%| F|  |TAMS 0x000000076a600000| PB 0x000000076a600000| Untracked |  0
| 728|0x000000076a800000, 0x000000076a800000, 0x000000076aa00000|  0%| F|  |TAMS 0x000000076a800000| PB 0x000000076a800000| Untracked |  0
| 729|0x000000076aa00000, 0x000000076aa00000, 0x000000076ac00000|  0%| F|  |TAMS 0x000000076aa00000| PB 0x000000076aa00000| Untracked |  0
| 730|0x000000076ac00000, 0x000000076ac00000, 0x000000076ae00000|  0%| F|  |TAMS 0x000000076ac00000| PB 0x000000076ac00000| Untracked |  0
| 731|0x000000076ae00000, 0x000000076ae00000, 0x000000076b000000|  0%| F|  |TAMS 0x000000076ae00000| PB 0x000000076ae00000| Untracked |  0
| 732|0x000000076b000000, 0x000000076b000000, 0x000000076b200000|  0%| F|  |TAMS 0x000000076b000000| PB 0x000000076b000000| Untracked |  0
| 733|0x000000076b200000, 0x000000076b200000, 0x000000076b400000|  0%| F|  |TAMS 0x000000076b200000| PB 0x000000076b200000| Untracked |  0
| 734|0x000000076b400000, 0x000000076b400000, 0x000000076b600000|  0%| F|  |TAMS 0x000000076b400000| PB 0x000000076b400000| Untracked |  0
| 735|0x000000076b600000, 0x000000076b600000, 0x000000076b800000|  0%| F|  |TAMS 0x000000076b600000| PB 0x000000076b600000| Untracked |  0
| 736|0x000000076b800000, 0x000000076b800000, 0x000000076ba00000|  0%| F|  |TAMS 0x000000076b800000| PB 0x000000076b800000| Untracked |  0
| 737|0x000000076ba00000, 0x000000076ba00000, 0x000000076bc00000|  0%| F|  |TAMS 0x000000076ba00000| PB 0x000000076ba00000| Untracked |  0
| 738|0x000000076bc00000, 0x000000076bc00000, 0x000000076be00000|  0%| F|  |TAMS 0x000000076bc00000| PB 0x000000076bc00000| Untracked |  0
| 739|0x000000076be00000, 0x000000076be00000, 0x000000076c000000|  0%| F|  |TAMS 0x000000076be00000| PB 0x000000076be00000| Untracked |  0
| 740|0x000000076c000000, 0x000000076c000000, 0x000000076c200000|  0%| F|  |TAMS 0x000000076c000000| PB 0x000000076c000000| Untracked |  0
| 741|0x000000076c200000, 0x000000076c200000, 0x000000076c400000|  0%| F|  |TAMS 0x000000076c200000| PB 0x000000076c200000| Untracked |  0
| 742|0x000000076c400000, 0x000000076c400000, 0x000000076c600000|  0%| F|  |TAMS 0x000000076c400000| PB 0x000000076c400000| Untracked |  0
| 743|0x000000076c600000, 0x000000076c600000, 0x000000076c800000|  0%| F|  |TAMS 0x000000076c600000| PB 0x000000076c600000| Untracked |  0
| 744|0x000000076c800000, 0x000000076c800000, 0x000000076ca00000|  0%| F|  |TAMS 0x000000076c800000| PB 0x000000076c800000| Untracked |  0
| 745|0x000000076ca00000, 0x000000076ca00000, 0x000000076cc00000|  0%| F|  |TAMS 0x000000076ca00000| PB 0x000000076ca00000| Untracked |  0
| 746|0x000000076cc00000, 0x000000076cc00000, 0x000000076ce00000|  0%| F|  |TAMS 0x000000076cc00000| PB 0x000000076cc00000| Untracked |  0
| 747|0x000000076ce00000, 0x000000076ce00000, 0x000000076d000000|  0%| F|  |TAMS 0x000000076ce00000| PB 0x000000076ce00000| Untracked |  0
| 748|0x000000076d000000, 0x000000076d000000, 0x000000076d200000|  0%| F|  |TAMS 0x000000076d000000| PB 0x000000076d000000| Untracked |  0
| 749|0x000000076d200000, 0x000000076d200000, 0x000000076d400000|  0%| F|  |TAMS 0x000000076d200000| PB 0x000000076d200000| Untracked |  0
| 750|0x000000076d400000, 0x000000076d400000, 0x000000076d600000|  0%| F|  |TAMS 0x000000076d400000| PB 0x000000076d400000| Untracked |  0
| 751|0x000000076d600000, 0x000000076d600000, 0x000000076d800000|  0%| F|  |TAMS 0x000000076d600000| PB 0x000000076d600000| Untracked |  0
| 752|0x000000076d800000, 0x000000076d800000, 0x000000076da00000|  0%| F|  |TAMS 0x000000076d800000| PB 0x000000076d800000| Untracked |  0
| 753|0x000000076da00000, 0x000000076da00000, 0x000000076dc00000|  0%| F|  |TAMS 0x000000076da00000| PB 0x000000076da00000| Untracked |  0
| 754|0x000000076dc00000, 0x000000076dc00000, 0x000000076de00000|  0%| F|  |TAMS 0x000000076dc00000| PB 0x000000076dc00000| Untracked |  0
| 755|0x000000076de00000, 0x000000076de00000, 0x000000076e000000|  0%| F|  |TAMS 0x000000076de00000| PB 0x000000076de00000| Untracked |  0
| 756|0x000000076e000000, 0x000000076e000000, 0x000000076e200000|  0%| F|  |TAMS 0x000000076e000000| PB 0x000000076e000000| Untracked |  0
| 757|0x000000076e200000, 0x000000076e200000, 0x000000076e400000|  0%| F|  |TAMS 0x000000076e200000| PB 0x000000076e200000| Untracked |  0
| 758|0x000000076e400000, 0x000000076e400000, 0x000000076e600000|  0%| F|  |TAMS 0x000000076e400000| PB 0x000000076e400000| Untracked |  0
| 759|0x000000076e600000, 0x000000076e600000, 0x000000076e800000|  0%| F|  |TAMS 0x000000076e600000| PB 0x000000076e600000| Untracked |  0
| 760|0x000000076e800000, 0x000000076e800000, 0x000000076ea00000|  0%| F|  |TAMS 0x000000076e800000| PB 0x000000076e800000| Untracked |  0
| 761|0x000000076ea00000, 0x000000076ea00000, 0x000000076ec00000|  0%| F|  |TAMS 0x000000076ea00000| PB 0x000000076ea00000| Untracked |  0
| 762|0x000000076ec00000, 0x000000076ec00000, 0x000000076ee00000|  0%| F|  |TAMS 0x000000076ec00000| PB 0x000000076ec00000| Untracked |  0
| 763|0x000000076ee00000, 0x000000076ee00000, 0x000000076f000000|  0%| F|  |TAMS 0x000000076ee00000| PB 0x000000076ee00000| Untracked |  0
| 764|0x000000076f000000, 0x000000076f000000, 0x000000076f200000|  0%| F|  |TAMS 0x000000076f000000| PB 0x000000076f000000| Untracked |  0
| 765|0x000000076f200000, 0x000000076f200000, 0x000000076f400000|  0%| F|  |TAMS 0x000000076f200000| PB 0x000000076f200000| Untracked |  0
| 766|0x000000076f400000, 0x000000076f400000, 0x000000076f600000|  0%| F|  |TAMS 0x000000076f400000| PB 0x000000076f400000| Untracked |  0
| 767|0x000000076f600000, 0x000000076f600000, 0x000000076f800000|  0%| F|  |TAMS 0x000000076f600000| PB 0x000000076f600000| Untracked |  0
| 768|0x000000076f800000, 0x000000076f800000, 0x000000076fa00000|  0%| F|  |TAMS 0x000000076f800000| PB 0x000000076f800000| Untracked |  0
| 769|0x000000076fa00000, 0x000000076fa00000, 0x000000076fc00000|  0%| F|  |TAMS 0x000000076fa00000| PB 0x000000076fa00000| Untracked |  0
| 770|0x000000076fc00000, 0x000000076fc00000, 0x000000076fe00000|  0%| F|  |TAMS 0x000000076fc00000| PB 0x000000076fc00000| Untracked |  0
| 771|0x000000076fe00000, 0x000000076fe00000, 0x0000000770000000|  0%| F|  |TAMS 0x000000076fe00000| PB 0x000000076fe00000| Untracked |  0
| 772|0x0000000770000000, 0x0000000770000000, 0x0000000770200000|  0%| F|  |TAMS 0x0000000770000000| PB 0x0000000770000000| Untracked |  0
| 773|0x0000000770200000, 0x0000000770200000, 0x0000000770400000|  0%| F|  |TAMS 0x0000000770200000| PB 0x0000000770200000| Untracked |  0
| 774|0x0000000770400000, 0x0000000770400000, 0x0000000770600000|  0%| F|  |TAMS 0x0000000770400000| PB 0x0000000770400000| Untracked |  0
| 775|0x0000000770600000, 0x0000000770600000, 0x0000000770800000|  0%| F|  |TAMS 0x0000000770600000| PB 0x0000000770600000| Untracked |  0
| 776|0x0000000770800000, 0x0000000770800000, 0x0000000770a00000|  0%| F|  |TAMS 0x0000000770800000| PB 0x0000000770800000| Untracked |  0
| 777|0x0000000770a00000, 0x0000000770a00000, 0x0000000770c00000|  0%| F|  |TAMS 0x0000000770a00000| PB 0x0000000770a00000| Untracked |  0
| 778|0x0000000770c00000, 0x0000000770c00000, 0x0000000770e00000|  0%| F|  |TAMS 0x0000000770c00000| PB 0x0000000770c00000| Untracked |  0
| 779|0x0000000770e00000, 0x0000000770e00000, 0x0000000771000000|  0%| F|  |TAMS 0x0000000770e00000| PB 0x0000000770e00000| Untracked |  0
| 780|0x0000000771000000, 0x0000000771000000, 0x0000000771200000|  0%| F|  |TAMS 0x0000000771000000| PB 0x0000000771000000| Untracked |  0
| 781|0x0000000771200000, 0x0000000771200000, 0x0000000771400000|  0%| F|  |TAMS 0x0000000771200000| PB 0x0000000771200000| Untracked |  0
| 782|0x0000000771400000, 0x0000000771400000, 0x0000000771600000|  0%| F|  |TAMS 0x0000000771400000| PB 0x0000000771400000| Untracked |  0
| 783|0x0000000771600000, 0x0000000771600000, 0x0000000771800000|  0%| F|  |TAMS 0x0000000771600000| PB 0x0000000771600000| Untracked |  0
| 784|0x0000000771800000, 0x0000000771800000, 0x0000000771a00000|  0%| F|  |TAMS 0x0000000771800000| PB 0x0000000771800000| Untracked |  0
| 785|0x0000000771a00000, 0x0000000771a00000, 0x0000000771c00000|  0%| F|  |TAMS 0x0000000771a00000| PB 0x0000000771a00000| Untracked |  0
| 786|0x0000000771c00000, 0x0000000771c00000, 0x0000000771e00000|  0%| F|  |TAMS 0x0000000771c00000| PB 0x0000000771c00000| Untracked |  0
| 787|0x0000000771e00000, 0x0000000771e00000, 0x0000000772000000|  0%| F|  |TAMS 0x0000000771e00000| PB 0x0000000771e00000| Untracked |  0
| 788|0x0000000772000000, 0x0000000772000000, 0x0000000772200000|  0%| F|  |TAMS 0x0000000772000000| PB 0x0000000772000000| Untracked |  0
| 789|0x0000000772200000, 0x0000000772200000, 0x0000000772400000|  0%| F|  |TAMS 0x0000000772200000| PB 0x0000000772200000| Untracked |  0
| 790|0x0000000772400000, 0x0000000772400000, 0x0000000772600000|  0%| F|  |TAMS 0x0000000772400000| PB 0x0000000772400000| Untracked |  0
| 791|0x0000000772600000, 0x0000000772600000, 0x0000000772800000|  0%| F|  |TAMS 0x0000000772600000| PB 0x0000000772600000| Untracked |  0
| 792|0x0000000772800000, 0x0000000772800000, 0x0000000772a00000|  0%| F|  |TAMS 0x0000000772800000| PB 0x0000000772800000| Untracked |  0
| 793|0x0000000772a00000, 0x0000000772a00000, 0x0000000772c00000|  0%| F|  |TAMS 0x0000000772a00000| PB 0x0000000772a00000| Untracked |  0
| 794|0x0000000772c00000, 0x0000000772c00000, 0x0000000772e00000|  0%| F|  |TAMS 0x0000000772c00000| PB 0x0000000772c00000| Untracked |  0
| 795|0x0000000772e00000, 0x0000000772e00000, 0x0000000773000000|  0%| F|  |TAMS 0x0000000772e00000| PB 0x0000000772e00000| Untracked |  0
| 796|0x0000000773000000, 0x0000000773000000, 0x0000000773200000|  0%| F|  |TAMS 0x0000000773000000| PB 0x0000000773000000| Untracked |  0
| 797|0x0000000773200000, 0x0000000773200000, 0x0000000773400000|  0%| F|  |TAMS 0x0000000773200000| PB 0x0000000773200000| Untracked |  0
| 798|0x0000000773400000, 0x0000000773400000, 0x0000000773600000|  0%| F|  |TAMS 0x0000000773400000| PB 0x0000000773400000| Untracked |  0
| 799|0x0000000773600000, 0x0000000773600000, 0x0000000773800000|  0%| F|  |TAMS 0x0000000773600000| PB 0x0000000773600000| Untracked |  0
| 800|0x0000000773800000, 0x0000000773800000, 0x0000000773a00000|  0%| F|  |TAMS 0x0000000773800000| PB 0x0000000773800000| Untracked |  0
| 801|0x0000000773a00000, 0x0000000773a00000, 0x0000000773c00000|  0%| F|  |TAMS 0x0000000773a00000| PB 0x0000000773a00000| Untracked |  0
| 802|0x0000000773c00000, 0x0000000773c00000, 0x0000000773e00000|  0%| F|  |TAMS 0x0000000773c00000| PB 0x0000000773c00000| Untracked |  0
| 803|0x0000000773e00000, 0x0000000773e00000, 0x0000000774000000|  0%| F|  |TAMS 0x0000000773e00000| PB 0x0000000773e00000| Untracked |  0
| 804|0x0000000774000000, 0x0000000774000000, 0x0000000774200000|  0%| F|  |TAMS 0x0000000774000000| PB 0x0000000774000000| Untracked |  0
| 805|0x0000000774200000, 0x0000000774200000, 0x0000000774400000|  0%| F|  |TAMS 0x0000000774200000| PB 0x0000000774200000| Untracked |  0
| 806|0x0000000774400000, 0x0000000774400000, 0x0000000774600000|  0%| F|  |TAMS 0x0000000774400000| PB 0x0000000774400000| Untracked |  0
| 807|0x0000000774600000, 0x0000000774600000, 0x0000000774800000|  0%| F|  |TAMS 0x0000000774600000| PB 0x0000000774600000| Untracked |  0
| 808|0x0000000774800000, 0x0000000774800000, 0x0000000774a00000|  0%| F|  |TAMS 0x0000000774800000| PB 0x0000000774800000| Untracked |  0
| 809|0x0000000774a00000, 0x0000000774a00000, 0x0000000774c00000|  0%| F|  |TAMS 0x0000000774a00000| PB 0x0000000774a00000| Untracked |  0
| 810|0x0000000774c00000, 0x0000000774c00000, 0x0000000774e00000|  0%| F|  |TAMS 0x0000000774c00000| PB 0x0000000774c00000| Untracked |  0
| 811|0x0000000774e00000, 0x0000000774e00000, 0x0000000775000000|  0%| F|  |TAMS 0x0000000774e00000| PB 0x0000000774e00000| Untracked |  0
| 812|0x0000000775000000, 0x0000000775000000, 0x0000000775200000|  0%| F|  |TAMS 0x0000000775000000| PB 0x0000000775000000| Untracked |  0
| 813|0x0000000775200000, 0x0000000775200000, 0x0000000775400000|  0%| F|  |TAMS 0x0000000775200000| PB 0x0000000775200000| Untracked |  0
| 814|0x0000000775400000, 0x0000000775400000, 0x0000000775600000|  0%| F|  |TAMS 0x0000000775400000| PB 0x0000000775400000| Untracked |  0
| 815|0x0000000775600000, 0x0000000775600000, 0x0000000775800000|  0%| F|  |TAMS 0x0000000775600000| PB 0x0000000775600000| Untracked |  0
| 816|0x0000000775800000, 0x0000000775800000, 0x0000000775a00000|  0%| F|  |TAMS 0x0000000775800000| PB 0x0000000775800000| Untracked |  0
| 817|0x0000000775a00000, 0x0000000775a00000, 0x0000000775c00000|  0%| F|  |TAMS 0x0000000775a00000| PB 0x0000000775a00000| Untracked |  0
| 818|0x0000000775c00000, 0x0000000775c00000, 0x0000000775e00000|  0%| F|  |TAMS 0x0000000775c00000| PB 0x0000000775c00000| Untracked |  0
| 819|0x0000000775e00000, 0x0000000775e00000, 0x0000000776000000|  0%| F|  |TAMS 0x0000000775e00000| PB 0x0000000775e00000| Untracked |  0
| 820|0x0000000776000000, 0x0000000776000000, 0x0000000776200000|  0%| F|  |TAMS 0x0000000776000000| PB 0x0000000776000000| Untracked |  0
| 821|0x0000000776200000, 0x0000000776200000, 0x0000000776400000|  0%| F|  |TAMS 0x0000000776200000| PB 0x0000000776200000| Untracked |  0
| 822|0x0000000776400000, 0x0000000776400000, 0x0000000776600000|  0%| F|  |TAMS 0x0000000776400000| PB 0x0000000776400000| Untracked |  0
| 823|0x0000000776600000, 0x0000000776600000, 0x0000000776800000|  0%| F|  |TAMS 0x0000000776600000| PB 0x0000000776600000| Untracked |  0
| 824|0x0000000776800000, 0x0000000776800000, 0x0000000776a00000|  0%| F|  |TAMS 0x0000000776800000| PB 0x0000000776800000| Untracked |  0
| 825|0x0000000776a00000, 0x0000000776a00000, 0x0000000776c00000|  0%| F|  |TAMS 0x0000000776a00000| PB 0x0000000776a00000| Untracked |  0
| 826|0x0000000776c00000, 0x0000000776c00000, 0x0000000776e00000|  0%| F|  |TAMS 0x0000000776c00000| PB 0x0000000776c00000| Untracked |  0
| 827|0x0000000776e00000, 0x0000000776e00000, 0x0000000777000000|  0%| F|  |TAMS 0x0000000776e00000| PB 0x0000000776e00000| Untracked |  0
| 828|0x0000000777000000, 0x0000000777000000, 0x0000000777200000|  0%| F|  |TAMS 0x0000000777000000| PB 0x0000000777000000| Untracked |  0
| 829|0x0000000777200000, 0x0000000777200000, 0x0000000777400000|  0%| F|  |TAMS 0x0000000777200000| PB 0x0000000777200000| Untracked |  0
| 830|0x0000000777400000, 0x0000000777400000, 0x0000000777600000|  0%| F|  |TAMS 0x0000000777400000| PB 0x0000000777400000| Untracked |  0
| 831|0x0000000777600000, 0x0000000777600000, 0x0000000777800000|  0%| F|  |TAMS 0x0000000777600000| PB 0x0000000777600000| Untracked |  0
| 832|0x0000000777800000, 0x0000000777800000, 0x0000000777a00000|  0%| F|  |TAMS 0x0000000777800000| PB 0x0000000777800000| Untracked |  0
| 833|0x0000000777a00000, 0x0000000777a00000, 0x0000000777c00000|  0%| F|  |TAMS 0x0000000777a00000| PB 0x0000000777a00000| Untracked |  0
| 834|0x0000000777c00000, 0x0000000777c00000, 0x0000000777e00000|  0%| F|  |TAMS 0x0000000777c00000| PB 0x0000000777c00000| Untracked |  0
| 835|0x0000000777e00000, 0x0000000777e00000, 0x0000000778000000|  0%| F|  |TAMS 0x0000000777e00000| PB 0x0000000777e00000| Untracked |  0
| 836|0x0000000778000000, 0x0000000778000000, 0x0000000778200000|  0%| F|  |TAMS 0x0000000778000000| PB 0x0000000778000000| Untracked |  0
| 837|0x0000000778200000, 0x0000000778200000, 0x0000000778400000|  0%| F|  |TAMS 0x0000000778200000| PB 0x0000000778200000| Untracked |  0
| 838|0x0000000778400000, 0x0000000778400000, 0x0000000778600000|  0%| F|  |TAMS 0x0000000778400000| PB 0x0000000778400000| Untracked |  0
| 839|0x0000000778600000, 0x0000000778600000, 0x0000000778800000|  0%| F|  |TAMS 0x0000000778600000| PB 0x0000000778600000| Untracked |  0
| 840|0x0000000778800000, 0x0000000778800000, 0x0000000778a00000|  0%| F|  |TAMS 0x0000000778800000| PB 0x0000000778800000| Untracked |  0
| 841|0x0000000778a00000, 0x0000000778a00000, 0x0000000778c00000|  0%| F|  |TAMS 0x0000000778a00000| PB 0x0000000778a00000| Untracked |  0
| 842|0x0000000778c00000, 0x0000000778c00000, 0x0000000778e00000|  0%| F|  |TAMS 0x0000000778c00000| PB 0x0000000778c00000| Untracked |  0
| 843|0x0000000778e00000, 0x0000000778e00000, 0x0000000779000000|  0%| F|  |TAMS 0x0000000778e00000| PB 0x0000000778e00000| Untracked |  0
| 844|0x0000000779000000, 0x0000000779000000, 0x0000000779200000|  0%| F|  |TAMS 0x0000000779000000| PB 0x0000000779000000| Untracked |  0
| 845|0x0000000779200000, 0x0000000779200000, 0x0000000779400000|  0%| F|  |TAMS 0x0000000779200000| PB 0x0000000779200000| Untracked |  0
| 846|0x0000000779400000, 0x0000000779400000, 0x0000000779600000|  0%| F|  |TAMS 0x0000000779400000| PB 0x0000000779400000| Untracked |  0
| 847|0x0000000779600000, 0x0000000779600000, 0x0000000779800000|  0%| F|  |TAMS 0x0000000779600000| PB 0x0000000779600000| Untracked |  0
| 848|0x0000000779800000, 0x0000000779800000, 0x0000000779a00000|  0%| F|  |TAMS 0x0000000779800000| PB 0x0000000779800000| Untracked |  0
| 849|0x0000000779a00000, 0x0000000779a00000, 0x0000000779c00000|  0%| F|  |TAMS 0x0000000779a00000| PB 0x0000000779a00000| Untracked |  0
| 850|0x0000000779c00000, 0x0000000779c00000, 0x0000000779e00000|  0%| F|  |TAMS 0x0000000779c00000| PB 0x0000000779c00000| Untracked |  0
| 851|0x0000000779e00000, 0x0000000779e00000, 0x000000077a000000|  0%| F|  |TAMS 0x0000000779e00000| PB 0x0000000779e00000| Untracked |  0
| 852|0x000000077a000000, 0x000000077a000000, 0x000000077a200000|  0%| F|  |TAMS 0x000000077a000000| PB 0x000000077a000000| Untracked |  0
| 853|0x000000077a200000, 0x000000077a200000, 0x000000077a400000|  0%| F|  |TAMS 0x000000077a200000| PB 0x000000077a200000| Untracked |  0
| 854|0x000000077a400000, 0x000000077a400000, 0x000000077a600000|  0%| F|  |TAMS 0x000000077a400000| PB 0x000000077a400000| Untracked |  0
| 855|0x000000077a600000, 0x000000077a600000, 0x000000077a800000|  0%| F|  |TAMS 0x000000077a600000| PB 0x000000077a600000| Untracked |  0
| 856|0x000000077a800000, 0x000000077a800000, 0x000000077aa00000|  0%| F|  |TAMS 0x000000077a800000| PB 0x000000077a800000| Untracked |  0
| 857|0x000000077aa00000, 0x000000077aa00000, 0x000000077ac00000|  0%| F|  |TAMS 0x000000077aa00000| PB 0x000000077aa00000| Untracked |  0
| 858|0x000000077ac00000, 0x000000077ac00000, 0x000000077ae00000|  0%| F|  |TAMS 0x000000077ac00000| PB 0x000000077ac00000| Untracked |  0
| 859|0x000000077ae00000, 0x000000077ae00000, 0x000000077b000000|  0%| F|  |TAMS 0x000000077ae00000| PB 0x000000077ae00000| Untracked |  0
| 860|0x000000077b000000, 0x000000077b000000, 0x000000077b200000|  0%| F|  |TAMS 0x000000077b000000| PB 0x000000077b000000| Untracked |  0
| 861|0x000000077b200000, 0x000000077b200000, 0x000000077b400000|  0%| F|  |TAMS 0x000000077b200000| PB 0x000000077b200000| Untracked |  0
| 862|0x000000077b400000, 0x000000077b400000, 0x000000077b600000|  0%| F|  |TAMS 0x000000077b400000| PB 0x000000077b400000| Untracked |  0
| 863|0x000000077b600000, 0x000000077b600000, 0x000000077b800000|  0%| F|  |TAMS 0x000000077b600000| PB 0x000000077b600000| Untracked |  0
| 864|0x000000077b800000, 0x000000077b800000, 0x000000077ba00000|  0%| F|  |TAMS 0x000000077b800000| PB 0x000000077b800000| Untracked |  0
| 865|0x000000077ba00000, 0x000000077ba00000, 0x000000077bc00000|  0%| F|  |TAMS 0x000000077ba00000| PB 0x000000077ba00000| Untracked |  0
| 866|0x000000077bc00000, 0x000000077bc00000, 0x000000077be00000|  0%| F|  |TAMS 0x000000077bc00000| PB 0x000000077bc00000| Untracked |  0
| 867|0x000000077be00000, 0x000000077be00000, 0x000000077c000000|  0%| F|  |TAMS 0x000000077be00000| PB 0x000000077be00000| Untracked |  0
| 868|0x000000077c000000, 0x000000077c000000, 0x000000077c200000|  0%| F|  |TAMS 0x000000077c000000| PB 0x000000077c000000| Untracked |  0
| 869|0x000000077c200000, 0x000000077c200000, 0x000000077c400000|  0%| F|  |TAMS 0x000000077c200000| PB 0x000000077c200000| Untracked |  0
| 870|0x000000077c400000, 0x000000077c400000, 0x000000077c600000|  0%| F|  |TAMS 0x000000077c400000| PB 0x000000077c400000| Untracked |  0
| 871|0x000000077c600000, 0x000000077c600000, 0x000000077c800000|  0%| F|  |TAMS 0x000000077c600000| PB 0x000000077c600000| Untracked |  0
| 872|0x000000077c800000, 0x000000077c800000, 0x000000077ca00000|  0%| F|  |TAMS 0x000000077c800000| PB 0x000000077c800000| Untracked |  0
| 873|0x000000077ca00000, 0x000000077ca00000, 0x000000077cc00000|  0%| F|  |TAMS 0x000000077ca00000| PB 0x000000077ca00000| Untracked |  0
| 874|0x000000077cc00000, 0x000000077cc00000, 0x000000077ce00000|  0%| F|  |TAMS 0x000000077cc00000| PB 0x000000077cc00000| Untracked |  0
| 875|0x000000077ce00000, 0x000000077ce00000, 0x000000077d000000|  0%| F|  |TAMS 0x000000077ce00000| PB 0x000000077ce00000| Untracked |  0
| 876|0x000000077d000000, 0x000000077d000000, 0x000000077d200000|  0%| F|  |TAMS 0x000000077d000000| PB 0x000000077d000000| Untracked |  0
| 877|0x000000077d200000, 0x000000077d200000, 0x000000077d400000|  0%| F|  |TAMS 0x000000077d200000| PB 0x000000077d200000| Untracked |  0
| 878|0x000000077d400000, 0x000000077d400000, 0x000000077d600000|  0%| F|  |TAMS 0x000000077d400000| PB 0x000000077d400000| Untracked |  0
| 879|0x000000077d600000, 0x000000077d600000, 0x000000077d800000|  0%| F|  |TAMS 0x000000077d600000| PB 0x000000077d600000| Untracked |  0
| 880|0x000000077d800000, 0x000000077d800000, 0x000000077da00000|  0%| F|  |TAMS 0x000000077d800000| PB 0x000000077d800000| Untracked |  0
| 881|0x000000077da00000, 0x000000077da00000, 0x000000077dc00000|  0%| F|  |TAMS 0x000000077da00000| PB 0x000000077da00000| Untracked |  0
| 882|0x000000077dc00000, 0x000000077dc00000, 0x000000077de00000|  0%| F|  |TAMS 0x000000077dc00000| PB 0x000000077dc00000| Untracked |  0
| 883|0x000000077de00000, 0x000000077de00000, 0x000000077e000000|  0%| F|  |TAMS 0x000000077de00000| PB 0x000000077de00000| Untracked |  0
| 884|0x000000077e000000, 0x000000077e000000, 0x000000077e200000|  0%| F|  |TAMS 0x000000077e000000| PB 0x000000077e000000| Untracked |  0
| 885|0x000000077e200000, 0x000000077e200000, 0x000000077e400000|  0%| F|  |TAMS 0x000000077e200000| PB 0x000000077e200000| Untracked |  0
| 886|0x000000077e400000, 0x000000077e400000, 0x000000077e600000|  0%| F|  |TAMS 0x000000077e400000| PB 0x000000077e400000| Untracked |  0
| 887|0x000000077e600000, 0x000000077e600000, 0x000000077e800000|  0%| F|  |TAMS 0x000000077e600000| PB 0x000000077e600000| Untracked |  0
| 888|0x000000077e800000, 0x000000077e800000, 0x000000077ea00000|  0%| F|  |TAMS 0x000000077e800000| PB 0x000000077e800000| Untracked |  0
| 889|0x000000077ea00000, 0x000000077ea00000, 0x000000077ec00000|  0%| F|  |TAMS 0x000000077ea00000| PB 0x000000077ea00000| Untracked |  0
| 890|0x000000077ec00000, 0x000000077ec00000, 0x000000077ee00000|  0%| F|  |TAMS 0x000000077ec00000| PB 0x000000077ec00000| Untracked |  0
| 891|0x000000077ee00000, 0x000000077ee00000, 0x000000077f000000|  0%| F|  |TAMS 0x000000077ee00000| PB 0x000000077ee00000| Untracked |  0
| 892|0x000000077f000000, 0x000000077f000000, 0x000000077f200000|  0%| F|  |TAMS 0x000000077f000000| PB 0x000000077f000000| Untracked |  0
| 893|0x000000077f200000, 0x000000077f200000, 0x000000077f400000|  0%| F|  |TAMS 0x000000077f200000| PB 0x000000077f200000| Untracked |  0
| 894|0x000000077f400000, 0x000000077f400000, 0x000000077f600000|  0%| F|  |TAMS 0x000000077f400000| PB 0x000000077f400000| Untracked |  0
| 895|0x000000077f600000, 0x000000077f600000, 0x000000077f800000|  0%| F|  |TAMS 0x000000077f600000| PB 0x000000077f600000| Untracked |  0
| 896|0x000000077f800000, 0x000000077f800000, 0x000000077fa00000|  0%| F|  |TAMS 0x000000077f800000| PB 0x000000077f800000| Untracked |  0
| 897|0x000000077fa00000, 0x000000077fa00000, 0x000000077fc00000|  0%| F|  |TAMS 0x000000077fa00000| PB 0x000000077fa00000| Untracked |  0
| 898|0x000000077fc00000, 0x000000077fc00000, 0x000000077fe00000|  0%| F|  |TAMS 0x000000077fc00000| PB 0x000000077fc00000| Untracked |  0
| 899|0x000000077fe00000, 0x000000077fe00000, 0x0000000780000000|  0%| F|  |TAMS 0x000000077fe00000| PB 0x000000077fe00000| Untracked |  0
| 900|0x0000000780000000, 0x0000000780000000, 0x0000000780200000|  0%| F|  |TAMS 0x0000000780000000| PB 0x0000000780000000| Untracked |  0
| 901|0x0000000780200000, 0x0000000780200000, 0x0000000780400000|  0%| F|  |TAMS 0x0000000780200000| PB 0x0000000780200000| Untracked |  0
| 902|0x0000000780400000, 0x0000000780400000, 0x0000000780600000|  0%| F|  |TAMS 0x0000000780400000| PB 0x0000000780400000| Untracked |  0
| 903|0x0000000780600000, 0x0000000780600000, 0x0000000780800000|  0%| F|  |TAMS 0x0000000780600000| PB 0x0000000780600000| Untracked |  0
| 904|0x0000000780800000, 0x0000000780800000, 0x0000000780a00000|  0%| F|  |TAMS 0x0000000780800000| PB 0x0000000780800000| Untracked |  0
| 905|0x0000000780a00000, 0x0000000780a00000, 0x0000000780c00000|  0%| F|  |TAMS 0x0000000780a00000| PB 0x0000000780a00000| Untracked |  0
| 906|0x0000000780c00000, 0x0000000780c00000, 0x0000000780e00000|  0%| F|  |TAMS 0x0000000780c00000| PB 0x0000000780c00000| Untracked |  0
| 907|0x0000000780e00000, 0x0000000780e00000, 0x0000000781000000|  0%| F|  |TAMS 0x0000000780e00000| PB 0x0000000780e00000| Untracked |  0
| 908|0x0000000781000000, 0x0000000781000000, 0x0000000781200000|  0%| F|  |TAMS 0x0000000781000000| PB 0x0000000781000000| Untracked |  0
| 909|0x0000000781200000, 0x0000000781200000, 0x0000000781400000|  0%| F|  |TAMS 0x0000000781200000| PB 0x0000000781200000| Untracked |  0
| 910|0x0000000781400000, 0x0000000781400000, 0x0000000781600000|  0%| F|  |TAMS 0x0000000781400000| PB 0x0000000781400000| Untracked |  0
| 911|0x0000000781600000, 0x0000000781600000, 0x0000000781800000|  0%| F|  |TAMS 0x0000000781600000| PB 0x0000000781600000| Untracked |  0
| 912|0x0000000781800000, 0x0000000781800000, 0x0000000781a00000|  0%| F|  |TAMS 0x0000000781800000| PB 0x0000000781800000| Untracked |  0
| 913|0x0000000781a00000, 0x0000000781a00000, 0x0000000781c00000|  0%| F|  |TAMS 0x0000000781a00000| PB 0x0000000781a00000| Untracked |  0
| 914|0x0000000781c00000, 0x0000000781c00000, 0x0000000781e00000|  0%| F|  |TAMS 0x0000000781c00000| PB 0x0000000781c00000| Untracked |  0
| 915|0x0000000781e00000, 0x0000000781e00000, 0x0000000782000000|  0%| F|  |TAMS 0x0000000781e00000| PB 0x0000000781e00000| Untracked |  0
| 916|0x0000000782000000, 0x0000000782000000, 0x0000000782200000|  0%| F|  |TAMS 0x0000000782000000| PB 0x0000000782000000| Untracked |  0
| 917|0x0000000782200000, 0x0000000782200000, 0x0000000782400000|  0%| F|  |TAMS 0x0000000782200000| PB 0x0000000782200000| Untracked |  0
| 918|0x0000000782400000, 0x0000000782400000, 0x0000000782600000|  0%| F|  |TAMS 0x0000000782400000| PB 0x0000000782400000| Untracked |  0
| 919|0x0000000782600000, 0x0000000782600000, 0x0000000782800000|  0%| F|  |TAMS 0x0000000782600000| PB 0x0000000782600000| Untracked |  0
| 920|0x0000000782800000, 0x0000000782800000, 0x0000000782a00000|  0%| F|  |TAMS 0x0000000782800000| PB 0x0000000782800000| Untracked |  0
| 921|0x0000000782a00000, 0x0000000782a00000, 0x0000000782c00000|  0%| F|  |TAMS 0x0000000782a00000| PB 0x0000000782a00000| Untracked |  0
| 922|0x0000000782c00000, 0x0000000782c00000, 0x0000000782e00000|  0%| F|  |TAMS 0x0000000782c00000| PB 0x0000000782c00000| Untracked |  0
| 923|0x0000000782e00000, 0x0000000782e00000, 0x0000000783000000|  0%| F|  |TAMS 0x0000000782e00000| PB 0x0000000782e00000| Untracked |  0
| 924|0x0000000783000000, 0x0000000783000000, 0x0000000783200000|  0%| F|  |TAMS 0x0000000783000000| PB 0x0000000783000000| Untracked |  0
| 925|0x0000000783200000, 0x0000000783200000, 0x0000000783400000|  0%| F|  |TAMS 0x0000000783200000| PB 0x0000000783200000| Untracked |  0
| 926|0x0000000783400000, 0x0000000783400000, 0x0000000783600000|  0%| F|  |TAMS 0x0000000783400000| PB 0x0000000783400000| Untracked |  0
| 927|0x0000000783600000, 0x0000000783600000, 0x0000000783800000|  0%| F|  |TAMS 0x0000000783600000| PB 0x0000000783600000| Untracked |  0
| 928|0x0000000783800000, 0x0000000783800000, 0x0000000783a00000|  0%| F|  |TAMS 0x0000000783800000| PB 0x0000000783800000| Untracked |  0
| 929|0x0000000783a00000, 0x0000000783a00000, 0x0000000783c00000|  0%| F|  |TAMS 0x0000000783a00000| PB 0x0000000783a00000| Untracked |  0
| 930|0x0000000783c00000, 0x0000000783c00000, 0x0000000783e00000|  0%| F|  |TAMS 0x0000000783c00000| PB 0x0000000783c00000| Untracked |  0
| 931|0x0000000783e00000, 0x0000000783e00000, 0x0000000784000000|  0%| F|  |TAMS 0x0000000783e00000| PB 0x0000000783e00000| Untracked |  0
| 932|0x0000000784000000, 0x0000000784000000, 0x0000000784200000|  0%| F|  |TAMS 0x0000000784000000| PB 0x0000000784000000| Untracked |  0
| 933|0x0000000784200000, 0x0000000784200000, 0x0000000784400000|  0%| F|  |TAMS 0x0000000784200000| PB 0x0000000784200000| Untracked |  0
| 934|0x0000000784400000, 0x0000000784400000, 0x0000000784600000|  0%| F|  |TAMS 0x0000000784400000| PB 0x0000000784400000| Untracked |  0
| 935|0x0000000784600000, 0x0000000784600000, 0x0000000784800000|  0%| F|  |TAMS 0x0000000784600000| PB 0x0000000784600000| Untracked |  0
| 936|0x0000000784800000, 0x0000000784800000, 0x0000000784a00000|  0%| F|  |TAMS 0x0000000784800000| PB 0x0000000784800000| Untracked |  0
| 937|0x0000000784a00000, 0x0000000784a00000, 0x0000000784c00000|  0%| F|  |TAMS 0x0000000784a00000| PB 0x0000000784a00000| Untracked |  0
| 938|0x0000000784c00000, 0x0000000784c00000, 0x0000000784e00000|  0%| F|  |TAMS 0x0000000784c00000| PB 0x0000000784c00000| Untracked |  0
| 939|0x0000000784e00000, 0x0000000784e00000, 0x0000000785000000|  0%| F|  |TAMS 0x0000000784e00000| PB 0x0000000784e00000| Untracked |  0
| 940|0x0000000785000000, 0x0000000785000000, 0x0000000785200000|  0%| F|  |TAMS 0x0000000785000000| PB 0x0000000785000000| Untracked |  0
| 941|0x0000000785200000, 0x0000000785200000, 0x0000000785400000|  0%| F|  |TAMS 0x0000000785200000| PB 0x0000000785200000| Untracked |  0
| 942|0x0000000785400000, 0x0000000785400000, 0x0000000785600000|  0%| F|  |TAMS 0x0000000785400000| PB 0x0000000785400000| Untracked |  0
| 943|0x0000000785600000, 0x0000000785600000, 0x0000000785800000|  0%| F|  |TAMS 0x0000000785600000| PB 0x0000000785600000| Untracked |  0
| 944|0x0000000785800000, 0x0000000785800000, 0x0000000785a00000|  0%| F|  |TAMS 0x0000000785800000| PB 0x0000000785800000| Untracked |  0
| 945|0x0000000785a00000, 0x0000000785a00000, 0x0000000785c00000|  0%| F|  |TAMS 0x0000000785a00000| PB 0x0000000785a00000| Untracked |  0
| 946|0x0000000785c00000, 0x0000000785c00000, 0x0000000785e00000|  0%| F|  |TAMS 0x0000000785c00000| PB 0x0000000785c00000| Untracked |  0
| 947|0x0000000785e00000, 0x0000000785e00000, 0x0000000786000000|  0%| F|  |TAMS 0x0000000785e00000| PB 0x0000000785e00000| Untracked |  0
| 948|0x0000000786000000, 0x0000000786000000, 0x0000000786200000|  0%| F|  |TAMS 0x0000000786000000| PB 0x0000000786000000| Untracked |  0
| 949|0x0000000786200000, 0x0000000786200000, 0x0000000786400000|  0%| F|  |TAMS 0x0000000786200000| PB 0x0000000786200000| Untracked |  0
| 950|0x0000000786400000, 0x0000000786400000, 0x0000000786600000|  0%| F|  |TAMS 0x0000000786400000| PB 0x0000000786400000| Untracked |  0
| 951|0x0000000786600000, 0x0000000786600000, 0x0000000786800000|  0%| F|  |TAMS 0x0000000786600000| PB 0x0000000786600000| Untracked |  0
| 952|0x0000000786800000, 0x0000000786800000, 0x0000000786a00000|  0%| F|  |TAMS 0x0000000786800000| PB 0x0000000786800000| Untracked |  0
| 953|0x0000000786a00000, 0x0000000786a00000, 0x0000000786c00000|  0%| F|  |TAMS 0x0000000786a00000| PB 0x0000000786a00000| Untracked |  0
| 954|0x0000000786c00000, 0x0000000786c00000, 0x0000000786e00000|  0%| F|  |TAMS 0x0000000786c00000| PB 0x0000000786c00000| Untracked |  0
| 955|0x0000000786e00000, 0x0000000786e00000, 0x0000000787000000|  0%| F|  |TAMS 0x0000000786e00000| PB 0x0000000786e00000| Untracked |  0
| 956|0x0000000787000000, 0x0000000787000000, 0x0000000787200000|  0%| F|  |TAMS 0x0000000787000000| PB 0x0000000787000000| Untracked |  0
| 957|0x0000000787200000, 0x0000000787200000, 0x0000000787400000|  0%| F|  |TAMS 0x0000000787200000| PB 0x0000000787200000| Untracked |  0
| 958|0x0000000787400000, 0x0000000787400000, 0x0000000787600000|  0%| F|  |TAMS 0x0000000787400000| PB 0x0000000787400000| Untracked |  0
| 959|0x0000000787600000, 0x0000000787600000, 0x0000000787800000|  0%| F|  |TAMS 0x0000000787600000| PB 0x0000000787600000| Untracked |  0
| 960|0x0000000787800000, 0x0000000787800000, 0x0000000787a00000|  0%| F|  |TAMS 0x0000000787800000| PB 0x0000000787800000| Untracked |  0
| 961|0x0000000787a00000, 0x0000000787a00000, 0x0000000787c00000|  0%| F|  |TAMS 0x0000000787a00000| PB 0x0000000787a00000| Untracked |  0
| 962|0x0000000787c00000, 0x0000000787c00000, 0x0000000787e00000|  0%| F|  |TAMS 0x0000000787c00000| PB 0x0000000787c00000| Untracked |  0
| 963|0x0000000787e00000, 0x0000000787e00000, 0x0000000788000000|  0%| F|  |TAMS 0x0000000787e00000| PB 0x0000000787e00000| Untracked |  0
| 964|0x0000000788000000, 0x0000000788000000, 0x0000000788200000|  0%| F|  |TAMS 0x0000000788000000| PB 0x0000000788000000| Untracked |  0
| 965|0x0000000788200000, 0x0000000788200000, 0x0000000788400000|  0%| F|  |TAMS 0x0000000788200000| PB 0x0000000788200000| Untracked |  0
| 966|0x0000000788400000, 0x0000000788400000, 0x0000000788600000|  0%| F|  |TAMS 0x0000000788400000| PB 0x0000000788400000| Untracked |  0
| 967|0x0000000788600000, 0x0000000788600000, 0x0000000788800000|  0%| F|  |TAMS 0x0000000788600000| PB 0x0000000788600000| Untracked |  0
| 968|0x0000000788800000, 0x0000000788800000, 0x0000000788a00000|  0%| F|  |TAMS 0x0000000788800000| PB 0x0000000788800000| Untracked |  0
| 969|0x0000000788a00000, 0x0000000788a00000, 0x0000000788c00000|  0%| F|  |TAMS 0x0000000788a00000| PB 0x0000000788a00000| Untracked |  0
| 970|0x0000000788c00000, 0x0000000788c00000, 0x0000000788e00000|  0%| F|  |TAMS 0x0000000788c00000| PB 0x0000000788c00000| Untracked |  0
| 971|0x0000000788e00000, 0x0000000788e00000, 0x0000000789000000|  0%| F|  |TAMS 0x0000000788e00000| PB 0x0000000788e00000| Untracked |  0
| 972|0x0000000789000000, 0x0000000789000000, 0x0000000789200000|  0%| F|  |TAMS 0x0000000789000000| PB 0x0000000789000000| Untracked |  0
| 973|0x0000000789200000, 0x0000000789200000, 0x0000000789400000|  0%| F|  |TAMS 0x0000000789200000| PB 0x0000000789200000| Untracked |  0
| 974|0x0000000789400000, 0x0000000789400000, 0x0000000789600000|  0%| F|  |TAMS 0x0000000789400000| PB 0x0000000789400000| Untracked |  0
| 975|0x0000000789600000, 0x0000000789600000, 0x0000000789800000|  0%| F|  |TAMS 0x0000000789600000| PB 0x0000000789600000| Untracked |  0
| 976|0x0000000789800000, 0x0000000789800000, 0x0000000789a00000|  0%| F|  |TAMS 0x0000000789800000| PB 0x0000000789800000| Untracked |  0
| 977|0x0000000789a00000, 0x0000000789a00000, 0x0000000789c00000|  0%| F|  |TAMS 0x0000000789a00000| PB 0x0000000789a00000| Untracked |  0
| 978|0x0000000789c00000, 0x0000000789c00000, 0x0000000789e00000|  0%| F|  |TAMS 0x0000000789c00000| PB 0x0000000789c00000| Untracked |  0
| 979|0x0000000789e00000, 0x0000000789e00000, 0x000000078a000000|  0%| F|  |TAMS 0x0000000789e00000| PB 0x0000000789e00000| Untracked |  0
| 980|0x000000078a000000, 0x000000078a000000, 0x000000078a200000|  0%| F|  |TAMS 0x000000078a000000| PB 0x000000078a000000| Untracked |  0
| 981|0x000000078a200000, 0x000000078a200000, 0x000000078a400000|  0%| F|  |TAMS 0x000000078a200000| PB 0x000000078a200000| Untracked |  0
| 982|0x000000078a400000, 0x000000078a400000, 0x000000078a600000|  0%| F|  |TAMS 0x000000078a400000| PB 0x000000078a400000| Untracked |  0
| 983|0x000000078a600000, 0x000000078a600000, 0x000000078a800000|  0%| F|  |TAMS 0x000000078a600000| PB 0x000000078a600000| Untracked |  0
| 984|0x000000078a800000, 0x000000078a800000, 0x000000078aa00000|  0%| F|  |TAMS 0x000000078a800000| PB 0x000000078a800000| Untracked |  0
| 985|0x000000078aa00000, 0x000000078aa00000, 0x000000078ac00000|  0%| F|  |TAMS 0x000000078aa00000| PB 0x000000078aa00000| Untracked |  0
| 986|0x000000078ac00000, 0x000000078ac00000, 0x000000078ae00000|  0%| F|  |TAMS 0x000000078ac00000| PB 0x000000078ac00000| Untracked |  0
| 987|0x000000078ae00000, 0x000000078ae00000, 0x000000078b000000|  0%| F|  |TAMS 0x000000078ae00000| PB 0x000000078ae00000| Untracked |  0
| 988|0x000000078b000000, 0x000000078b000000, 0x000000078b200000|  0%| F|  |TAMS 0x000000078b000000| PB 0x000000078b000000| Untracked |  0
| 989|0x000000078b200000, 0x000000078b200000, 0x000000078b400000|  0%| F|  |TAMS 0x000000078b200000| PB 0x000000078b200000| Untracked |  0
| 990|0x000000078b400000, 0x000000078b400000, 0x000000078b600000|  0%| F|  |TAMS 0x000000078b400000| PB 0x000000078b400000| Untracked |  0
| 991|0x000000078b600000, 0x000000078b600000, 0x000000078b800000|  0%| F|  |TAMS 0x000000078b600000| PB 0x000000078b600000| Untracked |  0
| 992|0x000000078b800000, 0x000000078b800000, 0x000000078ba00000|  0%| F|  |TAMS 0x000000078b800000| PB 0x000000078b800000| Untracked |  0
| 993|0x000000078ba00000, 0x000000078ba00000, 0x000000078bc00000|  0%| F|  |TAMS 0x000000078ba00000| PB 0x000000078ba00000| Untracked |  0
| 994|0x000000078bc00000, 0x000000078bc00000, 0x000000078be00000|  0%| F|  |TAMS 0x000000078bc00000| PB 0x000000078bc00000| Untracked |  0
| 995|0x000000078be00000, 0x000000078be00000, 0x000000078c000000|  0%| F|  |TAMS 0x000000078be00000| PB 0x000000078be00000| Untracked |  0
| 996|0x000000078c000000, 0x000000078c000000, 0x000000078c200000|  0%| F|  |TAMS 0x000000078c000000| PB 0x000000078c000000| Untracked |  0
| 997|0x000000078c200000, 0x000000078c200000, 0x000000078c400000|  0%| F|  |TAMS 0x000000078c200000| PB 0x000000078c200000| Untracked |  0
| 998|0x000000078c400000, 0x000000078c400000, 0x000000078c600000|  0%| F|  |TAMS 0x000000078c400000| PB 0x000000078c400000| Untracked |  0
| 999|0x000000078c600000, 0x000000078c600000, 0x000000078c800000|  0%| F|  |TAMS 0x000000078c600000| PB 0x000000078c600000| Untracked |  0
|1000|0x000000078c800000, 0x000000078c800000, 0x000000078ca00000|  0%| F|  |TAMS 0x000000078c800000| PB 0x000000078c800000| Untracked |  0
|1001|0x000000078ca00000, 0x000000078ca00000, 0x000000078cc00000|  0%| F|  |TAMS 0x000000078ca00000| PB 0x000000078ca00000| Untracked |  0
|1002|0x000000078cc00000, 0x000000078cc00000, 0x000000078ce00000|  0%| F|  |TAMS 0x000000078cc00000| PB 0x000000078cc00000| Untracked |  0
|1003|0x000000078ce00000, 0x000000078ce00000, 0x000000078d000000|  0%| F|  |TAMS 0x000000078ce00000| PB 0x000000078ce00000| Untracked |  0
|1004|0x000000078d000000, 0x000000078d000000, 0x000000078d200000|  0%| F|  |TAMS 0x000000078d000000| PB 0x000000078d000000| Untracked |  0
|1005|0x000000078d200000, 0x000000078d200000, 0x000000078d400000|  0%| F|  |TAMS 0x000000078d200000| PB 0x000000078d200000| Untracked |  0
|1006|0x000000078d400000, 0x000000078d400000, 0x000000078d600000|  0%| F|  |TAMS 0x000000078d400000| PB 0x000000078d400000| Untracked |  0
|1007|0x000000078d600000, 0x000000078d600000, 0x000000078d800000|  0%| F|  |TAMS 0x000000078d600000| PB 0x000000078d600000| Untracked |  0
|1008|0x000000078d800000, 0x000000078d800000, 0x000000078da00000|  0%| F|  |TAMS 0x000000078d800000| PB 0x000000078d800000| Untracked |  0
|1009|0x000000078da00000, 0x000000078da00000, 0x000000078dc00000|  0%| F|  |TAMS 0x000000078da00000| PB 0x000000078da00000| Untracked |  0
|1010|0x000000078dc00000, 0x000000078dc00000, 0x000000078de00000|  0%| F|  |TAMS 0x000000078dc00000| PB 0x000000078dc00000| Untracked |  0
|1011|0x000000078de00000, 0x000000078de00000, 0x000000078e000000|  0%| F|  |TAMS 0x000000078de00000| PB 0x000000078de00000| Untracked |  0
|1012|0x000000078e000000, 0x000000078e000000, 0x000000078e200000|  0%| F|  |TAMS 0x000000078e000000| PB 0x000000078e000000| Untracked |  0
|1013|0x000000078e200000, 0x000000078e200000, 0x000000078e400000|  0%| F|  |TAMS 0x000000078e200000| PB 0x000000078e200000| Untracked |  0
|1014|0x000000078e400000, 0x000000078e400000, 0x000000078e600000|  0%| F|  |TAMS 0x000000078e400000| PB 0x000000078e400000| Untracked |  0
|1015|0x000000078e600000, 0x000000078e600000, 0x000000078e800000|  0%| F|  |TAMS 0x000000078e600000| PB 0x000000078e600000| Untracked |  0
|1016|0x000000078e800000, 0x000000078e800000, 0x000000078ea00000|  0%| F|  |TAMS 0x000000078e800000| PB 0x000000078e800000| Untracked |  0
|1017|0x000000078ea00000, 0x000000078ea00000, 0x000000078ec00000|  0%| F|  |TAMS 0x000000078ea00000| PB 0x000000078ea00000| Untracked |  0
|1018|0x000000078ec00000, 0x000000078ec00000, 0x000000078ee00000|  0%| F|  |TAMS 0x000000078ec00000| PB 0x000000078ec00000| Untracked |  0
|1019|0x000000078ee00000, 0x000000078ee00000, 0x000000078f000000|  0%| F|  |TAMS 0x000000078ee00000| PB 0x000000078ee00000| Untracked |  0
|1020|0x000000078f000000, 0x000000078f000000, 0x000000078f200000|  0%| F|  |TAMS 0x000000078f000000| PB 0x000000078f000000| Untracked |  0
|1021|0x000000078f200000, 0x000000078f200000, 0x000000078f400000|  0%| F|  |TAMS 0x000000078f200000| PB 0x000000078f200000| Untracked |  0
|1022|0x000000078f400000, 0x000000078f400000, 0x000000078f600000|  0%| F|  |TAMS 0x000000078f400000| PB 0x000000078f400000| Untracked |  0
|1023|0x000000078f600000, 0x000000078f600000, 0x000000078f800000|  0%| F|  |TAMS 0x000000078f600000| PB 0x000000078f600000| Untracked |  0
|1024|0x000000078f800000, 0x000000078f800000, 0x000000078fa00000|  0%| F|  |TAMS 0x000000078f800000| PB 0x000000078f800000| Untracked |  0
|1025|0x000000078fa00000, 0x000000078fa00000, 0x000000078fc00000|  0%| F|  |TAMS 0x000000078fa00000| PB 0x000000078fa00000| Untracked |  0
|1026|0x000000078fc00000, 0x000000078fc00000, 0x000000078fe00000|  0%| F|  |TAMS 0x000000078fc00000| PB 0x000000078fc00000| Untracked |  0
|1027|0x000000078fe00000, 0x000000078fe00000, 0x0000000790000000|  0%| F|  |TAMS 0x000000078fe00000| PB 0x000000078fe00000| Untracked |  0
|1028|0x0000000790000000, 0x0000000790000000, 0x0000000790200000|  0%| F|  |TAMS 0x0000000790000000| PB 0x0000000790000000| Untracked |  0
|1029|0x0000000790200000, 0x0000000790200000, 0x0000000790400000|  0%| F|  |TAMS 0x0000000790200000| PB 0x0000000790200000| Untracked |  0
|1030|0x0000000790400000, 0x0000000790400000, 0x0000000790600000|  0%| F|  |TAMS 0x0000000790400000| PB 0x0000000790400000| Untracked |  0
|1031|0x0000000790600000, 0x0000000790600000, 0x0000000790800000|  0%| F|  |TAMS 0x0000000790600000| PB 0x0000000790600000| Untracked |  0
|1032|0x0000000790800000, 0x0000000790800000, 0x0000000790a00000|  0%| F|  |TAMS 0x0000000790800000| PB 0x0000000790800000| Untracked |  0
|1033|0x0000000790a00000, 0x0000000790a00000, 0x0000000790c00000|  0%| F|  |TAMS 0x0000000790a00000| PB 0x0000000790a00000| Untracked |  0
|1034|0x0000000790c00000, 0x0000000790c00000, 0x0000000790e00000|  0%| F|  |TAMS 0x0000000790c00000| PB 0x0000000790c00000| Untracked |  0
|1035|0x0000000790e00000, 0x0000000790e00000, 0x0000000791000000|  0%| F|  |TAMS 0x0000000790e00000| PB 0x0000000790e00000| Untracked |  0
|1036|0x0000000791000000, 0x0000000791000000, 0x0000000791200000|  0%| F|  |TAMS 0x0000000791000000| PB 0x0000000791000000| Untracked |  0
|1037|0x0000000791200000, 0x0000000791200000, 0x0000000791400000|  0%| F|  |TAMS 0x0000000791200000| PB 0x0000000791200000| Untracked |  0
|1038|0x0000000791400000, 0x0000000791400000, 0x0000000791600000|  0%| F|  |TAMS 0x0000000791400000| PB 0x0000000791400000| Untracked |  0
|1039|0x0000000791600000, 0x0000000791600000, 0x0000000791800000|  0%| F|  |TAMS 0x0000000791600000| PB 0x0000000791600000| Untracked |  0
|1040|0x0000000791800000, 0x0000000791800000, 0x0000000791a00000|  0%| F|  |TAMS 0x0000000791800000| PB 0x0000000791800000| Untracked |  0
|1041|0x0000000791a00000, 0x0000000791a00000, 0x0000000791c00000|  0%| F|  |TAMS 0x0000000791a00000| PB 0x0000000791a00000| Untracked |  0
|1042|0x0000000791c00000, 0x0000000791c00000, 0x0000000791e00000|  0%| F|  |TAMS 0x0000000791c00000| PB 0x0000000791c00000| Untracked |  0
|1043|0x0000000791e00000, 0x0000000791e00000, 0x0000000792000000|  0%| F|  |TAMS 0x0000000791e00000| PB 0x0000000791e00000| Untracked |  0
|1044|0x0000000792000000, 0x0000000792000000, 0x0000000792200000|  0%| F|  |TAMS 0x0000000792000000| PB 0x0000000792000000| Untracked |  0
|1045|0x0000000792200000, 0x0000000792200000, 0x0000000792400000|  0%| F|  |TAMS 0x0000000792200000| PB 0x0000000792200000| Untracked |  0
|1046|0x0000000792400000, 0x0000000792400000, 0x0000000792600000|  0%| F|  |TAMS 0x0000000792400000| PB 0x0000000792400000| Untracked |  0
|1047|0x0000000792600000, 0x0000000792600000, 0x0000000792800000|  0%| F|  |TAMS 0x0000000792600000| PB 0x0000000792600000| Untracked |  0
|1048|0x0000000792800000, 0x0000000792800000, 0x0000000792a00000|  0%| F|  |TAMS 0x0000000792800000| PB 0x0000000792800000| Untracked |  0
|1049|0x0000000792a00000, 0x0000000792a00000, 0x0000000792c00000|  0%| F|  |TAMS 0x0000000792a00000| PB 0x0000000792a00000| Untracked |  0
|1050|0x0000000792c00000, 0x0000000792c00000, 0x0000000792e00000|  0%| F|  |TAMS 0x0000000792c00000| PB 0x0000000792c00000| Untracked |  0
|1051|0x0000000792e00000, 0x0000000792e00000, 0x0000000793000000|  0%| F|  |TAMS 0x0000000792e00000| PB 0x0000000792e00000| Untracked |  0
|1052|0x0000000793000000, 0x0000000793000000, 0x0000000793200000|  0%| F|  |TAMS 0x0000000793000000| PB 0x0000000793000000| Untracked |  0
|1053|0x0000000793200000, 0x0000000793200000, 0x0000000793400000|  0%| F|  |TAMS 0x0000000793200000| PB 0x0000000793200000| Untracked |  0
|1054|0x0000000793400000, 0x0000000793400000, 0x0000000793600000|  0%| F|  |TAMS 0x0000000793400000| PB 0x0000000793400000| Untracked |  0
|1055|0x0000000793600000, 0x0000000793600000, 0x0000000793800000|  0%| F|  |TAMS 0x0000000793600000| PB 0x0000000793600000| Untracked |  0
|1056|0x0000000793800000, 0x0000000793800000, 0x0000000793a00000|  0%| F|  |TAMS 0x0000000793800000| PB 0x0000000793800000| Untracked |  0
|1057|0x0000000793a00000, 0x0000000793a00000, 0x0000000793c00000|  0%| F|  |TAMS 0x0000000793a00000| PB 0x0000000793a00000| Untracked |  0
|1058|0x0000000793c00000, 0x0000000793c00000, 0x0000000793e00000|  0%| F|  |TAMS 0x0000000793c00000| PB 0x0000000793c00000| Untracked |  0
|1059|0x0000000793e00000, 0x0000000793e00000, 0x0000000794000000|  0%| F|  |TAMS 0x0000000793e00000| PB 0x0000000793e00000| Untracked |  0
|1060|0x0000000794000000, 0x0000000794000000, 0x0000000794200000|  0%| F|  |TAMS 0x0000000794000000| PB 0x0000000794000000| Untracked |  0
|1061|0x0000000794200000, 0x0000000794200000, 0x0000000794400000|  0%| F|  |TAMS 0x0000000794200000| PB 0x0000000794200000| Untracked |  0
|1062|0x0000000794400000, 0x0000000794400000, 0x0000000794600000|  0%| F|  |TAMS 0x0000000794400000| PB 0x0000000794400000| Untracked |  0
|1063|0x0000000794600000, 0x0000000794600000, 0x0000000794800000|  0%| F|  |TAMS 0x0000000794600000| PB 0x0000000794600000| Untracked |  0
|1064|0x0000000794800000, 0x0000000794800000, 0x0000000794a00000|  0%| F|  |TAMS 0x0000000794800000| PB 0x0000000794800000| Untracked |  0
|1065|0x0000000794a00000, 0x0000000794a00000, 0x0000000794c00000|  0%| F|  |TAMS 0x0000000794a00000| PB 0x0000000794a00000| Untracked |  0
|1066|0x0000000794c00000, 0x0000000794c00000, 0x0000000794e00000|  0%| F|  |TAMS 0x0000000794c00000| PB 0x0000000794c00000| Untracked |  0
|1067|0x0000000794e00000, 0x0000000794e00000, 0x0000000795000000|  0%| F|  |TAMS 0x0000000794e00000| PB 0x0000000794e00000| Untracked |  0
|1068|0x0000000795000000, 0x0000000795000000, 0x0000000795200000|  0%| F|  |TAMS 0x0000000795000000| PB 0x0000000795000000| Untracked |  0
|1069|0x0000000795200000, 0x0000000795200000, 0x0000000795400000|  0%| F|  |TAMS 0x0000000795200000| PB 0x0000000795200000| Untracked |  0
|1070|0x0000000795400000, 0x0000000795400000, 0x0000000795600000|  0%| F|  |TAMS 0x0000000795400000| PB 0x0000000795400000| Untracked |  0
|1071|0x0000000795600000, 0x0000000795600000, 0x0000000795800000|  0%| F|  |TAMS 0x0000000795600000| PB 0x0000000795600000| Untracked |  0
|1072|0x0000000795800000, 0x0000000795800000, 0x0000000795a00000|  0%| F|  |TAMS 0x0000000795800000| PB 0x0000000795800000| Untracked |  0
|1073|0x0000000795a00000, 0x0000000795a00000, 0x0000000795c00000|  0%| F|  |TAMS 0x0000000795a00000| PB 0x0000000795a00000| Untracked |  0
|1074|0x0000000795c00000, 0x0000000795c00000, 0x0000000795e00000|  0%| F|  |TAMS 0x0000000795c00000| PB 0x0000000795c00000| Untracked |  0
|1075|0x0000000795e00000, 0x0000000795e00000, 0x0000000796000000|  0%| F|  |TAMS 0x0000000795e00000| PB 0x0000000795e00000| Untracked |  0
|1076|0x0000000796000000, 0x0000000796000000, 0x0000000796200000|  0%| F|  |TAMS 0x0000000796000000| PB 0x0000000796000000| Untracked |  0
|1077|0x0000000796200000, 0x0000000796200000, 0x0000000796400000|  0%| F|  |TAMS 0x0000000796200000| PB 0x0000000796200000| Untracked |  0
|1078|0x0000000796400000, 0x0000000796400000, 0x0000000796600000|  0%| F|  |TAMS 0x0000000796400000| PB 0x0000000796400000| Untracked |  0
|1079|0x0000000796600000, 0x0000000796600000, 0x0000000796800000|  0%| F|  |TAMS 0x0000000796600000| PB 0x0000000796600000| Untracked |  0
|1080|0x0000000796800000, 0x0000000796800000, 0x0000000796a00000|  0%| F|  |TAMS 0x0000000796800000| PB 0x0000000796800000| Untracked |  0
|1081|0x0000000796a00000, 0x0000000796a00000, 0x0000000796c00000|  0%| F|  |TAMS 0x0000000796a00000| PB 0x0000000796a00000| Untracked |  0
|1082|0x0000000796c00000, 0x0000000796c00000, 0x0000000796e00000|  0%| F|  |TAMS 0x0000000796c00000| PB 0x0000000796c00000| Untracked |  0
|1083|0x0000000796e00000, 0x0000000796e00000, 0x0000000797000000|  0%| F|  |TAMS 0x0000000796e00000| PB 0x0000000796e00000| Untracked |  0
|1084|0x0000000797000000, 0x0000000797000000, 0x0000000797200000|  0%| F|  |TAMS 0x0000000797000000| PB 0x0000000797000000| Untracked |  0
|1085|0x0000000797200000, 0x0000000797200000, 0x0000000797400000|  0%| F|  |TAMS 0x0000000797200000| PB 0x0000000797200000| Untracked |  0
|1086|0x0000000797400000, 0x0000000797400000, 0x0000000797600000|  0%| F|  |TAMS 0x0000000797400000| PB 0x0000000797400000| Untracked |  0
|1087|0x0000000797600000, 0x0000000797600000, 0x0000000797800000|  0%| F|  |TAMS 0x0000000797600000| PB 0x0000000797600000| Untracked |  0
|1088|0x0000000797800000, 0x0000000797800000, 0x0000000797a00000|  0%| F|  |TAMS 0x0000000797800000| PB 0x0000000797800000| Untracked |  0
|1089|0x0000000797a00000, 0x0000000797a00000, 0x0000000797c00000|  0%| F|  |TAMS 0x0000000797a00000| PB 0x0000000797a00000| Untracked |  0
|1090|0x0000000797c00000, 0x0000000797c00000, 0x0000000797e00000|  0%| F|  |TAMS 0x0000000797c00000| PB 0x0000000797c00000| Untracked |  0
|1091|0x0000000797e00000, 0x0000000797e00000, 0x0000000798000000|  0%| F|  |TAMS 0x0000000797e00000| PB 0x0000000797e00000| Untracked |  0
|1092|0x0000000798000000, 0x0000000798000000, 0x0000000798200000|  0%| F|  |TAMS 0x0000000798000000| PB 0x0000000798000000| Untracked |  0
|1093|0x0000000798200000, 0x0000000798200000, 0x0000000798400000|  0%| F|  |TAMS 0x0000000798200000| PB 0x0000000798200000| Untracked |  0
|1094|0x0000000798400000, 0x0000000798500000, 0x0000000798600000| 50%| E|  |TAMS 0x0000000798400000| PB 0x0000000798400000| Complete |  0
|1095|0x0000000798600000, 0x0000000798800000, 0x0000000798800000|100%| E|CS|TAMS 0x0000000798600000| PB 0x0000000798600000| Complete |  0
|1096|0x0000000798800000, 0x0000000798a00000, 0x0000000798a00000|100%| E|CS|TAMS 0x0000000798800000| PB 0x0000000798800000| Complete |  0
|1097|0x0000000798a00000, 0x0000000798c00000, 0x0000000798c00000|100%| E|CS|TAMS 0x0000000798a00000| PB 0x0000000798a00000| Complete |  0
|1098|0x0000000798c00000, 0x0000000798e00000, 0x0000000798e00000|100%| E|CS|TAMS 0x0000000798c00000| PB 0x0000000798c00000| Complete |  0
|1099|0x0000000798e00000, 0x0000000799000000, 0x0000000799000000|100%| E|CS|TAMS 0x0000000798e00000| PB 0x0000000798e00000| Complete |  0
|1100|0x0000000799000000, 0x0000000799200000, 0x0000000799200000|100%| E|CS|TAMS 0x0000000799000000| PB 0x0000000799000000| Complete |  0
|1101|0x0000000799200000, 0x0000000799400000, 0x0000000799400000|100%| E|CS|TAMS 0x0000000799200000| PB 0x0000000799200000| Complete |  0
|1102|0x0000000799400000, 0x0000000799600000, 0x0000000799600000|100%| E|CS|TAMS 0x0000000799400000| PB 0x0000000799400000| Complete |  0
|1103|0x0000000799600000, 0x0000000799800000, 0x0000000799800000|100%| E|CS|TAMS 0x0000000799600000| PB 0x0000000799600000| Complete |  0
|1104|0x0000000799800000, 0x0000000799a00000, 0x0000000799a00000|100%| E|  |TAMS 0x0000000799800000| PB 0x0000000799800000| Complete |  0
|1105|0x0000000799a00000, 0x0000000799c00000, 0x0000000799c00000|100%| E|CS|TAMS 0x0000000799a00000| PB 0x0000000799a00000| Complete |  0
|1106|0x0000000799c00000, 0x0000000799e00000, 0x0000000799e00000|100%| E|CS|TAMS 0x0000000799c00000| PB 0x0000000799c00000| Complete |  0
|1107|0x0000000799e00000, 0x000000079a000000, 0x000000079a000000|100%| E|CS|TAMS 0x0000000799e00000| PB 0x0000000799e00000| Complete |  0
|1108|0x000000079a000000, 0x000000079a200000, 0x000000079a200000|100%| E|CS|TAMS 0x000000079a000000| PB 0x000000079a000000| Complete |  0
|1109|0x000000079a200000, 0x000000079a400000, 0x000000079a400000|100%| E|CS|TAMS 0x000000079a200000| PB 0x000000079a200000| Complete |  0
|1110|0x000000079a400000, 0x000000079a600000, 0x000000079a600000|100%| E|CS|TAMS 0x000000079a400000| PB 0x000000079a400000| Complete |  0
|1111|0x000000079a600000, 0x000000079a800000, 0x000000079a800000|100%| E|CS|TAMS 0x000000079a600000| PB 0x000000079a600000| Complete |  0
|1112|0x000000079a800000, 0x000000079aa00000, 0x000000079aa00000|100%| E|CS|TAMS 0x000000079a800000| PB 0x000000079a800000| Complete |  0
|1113|0x000000079aa00000, 0x000000079ac00000, 0x000000079ac00000|100%| E|CS|TAMS 0x000000079aa00000| PB 0x000000079aa00000| Complete |  0
|1114|0x000000079ac00000, 0x000000079ae00000, 0x000000079ae00000|100%| E|CS|TAMS 0x000000079ac00000| PB 0x000000079ac00000| Complete |  0
|1115|0x000000079ae00000, 0x000000079b000000, 0x000000079b000000|100%| E|CS|TAMS 0x000000079ae00000| PB 0x000000079ae00000| Complete |  0
|1116|0x000000079b000000, 0x000000079b200000, 0x000000079b200000|100%| E|CS|TAMS 0x000000079b000000| PB 0x000000079b000000| Complete |  0
|1117|0x000000079b200000, 0x000000079b400000, 0x000000079b400000|100%| E|CS|TAMS 0x000000079b200000| PB 0x000000079b200000| Complete |  0
|1118|0x000000079b400000, 0x000000079b600000, 0x000000079b600000|100%| E|CS|TAMS 0x000000079b400000| PB 0x000000079b400000| Complete |  0
|1119|0x000000079b600000, 0x000000079b800000, 0x000000079b800000|100%| E|CS|TAMS 0x000000079b600000| PB 0x000000079b600000| Complete |  0
|1120|0x000000079b800000, 0x000000079ba00000, 0x000000079ba00000|100%| E|CS|TAMS 0x000000079b800000| PB 0x000000079b800000| Complete |  0
|1121|0x000000079ba00000, 0x000000079bc00000, 0x000000079bc00000|100%| E|CS|TAMS 0x000000079ba00000| PB 0x000000079ba00000| Complete |  0
|1122|0x000000079bc00000, 0x000000079be00000, 0x000000079be00000|100%| E|CS|TAMS 0x000000079bc00000| PB 0x000000079bc00000| Complete |  0
|1123|0x000000079be00000, 0x000000079c000000, 0x000000079c000000|100%| E|CS|TAMS 0x000000079be00000| PB 0x000000079be00000| Complete |  0
|1124|0x000000079c000000, 0x000000079c200000, 0x000000079c200000|100%| E|CS|TAMS 0x000000079c000000| PB 0x000000079c000000| Complete |  0
|1125|0x000000079c200000, 0x000000079c400000, 0x000000079c400000|100%| E|CS|TAMS 0x000000079c200000| PB 0x000000079c200000| Complete |  0
|1126|0x000000079c400000, 0x000000079c600000, 0x000000079c600000|100%| E|CS|TAMS 0x000000079c400000| PB 0x000000079c400000| Complete |  0
|1127|0x000000079c600000, 0x000000079c800000, 0x000000079c800000|100%| E|CS|TAMS 0x000000079c600000| PB 0x000000079c600000| Complete |  0
|1128|0x000000079c800000, 0x000000079ca00000, 0x000000079ca00000|100%| E|CS|TAMS 0x000000079c800000| PB 0x000000079c800000| Complete |  0
|1129|0x000000079ca00000, 0x000000079cc00000, 0x000000079cc00000|100%| E|CS|TAMS 0x000000079ca00000| PB 0x000000079ca00000| Complete |  0
|1130|0x000000079cc00000, 0x000000079ce00000, 0x000000079ce00000|100%| E|CS|TAMS 0x000000079cc00000| PB 0x000000079cc00000| Complete |  0
|1131|0x000000079ce00000, 0x000000079d000000, 0x000000079d000000|100%| E|CS|TAMS 0x000000079ce00000| PB 0x000000079ce00000| Complete |  0
|1132|0x000000079d000000, 0x000000079d200000, 0x000000079d200000|100%| E|CS|TAMS 0x000000079d000000| PB 0x000000079d000000| Complete |  0
|1133|0x000000079d200000, 0x000000079d400000, 0x000000079d400000|100%| E|CS|TAMS 0x000000079d200000| PB 0x000000079d200000| Complete |  0
|1134|0x000000079d400000, 0x000000079d600000, 0x000000079d600000|100%| E|CS|TAMS 0x000000079d400000| PB 0x000000079d400000| Complete |  0
|1135|0x000000079d600000, 0x000000079d800000, 0x000000079d800000|100%| E|CS|TAMS 0x000000079d600000| PB 0x000000079d600000| Complete |  0
|1136|0x000000079d800000, 0x000000079da00000, 0x000000079da00000|100%| E|CS|TAMS 0x000000079d800000| PB 0x000000079d800000| Complete |  0
|1137|0x000000079da00000, 0x000000079dc00000, 0x000000079dc00000|100%| E|CS|TAMS 0x000000079da00000| PB 0x000000079da00000| Complete |  0
|1138|0x000000079dc00000, 0x000000079de00000, 0x000000079de00000|100%| E|CS|TAMS 0x000000079dc00000| PB 0x000000079dc00000| Complete |  0
|1139|0x000000079de00000, 0x000000079e000000, 0x000000079e000000|100%| E|CS|TAMS 0x000000079de00000| PB 0x000000079de00000| Complete |  0
|1140|0x000000079e000000, 0x000000079e200000, 0x000000079e200000|100%| E|CS|TAMS 0x000000079e000000| PB 0x000000079e000000| Complete |  0
|1141|0x000000079e200000, 0x000000079e400000, 0x000000079e400000|100%| E|CS|TAMS 0x000000079e200000| PB 0x000000079e200000| Complete |  0
|1142|0x000000079e400000, 0x000000079e600000, 0x000000079e600000|100%| E|CS|TAMS 0x000000079e400000| PB 0x000000079e400000| Complete |  0
|1143|0x000000079e600000, 0x000000079e800000, 0x000000079e800000|100%| E|CS|TAMS 0x000000079e600000| PB 0x000000079e600000| Complete |  0
|1144|0x000000079e800000, 0x000000079ea00000, 0x000000079ea00000|100%| E|CS|TAMS 0x000000079e800000| PB 0x000000079e800000| Complete |  0
|1145|0x000000079ea00000, 0x000000079ec00000, 0x000000079ec00000|100%| E|CS|TAMS 0x000000079ea00000| PB 0x000000079ea00000| Complete |  0
|1146|0x000000079ec00000, 0x000000079ee00000, 0x000000079ee00000|100%| E|CS|TAMS 0x000000079ec00000| PB 0x000000079ec00000| Complete |  0
|1147|0x000000079ee00000, 0x000000079f000000, 0x000000079f000000|100%| E|CS|TAMS 0x000000079ee00000| PB 0x000000079ee00000| Complete |  0
|1148|0x000000079f000000, 0x000000079f200000, 0x000000079f200000|100%| E|CS|TAMS 0x000000079f000000| PB 0x000000079f000000| Complete |  0
|1149|0x000000079f200000, 0x000000079f400000, 0x000000079f400000|100%| E|CS|TAMS 0x000000079f200000| PB 0x000000079f200000| Complete |  0
|1150|0x000000079f400000, 0x000000079f600000, 0x000000079f600000|100%| E|CS|TAMS 0x000000079f400000| PB 0x000000079f400000| Complete |  0
|1151|0x000000079f600000, 0x000000079f800000, 0x000000079f800000|100%| E|CS|TAMS 0x000000079f600000| PB 0x000000079f600000| Complete |  0
|1152|0x000000079f800000, 0x000000079fa00000, 0x000000079fa00000|100%| E|CS|TAMS 0x000000079f800000| PB 0x000000079f800000| Complete |  0
|1153|0x000000079fa00000, 0x000000079fc00000, 0x000000079fc00000|100%| E|CS|TAMS 0x000000079fa00000| PB 0x000000079fa00000| Complete |  0
|1154|0x000000079fc00000, 0x000000079fe00000, 0x000000079fe00000|100%| E|CS|TAMS 0x000000079fc00000| PB 0x000000079fc00000| Complete |  0
|1155|0x000000079fe00000, 0x00000007a0000000, 0x00000007a0000000|100%| E|CS|TAMS 0x000000079fe00000| PB 0x000000079fe00000| Complete |  0
|1156|0x00000007a0000000, 0x00000007a0200000, 0x00000007a0200000|100%| E|CS|TAMS 0x00000007a0000000| PB 0x00000007a0000000| Complete |  0
|1157|0x00000007a0200000, 0x00000007a0400000, 0x00000007a0400000|100%| E|CS|TAMS 0x00000007a0200000| PB 0x00000007a0200000| Complete |  0
|1158|0x00000007a0400000, 0x00000007a0600000, 0x00000007a0600000|100%| E|CS|TAMS 0x00000007a0400000| PB 0x00000007a0400000| Complete |  0
|1159|0x00000007a0600000, 0x00000007a0800000, 0x00000007a0800000|100%| E|CS|TAMS 0x00000007a0600000| PB 0x00000007a0600000| Complete |  0
|1160|0x00000007a0800000, 0x00000007a0a00000, 0x00000007a0a00000|100%| E|CS|TAMS 0x00000007a0800000| PB 0x00000007a0800000| Complete |  0
|1161|0x00000007a0a00000, 0x00000007a0c00000, 0x00000007a0c00000|100%| E|CS|TAMS 0x00000007a0a00000| PB 0x00000007a0a00000| Complete |  0
|1162|0x00000007a0c00000, 0x00000007a0e00000, 0x00000007a0e00000|100%| E|CS|TAMS 0x00000007a0c00000| PB 0x00000007a0c00000| Complete |  0
|1163|0x00000007a0e00000, 0x00000007a1000000, 0x00000007a1000000|100%| E|CS|TAMS 0x00000007a0e00000| PB 0x00000007a0e00000| Complete |  0
|1164|0x00000007a1000000, 0x00000007a1200000, 0x00000007a1200000|100%| E|CS|TAMS 0x00000007a1000000| PB 0x00000007a1000000| Complete |  0
|1165|0x00000007a1200000, 0x00000007a1400000, 0x00000007a1400000|100%| E|CS|TAMS 0x00000007a1200000| PB 0x00000007a1200000| Complete |  0
|1166|0x00000007a1400000, 0x00000007a1600000, 0x00000007a1600000|100%| E|CS|TAMS 0x00000007a1400000| PB 0x00000007a1400000| Complete |  0
|1866|0x00000007f8c00000, 0x00000007f8e00000, 0x00000007f8e00000|100%| E|CS|TAMS 0x00000007f8c00000| PB 0x00000007f8c00000| Complete |  0
|1871|0x00000007f9600000, 0x00000007f9800000, 0x00000007f9800000|100%| E|CS|TAMS 0x00000007f9600000| PB 0x00000007f9600000| Complete |  0
|1880|0x00000007fa800000, 0x00000007faa00000, 0x00000007faa00000|100%| E|CS|TAMS 0x00000007fa800000| PB 0x00000007fa800000| Complete |  0
|1881|0x00000007faa00000, 0x00000007fac00000, 0x00000007fac00000|100%| E|CS|TAMS 0x00000007faa00000| PB 0x00000007faa00000| Complete |  0
|1882|0x00000007fac00000, 0x00000007fae00000, 0x00000007fae00000|100%| E|CS|TAMS 0x00000007fac00000| PB 0x00000007fac00000| Complete |  0
|1883|0x00000007fae00000, 0x00000007fb000000, 0x00000007fb000000|100%| E|CS|TAMS 0x00000007fae00000| PB 0x00000007fae00000| Complete |  0
|1884|0x00000007fb000000, 0x00000007fb200000, 0x00000007fb200000|100%| E|CS|TAMS 0x00000007fb000000| PB 0x00000007fb000000| Complete |  0
|1885|0x00000007fb200000, 0x00000007fb400000, 0x00000007fb400000|100%| E|CS|TAMS 0x00000007fb200000| PB 0x00000007fb200000| Complete |  0
|1886|0x00000007fb400000, 0x00000007fb600000, 0x00000007fb600000|100%| E|CS|TAMS 0x00000007fb400000| PB 0x00000007fb400000| Complete |  0
|1887|0x00000007fb600000, 0x00000007fb800000, 0x00000007fb800000|100%| E|CS|TAMS 0x00000007fb600000| PB 0x00000007fb600000| Complete |  0
|1888|0x00000007fb800000, 0x00000007fba00000, 0x00000007fba00000|100%| E|CS|TAMS 0x00000007fb800000| PB 0x00000007fb800000| Complete |  0
|1889|0x00000007fba00000, 0x00000007fbc00000, 0x00000007fbc00000|100%| E|CS|TAMS 0x00000007fba00000| PB 0x00000007fba00000| Complete |  0
|1890|0x00000007fbc00000, 0x00000007fbe00000, 0x00000007fbe00000|100%| E|CS|TAMS 0x00000007fbc00000| PB 0x00000007fbc00000| Complete |  0
|1891|0x00000007fbe00000, 0x00000007fc000000, 0x00000007fc000000|100%| E|CS|TAMS 0x00000007fbe00000| PB 0x00000007fbe00000| Complete |  0
|1892|0x00000007fc000000, 0x00000007fc200000, 0x00000007fc200000|100%| E|CS|TAMS 0x00000007fc000000| PB 0x00000007fc000000| Complete |  0
|1893|0x00000007fc200000, 0x00000007fc400000, 0x00000007fc400000|100%| E|CS|TAMS 0x00000007fc200000| PB 0x00000007fc200000| Complete |  0
|1894|0x00000007fc400000, 0x00000007fc600000, 0x00000007fc600000|100%| E|CS|TAMS 0x00000007fc400000| PB 0x00000007fc400000| Complete |  0
|1895|0x00000007fc600000, 0x00000007fc800000, 0x00000007fc800000|100%| E|CS|TAMS 0x00000007fc600000| PB 0x00000007fc600000| Complete |  0
|1896|0x00000007fc800000, 0x00000007fca00000, 0x00000007fca00000|100%| E|CS|TAMS 0x00000007fc800000| PB 0x00000007fc800000| Complete |  0
|1897|0x00000007fca00000, 0x00000007fcc00000, 0x00000007fcc00000|100%| E|CS|TAMS 0x00000007fca00000| PB 0x00000007fca00000| Complete |  0
|1898|0x00000007fcc00000, 0x00000007fce00000, 0x00000007fce00000|100%| E|CS|TAMS 0x00000007fcc00000| PB 0x00000007fcc00000| Complete |  0
|1899|0x00000007fce00000, 0x00000007fd000000, 0x00000007fd000000|100%| E|CS|TAMS 0x00000007fce00000| PB 0x00000007fce00000| Complete |  0
|1900|0x00000007fd000000, 0x00000007fd200000, 0x00000007fd200000|100%| E|CS|TAMS 0x00000007fd000000| PB 0x00000007fd000000| Complete |  0
|1901|0x00000007fd200000, 0x00000007fd400000, 0x00000007fd400000|100%| E|CS|TAMS 0x00000007fd200000| PB 0x00000007fd200000| Complete |  0
|1902|0x00000007fd400000, 0x00000007fd600000, 0x00000007fd600000|100%| E|CS|TAMS 0x00000007fd400000| PB 0x00000007fd400000| Complete |  0
|1903|0x00000007fd600000, 0x00000007fd800000, 0x00000007fd800000|100%| E|CS|TAMS 0x00000007fd600000| PB 0x00000007fd600000| Complete |  0
|1904|0x00000007fd800000, 0x00000007fda00000, 0x00000007fda00000|100%| E|CS|TAMS 0x00000007fd800000| PB 0x00000007fd800000| Complete |  0
|1905|0x00000007fda00000, 0x00000007fdc00000, 0x00000007fdc00000|100%| E|CS|TAMS 0x00000007fda00000| PB 0x00000007fda00000| Complete |  0
|1906|0x00000007fdc00000, 0x00000007fde00000, 0x00000007fde00000|100%| E|CS|TAMS 0x00000007fdc00000| PB 0x00000007fdc00000| Complete |  0
|1907|0x00000007fde00000, 0x00000007fe000000, 0x00000007fe000000|100%| E|CS|TAMS 0x00000007fde00000| PB 0x00000007fde00000| Complete |  0
|1908|0x00000007fe000000, 0x00000007fe200000, 0x00000007fe200000|100%| E|CS|TAMS 0x00000007fe000000| PB 0x00000007fe000000| Complete |  0
|1909|0x00000007fe200000, 0x00000007fe400000, 0x00000007fe400000|100%| E|CS|TAMS 0x00000007fe200000| PB 0x00000007fe200000| Complete |  0
|1910|0x00000007fe400000, 0x00000007fe600000, 0x00000007fe600000|100%| E|CS|TAMS 0x00000007fe400000| PB 0x00000007fe400000| Complete |  0
|1911|0x00000007fe600000, 0x00000007fe800000, 0x00000007fe800000|100%| E|CS|TAMS 0x00000007fe600000| PB 0x00000007fe600000| Complete |  0
|1912|0x00000007fe800000, 0x00000007fea00000, 0x00000007fea00000|100%| O|  |TAMS 0x00000007fe800000| PB 0x00000007fe800000| Untracked |  0
|1913|0x00000007fea00000, 0x00000007fec00000, 0x00000007fec00000|100%| E|CS|TAMS 0x00000007fea00000| PB 0x00000007fea00000| Complete |  0
|1914|0x00000007fec00000, 0x00000007fee00000, 0x00000007fee00000|100%| O|  |TAMS 0x00000007fec00000| PB 0x00000007fec00000| Untracked |  0
|1915|0x00000007fee00000, 0x00000007ff000000, 0x00000007ff000000|100%| E|CS|TAMS 0x00000007fee00000| PB 0x00000007fee00000| Complete |  0
|1916|0x00000007ff000000, 0x00000007ff200000, 0x00000007ff200000|100%| E|CS|TAMS 0x00000007ff000000| PB 0x00000007ff000000| Complete |  0
|1917|0x00000007ff200000, 0x00000007ff400000, 0x00000007ff400000|100%| E|CS|TAMS 0x00000007ff200000| PB 0x00000007ff200000| Complete |  0
|1918|0x00000007ff400000, 0x00000007ff600000, 0x00000007ff600000|100%| E|CS|TAMS 0x00000007ff400000| PB 0x00000007ff400000| Complete |  0
|1919|0x00000007ff600000, 0x00000007ff800000, 0x00000007ff800000|100%| E|CS|TAMS 0x00000007ff600000| PB 0x00000007ff600000| Complete |  0
|1920|0x00000007ff800000, 0x00000007ffa00000, 0x00000007ffa00000|100%| E|CS|TAMS 0x00000007ff800000| PB 0x00000007ff800000| Complete |  0
|1921|0x00000007ffa00000, 0x00000007ffc00000, 0x00000007ffc00000|100%| O|  |TAMS 0x00000007ffa00000| PB 0x00000007ffa00000| Untracked |  0
|1922|0x00000007ffc00000, 0x00000007ffe00000, 0x00000007ffe00000|100%| O|  |TAMS 0x00000007ffc00000| PB 0x00000007ffc00000| Untracked |  0
|1923|0x00000007ffe00000, 0x0000000800000000, 0x0000000800000000|100%| E|CS|TAMS 0x00000007ffe00000| PB 0x00000007ffe00000| Complete |  0

Card table byte_map: [0x0000fffeda318000,0x0000fffedaa9c000] _byte_map_base: 0x0000fffed6a9c000

Marking Bits: (CMBitMap*) 0x0000fffed4187510
 Bits: [0x0000fffebd3dc000, 0x0000fffec0ffc000)

Polling page: 0x0000fffedd998000

Metaspace:
Metaspace        used 148184K, committed 150080K, reserved 1179648K
 class space     used 25334K, committed 26112K, reserved 1048576K

Usage:
  Non-class:    119.97 MB used.
      Class:     24.74 MB used.
       Both:    144.71 MB used.

Virtual space:
  Non-class space:      128.00 MB reserved,     121.06 MB ( 95%) committed,  2 nodes.
      Class space:        1.00 GB reserved,      25.50 MB (  2%) committed,  1 nodes.
             Both:        1.12 GB reserved,     146.56 MB ( 13%) committed. 

Chunk freelists:
   Non-Class:  6.83 MB
       Class:  6.35 MB
        Both:  13.17 MB

MaxMetaspaceSize: unlimited
CompressedClassSpaceSize: 1.00 GB
Initial GC threshold: 21.00 MB
Current GC threshold: 243.88 MB
CDS: on
 - commit_granule_bytes: 65536.
 - commit_granule_words: 8192.
 - virtual_space_node_default_size: 8388608.
 - enlarge_chunks_in_place: 1.
UseCompressedClassPointers 1, UseCompactObjectHeaders 0
Narrow klass pointer bits 32, Max shift 3
Narrow klass base: 0x00007f0000000000, Narrow klass shift: 0
Encoding Range: [0x00007f0000000000 - 0x00007f0100000000), (4294967296 bytes)
Klass Range:    [0x00007f0000010000 - 0x00007f0042000000), (1107230720 bytes)
Klass ID Range:  [65536 - 1107296249) (1107230713)
Protection zone: [0x00007f0000000000 - 0x00007f0000010000), (65536 bytes)


Internal statistics:

num_allocs_failed_limit: 27.
num_arena_births: 3306.
num_arena_deaths: 46.
num_vsnodes_births: 3.
num_vsnodes_deaths: 0.
num_space_committed: 2340.
num_space_uncommitted: 0.
num_chunks_returned_to_freelist: 87.
num_chunks_taken_from_freelist: 10076.
num_chunk_merges: 40.
num_chunk_splits: 6638.
num_chunks_enlarged: 4933.
num_inconsistent_stats: 0.

CodeHeap 'non-profiled nmethods': size=120032Kb used=17385Kb max_used=17700Kb free=102646Kb
 bounds [0x0000fffec8ac8000, 0x0000fffec9c58000, 0x0000fffed0000000]
CodeHeap 'profiled nmethods': size=120032Kb used=18128Kb max_used=33104Kb free=101903Kb
 bounds [0x0000fffec0ffc000, 0x0000fffec306c000, 0x0000fffec8534000]
CodeHeap 'non-nmethods': size=5712Kb used=3448Kb max_used=3571Kb free=2263Kb
 bounds [0x0000fffec8534000, 0x0000fffec88c4000, 0x0000fffec8ac8000]
CodeCache: size=245776Kb, used=38961Kb, max_used=54375Kb, free=206812Kb
 total_blobs=20909, nmethods=17962, adapters=2795, full_count=0
Compilation: enabled, stopped_count=0, restarted_count=0

Compilation events (20 events):
Event: 122.319 Thread 0x0000fffed4221210 nmethod 43679 0x0000fffec962b1c8 code [0x0000fffec962b2c0, 0x0000fffec962c470]
Event: 122.319 Thread 0x0000fffed4221210 43682       4       java.util.IdentityHashMap$IdentityHashMapIterator::nextIndex (72 bytes)
Event: 122.320 Thread 0x0000fffed4221210 nmethod 43682 0x0000fffec96af508 code [0x0000fffec96af600, 0x0000fffec96af708]
Event: 122.367 Thread 0x0000fffed4221210 43683       4       java.util.concurrent.ConcurrentHashMap$Traverser::advance (188 bytes)
Event: 122.367 Thread 0x0000fffed4222c30 43685       3       java.lang.Character::toUpperCase (9 bytes)
Event: 122.368 Thread 0x0000fffed4222c30 nmethod 43685 0x0000fffec21e5888 code [0x0000fffec21e5980, 0x0000fffec21e5ba8]
Event: 122.368 Thread 0x0000fffed4222c30 43686       3       org.apache.logging.log4j.core.util.internal.InternalLoggerRegistry$$Lambda/0x00007f0002119ee8::apply (8 bytes)
Event: 122.368 Thread 0x0000fffed4222c30 nmethod 43686 0x0000fffec1463148 code [0x0000fffec1463240, 0x0000fffec14639e8]
Event: 122.368 Thread 0x0000fffed4222c30 43688       3       org.apache.logging.log4j.core.Logger$PrivateConfig::<init> (67 bytes)
Event: 122.369 Thread 0x0000fffed4222c30 nmethod 43688 0x0000fffec2370b88 code [0x0000fffec2370c80, 0x0000fffec2371510]
Event: 122.369 Thread 0x0000fffed4222c30 43694       3       java.util.concurrent.ConcurrentHashMap$BaseIterator::<init> (21 bytes)
Event: 122.369 Thread 0x0000fffed4222c30 nmethod 43694 0x0000fffec2958cc8 code [0x0000fffec2958dc0, 0x0000fffec2959068]
Event: 122.369 Thread 0x0000fffed4222c30 43689       3       org.apache.logging.log4j.core.config.LoggerConfig::getLevel (35 bytes)
Event: 122.369 Thread 0x0000fffed4222c30 nmethod 43689 0x0000fffec21cd648 code [0x0000fffec21cd740, 0x0000fffec21cdb88]
Event: 122.369 Thread 0x0000fffed4222c30 43687       3       org.apache.logging.log4j.core.util.internal.InternalLoggerRegistry::lambda$getLoggers$2 (23 bytes)
Event: 122.369 Thread 0x0000fffed4222c30 nmethod 43687 0x0000fffec111a3c8 code [0x0000fffec111a4c0, 0x0000fffec111ab00]
Event: 122.369 Thread 0x0000fffed4222c30 43690       3       org.apache.logging.log4j.core.LoggerContext$$Lambda/0x00007f000211a168::accept (12 bytes)
Event: 122.369 Thread 0x0000fffed4222c30 nmethod 43690 0x0000fffec1e42e08 code [0x0000fffec1e42f00, 0x0000fffec1e431c8]
Event: 122.369 Thread 0x0000fffed4222c30 43691       3       org.apache.logging.log4j.core.LoggerContext::lambda$updateLoggers$3 (6 bytes)
Event: 122.369 Thread 0x0000fffed4222c30 nmethod 43691 0x0000fffec161cc08 code [0x0000fffec161cd00, 0x0000fffec161ce60]

GC Heap Usage History (20 events):
Event: 112.826 {heap Before GC invocations=133 (full 0):
 garbage-first heap   total reserved 3940352K, committed 2445312K, used 2267115K [0x000000070f800000, 0x0000000800000000)
  region size 2048K, 716 young (1466368K), 67 survivors (137216K)
}
Event: 112.859 {heap After GC invocations=134 (full 0):
 garbage-first heap   total reserved 3940352K, committed 2445312K, used 964587K [0x000000070f800000, 0x0000000800000000)
  region size 2048K, 35 young (71680K), 35 survivors (71680K)
}
Event: 113.244 {heap Before GC invocations=135 (full 0):
 garbage-first heap   total reserved 3940352K, committed 2445312K, used 2295787K [0x000000070f800000, 0x0000000800000000)
  region size 2048K, 689 young (1411072K), 35 survivors (71680K)
}
Event: 113.261 {heap After GC invocations=136 (full 0):
 garbage-first heap   total reserved 3940352K, committed 2445312K, used 985067K [0x000000070f800000, 0x0000000800000000)
  region size 2048K, 48 young (98304K), 48 survivors (98304K)
}
Event: 113.683 {heap Before GC invocations=136 (full 0):
 garbage-first heap   total reserved 3940352K, committed 2445312K, used 2316267K [0x000000070f800000, 0x0000000800000000)
  region size 2048K, 699 young (1431552K), 48 survivors (98304K)
}
Event: 113.718 {heap After GC invocations=137 (full 0):
 garbage-first heap   total reserved 3940352K, committed 2465792K, used 988764K [0x000000070f800000, 0x0000000800000000)
  region size 2048K, 39 young (79872K), 39 survivors (79872K)
}
Event: 114.414 {heap Before GC invocations=137 (full 0):
 garbage-first heap   total reserved 3940352K, committed 2465792K, used 2338396K [0x000000070f800000, 0x0000000800000000)
  region size 2048K, 699 young (1431552K), 39 survivors (79872K)
}
Event: 114.443 {heap After GC invocations=138 (full 0):
 garbage-first heap   total reserved 3940352K, committed 2465792K, used 1012316K [0x000000070f800000, 0x0000000800000000)
  region size 2048K, 51 young (104448K), 51 survivors (104448K)
}
Event: 114.794 {heap Before GC invocations=139 (full 0):
 garbage-first heap   total reserved 3940352K, committed 2465792K, used 2339420K [0x000000070f800000, 0x0000000800000000)
  region size 2048K, 699 young (1431552K), 51 survivors (104448K)
}
Event: 114.814 {heap After GC invocations=140 (full 0):
 garbage-first heap   total reserved 3940352K, committed 2476032K, used 1043435K [0x000000070f800000, 0x0000000800000000)
  region size 2048K, 52 young (106496K), 52 survivors (106496K)
}
Event: 115.269 {heap Before GC invocations=140 (full 0):
 garbage-first heap   total reserved 3940352K, committed 2476032K, used 2348011K [0x000000070f800000, 0x0000000800000000)
  region size 2048K, 690 young (1413120K), 52 survivors (106496K)
}
Event: 115.288 {heap After GC invocations=141 (full 0):
 garbage-first heap   total reserved 3940352K, committed 2484224K, used 1070476K [0x000000070f800000, 0x0000000800000000)
  region size 2048K, 61 young (124928K), 61 survivors (124928K)
}
Event: 115.639 {heap Before GC invocations=141 (full 0):
 garbage-first heap   total reserved 3940352K, committed 2484224K, used 2311564K [0x000000070f800000, 0x0000000800000000)
  region size 2048K, 668 young (1368064K), 61 survivors (124928K)
}
Event: 115.654 {heap After GC invocations=142 (full 0):
 garbage-first heap   total reserved 3940352K, committed 2484224K, used 1065963K [0x000000070f800000, 0x0000000800000000)
  region size 2048K, 31 young (63488K), 31 survivors (63488K)
}
Event: 115.961 {heap Before GC invocations=142 (full 0):
 garbage-first heap   total reserved 3940352K, committed 2484224K, used 2300907K [0x000000070f800000, 0x0000000800000000)
  region size 2048K, 635 young (1300480K), 31 survivors (63488K)
}
Event: 115.970 {heap After GC invocations=143 (full 0):
 garbage-first heap   total reserved 3940352K, committed 2484224K, used 1106923K [0x000000070f800000, 0x0000000800000000)
  region size 2048K, 51 young (104448K), 51 survivors (104448K)
}
Event: 116.348 {heap Before GC invocations=144 (full 0):
 garbage-first heap   total reserved 3940352K, committed 2484224K, used 2008043K [0x000000070f800000, 0x0000000800000000)
  region size 2048K, 637 young (1304576K), 51 survivors (104448K)
}
Event: 116.362 {heap After GC invocations=145 (full 0):
 garbage-first heap   total reserved 3940352K, committed 2484224K, used 845575K [0x000000070f800000, 0x0000000800000000)
  region size 2048K, 40 young (81920K), 40 survivors (81920K)
}
Event: 120.619 {heap Before GC invocations=145 (full 0):
 garbage-first heap   total reserved 3940352K, committed 2484224K, used 2250503K [0x000000070f800000, 0x0000000800000000)
  region size 2048K, 727 young (1488896K), 40 survivors (81920K)
}
Event: 120.644 {heap After GC invocations=146 (full 0):
 garbage-first heap   total reserved 3940352K, committed 2484224K, used 732139K [0x000000070f800000, 0x0000000800000000)
  region size 2048K, 53 young (108544K), 53 survivors (108544K)
}

Metaspace Usage History (20 events):
Event: 112.826 {metaspace Before GC invocations=133 (full 0):
 Metaspace       used 147958K, committed 149824K, reserved 1179648K
  class space    used 25300K, committed 26048K, reserved 1048576K
}
Event: 112.859 {metaspace After GC invocations=134 (full 0):
 Metaspace       used 147958K, committed 149824K, reserved 1179648K
  class space    used 25300K, committed 26048K, reserved 1048576K
}
Event: 113.244 {metaspace Before GC invocations=135 (full 0):
 Metaspace       used 147958K, committed 149824K, reserved 1179648K
  class space    used 25300K, committed 26048K, reserved 1048576K
}
Event: 113.261 {metaspace After GC invocations=136 (full 0):
 Metaspace       used 147958K, committed 149824K, reserved 1179648K
  class space    used 25300K, committed 26048K, reserved 1048576K
}
Event: 113.683 {metaspace Before GC invocations=136 (full 0):
 Metaspace       used 147958K, committed 149824K, reserved 1179648K
  class space    used 25300K, committed 26048K, reserved 1048576K
}
Event: 113.718 {metaspace After GC invocations=137 (full 0):
 Metaspace       used 147958K, committed 149824K, reserved 1179648K
  class space    used 25300K, committed 26048K, reserved 1048576K
}
Event: 114.414 {metaspace Before GC invocations=137 (full 0):
 Metaspace       used 147958K, committed 149824K, reserved 1179648K
  class space    used 25300K, committed 26048K, reserved 1048576K
}
Event: 114.443 {metaspace After GC invocations=138 (full 0):
 Metaspace       used 147958K, committed 149824K, reserved 1179648K
  class space    used 25300K, committed 26048K, reserved 1048576K
}
Event: 114.794 {metaspace Before GC invocations=139 (full 0):
 Metaspace       used 147958K, committed 149824K, reserved 1179648K
  class space    used 25300K, committed 26048K, reserved 1048576K
}
Event: 114.814 {metaspace After GC invocations=140 (full 0):
 Metaspace       used 147958K, committed 149824K, reserved 1179648K
  class space    used 25300K, committed 26048K, reserved 1048576K
}
Event: 115.269 {metaspace Before GC invocations=140 (full 0):
 Metaspace       used 148001K, committed 149888K, reserved 1179648K
  class space    used 25302K, committed 26048K, reserved 1048576K
}
Event: 115.288 {metaspace After GC invocations=141 (full 0):
 Metaspace       used 148001K, committed 149888K, reserved 1179648K
  class space    used 25302K, committed 26048K, reserved 1048576K
}
Event: 115.639 {metaspace Before GC invocations=141 (full 0):
 Metaspace       used 148001K, committed 149888K, reserved 1179648K
  class space    used 25302K, committed 26048K, reserved 1048576K
}
Event: 115.654 {metaspace After GC invocations=142 (full 0):
 Metaspace       used 148001K, committed 149888K, reserved 1179648K
  class space    used 25302K, committed 26048K, reserved 1048576K
}
Event: 115.961 {metaspace Before GC invocations=142 (full 0):
 Metaspace       used 148004K, committed 149888K, reserved 1179648K
  class space    used 25302K, committed 26048K, reserved 1048576K
}
Event: 115.970 {metaspace After GC invocations=143 (full 0):
 Metaspace       used 148004K, committed 149888K, reserved 1179648K
  class space    used 25302K, committed 26048K, reserved 1048576K
}
Event: 116.348 {metaspace Before GC invocations=144 (full 0):
 Metaspace       used 148005K, committed 149888K, reserved 1179648K
  class space    used 25302K, committed 26048K, reserved 1048576K
}
Event: 116.362 {metaspace After GC invocations=145 (full 0):
 Metaspace       used 148005K, committed 149888K, reserved 1179648K
  class space    used 25302K, committed 26048K, reserved 1048576K
}
Event: 120.619 {metaspace Before GC invocations=145 (full 0):
 Metaspace       used 148028K, committed 149888K, reserved 1179648K
  class space    used 25302K, committed 26048K, reserved 1048576K
}
Event: 120.644 {metaspace After GC invocations=146 (full 0):
 Metaspace       used 148028K, committed 149888K, reserved 1179648K
  class space    used 25302K, committed 26048K, reserved 1048576K
}

Dll operation events (14 events):
Event: 0.001 Loaded shared library /home/anguscrump/.jdks/jbr-25.0.3/lib/libjava.so
Event: 0.016 Loaded shared library /home/anguscrump/.jdks/jbr-25.0.3/lib/libnio.so
Event: 0.022 Loaded shared library /home/anguscrump/.jdks/jbr-25.0.3/lib/libzip.so
Event: 0.028 Loaded shared library /home/anguscrump/.jdks/jbr-25.0.3/lib/libnet.so
Event: 0.034 Loaded shared library /home/anguscrump/.jdks/jbr-25.0.3/lib/libzip.so
Event: 0.060 Loaded shared library /home/anguscrump/.jdks/jbr-25.0.3/lib/libjimage.so
Event: 0.246 Loaded shared library /home/anguscrump/.jdks/jbr-25.0.3/lib/libmanagement.so
Event: 0.247 Loaded shared library /home/anguscrump/.jdks/jbr-25.0.3/lib/libmanagement_ext.so
Event: 0.372 Loaded shared library /home/anguscrump/.jdks/jbr-25.0.3/lib/libverify.so
Event: 1.386 Loaded shared library /home/anguscrump/.cache/JNA/temp/jna7698762593694671398.tmp
Event: 4.046 Loaded shared library /home/anguscrump/.jdks/jbr-25.0.3/lib/libextnet.so
Event: 4.219 Loaded shared library /tmp/lwjgl_anguscrump/3.4.1-snapshot/arm64/liblwjgl.so
Event: 4.429 Loaded shared library /tmp/lwjgl_anguscrump/3.4.1-snapshot/arm64/liblwjgl_opengl.so
Event: 4.560 Loaded shared library /tmp/lwjgl_anguscrump/3.4.1-snapshot/arm64/liblwjgl_stb.so

Deoptimization events (20 events):
Event: 122.308 Thread 0x0000fffde003e160 Uncommon trap: trap_request=0x0000002f fr.pc=0x0000fffec8cda99c relative=0x000000000000045c
Event: 122.308 Thread 0x0000fffde003e160 Uncommon trap: reason=unloaded action=reinterpret pc=0x0000fffec8cda99c method=java.util.concurrent.SynchronousQueue.poll(JLjava/util/concurrent/TimeUnit;)Ljava/lang/Object; @ 33 c2
Event: 122.308 Thread 0x0000fffde003e160 DEOPT PACKING pc=0x0000fffec8cda99c sp=0x0000fffebc9ae170
Event: 122.308 Thread 0x0000fffde003e160 DEOPT UNPACKING pc=0x0000fffec864945c sp=0x0000fffebc9ae040 mode 2
Event: 122.308 Thread 0x0000fffd940049f0 Uncommon trap: trap_request=0xffffff45 fr.pc=0x0000fffec9642bfc relative=0x00000000000008bc
Event: 122.308 Thread 0x0000fffd940049f0 Uncommon trap: reason=unstable_if action=reinterpret pc=0x0000fffec9642bfc method=java.util.concurrent.LinkedTransferQueue$DualNode.await(Ljava/lang/Object;JLjava/lang/Object;Z)Ljava/lang/Object; @ 143 c2
Event: 122.308 Thread 0x0000fffd940049f0 DEOPT PACKING pc=0x0000fffec9642bfc sp=0x0000fffdc1ffe0f0
Event: 122.308 Thread 0x0000fffd940049f0 DEOPT UNPACKING pc=0x0000fffec864945c sp=0x0000fffdc1ffdf10 mode 2
Event: 122.308 Thread 0x0000fffd940049f0 Uncommon trap: trap_request=0x0000002f fr.pc=0x0000fffec8cda99c relative=0x000000000000045c
Event: 122.308 Thread 0x0000fffd940049f0 Uncommon trap: reason=unloaded action=reinterpret pc=0x0000fffec8cda99c method=java.util.concurrent.SynchronousQueue.poll(JLjava/util/concurrent/TimeUnit;)Ljava/lang/Object; @ 33 c2
Event: 122.308 Thread 0x0000fffd940049f0 DEOPT PACKING pc=0x0000fffec8cda99c sp=0x0000fffdc1ffe170
Event: 122.308 Thread 0x0000fffd940049f0 DEOPT UNPACKING pc=0x0000fffec864945c sp=0x0000fffdc1ffe040 mode 2
Event: 122.308 Thread 0x0000fffd88001f70 Uncommon trap: trap_request=0xffffff45 fr.pc=0x0000fffec9642bfc relative=0x00000000000008bc
Event: 122.308 Thread 0x0000fffd88001f70 Uncommon trap: reason=unstable_if action=reinterpret pc=0x0000fffec9642bfc method=java.util.concurrent.LinkedTransferQueue$DualNode.await(Ljava/lang/Object;JLjava/lang/Object;Z)Ljava/lang/Object; @ 143 c2
Event: 122.308 Thread 0x0000fffd88001f70 DEOPT PACKING pc=0x0000fffec9642bfc sp=0x0000fffda73920f0
Event: 122.308 Thread 0x0000fffd88001f70 DEOPT UNPACKING pc=0x0000fffec864945c sp=0x0000fffda7391f10 mode 2
Event: 122.308 Thread 0x0000fffd88001f70 Uncommon trap: trap_request=0x0000002f fr.pc=0x0000fffec8cda99c relative=0x000000000000045c
Event: 122.308 Thread 0x0000fffd88001f70 Uncommon trap: reason=unloaded action=reinterpret pc=0x0000fffec8cda99c method=java.util.concurrent.SynchronousQueue.poll(JLjava/util/concurrent/TimeUnit;)Ljava/lang/Object; @ 33 c2
Event: 122.308 Thread 0x0000fffd88001f70 DEOPT PACKING pc=0x0000fffec8cda99c sp=0x0000fffda7392170
Event: 122.308 Thread 0x0000fffd88001f70 DEOPT UNPACKING pc=0x0000fffec864945c sp=0x0000fffda7392040 mode 2

Classes loaded (20 events):
Event: 12.590 Loading class java/util/IdentityHashMap$ValueSpliterator
Event: 12.591 Loading class java/util/IdentityHashMap$ValueSpliterator done
Event: 12.689 Loading class java/util/zip/CRC32C
Event: 12.689 Loading class java/util/zip/CRC32C done
Event: 12.945 Loading class java/util/Spliterators$LongIteratorSpliterator
Event: 12.945 Loading class java/util/Spliterators$LongIteratorSpliterator done
Event: 13.114 Loading class java/lang/runtime/SwitchBootstraps$StaticHolders
Event: 13.114 Loading class java/lang/runtime/SwitchBootstraps$StaticHolders done
Event: 13.114 Loading class java/lang/runtime/SwitchBootstraps$MappedEnumCache
Event: 13.114 Loading class java/lang/runtime/SwitchBootstraps$MappedEnumCache done
Event: 13.133 Loading class java/util/ReverseOrderListView
Event: 13.134 Loading class java/util/ReverseOrderListView done
Event: 13.134 Loading class java/util/ReverseOrderListView$Rand
Event: 13.134 Loading class java/util/ReverseOrderListView$Rand done
Event: 13.134 Loading class java/util/ReverseOrderListView$DescendingIterator
Event: 13.134 Loading class java/util/ReverseOrderListView$DescendingIterator done
Event: 32.184 Loading class java/util/DualPivotQuicksort$Sorter
Event: 32.184 Loading class java/util/DualPivotQuicksort$Sorter done
Event: 46.294 Loading class java/lang/FdLibm$Log1p
Event: 46.294 Loading class java/lang/FdLibm$Log1p done

Classes unloaded (20 events):
Event: 12.052 Thread 0x0000fffed420da90 Unloading class 0x00007f000326c000 'java/lang/invoke/LambdaForm$DMH+0x00007f000326c000'
Event: 12.052 Thread 0x0000fffed420da90 Unloading class 0x00007f0003262800 'java/lang/invoke/LambdaForm$DMH+0x00007f0003262800'
Event: 12.052 Thread 0x0000fffed420da90 Unloading class 0x00007f000326c400 'java/lang/invoke/LambdaForm$DMH+0x00007f000326c400'
Event: 12.052 Thread 0x0000fffed420da90 Unloading class 0x00007f0003262400 'java/lang/invoke/LambdaForm$DMH+0x00007f0003262400'
Event: 12.052 Thread 0x0000fffed420da90 Unloading class 0x00007f0003261c00 'java/lang/invoke/LambdaForm$DMH+0x00007f0003261c00'
Event: 12.052 Thread 0x0000fffed420da90 Unloading class 0x00007f0003262000 'java/lang/invoke/LambdaForm$DMH+0x00007f0003262000'
Event: 14.596 Thread 0x0000fffed420da90 Unloading class 0x00007f0003841000 'java/lang/invoke/LambdaForm$MH+0x00007f0003841000'
Event: 14.596 Thread 0x0000fffed420da90 Unloading class 0x00007f0003840000 'java/lang/invoke/LambdaForm$MH+0x00007f0003840000'
Event: 14.596 Thread 0x0000fffed420da90 Unloading class 0x00007f000383b800 'java/lang/invoke/LambdaForm$DMH+0x00007f000383b800'
Event: 14.596 Thread 0x0000fffed420da90 Unloading class 0x00007f000383ac00 'java/lang/invoke/LambdaForm$DMH+0x00007f000383ac00'
Event: 14.596 Thread 0x0000fffed420da90 Unloading class 0x00007f00035c9400 'java/lang/invoke/LambdaForm$MH+0x00007f00035c9400'
Event: 14.596 Thread 0x0000fffed420da90 Unloading class 0x00007f0003588800 'java/lang/invoke/LambdaForm$DMH+0x00007f0003588800'
Event: 14.596 Thread 0x0000fffed420da90 Unloading class 0x00007f0003588400 'java/lang/invoke/LambdaForm$DMH+0x00007f0003588400'
Event: 14.596 Thread 0x0000fffed420da90 Unloading class 0x00007f0003585c00 'java/lang/invoke/LambdaForm$DMH+0x00007f0003585c00'
Event: 14.596 Thread 0x0000fffed420da90 Unloading class 0x00007f0003588000 'java/lang/invoke/LambdaForm$DMH+0x00007f0003588000'
Event: 14.596 Thread 0x0000fffed420da90 Unloading class 0x00007f0003585800 'java/lang/invoke/LambdaForm$DMH+0x00007f0003585800'
Event: 14.596 Thread 0x0000fffed420da90 Unloading class 0x00007f0003585000 'java/lang/invoke/LambdaForm$DMH+0x00007f0003585000'
Event: 14.596 Thread 0x0000fffed420da90 Unloading class 0x00007f0003584c00 'java/lang/invoke/LambdaForm$DMH+0x00007f0003584c00'
Event: 14.596 Thread 0x0000fffed420da90 Unloading class 0x00007f0003584800 'java/lang/invoke/LambdaForm$DMH+0x00007f0003584800'
Event: 14.596 Thread 0x0000fffed420da90 Unloading class 0x00007f0003584400 'java/lang/invoke/LambdaForm$DMH+0x00007f0003584400'

Classes redefined (0 events):
No events

Internal exceptions (20 events):
Event: 121.565 Thread 0x0000fffda0009b80 Exception <a 'sun/nio/fs/UnixException'{0x0000000798c7b570}> (0x0000000798c7b570) 
thrown [src/hotspot/share/prims/jni.cpp, line 535]
Event: 121.565 Thread 0x0000fffd940049f0 Exception <a 'sun/nio/fs/UnixException'{0x0000000798c647f8}> (0x0000000798c647f8) 
thrown [src/hotspot/share/prims/jni.cpp, line 535]
Event: 121.565 Thread 0x0000fffda0009b80 Exception <a 'sun/nio/fs/UnixException'{0x0000000798c7bcd0}> (0x0000000798c7bcd0) 
thrown [src/hotspot/share/prims/jni.cpp, line 535]
Event: 121.566 Thread 0x0000fffd940049f0 Exception <a 'sun/nio/fs/UnixException'{0x0000000798c65008}> (0x0000000798c65008) 
thrown [src/hotspot/share/prims/jni.cpp, line 535]
Event: 121.566 Thread 0x0000fffda0009b80 Exception <a 'sun/nio/fs/UnixException'{0x0000000798c7c418}> (0x0000000798c7c418) 
thrown [src/hotspot/share/prims/jni.cpp, line 535]
Event: 121.566 Thread 0x0000fffd940049f0 Exception <a 'sun/nio/fs/UnixException'{0x0000000798c99378}> (0x0000000798c99378) 
thrown [src/hotspot/share/prims/jni.cpp, line 535]
Event: 121.566 Thread 0x0000fffda0009b80 Exception <a 'sun/nio/fs/UnixException'{0x0000000798cb1208}> (0x0000000798cb1208) 
thrown [src/hotspot/share/prims/jni.cpp, line 535]
Event: 121.566 Thread 0x0000fffd940049f0 Exception <a 'sun/nio/fs/UnixException'{0x0000000798c9d9f8}> (0x0000000798c9d9f8) 
thrown [src/hotspot/share/prims/jni.cpp, line 535]
Event: 121.566 Thread 0x0000fffda0009b80 Exception <a 'sun/nio/fs/UnixException'{0x0000000798cb5888}> (0x0000000798cb5888) 
thrown [src/hotspot/share/prims/jni.cpp, line 535]
Event: 121.569 Thread 0x0000fffde003e160 Exception <a 'sun/nio/fs/UnixException'{0x00000007997727d8}> (0x00000007997727d8) 
thrown [src/hotspot/share/prims/jni.cpp, line 535]
Event: 121.571 Thread 0x0000fffde003e160 Exception <a 'sun/nio/fs/UnixException'{0x0000000799777bc0}> (0x0000000799777bc0) 
thrown [src/hotspot/share/prims/jni.cpp, line 535]
Event: 121.615 Thread 0x0000fffed57e2cc0 Exception <a 'sun/nio/fs/UnixException'{0x0000000798e4fbb8}> (0x0000000798e4fbb8) 
thrown [src/hotspot/share/prims/jni.cpp, line 535]
Event: 121.615 Thread 0x0000fffed57e2cc0 Exception <a 'sun/nio/fs/UnixException'{0x0000000798e4fe50}> (0x0000000798e4fe50) 
thrown [src/hotspot/share/prims/jni.cpp, line 535]
Event: 121.615 Thread 0x0000fffed57e2cc0 Exception <a 'sun/nio/fs/UnixException'{0x0000000798e50108}> (0x0000000798e50108) 
thrown [src/hotspot/share/prims/jni.cpp, line 535]
Event: 121.683 Thread 0x0000fffed4031730 Implicit null exception at 0x0000fffec9006da4 to 0x0000fffec900a5b0
Event: 121.685 Thread 0x0000fffed4031730 Implicit null exception at 0x0000fffec9904d58 to 0x0000fffec9905130
Event: 121.690 Thread 0x0000fffed4031730 Implicit null exception at 0x0000fffec8d6bbc0 to 0x0000fffec8d6bca8
Event: 121.707 Thread 0x0000fffed4031730 Implicit null exception at 0x0000fffec8af3c8c to 0x0000fffec8af3cf4
Event: 122.308 Thread 0x0000fffd7c015e30 Implicit null exception at 0x0000fffec95d423c to 0x0000fffec95d4768
Event: 122.368 Thread 0x0000fffed4031730 Exception <a 'sun/nio/fs/UnixException'{0x00000007986386d8}> (0x00000007986386d8) 
thrown [src/hotspot/share/prims/jni.cpp, line 535]

VM Operations (20 events):
Event: 114.876 Executing safepoint VM operation: G1PauseCleanup done
Event: 115.269 Executing safepoint VM operation: G1CollectForAllocation (G1 Evacuation Pause)
Event: 115.288 Executing safepoint VM operation: G1CollectForAllocation (G1 Evacuation Pause) done
Event: 115.639 Executing safepoint VM operation: G1CollectForAllocation (G1 Evacuation Pause)
Event: 115.654 Executing safepoint VM operation: G1CollectForAllocation (G1 Evacuation Pause) done
Event: 115.961 Executing safepoint VM operation: G1CollectForAllocation (G1 Evacuation Pause)
Event: 115.970 Executing safepoint VM operation: G1CollectForAllocation (G1 Evacuation Pause) done
Event: 116.132 Executing safepoint VM operation: G1PauseRemark
Event: 116.137 Executing safepoint VM operation: G1PauseRemark done
Event: 116.199 Executing safepoint VM operation: G1PauseCleanup
Event: 116.199 Executing safepoint VM operation: G1PauseCleanup done
Event: 116.348 Executing safepoint VM operation: G1CollectForAllocation (G1 Evacuation Pause)
Event: 116.362 Executing safepoint VM operation: G1CollectForAllocation (G1 Evacuation Pause) done
Event: 120.199 Executing non-safepoint VM operation: HandshakeAllThreads (HandshakeForDeflation)
Event: 120.201 Executing non-safepoint VM operation: HandshakeAllThreads (HandshakeForDeflation) done
Event: 120.201 Executing non-safepoint VM operation: RendezvousGCThreads
Event: 120.201 Executing non-safepoint VM operation: RendezvousGCThreads done
Event: 120.619 Executing safepoint VM operation: G1CollectForAllocation (G1 Evacuation Pause)
Event: 120.644 Executing safepoint VM operation: G1CollectForAllocation (G1 Evacuation Pause) done
Event: 122.372 Executing safepoint VM operation: Exit

Memory protections (20 events):
Event: 57.624 Protecting memory [0x0000fffda6794000,0x0000fffda67a0000] with protection modes 0
Event: 59.741 Protecting memory [0x0000fffebc5b0000,0x0000fffebc5bc000] with protection modes 0
Event: 76.457 Protecting memory [0x0000fffdc5580000,0x0000fffdc558c000] with protection modes 0
Event: 76.457 Protecting memory [0x0000fffebc5b0000,0x0000fffebc5bc000] with protection modes 0
Event: 76.545 Protecting memory [0x0000fffda6794000,0x0000fffda67a0000] with protection modes 0
Event: 78.261 Protecting memory [0x0000fffda6794000,0x0000fffda67a0000] with protection modes 0
Event: 86.861 Protecting memory [0x0000fffdc2000000,0x0000fffdc200c000] with protection modes 0
Event: 91.588 Protecting memory [0x0000fffdc2000000,0x0000fffdc200c000] with protection modes 0
Event: 96.305 Protecting memory [0x0000fffdc2000000,0x0000fffdc200c000] with protection modes 0
Event: 105.801 Protecting memory [0x0000fffdc2000000,0x0000fffdc200c000] with protection modes 0
Event: 114.949 Protecting memory [0x0000fffda6794000,0x0000fffda67a0000] with protection modes 0
Event: 114.953 Protecting memory [0x0000fffdc2000000,0x0000fffdc200c000] with protection modes 0
Event: 121.411 Protecting memory [0x0000fffdc2000000,0x0000fffdc200c000] with protection modes 0
Event: 121.421 Protecting memory [0x0000fffebc2c0000,0x0000fffebc2cc000] with protection modes 0
Event: 121.674 Protecting memory [0x0000fffda6794000,0x0000fffda67a0000] with protection modes 0
Event: 122.261 Protecting memory [0x0000fffda6794000,0x0000fffda67a0000] with protection modes 0
Event: 122.275 Protecting memory [0x0000fffda6794000,0x0000fffda67a0000] with protection modes 0
Event: 122.367 Protecting memory [0x0000fffda7194000,0x0000fffda71a0000] with protection modes 0
Event: 122.367 Protecting memory [0x0000fffdc1e00000,0x0000fffdc1e0c000] with protection modes 0
Event: 122.367 Protecting memory [0x0000fffda7394000,0x0000fffda73a0000] with protection modes 0

Nmethod flushes (20 events):
Event: 113.102 Thread 0x0000fffed420da90 flushing  nmethod 0x0000fffec2326a48
Event: 113.102 Thread 0x0000fffed420da90 flushing  nmethod 0x0000fffec23997c8
Event: 113.102 Thread 0x0000fffed420da90 flushing  nmethod 0x0000fffec24d4488
Event: 113.102 Thread 0x0000fffed420da90 flushing  nmethod 0x0000fffec2577d08
Event: 113.102 Thread 0x0000fffed420da90 flushing  nmethod 0x0000fffec2a07ac8
Event: 113.102 Thread 0x0000fffed420da90 flushing  nmethod 0x0000fffec2a15888
Event: 113.102 Thread 0x0000fffed420da90 flushing  nmethod 0x0000fffec2a18ec8
Event: 113.102 Thread 0x0000fffed420da90 flushing  nmethod 0x0000fffec2a6e348
Event: 113.102 Thread 0x0000fffed420da90 flushing  nmethod 0x0000fffec2b90bc8
Event: 113.102 Thread 0x0000fffed420da90 flushing  nmethod 0x0000fffec2c3d548
Event: 114.743 Thread 0x0000fffed420da90 flushing  nmethod 0x0000fffec161d988
Event: 114.743 Thread 0x0000fffed420da90 flushing  nmethod 0x0000fffec1105e48
Event: 114.743 Thread 0x0000fffed420da90 flushing  nmethod 0x0000fffec2e98d48
Event: 114.743 Thread 0x0000fffed420da90 flushing  nmethod 0x0000fffec1487d08
Event: 114.743 Thread 0x0000fffed420da90 flushing osr nmethod 0x0000fffec2ef6088
Event: 114.743 Thread 0x0000fffed420da90 flushing  nmethod 0x0000fffec27eb1c8
Event: 114.743 Thread 0x0000fffed420da90 flushing  nmethod 0x0000fffec2b0a3c8
Event: 114.743 Thread 0x0000fffed420da90 flushing  nmethod 0x0000fffec185db08
Event: 114.743 Thread 0x0000fffed420da90 flushing  nmethod 0x0000fffec2a35e08
Event: 116.135 Thread 0x0000fffed420da90 flushing  nmethod 0x0000fffec2390d08

Events (20 events):
Event: 122.307 Thread 0x0000fffdec000ee0 Thread exited: 0x0000fffdec000ee0
Event: 122.308 Thread 0x0000fffed79bbeb0 Thread exited: 0x0000fffed79bbeb0
Event: 122.308 Thread 0x0000fffde8005080 Thread exited: 0x0000fffde8005080
Event: 122.308 Thread 0x0000fffdec015dd0 Thread exited: 0x0000fffdec015dd0
Event: 122.308 Thread 0x0000fffda0009b80 Thread exited: 0x0000fffda0009b80
Event: 122.311 Thread 0x0000fffde414e210 Thread exited: 0x0000fffde414e210
Event: 122.311 Thread 0x0000fffd7c015e30 Thread exited: 0x0000fffd7c015e30
Event: 122.312 Thread 0x0000fffd90004150 Thread exited: 0x0000fffd90004150
Event: 122.312 Thread 0x0000fffde003e160 Thread exited: 0x0000fffde003e160
Event: 122.312 Thread 0x0000fffd84005e90 Thread exited: 0x0000fffd84005e90
Event: 122.312 Thread 0x0000fffd940049f0 Thread exited: 0x0000fffd940049f0
Event: 122.312 Thread 0x0000fffd88001f70 Thread exited: 0x0000fffd88001f70
Event: 122.367 Thread 0x0000fffed4031730 Thread added: 0x0000fffdb431f960
Event: 122.367 Thread 0x0000fffed4031730 Thread added: 0x0000fffdb4419d10
Event: 122.367 Thread 0x0000fffed4031730 Thread added: 0x0000fffdb43ec010
Event: 122.367 Thread 0x0000fffdb431f960 Thread exited: 0x0000fffdb431f960
Event: 122.367 Thread 0x0000fffdb4419d10 Thread exited: 0x0000fffdb4419d10
Event: 122.368 Thread 0x0000fffdb43ec010 Thread exited: 0x0000fffdb43ec010
Event: 122.368 Thread 0x0000fffed4031730 Before exit entered
Event: 122.372 Thread 0x0000fffed421c240 Thread exited: 0x0000fffed421c240


Dynamic libraries:
70f800000-7a1600000 rw-p 00000000 00:00 0 
7a1600000-7f8c00000 ---p 00000000 00:00 0 
7f8c00000-7f8e00000 rw-p 00000000 00:00 0 
7f8e00000-7f9600000 ---p 00000000 00:00 0 
7f9600000-7f9800000 rw-p 00000000 00:00 0 
7f9800000-7fa800000 ---p 00000000 00:00 0 
7fa800000-7ffc00000 rw-p 00000000 00:00 0 
7ffc00000-7ffe50000 rw-p 01d70000 00:25 8789750                          /home/anguscrump/.jdks/jbr-25.0.3/lib/server/classes.jsa
7ffe50000-800000000 rw-p 00000000 00:00 0 
7f0000000000-7f0000010000 ---p 00000000 00:00 0 
7f0000010000-7f0001d00000 rw-p 00010000 00:25 8789750                    /home/anguscrump/.jdks/jbr-25.0.3/lib/server/classes.jsa
7f0001d00000-7f0002000000 ---p 00000000 00:00 0 
7f0002000000-7f0002040000 rw-p 00000000 00:00 0 
7f0002040000-7f00020e0000 rw-p 00000000 00:00 0 
7f00020e0000-7f0002e40000 rw-p 00000000 00:00 0 
7f0002e40000-7f0002e80000 rw-p 00000000 00:00 0 
7f0002e80000-7f0003160000 rw-p 00000000 00:00 0 
7f0003160000-7f0003180000 rw-p 00000000 00:00 0 
7f0003180000-7f0003540000 rw-p 00000000 00:00 0 
7f0003540000-7f0003550000 rw-p 00000000 00:00 0 
7f0003550000-7f0003580000 ---p 00000000 00:00 0 
7f0003580000-7f00039b0000 rw-p 00000000 00:00 0 
7f00039b0000-7f0042000000 ---p 00000000 00:00 0 
aaab9fef0000-aaab9fef4000 r-xp 00000000 00:25 8789212                    /home/anguscrump/.jdks/jbr-25.0.3/bin/java
aaab9ff0c000-aaab9ff10000 r--p 0000c000 00:25 8789212                    /home/anguscrump/.jdks/jbr-25.0.3/bin/java
aaab9ff10000-aaab9ff14000 rw-p 00010000 00:25 8789212                    /home/anguscrump/.jdks/jbr-25.0.3/bin/java
aaabb80bc000-aaabb8200000 rw-p 00000000 00:00 0                          [heap]
fffd63000000-fffd6c000000 rw-p 00000000 00:00 0 
fffd6c000000-fffd6c200000 rw-p 00000000 00:00 0 
fffd6c200000-fffd70000000 ---p 00000000 00:00 0 
fffd70000000-fffd70200000 rw-p 00000000 00:00 0 
fffd70200000-fffd71800000 rw-p 00000000 00:00 0 
fffd71800000-fffd74000000 ---p 00000000 00:00 0 
fffd74000000-fffd74200000 rw-p 00000000 00:00 0 
fffd74200000-fffd78000000 ---p 00000000 00:00 0 
fffd78000000-fffd78200000 rw-p 00000000 00:00 0 
fffd78200000-fffd7c000000 ---p 00000000 00:00 0 
fffd7c000000-fffd7c200000 rw-p 00000000 00:00 0 
fffd7c200000-fffd80000000 ---p 00000000 00:00 0 
fffd80000000-fffd80200000 rw-p 00000000 00:00 0 
fffd80200000-fffd84000000 ---p 00000000 00:00 0 
fffd84000000-fffd84200000 rw-p 00000000 00:00 0 
fffd84200000-fffd88000000 ---p 00000000 00:00 0 
fffd88000000-fffd88200000 rw-p 00000000 00:00 0 
fffd88200000-fffd8c000000 ---p 00000000 00:00 0 
fffd8c000000-fffd8c200000 rw-p 00000000 00:00 0 
fffd8c200000-fffd8ce00000 rw-p 00000000 00:00 0 
fffd8ce00000-fffd90000000 ---p 00000000 00:00 0 
fffd90000000-fffd90200000 rw-p 00000000 00:00 0 
fffd90200000-fffd94000000 ---p 00000000 00:00 0 
fffd94000000-fffd94200000 rw-p 00000000 00:00 0 
fffd94200000-fffd98000000 ---p 00000000 00:00 0 
fffd98000000-fffd98200000 rw-p 00000000 00:00 0 
fffd98200000-fffd98400000 rw-p 00000000 00:00 0 
fffd98400000-fffd9c000000 ---p 00000000 00:00 0 
fffd9c000000-fffd9c200000 rw-p 00000000 00:00 0 
fffd9c200000-fffd9de00000 rw-p 00000000 00:00 0 
fffd9de00000-fffda0000000 ---p 00000000 00:00 0 
fffda0000000-fffda0200000 rw-p 00000000 00:00 0 
fffda0200000-fffda4000000 ---p 00000000 00:00 0 
fffda6794000-fffda67a0000 ---p 00000000 00:00 0 
fffda67a0000-fffda6994000 rw-p 00000000 00:00 0 
fffda6994000-fffda69a0000 ---p 00000000 00:00 0 
fffda69a0000-fffda6b94000 rw-p 00000000 00:00 0 
fffda6b94000-fffda6ba0000 ---p 00000000 00:00 0 
fffda6ba0000-fffda6d94000 rw-p 00000000 00:00 0 
fffda6d94000-fffda6da0000 ---p 00000000 00:00 0 
fffda6da0000-fffda6f94000 rw-p 00000000 00:00 0 
fffda6f94000-fffda6fa0000 ---p 00000000 00:00 0 
fffda6fa0000-fffda7194000 rw-p 00000000 00:00 0 
fffda7194000-fffda71a0000 ---p 00000000 00:00 0 
fffda71a0000-fffda7394000 rw-p 00000000 00:00 0 
fffda7394000-fffda73a0000 ---p 00000000 00:00 0 
fffda73a0000-fffda7594000 rw-p 00000000 00:00 0 
fffdb0000000-fffdb0200000 rw-p 00000000 00:00 0 
fffdb0200000-fffdb4000000 ---p 00000000 00:00 0 
fffdb4000000-fffdb4200000 rw-p 00000000 00:00 0 
fffdb4200000-fffdb4a00000 rw-p 00000000 00:00 0 
fffdb4a00000-fffdb8000000 ---p 00000000 00:00 0 
fffdb8000000-fffdb8200000 rw-p 00000000 00:00 0 
fffdb8200000-fffdbc000000 ---p 00000000 00:00 0 
fffdbc000000-fffdbc200000 rw-p 00000000 00:00 0 
fffdbc200000-fffdbc600000 rw-p 00000000 00:00 0 
fffdbc600000-fffdc0000000 ---p 00000000 00:00 0 
fffdc1e00000-fffdc1e0c000 ---p 00000000 00:00 0 
fffdc1e0c000-fffdc2000000 rw-p 00000000 00:00 0 
fffdc2400000-fffdc240c000 ---p 00000000 00:00 0 
fffdc240c000-fffdc2600000 rw-p 00000000 00:00 0 
fffdc2800000-fffdc5200000 rw-p 00000000 00:00 0 
fffdc5280000-fffdc5580000 rw-p 00000000 00:00 0 
fffdc5780000-fffdc8000000 rw-p 00000000 00:00 0 
fffdc8000000-fffdc8200000 rw-p 00000000 00:00 0 
fffdc8200000-fffdcc000000 ---p 00000000 00:00 0 
fffdcc000000-fffdcc200000 rw-p 00000000 00:00 0 
fffdcc200000-fffdd0000000 ---p 00000000 00:00 0 
fffdd0000000-fffdd0200000 rw-p 00000000 00:00 0 
fffdd0200000-fffdd4000000 ---p 00000000 00:00 0 
fffdd4000000-fffdd4400000 rw-p 00000000 00:00 0 
fffdd4480000-fffdd5200000 rw-p 00000000 00:00 0 
fffdd5300000-fffdd5900000 rw-p 00000000 00:00 0 
fffdd5b00000-fffdd6800000 rw-p 00000000 00:00 0 
fffdd6a00000-fffdd6c00000 rw-p 00000000 00:00 0 
fffdd6e00000-fffdd7000000 rw-p 00000000 00:00 0 
fffdd7180000-fffdd8000000 rw-p 00000000 00:00 0 
fffdd8000000-fffdd8200000 rw-p 00000000 00:00 0 
fffdd8200000-fffddc000000 ---p 00000000 00:00 0 
fffddc000000-fffddc200000 rw-p 00000000 00:00 0 
fffddc200000-fffde0000000 ---p 00000000 00:00 0 
fffde0000000-fffde0200000 rw-p 00000000 00:00 0 
fffde0200000-fffde4000000 ---p 00000000 00:00 0 
fffde4000000-fffde4200000 rw-p 00000000 00:00 0 
fffde4200000-fffde8000000 ---p 00000000 00:00 0 
fffde8000000-fffde8200000 rw-p 00000000 00:00 0 
fffde8200000-fffdec000000 ---p 00000000 00:00 0 
fffdec000000-fffdec200000 rw-p 00000000 00:00 0 
fffdec200000-fffdf0000000 ---p 00000000 00:00 0 
fffdf0000000-fffdf0400000 rw-p 00000000 00:00 0 
fffdf0810000-fffdf0bd8000 r-xp 00000000 00:25 3200159                    /usr/lib64/libflite_cmu_us_kal16.so.2.2
fffdf0bd8000-fffdf0be8000 ---p 003c8000 00:25 3200159                    /usr/lib64/libflite_cmu_us_kal16.so.2.2
fffdf0be8000-fffdf0bf0000 r--p 003c8000 00:25 3200159                    /usr/lib64/libflite_cmu_us_kal16.so.2.2
fffdf0bf0000-fffdf0bf4000 rw-p 003d0000 00:25 3200159                    /usr/lib64/libflite_cmu_us_kal16.so.2.2
fffdf0c00000-fffdf4000000 rw-p 00000000 00:00 0 
fffdf4000000-fffdf4200000 rw-p 00000000 00:00 0 
fffdf4200000-fffdf8000000 ---p 00000000 00:00 0 
fffdf8200000-fffdfc000000 rw-p 00000000 00:00 0 
fffdfc000000-fffdfc200000 rw-p 00000000 00:00 0 
fffdfc200000-fffdfc400000 rw-p 00000000 00:00 0 
fffdfc400000-fffe00000000 ---p 00000000 00:00 0 
fffe00000000-fffe00200000 rw-p 00000000 00:00 0 
fffe00200000-fffe04000000 ---p 00000000 00:00 0 
fffe04000000-fffe04200000 rw-p 00000000 00:00 0 
fffe04200000-fffe08000000 ---p 00000000 00:00 0 
fffe08100000-fffe08190000 r-xp 00000000 00:25 3200165                    /usr/lib64/libflite_cmulex.so.2.2
fffe08190000-fffe0819c000 ---p 00090000 00:25 3200165                    /usr/lib64/libflite_cmulex.so.2.2
fffe0819c000-fffe081a0000 r--p 0008c000 00:25 3200165                    /usr/lib64/libflite_cmulex.so.2.2
fffe081a0000-fffe081a4000 rw-p 00000000 00:00 0 
fffe081b0000-fffe081c0000 r-xp 00000000 00:25 3200167                    /usr/lib64/libflite_usenglish.so.2.2
fffe081c0000-fffe081c4000 ---p 00010000 00:25 3200167                    /usr/lib64/libflite_usenglish.so.2.2
fffe081c4000-fffe081d0000 r--p 00014000 00:25 3200167                    /usr/lib64/libflite_usenglish.so.2.2
fffe081d0000-fffe081d4000 rw-p 00000000 00:00 0 
fffe081e0000-fffe08224000 r-xp 00000000 00:25 3101837                    /usr/lib64/libmp3lame.so.0.0.0
fffe08224000-fffe0823c000 ---p 00044000 00:25 3101837                    /usr/lib64/libmp3lame.so.0.0.0
fffe0823c000-fffe08240000 r--p 0004c000 00:25 3101837                    /usr/lib64/libmp3lame.so.0.0.0
fffe08240000-fffe08270000 rw-p 00000000 00:00 0 
fffe08280000-fffe082d0000 r-xp 00000000 00:25 3105171                    /usr/lib64/libmpg123.so.0.48.3
fffe082d0000-fffe082dc000 ---p 00050000 00:25 3105171                    /usr/lib64/libmpg123.so.0.48.3
fffe082dc000-fffe082e0000 r--p 0004c000 00:25 3105171                    /usr/lib64/libmpg123.so.0.48.3
fffe082e0000-fffe082e4000 rw-p 00050000 00:25 3105171                    /usr/lib64/libmpg123.so.0.48.3
fffe082f0000-fffe082f8000 r-xp 00000000 00:25 3101183                    /usr/lib64/libogg.so.0.8.6
fffe082f8000-fffe0830c000 ---p 00008000 00:25 3101183                    /usr/lib64/libogg.so.0.8.6
fffe0830c000-fffe08310000 r--p 0000c000 00:25 3101183                    /usr/lib64/libogg.so.0.8.6
fffe08310000-fffe08314000 rw-p 00000000 00:00 0 
fffe08320000-fffe08388000 r-xp 00000000 00:25 3101166                    /usr/lib64/libopus.so.0.11.0
fffe08388000-fffe0839c000 ---p 00068000 00:25 3101166                    /usr/lib64/libopus.so.0.11.0
fffe0839c000-fffe083a0000 r--p 0006c000 00:25 3101166                    /usr/lib64/libopus.so.0.11.0
fffe083a0000-fffe083a4000 rw-p 00000000 00:00 0 
fffe083b0000-fffe08428000 r-xp 00000000 00:25 3101194                    /usr/lib64/libvorbisenc.so.2.0.12
fffe08428000-fffe08438000 ---p 00078000 00:25 3101194                    /usr/lib64/libvorbisenc.so.2.0.12
fffe08438000-fffe08450000 r--p 00078000 00:25 3101194                    /usr/lib64/libvorbisenc.so.2.0.12
fffe08450000-fffe08454000 rw-p 00090000 00:25 3101194                    /usr/lib64/libvorbisenc.so.2.0.12
fffe08460000-fffe0848c000 r-xp 00000000 00:25 3101192                    /usr/lib64/libvorbis.so.0.4.9
fffe0848c000-fffe0849c000 ---p 0002c000 00:25 3101192                    /usr/lib64/libvorbis.so.0.4.9
fffe0849c000-fffe084a0000 r--p 0002c000 00:25 3101192                    /usr/lib64/libvorbis.so.0.4.9
fffe084a0000-fffe084a4000 rw-p 00000000 00:00 0 
fffe084b0000-fffe084f0000 r-xp 00000000 00:25 3101748                    /usr/lib64/libFLAC.so.14.0.0
fffe084f0000-fffe084fc000 ---p 00040000 00:25 3101748                    /usr/lib64/libFLAC.so.14.0.0
fffe084fc000-fffe08500000 r--p 0004c000 00:25 3101748                    /usr/lib64/libFLAC.so.14.0.0
fffe08500000-fffe08504000 rw-p 00050000 00:25 3101748                    /usr/lib64/libFLAC.so.14.0.0
fffe08510000-fffe08588000 r-xp 00000000 00:25 3105180                    /usr/lib64/libsndfile.so.1.0.37
fffe08588000-fffe0859c000 ---p 00078000 00:25 3105180                    /usr/lib64/libsndfile.so.1.0.37
fffe0859c000-fffe085a0000 r--p 0007c000 00:25 3105180                    /usr/lib64/libsndfile.so.1.0.37
fffe085a0000-fffe085a4000 rw-p 00080000 00:25 3105180                    /usr/lib64/libsndfile.so.1.0.37
fffe085b0000-fffe0a9b0000 rw-p 00000000 00:00 0 
fffe0a9b0000-fffe0b9d0000 rw-p 00000000 00:00 0 
fffe0b9d0000-fffe0fcb8000 r--p 00000000 00:25 3827814                    /usr/lib64/libLLVM.so.22.1
fffe0fcb8000-fffe0fcc4000 ---p 042e8000 00:25 3827814                    /usr/lib64/libLLVM.so.22.1
fffe0fcc4000-fffe13cf8000 r-xp 042e4000 00:25 3827814                    /usr/lib64/libLLVM.so.22.1
fffe13cf8000-fffe13d04000 ---p 08328000 00:25 3827814                    /usr/lib64/libLLVM.so.22.1
fffe13d04000-fffe13f28000 r--p 08314000 00:25 3827814                    /usr/lib64/libLLVM.so.22.1
fffe13f28000-fffe13f2c000 rw-p 08538000 00:25 3827814                    /usr/lib64/libLLVM.so.22.1
fffe13f2c000-fffe13f38000 ---p 0855c000 00:25 3827814                    /usr/lib64/libLLVM.so.22.1
fffe13f38000-fffe13f44000 rw-p 08538000 00:25 3827814                    /usr/lib64/libLLVM.so.22.1
fffe13f44000-fffe13ff0000 rw-p 00000000 00:00 0 
fffe14000000-fffe14200000 rw-p 00000000 00:00 0 
fffe14200000-fffe18000000 ---p 00000000 00:00 0 
fffe18010000-fffe1801c000 r-xp 00000000 00:25 3104966                    /usr/lib64/libgsm.so.1.0.24
fffe1801c000-fffe1802c000 ---p 0000c000 00:25 3104966                    /usr/lib64/libgsm.so.1.0.24
fffe1802c000-fffe18030000 r--p 0000c000 00:25 3104966                    /usr/lib64/libgsm.so.1.0.24
fffe18030000-fffe18034000 rw-p 00010000 00:25 3104966                    /usr/lib64/libgsm.so.1.0.24
fffe18040000-fffe18048000 r-xp 00000000 00:25 3200036                    /usr/lib64/libasyncns.so.0.3.1
fffe18048000-fffe1805c000 ---p 00008000 00:25 3200036                    /usr/lib64/libasyncns.so.0.3.1
fffe1805c000-fffe18060000 r--p 0000c000 00:25 3200036                    /usr/lib64/libasyncns.so.0.3.1
fffe18060000-fffe18064000 rw-p 00000000 00:00 0 
fffe18070000-fffe180ec000 r-xp 00000000 00:25 3200048                    /usr/lib64/pulseaudio/libpulsecommon-17.0.so
fffe180ec000-fffe180fc000 ---p 0007c000 00:25 3200048                    /usr/lib64/pulseaudio/libpulsecommon-17.0.so
fffe180fc000-fffe18100000 r--p 0007c000 00:25 3200048                    /usr/lib64/pulseaudio/libpulsecommon-17.0.so
fffe18100000-fffe18104000 rw-p 00080000 00:25 3200048                    /usr/lib64/pulseaudio/libpulsecommon-17.0.so
fffe18110000-fffe1815c000 r-xp 00000000 00:25 3200047                    /usr/lib64/libpulse.so.0.24.3
fffe1815c000-fffe1816c000 ---p 0004c000 00:25 3200047                    /usr/lib64/libpulse.so.0.24.3
fffe1816c000-fffe18170000 r--p 0004c000 00:25 3200047                    /usr/lib64/libpulse.so.0.24.3
fffe18170000-fffe18174000 rw-p 00050000 00:25 3200047                    /usr/lib64/libpulse.so.0.24.3
fffe18180000-fffe18184000 r-xp 00000000 00:25 3200045                    /usr/lib64/libpulse-simple.so.0.1.1
fffe18184000-fffe1819c000 ---p 00004000 00:25 3200045                    /usr/lib64/libpulse-simple.so.0.1.1
fffe1819c000-fffe181a0000 r--p 0000c000 00:25 3200045                    /usr/lib64/libpulse-simple.so.0.1.1
fffe181a0000-fffe181a4000 rw-p 00000000 00:00 0 
fffe181b0000-fffe181ec000 r-xp 00000000 00:25 3200143                    /usr/lib64/libflite.so.2.2
fffe181ec000-fffe181fc000 ---p 0003c000 00:25 3200143                    /usr/lib64/libflite.so.2.2
fffe181fc000-fffe18200000 r--p 0003c000 00:25 3200143                    /usr/lib64/libflite.so.2.2
fffe18200000-fffe18204000 rw-p 00040000 00:25 3200143                    /usr/lib64/libflite.so.2.2
fffe18340000-fffe18364000 r-xp 00000000 00:25 3826951                    /usr/lib64/pipewire-0.3/libpipewire-module-session-manager.so
fffe18364000-fffe1837c000 ---p 00024000 00:25 3826951                    /usr/lib64/pipewire-0.3/libpipewire-module-session-manager.so
fffe1837c000-fffe18380000 r--p 0002c000 00:25 3826951                    /usr/lib64/pipewire-0.3/libpipewire-module-session-manager.so
fffe18380000-fffe18384000 rw-p 00000000 00:00 0 
fffe18390000-fffe1839c000 r-xp 00000000 00:25 3826933                    /usr/lib64/pipewire-0.3/libpipewire-module-metadata.so
fffe1839c000-fffe183ac000 ---p 0000c000 00:25 3826933                    /usr/lib64/pipewire-0.3/libpipewire-module-metadata.so
fffe183ac000-fffe183b0000 r--p 0000c000 00:25 3826933                    /usr/lib64/pipewire-0.3/libpipewire-module-metadata.so
fffe183b0000-fffe183b4000 rw-p 00010000 00:25 3826933                    /usr/lib64/pipewire-0.3/libpipewire-module-metadata.so
fffe183c0000-fffe183c8000 r-xp 00000000 00:25 3826923                    /usr/lib64/pipewire-0.3/libpipewire-module-adapter.so
fffe183c8000-fffe183dc000 ---p 00008000 00:25 3826923                    /usr/lib64/pipewire-0.3/libpipewire-module-adapter.so
fffe183dc000-fffe183e0000 r--p 0000c000 00:25 3826923                    /usr/lib64/pipewire-0.3/libpipewire-module-adapter.so
fffe183e0000-fffe183e4000 rw-p 00010000 00:25 3826923                    /usr/lib64/pipewire-0.3/libpipewire-module-adapter.so
fffe183f0000-fffe18400000 r-xp 00000000 00:25 3826925                    /usr/lib64/pipewire-0.3/libpipewire-module-client-device.so
fffe18400000-fffe1840c000 ---p 00010000 00:25 3826925                    /usr/lib64/pipewire-0.3/libpipewire-module-client-device.so
fffe1840c000-fffe18410000 r--p 0000c000 00:25 3826925                    /usr/lib64/pipewire-0.3/libpipewire-module-client-device.so
fffe18410000-fffe18414000 rw-p 00010000 00:25 3826925                    /usr/lib64/pipewire-0.3/libpipewire-module-client-device.so
fffe18420000-fffe18444000 r-xp 00000000 00:25 3826926                    /usr/lib64/pipewire-0.3/libpipewire-module-client-node.so
fffe18444000-fffe1845c000 ---p 00024000 00:25 3826926                    /usr/lib64/pipewire-0.3/libpipewire-module-client-node.so
fffe1845c000-fffe18460000 r--p 0002c000 00:25 3826926                    /usr/lib64/pipewire-0.3/libpipewire-module-client-node.so
fffe18460000-fffe18464000 rw-p 00030000 00:25 3826926                    /usr/lib64/pipewire-0.3/libpipewire-module-client-node.so
fffe18470000-fffe1850c000 r-xp 00000000 00:25 3099166                    /usr/lib64/libpcre2-8.so.0.15.0
fffe1850c000-fffe1851c000 ---p 0009c000 00:25 3099166                    /usr/lib64/libpcre2-8.so.0.15.0
fffe1851c000-fffe18520000 r--p 0009c000 00:25 3099166                    /usr/lib64/libpcre2-8.so.0.15.0
fffe18520000-fffe18524000 rw-p 000a0000 00:25 3099166                    /usr/lib64/libpcre2-8.so.0.15.0
fffe18530000-fffe18560000 r-xp 00000000 00:25 3102648                    /usr/lib64/libselinux.so.1
fffe18560000-fffe1856c000 ---p 00030000 00:25 3102648                    /usr/lib64/libselinux.so.1
fffe1856c000-fffe18570000 r--p 0002c000 00:25 3102648                    /usr/lib64/libselinux.so.1
fffe18570000-fffe18574000 rw-p 00030000 00:25 3102648                    /usr/lib64/libselinux.so.1
fffe18580000-fffe185ac000 r-xp 00000000 00:25 3826940                    /usr/lib64/pipewire-0.3/libpipewire-module-protocol-native.so
fffe185ac000-fffe185b4000 ---p 0002c000 00:25 3826940                    /usr/lib64/pipewire-0.3/libpipewire-module-protocol-native.so
fffe185b4000-fffe185c0000 r--p 00034000 00:25 3826940                    /usr/lib64/pipewire-0.3/libpipewire-module-protocol-native.so
fffe185c0000-fffe185c4000 rw-p 00040000 00:25 3826940                    /usr/lib64/pipewire-0.3/libpipewire-module-protocol-native.so
fffe185d0000-fffe185d8000 r-xp 00000000 00:25 3826945                    /usr/lib64/pipewire-0.3/libpipewire-module-rt.so
fffe185d8000-fffe185ec000 ---p 00008000 00:25 3826945                    /usr/lib64/pipewire-0.3/libpipewire-module-rt.so
fffe185ec000-fffe185f0000 r--p 0000c000 00:25 3826945                    /usr/lib64/pipewire-0.3/libpipewire-module-rt.so
fffe185f0000-fffe185f4000 rw-p 00010000 00:25 3826945                    /usr/lib64/pipewire-0.3/libpipewire-module-rt.so
fffe18600000-fffe18654000 r-xp 00000000 00:25 3098658                    /usr/lib64/libdbus-1.so.3.38.3
fffe18654000-fffe1866c000 ---p 00054000 00:25 3098658                    /usr/lib64/libdbus-1.so.3.38.3
fffe1866c000-fffe18670000 r--p 0005c000 00:25 3098658                    /usr/lib64/libdbus-1.so.3.38.3
fffe18670000-fffe18674000 rw-p 00060000 00:25 3098658                    /usr/lib64/libdbus-1.so.3.38.3
fffe18680000-fffe18688000 r-xp 00000000 00:25 3826985                    /usr/lib64/spa-0.2/support/libspa-dbus.so
fffe18688000-fffe1869c000 ---p 00008000 00:25 3826985                    /usr/lib64/spa-0.2/support/libspa-dbus.so
fffe1869c000-fffe186a0000 r--p 0000c000 00:25 3826985                    /usr/lib64/spa-0.2/support/libspa-dbus.so
fffe186a0000-fffe186a4000 rw-p 00010000 00:25 3826985                    /usr/lib64/spa-0.2/support/libspa-dbus.so
fffe186b0000-fffe187cc000 r-xp 00000000 00:25 3098609                    /usr/lib64/libsystemd.so.0.42.0
fffe187cc000-fffe187d4000 ---p 0011c000 00:25 3098609                    /usr/lib64/libsystemd.so.0.42.0
fffe187d4000-fffe187e0000 r--p 00124000 00:25 3098609                    /usr/lib64/libsystemd.so.0.42.0
fffe187e0000-fffe187e4000 rw-p 00130000 00:25 3098609                    /usr/lib64/libsystemd.so.0.42.0
fffe187f0000-fffe187f4000 r-xp 00000000 00:25 3826986                    /usr/lib64/spa-0.2/support/libspa-journal.so
fffe187f4000-fffe1880c000 ---p 00004000 00:25 3826986                    /usr/lib64/spa-0.2/support/libspa-journal.so
fffe1880c000-fffe18810000 r--p 0000c000 00:25 3826986                    /usr/lib64/spa-0.2/support/libspa-journal.so
fffe18810000-fffe18814000 rw-p 00010000 00:25 3826986                    /usr/lib64/spa-0.2/support/libspa-journal.so
fffe18820000-fffe18844000 r-xp 00000000 00:25 3826987                    /usr/lib64/spa-0.2/support/libspa-support.so
fffe18844000-fffe18858000 ---p 00024000 00:25 3826987                    /usr/lib64/spa-0.2/support/libspa-support.so
fffe18858000-fffe18860000 r--p 00028000 00:25 3826987                    /usr/lib64/spa-0.2/support/libspa-support.so
fffe18860000-fffe18864000 rw-p 00030000 00:25 3826987                    /usr/lib64/spa-0.2/support/libspa-support.so
fffe18870000-fffe1891c000 r-xp 00000000 00:25 3826921                    /usr/lib64/libpipewire-0.3.so.0.1605.0
fffe1891c000-fffe18924000 ---p 000ac000 00:25 3826921                    /usr/lib64/libpipewire-0.3.so.0.1605.0
fffe18924000-fffe18940000 r--p 000b4000 00:25 3826921                    /usr/lib64/libpipewire-0.3.so.0.1605.0
fffe18940000-fffe18944000 rw-p 000d0000 00:25 3826921                    /usr/lib64/libpipewire-0.3.so.0.1605.0
fffe18950000-fffe18ae4000 r-xp 00000000 00:35 569                        /tmp/lwjgl_anguscrump/3.4.1-snapshot/arm64/libopenal.so
fffe18ae4000-fffe18af0000 ---p 00194000 00:35 569                        /tmp/lwjgl_anguscrump/3.4.1-snapshot/arm64/libopenal.so
fffe18af0000-fffe18afc000 r--p 00190000 00:35 569                        /tmp/lwjgl_anguscrump/3.4.1-snapshot/arm64/libopenal.so
fffe18afc000-fffe18b00000 rw-p 0019c000 00:35 569                        /tmp/lwjgl_anguscrump/3.4.1-snapshot/arm64/libopenal.so
fffe18b00000-fffe18be4000 rw-p 00000000 00:00 0 
fffe18d70000-fffe18ff0000 rw-p 00000000 00:00 0 
fffe18ff0000-fffe1906c000 r-xp 00000000 00:35 568                        /tmp/lwjgl_anguscrump/3.4.1-snapshot/arm64/liblwjgl_stb.so
fffe1906c000-fffe19078000 ---p 0007c000 00:35 568                        /tmp/lwjgl_anguscrump/3.4.1-snapshot/arm64/liblwjgl_stb.so
fffe19078000-fffe1907c000 r--p 00078000 00:35 568                        /tmp/lwjgl_anguscrump/3.4.1-snapshot/arm64/liblwjgl_stb.so
fffe1907c000-fffe19080000 rw-p 0007c000 00:35 568                        /tmp/lwjgl_anguscrump/3.4.1-snapshot/arm64/liblwjgl_stb.so
fffe19090000-fffe198a0000 rw-p 00000000 00:00 0 
fffe1c000000-fffe1c600000 rw-p 00000000 00:00 0 
fffe1c600000-fffe1cf00000 rw-p 00000000 00:00 0 
fffe1cf00000-fffe1d000000 rw-p 00000000 00:00 0 
fffe1d000000-fffe1df00000 rw-p 00000000 00:00 0 
fffe1df00000-fffe1dfe0000 rw-p 00000000 00:00 0 
fffe1dfe0000-fffe1e000000 ---p 00000000 00:00 0 
fffe1e000000-fffe1f930000 rw-p 00000000 00:00 0 
fffe1f930000-fffe20000000 ---p 00000000 00:00 0 
fffe20000000-fffe20200000 rw-p 00000000 00:00 0 
fffe20200000-fffe24000000 ---p 00000000 00:00 0 
fffe24000000-fffe24200000 rw-p 00000000 00:00 0 
fffe24200000-fffe24800000 rw-p 00000000 00:00 0 
fffe24800000-fffe28000000 ---p 00000000 00:00 0 
fffe28000000-fffe28200000 rw-p 00000000 00:00 0 
fffe28200000-fffe2c000000 ---p 00000000 00:00 0 
fffe2c000000-fffe2c200000 rw-p 00000000 00:00 0 
fffe2c200000-fffe30000000 ---p 00000000 00:00 0 
fffe30000000-fffe30200000 rw-p 00000000 00:00 0 
fffe30200000-fffe30800000 rw-p 00000000 00:00 0 
fffe30800000-fffe34000000 ---p 00000000 00:00 0 
fffe34000000-fffe34200000 rw-p 00000000 00:00 0 
fffe34200000-fffe38000000 ---p 00000000 00:00 0 
fffe38000000-fffe38200000 rw-p 00000000 00:00 0 
fffe38200000-fffe3c000000 ---p 00000000 00:00 0 
fffe3c000000-fffe3c200000 rw-p 00000000 00:00 0 
fffe3c200000-fffe40000000 ---p 00000000 00:00 0 
fffe40000000-fffe40200000 rw-p 00000000 00:00 0 
fffe40200000-fffe44000000 ---p 00000000 00:00 0 
fffe44000000-fffe44200000 rw-p 00000000 00:00 0 
fffe44200000-fffe48000000 ---p 00000000 00:00 0 
fffe48000000-fffe48200000 rw-p 00000000 00:00 0 
fffe48200000-fffe4c000000 ---p 00000000 00:00 0 
fffe4c000000-fffe4c200000 rw-p 00000000 00:00 0 
fffe4c200000-fffe50000000 ---p 00000000 00:00 0 
fffe50000000-fffe50200000 rw-p 00000000 00:00 0 
fffe50200000-fffe54000000 ---p 00000000 00:00 0 
fffe54000000-fffe54200000 rw-p 00000000 00:00 0 
fffe54200000-fffe58000000 ---p 00000000 00:00 0 
fffe58000000-fffe58200000 rw-p 00000000 00:00 0 
fffe58200000-fffe5ae00000 rw-p 00000000 00:00 0 
fffe5ae00000-fffe5c000000 ---p 00000000 00:00 0 
fffe5c000000-fffe5c200000 rw-p 00000000 00:00 0 
fffe5c200000-fffe60000000 ---p 00000000 00:00 0 
fffe60000000-fffe60200000 rw-p 00000000 00:00 0 
fffe60200000-fffe64000000 ---p 00000000 00:00 0 
fffe64000000-fffe64200000 rw-p 00000000 00:00 0 
fffe64200000-fffe66800000 rw-p 00000000 00:00 0 
fffe66800000-fffe68000000 ---p 00000000 00:00 0 
fffe68000000-fffe68200000 rw-p 00000000 00:00 0 
fffe68200000-fffe6ac00000 rw-p 00000000 00:00 0 
fffe6ac00000-fffe6c000000 ---p 00000000 00:00 0 
fffe6c000000-fffe6c200000 rw-p 00000000 00:00 0 
fffe6c200000-fffe6e200000 rw-p 00000000 00:00 0 
fffe6e200000-fffe70000000 ---p 00000000 00:00 0 
fffe70000000-fffe70200000 rw-p 00000000 00:00 0 
fffe70200000-fffe74000000 ---p 00000000 00:00 0 
fffe74000000-fffe74200000 rw-p 00000000 00:00 0 
fffe74200000-fffe78000000 ---p 00000000 00:00 0 
fffe78000000-fffe78200000 rw-p 00000000 00:00 0 
fffe78200000-fffe7c000000 ---p 00000000 00:00 0 
fffe7c000000-fffe7c200000 rw-p 00000000 00:00 0 
fffe7c200000-fffe80000000 ---p 00000000 00:00 0 
fffe80000000-fffe80200000 rw-p 00000000 00:00 0 
fffe80200000-fffe84000000 ---p 00000000 00:00 0 
fffe84080000-fffe84090000 r-xp 00000000 00:25 3115554                    /usr/lib64/libEGL.so.1.1.0
fffe84090000-fffe8409c000 ---p 00010000 00:25 3115554                    /usr/lib64/libEGL.so.1.1.0
fffe8409c000-fffe840a0000 r--p 0000c000 00:25 3115554                    /usr/lib64/libEGL.so.1.1.0
fffe840a0000-fffe840a4000 rw-p 00010000 00:25 3115554                    /usr/lib64/libEGL.so.1.1.0
fffe840b0000-fffe84108000 r-xp 00000000 00:35 567                        /tmp/lwjgl_anguscrump/3.4.1-snapshot/arm64/liblwjgl_opengl.so
fffe84108000-fffe84118000 ---p 00058000 00:35 567                        /tmp/lwjgl_anguscrump/3.4.1-snapshot/arm64/liblwjgl_opengl.so
fffe84118000-fffe8411c000 rw-p 00058000 00:35 567                        /tmp/lwjgl_anguscrump/3.4.1-snapshot/arm64/liblwjgl_opengl.so
fffe84670000-fffe846a0000 r-xp 00000000 00:25 3098672                    /usr/lib64/liblzma.so.5.8.2
fffe846a0000-fffe846ac000 ---p 00030000 00:25 3098672                    /usr/lib64/liblzma.so.5.8.2
fffe846ac000-fffe846b0000 r--p 0003c000 00:25 3098672                    /usr/lib64/liblzma.so.5.8.2
fffe846b0000-fffe846b4000 rw-p 00000000 00:00 0 
fffe846c0000-fffe846e8000 r-xp 00000000 00:25 3098080                    /usr/lib64/libtinfo.so.6.6
fffe846e8000-fffe846fc000 ---p 00028000 00:25 3098080                    /usr/lib64/libtinfo.so.6.6
fffe846fc000-fffe84700000 r--p 0002c000 00:25 3098080                    /usr/lib64/libtinfo.so.6.6
fffe84700000-fffe84704000 rw-p 00030000 00:25 3098080                    /usr/lib64/libtinfo.so.6.6
fffe84710000-fffe8486c000 r-xp 00000000 00:25 3098680                    /usr/lib64/libxml2.so.2.12.10
fffe8486c000-fffe84874000 ---p 0015c000 00:25 3098680                    /usr/lib64/libxml2.so.2.12.10
fffe84874000-fffe84880000 r--p 00164000 00:25 3098680                    /usr/lib64/libxml2.so.2.12.10
fffe84880000-fffe84884000 rw-p 00170000 00:25 3098680                    /usr/lib64/libxml2.so.2.12.10
fffe84890000-fffe848c4000 r-xp 00000000 00:25 3859435                    /usr/lib64/libedit.so.0.0.78
fffe848c4000-fffe848dc000 ---p 00034000 00:25 3859435                    /usr/lib64/libedit.so.0.0.78
fffe848dc000-fffe848e0000 r--p 0003c000 00:25 3859435                    /usr/lib64/libedit.so.0.0.78
fffe848e0000-fffe848e4000 rw-p 00040000 00:25 3859435                    /usr/lib64/libedit.so.0.0.78
fffe848f0000-fffe84908000 r-xp 00000000 00:25 3099018                    /usr/lib64/libffi.so.8.2.0
fffe84908000-fffe8491c000 ---p 00018000 00:25 3099018                    /usr/lib64/libffi.so.8.2.0
fffe8491c000-fffe84920000 r--p 0001c000 00:25 3099018                    /usr/lib64/libffi.so.8.2.0
fffe84920000-fffe84924000 rw-p 00020000 00:25 3099018                    /usr/lib64/libffi.so.8.2.0
fffe84930000-fffe84bac000 r-xp 00000000 00:25 3955255                    /usr/lib64/libstdc++.so.6.0.35
fffe84bac000-fffe84bbc000 ---p 0027c000 00:25 3955255                    /usr/lib64/libstdc++.so.6.0.35
fffe84bbc000-fffe84bd0000 r--p 0027c000 00:25 3955255                    /usr/lib64/libstdc++.so.6.0.35
fffe84bd0000-fffe84bd4000 rw-p 00290000 00:25 3955255                    /usr/lib64/libstdc++.so.6.0.35
fffe84bd4000-fffe84bd8000 rw-p 00000000 00:00 0 
fffe84eb0000-fffe84f74000 r-xp 00000000 00:25 3098619                    /usr/lib64/libzstd.so.1.5.7
fffe84f74000-fffe84f8c000 ---p 000c4000 00:25 3098619                    /usr/lib64/libzstd.so.1.5.7
fffe84f8c000-fffe84f90000 r--p 000cc000 00:25 3098619                    /usr/lib64/libzstd.so.1.5.7
fffe84f90000-fffe84f94000 rw-p 000d0000 00:25 3098619                    /usr/lib64/libzstd.so.1.5.7
fffe851a0000-fffe852b8000 r-xp 00000000 00:25 3105144                    /usr/lib64/libGLdispatch.so.0.0.0
fffe852b8000-fffe852c4000 ---p 00118000 00:25 3105144                    /usr/lib64/libGLdispatch.so.0.0.0
fffe852c4000-fffe852e0000 r--p 00124000 00:25 3105144                    /usr/lib64/libGLdispatch.so.0.0.0
fffe852e0000-fffe852e4000 rw-p 00140000 00:25 3105144                    /usr/lib64/libGLdispatch.so.0.0.0
fffe852e4000-fffe852ec000 rw-p 00000000 00:00 0 
fffe853a0000-fffe853a8000 r-xp 00000000 00:25 3101940                    /usr/lib64/libXfixes.so.3.1.0
fffe853a8000-fffe853bc000 ---p 00008000 00:25 3101940                    /usr/lib64/libXfixes.so.3.1.0
fffe853bc000-fffe853c0000 r--p 0000c000 00:25 3101940                    /usr/lib64/libXfixes.so.3.1.0
fffe853c0000-fffe853c4000 rw-p 00010000 00:25 3101940                    /usr/lib64/libXfixes.so.3.1.0
fffe853d0000-fffe853dc000 r-xp 00000000 00:25 3101960                    /usr/lib64/libXcursor.so.1.0.2
fffe853dc000-fffe853ec000 ---p 0000c000 00:25 3101960                    /usr/lib64/libXcursor.so.1.0.2
fffe853ec000-fffe853f0000 r--p 0000c000 00:25 3101960                    /usr/lib64/libXcursor.so.1.0.2
fffe853f0000-fffe853f4000 rw-p 00000000 00:00 0 
fffe85400000-fffe8540c000 r-xp 00000000 00:25 3101950                    /usr/lib64/libXrender.so.1.3.0
fffe8540c000-fffe8541c000 ---p 0000c000 00:25 3101950                    /usr/lib64/libXrender.so.1.3.0
fffe8541c000-fffe85420000 r--p 0000c000 00:25 3101950                    /usr/lib64/libXrender.so.1.3.0
fffe85420000-fffe85424000 rw-p 00010000 00:25 3101950                    /usr/lib64/libXrender.so.1.3.0
fffe85490000-fffe855d8000 r-xp 00000000 00:25 3101932                    /usr/lib64/libX11.so.6.4.0
fffe855d8000-fffe855ec000 ---p 00148000 00:25 3101932                    /usr/lib64/libX11.so.6.4.0
fffe855ec000-fffe855f0000 r--p 0014c000 00:25 3101932                    /usr/lib64/libX11.so.6.4.0
fffe855f0000-fffe855f4000 rw-p 00150000 00:25 3101932                    /usr/lib64/libX11.so.6.4.0
fffe85600000-fffe85a00000 rw-p 00000000 00:00 0 
fffe85a20000-fffe85a34000 r-xp 00000000 00:25 3101935                    /usr/lib64/libXext.so.6.4.0
fffe85a34000-fffe85a4c000 ---p 00014000 00:25 3101935                    /usr/lib64/libXext.so.6.4.0
fffe85a4c000-fffe85a50000 r--p 0001c000 00:25 3101935                    /usr/lib64/libXext.so.6.4.0
fffe85a50000-fffe85a54000 rw-p 00020000 00:25 3101935                    /usr/lib64/libXext.so.6.4.0
fffe85a90000-fffe85a94000 r-xp 00000000 00:25 3101844                    /usr/lib64/libXau.so.6.0.0
fffe85a94000-fffe85aac000 ---p 00004000 00:25 3101844                    /usr/lib64/libXau.so.6.0.0
fffe85aac000-fffe85ab0000 r--p 0000c000 00:25 3101844                    /usr/lib64/libXau.so.6.0.0
fffe85ab0000-fffe85ab4000 rw-p 00000000 00:00 0 
fffe85ac0000-fffe85b34000 r-xp 00000000 00:35 566                        /tmp/lwjgl_anguscrump/3.4.1-snapshot/arm64/libjemalloc.so
fffe85b34000-fffe85b40000 ---p 00074000 00:35 566                        /tmp/lwjgl_anguscrump/3.4.1-snapshot/arm64/libjemalloc.so
fffe85b40000-fffe85b44000 r--p 00070000 00:35 566                        /tmp/lwjgl_anguscrump/3.4.1-snapshot/arm64/libjemalloc.so
fffe85b44000-fffe85b48000 rw-p 00074000 00:35 566                        /tmp/lwjgl_anguscrump/3.4.1-snapshot/arm64/libjemalloc.so
fffe85b48000-fffe85bd4000 rw-p 00000000 00:00 0 
fffe85be0000-fffe86000000 rw-p 00000000 00:00 0 
fffe86000000-fffe93e94000 r--p 00000000 00:25 3810908                    /usr/lib/locale/locale-archive
fffe93ea0000-fffe93f14000 r-xp 00000000 00:35 565                        /tmp/lwjgl_anguscrump/3.4.1-snapshot/arm64/libglfw.so
fffe93f14000-fffe93f24000 ---p 00074000 00:35 565                        /tmp/lwjgl_anguscrump/3.4.1-snapshot/arm64/libglfw.so
fffe93f24000-fffe93f2c000 rw-p 00074000 00:35 565                        /tmp/lwjgl_anguscrump/3.4.1-snapshot/arm64/libglfw.so
fffe93f2c000-fffe93f50000 rw-p 00000000 00:00 0 
fffe93f60000-fffe93fe4000 r-xp 00000000 00:35 564                        /tmp/lwjgl_anguscrump/3.4.1-snapshot/arm64/liblwjgl.so
fffe93fe4000-fffe93ff0000 ---p 00084000 00:35 564                        /tmp/lwjgl_anguscrump/3.4.1-snapshot/arm64/liblwjgl.so
fffe93ff0000-fffe93ff4000 r--p 00080000 00:35 564                        /tmp/lwjgl_anguscrump/3.4.1-snapshot/arm64/liblwjgl.so
fffe93ff4000-fffe93ff8000 rw-p 00084000 00:35 564                        /tmp/lwjgl_anguscrump/3.4.1-snapshot/arm64/liblwjgl.so
fffe94000000-fffe94400000 rw-p 00000000 00:00 0 
fffe94400000-fffe94bc0000 rw-p 00000000 00:00 0 
fffe94bc0000-fffe94c00000 rw-p 00000000 00:00 0 
fffe94c00000-fffe95180000 rw-p 00000000 00:00 0 
fffe95180000-fffe95200000 rw-p 00000000 00:00 0 
fffe95200000-fffe95ca0000 rw-p 00000000 00:00 0 
fffe95ca0000-fffe95d80000 rw-p 00000000 00:00 0 
fffe95d80000-fffe96000000 rw-p 00000000 00:00 0 
fffe96000000-fffe967e0000 rw-p 00000000 00:00 0 
fffe967e0000-fffe96820000 rw-p 00000000 00:00 0 
fffe96820000-fffe97f00000 rw-p 00000000 00:00 0 
fffe97f00000-fffe98000000 rw-p 00000000 00:00 0 
fffe98000000-fffe98200000 rw-p 00000000 00:00 0 
fffe98200000-fffe9c000000 ---p 00000000 00:00 0 
fffe9c000000-fffe9c200000 rw-p 00000000 00:00 0 
fffe9c200000-fffe9c800000 rw-p 00000000 00:00 0 
fffe9c800000-fffea0000000 ---p 00000000 00:00 0 
fffea0000000-fffea0200000 rw-p 00000000 00:00 0 
fffea0200000-fffea4000000 ---p 00000000 00:00 0 
fffea4000000-fffea4200000 rw-p 00000000 00:00 0 
fffea4200000-fffea8000000 ---p 00000000 00:00 0 
fffea8000000-fffea8200000 rw-p 00000000 00:00 0 
fffea8200000-fffeac000000 ---p 00000000 00:00 0 
fffeac000000-fffeac200000 rw-p 00000000 00:00 0 
fffeac200000-fffeb0000000 ---p 00000000 00:00 0 
fffeb0030000-fffeb005c000 r-xp 00000000 00:25 3101927                    /usr/lib64/libxcb.so.1.1.0
fffeb005c000-fffeb006c000 ---p 0002c000 00:25 3101927                    /usr/lib64/libxcb.so.1.1.0
fffeb006c000-fffeb0070000 r--p 0002c000 00:25 3101927                    /usr/lib64/libxcb.so.1.1.0
fffeb0070000-fffeb0074000 rw-p 00030000 00:25 3101927                    /usr/lib64/libxcb.so.1.1.0
fffeb0080000-fffeb0084000 r-xp 00000000 00:25 8789711                    /home/anguscrump/.jdks/jbr-25.0.3/lib/libextnet.so
fffeb0084000-fffeb009c000 ---p 00004000 00:25 8789711                    /home/anguscrump/.jdks/jbr-25.0.3/lib/libextnet.so
fffeb009c000-fffeb00a0000 r--p 0000c000 00:25 8789711                    /home/anguscrump/.jdks/jbr-25.0.3/lib/libextnet.so
fffeb00a0000-fffeb00a4000 rw-p 00000000 00:00 0 
fffeb00b0000-fffeb00e0000 r-xp 00000000 00:25 3098606                    /usr/lib64/libnss_resolve.so.2
fffeb00e0000-fffeb00ec000 ---p 00030000 00:25 3098606                    /usr/lib64/libnss_resolve.so.2
fffeb00ec000-fffeb00f0000 r--p 0003c000 00:25 3098606                    /usr/lib64/libnss_resolve.so.2
fffeb00f0000-fffeb00f4000 rw-p 00040000 00:25 3098606                    /usr/lib64/libnss_resolve.so.2
fffeb0100000-fffeb0104000 r-xp 00000000 00:25 3115273                    /usr/lib64/libnss_mdns4_minimal.so.2
fffeb0104000-fffeb011c000 ---p 00004000 00:25 3115273                    /usr/lib64/libnss_mdns4_minimal.so.2
fffeb011c000-fffeb0120000 r--p 0000c000 00:25 3115273                    /usr/lib64/libnss_mdns4_minimal.so.2
fffeb0120000-fffeb0124000 rw-p 00000000 00:00 0 
fffeb0130000-fffeb0174000 r-xp 00000000 00:25 3098611                    /usr/lib64/libudev.so.1.7.12
fffeb0174000-fffeb0188000 ---p 00044000 00:25 3098611                    /usr/lib64/libudev.so.1.7.12
fffeb0188000-fffeb0190000 r--p 00048000 00:25 3098611                    /usr/lib64/libudev.so.1.7.12
fffeb0190000-fffeb0194000 rw-p 00050000 00:25 3098611                    /usr/lib64/libudev.so.1.7.12
fffeb01a0000-fffeb05c0000 rw-p 00000000 00:00 0 
fffeb07c0000-fffeb07cc000 ---p 00000000 00:00 0 
fffeb07cc000-fffeb09c0000 rw-p 00000000 00:00 0 
fffeb0bc0000-fffeb0bcc000 ---p 00000000 00:00 0 
fffeb0bcc000-fffeb0dc0000 rw-p 00000000 00:00 0 
fffeb0dc0000-fffeb0dcc000 ---p 00000000 00:00 0 
fffeb0dcc000-fffeb0fc0000 rw-p 00000000 00:00 0 
fffeb13c0000-fffeb13cc000 ---p 00000000 00:00 0 
fffeb13cc000-fffeb15c0000 rw-p 00000000 00:00 0 
fffeb17c0000-fffeb2000000 rw-p 00000000 00:00 0 
fffeb2000000-fffeb4000000 rw-p 00000000 00:00 0 
fffeb4000000-fffeb4200000 rw-p 00000000 00:00 0 
fffeb4200000-fffeb8000000 ---p 00000000 00:00 0 
fffeb8000000-fffeb8200000 rw-p 00000000 00:00 0 
fffeb8200000-fffebc000000 ---p 00000000 00:00 0 
fffebc040000-fffebc064000 r-xp 00000000 00:25 8833402                    /home/anguscrump/.cache/JNA/temp/jna7698762593694671398.tmp (deleted)
fffebc064000-fffebc070000 ---p 00024000 00:25 8833402                    /home/anguscrump/.cache/JNA/temp/jna7698762593694671398.tmp (deleted)
fffebc070000-fffebc074000 r--p 00020000 00:25 8833402                    /home/anguscrump/.cache/JNA/temp/jna7698762593694671398.tmp (deleted)
fffebc074000-fffebc078000 rw-p 00024000 00:25 8833402                    /home/anguscrump/.cache/JNA/temp/jna7698762593694671398.tmp (deleted)
fffebc080000-fffebc090000 r-xp 00000000 00:25 8789741                    /home/anguscrump/.jdks/jbr-25.0.3/lib/libverify.so
fffebc090000-fffebc09c000 ---p 00010000 00:25 8789741                    /home/anguscrump/.jdks/jbr-25.0.3/lib/libverify.so
fffebc09c000-fffebc0a0000 r--p 0000c000 00:25 8789741                    /home/anguscrump/.jdks/jbr-25.0.3/lib/libverify.so
fffebc0a0000-fffebc0a4000 rw-p 00000000 00:00 0 
fffebc0b0000-fffebc2c0000 rw-p 00000000 00:00 0 
fffebc4c0000-fffebc4e0000 r-xp 00000000 00:25 3955245                    /usr/lib64/libgcc_s-16-20260515.so.1
fffebc4e0000-fffebc4ec000 ---p 00020000 00:25 3955245                    /usr/lib64/libgcc_s-16-20260515.so.1
fffebc4ec000-fffebc4f0000 r--p 0001c000 00:25 3955245                    /usr/lib64/libgcc_s-16-20260515.so.1
fffebc4f0000-fffebc4f4000 rw-p 00000000 00:00 0 
fffebc500000-fffebc52c000 r-xp 00000000 00:25 3098605                    /usr/lib64/libnss_myhostname.so.2
fffebc52c000-fffebc538000 ---p 0002c000 00:25 3098605                    /usr/lib64/libnss_myhostname.so.2
fffebc538000-fffebc540000 r--p 00028000 00:25 3098605                    /usr/lib64/libnss_myhostname.so.2
fffebc540000-fffebc544000 rw-p 00030000 00:25 3098605                    /usr/lib64/libnss_myhostname.so.2
fffebc550000-fffebc558000 r-xp 00000000 00:25 8789729                    /home/anguscrump/.jdks/jbr-25.0.3/lib/libmanagement_ext.so
fffebc558000-fffebc56c000 ---p 00008000 00:25 8789729                    /home/anguscrump/.jdks/jbr-25.0.3/lib/libmanagement_ext.so
fffebc56c000-fffebc570000 r--p 0000c000 00:25 8789729                    /home/anguscrump/.jdks/jbr-25.0.3/lib/libmanagement_ext.so
fffebc570000-fffebc574000 rw-p 00000000 00:00 0 
fffebc580000-fffebc584000 r-xp 00000000 00:25 8789728                    /home/anguscrump/.jdks/jbr-25.0.3/lib/libmanagement.so
fffebc584000-fffebc59c000 ---p 00004000 00:25 8789728                    /home/anguscrump/.jdks/jbr-25.0.3/lib/libmanagement.so
fffebc59c000-fffebc5a0000 r--p 0000c000 00:25 8789728                    /home/anguscrump/.jdks/jbr-25.0.3/lib/libmanagement.so
fffebc5a0000-fffebc5a4000 rw-p 00000000 00:00 0 
fffebc7b0000-fffebc7bc000 ---p 00000000 00:00 0 
fffebc7bc000-fffebc9b0000 rw-p 00000000 00:00 0 
fffebc9b0000-fffebc9b8000 r-xp 00000000 00:25 8789743                    /home/anguscrump/.jdks/jbr-25.0.3/lib/libzip.so
fffebc9b8000-fffebc9cc000 ---p 00008000 00:25 8789743                    /home/anguscrump/.jdks/jbr-25.0.3/lib/libzip.so
fffebc9cc000-fffebc9d0000 r--p 0000c000 00:25 8789743                    /home/anguscrump/.jdks/jbr-25.0.3/lib/libzip.so
fffebc9d0000-fffebc9d4000 rw-p 00000000 00:00 0 
fffebc9dc000-fffebc9e8000 ---p 00000000 00:00 0 
fffebc9e8000-fffebcbdc000 rw-p 00000000 00:00 0 
fffebcbdc000-fffebcbe8000 ---p 00000000 00:00 0 
fffebcbe8000-fffebcddc000 rw-p 00000000 00:00 0 
fffebcddc000-fffebcde8000 ---p 00000000 00:00 0 
fffebcde8000-fffebcfdc000 rw-p 00000000 00:00 0 
fffebcfdc000-fffebcfe8000 ---p 00000000 00:00 0 
fffebcfe8000-fffebd1dc000 rw-p 00000000 00:00 0 
fffebd1dc000-fffebd1e8000 ---p 00000000 00:00 0 
fffebd1e8000-fffebd3dc000 rw-p 00000000 00:00 0 
fffebd3dc000-fffebf854000 rw-p 00000000 00:00 0 
fffebf854000-fffec0e2c000 ---p 00000000 00:00 0 
fffec0e2c000-fffec0e34000 rw-p 00000000 00:00 0 
fffec0e34000-fffec0e54000 ---p 00000000 00:00 0 
fffec0e54000-fffec0e5c000 rw-p 00000000 00:00 0 
fffec0e5c000-fffec0e9c000 ---p 00000000 00:00 0 
fffec0e9c000-fffec0ffc000 rw-p 00000000 00:00 0 
fffec0ffc000-fffec306c000 rwxp 00000000 00:00 0 
fffec306c000-fffec8534000 ---p 00000000 00:00 0 
fffec8534000-fffec88c4000 rwxp 00000000 00:00 0 
fffec88c4000-fffec8ac8000 ---p 00000000 00:00 0 
fffec8ac8000-fffec9c58000 rwxp 00000000 00:00 0 
fffec9c58000-fffed0000000 ---p 00000000 00:00 0 
fffed0000000-fffed3ff4000 r--s 00000000 00:25 8789745                    /home/anguscrump/.jdks/jbr-25.0.3/lib/modules
fffed4000000-fffed4200000 rw-p 00000000 00:00 0 
fffed4200000-fffed8000000 rw-p 00000000 00:00 0 
fffed8020000-fffed802c000 r-xp 00000000 00:25 8789731                    /home/anguscrump/.jdks/jbr-25.0.3/lib/libnet.so
fffed802c000-fffed803c000 ---p 0000c000 00:25 8789731                    /home/anguscrump/.jdks/jbr-25.0.3/lib/libnet.so
fffed803c000-fffed8040000 r--p 0000c000 00:25 8789731                    /home/anguscrump/.jdks/jbr-25.0.3/lib/libnet.so
fffed8040000-fffed8044000 rw-p 00000000 00:00 0 
fffed8050000-fffed8064000 r-xp 00000000 00:25 8789733                    /home/anguscrump/.jdks/jbr-25.0.3/lib/libnio.so
fffed8064000-fffed807c000 ---p 00014000 00:25 8789733                    /home/anguscrump/.jdks/jbr-25.0.3/lib/libnio.so
fffed807c000-fffed8080000 r--p 0001c000 00:25 8789733                    /home/anguscrump/.jdks/jbr-25.0.3/lib/libnio.so
fffed8080000-fffed8084000 rw-p 00020000 00:25 8789733                    /home/anguscrump/.jdks/jbr-25.0.3/lib/libnio.so
fffed8088000-fffed8094000 ---p 00000000 00:00 0 
fffed8094000-fffed8288000 rw-p 00000000 00:00 0 
fffed8288000-fffed8294000 ---p 00000000 00:00 0 
fffed8294000-fffed8488000 rw-p 00000000 00:00 0 
fffed8488000-fffed8494000 ---p 00000000 00:00 0 
fffed8494000-fffed8688000 rw-p 00000000 00:00 0 
fffed8688000-fffed8884000 rw-p 00000000 00:00 0 
fffed8884000-fffed8a94000 rw-p 00000000 00:00 0 
fffed8a94000-fffed8aa0000 ---p 00000000 00:00 0 
fffed8aa0000-fffed8eb4000 rw-p 00000000 00:00 0 
fffed8eb4000-fffed8eb8000 rw-p 00000000 00:00 0 
fffed8eb8000-fffed8ebc000 r-xp 00000000 00:35 1368                       /tmp/#1368 (deleted)
fffed8ebc000-fffed8ec0000 rw-p 00000000 00:00 0 
fffed8f24000-fffed9344000 rw-p 00000000 00:00 0 
fffed9344000-fffed9c68000 rw-p 00000000 00:00 0 
fffed9c68000-fffeda298000 rw-p 00000000 00:00 0 
fffeda298000-fffeda7a8000 rw-p 00000000 00:00 0 
fffeda7a8000-fffedaa60000 ---p 00000000 00:00 0 
fffedaa60000-fffedaa68000 rw-p 00000000 00:00 0 
fffedaa68000-fffedaa70000 ---p 00000000 00:00 0 
fffedaa70000-fffedaf2c000 rw-p 00000000 00:00 0 
fffedaf2c000-fffedb1e4000 ---p 00000000 00:00 0 
fffedb1e4000-fffedb1ec000 rw-p 00000000 00:00 0 
fffedb1ec000-fffedb1f4000 ---p 00000000 00:00 0 
fffedb1f4000-fffedba88000 rw-p 00000000 00:00 0 
fffedba88000-fffedbc18000 ---p 00000000 00:00 0 
fffedbc18000-fffedbc9c000 rw-p 00000000 00:00 0 
fffedbc9c000-fffedbdf0000 ---p 00000000 00:00 0 
fffedbdf0000-fffedbe14000 r-xp 00000000 00:25 8789719                    /home/anguscrump/.jdks/jbr-25.0.3/lib/libjava.so
fffedbe14000-fffedbe2c000 ---p 00024000 00:25 8789719                    /home/anguscrump/.jdks/jbr-25.0.3/lib/libjava.so
fffedbe2c000-fffedbe30000 r--p 0002c000 00:25 8789719                    /home/anguscrump/.jdks/jbr-25.0.3/lib/libjava.so
fffedbe30000-fffedbe34000 rw-p 00030000 00:25 8789719                    /home/anguscrump/.jdks/jbr-25.0.3/lib/libjava.so
fffedbe40000-fffedbe5c000 r-xp 00000000 00:25 8789723                    /home/anguscrump/.jdks/jbr-25.0.3/lib/libjimage.so
fffedbe5c000-fffedbe6c000 ---p 0001c000 00:25 8789723                    /home/anguscrump/.jdks/jbr-25.0.3/lib/libjimage.so
fffedbe6c000-fffedbe70000 r--p 0001c000 00:25 8789723                    /home/anguscrump/.jdks/jbr-25.0.3/lib/libjimage.so
fffedbe70000-fffedbe74000 rw-p 00020000 00:25 8789723                    /home/anguscrump/.jdks/jbr-25.0.3/lib/libjimage.so
fffedbe80000-fffedbe8c000 ---p 00000000 00:00 0 
fffedbe8c000-fffedc080000 rw-p 00000000 00:00 0 
fffedc080000-fffedc130000 r-xp 00000000 00:25 3800671                    /usr/lib64/libm.so.6
fffedc130000-fffedc13c000 ---p 000b0000 00:25 3800671                    /usr/lib64/libm.so.6
fffedc13c000-fffedc140000 r--p 000ac000 00:25 3800671                    /usr/lib64/libm.so.6
fffedc140000-fffedc144000 rw-p 000b0000 00:25 3800671                    /usr/lib64/libm.so.6
fffedc150000-fffedc154000 r-xp 00000000 00:25 3800679                    /usr/lib64/librt.so.1
fffedc154000-fffedc16c000 ---p 00004000 00:25 3800679                    /usr/lib64/librt.so.1
fffedc16c000-fffedc170000 r--p 0000c000 00:25 3800679                    /usr/lib64/librt.so.1
fffedc170000-fffedc174000 rw-p 00000000 00:00 0 
fffedc180000-fffedd500000 r-xp 00000000 00:25 8789753                    /home/anguscrump/.jdks/jbr-25.0.3/lib/server/libjvm.so
fffedd500000-fffedd510000 ---p 01380000 00:25 8789753                    /home/anguscrump/.jdks/jbr-25.0.3/lib/server/libjvm.so
fffedd510000-fffedd5f0000 r--p 01380000 00:25 8789753                    /home/anguscrump/.jdks/jbr-25.0.3/lib/server/libjvm.so
fffedd5f0000-fffedd620000 rw-p 01460000 00:25 8789753                    /home/anguscrump/.jdks/jbr-25.0.3/lib/server/libjvm.so
fffedd620000-fffedd6c8000 rw-p 00000000 00:00 0 
fffedd6d0000-fffedd6d4000 r-xp 00000000 00:25 3800677                    /usr/lib64/libpthread.so.0
fffedd6d4000-fffedd6ec000 ---p 00004000 00:25 3800677                    /usr/lib64/libpthread.so.0
fffedd6ec000-fffedd6f0000 r--p 0000c000 00:25 3800677                    /usr/lib64/libpthread.so.0
fffedd6f0000-fffedd6f4000 rw-p 00000000 00:00 0 
fffedd700000-fffedd704000 r-xp 00000000 00:25 3800670                    /usr/lib64/libdl.so.2
fffedd704000-fffedd71c000 ---p 00004000 00:25 3800670                    /usr/lib64/libdl.so.2
fffedd71c000-fffedd720000 r--p 0000c000 00:25 3800670                    /usr/lib64/libdl.so.2
fffedd720000-fffedd724000 rw-p 00000000 00:00 0 
fffedd730000-fffedd750000 r-xp 00000000 00:25 3098599                    /usr/lib64/libz.so.1.3.1.zlib-ng
fffedd750000-fffedd75c000 ---p 00020000 00:25 3098599                    /usr/lib64/libz.so.1.3.1.zlib-ng
fffedd75c000-fffedd760000 r--p 0001c000 00:25 3098599                    /usr/lib64/libz.so.1.3.1.zlib-ng
fffedd760000-fffedd764000 rw-p 00020000 00:25 3098599                    /usr/lib64/libz.so.1.3.1.zlib-ng
fffedd770000-fffedd918000 r-xp 00000000 00:25 3800669                    /usr/lib64/libc.so.6
fffedd918000-fffedd92c000 ---p 001a8000 00:25 3800669                    /usr/lib64/libc.so.6
fffedd92c000-fffedd930000 r--p 001ac000 00:25 3800669                    /usr/lib64/libc.so.6
fffedd930000-fffedd934000 rw-p 001b0000 00:25 3800669                    /usr/lib64/libc.so.6
fffedd934000-fffedd93c000 rw-p 00000000 00:00 0 
fffedd944000-fffedd948000 r--p 00000000 00:00 0 
fffedd948000-fffedd950000 r--s 00000000 00:25 3811701                    /usr/lib64/gconv/gconv-modules.cache
fffedd950000-fffedd960000 rw-p 00000000 00:00 0 
fffedd960000-fffedd968000 ---p 00000000 00:00 0 
fffedd968000-fffedd970000 rw-s 00000000 00:35 1366                       /tmp/hsperfdata_anguscrump/45901 (deleted)
fffedd970000-fffedd980000 r-xp 00000000 00:25 8789724                    /home/anguscrump/.jdks/jbr-25.0.3/lib/libjli.so
fffedd980000-fffedd98c000 ---p 00010000 00:25 8789724                    /home/anguscrump/.jdks/jbr-25.0.3/lib/libjli.so
fffedd98c000-fffedd990000 r--p 0000c000 00:25 8789724                    /home/anguscrump/.jdks/jbr-25.0.3/lib/libjli.so
fffedd990000-fffedd994000 rw-p 00010000 00:25 8789724                    /home/anguscrump/.jdks/jbr-25.0.3/lib/libjli.so
fffedd994000-fffedd998000 rw-p 00000000 00:00 0 
fffedd998000-fffedd99c000 ---p 00000000 00:00 0 
fffedd99c000-fffedd9a0000 r--p 00000000 00:00 0 
fffedd9a0000-fffedd9b0000 r--p 00000000 00:00 0                          [vvar]
fffedd9b0000-fffedd9b4000 r-xp 00000000 00:00 0                          [vdso]
fffedd9b4000-fffedd9e0000 r-xp 00000000 00:25 3800657                    /usr/lib/ld-linux-aarch64.so.1
fffedd9e0000-fffedd9e4000 rw-p 00000000 00:00 0 
fffedd9e4000-fffedd9e8000 ---p 00000000 00:00 0 
fffedd9e8000-fffedd9f0000 rw-p 00000000 00:00 0 
fffedd9f0000-fffedd9f4000 r--p 0002c000 00:25 3800657                    /usr/lib/ld-linux-aarch64.so.1
fffedd9f4000-fffedd9f8000 rw-p 00030000 00:25 3800657                    /usr/lib/ld-linux-aarch64.so.1
ffffcc1d8000-ffffcc1fc000 rw-p 00000000 00:00 0                          [stack]
Total number of mappings: 639

JVMTI agents: none


VM Arguments:
jvm_args: -Dfabric.dli.config=/home/anguscrump/Documents/Coding/ribbon-world/.gradle/loom-cache/launch.cfg -Dfabric.dli.env=client -Dfabric.dli.main=net.fabricmc.loader.impl.launch.knot.KnotClient --sun-misc-unsafe-memory-access=allow --enable-native-access=ALL-UNNAMED --sun-misc-unsafe-memory-access=allow --enable-native-access=ALL-UNNAMED -Dfile.encoding=UTF-8 -Duser.country=AU -Duser.language=en -Duser.variant -Dawt.toolkit.name=XToolkit 
java_command: net.fabricmc.devlaunchinjector.Main
java_class_path (initial): /home/anguscrump/Documents/Coding/ribbon-world/build/classes/java/client:/home/anguscrump/Documents/Coding/ribbon-world/build/resources/client:/home/anguscrump/.gradle/caches/modules-2/files-2.1/net.fabricmc/fabric-loader/0.19.2/cc647a5b22dbc49b9a3267cebcee25fc4882b108/fabric-loader-0.19.2.jar:/home/anguscrump/.gradle/caches/modules-2/files-2.1/net.fabricmc.fabric-api/fabric-api/0.149.0+26.1.2/1d3aa9049af831d4d7ed7fbf1b5f0fbb37d7fab4/fabric-api-0.149.0+26.1.2.jar:/home/anguscrump/.gradle/caches/modules-2/files-2.1/org.ow2.asm/asm/9.9/c29635c8a7afa03d74b33c1884df8abb2b3f3dcc/asm-9.9.jar:/home/anguscrump/.gradle/caches/modules-2/files-2.1/org.ow2.asm/asm-analysis/9.9/bf4fa6e66638851c1cd22c2caea0c3ee5d5f437/asm-analysis-9.9.jar:/home/anguscrump/.gradle/caches/modules-2/files-2.1/org.ow2.asm/asm-commons/9.9/db9165a3bf908ded6b08612d583a15d1d0c7bda0/asm-commons-9.9.jar:/home/anguscrump/.gradle/caches/modules-2/files-2.1/org.ow2.asm/asm-tree/9.9/f8de6eead6d24dd0f45bd065bbe112b2cda6ea21/asm-tree-9.9.jar:/home/anguscrump/.gradle/caches/modules-2/files-2.1/org.ow2.asm/asm-util/9.9/42fdfc0508b43807c8078d6e82ecff2ce2112ae8/asm-util-9.9.jar:/home/anguscrump/.gradle/caches/modules-2/files-2.1/net.fabricmc/sponge-mixin/0.17.2+mixin.0.8.7/edf98d1d98229e46e36c61774ae2b54dcd852981/sponge-mixin-0.17.2+mixin.0.8.7.jar:/home/anguscrump/.gradle/caches/modules-2/files-2.1/io.github.llamalad7/mixinextras-fabric/0.5.4/5e167154bcb9942111313a5e186e16cd7265f858/mixinextras-fabric-0.5.4.jar:/home/anguscrump/.gradle/caches/modules-2/files-2.1/net.fabricmc/dev-launch-injector/0.2.1+build.8/da8bef7e6e2f952da707f282bdb46882a0fce5e3/dev-launch-injector-0.2.1+build.8.jar:/home/anguscrump/.gradle/caches/modules-2/files-2.1/net.fabricmc/fabric-log4j-util/1.0.2/ef0b3fb613356feb75a67d54f2fad6f03a006648/fabric-log4j-util-1.0.2.jar:/home/anguscrump/.gradle/caches/modules-2/files-2.1/at.yawk.lz4/lz4-java/1.10.1/f541d7f910fe3d76f38f799c507c48cc81b12ecb/lz4-java-1.10.1.jar:/home/anguscrump/.gradle/caches/modules-2/files-2.1/com.azure/azure-json/1.4.0/fcc1d354dbc3e0300e5276b1bf124d0247799cd8/azure-json-1.4.0.jar:/home/anguscrump/.gradle/caches/modules-2/files-2.1/com.github.oshi/oshi-core/6.9.0/3224870731860cfcd7744581a05b559e94291e7/oshi-core-6.9.0.jar:/home/anguscrump/.gradle/caches/modules-2/files-2.1/com.google.code.gson/gson/2.13.2/48b8230771e573b54ce6e867a9001e75977fe78e/gson-2.13.2.jar:/home/anguscrump/.gradle/caches/modules-2/files-2.1/com.google.guava/failureaccess/1.0.3/aeaffd00d57023a2c947393ed251f0354f0985fc/failureaccess-1.0.3.jar:/home/anguscrump/.gradle/caches/modules-2/files-2.1/com.google.guava/guava/33.5.0-jre/8699de25f2f979108d6c1b804a7ba38cda1116bc/guava-33.5.0-jre.jar:/home/anguscrump/.gradle/caches/modules-2/files-2.1/com.ibm.icu/icu4j/77.1/38693cf0b1d7362a8b726af74dc06026a7c23809/icu4j-77.1.jar:/home/anguscrump/.gradle/caches/modules-2/files-2.1/com.microsoft.azure/msal4j/1.23.1/6c722b514873b24a4e1ce9c22dca36ea3c22bdbe/msal4j-1.23.1.jar:/home/anguscrump/.gradle/caches/modules-2/files-2.1/com.mojang/authlib/7.0.63/54895b4e25e8b9b4cbbbe25f24eccf2b71b1ac2b/authlib-7.0.63.jar:/home/anguscrump/.gradle/caches/modules-2/files-2.1/com.mojang/blocklist/1.0.10/5c685c5ffa94c4cd39496c7184c1d122e515ecef/blocklist-1.0.10.jar:/home/anguscrump/.gradle/caches/modules-2/files-2.1/com.mojang/brigadier/1.3.10/d15b53a14cf20fdcaa98f731af5dda654452c010/brigadier-1.3.10.jar:/home/anguscrump/.gradle/caches/modules-2/files-2.1/com.mojang/datafixerupper/9.0.19/4e91f9712fa1e83231d1501625381b0210a977da/datafixerupper-9.0.19.jar:/home/anguscrump/.gradle/caches/modules-2/files-2.1/com.mojang/jtracy/1.0.37/a3fb649b2e2b2288d2978f0b0bc3d83f62809d1e/jtracy-1.0.37.jar:/home/anguscrump/.gradle/caches/modules-2/files-2.1/com.mojang/jtracy/1.0.37/e1b4395227af41195da9e2ead13c48ee0b7d31cd/jtracy-1.0.37-natives-linux.jar:/home/anguscrump/.gradle/caches/modules-2/files-2.1/com.mojang/logging/1.6.11/fd147240733010c158249d986323f9ef98977fe/logging-1.6.11.jar:/home/anguscrump/.gradle/caches/modules-2/files-2.1/com.mojang/patchy/2.2.10/da05971b07cbb379d002cf7eaec6a2048211fefc/patchy-2.2.10.jar:/home/anguscrump/.gradle/caches/modules-2/files-2.1/com.mojang/text2speech/1.18.11/e853a12cdd6ba4f4836e8f4bf3b37844a13482b6/text2speech-1.18.11.jar:/home/anguscrump/.gradle/caches/modules-2/files-2.1/commons-codec/commons-codec/1.19.0/8c0dbe3ae883fceda9b50a6c76e745e548073388/commons-codec-1.19.0.jar:/home/anguscrump/.gradle/caches/modules-2/files-2.1/commons-io/commons-io/2.20.0/36f3474daec2849c149e877614e7f979b2082cd2/commons-io-2.20.0.jar:/home/anguscrump/.gradle/caches/modules-2/files-2.1/io.netty/netty-buffer/4.2.7.Final/5555ff561643bf2f8430fb57c24403c0efe15994/netty-buffer-4.2.7.Final.jar:/home/anguscrump/.gradle/caches/modules-2/files-2.1/io.netty/netty-codec-base/4.2.7.Final/915e381ebabcf115f1c7ff7032d55c48afb50210/netty-codec-base-4.2.7.Final.jar:/home/anguscrump/.gradle/caches/modules-2/files-2.1/io.netty/netty-codec-compression/4.2.7.Final/572341bc1ca90fd9d6e47f1d2694aab5258566e9/netty-codec-compression-4.2.7.Final.jar:/home/anguscrump/.gradle/caches/modules-2/files-2.1/io.netty/netty-codec-http/4.2.7.Final/b734c108854099c421fd94d92d9f865e4d4da853/netty-codec-http-4.2.7.Final.jar:/home/anguscrump/.gradle/caches/modules-2/files-2.1/io.netty/netty-common/4.2.7.Final/11aa30df26af4fca3239ac1917f303a280f301e1/netty-common-4.2.7.Final.jar:/home/anguscrump/.gradle/caches/modules-2/files-2.1/io.netty/netty-handler/4.2.7.Final/7ad8a1f851e2e6fe93cdd091871fda2b81c03b5b/netty-handler-4.2.7.Final.jar:/home/anguscrump/.gradle/caches/modules-2/files-2.1/io.netty/netty-resolver/4.2.7.Final/5f3e5ef8de03992cd4fb46960dc0085ec1a12a12/netty-resolver-4.2.7.Final.jar:/home/anguscrump/.gradle/caches/modules-2/files-2.1/io.netty/netty-transport-classes-epoll/4.2.7.Final/1075c09f48a78eef9d819fbfd9096b903fdd362a/netty-transport-classes-epoll-4.2.7.Final.jar:/home/anguscrump/.gradle/caches/modules-2/files-2.1/io.netty/netty-transport-classes-kqueue/4.2.7.Final/bdec7c23c75caabd848426d073c09568e8d5f94e/netty-transport-classes-kqueue-4.2.7.Final.jar:/home/anguscrump/.gradle/caches/modules-2/files-2.1/io.netty/netty-transport-native-epoll/4.2.7.Final/98d02251c98c8f07a23ac5ea27657d9e0ef57614/netty-transport-native-epoll-4.2.7.Final-linux-aarch_64.jar:/home/anguscrump/.gradle/caches/modules-2/files-2.1/io.netty/netty-transport-native-epoll/4.2.7.Final/e83998bfc10b5289d9bcbe807c4079ef0eed8e6f/netty-transport-native-epoll-4.2.7.Final-linux-x86_64.jar:/home/anguscrump/.gradle/caches/modules-2/files-2.1/io.netty/netty-transport-native-unix-common/4.2.7.Final/89953f04259ea7502cffb313630dd51e00e60669/netty-transport-native-unix-common-4.2.7.Final.jar:/home/anguscrump/.gradle/caches/modules-2/files-2.1/io.netty/netty-transport/4.2.7.Final/83ea548981d0d8c4a98027cc1a6f9624f902e142/netty-transport-4.2.7.Final.jar:/home/anguscrump/.gradle/caches/modules-2/files-2.1/it.unimi.dsi/fastutil/8.5.18/a6cff377eecc19c2037bf31568a6d7106b50ba1f/fastutil-8.5.18.jar:/home/anguscrump/.gradle/caches/modules-2/files-2.1/net.java.dev.jna/jna-platform/5.17.0/a4934c44d25a9d8c2ddf4203affd20330cb3426f/jna-platform-5.17.0.jar:/home/anguscrump/.gradle/caches/modules-2/files-2.1/net.java.dev.jna/jna/5.17.0/33d12735bef894440780fce64f9758d420c7bae2/jna-5.17.0.jar:/home/anguscrump/.gradle/caches/modules-2/files-2.1/net.sf.jopt-simple/jopt-simple/5.0.4/4fdac2fbe92dfad86aa6e9301736f6b4342a3f5c/jopt-simple-5.0.4.jar:/home/anguscrump/.gradle/caches/modules-2/files-2.1/org.apache.commons/commons-compress/1.28.0/e482f2c7a88dac3c497e96aa420b6a769f59c8d7/commons-compress-1.28.0.jar:/home/anguscrump/.gradle/caches/modules-2/files-2.1/org.apache.commons/commons-lang3/3.19.0/d6524b169a6574cd253760c472d419b47bfd37e6/commons-lang3-3.19.0.jar:/home/anguscrump/.gradle/caches/modules-2/files-2.1/org.apache.logging.log4j/log4j-api/2.25.2/292c1a2b1702f1e1e3adb13e1c57e5bff60335ff/log4j-api-2.25.2.jar:/home/anguscrump/.gradle/caches/modules-2/files-2.1/org.apache.logging.log4j/log4j-core/2.25.2/d4d0ad2e51e03e531f784891fbfff1bae1e13a12/log4j-core-2.25.2.jar:/home/anguscrump/.gradle/caches/modules-2/files-2.1/org.apache.logging.log4j/log4j-slf4j2-impl/2.25.2/5eec0c392661dee8a366baec17e8896900dd978f/log4j-slf4j2-impl-2.25.2.jar:/home/anguscrump/.gradle/caches/modules-2/files-2.1/org.jcraft/jorbis/0.0.17/8872d22b293e8f5d7d56ff92be966e6dc28ebdc6/jorbis-0.0.17.jar:/home/anguscrump/.gradle/caches/modules-2/files-2.1/org.joml/joml/1.10.8/fc0a71dad90a2cf41d82a76156a0e700af8e4f8d/joml-1.10.8.jar:/home/anguscrump/.gradle/caches/modules-2/files-2.1/org.jspecify/jspecify/1.0.0/7425a601c1c7ec76645a78d22b8c6a627edee507/jspecify-1.0.0.jar:/home/anguscrump/.gradle/caches/modules-2/files-2.1/org.lwjgl/lwjgl-freetype/3.4.1/caa75a37e857efc9b0686e434d708d6420c5b6ea/lwjgl-freetype-3.4.1.jar:/home/anguscrump/.gradle/caches/modules-2/files-2.1/org.lwjgl/lwjgl-freetype/3.4.1/8f37d0da3386ff602ec54cd06626881895711041/lwjgl-freetype-3.4.1-natives-linux-arm64.jar:/home/anguscrump/.gradle/caches/modules-2/files-2.1/org.lwjgl/lwjgl-freetype/3.4.1/40a29a29b1549c4cad073ccd682e3776ffb454fa/lwjgl-freetype-3.4.1-natives-linux.jar:/home/anguscrump/.gradle/caches/modules-2/files-2.1/org.lwjgl/lwjgl-glfw/3.4.1/a782b1ddd175c9107bf300fd92920579ea65e2a4/lwjgl-glfw-3.4.1.jar:/home/anguscrump/.gradle/caches/modules-2/files-2.1/org.lwjgl/lwjgl-glfw/3.4.1/e5e87034c47118960746077dba46280e8de864b3/lwjgl-glfw-3.4.1-natives-linux-arm64.jar:/home/anguscrump/.gradle/caches/modules-2/files-2.1/org.lwjgl/lwjgl-glfw/3.4.1/23cdf7655ce9f3b27ad90f08e73345e0d5b46362/lwjgl-glfw-3.4.1-natives-linux.jar:/home/anguscrump/.gradle/caches/modules-2/files-2.1/org.lwjgl/lwjgl-jemalloc/3.4.1/16b663092854fc6adfe0a941e61cae2bb2e437b6/lwjgl-jemalloc-3.4.1.jar:/home/anguscrump/.gradle/caches/modules-2/files-2.1/org.lwjgl/lwjgl-jemalloc/3.4.1/7891964dfb723209c6d02b0401432348fb707cc0/lwjgl-jemalloc-3.4.1-natives-linux-arm64.jar:/home/anguscrump/.gradle/caches/modules-2/files-2.1/org.lwjgl/lwjgl-jemalloc/3.4.1/b83c82d941f2e624d150d6d1e2efcf4ea49ff8ea/lwjgl-jemalloc-3.4.1-natives-linux.jar:/home/anguscrump/.gradle/caches/modules-2/files-2.1/org.lwjgl/lwjgl-openal/3.4.1/8508bd60589de0539aa465b78fcf838efd07ae9a/lwjgl-openal-3.4.1.jar:/home/anguscrump/.gradle/caches/modules-2/files-2.1/org.lwjgl/lwjgl-openal/3.4.1/3729b70cdd42df5571b075e051fa2fc8586dc538/lwjgl-openal-3.4.1-natives-linux-arm64.jar:/home/anguscrump/.gradle/caches/modules-2/files-2.1/org.lwjgl/lwjgl-openal/3.4.1/dbff577119266cd4312e4eb9cc2b171407c56360/lwjgl-openal-3.4.1-natives-linux.jar:/home/anguscrump/.gradle/caches/modules-2/files-2.1/org.lwjgl/lwjgl-opengl/3.4.1/830412cab823c029cda6b9729f9d2ed36cf79959/lwjgl-opengl-3.4.1.jar:/home/anguscrump/.gradle/caches/modules-2/files-2.1/org.lwjgl/lwjgl-opengl/3.4.1/61a4103e56bbaeb74ad3f19ec14299fd6891c4b0/lwjgl-opengl-3.4.1-natives-linux-arm64.jar:/home/anguscrump/.gradle/caches/modules-2/files-2.1/org.lwjgl/lwjgl-opengl/3.4.1/b750599f0e75ddb19f1d0fe993f3011334b710ae/lwjgl-opengl-3.4.1-natives-linux.jar:/home/anguscrump/.gradle/caches/modules-2/files-2.1/org.lwjgl/lwjgl-stb/3.4.1/f077c3dafc31924fbe8acb0b913f08977ba27f8e/lwjgl-stb-3.4.1.jar:/home/anguscrump/.gradle/caches/modules-2/files-2.1/org.lwjgl/lwjgl-stb/3.4.1/3bc107f901f931fea07cb0d80b1d74a34b806a2b/lwjgl-stb-3.4.1-natives-linux-arm64.jar:/home/anguscrump/.gradle/caches/modules-2/files-2.1/org.lwjgl/lwjgl-stb/3.4.1/7e1cfae909da6c68f3cb6073a9bfeb6c90e82a57/lwjgl-stb-3.4.1-natives-linux.jar:/home/anguscrump/.gradle/caches/modules-2/files-2.1/org.lwjgl/lwjgl-tinyfd/3.4.1/562697d40dbd2ed0424bf24dcf65d51170f81adf/lwjgl-tinyfd-3.4.1.jar:/home/anguscrump/.gradle/caches/modules-2/files-2.1/org.lwjgl/lwjgl-tinyfd/3.4.1/20771d2b4e01f5295156912ab62e170508aef618/lwjgl-tinyfd-3.4.1-natives-linux-arm64.jar:/home/anguscrump/.gradle/caches/modules-2/files-2.1/org.lwjgl/lwjgl-tinyfd/3.4.1/fc6a72690afc8defb60d82ad1de64dd8f537154c/lwjgl-tinyfd-3.4.1-natives-linux.jar:/home/anguscrump/.gradle/caches/modules-2/files-2.1/org.lwjgl/lwjgl/3.4.1/6105690714874b995aa7812e4f7732a21109276c/lwjgl-3.4.1.jar:/home/anguscrump/.gradle/caches/modules-2/files-2.1/org.lwjgl/lwjgl/3.4.1/46883f3b622d8b4d7f27b627ca3360cda3db0e0e/lwjgl-3.4.1-natives-linux-arm64.jar:/home/anguscrump/.gradle/caches/modules-2/files-2.1/org.lwjgl/lwjgl/3.4.1/2734e106bd95db49fe0da8cf8bf7fd96475c436c/lwjgl-3.4.1-natives-linux.jar:/home/anguscrump/.gradle/caches/modules-2/files-2.1/org.slf4j/slf4j-api/2.0.17/d9e58ac9c7779ba3bf8142aff6c830617a7fe60f/slf4j-api-2.0.17.jar:/home/anguscrump/Documents/Coding/ribbon-world/.gradle/loom-cache/minecraftMaven/net/minecraft/minecraft-clientOnly-52430b475d/26.1.2/minecraft-clientOnly-52430b475d-26.1.2.jar:/home/anguscrump/Documents/Coding/ribbon-world/.gradle/loom-cache/minecraftMaven/net/minecraft/minecraft-common-52430b475d/26.1.2/minecraft-common-52430b475d-26.1.2.jar:/home/anguscrump/.gradle/caches/modules-2/files-2.1/io.netty/netty-transport-native-kqueue/4.2.7.Final/40868fd4e43bce2798245f790624b58803dc26b6/netty-transport-native-kqueue-4.2.7.Final-osx-x86_64.jar:/home/anguscrump/.gradle/caches/modules-2/files-2.1/io.netty/netty-transport-native-kqueue/4.2.7.Final/e5a0feef41410c8a5ae00c6cb4e0c99bd0aded6a/netty-transport-native-kqueue-4.2.7.Final-osx-aarch_64.jar:/home/anguscrump/.gradle/caches/modules-2/files-2.1/net.fabricmc.fabric-api/fabric-transfer-api-v1/8.0.5+357ea7334c/2aff9d7c8e917d2a69c71aa18e28c915e0040a8e/fabric-transfer-api-v1-8.0.5+357ea7334c.jar:/home/anguscrump/.gradle/caches/modules-2/files-2.1/net.fabricmc.fabric-api/fabric-api-lookup-api-v1/2.0.11+d5a053b64c/dbb4489647b411352b735654440311d7560dc1f4/fabric-api-lookup-api-v1-2.0.11+d5a053b64c.jar:/home/anguscrump/.gradle/caches/modules-2/files-2.1/net.fabricmc.fabric-api/fabric-command-api-v2/3.0.5+e2bdee784c/d2bfa62e2f489900be2210dfb84458dcdecb75b6/fabric-command-api-v2-3.0.5+e2bdee784c.jar:/home/anguscrump/.gradle/caches/modules-2/files-2.1/net.fabricmc.fabric-api/fabric-content-registries-v0/11.1.1+1a3b26974c/8761c4bd7f8feb484746055f6ff22e387cd84e9f/fabric-content-registries-v0-11.1.1+1a3b26974c.jar:/home/anguscrump/.gradle/caches/modules-2/files-2.1/net.fabricmc.fabric-api/fabric-data-generation-api-v1/24.2.0+73b1f9054c/d5dcd98301b93a9b2470d354d150327e264797c5/fabric-data-generation-api-v1-24.2.0+73b1f9054c.jar:/home/anguscrump/.gradle/caches/modules-2/files-2.1/net.fabricmc.fabric-api/fabric-convention-tags-v2/4.6.0+e47fb87c4c/40a40554e3e4d37b5640c0198bc81a1b94735f2c/fabric-convention-tags-v2-4.6.0+e47fb87c4c.jar:/home/anguscrump/.gradle/caches/modules-2/files-2.1/net.fabricmc.fabric-api/fabric-creative-tab-api-v1/5.0.11+d871b99e4c/9e6937cef2aa7955d2ff66c9d2415118c58ec15c/fabric-creative-tab-api-v1-5.0.11+d871b99e4c.jar:/home/anguscrump/.gradle/caches/modules-2/files-2.1/net.fabricmc.fabric-api/fabric-data-attachment-api-v1/2.2.6+d602a8964c/91d2f002a7431a412cef7016c5ca7ee2b3c67718/fabric-data-attachment-api-v1-2.2.6+d602a8964c.jar:/home/anguscrump/.gradle/caches/modules-2/files-2.1/net.fabricmc.fabric-api/fabric-debug-api-v1/1.0.1+c792624d4c/3e65954340d5153face34ee7d2f9b114271bca38/fabric-debug-api-v1-1.0.1+c792624d4c.jar:/home/anguscrump/.gradle/caches/modules-2/files-2.1/net.fabricmc.fabric-api/fabric-dimensions-v1/5.1.5+9cbf5da54c/53c66317546644a3915ec20df2d77f4e3093ffab/fabric-dimensions-v1-5.1.5+9cbf5da54c.jar:/home/anguscrump/.gradle/caches/modules-2/files-2.1/net.fabricmc.fabric-api/fabric-entity-events-v1/5.0.2+e2bdee784c/3f15c7b85c55f03b5d5fa89a48a0eb1dc6461465/fabric-entity-events-v1-5.0.2+e2bdee784c.jar:/home/anguscrump/.gradle/caches/modules-2/files-2.1/net.fabricmc.fabric-api/fabric-events-interaction-v0/5.2.1+a67251b84c/cf25f4932ae4d3df49bf5ad0c69be40f8abda289/fabric-events-interaction-v0-5.2.1+a67251b84c.jar:/home/anguscrump/.gradle/caches/modules-2/files-2.1/net.fabricmc.fabric-api/fabric-game-rule-api-v1/4.0.5+d871b99e4c/8b1189ddbfe446bf9468920526ed668db253da65/fabric-game-rule-api-v1-4.0.5+d871b99e4c.jar:/home/anguscrump/.gradle/caches/modules-2/files-2.1/net.fabricmc.fabric-api/fabric-gametest-api-v1/4.0.15+00a1fba64c/99dddf025652afece2f37a5f857c6ee5f7feedb1/fabric-gametest-api-v1-4.0.15+00a1fba64c.jar:/home/anguscrump/.gradle/caches/modules-2/files-2.1/net.fabricmc.fabric-api/fabric-item-api-v1/14.1.2+73d134684c/cb7fd76b622fbc467cb65f067c212fc256d3809f/fabric-item-api-v1-14.1.2+73d134684c.jar:/home/anguscrump/.gradle/caches/modules-2/files-2.1/net.fabricmc.fabric-api/fabric-recipe-api-v1/9.0.15+be4b75ae4c/c3510ef358ce97ea4fc804cd2f75f30c574ec947/fabric-recipe-api-v1-9.0.15+be4b75ae4c.jar:/home/anguscrump/.gradle/caches/modules-2/files-2.1/net.fabricmc.fabric-api/fabric-model-loading-api-v1/8.0.6+c80601bb4c/733d4b6475fa49b58125b0b1a6a9070cc5faa8c8/fabric-model-loading-api-v1-8.0.6+c80601bb4c.jar:/home/anguscrump/.gradle/caches/modules-2/files-2.1/net.fabricmc.fabric-api/fabric-renderer-indigo/8.1.0+1403e82c4c/2a11c1c6826ec7e4254d1cfa20f2f9b50da0ec7f/fabric-renderer-indigo-8.1.0+1403e82c4c.jar:/home/anguscrump/.gradle/caches/modules-2/files-2.1/net.fabricmc.fabric-api/fabric-renderer-api-v1/13.0.3+c80601bb4c/15b7e69feefe6e4157134633f96c62a80b41f44a/fabric-renderer-api-v1-13.0.3+c80601bb4c.jar:/home/anguscrump/.gradle/caches/modules-2/files-2.1/net.fabricmc.fabric-api/fabric-rendering-v1/23.1.0+1403e82c4c/96b6c53c0f9e4497597a4a06509b143c9e345efe/fabric-rendering-v1-23.1.0+1403e82c4c.jar:/home/anguscrump/.gradle/caches/modules-2/files-2.1/net.fabricmc.fabric-api/fabric-lifecycle-events-v1/4.1.0+6d50a0854c/52281bf82f04922d65a30d3f91975feb00911826/fabric-lifecycle-events-v1-4.1.0+6d50a0854c.jar:/home/anguscrump/.gradle/caches/modules-2/files-2.1/net.fabricmc.fabric-api/fabric-loot-api-v3/3.0.12+00a1fba64c/58ffa00757774d7060115afa05742753ff26c769/fabric-loot-api-v3-3.0.12+00a1fba64c.jar:/home/anguscrump/.gradle/caches/modules-2/files-2.1/net.fabricmc.fabric-api/fabric-menu-api-v1/2.0.13+d871b99e4c/e59c4c081a5dc1afb27c0167d6e1480c670c4d29/fabric-menu-api-v1-2.0.13+d871b99e4c.jar:/home/anguscrump/.gradle/caches/modules-2/files-2.1/net.fabricmc.fabric-api/fabric-message-api-v1/7.0.5+dae8ce3e4c/6211835e1348e8b9b89defb98a616adb483b8284/fabric-message-api-v1-7.0.5+dae8ce3e4c.jar:/home/anguscrump/.gradle/caches/modules-2/files-2.1/net.fabricmc.fabric-api/fabric-particles-v1/5.0.15+b61fef434c/e9659d152cefb7255056f432234a11621ab00945/fabric-particles-v1-5.0.15+b61fef434c.jar:/home/anguscrump/.gradle/caches/modules-2/files-2.1/net.fabricmc.fabric-api/fabric-object-builder-api-v1/23.0.16+b95dd56e4c/64b623486a5962dada51cb3e8a114ee49a6ba9de/fabric-object-builder-api-v1-23.0.16+b95dd56e4c.jar:/home/anguscrump/.gradle/caches/modules-2/files-2.1/net.fabricmc.fabric-api/fabric-registry-sync-v0/7.0.13+b61fef434c/b7cd637ba58adacb2abfd54f5f438211e5c3210d/fabric-registry-sync-v0-7.0.13+b61fef434c.jar:/home/anguscrump/.gradle/caches/modules-2/files-2.1/net.fabricmc.fabric-api/fabric-networking-api-v1/6.3.1+554860db4c/38ac77944d5e0fc623a163cde9b3eca04f791296/fabric-networking-api-v1-6.3.1+554860db4c.jar:/home/anguscrump/.gradle/caches/modules-2/files-2.1/net.fabricmc.fabric-api/fabric-permission-api-v1/1.0.0+f3e738be4c/67222d8951d4e68a26f7e42697ce7fdb3c4e8ce9/fabric-permission-api-v1-1.0.0+f3e738be4c.jar:/home/anguscrump/.gradle/caches/modules-2/files-2.1/net.fabricmc.fabric-api/fabric-rendering-fluids-v1/6.0.1+d871b99e4c/fe53bab501b2a582517f39ede3e1514074e8de7/fabric-rendering-fluids-v1-6.0.1+d871b99e4c.jar:/home/anguscrump/.gradle/caches/modules-2/files-2.1/net.fabricmc.fabric-api/fabric-tag-api-v1/2.1.0+73b1f9054c/5467b88af064043d14a1cbc32ebc65bf86a4898b/fabric-tag-api-v1-2.1.0+73b1f9054c.jar:/home/anguscrump/.gradle/caches/modules-2/files-2.1/net.fabricmc.fabric-api/fabric-resource-loader-v0/3.3.17+4fc5413f4c/c2e496d77853c7fd1f2b3bd00b44e355dc6ba576/fabric-resource-loader-v0-3.3.17+4fc5413f4c.jar:/home/anguscrump/.gradle/caches/modules-2/files-2.1/net.fabricmc.fabric-api/fabric-resource-loader-v1/2.0.10+7c44c7324c/bb44ca7ae64fe82666c2cd99920cdc017b15f368/fabric-resource-loader-v1-2.0.10+7c44c7324c.jar:/home/anguscrump/.gradle/caches/modules-2/files-2.1/net.fabricmc.fabric-api/fabric-screen-api-v1/5.0.1+d871b99e4c/fecba1d91754428c2d1f5f2e4d25685de3a8f71f/fabric-screen-api-v1-5.0.1+d871b99e4c.jar:/home/anguscrump/.gradle/caches/modules-2/files-2.1/net.fabricmc.fabric-api/fabric-api-base/2.0.3+ece063234c/bdf802883d0f9c1034c436367ab2c7e04ce34ca6/fabric-api-base-2.0.3+ece063234c.jar:/home/anguscrump/.gradle/caches/modules-2/files-2.1/net.fabricmc.fabric-api/fabric-biome-api-v1/18.0.4+35c80edc4c/c82be6aa7922f3212e1bac9441b25a7faa21c057/fabric-biome-api-v1-18.0.4+35c80edc4c.jar:/home/anguscrump/.gradle/caches/modules-2/files-2.1/net.fabricmc.fabric-api/fabric-block-api-v1/3.0.2+ec56b6014c/f5f91f5b317b7acd3014677dd909b55ebc4097b2/fabric-block-api-v1-3.0.2+ec56b6014c.jar:/home/anguscrump/.gradle/caches/modules-2/files-2.1/net.fabricmc.fabric-api/fabric-block-getter-api-v2/2.0.6+ec56b6014c/caabc9eb2f3823864682da5a1c5381a035c00d5f/fabric-block-getter-api-v2-2.0.6+ec56b6014c.jar:/home/anguscrump/.gradle/caches/modules-2/files-2.1/net.fabricmc.fabric-api/fabric-client-gametest-api-v1/5.0.16+cef2a4834c/3f63763d1230c87b2c43aa84c88916fce323687a/fabric-client-gametest-api-v1-5.0.16+cef2a4834c.jar:/home/anguscrump/.gradle/caches/modules-2/files-2.1/net.fabricmc.fabric-api/fabric-crash-report-info-v1/1.0.3+9f78a5a84c/8af0277ba9afc03c6882490db447d40d55ebcedb/fabric-crash-report-info-v1-1.0.3+9f78a5a84c.jar:/home/anguscrump/.gradle/caches/modules-2/files-2.1/net.fabricmc.fabric-api/fabric-key-mapping-api-v1/2.0.4+e2bdee784c/b098e3e06b71a0fec9d18843ba9327f038b7cd5/fabric-key-mapping-api-v1-2.0.4+e2bdee784c.jar:/home/anguscrump/.gradle/caches/modules-2/files-2.1/net.fabricmc.fabric-api/fabric-resource-conditions-api-v1/6.0.5+00a1fba64c/a8ca3e526e0825ee71a36a317cf5c33f0cda0e96/fabric-resource-conditions-api-v1-6.0.5+00a1fba64c.jar:/home/anguscrump/.gradle/caches/modules-2/files-2.1/net.fabricmc.fabric-api/fabric-serialization-api-v1/2.0.3+11a26f314c/55fc25d96a2a848b93a02f48220dff0181ec3056/fabric-serialization-api-v1-2.0.3+11a26f314c.jar:/home/anguscrump/.gradle/caches/modules-2/files-2.1/net.fabricmc.fabric-api/fabric-sound-api-v1/2.0.4+11a26f314c/b63ce87810bc5aa495cb39be7efd2b07e6772822/fabric-sound-api-v1-2.0.4+11a26f314c.jar:/home/anguscrump/.gradle/caches/modules-2/files-2.1/net.fabricmc.fabric-api/fabric-transitive-access-wideners-v1/8.1.0+acd9108d4c/d03c3735d4057a1d574c6e8d51fec7d21ab63b5c/fabric-transitive-access-wideners-v1-8.1.0+acd9108d4c.jar:/home/anguscrump/Documents/Coding/ribbon-world/build/classes/java/main:/home/anguscrump/Documents/Coding/ribbon-world/build/resources/main
Launcher Type: SUN_STANDARD

[Global flags]
     intx CICompilerCount                          = 4                                         {product} {ergonomic}
     uint ConcGCThreads                            = 2                                         {product} {ergonomic}
     uint G1ConcRefinementThreads                  = 9                                         {product} {ergonomic}
   size_t G1HeapRegionSize                         = 2097152                                   {product} {ergonomic}
   size_t InitialHeapSize                          = 260046848                                 {product} {ergonomic}
   size_t MarkStackSize                            = 4194304                                   {product} {ergonomic}
   size_t MarkStackSizeMax                         = 536870912                                 {product} {ergonomic}
   size_t MaxHeapSize                              = 4034920448                                {product} {ergonomic}
   size_t MaxNewSize                               = 2420113408                                {product} {ergonomic}
   size_t MinHeapDeltaBytes                        = 2097152                                   {product} {ergonomic}
   size_t MinHeapSize                              = 8388608                                   {product} {ergonomic}
    uintx NonNMethodCodeHeapSize                   = 5849088                                {pd product} {ergonomic}
    uintx NonProfiledCodeHeapSize                  = 122912768                              {pd product} {ergonomic}
    uintx ProfiledCodeHeapSize                     = 122912768                              {pd product} {ergonomic}
    uintx ReservedCodeCacheSize                    = 251674624                              {pd product} {ergonomic}
     bool SegmentedCodeCache                       = true                                      {product} {ergonomic}
   size_t SoftMaxHeapSize                          = 4034920448                             {manageable} {ergonomic}
     bool UseCompressedOops                        = true                           {product lp64_product} {ergonomic}
     bool UseG1GC                                  = true                                      {product} {ergonomic}

Logging:
Log output configuration:
 #0: 
[error occurred during error reporting (printing log configuration), id 0xb, SIGSEGV (0xb) at pc=0x0000fffedcc905b8]
Release file:
JAVA_VERSION="25.0.3"
MODULES="java.base java.compiler java.datatransfer java.xml java.prefs java.desktop java.instrument java.logging java.management java.security.sasl java.naming java.rmi java.management.rmi java.net.http java.scripting java.security.jgss java.transaction.xa java.sql java.sql.rowset java.xml.crypto java.se java.smartcardio jdk.accessibility jdk.internal.jvmstat jdk.attach jdk.charsets jdk.internal.opt jdk.zipfs jdk.compiler jdk.crypto.cryptoki jdk.crypto.ec jdk.dynalink jdk.internal.ed jdk.editpad jdk.internal.vm.ci jdk.graal.compiler jdk.graal.compiler.management jdk.hotspot.agent jdk.httpserver jdk.incubator.vector jdk.internal.le jdk.internal.md jdk.jartool jdk.javadoc jdk.jcmd jdk.management jdk.management.agent jdk.jconsole jdk.jdeps jdk.jdwp.agent jdk.jdi jdk.jfr jdk.jlink jdk.jpackage jdk.jshell jdk.jsobject jdk.jstatd jdk.localedata jdk.management.jfr jdk.naming.dns jdk.naming.rmi jdk.net jdk.nio.mapmode jdk.sctp jdk.security.auth jdk.security.jgss jdk.unsupported jdk.unsupported.desktop jdk.xml.dom"
IMPLEMENTOR="JetBrains s.r.o."
IMPLEMENTOR_VERSION="JBRSDK-25.0.3+9-480.61-nomod"
JAVA_RUNTIME_VERSION="25.0.3+9-b480.61"
LIBC="gnu"
OS_ARCH="aarch64"
OS_NAME="Linux"
SOURCE=".:git:52b04970adc8+"

Environment Variables:
PATH=/home/anguscrump/.local/bin:/home/anguscrump/bin:/usr/local/sbin:/usr/local/bin:/usr/sbin:/usr/bin:/sbin:/bin:/var/lib/snapd/snap/bin:/home/anguscrump/.cargo/bin
XDG_CACHE_HOME=/home/anguscrump/.cache
XDG_CONFIG_HOME=/home/anguscrump/.config
SHELL=/bin/bash
DISPLAY=:0
WAYLAND_DISPLAY=wayland-1
LANG=en_AU.UTF-8

Active Locale:
LC_ALL=en_AU.UTF-8
LC_COLLATE=en_AU.UTF-8
LC_CTYPE=en_AU.UTF-8
LC_MESSAGES=en_AU.UTF-8
LC_MONETARY=en_AU.UTF-8
LC_NUMERIC=en_AU.UTF-8
LC_TIME=en_AU.UTF-8

Signal Handlers:
   SIGSEGV: crash_handler in libjvm.so, mask=11100100010111111101111111111110, flags=SA_RESTART|SA_SIGINFO, unblocked
    SIGBUS: crash_handler in libjvm.so, mask=11100100010111111101111111111110, flags=SA_RESTART|SA_SIGINFO, unblocked
    SIGFPE: crash_handler in libjvm.so, mask=11100100010111111101111111111110, flags=SA_RESTART|SA_SIGINFO, unblocked
   SIGPIPE: javaSignalHandler in libjvm.so, mask=11100100010111111101111111111110, flags=SA_RESTART|SA_SIGINFO, blocked
   SIGXFSZ: javaSignalHandler in libjvm.so, mask=11100100010111111101111111111110, flags=SA_RESTART|SA_SIGINFO, blocked
    SIGILL: crash_handler in libjvm.so, mask=11100100010111111101111111111110, flags=SA_RESTART|SA_SIGINFO, unblocked
   SIGUSR2: SR_handler in libjvm.so, mask=00000000000000000000000000000000, flags=SA_RESTART|SA_SIGINFO, blocked
    SIGHUP: UserHandler in libjvm.so, mask=11100100010111111101111111111110, flags=SA_RESTART|SA_SIGINFO, blocked
    SIGINT: UserHandler in libjvm.so, mask=11100100010111111101111111111110, flags=SA_RESTART|SA_SIGINFO, blocked
   SIGTERM: UserHandler in libjvm.so, mask=11100100010111111101111111111110, flags=SA_RESTART|SA_SIGINFO, blocked
   SIGQUIT: UserHandler in libjvm.so, mask=11100100010111111101111111111110, flags=SA_RESTART|SA_SIGINFO, blocked
   SIGTRAP: crash_handler in libjvm.so, mask=11100100010111111101111111111110, flags=SA_RESTART|SA_SIGINFO, unblocked


Compilation memory statistics disabled.

Periodic native trim disabled

JNI global refs:
JNI global refs: 63, weak refs: 45

JNI global refs memory usage: 1491, weak refs: 857

Process memory usage:
Resident Set Size: 3081312K (19% of 15755056K total physical memory with 4568752K free physical memory)

OOME stack traces (most recent first):
Classloader memory used:
Loader net.fabricmc.loader.impl.launch.knot.KnotClassLoader                            : 124 M
Loader bootstrap                                                                       : 12822 K
Loader jdk.internal.loader.ClassLoaders$AppClassLoader                                 : 6946 K
Loader jdk.internal.loader.ClassLoaders$PlatformClassLoader                            : 499 K

---------------  S Y S T E M  ---------------

OS:
Fedora Asahi Remix release 44 (Forty Four)
uname: Linux 7.0.8-fairydust+ #1 SMP PREEMPT_DYNAMIC Sun May 17 15:02:15 AEST 2026 aarch64
OS uptime: 0 days 1:36 hours
libc: glibc 2.43 NPTL 2.43 
rlimit (soft/hard): STACK 8192k/infinity , CORE infinity/infinity , NPROC 31098/31098 , NOFILE 524288/524288 , AS infinity/infinity , CPU infinity/infinity , DATA infinity/infinity , FSIZE infinity/infinity , MEMLOCK 8192k/8192k
load average: 4.71 3.92 2.94

/proc/meminfo:
MemTotal:       15755056 kB
MemFree:         1718880 kB
MemAvailable:    4568752 kB
Buffers:             624 kB
Cached:          4913504 kB
SwapCached:      1458608 kB
Active:          7626784 kB
Inactive:        4045552 kB
Active(anon):    7516368 kB
Inactive(anon):   378816 kB
Active(file):     110416 kB
Inactive(file):  3666736 kB
Unevictable:      828656 kB
Mlocked:             704 kB
SwapTotal:      33554336 kB
SwapFree:       29874576 kB
Zswap:            614096 kB
Zswapped:        1914400 kB
Dirty:              7392 kB
Writeback:             0 kB
AnonPages:       7466800 kB
Mapped:          1040560 kB
Shmem:           1138080 kB
KReclaimable:     128928 kB
Slab:             435392 kB
SReclaimable:     128928 kB
SUnreclaim:       306464 kB
KernelStack:       50080 kB
PageTables:        69040 kB
SecPageTables:       832 kB
NFS_Unstable:          0 kB
Bounce:                0 kB
WritebackTmp:          0 kB
CommitLimit:    41431856 kB
Committed_AS:   28829024 kB
VmallocTotal:   136898928640 kB
VmallocUsed:       98416 kB
VmallocChunk:          0 kB
Percpu:             6720 kB
HardwareCorrupted:     0 kB
AnonHugePages:    753664 kB
ShmemHugePages:        0 kB
ShmemPmdMapped:        0 kB
FileHugePages:         0 kB
FilePmdMapped:         0 kB
CmaTotal:          65536 kB
CmaFree:           61408 kB
Balloon:               0 kB
HugePages_Total:       0
HugePages_Free:        0
HugePages_Rsvd:        0
HugePages_Surp:        0
Hugepagesize:      32768 kB
Hugetlb:               0 kB

/sys/kernel/mm/transparent_hugepage/enabled: always [madvise] never
/sys/kernel/mm/transparent_hugepage/hpage_pmd_size: 33554432
/sys/kernel/mm/transparent_hugepage/shmem_enabled: always within_size advise [never] deny force
/sys/kernel/mm/transparent_hugepage/defrag (defrag/compaction efforts parameter): always defer defer+madvise [madvise] never

Process Memory:
Virtual Size: 10912864K (peak: 11789392K)
Resident Set Size: 3083056K (peak: 3251552K) (anon: 3010480K, file: 69200K, shmem: 3376K)
Swapped out: 0K
C-Heap outstanding allocations: 126818K, retained: 351805K
glibc malloc tunables: (default)

/proc/sys/kernel/threads-max (system-wide limit on the number of threads): 62196
/proc/sys/vm/max_map_count (maximum number of memory map areas a process may have): 1048576
/proc/sys/vm/swappiness (control to define how aggressively the kernel swaps out anonymous memory): 60
/proc/sys/kernel/pid_max (system-wide limit on number of process identifiers): 4194304

container information not found.
Steal ticks since vm start: 0
Steal ticks percentage since vm start:  0.000

CPU: total 10 (initial active 10) 0x61:0x2:0x025:0(0x024), fp, asimd, evtstrm, aes, pmull, sha1, sha256, crc32, lse, fphp, asimdhp, dcpop, sha3, sha512, paca
/proc/cpuinfo:
processor	: 0
BogoMIPS	: 48.00
Features	: fp asimd evtstrm aes pmull sha1 sha2 crc32 atomics fphp asimdhp cpuid asimdrdm jscvt fcma lrcpc dcpop sha3 asimddp sha512 asimdfhm dit uscat ilrcpc flagm ssbs sb paca pacg dcpodp flagm2 frint
CPU implementer	: 0x61
CPU architecture: 8
CPU variant	: 0x2
CPU part	: 0x024
CPU revision	: 0

processor	: 1
BogoMIPS	: 48.00
Features	: fp asimd evtstrm aes pmull sha1 sha2 crc32 atomics fphp asimdhp cpuid asimdrdm jscvt fcma lrcpc dcpop sha3 asimddp sha512 asimdfhm dit uscat ilrcpc flagm ssbs sb paca pacg dcpodp flagm2 frint
CPU implementer	: 0x61
CPU architecture: 8
CPU variant	: 0x2
CPU part	: 0x024
CPU revision	: 0

processor	: 2
BogoMIPS	: 48.00
Features	: fp asimd evtstrm aes pmull sha1 sha2 crc32 atomics fphp asimdhp cpuid asimdrdm jscvt fcma lrcpc dcpop sha3 asimddp sha512 asimdfhm dit uscat ilrcpc flagm ssbs sb paca pacg dcpodp flagm2 frint
CPU implementer	: 0x61
CPU architecture: 8
CPU variant	: 0x2
CPU part	: 0x025
CPU revision	: 0

processor	: 3
BogoMIPS	: 48.00
Features	: fp asimd evtstrm aes pmull sha1 sha2 crc32 atomics fphp asimdhp cpuid asimdrdm jscvt fcma lrcpc dcpop sha3 asimddp sha512 asimdfhm dit uscat ilrcpc flagm ssbs sb paca pacg dcpodp flagm2 frint
CPU implementer	: 0x61
CPU architecture: 8
CPU variant	: 0x2
CPU part	: 0x025
CPU revision	: 0

processor	: 4
BogoMIPS	: 48.00
Features	: fp asimd evtstrm aes pmull sha1 sha2 crc32 atomics fphp asimdhp cpuid asimdrdm jscvt fcma lrcpc dcpop sha3 asimddp sha512 asimdfhm dit uscat ilrcpc flagm ssbs sb paca pacg dcpodp flagm2 frint
CPU implementer	: 0x61
CPU architecture: 8
CPU variant	: 0x2
CPU part	: 0x025
CPU revision	: 0

processor	: 5
BogoMIPS	: 48.00
Features	: fp asimd evtstrm aes pmull sha1 sha2 crc32 atomics fphp asimdhp cpuid asimdrdm jscvt fcma lrcpc dcpop sha3 asimddp sha512 asimdfhm dit uscat ilrcpc flagm ssbs sb paca pacg dcpodp flagm2 frint
CPU implementer	: 0x61
CPU architecture: 8
CPU variant	: 0x2
CPU part	: 0x025
CPU revision	: 0

processor	: 6
BogoMIPS	: 48.00
Features	: fp asimd evtstrm aes pmull sha1 sha2 crc32 atomics fphp asimdhp cpuid asimdrdm jscvt fcma lrcpc dcpop sha3 asimddp sha512 asimdfhm dit uscat ilrcpc flagm ssbs sb paca pacg dcpodp flagm2 frint
CPU implementer	: 0x61
CPU architecture: 8
CPU variant	: 0x2
CPU part	: 0x025
CPU revision	: 0

processor	: 7
BogoMIPS	: 48.00
Features	: fp asimd evtstrm aes pmull sha1 sha2 crc32 atomics fphp asimdhp cpuid asimdrdm jscvt fcma lrcpc dcpop sha3 asimddp sha512 asimdfhm dit uscat ilrcpc flagm ssbs sb paca pacg dcpodp flagm2 frint
CPU implementer	: 0x61
CPU architecture: 8
CPU variant	: 0x2
CPU part	: 0x025
CPU revision	: 0

processor	: 8
BogoMIPS	: 48.00
Features	: fp asimd evtstrm aes pmull sha1 sha2 crc32 atomics fphp asimdhp cpuid asimdrdm jscvt fcma lrcpc dcpop sha3 asimddp sha512 asimdfhm dit uscat ilrcpc flagm ssbs sb paca pacg dcpodp flagm2 frint
CPU implementer	: 0x61
CPU architecture: 8
CPU variant	: 0x2
CPU part	: 0x025
CPU revision	: 0

processor	: 9
BogoMIPS	: 48.00
Features	: fp asimd evtstrm aes pmull sha1 sha2 crc32 atomics fphp asimdhp cpuid asimdrdm jscvt fcma lrcpc dcpop sha3 asimddp sha512 asimdfhm dit uscat ilrcpc flagm ssbs sb paca pacg dcpodp flagm2 frint
CPU implementer	: 0x61
CPU architecture: 8
CPU variant	: 0x2
CPU part	: 0x025
CPU revision	: 0


Online cpus: 0-9
Offline cpus: 

Memory: 16k page, physical 15755056k(4568752k free), swap 33554336k(29874576k free)
Page Sizes: 16k

vm_info: OpenJDK 64-Bit Server VM (25.0.3+9-b480.61) for linux-aarch64 JRE (25.0.3+9-b480.61), built on 2026-05-12 with gcc 10.3.1 20210422 (Red Hat 10.3.1-1.2.0.1)

END.
