#
# A fatal error has been detected by the Java Runtime Environment:
#
#  SIGSEGV (0xb) at pc=0x0000fffe643bc670, pid=366922, tid=366938
#
# JRE version: OpenJDK Runtime Environment JBR-25.0.3+9-480.61-nomod (25.0.3+9) (build 25.0.3+9-b480.61)
# Java VM: OpenJDK 64-Bit Server VM JBR-25.0.3+9-480.61-nomod (25.0.3+9-b480.61, mixed mode, sharing, tiered, compressed oops, compressed class ptrs, g1 gc, linux-aarch64)
# Problematic frame:
# C  [libopenal.so+0x9c670]
#
# Core dump will be written. Default location: Determined by the following: "/usr/lib/systemd/systemd-coredump %P %u %g %s %t %c %h %d %F" (alternatively, falling back to /home/anguscrump/Documents/Coding/ribbon-world/run/core.366922)
#
# If you would like to submit a bug report, please visit:
#   https://youtrack.jetbrains.com/issues/JBR
#

---------------  S U M M A R Y ------------

Command Line: -Dfabric.dli.config=/home/anguscrump/Documents/Coding/ribbon-world/.gradle/loom-cache/launch.cfg -Dfabric.dli.env=client -Dfabric.dli.main=net.fabricmc.loader.impl.launch.knot.KnotClient --sun-misc-unsafe-memory-access=allow --enable-native-access=ALL-UNNAMED --sun-misc-unsafe-memory-access=allow --enable-native-access=ALL-UNNAMED -Dfile.encoding=UTF-8 -Duser.country=AU -Duser.language=en -Duser.variant -Dawt.toolkit.name=XToolkit net.fabricmc.devlaunchinjector.Main

Host: AArch64, 10 cores, 15G, Fedora Asahi Remix release 44 (Forty Four)
Time: Tue May 19 23:31:04 2026 AEST elapsed time: 33.197167 seconds (0d 0h 0m 33s)

---------------  T H R E A D  ---------------

Current thread (0x0000ffff2020da80):  VMThread "VM Thread"          [id=366938, stack(0x0000ffff24264000,0x0000ffff24464000) (2048K)]

Stack: [0x0000ffff24264000,0x0000ffff24464000],  sp=0x0000ffff244621b0,  free space=2040k
Native frames: (J=compiled Java code, j=interpreted, Vv=VM code, C=native code)
C  [libopenal.so+0x9c670]
C  [libc.so.6+0x3eb2c]  __run_exit_handlers+0x1ac
C  [libc.so.6+0x3ec20]  internal_addseverity+0x0
V  [libjvm.so+0xc7c05c]
V  [libjvm.so+0x88dad0]  vm_exit(int)+0x0
V  [libjvm.so+0xf8e1c4]  VM_Operation::evaluate()+0xf4
V  [libjvm.so+0xf91550]  VMThread::evaluate_operation(VM_Operation*)+0xb0
V  [libjvm.so+0xf92138]  VMThread::inner_execute(VM_Operation*)+0x2d8
V  [libjvm.so+0xf92450]  VMThread::run()+0xac
V  [libjvm.so+0xef92b8]  Thread::call_run()+0xa8
V  [libjvm.so+0xc71af4]  thread_native_entry(Thread*)+0xe0
C  [libc.so.6+0x8f81c]  start_thread+0x3bc

siginfo: si_signo: 11 (SIGSEGV), si_code: 1 (SEGV_MAPERR), si_addr: 0x0000000000000000

Registers:
R0=0x0000fffe644d4c38
R1=0x0000000000000000
R2=0x0000000000000000
R3=0x0000000000000000
R4=0x0000fffe40000030
R5=0x0000000042600dfc
R6=0x0000000000000400
R7=0x0000fffee8000980
R8=0x0000fffe400020f0
R9=0xff021627e5df8ac9
R10=0x0000000000000054
R11=0x0000ffff293066e8
R12=0x0000000000000030
R13=0x0000ffff24463880
R14=0x0000000000000000
R15=0x0000fffee805c2b0
R16=0x0000000000000001
R17=0x0000ffff291e1b40
R18=0x0000fffdf85605b0
R19=0x0000fffe400020f0
R20=0x0000fffe400021a0
R21=0x0000fffe644d4be8
R22=0x0000fffe400020d0
R23=0x0000fffe644d4b58
R24=0x0000fffe644d4c68
R25=0x0000ffff22a4b120
R26=0x0000000000000b2b
R27=0x0000fffe643bc5a4
R28=0x0000fffe644d4be8
R29=0x0000ffff244621b0
R30=0x0000fffe643bc660


Register to memory mapping:

R0 =0x0000fffe644d4c38: <offset 0x00000000001b4c38> in /tmp/lwjgl_anguscrump/3.4.1-snapshot/arm64/libopenal.so at 0x0000fffe64320000
R1 =0x0 is null
R2 =0x0 is null
R3 =0x0 is null
R4 =0x0000fffe40000030 points into unknown readable memory: 0x0000000200000000 | 00 00 00 00 02 00 00 00
R5 =0x0000000042600dfc is an unknown value
R6 =0x0000000000000400 is an unknown value
R7 =0x0000fffee8000980 points into unknown readable memory: 0x0000000200000002 | 02 00 00 00 02 00 00 00
R8 =0x0000fffe400020f0 points into unknown readable memory: 0x0000000000000000 | 00 00 00 00 00 00 00 00
R9 =0xff021627e5df8ac9 is an unknown value
R10=0x0000000000000054 is an unknown value
R11=0x0000ffff293066e8: <offset 0x00000000001c66e8> in /lib64/libc.so.6 at 0x0000ffff29140000
R12=0x0000000000000030 is an unknown value
R13=0x0000ffff24463880 points into unknown readable memory: 0x0000fffef0002e10 | 10 2e 00 f0 fe ff 00 00
R14=0x0 is null
R15=0x0000fffee805c2b0 points into unknown readable memory: 0x0000000000000040 | 40 00 00 00 00 00 00 00
R16=0x0000000000000001 is an unknown value
R17=0x0000ffff291e1b40: __libc_free+0x0000000000000000 in /lib64/libc.so.6 at 0x0000ffff29140000
R18=0x0000fffdf85605b0 points into unknown readable memory: 0x0000000000084000 | 00 40 08 00 00 00 00 00
R19=0x0000fffe400020f0 points into unknown readable memory: 0x0000000000000000 | 00 00 00 00 00 00 00 00
R20=0x0000fffe400021a0 points into unknown readable memory: 0x0000fffe400000d8 | d8 00 00 40 fe ff 00 00
R21=0x0000fffe644d4be8: <offset 0x00000000001b4be8> in /tmp/lwjgl_anguscrump/3.4.1-snapshot/arm64/libopenal.so at 0x0000fffe64320000
R22=0x0000fffe400020d0 points into unknown readable memory: 0x0000fffe40001ee0 | e0 1e 00 40 fe ff 00 00
R23=0x0000fffe644d4b58: <offset 0x00000000001b4b58> in /tmp/lwjgl_anguscrump/3.4.1-snapshot/arm64/libopenal.so at 0x0000fffe64320000
R24=0x0000fffe644d4c68: <offset 0x00000000001b4c68> in /tmp/lwjgl_anguscrump/3.4.1-snapshot/arm64/libopenal.so at 0x0000fffe64320000
R25=0x0000ffff22a4b120 points into unknown readable memory: 0x0000ffff22a0b340 | 40 b3 a0 22 ff ff 00 00
R26=0x0000000000000b2b is an unknown value
R27=0x0000fffe643bc5a4: <offset 0x000000000009c5a4> in /tmp/lwjgl_anguscrump/3.4.1-snapshot/arm64/libopenal.so at 0x0000fffe64320000
R28=0x0000fffe644d4be8: <offset 0x00000000001b4be8> in /tmp/lwjgl_anguscrump/3.4.1-snapshot/arm64/libopenal.so at 0x0000fffe64320000
R29=0x0000ffff244621b0 points into unknown readable memory: 0x0000ffff244621f0 | f0 21 46 24 ff ff 00 00
R30=0x0000fffe643bc660: <offset 0x000000000009c660> in /tmp/lwjgl_anguscrump/3.4.1-snapshot/arm64/libopenal.so at 0x0000fffe64320000

Top of Stack: (sp=0x0000ffff244621b0)
0x0000ffff244621b0:   0000ffff244621f0 0000ffff2917eb2c   .!F$....,..)....
0x0000ffff244621c0:   0000ffff29301000 0000ffff29302210   ..0)....."0)....
0x0000ffff244621d0:   0000ffff293c7c78 0000000000000000   x|<)............
0x0000ffff244621e0:   0000ffff29300658 0000ffff29302000   X.0)..... 0)....
0x0000ffff244621f0:   0000ffff24462260 0046ffff2917ec20   `"F$.... ..)..F.
0x0000ffff24462200:   0000000000000000 0000ffff27a4b938   ........8..'....
0x0000ffff24462210:   0000ffff27a4b938 0000fffef00023c0   8..'.....#......
0x0000ffff24462220:   0000fffef00023d8 0000fffef00027b0   .#.......'......
0x0000ffff24462230:   00000000000003d8 0000ffff2908fc18   ...........)....
0x0000ffff24462240:   00000000000003d8 0000ffff2908fc18   ...........)....
0x0000ffff24462250:   0000ffff2020e050 0000ffff00000001   P.  ............
0x0000ffff24462260:   0000ffff24462270 0039ffff287cc05c   p"F$....\.|(..9.
0x0000ffff24462270:   0000ffff24462280 0000ffff283ddad0   ."F$......=(....
0x0000ffff24462280:   0000ffff244622a0 0000ffff28ade1c4   ."F$.......(....
0x0000ffff24462290:   0000ffff2020e050 0000ffff28111e60   P.  ....`..(....
0x0000ffff244622a0:   0000ffff244623b0 0000ffff28ae1550   .#F$....P..(....
0x0000ffff244622b0:   0000ffff2020e050 0000ffff28fbd000   P.  .......(....
0x0000ffff244622c0:   0000ffff27a4b938 0000ffff24463880   8..'.....8F$....
0x0000ffff244622d0:   0000fffef00023c0 0000ffff2020da80   .#........  ....
0x0000ffff244622e0:   0000fffef00023d8 0000fffef00027b0   .#.......'......
0x0000ffff244622f0:   00000000000003d8 0000ffff28fb7000   .........p.(....
0x0000ffff24462300:   ffffff0f00000000 0000000000000000   ................
0x0000ffff24462310:   0000000000000017 0000000000000000   ................
0x0000ffff24462320:   3fc9ba5e353f7cee 0000000000000000   .|?5^..?........
0x0000ffff24462330:   0000ffff24462350 0000ffff2886f3f8   P#F$.......(....
0x0000ffff24462340:   0000ffff24462380 0000000000000000   .#F$............
0x0000ffff24462350:   0000ffff24462360 005fffff29208b04   `#F$...... ).._.
0x0000ffff24462360:   0000ffff24462370 0077ffff287ccd64   p#F$....d.|(..w.
0x0000ffff24462370:   0000ffff24462390 0000ffff28a594c0   .#F$.......(....
0x0000ffff24462380:   00000000000069ce 00000000146735b3   .i.......5g.....
0x0000ffff24462390:   0000ffff244623b0 0000ffff28ae152c   .#F$....,..(....
0x0000ffff244623a0:   0000ffff2020e050 bcbcfd147501f400   P.  .......u....

Instructions: (pc=0x0000fffe643bc670)
  0x0000fffe643bc570:   80 08 00 90 00 e0 44 f9 e2 27 40 f9 01 00 40 f9
  0x0000fffe643bc580:   42 00 01 eb 01 00 80 d2 61 00 00 54 fd 7b c5 a8
  0x0000fffe643bc590:   c0 03 5f d6 df d8 fd 97 fa d8 fd 97 0d db fd 97
  0x0000fffe643bc5a0:   f4 ff ff 17 fd 7b bc a9 fd 03 00 91 f5 5b 02 a9
  0x0000fffe643bc5b0:   f5 03 00 aa 00 00 40 f9 f3 53 01 a9 f7 63 03 a9
  0x0000fffe643bc5c0:   80 00 00 b4 c1 08 00 90 21 bc 45 f9 20 00 3f d6
  0x0000fffe643bc5d0:   a0 62 43 39 80 09 00 35 b3 42 40 f9 b8 02 02 91
  0x0000fffe643bc5e0:   16 07 40 f9 7f 02 16 eb 20 03 00 54 d7 08 00 90
  0x0000fffe643bc5f0:   f7 62 2d 91 1f 20 03 d5 74 02 40 f9 14 02 00 b4
  0x0000fffe643bc600:   e0 03 14 aa 82 0e 40 f9 01 0c 41 f8 03 10 40 f9
  0x0000fffe643bc610:   41 00 00 f9 22 04 00 f9 43 00 00 b4 60 00 3f d6
  0x0000fffe643bc620:   80 06 40 f9 60 00 00 b4 e1 16 40 f9 20 00 3f d6
  0x0000fffe643bc630:   e0 03 14 aa 01 08 80 d2 ca d9 fd 97 73 22 00 91
  0x0000fffe643bc640:   df 02 13 eb a1 fd ff 54 b6 42 40 f9 b6 00 00 b4
  0x0000fffe643bc650:   01 0b 40 f9 e0 03 16 aa 21 00 16 cb c1 d9 fd 97
  0x0000fffe643bc660:   e0 03 15 aa a2 2e 40 f9 01 0c 45 f8 03 10 40 f9
=>0x0000fffe643bc670:   41 00 00 f9 22 04 00 f9 43 00 00 b4 60 00 3f d6
  0x0000fffe643bc680:   e0 03 15 aa a2 16 40 f9 01 0c 42 f8 03 10 40 f9
  0x0000fffe643bc690:   41 00 00 f9 22 04 00 f9 43 00 00 b4 60 00 3f d6
  0x0000fffe643bc6a0:   a0 0e 40 f9 80 00 00 b4 c1 08 00 90 21 c0 45 f9
  0x0000fffe643bc6b0:   20 00 3f d6 a0 0a 40 f9 80 00 00 b4 c1 08 00 90
  0x0000fffe643bc6c0:   21 c4 45 f9 20 00 3f d6 a0 06 40 f9 80 00 00 b4
  0x0000fffe643bc6d0:   c1 08 00 90 21 c8 45 f9 20 00 3f d6 a0 02 40 f9
  0x0000fffe643bc6e0:   80 00 00 b4 c1 08 00 90 21 cc 45 f9 20 00 3f d6
  0x0000fffe643bc6f0:   f3 53 41 a9 f5 5b 42 a9 f7 63 43 a9 fd 7b c4 a8
  0x0000fffe643bc700:   c0 03 5f d6 e0 03 15 aa bf 62 03 39 a2 5a 40 f9
  0x0000fffe643bc710:   01 8c 4a f8 03 10 40 f9 41 00 00 f9 22 04 00 f9
  0x0000fffe643bc720:   43 00 00 b4 60 00 3f d6 a0 52 40 f9 60 f5 ff b4
  0x0000fffe643bc730:   c1 08 00 90 21 c0 45 f9 20 00 3f d6 a7 ff ff 17
  0x0000fffe643bc740:   fd 7b bd a9 fd 03 00 91 f3 53 01 a9 53 00 01 cb
  0x0000fffe643bc750:   f4 03 00 aa f5 13 00 f9 f5 03 01 aa 7f 3e 00 f1
  0x0000fffe643bc760:   08 03 00 54 00 00 40 f9 7f 06 00 f1 41 01 00 54


Stack slot to memory mapping:

stack at sp + 0 slots: 0x0000ffff244621f0 points into unknown readable memory: 0x0000ffff24462260 | 60 22 46 24 ff ff 00 00
stack at sp + 1 slots: 0x0000ffff2917eb2c: <offset 0x000000000003eb2c> in /lib64/libc.so.6 at 0x0000ffff29140000
stack at sp + 2 slots: 0x0000ffff29301000: <offset 0x00000000001c1000> in /lib64/libc.so.6 at 0x0000ffff29140000
stack at sp + 3 slots: 0x0000ffff29302210: <offset 0x00000000001c2210> in /lib64/libc.so.6 at 0x0000ffff29140000
stack at sp + 4 slots: 0x0000ffff293c7c78: __pointer_chk_guard+0x0000000000000000 in /lib/ld-linux-aarch64.so.1 at 0x0000ffff29388000
stack at sp + 5 slots: 0x0 is null
stack at sp + 6 slots: 0x0000ffff29300658: <offset 0x00000000001c0658> in /lib64/libc.so.6 at 0x0000ffff29140000
stack at sp + 7 slots: 0x0000ffff29302000: <offset 0x00000000001c2000> in /lib64/libc.so.6 at 0x0000ffff29140000

VM_Operation (0x0000ffff27a4b938): Exit, mode: safepoint, requested by thread 0x0000ffff200316d0


---------------  P R O C E S S  ---------------

Threads class SMR info:
_java_thread_list=0x0000fffdd8000d30, length=23, elements={
0x0000ffff200316d0, 0x0000ffff20215690, 0x0000ffff20218ed0, 0x0000ffff2021a7b0,
0x0000ffff2021c230, 0x0000ffff2021db90, 0x0000ffff2021f440, 0x0000ffff20221200,
0x0000ffff20222c20, 0x0000ffff2025cb50, 0x0000ffff21811aa0, 0x0000ffff217c2810,
0x0000ffff2240e3a0, 0x0000ffff2264d8d0, 0x0000ffff22664400, 0x0000ffff22665200,
0x0000fffe1c061cd0, 0x0000ffff21d7cfc0, 0x0000ffff2003bf90, 0x0000fffdbc008a60,
0x0000fffdf8632ea0, 0x0000fffeb81d4620, 0x0000ffff23153e40
}

Java Threads: ( => current thread )
  0x0000ffff200316d0 JavaThread "Render thread"                     [_thread_blocked, id=366928, stack(0x0000ffff27850000,0x0000ffff27a4e000) (2040K)]
  0x0000ffff20215690 JavaThread "Common-Cleaner"             daemon [_thread_blocked, id=366939, stack(0x0000ffff24464000,0x0000ffff24674000) (2112K)]
  0x0000ffff20218ed0 JavaThread "Reference Handler"          daemon [_thread_blocked, id=366940, stack(0x0000ffff091dc000,0x0000ffff093dc000) (2048K)]
  0x0000ffff2021a7b0 JavaThread "Finalizer"                  daemon [_thread_blocked, id=366941, stack(0x0000ffff08fdc000,0x0000ffff091dc000) (2048K)]
  0x0000ffff2021c230 JavaThread "Signal Dispatcher"          daemon [_thread_blocked, id=366942, stack(0x0000ffff08ddc000,0x0000ffff08fdc000) (2048K)]
  0x0000ffff2021db90 JavaThread "Service Thread"             daemon [_thread_blocked, id=366943, stack(0x0000ffff08bdc000,0x0000ffff08ddc000) (2048K)]
  0x0000ffff2021f440 JavaThread "Monitor Deflation Thread"   daemon [_thread_blocked, id=366944, stack(0x0000ffff089dc000,0x0000ffff08bdc000) (2048K)]
  0x0000ffff20221200 JavaThread "C2 CompilerThread0"         daemon [_thread_blocked, id=366945, stack(0x0000ffff087dc000,0x0000ffff089dc000) (2048K)]
  0x0000ffff20222c20 JavaThread "C1 CompilerThread0"         daemon [_thread_blocked, id=366946, stack(0x0000ffff085dc000,0x0000ffff087dc000) (2048K)]
  0x0000ffff2025cb50 JavaThread "Notification Thread"        daemon [_thread_blocked, id=366947, stack(0x0000ffff083dc000,0x0000ffff085dc000) (2048K)]
  0x0000ffff21811aa0 JavaThread "process reaper"             daemon [_thread_blocked, id=366990, stack(0x0000fffefc17c000,0x0000fffefc1b0000) (208K)]
  0x0000ffff217c2810 JavaThread "JNA Cleaner"                daemon [_thread_blocked, id=366991, stack(0x0000fffefc9b0000,0x0000fffefcbb0000) (2048K)]
  0x0000ffff2240e3a0 JavaThread "Timer hack thread"          daemon [_thread_blocked, id=367021, stack(0x0000fffefc3b0000,0x0000fffefc5b0000) (2048K)]
  0x0000ffff2264d8d0 JavaThread "Yggdrasil Key Fetcher"      daemon [_thread_blocked, id=367022, stack(0x0000fffefc1b0000,0x0000fffefc3b0000) (2048K)]
  0x0000ffff22664400 JavaThread "Download-1"                 daemon [_thread_blocked, id=367024, stack(0x0000fffefcbb0000,0x0000fffefcdb0000) (2048K)]
  0x0000ffff22665200 JavaThread "Download-2"                 daemon [_thread_blocked, id=367025, stack(0x0000fffefc5b0000,0x0000fffefc7b0000) (2048K)]
  0x0000fffe1c061cd0 JavaThread "ForkJoinPool.commonPool-worker-1" daemon [_thread_blocked, id=367066, stack(0x0000fffe0ff00000,0x0000fffe10100000) (2048K)]
  0x0000ffff21d7cfc0 JavaThread "Netty Local IO #0"          daemon [_thread_blocked, id=367226, stack(0x0000fffdf2408000,0x0000fffdf2608000) (2048K)]
  0x0000ffff2003bf90 JavaThread "Netty Local IO #1"          daemon [_thread_blocked, id=367227, stack(0x0000fffdf2208000,0x0000fffdf2408000) (2048K)]
  0x0000fffdbc008a60 JavaThread "Netty Local IO #2"          daemon [_thread_blocked, id=367228, stack(0x0000fffdf2008000,0x0000fffdf2208000) (2048K)]
  0x0000fffdf8632ea0 JavaThread "Client shutdown watchdog"   daemon [_thread_blocked, id=367387, stack(0x0000fffed1e00000,0x0000fffed2000000) (2048K)]
  0x0000fffeb81d4620 JavaThread "C2 CompilerThread1"         daemon [_thread_blocked, id=367390, stack(0x0000fffdf2a08000,0x0000fffdf2c08000) (2048K)]
  0x0000ffff23153e40 JavaThread "Sound engine"               daemon [_thread_blocked, id=367397, stack(0x0000fffefde00000,0x0000fffefe000000) (2048K)]
Total: 23

Other Threads:
=>0x0000ffff2020da80 VMThread "VM Thread"                           [id=366938, stack(0x0000ffff24264000,0x0000ffff24464000) (2048K)]
  0x0000ffff20186740 WorkerThread "GC Thread#0"                     [id=366929, stack(0x0000ffff25a68000,0x0000ffff25c68000) (2048K)]
  0x0000fffee8007c00 WorkerThread "GC Thread#1"                     [id=366957, stack(0x0000fffefda00000,0x0000fffefdc00000) (2048K)]
  0x0000fffee80086c0 WorkerThread "GC Thread#2"                     [id=366958, stack(0x0000fffefd7f0000,0x0000fffefd9f0000) (2048K)]
  0x0000fffee8009280 WorkerThread "GC Thread#3"                     [id=366959, stack(0x0000fffefd5e0000,0x0000fffefd7e0000) (2048K)]
  0x0000fffee8009ff0 WorkerThread "GC Thread#4"                     [id=366960, stack(0x0000fffefd3d0000,0x0000fffefd5d0000) (2048K)]
  0x0000fffee800ad60 WorkerThread "GC Thread#5"                     [id=366961, stack(0x0000fffefd1c0000,0x0000fffefd3c0000) (2048K)]
  0x0000fffee8015910 WorkerThread "GC Thread#6"                     [id=366974, stack(0x0000fffed1c00000,0x0000fffed1e00000) (2048K)]
  0x0000fffee800e4b0 WorkerThread "GC Thread#7"                     [id=366979, stack(0x0000fffed19f0000,0x0000fffed1bf0000) (2048K)]
  0x0000fffee8017d20 WorkerThread "GC Thread#8"                     [id=366980, stack(0x0000fffed17e0000,0x0000fffed19e0000) (2048K)]
  0x0000ffff2019e8c0 ConcurrentGCThread "G1 Main Marker"            terminated
  0x0000ffff2019fab0 WorkerThread "G1 Conc#0"                       [id=366931, stack(0x0000ffff25648000,0x0000ffff25848000) (2048K)]
  0x0000ffff04000c80 WorkerThread "G1 Conc#1"                       [id=366981, stack(0x0000fffed15d0000,0x0000fffed17d0000) (2048K)]
  0x0000ffff201ed410 ConcurrentGCThread "G1 Refine#0"               terminated
  0x0000ffff201ee620 ConcurrentGCThread "G1 Service"                terminated
Total: 15

Threads with active compile tasks:
C1 CompilerThread0  33203 31572       3       org.apache.logging.log4j.core.util.internal.InternalLoggerRegistry::lambda$getLoggers$2 (23 bytes)
Total: 1

VM state: at safepoint (shutting down)

VM Mutex/Monitor currently owned by a thread:  ([mutex/lock_event])
[0x0000ffff29059558] Threads_lock - owner thread: 0x0000ffff2020da80
[0x0000ffff290596f0] Heap_lock - owner thread: 0x0000ffff200316d0

Heap address: 0x000000070f800000, size: 3848 MB, Compressed Oops mode: Zero based, Oop shift amount: 3

CDS archive(s) mapped at: [0x0000000100000000-0x0000000101d00000-0x0000000101d00000), size 30408704, SharedBaseAddress: 0x0000000100000000, ArchiveRelocationMode: 1.
Compressed class space mapped at: 0x0000000102000000-0x0000000142000000, reserved size: 1073741824
UseCompressedClassPointers 1, UseCompactObjectHeaders 0
Narrow klass pointer bits 32, Max shift 3
Narrow klass base: 0x0000000100000000, Narrow klass shift: 0
Encoding Range: [0x0000000100000000 - 0x0000000200000000), (4294967296 bytes)
Klass Range:    [0x0000000100010000 - 0x0000000142000000), (1107230720 bytes)
Klass ID Range:  [65536 - 1107296249) (1107230713)
Protection zone: [0x0000000100000000 - 0x0000000100010000), (65536 bytes)

GC Precious Log:
 CardTable entry size: 512
 Card Set container configuration: InlinePtr #cards 4 size 8 Array Of Cards #cards 16 size 48 Howl #buckets 8 coarsen threshold 3686 Howl Bitmap #cards 512 size 80 coarsen threshold 460 Card regions per heap region 1 cards per card region 4096
 CPUs: 10 total, 10 available
 Memory: 15385M
 Large Page Support: Disabled
 NUMA Support: Disabled
 Compressed Oops: Enabled (Zero based)
 Heap Region Size: 2M
 Heap Min Capacity: 8M
 Heap Initial Capacity: 248M
 Heap Max Capacity: 3848M
 Pre-touch: Disabled
 Parallel Workers: 9
 Concurrent Workers: 2
 Concurrent Refinement Workers: 9
 Periodic GC: Disabled

Heap:
 garbage-first heap   total reserved 3940352K, committed 1062912K, used 818594K [0x000000070f800000, 0x0000000800000000)
  region size 2048K, 212 young (434176K), 37 survivors (75776K)

Heap Regions: E=young(eden), S=young(survivor), O=old, HS=humongous(starts), HC=humongous(continues), CS=collection set, F=free, TAMS=top-at-mark-start, PB=parsable bottom
|   0|0x000000070f800000, 0x000000070fa00000, 0x000000070fa00000|100%|HS|  |TAMS 0x000000070f800000| PB 0x000000070f800000| Complete |  0
|   1|0x000000070fa00000, 0x000000070fc00000, 0x000000070fc00000|100%|HS|  |TAMS 0x000000070fa00000| PB 0x000000070fa00000| Complete |  0
|   2|0x000000070fc00000, 0x000000070fe00000, 0x000000070fe00000|100%|HS|  |TAMS 0x000000070fc00000| PB 0x000000070fc00000| Complete |  0
|   3|0x000000070fe00000, 0x0000000710000000, 0x0000000710000000|100%| O|  |TAMS 0x000000070fe00000| PB 0x000000070fe00000| Untracked |  0
|   4|0x0000000710000000, 0x0000000710200000, 0x0000000710200000|100%| O|  |TAMS 0x0000000710000000| PB 0x0000000710000000| Untracked |  0
|   5|0x0000000710200000, 0x0000000710400000, 0x0000000710400000|100%| O|  |TAMS 0x0000000710200000| PB 0x0000000710200000| Untracked |  0
|   6|0x0000000710400000, 0x0000000710600000, 0x0000000710600000|100%| O|  |TAMS 0x0000000710400000| PB 0x0000000710400000| Untracked |  0
|   7|0x0000000710600000, 0x0000000710800000, 0x0000000710800000|100%| O|  |TAMS 0x0000000710600000| PB 0x0000000710600000| Untracked |  0
|   8|0x0000000710800000, 0x0000000710a00000, 0x0000000710a00000|100%| O|  |TAMS 0x0000000710800000| PB 0x0000000710800000| Untracked |  0
|   9|0x0000000710a00000, 0x0000000710c00000, 0x0000000710c00000|100%| O|  |TAMS 0x0000000710a00000| PB 0x0000000710a00000| Untracked |  0
|  10|0x0000000710c00000, 0x0000000710e00000, 0x0000000710e00000|100%| O|  |TAMS 0x0000000710c00000| PB 0x0000000710c00000| Untracked |  0
|  11|0x0000000710e00000, 0x0000000711000000, 0x0000000711000000|100%| O|  |TAMS 0x0000000710e00000| PB 0x0000000710e00000| Untracked |  0
|  12|0x0000000711000000, 0x0000000711200000, 0x0000000711200000|100%| O|  |TAMS 0x0000000711000000| PB 0x0000000711000000| Untracked |  0
|  13|0x0000000711200000, 0x0000000711400000, 0x0000000711400000|100%| O|  |TAMS 0x0000000711200000| PB 0x0000000711200000| Untracked |  0
|  14|0x0000000711400000, 0x0000000711600000, 0x0000000711600000|100%| O|  |TAMS 0x0000000711400000| PB 0x0000000711400000| Untracked |  0
|  15|0x0000000711600000, 0x0000000711800000, 0x0000000711800000|100%| O|  |TAMS 0x0000000711600000| PB 0x0000000711600000| Untracked |  0
|  16|0x0000000711800000, 0x0000000711a00000, 0x0000000711a00000|100%| O|  |TAMS 0x0000000711800000| PB 0x0000000711800000| Untracked |  0
|  17|0x0000000711a00000, 0x0000000711c00000, 0x0000000711c00000|100%| O|  |TAMS 0x0000000711a00000| PB 0x0000000711a00000| Untracked |  0
|  18|0x0000000711c00000, 0x0000000711e00000, 0x0000000711e00000|100%| O|  |TAMS 0x0000000711c00000| PB 0x0000000711c00000| Untracked |  0
|  19|0x0000000711e00000, 0x0000000712000000, 0x0000000712000000|100%| O|  |TAMS 0x0000000711e00000| PB 0x0000000711e00000| Untracked |  0
|  20|0x0000000712000000, 0x0000000712200000, 0x0000000712200000|100%| O|  |TAMS 0x0000000712000000| PB 0x0000000712000000| Untracked |  0
|  21|0x0000000712200000, 0x0000000712400000, 0x0000000712400000|100%| O|  |TAMS 0x0000000712200000| PB 0x0000000712200000| Untracked |  0
|  22|0x0000000712400000, 0x0000000712600000, 0x0000000712600000|100%| O|  |TAMS 0x0000000712400000| PB 0x0000000712400000| Untracked |  0
|  23|0x0000000712600000, 0x0000000712800000, 0x0000000712800000|100%| O|  |TAMS 0x0000000712600000| PB 0x0000000712600000| Untracked |  0
|  24|0x0000000712800000, 0x0000000712a00000, 0x0000000712a00000|100%| O|  |TAMS 0x0000000712800000| PB 0x0000000712800000| Untracked |  0
|  25|0x0000000712a00000, 0x0000000712c00000, 0x0000000712c00000|100%|HS|  |TAMS 0x0000000712a00000| PB 0x0000000712a00000| Complete |  0
|  26|0x0000000712c00000, 0x0000000712e00000, 0x0000000712e00000|100%|HC|  |TAMS 0x0000000712c00000| PB 0x0000000712c00000| Complete |  0
|  27|0x0000000712e00000, 0x0000000713000000, 0x0000000713000000|100%|HC|  |TAMS 0x0000000712e00000| PB 0x0000000712e00000| Complete |  0
|  28|0x0000000713000000, 0x0000000713200000, 0x0000000713200000|100%|HC|  |TAMS 0x0000000713000000| PB 0x0000000713000000| Complete |  0
|  29|0x0000000713200000, 0x0000000713400000, 0x0000000713400000|100%|HC|  |TAMS 0x0000000713200000| PB 0x0000000713200000| Complete |  0
|  30|0x0000000713400000, 0x0000000713600000, 0x0000000713600000|100%|HC|  |TAMS 0x0000000713400000| PB 0x0000000713400000| Complete |  0
|  31|0x0000000713600000, 0x0000000713800000, 0x0000000713800000|100%| O|  |TAMS 0x0000000713600000| PB 0x0000000713600000| Untracked |  0
|  32|0x0000000713800000, 0x0000000713a00000, 0x0000000713a00000|100%| O|  |TAMS 0x0000000713800000| PB 0x0000000713800000| Untracked |  0
|  33|0x0000000713a00000, 0x0000000713c00000, 0x0000000713c00000|100%| O|  |TAMS 0x0000000713a00000| PB 0x0000000713a00000| Untracked |  0
|  34|0x0000000713c00000, 0x0000000713e00000, 0x0000000713e00000|100%| O|  |TAMS 0x0000000713c00000| PB 0x0000000713c00000| Untracked |  0
|  35|0x0000000713e00000, 0x0000000714000000, 0x0000000714000000|100%| O|  |TAMS 0x0000000713e00000| PB 0x0000000713e00000| Untracked |  0
|  36|0x0000000714000000, 0x0000000714200000, 0x0000000714200000|100%| O|  |TAMS 0x0000000714000000| PB 0x0000000714000000| Untracked |  0
|  37|0x0000000714200000, 0x0000000714400000, 0x0000000714400000|100%| O|  |TAMS 0x0000000714200000| PB 0x0000000714200000| Untracked |  0
|  38|0x0000000714400000, 0x0000000714600000, 0x0000000714600000|100%| O|  |TAMS 0x0000000714400000| PB 0x0000000714400000| Untracked |  0
|  39|0x0000000714600000, 0x0000000714800000, 0x0000000714800000|100%| O|  |TAMS 0x0000000714600000| PB 0x0000000714600000| Untracked |  0
|  40|0x0000000714800000, 0x0000000714a00000, 0x0000000714a00000|100%| O|  |TAMS 0x0000000714800000| PB 0x0000000714800000| Untracked |  0
|  41|0x0000000714a00000, 0x0000000714c00000, 0x0000000714c00000|100%| O|  |TAMS 0x0000000714a00000| PB 0x0000000714a00000| Untracked |  0
|  42|0x0000000714c00000, 0x0000000714e00000, 0x0000000714e00000|100%| O|  |TAMS 0x0000000714c00000| PB 0x0000000714c00000| Untracked |  0
|  43|0x0000000714e00000, 0x0000000715000000, 0x0000000715000000|100%| O|  |TAMS 0x0000000714e00000| PB 0x0000000714e00000| Untracked |  0
|  44|0x0000000715000000, 0x0000000715200000, 0x0000000715200000|100%| O|  |TAMS 0x0000000715000000| PB 0x0000000715000000| Untracked |  0
|  45|0x0000000715200000, 0x0000000715400000, 0x0000000715400000|100%| O|  |TAMS 0x0000000715200000| PB 0x0000000715200000| Untracked |  0
|  46|0x0000000715400000, 0x0000000715600000, 0x0000000715600000|100%| O|  |TAMS 0x0000000715400000| PB 0x0000000715400000| Untracked |  0
|  47|0x0000000715600000, 0x0000000715800000, 0x0000000715800000|100%| O|  |TAMS 0x0000000715600000| PB 0x0000000715600000| Untracked |  0
|  48|0x0000000715800000, 0x0000000715a00000, 0x0000000715a00000|100%| O|  |TAMS 0x0000000715800000| PB 0x0000000715800000| Untracked |  0
|  49|0x0000000715a00000, 0x0000000715c00000, 0x0000000715c00000|100%| O|  |TAMS 0x0000000715a00000| PB 0x0000000715a00000| Untracked |  0
|  50|0x0000000715c00000, 0x0000000715e00000, 0x0000000715e00000|100%| O|  |TAMS 0x0000000715c00000| PB 0x0000000715c00000| Untracked |  0
|  51|0x0000000715e00000, 0x0000000716000000, 0x0000000716000000|100%|HS|  |TAMS 0x0000000715e00000| PB 0x0000000715e00000| Complete |  0
|  52|0x0000000716000000, 0x0000000716200000, 0x0000000716200000|100%|HS|  |TAMS 0x0000000716000000| PB 0x0000000716000000| Complete |  0
|  53|0x0000000716200000, 0x0000000716400000, 0x0000000716400000|100%| O|  |TAMS 0x0000000716200000| PB 0x0000000716200000| Untracked |  0
|  54|0x0000000716400000, 0x0000000716600000, 0x0000000716600000|100%| O|  |TAMS 0x0000000716400000| PB 0x0000000716400000| Untracked |  0
|  55|0x0000000716600000, 0x0000000716800000, 0x0000000716800000|100%| O|  |TAMS 0x0000000716600000| PB 0x0000000716600000| Untracked |  0
|  56|0x0000000716800000, 0x0000000716a00000, 0x0000000716a00000|100%| O|  |TAMS 0x0000000716800000| PB 0x0000000716800000| Untracked |  0
|  57|0x0000000716a00000, 0x0000000716c00000, 0x0000000716c00000|100%| O|  |TAMS 0x0000000716a00000| PB 0x0000000716a00000| Untracked |  0
|  58|0x0000000716c00000, 0x0000000716e00000, 0x0000000716e00000|100%| O|  |TAMS 0x0000000716c00000| PB 0x0000000716c00000| Untracked |  0
|  59|0x0000000716e00000, 0x0000000717000000, 0x0000000717000000|100%| O|  |TAMS 0x0000000716e00000| PB 0x0000000716e00000| Untracked |  0
|  60|0x0000000717000000, 0x0000000717200000, 0x0000000717200000|100%| O|  |TAMS 0x0000000717000000| PB 0x0000000717000000| Untracked |  0
|  61|0x0000000717200000, 0x0000000717400000, 0x0000000717400000|100%| O|  |TAMS 0x0000000717200000| PB 0x0000000717200000| Untracked |  0
|  62|0x0000000717400000, 0x0000000717600000, 0x0000000717600000|100%| O|  |TAMS 0x0000000717400000| PB 0x0000000717400000| Untracked |  0
|  63|0x0000000717600000, 0x0000000717800000, 0x0000000717800000|100%| O|  |TAMS 0x0000000717600000| PB 0x0000000717600000| Untracked |  0
|  64|0x0000000717800000, 0x0000000717a00000, 0x0000000717a00000|100%| O|  |TAMS 0x0000000717800000| PB 0x0000000717800000| Untracked |  0
|  65|0x0000000717a00000, 0x0000000717c00000, 0x0000000717c00000|100%| O|  |TAMS 0x0000000717a00000| PB 0x0000000717a00000| Untracked |  0
|  66|0x0000000717c00000, 0x0000000717e00000, 0x0000000717e00000|100%| O|  |TAMS 0x0000000717c00000| PB 0x0000000717c00000| Untracked |  0
|  67|0x0000000717e00000, 0x0000000718000000, 0x0000000718000000|100%| O|  |TAMS 0x0000000717e00000| PB 0x0000000717e00000| Untracked |  0
|  68|0x0000000718000000, 0x0000000718200000, 0x0000000718200000|100%| O|  |TAMS 0x0000000718000000| PB 0x0000000718000000| Untracked |  0
|  69|0x0000000718200000, 0x0000000718400000, 0x0000000718400000|100%| O|  |TAMS 0x0000000718200000| PB 0x0000000718200000| Untracked |  0
|  70|0x0000000718400000, 0x0000000718600000, 0x0000000718600000|100%| O|  |TAMS 0x0000000718400000| PB 0x0000000718400000| Untracked |  0
|  71|0x0000000718600000, 0x0000000718800000, 0x0000000718800000|100%| O|  |TAMS 0x0000000718600000| PB 0x0000000718600000| Untracked |  0
|  72|0x0000000718800000, 0x0000000718a00000, 0x0000000718a00000|100%| O|  |TAMS 0x0000000718800000| PB 0x0000000718800000| Untracked |  0
|  73|0x0000000718a00000, 0x0000000718c00000, 0x0000000718c00000|100%| O|  |TAMS 0x0000000718a00000| PB 0x0000000718a00000| Untracked |  0
|  74|0x0000000718c00000, 0x0000000718e00000, 0x0000000718e00000|100%| O|  |TAMS 0x0000000718c00000| PB 0x0000000718c00000| Untracked |  0
|  75|0x0000000718e00000, 0x0000000719000000, 0x0000000719000000|100%| O|  |TAMS 0x0000000718e00000| PB 0x0000000718e00000| Untracked |  0
|  76|0x0000000719000000, 0x0000000719200000, 0x0000000719200000|100%| O|  |TAMS 0x0000000719000000| PB 0x0000000719000000| Untracked |  0
|  77|0x0000000719200000, 0x0000000719400000, 0x0000000719400000|100%| O|  |TAMS 0x0000000719200000| PB 0x0000000719200000| Untracked |  0
|  78|0x0000000719400000, 0x0000000719600000, 0x0000000719600000|100%| O|  |TAMS 0x0000000719400000| PB 0x0000000719400000| Untracked |  0
|  79|0x0000000719600000, 0x0000000719800000, 0x0000000719800000|100%| O|  |TAMS 0x0000000719600000| PB 0x0000000719600000| Untracked |  0
|  80|0x0000000719800000, 0x0000000719a00000, 0x0000000719a00000|100%| O|  |TAMS 0x0000000719800000| PB 0x0000000719800000| Untracked |  0
|  81|0x0000000719a00000, 0x0000000719c00000, 0x0000000719c00000|100%| O|  |TAMS 0x0000000719a00000| PB 0x0000000719a00000| Untracked |  0
|  82|0x0000000719c00000, 0x0000000719e00000, 0x0000000719e00000|100%| O|  |TAMS 0x0000000719c00000| PB 0x0000000719c00000| Untracked |  0
|  83|0x0000000719e00000, 0x000000071a000000, 0x000000071a000000|100%| O|  |TAMS 0x0000000719e00000| PB 0x0000000719e00000| Untracked |  0
|  84|0x000000071a000000, 0x000000071a200000, 0x000000071a200000|100%| O|  |TAMS 0x000000071a000000| PB 0x000000071a000000| Untracked |  0
|  85|0x000000071a200000, 0x000000071a400000, 0x000000071a400000|100%| O|  |TAMS 0x000000071a200000| PB 0x000000071a200000| Untracked |  0
|  86|0x000000071a400000, 0x000000071a600000, 0x000000071a600000|100%| O|  |TAMS 0x000000071a400000| PB 0x000000071a400000| Untracked |  0
|  87|0x000000071a600000, 0x000000071a800000, 0x000000071a800000|100%| O|  |TAMS 0x000000071a600000| PB 0x000000071a600000| Untracked |  0
|  88|0x000000071a800000, 0x000000071aa00000, 0x000000071aa00000|100%| O|  |TAMS 0x000000071a800000| PB 0x000000071a800000| Untracked |  0
|  89|0x000000071aa00000, 0x000000071ac00000, 0x000000071ac00000|100%| O|  |TAMS 0x000000071aa00000| PB 0x000000071aa00000| Untracked |  0
|  90|0x000000071ac00000, 0x000000071ae00000, 0x000000071ae00000|100%| O|  |TAMS 0x000000071ac00000| PB 0x000000071ac00000| Untracked |  0
|  91|0x000000071ae00000, 0x000000071b000000, 0x000000071b000000|100%| O|  |TAMS 0x000000071ae00000| PB 0x000000071ae00000| Untracked |  0
|  92|0x000000071b000000, 0x000000071b200000, 0x000000071b200000|100%| O|  |TAMS 0x000000071b000000| PB 0x000000071b000000| Untracked |  0
|  93|0x000000071b200000, 0x000000071b400000, 0x000000071b400000|100%| O|  |TAMS 0x000000071b200000| PB 0x000000071b200000| Untracked |  0
|  94|0x000000071b400000, 0x000000071b600000, 0x000000071b600000|100%| S|CS|TAMS 0x000000071b400000| PB 0x000000071b400000| Complete |  0
|  95|0x000000071b600000, 0x000000071b800000, 0x000000071b800000|100%| O|  |TAMS 0x000000071b600000| PB 0x000000071b600000| Untracked |  0
|  96|0x000000071b800000, 0x000000071ba00000, 0x000000071ba00000|100%| O|  |TAMS 0x000000071b800000| PB 0x000000071b800000| Untracked |  0
|  97|0x000000071ba00000, 0x000000071bc00000, 0x000000071bc00000|100%| O|  |TAMS 0x000000071ba00000| PB 0x000000071ba00000| Untracked |  0
|  98|0x000000071bc00000, 0x000000071be00000, 0x000000071be00000|100%| O|  |TAMS 0x000000071bc00000| PB 0x000000071bc00000| Untracked |  0
|  99|0x000000071be00000, 0x000000071c000000, 0x000000071c000000|100%| O|  |TAMS 0x000000071be00000| PB 0x000000071be00000| Untracked |  0
| 100|0x000000071c000000, 0x000000071c200000, 0x000000071c200000|100%| O|  |TAMS 0x000000071c000000| PB 0x000000071c000000| Untracked |  0
| 101|0x000000071c200000, 0x000000071c400000, 0x000000071c400000|100%| O|  |TAMS 0x000000071c200000| PB 0x000000071c200000| Untracked |  0
| 102|0x000000071c400000, 0x000000071c600000, 0x000000071c600000|100%| O|  |TAMS 0x000000071c400000| PB 0x000000071c400000| Untracked |  0
| 103|0x000000071c600000, 0x000000071c800000, 0x000000071c800000|100%| O|  |TAMS 0x000000071c600000| PB 0x000000071c600000| Untracked |  0
| 104|0x000000071c800000, 0x000000071ca00000, 0x000000071ca00000|100%| O|  |TAMS 0x000000071c800000| PB 0x000000071c800000| Untracked |  0
| 105|0x000000071ca00000, 0x000000071cc00000, 0x000000071cc00000|100%| O|  |TAMS 0x000000071ca00000| PB 0x000000071ca00000| Untracked |  0
| 106|0x000000071cc00000, 0x000000071ce00000, 0x000000071ce00000|100%| O|  |TAMS 0x000000071cc00000| PB 0x000000071cc00000| Untracked |  0
| 107|0x000000071ce00000, 0x000000071d000000, 0x000000071d000000|100%| O|  |TAMS 0x000000071ce00000| PB 0x000000071ce00000| Untracked |  0
| 108|0x000000071d000000, 0x000000071d200000, 0x000000071d200000|100%| O|  |TAMS 0x000000071d000000| PB 0x000000071d000000| Untracked |  0
| 109|0x000000071d200000, 0x000000071d400000, 0x000000071d400000|100%| O|  |TAMS 0x000000071d200000| PB 0x000000071d200000| Untracked |  0
| 110|0x000000071d400000, 0x000000071d600000, 0x000000071d600000|100%| O|  |TAMS 0x000000071d400000| PB 0x000000071d400000| Untracked |  0
| 111|0x000000071d600000, 0x000000071d800000, 0x000000071d800000|100%| O|  |TAMS 0x000000071d600000| PB 0x000000071d600000| Untracked |  0
| 112|0x000000071d800000, 0x000000071da00000, 0x000000071da00000|100%| O|  |TAMS 0x000000071d800000| PB 0x000000071d800000| Untracked |  0
| 113|0x000000071da00000, 0x000000071dc00000, 0x000000071dc00000|100%| S|CS|TAMS 0x000000071da00000| PB 0x000000071da00000| Complete |  0
| 114|0x000000071dc00000, 0x000000071de00000, 0x000000071de00000|100%| O|  |TAMS 0x000000071dc00000| PB 0x000000071dc00000| Untracked |  0
| 115|0x000000071de00000, 0x000000071e000000, 0x000000071e000000|100%| O|  |TAMS 0x000000071de00000| PB 0x000000071de00000| Untracked |  0
| 116|0x000000071e000000, 0x000000071e200000, 0x000000071e200000|100%| O|  |TAMS 0x000000071e000000| PB 0x000000071e000000| Untracked |  0
| 117|0x000000071e200000, 0x000000071e400000, 0x000000071e400000|100%| O|  |TAMS 0x000000071e200000| PB 0x000000071e200000| Untracked |  0
| 118|0x000000071e400000, 0x000000071e600000, 0x000000071e600000|100%| O|  |TAMS 0x000000071e400000| PB 0x000000071e400000| Untracked |  0
| 119|0x000000071e600000, 0x000000071e800000, 0x000000071e800000|100%| O|  |TAMS 0x000000071e600000| PB 0x000000071e600000| Untracked |  0
| 120|0x000000071e800000, 0x000000071ea00000, 0x000000071ea00000|100%| O|  |TAMS 0x000000071e800000| PB 0x000000071e800000| Untracked |  0
| 121|0x000000071ea00000, 0x000000071ec00000, 0x000000071ec00000|100%| O|  |TAMS 0x000000071ea00000| PB 0x000000071ea00000| Untracked |  0
| 122|0x000000071ec00000, 0x000000071ee00000, 0x000000071ee00000|100%| O|  |TAMS 0x000000071ec00000| PB 0x000000071ec00000| Untracked |  0
| 123|0x000000071ee00000, 0x000000071f000000, 0x000000071f000000|100%| O|  |TAMS 0x000000071ee00000| PB 0x000000071ee00000| Untracked |  0
| 124|0x000000071f000000, 0x000000071f200000, 0x000000071f200000|100%| O|  |TAMS 0x000000071f000000| PB 0x000000071f000000| Untracked |  0
| 125|0x000000071f200000, 0x000000071f400000, 0x000000071f400000|100%| O|  |TAMS 0x000000071f200000| PB 0x000000071f200000| Untracked |  0
| 126|0x000000071f400000, 0x000000071f600000, 0x000000071f600000|100%| O|Cm|TAMS 0x000000071f400000| PB 0x000000071f400000| Complete |  0
| 127|0x000000071f600000, 0x000000071f800000, 0x000000071f800000|100%| O|  |TAMS 0x000000071f600000| PB 0x000000071f600000| Untracked |  0
| 128|0x000000071f800000, 0x000000071fa00000, 0x000000071fa00000|100%| O|  |TAMS 0x000000071f800000| PB 0x000000071f800000| Untracked |  0
| 129|0x000000071fa00000, 0x000000071fc00000, 0x000000071fc00000|100%| O|  |TAMS 0x000000071fa00000| PB 0x000000071fa00000| Untracked |  0
| 130|0x000000071fc00000, 0x000000071fe00000, 0x000000071fe00000|100%| O|  |TAMS 0x000000071fc00000| PB 0x000000071fc00000| Untracked |  0
| 131|0x000000071fe00000, 0x0000000720000000, 0x0000000720000000|100%| O|  |TAMS 0x000000071fe00000| PB 0x000000071fe00000| Untracked |  0
| 132|0x0000000720000000, 0x0000000720200000, 0x0000000720200000|100%| O|  |TAMS 0x0000000720000000| PB 0x0000000720000000| Untracked |  0
| 133|0x0000000720200000, 0x0000000720400000, 0x0000000720400000|100%| O|  |TAMS 0x0000000720200000| PB 0x0000000720200000| Untracked |  0
| 134|0x0000000720400000, 0x0000000720600000, 0x0000000720600000|100%| O|  |TAMS 0x0000000720400000| PB 0x0000000720400000| Untracked |  0
| 135|0x0000000720600000, 0x0000000720800000, 0x0000000720800000|100%| O|  |TAMS 0x0000000720600000| PB 0x0000000720600000| Untracked |  0
| 136|0x0000000720800000, 0x0000000720a00000, 0x0000000720a00000|100%| O|  |TAMS 0x0000000720800000| PB 0x0000000720800000| Untracked |  0
| 137|0x0000000720a00000, 0x0000000720c00000, 0x0000000720c00000|100%| O|  |TAMS 0x0000000720a00000| PB 0x0000000720a00000| Untracked |  0
| 138|0x0000000720c00000, 0x0000000720e00000, 0x0000000720e00000|100%| O|  |TAMS 0x0000000720c00000| PB 0x0000000720c00000| Untracked |  0
| 139|0x0000000720e00000, 0x0000000721000000, 0x0000000721000000|100%| S|CS|TAMS 0x0000000720e00000| PB 0x0000000720e00000| Complete |  0
| 140|0x0000000721000000, 0x0000000721200000, 0x0000000721200000|100%| O|  |TAMS 0x0000000721000000| PB 0x0000000721000000| Untracked |  0
| 141|0x0000000721200000, 0x0000000721400000, 0x0000000721400000|100%| O|Cm|TAMS 0x0000000721200000| PB 0x0000000721200000| Complete |  0
| 142|0x0000000721400000, 0x0000000721600000, 0x0000000721600000|100%| O|Cm|TAMS 0x0000000721400000| PB 0x0000000721400000| Complete |  0
| 143|0x0000000721600000, 0x0000000721800000, 0x0000000721800000|100%| O|  |TAMS 0x0000000721600000| PB 0x0000000721600000| Untracked |  0
| 144|0x0000000721800000, 0x0000000721a00000, 0x0000000721a00000|100%| O|Cm|TAMS 0x0000000721800000| PB 0x0000000721800000| Complete |  0
| 145|0x0000000721a00000, 0x0000000721c00000, 0x0000000721c00000|100%| O|  |TAMS 0x0000000721a00000| PB 0x0000000721a00000| Untracked |  0
| 146|0x0000000721c00000, 0x0000000721e00000, 0x0000000721e00000|100%| O|  |TAMS 0x0000000721c00000| PB 0x0000000721c00000| Untracked |  0
| 147|0x0000000721e00000, 0x0000000722000000, 0x0000000722000000|100%| O|  |TAMS 0x0000000721e00000| PB 0x0000000721e00000| Untracked |  0
| 148|0x0000000722000000, 0x0000000722200000, 0x0000000722200000|100%| O|Cm|TAMS 0x0000000722000000| PB 0x0000000722000000| Complete |  0
| 149|0x0000000722200000, 0x0000000722400000, 0x0000000722400000|100%| O|Cm|TAMS 0x0000000722200000| PB 0x0000000722200000| Complete |  0
| 150|0x0000000722400000, 0x0000000722600000, 0x0000000722600000|100%| S|CS|TAMS 0x0000000722400000| PB 0x0000000722400000| Complete |  0
| 151|0x0000000722600000, 0x0000000722800000, 0x0000000722800000|100%| O|Cm|TAMS 0x0000000722600000| PB 0x0000000722600000| Complete |  0
| 152|0x0000000722800000, 0x0000000722a00000, 0x0000000722a00000|100%| S|CS|TAMS 0x0000000722800000| PB 0x0000000722800000| Complete |  0
| 153|0x0000000722a00000, 0x0000000722c00000, 0x0000000722c00000|100%| O|  |TAMS 0x0000000722a00000| PB 0x0000000722a00000| Untracked |  0
| 154|0x0000000722c00000, 0x0000000722e00000, 0x0000000722e00000|100%| S|CS|TAMS 0x0000000722c00000| PB 0x0000000722c00000| Complete |  0
| 155|0x0000000722e00000, 0x0000000723000000, 0x0000000723000000|100%| O|  |TAMS 0x0000000722e00000| PB 0x0000000722e00000| Untracked |  0
| 156|0x0000000723000000, 0x0000000723200000, 0x0000000723200000|100%| O|  |TAMS 0x0000000723000000| PB 0x0000000723000000| Untracked |  0
| 157|0x0000000723200000, 0x0000000723400000, 0x0000000723400000|100%| O|  |TAMS 0x0000000723200000| PB 0x0000000723200000| Untracked |  0
| 158|0x0000000723400000, 0x0000000723600000, 0x0000000723600000|100%| O|  |TAMS 0x0000000723400000| PB 0x0000000723400000| Untracked |  0
| 159|0x0000000723600000, 0x0000000723800000, 0x0000000723800000|100%| O|  |TAMS 0x0000000723600000| PB 0x0000000723600000| Untracked |  0
| 160|0x0000000723800000, 0x0000000723a00000, 0x0000000723a00000|100%| O|  |TAMS 0x0000000723800000| PB 0x0000000723800000| Untracked |  0
| 161|0x0000000723a00000, 0x0000000723c00000, 0x0000000723c00000|100%| O|  |TAMS 0x0000000723a00000| PB 0x0000000723a00000| Untracked |  0
| 162|0x0000000723c00000, 0x0000000723e00000, 0x0000000723e00000|100%| O|  |TAMS 0x0000000723c00000| PB 0x0000000723c00000| Untracked |  0
| 163|0x0000000723e00000, 0x0000000724000000, 0x0000000724000000|100%| O|  |TAMS 0x0000000723e00000| PB 0x0000000723e00000| Untracked |  0
| 164|0x0000000724000000, 0x0000000724200000, 0x0000000724200000|100%| O|  |TAMS 0x0000000724000000| PB 0x0000000724000000| Untracked |  0
| 165|0x0000000724200000, 0x0000000724400000, 0x0000000724400000|100%| O|  |TAMS 0x0000000724200000| PB 0x0000000724200000| Untracked |  0
| 166|0x0000000724400000, 0x0000000724600000, 0x0000000724600000|100%| O|  |TAMS 0x0000000724400000| PB 0x0000000724400000| Untracked |  0
| 167|0x0000000724600000, 0x0000000724800000, 0x0000000724800000|100%| O|  |TAMS 0x0000000724600000| PB 0x0000000724600000| Untracked |  0
| 168|0x0000000724800000, 0x0000000724a00000, 0x0000000724a00000|100%| O|Cm|TAMS 0x0000000724800000| PB 0x0000000724800000| Complete |  0
| 169|0x0000000724a00000, 0x0000000724c00000, 0x0000000724c00000|100%| O|Cm|TAMS 0x0000000724a00000| PB 0x0000000724a00000| Complete |  0
| 170|0x0000000724c00000, 0x0000000724e00000, 0x0000000724e00000|100%| S|CS|TAMS 0x0000000724c00000| PB 0x0000000724c00000| Complete |  0
| 171|0x0000000724e00000, 0x0000000725000000, 0x0000000725000000|100%| S|CS|TAMS 0x0000000724e00000| PB 0x0000000724e00000| Complete |  0
| 172|0x0000000725000000, 0x0000000725200000, 0x0000000725200000|100%| S|CS|TAMS 0x0000000725000000| PB 0x0000000725000000| Complete |  0
| 173|0x0000000725200000, 0x0000000725400000, 0x0000000725400000|100%| S|CS|TAMS 0x0000000725200000| PB 0x0000000725200000| Complete |  0
| 174|0x0000000725400000, 0x0000000725600000, 0x0000000725600000|100%| S|CS|TAMS 0x0000000725400000| PB 0x0000000725400000| Complete |  0
| 175|0x0000000725600000, 0x0000000725800000, 0x0000000725800000|100%| S|CS|TAMS 0x0000000725600000| PB 0x0000000725600000| Complete |  0
| 176|0x0000000725800000, 0x0000000725a00000, 0x0000000725a00000|100%| S|CS|TAMS 0x0000000725800000| PB 0x0000000725800000| Complete |  0
| 177|0x0000000725a00000, 0x0000000725c00000, 0x0000000725c00000|100%| S|CS|TAMS 0x0000000725a00000| PB 0x0000000725a00000| Complete |  0
| 178|0x0000000725c00000, 0x0000000725e00000, 0x0000000725e00000|100%| S|CS|TAMS 0x0000000725c00000| PB 0x0000000725c00000| Complete |  0
| 179|0x0000000725e00000, 0x0000000726000000, 0x0000000726000000|100%| S|CS|TAMS 0x0000000725e00000| PB 0x0000000725e00000| Complete |  0
| 180|0x0000000726000000, 0x0000000726200000, 0x0000000726200000|100%| S|CS|TAMS 0x0000000726000000| PB 0x0000000726000000| Complete |  0
| 181|0x0000000726200000, 0x0000000726400000, 0x0000000726400000|100%| S|CS|TAMS 0x0000000726200000| PB 0x0000000726200000| Complete |  0
| 182|0x0000000726400000, 0x0000000726600000, 0x0000000726600000|100%| S|CS|TAMS 0x0000000726400000| PB 0x0000000726400000| Complete |  0
| 183|0x0000000726600000, 0x0000000726800000, 0x0000000726800000|100%| S|CS|TAMS 0x0000000726600000| PB 0x0000000726600000| Complete |  0
| 184|0x0000000726800000, 0x0000000726a00000, 0x0000000726a00000|100%| S|CS|TAMS 0x0000000726800000| PB 0x0000000726800000| Complete |  0
| 185|0x0000000726a00000, 0x0000000726c00000, 0x0000000726c00000|100%| S|CS|TAMS 0x0000000726a00000| PB 0x0000000726a00000| Complete |  0
| 186|0x0000000726c00000, 0x0000000726e00000, 0x0000000726e00000|100%| S|CS|TAMS 0x0000000726c00000| PB 0x0000000726c00000| Complete |  0
| 187|0x0000000726e00000, 0x0000000727000000, 0x0000000727000000|100%| S|CS|TAMS 0x0000000726e00000| PB 0x0000000726e00000| Complete |  0
| 188|0x0000000727000000, 0x0000000727200000, 0x0000000727200000|100%| S|CS|TAMS 0x0000000727000000| PB 0x0000000727000000| Complete |  0
| 189|0x0000000727200000, 0x0000000727400000, 0x0000000727400000|100%| S|CS|TAMS 0x0000000727200000| PB 0x0000000727200000| Complete |  0
| 190|0x0000000727400000, 0x0000000727600000, 0x0000000727600000|100%| S|CS|TAMS 0x0000000727400000| PB 0x0000000727400000| Complete |  0
| 191|0x0000000727600000, 0x0000000727800000, 0x0000000727800000|100%| S|CS|TAMS 0x0000000727600000| PB 0x0000000727600000| Complete |  0
| 192|0x0000000727800000, 0x0000000727a00000, 0x0000000727a00000|100%| O|  |TAMS 0x0000000727800000| PB 0x0000000727800000| Untracked |  0
| 193|0x0000000727a00000, 0x0000000727c00000, 0x0000000727c00000|100%| O|Cm|TAMS 0x0000000727a00000| PB 0x0000000727a00000| Complete |  0
| 194|0x0000000727c00000, 0x0000000727e00000, 0x0000000727e00000|100%| O|  |TAMS 0x0000000727c00000| PB 0x0000000727c00000| Untracked |  0
| 195|0x0000000727e00000, 0x0000000728000000, 0x0000000728000000|100%| O|  |TAMS 0x0000000727e00000| PB 0x0000000727e00000| Untracked |  0
| 196|0x0000000728000000, 0x0000000728200000, 0x0000000728200000|100%| O|  |TAMS 0x0000000728000000| PB 0x0000000728000000| Untracked |  0
| 197|0x0000000728200000, 0x0000000728400000, 0x0000000728400000|100%| O|  |TAMS 0x0000000728200000| PB 0x0000000728200000| Untracked |  0
| 198|0x0000000728400000, 0x0000000728600000, 0x0000000728600000|100%| O|Cm|TAMS 0x0000000728400000| PB 0x0000000728400000| Complete |  0
| 199|0x0000000728600000, 0x0000000728800000, 0x0000000728800000|100%| O|  |TAMS 0x0000000728600000| PB 0x0000000728600000| Untracked |  0
| 200|0x0000000728800000, 0x0000000728800000, 0x0000000728a00000|  0%| F|  |TAMS 0x0000000728800000| PB 0x0000000728800000| Untracked |  0
| 201|0x0000000728a00000, 0x0000000728a00000, 0x0000000728c00000|  0%| F|  |TAMS 0x0000000728a00000| PB 0x0000000728a00000| Untracked |  0
| 202|0x0000000728c00000, 0x0000000728c00000, 0x0000000728e00000|  0%| F|  |TAMS 0x0000000728c00000| PB 0x0000000728c00000| Untracked |  0
| 203|0x0000000728e00000, 0x0000000728e00000, 0x0000000729000000|  0%| F|  |TAMS 0x0000000728e00000| PB 0x0000000728e00000| Untracked |  0
| 204|0x0000000729000000, 0x0000000729000000, 0x0000000729200000|  0%| F|  |TAMS 0x0000000729000000| PB 0x0000000729000000| Untracked |  0
| 205|0x0000000729200000, 0x0000000729200000, 0x0000000729400000|  0%| F|  |TAMS 0x0000000729200000| PB 0x0000000729200000| Untracked |  0
| 206|0x0000000729400000, 0x0000000729400000, 0x0000000729600000|  0%| F|  |TAMS 0x0000000729400000| PB 0x0000000729400000| Untracked |  0
| 207|0x0000000729600000, 0x0000000729600000, 0x0000000729800000|  0%| F|  |TAMS 0x0000000729600000| PB 0x0000000729600000| Untracked |  0
| 208|0x0000000729800000, 0x0000000729800000, 0x0000000729a00000|  0%| F|  |TAMS 0x0000000729800000| PB 0x0000000729800000| Untracked |  0
| 209|0x0000000729a00000, 0x0000000729a00000, 0x0000000729c00000|  0%| F|  |TAMS 0x0000000729a00000| PB 0x0000000729a00000| Untracked |  0
| 210|0x0000000729c00000, 0x0000000729c00000, 0x0000000729e00000|  0%| F|  |TAMS 0x0000000729c00000| PB 0x0000000729c00000| Untracked |  0
| 211|0x0000000729e00000, 0x0000000729e00000, 0x000000072a000000|  0%| F|  |TAMS 0x0000000729e00000| PB 0x0000000729e00000| Untracked |  0
| 212|0x000000072a000000, 0x000000072a000000, 0x000000072a200000|  0%| F|  |TAMS 0x000000072a000000| PB 0x000000072a000000| Untracked |  0
| 213|0x000000072a200000, 0x000000072a200000, 0x000000072a400000|  0%| F|  |TAMS 0x000000072a200000| PB 0x000000072a200000| Untracked |  0
| 214|0x000000072a400000, 0x000000072a400000, 0x000000072a600000|  0%| F|  |TAMS 0x000000072a400000| PB 0x000000072a400000| Untracked |  0
| 215|0x000000072a600000, 0x000000072a600000, 0x000000072a800000|  0%| F|  |TAMS 0x000000072a600000| PB 0x000000072a600000| Untracked |  0
| 216|0x000000072a800000, 0x000000072a800000, 0x000000072aa00000|  0%| F|  |TAMS 0x000000072a800000| PB 0x000000072a800000| Untracked |  0
| 217|0x000000072aa00000, 0x000000072aa00000, 0x000000072ac00000|  0%| F|  |TAMS 0x000000072aa00000| PB 0x000000072aa00000| Untracked |  0
| 218|0x000000072ac00000, 0x000000072ac00000, 0x000000072ae00000|  0%| F|  |TAMS 0x000000072ac00000| PB 0x000000072ac00000| Untracked |  0
| 219|0x000000072ae00000, 0x000000072ae00000, 0x000000072b000000|  0%| F|  |TAMS 0x000000072ae00000| PB 0x000000072ae00000| Untracked |  0
| 220|0x000000072b000000, 0x000000072b000000, 0x000000072b200000|  0%| F|  |TAMS 0x000000072b000000| PB 0x000000072b000000| Untracked |  0
| 221|0x000000072b200000, 0x000000072b200000, 0x000000072b400000|  0%| F|  |TAMS 0x000000072b200000| PB 0x000000072b200000| Untracked |  0
| 222|0x000000072b400000, 0x000000072b400000, 0x000000072b600000|  0%| F|  |TAMS 0x000000072b400000| PB 0x000000072b400000| Untracked |  0
| 223|0x000000072b600000, 0x000000072b600000, 0x000000072b800000|  0%| F|  |TAMS 0x000000072b600000| PB 0x000000072b600000| Untracked |  0
| 224|0x000000072b800000, 0x000000072b800000, 0x000000072ba00000|  0%| F|  |TAMS 0x000000072b800000| PB 0x000000072b800000| Untracked |  0
| 225|0x000000072ba00000, 0x000000072ba00000, 0x000000072bc00000|  0%| F|  |TAMS 0x000000072ba00000| PB 0x000000072ba00000| Untracked |  0
| 226|0x000000072bc00000, 0x000000072bc00000, 0x000000072be00000|  0%| F|  |TAMS 0x000000072bc00000| PB 0x000000072bc00000| Untracked |  0
| 227|0x000000072be00000, 0x000000072be00000, 0x000000072c000000|  0%| F|  |TAMS 0x000000072be00000| PB 0x000000072be00000| Untracked |  0
| 228|0x000000072c000000, 0x000000072c000000, 0x000000072c200000|  0%| F|  |TAMS 0x000000072c000000| PB 0x000000072c000000| Untracked |  0
| 229|0x000000072c200000, 0x000000072c200000, 0x000000072c400000|  0%| F|  |TAMS 0x000000072c200000| PB 0x000000072c200000| Untracked |  0
| 230|0x000000072c400000, 0x000000072c400000, 0x000000072c600000|  0%| F|  |TAMS 0x000000072c400000| PB 0x000000072c400000| Untracked |  0
| 231|0x000000072c600000, 0x000000072c600000, 0x000000072c800000|  0%| F|  |TAMS 0x000000072c600000| PB 0x000000072c600000| Untracked |  0
| 232|0x000000072c800000, 0x000000072c800000, 0x000000072ca00000|  0%| F|  |TAMS 0x000000072c800000| PB 0x000000072c800000| Untracked |  0
| 233|0x000000072ca00000, 0x000000072ca00000, 0x000000072cc00000|  0%| F|  |TAMS 0x000000072ca00000| PB 0x000000072ca00000| Untracked |  0
| 234|0x000000072cc00000, 0x000000072cc00000, 0x000000072ce00000|  0%| F|  |TAMS 0x000000072cc00000| PB 0x000000072cc00000| Untracked |  0
| 235|0x000000072ce00000, 0x000000072ce00000, 0x000000072d000000|  0%| F|  |TAMS 0x000000072ce00000| PB 0x000000072ce00000| Untracked |  0
| 236|0x000000072d000000, 0x000000072d000000, 0x000000072d200000|  0%| F|  |TAMS 0x000000072d000000| PB 0x000000072d000000| Untracked |  0
| 237|0x000000072d200000, 0x000000072d200000, 0x000000072d400000|  0%| F|  |TAMS 0x000000072d200000| PB 0x000000072d200000| Untracked |  0
| 238|0x000000072d400000, 0x000000072d400000, 0x000000072d600000|  0%| F|  |TAMS 0x000000072d400000| PB 0x000000072d400000| Untracked |  0
| 239|0x000000072d600000, 0x000000072d600000, 0x000000072d800000|  0%| F|  |TAMS 0x000000072d600000| PB 0x000000072d600000| Untracked |  0
| 240|0x000000072d800000, 0x000000072d800000, 0x000000072da00000|  0%| F|  |TAMS 0x000000072d800000| PB 0x000000072d800000| Untracked |  0
| 241|0x000000072da00000, 0x000000072da00000, 0x000000072dc00000|  0%| F|  |TAMS 0x000000072da00000| PB 0x000000072da00000| Untracked |  0
| 242|0x000000072dc00000, 0x000000072dc00000, 0x000000072de00000|  0%| F|  |TAMS 0x000000072dc00000| PB 0x000000072dc00000| Untracked |  0
| 243|0x000000072de00000, 0x000000072de00000, 0x000000072e000000|  0%| F|  |TAMS 0x000000072de00000| PB 0x000000072de00000| Untracked |  0
| 244|0x000000072e000000, 0x000000072e000000, 0x000000072e200000|  0%| F|  |TAMS 0x000000072e000000| PB 0x000000072e000000| Untracked |  0
| 245|0x000000072e200000, 0x000000072e200000, 0x000000072e400000|  0%| F|  |TAMS 0x000000072e200000| PB 0x000000072e200000| Untracked |  0
| 246|0x000000072e400000, 0x000000072e400000, 0x000000072e600000|  0%| F|  |TAMS 0x000000072e400000| PB 0x000000072e400000| Untracked |  0
| 247|0x000000072e600000, 0x000000072e600000, 0x000000072e800000|  0%| F|  |TAMS 0x000000072e600000| PB 0x000000072e600000| Untracked |  0
| 248|0x000000072e800000, 0x000000072e800000, 0x000000072ea00000|  0%| F|  |TAMS 0x000000072e800000| PB 0x000000072e800000| Untracked |  0
| 249|0x000000072ea00000, 0x000000072ea00000, 0x000000072ec00000|  0%| F|  |TAMS 0x000000072ea00000| PB 0x000000072ea00000| Untracked |  0
| 250|0x000000072ec00000, 0x000000072ec00000, 0x000000072ee00000|  0%| F|  |TAMS 0x000000072ec00000| PB 0x000000072ec00000| Untracked |  0
| 251|0x000000072ee00000, 0x000000072ee00000, 0x000000072f000000|  0%| F|  |TAMS 0x000000072ee00000| PB 0x000000072ee00000| Untracked |  0
| 252|0x000000072f000000, 0x000000072f000000, 0x000000072f200000|  0%| F|  |TAMS 0x000000072f000000| PB 0x000000072f000000| Untracked |  0
| 253|0x000000072f200000, 0x000000072f200000, 0x000000072f400000|  0%| F|  |TAMS 0x000000072f200000| PB 0x000000072f200000| Untracked |  0
| 254|0x000000072f400000, 0x000000072f400000, 0x000000072f600000|  0%| F|  |TAMS 0x000000072f400000| PB 0x000000072f400000| Untracked |  0
| 255|0x000000072f600000, 0x000000072f600000, 0x000000072f800000|  0%| F|  |TAMS 0x000000072f600000| PB 0x000000072f600000| Untracked |  0
| 256|0x000000072f800000, 0x000000072f800000, 0x000000072fa00000|  0%| F|  |TAMS 0x000000072f800000| PB 0x000000072f800000| Untracked |  0
| 257|0x000000072fa00000, 0x000000072fa00000, 0x000000072fc00000|  0%| F|  |TAMS 0x000000072fa00000| PB 0x000000072fa00000| Untracked |  0
| 258|0x000000072fc00000, 0x000000072fc00000, 0x000000072fe00000|  0%| F|  |TAMS 0x000000072fc00000| PB 0x000000072fc00000| Untracked |  0
| 259|0x000000072fe00000, 0x000000072fe00000, 0x0000000730000000|  0%| F|  |TAMS 0x000000072fe00000| PB 0x000000072fe00000| Untracked |  0
| 260|0x0000000730000000, 0x0000000730000000, 0x0000000730200000|  0%| F|  |TAMS 0x0000000730000000| PB 0x0000000730000000| Untracked |  0
| 261|0x0000000730200000, 0x0000000730200000, 0x0000000730400000|  0%| F|  |TAMS 0x0000000730200000| PB 0x0000000730200000| Untracked |  0
| 262|0x0000000730400000, 0x0000000730400000, 0x0000000730600000|  0%| F|  |TAMS 0x0000000730400000| PB 0x0000000730400000| Untracked |  0
| 263|0x0000000730600000, 0x0000000730600000, 0x0000000730800000|  0%| F|  |TAMS 0x0000000730600000| PB 0x0000000730600000| Untracked |  0
| 264|0x0000000730800000, 0x0000000730800000, 0x0000000730a00000|  0%| F|  |TAMS 0x0000000730800000| PB 0x0000000730800000| Untracked |  0
| 265|0x0000000730a00000, 0x0000000730a00000, 0x0000000730c00000|  0%| F|  |TAMS 0x0000000730a00000| PB 0x0000000730a00000| Untracked |  0
| 266|0x0000000730c00000, 0x0000000730c00000, 0x0000000730e00000|  0%| F|  |TAMS 0x0000000730c00000| PB 0x0000000730c00000| Untracked |  0
| 267|0x0000000730e00000, 0x0000000730e00000, 0x0000000731000000|  0%| F|  |TAMS 0x0000000730e00000| PB 0x0000000730e00000| Untracked |  0
| 268|0x0000000731000000, 0x0000000731000000, 0x0000000731200000|  0%| F|  |TAMS 0x0000000731000000| PB 0x0000000731000000| Untracked |  0
| 269|0x0000000731200000, 0x0000000731200000, 0x0000000731400000|  0%| F|  |TAMS 0x0000000731200000| PB 0x0000000731200000| Untracked |  0
| 270|0x0000000731400000, 0x0000000731400000, 0x0000000731600000|  0%| F|  |TAMS 0x0000000731400000| PB 0x0000000731400000| Untracked |  0
| 271|0x0000000731600000, 0x0000000731600000, 0x0000000731800000|  0%| F|  |TAMS 0x0000000731600000| PB 0x0000000731600000| Untracked |  0
| 272|0x0000000731800000, 0x0000000731800000, 0x0000000731a00000|  0%| F|  |TAMS 0x0000000731800000| PB 0x0000000731800000| Untracked |  0
| 273|0x0000000731a00000, 0x0000000731a00000, 0x0000000731c00000|  0%| F|  |TAMS 0x0000000731a00000| PB 0x0000000731a00000| Untracked |  0
| 274|0x0000000731c00000, 0x0000000731c00000, 0x0000000731e00000|  0%| F|  |TAMS 0x0000000731c00000| PB 0x0000000731c00000| Untracked |  0
| 275|0x0000000731e00000, 0x0000000731e00000, 0x0000000732000000|  0%| F|  |TAMS 0x0000000731e00000| PB 0x0000000731e00000| Untracked |  0
| 276|0x0000000732000000, 0x0000000732000000, 0x0000000732200000|  0%| F|  |TAMS 0x0000000732000000| PB 0x0000000732000000| Untracked |  0
| 277|0x0000000732200000, 0x0000000732200000, 0x0000000732400000|  0%| F|  |TAMS 0x0000000732200000| PB 0x0000000732200000| Untracked |  0
| 278|0x0000000732400000, 0x0000000732400000, 0x0000000732600000|  0%| F|  |TAMS 0x0000000732400000| PB 0x0000000732400000| Untracked |  0
| 279|0x0000000732600000, 0x0000000732600000, 0x0000000732800000|  0%| F|  |TAMS 0x0000000732600000| PB 0x0000000732600000| Untracked |  0
| 280|0x0000000732800000, 0x0000000732800000, 0x0000000732a00000|  0%| F|  |TAMS 0x0000000732800000| PB 0x0000000732800000| Untracked |  0
| 281|0x0000000732a00000, 0x0000000732a00000, 0x0000000732c00000|  0%| F|  |TAMS 0x0000000732a00000| PB 0x0000000732a00000| Untracked |  0
| 282|0x0000000732c00000, 0x0000000732c00000, 0x0000000732e00000|  0%| F|  |TAMS 0x0000000732c00000| PB 0x0000000732c00000| Untracked |  0
| 283|0x0000000732e00000, 0x0000000732e00000, 0x0000000733000000|  0%| F|  |TAMS 0x0000000732e00000| PB 0x0000000732e00000| Untracked |  0
| 284|0x0000000733000000, 0x0000000733000000, 0x0000000733200000|  0%| F|  |TAMS 0x0000000733000000| PB 0x0000000733000000| Untracked |  0
| 285|0x0000000733200000, 0x0000000733200000, 0x0000000733400000|  0%| F|  |TAMS 0x0000000733200000| PB 0x0000000733200000| Untracked |  0
| 286|0x0000000733400000, 0x0000000733400000, 0x0000000733600000|  0%| F|  |TAMS 0x0000000733400000| PB 0x0000000733400000| Untracked |  0
| 287|0x0000000733600000, 0x0000000733600000, 0x0000000733800000|  0%| F|  |TAMS 0x0000000733600000| PB 0x0000000733600000| Untracked |  0
| 288|0x0000000733800000, 0x0000000733800000, 0x0000000733a00000|  0%| F|  |TAMS 0x0000000733800000| PB 0x0000000733800000| Untracked |  0
| 289|0x0000000733a00000, 0x0000000733a00000, 0x0000000733c00000|  0%| F|  |TAMS 0x0000000733a00000| PB 0x0000000733a00000| Untracked |  0
| 290|0x0000000733c00000, 0x0000000733c00000, 0x0000000733e00000|  0%| F|  |TAMS 0x0000000733c00000| PB 0x0000000733c00000| Untracked |  0
| 291|0x0000000733e00000, 0x0000000733e00000, 0x0000000734000000|  0%| F|  |TAMS 0x0000000733e00000| PB 0x0000000733e00000| Untracked |  0
| 292|0x0000000734000000, 0x0000000734000000, 0x0000000734200000|  0%| F|  |TAMS 0x0000000734000000| PB 0x0000000734000000| Untracked |  0
| 293|0x0000000734200000, 0x0000000734200000, 0x0000000734400000|  0%| F|  |TAMS 0x0000000734200000| PB 0x0000000734200000| Untracked |  0
| 294|0x0000000734400000, 0x0000000734400000, 0x0000000734600000|  0%| F|  |TAMS 0x0000000734400000| PB 0x0000000734400000| Untracked |  0
| 295|0x0000000734600000, 0x0000000734600000, 0x0000000734800000|  0%| F|  |TAMS 0x0000000734600000| PB 0x0000000734600000| Untracked |  0
| 296|0x0000000734800000, 0x0000000734800000, 0x0000000734a00000|  0%| F|  |TAMS 0x0000000734800000| PB 0x0000000734800000| Untracked |  0
| 297|0x0000000734a00000, 0x0000000734a00000, 0x0000000734c00000|  0%| F|  |TAMS 0x0000000734a00000| PB 0x0000000734a00000| Untracked |  0
| 298|0x0000000734c00000, 0x0000000734c00000, 0x0000000734e00000|  0%| F|  |TAMS 0x0000000734c00000| PB 0x0000000734c00000| Untracked |  0
| 299|0x0000000734e00000, 0x0000000734e00000, 0x0000000735000000|  0%| F|  |TAMS 0x0000000734e00000| PB 0x0000000734e00000| Untracked |  0
| 300|0x0000000735000000, 0x0000000735000000, 0x0000000735200000|  0%| F|  |TAMS 0x0000000735000000| PB 0x0000000735000000| Untracked |  0
| 301|0x0000000735200000, 0x0000000735200000, 0x0000000735400000|  0%| F|  |TAMS 0x0000000735200000| PB 0x0000000735200000| Untracked |  0
| 302|0x0000000735400000, 0x0000000735400000, 0x0000000735600000|  0%| F|  |TAMS 0x0000000735400000| PB 0x0000000735400000| Untracked |  0
| 303|0x0000000735600000, 0x0000000735600000, 0x0000000735800000|  0%| F|  |TAMS 0x0000000735600000| PB 0x0000000735600000| Untracked |  0
| 304|0x0000000735800000, 0x0000000735800000, 0x0000000735a00000|  0%| F|  |TAMS 0x0000000735800000| PB 0x0000000735800000| Untracked |  0
| 305|0x0000000735a00000, 0x0000000735a00000, 0x0000000735c00000|  0%| F|  |TAMS 0x0000000735a00000| PB 0x0000000735a00000| Untracked |  0
| 306|0x0000000735c00000, 0x0000000735c00000, 0x0000000735e00000|  0%| F|  |TAMS 0x0000000735c00000| PB 0x0000000735c00000| Untracked |  0
| 307|0x0000000735e00000, 0x0000000735e00000, 0x0000000736000000|  0%| F|  |TAMS 0x0000000735e00000| PB 0x0000000735e00000| Untracked |  0
| 308|0x0000000736000000, 0x0000000736000000, 0x0000000736200000|  0%| F|  |TAMS 0x0000000736000000| PB 0x0000000736000000| Untracked |  0
| 309|0x0000000736200000, 0x0000000736200000, 0x0000000736400000|  0%| F|  |TAMS 0x0000000736200000| PB 0x0000000736200000| Untracked |  0
| 310|0x0000000736400000, 0x0000000736400000, 0x0000000736600000|  0%| F|  |TAMS 0x0000000736400000| PB 0x0000000736400000| Untracked |  0
| 311|0x0000000736600000, 0x0000000736600000, 0x0000000736800000|  0%| F|  |TAMS 0x0000000736600000| PB 0x0000000736600000| Untracked |  0
| 312|0x0000000736800000, 0x0000000736800000, 0x0000000736a00000|  0%| F|  |TAMS 0x0000000736800000| PB 0x0000000736800000| Untracked |  0
| 313|0x0000000736a00000, 0x0000000736a00000, 0x0000000736c00000|  0%| F|  |TAMS 0x0000000736a00000| PB 0x0000000736a00000| Untracked |  0
| 314|0x0000000736c00000, 0x0000000736c00000, 0x0000000736e00000|  0%| F|  |TAMS 0x0000000736c00000| PB 0x0000000736c00000| Untracked |  0
| 315|0x0000000736e00000, 0x0000000736e00000, 0x0000000737000000|  0%| F|  |TAMS 0x0000000736e00000| PB 0x0000000736e00000| Untracked |  0
| 316|0x0000000737000000, 0x0000000737000000, 0x0000000737200000|  0%| F|  |TAMS 0x0000000737000000| PB 0x0000000737000000| Untracked |  0
| 317|0x0000000737200000, 0x0000000737288e60, 0x0000000737400000| 26%| E|  |TAMS 0x0000000737200000| PB 0x0000000737200000| Complete |  0
| 318|0x0000000737400000, 0x0000000737600000, 0x0000000737600000|100%| E|CS|TAMS 0x0000000737400000| PB 0x0000000737400000| Complete |  0
| 319|0x0000000737600000, 0x0000000737800000, 0x0000000737800000|100%| E|CS|TAMS 0x0000000737600000| PB 0x0000000737600000| Complete |  0
| 320|0x0000000737800000, 0x0000000737a00000, 0x0000000737a00000|100%| E|CS|TAMS 0x0000000737800000| PB 0x0000000737800000| Complete |  0
| 321|0x0000000737a00000, 0x0000000737bfffc0, 0x0000000737c00000| 99%| E|  |TAMS 0x0000000737a00000| PB 0x0000000737a00000| Complete |  0
| 322|0x0000000737c00000, 0x0000000737e00000, 0x0000000737e00000|100%| E|CS|TAMS 0x0000000737c00000| PB 0x0000000737c00000| Complete |  0
| 323|0x0000000737e00000, 0x0000000738000000, 0x0000000738000000|100%| E|CS|TAMS 0x0000000737e00000| PB 0x0000000737e00000| Complete |  0
| 324|0x0000000738000000, 0x0000000738200000, 0x0000000738200000|100%| E|CS|TAMS 0x0000000738000000| PB 0x0000000738000000| Complete |  0
| 325|0x0000000738200000, 0x0000000738400000, 0x0000000738400000|100%| E|CS|TAMS 0x0000000738200000| PB 0x0000000738200000| Complete |  0
| 326|0x0000000738400000, 0x0000000738600000, 0x0000000738600000|100%| E|CS|TAMS 0x0000000738400000| PB 0x0000000738400000| Complete |  0
| 327|0x0000000738600000, 0x0000000738800000, 0x0000000738800000|100%| E|CS|TAMS 0x0000000738600000| PB 0x0000000738600000| Complete |  0
| 328|0x0000000738800000, 0x0000000738a00000, 0x0000000738a00000|100%| E|CS|TAMS 0x0000000738800000| PB 0x0000000738800000| Complete |  0
| 329|0x0000000738a00000, 0x0000000738c00000, 0x0000000738c00000|100%| E|CS|TAMS 0x0000000738a00000| PB 0x0000000738a00000| Complete |  0
| 330|0x0000000738c00000, 0x0000000738e00000, 0x0000000738e00000|100%| E|CS|TAMS 0x0000000738c00000| PB 0x0000000738c00000| Complete |  0
| 331|0x0000000738e00000, 0x0000000739000000, 0x0000000739000000|100%| E|CS|TAMS 0x0000000738e00000| PB 0x0000000738e00000| Complete |  0
| 332|0x0000000739000000, 0x0000000739200000, 0x0000000739200000|100%| E|CS|TAMS 0x0000000739000000| PB 0x0000000739000000| Complete |  0
| 333|0x0000000739200000, 0x0000000739400000, 0x0000000739400000|100%| E|CS|TAMS 0x0000000739200000| PB 0x0000000739200000| Complete |  0
| 334|0x0000000739400000, 0x0000000739600000, 0x0000000739600000|100%| E|CS|TAMS 0x0000000739400000| PB 0x0000000739400000| Complete |  0
| 335|0x0000000739600000, 0x0000000739800000, 0x0000000739800000|100%| E|CS|TAMS 0x0000000739600000| PB 0x0000000739600000| Complete |  0
| 336|0x0000000739800000, 0x0000000739a00000, 0x0000000739a00000|100%| E|CS|TAMS 0x0000000739800000| PB 0x0000000739800000| Complete |  0
| 337|0x0000000739a00000, 0x0000000739c00000, 0x0000000739c00000|100%| E|CS|TAMS 0x0000000739a00000| PB 0x0000000739a00000| Complete |  0
| 338|0x0000000739c00000, 0x0000000739e00000, 0x0000000739e00000|100%| E|CS|TAMS 0x0000000739c00000| PB 0x0000000739c00000| Complete |  0
| 339|0x0000000739e00000, 0x000000073a000000, 0x000000073a000000|100%| E|CS|TAMS 0x0000000739e00000| PB 0x0000000739e00000| Complete |  0
| 340|0x000000073a000000, 0x000000073a200000, 0x000000073a200000|100%| E|CS|TAMS 0x000000073a000000| PB 0x000000073a000000| Complete |  0
| 341|0x000000073a200000, 0x000000073a400000, 0x000000073a400000|100%| E|CS|TAMS 0x000000073a200000| PB 0x000000073a200000| Complete |  0
| 342|0x000000073a400000, 0x000000073a600000, 0x000000073a600000|100%| E|CS|TAMS 0x000000073a400000| PB 0x000000073a400000| Complete |  0
| 343|0x000000073a600000, 0x000000073a800000, 0x000000073a800000|100%| E|CS|TAMS 0x000000073a600000| PB 0x000000073a600000| Complete |  0
| 344|0x000000073a800000, 0x000000073aa00000, 0x000000073aa00000|100%| E|CS|TAMS 0x000000073a800000| PB 0x000000073a800000| Complete |  0
| 345|0x000000073aa00000, 0x000000073ac00000, 0x000000073ac00000|100%| E|CS|TAMS 0x000000073aa00000| PB 0x000000073aa00000| Complete |  0
| 346|0x000000073ac00000, 0x000000073ae00000, 0x000000073ae00000|100%| E|CS|TAMS 0x000000073ac00000| PB 0x000000073ac00000| Complete |  0
| 347|0x000000073ae00000, 0x000000073b000000, 0x000000073b000000|100%| E|CS|TAMS 0x000000073ae00000| PB 0x000000073ae00000| Complete |  0
| 348|0x000000073b000000, 0x000000073b200000, 0x000000073b200000|100%| E|CS|TAMS 0x000000073b000000| PB 0x000000073b000000| Complete |  0
| 349|0x000000073b200000, 0x000000073b400000, 0x000000073b400000|100%| E|CS|TAMS 0x000000073b200000| PB 0x000000073b200000| Complete |  0
| 350|0x000000073b400000, 0x000000073b600000, 0x000000073b600000|100%| E|CS|TAMS 0x000000073b400000| PB 0x000000073b400000| Complete |  0
| 351|0x000000073b600000, 0x000000073b800000, 0x000000073b800000|100%| E|CS|TAMS 0x000000073b600000| PB 0x000000073b600000| Complete |  0
| 352|0x000000073b800000, 0x000000073ba00000, 0x000000073ba00000|100%| E|CS|TAMS 0x000000073b800000| PB 0x000000073b800000| Complete |  0
| 353|0x000000073ba00000, 0x000000073bc00000, 0x000000073bc00000|100%| E|CS|TAMS 0x000000073ba00000| PB 0x000000073ba00000| Complete |  0
| 354|0x000000073bc00000, 0x000000073be00000, 0x000000073be00000|100%| E|CS|TAMS 0x000000073bc00000| PB 0x000000073bc00000| Complete |  0
| 355|0x000000073be00000, 0x000000073c000000, 0x000000073c000000|100%| E|CS|TAMS 0x000000073be00000| PB 0x000000073be00000| Complete |  0
| 356|0x000000073c000000, 0x000000073c200000, 0x000000073c200000|100%| E|CS|TAMS 0x000000073c000000| PB 0x000000073c000000| Complete |  0
| 357|0x000000073c200000, 0x000000073c400000, 0x000000073c400000|100%| E|CS|TAMS 0x000000073c200000| PB 0x000000073c200000| Complete |  0
| 358|0x000000073c400000, 0x000000073c600000, 0x000000073c600000|100%| E|CS|TAMS 0x000000073c400000| PB 0x000000073c400000| Complete |  0
| 359|0x000000073c600000, 0x000000073c800000, 0x000000073c800000|100%| E|CS|TAMS 0x000000073c600000| PB 0x000000073c600000| Complete |  0
| 360|0x000000073c800000, 0x000000073ca00000, 0x000000073ca00000|100%| E|CS|TAMS 0x000000073c800000| PB 0x000000073c800000| Complete |  0
| 361|0x000000073ca00000, 0x000000073cc00000, 0x000000073cc00000|100%| E|CS|TAMS 0x000000073ca00000| PB 0x000000073ca00000| Complete |  0
| 362|0x000000073cc00000, 0x000000073ce00000, 0x000000073ce00000|100%| E|CS|TAMS 0x000000073cc00000| PB 0x000000073cc00000| Complete |  0
| 363|0x000000073ce00000, 0x000000073d000000, 0x000000073d000000|100%| E|CS|TAMS 0x000000073ce00000| PB 0x000000073ce00000| Complete |  0
| 364|0x000000073d000000, 0x000000073d200000, 0x000000073d200000|100%| E|CS|TAMS 0x000000073d000000| PB 0x000000073d000000| Complete |  0
| 365|0x000000073d200000, 0x000000073d400000, 0x000000073d400000|100%| E|CS|TAMS 0x000000073d200000| PB 0x000000073d200000| Complete |  0
| 366|0x000000073d400000, 0x000000073d600000, 0x000000073d600000|100%| E|CS|TAMS 0x000000073d400000| PB 0x000000073d400000| Complete |  0
| 367|0x000000073d600000, 0x000000073d800000, 0x000000073d800000|100%| E|CS|TAMS 0x000000073d600000| PB 0x000000073d600000| Complete |  0
| 368|0x000000073d800000, 0x000000073da00000, 0x000000073da00000|100%| E|CS|TAMS 0x000000073d800000| PB 0x000000073d800000| Complete |  0
| 369|0x000000073da00000, 0x000000073dc00000, 0x000000073dc00000|100%| E|CS|TAMS 0x000000073da00000| PB 0x000000073da00000| Complete |  0
| 370|0x000000073dc00000, 0x000000073de00000, 0x000000073de00000|100%| E|CS|TAMS 0x000000073dc00000| PB 0x000000073dc00000| Complete |  0
| 371|0x000000073de00000, 0x000000073e000000, 0x000000073e000000|100%| E|CS|TAMS 0x000000073de00000| PB 0x000000073de00000| Complete |  0
| 372|0x000000073e000000, 0x000000073e200000, 0x000000073e200000|100%| E|CS|TAMS 0x000000073e000000| PB 0x000000073e000000| Complete |  0
| 373|0x000000073e200000, 0x000000073e400000, 0x000000073e400000|100%| E|CS|TAMS 0x000000073e200000| PB 0x000000073e200000| Complete |  0
| 374|0x000000073e400000, 0x000000073e600000, 0x000000073e600000|100%| E|CS|TAMS 0x000000073e400000| PB 0x000000073e400000| Complete |  0
| 375|0x000000073e600000, 0x000000073e800000, 0x000000073e800000|100%| E|CS|TAMS 0x000000073e600000| PB 0x000000073e600000| Complete |  0
| 376|0x000000073e800000, 0x000000073ea00000, 0x000000073ea00000|100%| E|CS|TAMS 0x000000073e800000| PB 0x000000073e800000| Complete |  0
| 377|0x000000073ea00000, 0x000000073ec00000, 0x000000073ec00000|100%| E|CS|TAMS 0x000000073ea00000| PB 0x000000073ea00000| Complete |  0
| 378|0x000000073ec00000, 0x000000073ee00000, 0x000000073ee00000|100%| E|CS|TAMS 0x000000073ec00000| PB 0x000000073ec00000| Complete |  0
| 379|0x000000073ee00000, 0x000000073f000000, 0x000000073f000000|100%| E|CS|TAMS 0x000000073ee00000| PB 0x000000073ee00000| Complete |  0
| 380|0x000000073f000000, 0x000000073f200000, 0x000000073f200000|100%| E|CS|TAMS 0x000000073f000000| PB 0x000000073f000000| Complete |  0
| 381|0x000000073f200000, 0x000000073f400000, 0x000000073f400000|100%| E|CS|TAMS 0x000000073f200000| PB 0x000000073f200000| Complete |  0
| 382|0x000000073f400000, 0x000000073f600000, 0x000000073f600000|100%| E|CS|TAMS 0x000000073f400000| PB 0x000000073f400000| Complete |  0
| 383|0x000000073f600000, 0x000000073f800000, 0x000000073f800000|100%| E|CS|TAMS 0x000000073f600000| PB 0x000000073f600000| Complete |  0
| 384|0x000000073f800000, 0x000000073fa00000, 0x000000073fa00000|100%| E|CS|TAMS 0x000000073f800000| PB 0x000000073f800000| Complete |  0
| 385|0x000000073fa00000, 0x000000073fc00000, 0x000000073fc00000|100%| E|CS|TAMS 0x000000073fa00000| PB 0x000000073fa00000| Complete |  0
| 386|0x000000073fc00000, 0x000000073fe00000, 0x000000073fe00000|100%| E|CS|TAMS 0x000000073fc00000| PB 0x000000073fc00000| Complete |  0
| 387|0x000000073fe00000, 0x0000000740000000, 0x0000000740000000|100%| E|CS|TAMS 0x000000073fe00000| PB 0x000000073fe00000| Complete |  0
| 388|0x0000000740000000, 0x0000000740200000, 0x0000000740200000|100%| E|CS|TAMS 0x0000000740000000| PB 0x0000000740000000| Complete |  0
| 389|0x0000000740200000, 0x0000000740400000, 0x0000000740400000|100%| E|CS|TAMS 0x0000000740200000| PB 0x0000000740200000| Complete |  0
| 390|0x0000000740400000, 0x0000000740600000, 0x0000000740600000|100%| E|CS|TAMS 0x0000000740400000| PB 0x0000000740400000| Complete |  0
| 391|0x0000000740600000, 0x0000000740800000, 0x0000000740800000|100%| E|CS|TAMS 0x0000000740600000| PB 0x0000000740600000| Complete |  0
| 392|0x0000000740800000, 0x0000000740a00000, 0x0000000740a00000|100%| E|CS|TAMS 0x0000000740800000| PB 0x0000000740800000| Complete |  0
| 393|0x0000000740a00000, 0x0000000740c00000, 0x0000000740c00000|100%| E|CS|TAMS 0x0000000740a00000| PB 0x0000000740a00000| Complete |  0
| 394|0x0000000740c00000, 0x0000000740e00000, 0x0000000740e00000|100%| E|CS|TAMS 0x0000000740c00000| PB 0x0000000740c00000| Complete |  0
| 395|0x0000000740e00000, 0x0000000741000000, 0x0000000741000000|100%| E|CS|TAMS 0x0000000740e00000| PB 0x0000000740e00000| Complete |  0
| 396|0x0000000741000000, 0x0000000741200000, 0x0000000741200000|100%| E|CS|TAMS 0x0000000741000000| PB 0x0000000741000000| Complete |  0
| 397|0x0000000741200000, 0x0000000741400000, 0x0000000741400000|100%| E|CS|TAMS 0x0000000741200000| PB 0x0000000741200000| Complete |  0
| 398|0x0000000741400000, 0x0000000741600000, 0x0000000741600000|100%| E|CS|TAMS 0x0000000741400000| PB 0x0000000741400000| Complete |  0
| 399|0x0000000741600000, 0x0000000741800000, 0x0000000741800000|100%| E|CS|TAMS 0x0000000741600000| PB 0x0000000741600000| Complete |  0
| 400|0x0000000741800000, 0x0000000741a00000, 0x0000000741a00000|100%| E|CS|TAMS 0x0000000741800000| PB 0x0000000741800000| Complete |  0
| 401|0x0000000741a00000, 0x0000000741c00000, 0x0000000741c00000|100%| E|CS|TAMS 0x0000000741a00000| PB 0x0000000741a00000| Complete |  0
| 402|0x0000000741c00000, 0x0000000741e00000, 0x0000000741e00000|100%| E|CS|TAMS 0x0000000741c00000| PB 0x0000000741c00000| Complete |  0
| 403|0x0000000741e00000, 0x0000000742000000, 0x0000000742000000|100%| E|CS|TAMS 0x0000000741e00000| PB 0x0000000741e00000| Complete |  0
| 404|0x0000000742000000, 0x0000000742200000, 0x0000000742200000|100%| E|CS|TAMS 0x0000000742000000| PB 0x0000000742000000| Complete |  0
| 405|0x0000000742200000, 0x0000000742400000, 0x0000000742400000|100%| E|CS|TAMS 0x0000000742200000| PB 0x0000000742200000| Complete |  0
| 406|0x0000000742400000, 0x0000000742600000, 0x0000000742600000|100%| E|CS|TAMS 0x0000000742400000| PB 0x0000000742400000| Complete |  0
| 407|0x0000000742600000, 0x0000000742800000, 0x0000000742800000|100%| E|CS|TAMS 0x0000000742600000| PB 0x0000000742600000| Complete |  0
| 408|0x0000000742800000, 0x0000000742a00000, 0x0000000742a00000|100%| E|CS|TAMS 0x0000000742800000| PB 0x0000000742800000| Complete |  0
| 409|0x0000000742a00000, 0x0000000742c00000, 0x0000000742c00000|100%| E|CS|TAMS 0x0000000742a00000| PB 0x0000000742a00000| Complete |  0
| 410|0x0000000742c00000, 0x0000000742e00000, 0x0000000742e00000|100%| E|CS|TAMS 0x0000000742c00000| PB 0x0000000742c00000| Complete |  0
| 411|0x0000000742e00000, 0x0000000743000000, 0x0000000743000000|100%| E|CS|TAMS 0x0000000742e00000| PB 0x0000000742e00000| Complete |  0
| 412|0x0000000743000000, 0x0000000743200000, 0x0000000743200000|100%| E|CS|TAMS 0x0000000743000000| PB 0x0000000743000000| Complete |  0
| 413|0x0000000743200000, 0x0000000743400000, 0x0000000743400000|100%| E|CS|TAMS 0x0000000743200000| PB 0x0000000743200000| Complete |  0
| 414|0x0000000743400000, 0x0000000743600000, 0x0000000743600000|100%| E|CS|TAMS 0x0000000743400000| PB 0x0000000743400000| Complete |  0
| 415|0x0000000743600000, 0x0000000743800000, 0x0000000743800000|100%| E|CS|TAMS 0x0000000743600000| PB 0x0000000743600000| Complete |  0
| 416|0x0000000743800000, 0x0000000743a00000, 0x0000000743a00000|100%| E|CS|TAMS 0x0000000743800000| PB 0x0000000743800000| Complete |  0
| 417|0x0000000743a00000, 0x0000000743c00000, 0x0000000743c00000|100%| E|CS|TAMS 0x0000000743a00000| PB 0x0000000743a00000| Complete |  0
| 418|0x0000000743c00000, 0x0000000743e00000, 0x0000000743e00000|100%| E|CS|TAMS 0x0000000743c00000| PB 0x0000000743c00000| Complete |  0
| 419|0x0000000743e00000, 0x0000000744000000, 0x0000000744000000|100%| E|CS|TAMS 0x0000000743e00000| PB 0x0000000743e00000| Complete |  0
| 420|0x0000000744000000, 0x0000000744200000, 0x0000000744200000|100%| E|CS|TAMS 0x0000000744000000| PB 0x0000000744000000| Complete |  0
| 421|0x0000000744200000, 0x0000000744400000, 0x0000000744400000|100%| E|CS|TAMS 0x0000000744200000| PB 0x0000000744200000| Complete |  0
| 422|0x0000000744400000, 0x0000000744600000, 0x0000000744600000|100%| E|CS|TAMS 0x0000000744400000| PB 0x0000000744400000| Complete |  0
| 423|0x0000000744600000, 0x0000000744800000, 0x0000000744800000|100%| E|CS|TAMS 0x0000000744600000| PB 0x0000000744600000| Complete |  0
| 424|0x0000000744800000, 0x0000000744a00000, 0x0000000744a00000|100%| E|CS|TAMS 0x0000000744800000| PB 0x0000000744800000| Complete |  0
| 425|0x0000000744a00000, 0x0000000744c00000, 0x0000000744c00000|100%| E|CS|TAMS 0x0000000744a00000| PB 0x0000000744a00000| Complete |  0
| 426|0x0000000744c00000, 0x0000000744e00000, 0x0000000744e00000|100%| E|CS|TAMS 0x0000000744c00000| PB 0x0000000744c00000| Complete |  0
| 427|0x0000000744e00000, 0x0000000745000000, 0x0000000745000000|100%| E|CS|TAMS 0x0000000744e00000| PB 0x0000000744e00000| Complete |  0
| 428|0x0000000745000000, 0x0000000745200000, 0x0000000745200000|100%| E|CS|TAMS 0x0000000745000000| PB 0x0000000745000000| Complete |  0
| 429|0x0000000745200000, 0x0000000745400000, 0x0000000745400000|100%| E|CS|TAMS 0x0000000745200000| PB 0x0000000745200000| Complete |  0
| 430|0x0000000745400000, 0x0000000745600000, 0x0000000745600000|100%| E|CS|TAMS 0x0000000745400000| PB 0x0000000745400000| Complete |  0
| 431|0x0000000745600000, 0x0000000745800000, 0x0000000745800000|100%| E|CS|TAMS 0x0000000745600000| PB 0x0000000745600000| Complete |  0
| 432|0x0000000745800000, 0x0000000745a00000, 0x0000000745a00000|100%| E|CS|TAMS 0x0000000745800000| PB 0x0000000745800000| Complete |  0
| 433|0x0000000745a00000, 0x0000000745c00000, 0x0000000745c00000|100%| E|CS|TAMS 0x0000000745a00000| PB 0x0000000745a00000| Complete |  0
| 434|0x0000000745c00000, 0x0000000745e00000, 0x0000000745e00000|100%| E|CS|TAMS 0x0000000745c00000| PB 0x0000000745c00000| Complete |  0
| 435|0x0000000745e00000, 0x0000000746000000, 0x0000000746000000|100%| E|CS|TAMS 0x0000000745e00000| PB 0x0000000745e00000| Complete |  0
| 436|0x0000000746000000, 0x0000000746200000, 0x0000000746200000|100%| E|CS|TAMS 0x0000000746000000| PB 0x0000000746000000| Complete |  0
| 437|0x0000000746200000, 0x0000000746400000, 0x0000000746400000|100%| E|CS|TAMS 0x0000000746200000| PB 0x0000000746200000| Complete |  0
| 438|0x0000000746400000, 0x0000000746600000, 0x0000000746600000|100%| E|CS|TAMS 0x0000000746400000| PB 0x0000000746400000| Complete |  0
| 439|0x0000000746600000, 0x0000000746800000, 0x0000000746800000|100%| E|CS|TAMS 0x0000000746600000| PB 0x0000000746600000| Complete |  0
| 440|0x0000000746800000, 0x0000000746a00000, 0x0000000746a00000|100%| E|CS|TAMS 0x0000000746800000| PB 0x0000000746800000| Complete |  0
| 441|0x0000000746a00000, 0x0000000746c00000, 0x0000000746c00000|100%| E|CS|TAMS 0x0000000746a00000| PB 0x0000000746a00000| Complete |  0
| 442|0x0000000746c00000, 0x0000000746e00000, 0x0000000746e00000|100%| E|CS|TAMS 0x0000000746c00000| PB 0x0000000746c00000| Complete |  0
| 443|0x0000000746e00000, 0x0000000747000000, 0x0000000747000000|100%| E|CS|TAMS 0x0000000746e00000| PB 0x0000000746e00000| Complete |  0
| 444|0x0000000747000000, 0x0000000747200000, 0x0000000747200000|100%| E|CS|TAMS 0x0000000747000000| PB 0x0000000747000000| Complete |  0
| 445|0x0000000747200000, 0x0000000747400000, 0x0000000747400000|100%| E|CS|TAMS 0x0000000747200000| PB 0x0000000747200000| Complete |  0
| 446|0x0000000747400000, 0x0000000747600000, 0x0000000747600000|100%| E|CS|TAMS 0x0000000747400000| PB 0x0000000747400000| Complete |  0
| 447|0x0000000747600000, 0x0000000747800000, 0x0000000747800000|100%| E|CS|TAMS 0x0000000747600000| PB 0x0000000747600000| Complete |  0
| 448|0x0000000747800000, 0x0000000747a00000, 0x0000000747a00000|100%| E|CS|TAMS 0x0000000747800000| PB 0x0000000747800000| Complete |  0
| 449|0x0000000747a00000, 0x0000000747c00000, 0x0000000747c00000|100%| E|CS|TAMS 0x0000000747a00000| PB 0x0000000747a00000| Complete |  0
| 450|0x0000000747c00000, 0x0000000747e00000, 0x0000000747e00000|100%| E|CS|TAMS 0x0000000747c00000| PB 0x0000000747c00000| Complete |  0
| 451|0x0000000747e00000, 0x0000000748000000, 0x0000000748000000|100%| E|CS|TAMS 0x0000000747e00000| PB 0x0000000747e00000| Complete |  0
| 452|0x0000000748000000, 0x0000000748200000, 0x0000000748200000|100%| E|CS|TAMS 0x0000000748000000| PB 0x0000000748000000| Complete |  0
| 453|0x0000000748200000, 0x0000000748400000, 0x0000000748400000|100%| E|CS|TAMS 0x0000000748200000| PB 0x0000000748200000| Complete |  0
| 454|0x0000000748400000, 0x0000000748600000, 0x0000000748600000|100%| E|CS|TAMS 0x0000000748400000| PB 0x0000000748400000| Complete |  0
| 455|0x0000000748600000, 0x0000000748800000, 0x0000000748800000|100%| E|CS|TAMS 0x0000000748600000| PB 0x0000000748600000| Complete |  0
| 456|0x0000000748800000, 0x0000000748a00000, 0x0000000748a00000|100%| E|CS|TAMS 0x0000000748800000| PB 0x0000000748800000| Complete |  0
| 457|0x0000000748a00000, 0x0000000748c00000, 0x0000000748c00000|100%| E|CS|TAMS 0x0000000748a00000| PB 0x0000000748a00000| Complete |  0
| 458|0x0000000748c00000, 0x0000000748e00000, 0x0000000748e00000|100%| E|CS|TAMS 0x0000000748c00000| PB 0x0000000748c00000| Complete |  0
| 459|0x0000000748e00000, 0x0000000749000000, 0x0000000749000000|100%| E|CS|TAMS 0x0000000748e00000| PB 0x0000000748e00000| Complete |  0
| 460|0x0000000749000000, 0x0000000749200000, 0x0000000749200000|100%| E|CS|TAMS 0x0000000749000000| PB 0x0000000749000000| Complete |  0
| 461|0x0000000749200000, 0x0000000749400000, 0x0000000749400000|100%| E|CS|TAMS 0x0000000749200000| PB 0x0000000749200000| Complete |  0
| 462|0x0000000749400000, 0x0000000749600000, 0x0000000749600000|100%| E|CS|TAMS 0x0000000749400000| PB 0x0000000749400000| Complete |  0
| 463|0x0000000749600000, 0x0000000749800000, 0x0000000749800000|100%| E|CS|TAMS 0x0000000749600000| PB 0x0000000749600000| Complete |  0
| 464|0x0000000749800000, 0x0000000749a00000, 0x0000000749a00000|100%| E|CS|TAMS 0x0000000749800000| PB 0x0000000749800000| Complete |  0
| 465|0x0000000749a00000, 0x0000000749c00000, 0x0000000749c00000|100%| E|CS|TAMS 0x0000000749a00000| PB 0x0000000749a00000| Complete |  0
| 466|0x0000000749c00000, 0x0000000749e00000, 0x0000000749e00000|100%| E|CS|TAMS 0x0000000749c00000| PB 0x0000000749c00000| Complete |  0
| 467|0x0000000749e00000, 0x000000074a000000, 0x000000074a000000|100%| E|CS|TAMS 0x0000000749e00000| PB 0x0000000749e00000| Complete |  0
| 468|0x000000074a000000, 0x000000074a200000, 0x000000074a200000|100%| E|CS|TAMS 0x000000074a000000| PB 0x000000074a000000| Complete |  0
| 469|0x000000074a200000, 0x000000074a400000, 0x000000074a400000|100%| E|CS|TAMS 0x000000074a200000| PB 0x000000074a200000| Complete |  0
| 470|0x000000074a400000, 0x000000074a600000, 0x000000074a600000|100%| E|CS|TAMS 0x000000074a400000| PB 0x000000074a400000| Complete |  0
| 471|0x000000074a600000, 0x000000074a800000, 0x000000074a800000|100%| E|CS|TAMS 0x000000074a600000| PB 0x000000074a600000| Complete |  0
| 472|0x000000074a800000, 0x000000074aa00000, 0x000000074aa00000|100%| E|CS|TAMS 0x000000074a800000| PB 0x000000074a800000| Complete |  0
| 473|0x000000074aa00000, 0x000000074ac00000, 0x000000074ac00000|100%| E|CS|TAMS 0x000000074aa00000| PB 0x000000074aa00000| Complete |  0
| 474|0x000000074ac00000, 0x000000074ae00000, 0x000000074ae00000|100%| E|CS|TAMS 0x000000074ac00000| PB 0x000000074ac00000| Complete |  0
| 475|0x000000074ae00000, 0x000000074b000000, 0x000000074b000000|100%| E|CS|TAMS 0x000000074ae00000| PB 0x000000074ae00000| Complete |  0
| 476|0x000000074b000000, 0x000000074b200000, 0x000000074b200000|100%| E|CS|TAMS 0x000000074b000000| PB 0x000000074b000000| Complete |  0
| 477|0x000000074b200000, 0x000000074b400000, 0x000000074b400000|100%| E|CS|TAMS 0x000000074b200000| PB 0x000000074b200000| Complete |  0
| 478|0x000000074b400000, 0x000000074b600000, 0x000000074b600000|100%| E|CS|TAMS 0x000000074b400000| PB 0x000000074b400000| Complete |  0
| 479|0x000000074b600000, 0x000000074b800000, 0x000000074b800000|100%| E|CS|TAMS 0x000000074b600000| PB 0x000000074b600000| Complete |  0
| 480|0x000000074b800000, 0x000000074ba00000, 0x000000074ba00000|100%| E|CS|TAMS 0x000000074b800000| PB 0x000000074b800000| Complete |  0
| 481|0x000000074ba00000, 0x000000074bc00000, 0x000000074bc00000|100%| E|CS|TAMS 0x000000074ba00000| PB 0x000000074ba00000| Complete |  0
| 482|0x000000074bc00000, 0x000000074be00000, 0x000000074be00000|100%| E|CS|TAMS 0x000000074bc00000| PB 0x000000074bc00000| Complete |  0
| 483|0x000000074be00000, 0x000000074c000000, 0x000000074c000000|100%| E|CS|TAMS 0x000000074be00000| PB 0x000000074be00000| Complete |  0
| 484|0x000000074c000000, 0x000000074c200000, 0x000000074c200000|100%| E|CS|TAMS 0x000000074c000000| PB 0x000000074c000000| Complete |  0
| 485|0x000000074c200000, 0x000000074c400000, 0x000000074c400000|100%| E|CS|TAMS 0x000000074c200000| PB 0x000000074c200000| Complete |  0
| 486|0x000000074c400000, 0x000000074c600000, 0x000000074c600000|100%| E|CS|TAMS 0x000000074c400000| PB 0x000000074c400000| Complete |  0
| 487|0x000000074c600000, 0x000000074c800000, 0x000000074c800000|100%| E|CS|TAMS 0x000000074c600000| PB 0x000000074c600000| Complete |  0
| 488|0x000000074c800000, 0x000000074ca00000, 0x000000074ca00000|100%| S|CS|TAMS 0x000000074c800000| PB 0x000000074c800000| Complete |  0
| 489|0x000000074ca00000, 0x000000074cc00000, 0x000000074cc00000|100%| S|CS|TAMS 0x000000074ca00000| PB 0x000000074ca00000| Complete |  0
| 490|0x000000074cc00000, 0x000000074ce00000, 0x000000074ce00000|100%| S|CS|TAMS 0x000000074cc00000| PB 0x000000074cc00000| Complete |  0
| 491|0x000000074ce00000, 0x000000074d000000, 0x000000074d000000|100%| S|CS|TAMS 0x000000074ce00000| PB 0x000000074ce00000| Complete |  0
| 492|0x000000074d000000, 0x000000074d200000, 0x000000074d200000|100%| S|CS|TAMS 0x000000074d000000| PB 0x000000074d000000| Complete |  0
| 493|0x000000074d200000, 0x000000074d400000, 0x000000074d400000|100%| S|CS|TAMS 0x000000074d200000| PB 0x000000074d200000| Complete |  0
| 494|0x000000074d400000, 0x000000074d600000, 0x000000074d600000|100%| S|CS|TAMS 0x000000074d400000| PB 0x000000074d400000| Complete |  0
| 495|0x000000074d600000, 0x000000074d800000, 0x000000074d800000|100%| S|CS|TAMS 0x000000074d600000| PB 0x000000074d600000| Complete |  0
| 496|0x000000074d800000, 0x000000074da00000, 0x000000074da00000|100%| S|CS|TAMS 0x000000074d800000| PB 0x000000074d800000| Complete |  0
|1902|0x00000007fd400000, 0x00000007fd568a20, 0x00000007fd600000| 70%| O|  |TAMS 0x00000007fd400000| PB 0x00000007fd400000| Untracked |  0
|1903|0x00000007fd600000, 0x00000007fd800000, 0x00000007fd800000|100%| O|  |TAMS 0x00000007fd600000| PB 0x00000007fd600000| Untracked |  0
|1904|0x00000007fd800000, 0x00000007fda00000, 0x00000007fda00000|100%| O|  |TAMS 0x00000007fd800000| PB 0x00000007fd800000| Untracked |  0
|1905|0x00000007fda00000, 0x00000007fdc00000, 0x00000007fdc00000|100%| O|  |TAMS 0x00000007fda00000| PB 0x00000007fda00000| Untracked |  0
|1906|0x00000007fdc00000, 0x00000007fde00000, 0x00000007fde00000|100%| O|Cm|TAMS 0x00000007fdc00000| PB 0x00000007fdc00000| Complete |  0
|1907|0x00000007fde00000, 0x00000007fe000000, 0x00000007fe000000|100%| O|  |TAMS 0x00000007fde00000| PB 0x00000007fde00000| Untracked |  0
|1908|0x00000007fe000000, 0x00000007fe200000, 0x00000007fe200000|100%| E|CS|TAMS 0x00000007fe000000| PB 0x00000007fe000000| Complete |  0
|1909|0x00000007fe200000, 0x00000007fe400000, 0x00000007fe400000|100%| O|  |TAMS 0x00000007fe200000| PB 0x00000007fe200000| Untracked |  0
|1910|0x00000007fe400000, 0x00000007fe600000, 0x00000007fe600000|100%| O|  |TAMS 0x00000007fe400000| PB 0x00000007fe400000| Untracked |  0
|1911|0x00000007fe600000, 0x00000007fe800000, 0x00000007fe800000|100%| O|  |TAMS 0x00000007fe600000| PB 0x00000007fe600000| Untracked |  0
|1912|0x00000007fe800000, 0x00000007fea00000, 0x00000007fea00000|100%| O|  |TAMS 0x00000007fe800000| PB 0x00000007fe800000| Untracked |  0
|1913|0x00000007fea00000, 0x00000007fec00000, 0x00000007fec00000|100%| O|  |TAMS 0x00000007fea00000| PB 0x00000007fea00000| Untracked |  0
|1914|0x00000007fec00000, 0x00000007fee00000, 0x00000007fee00000|100%| O|  |TAMS 0x00000007fec00000| PB 0x00000007fec00000| Untracked |  0
|1915|0x00000007fee00000, 0x00000007ff000000, 0x00000007ff000000|100%| O|  |TAMS 0x00000007fee00000| PB 0x00000007fee00000| Untracked |  0
|1916|0x00000007ff000000, 0x00000007ff200000, 0x00000007ff200000|100%| O|  |TAMS 0x00000007ff000000| PB 0x00000007ff000000| Untracked |  0
|1917|0x00000007ff200000, 0x00000007ff400000, 0x00000007ff400000|100%| O|  |TAMS 0x00000007ff200000| PB 0x00000007ff200000| Untracked |  0
|1918|0x00000007ff400000, 0x00000007ff600000, 0x00000007ff600000|100%| O|  |TAMS 0x00000007ff400000| PB 0x00000007ff400000| Untracked |  0
|1919|0x00000007ff600000, 0x00000007ff800000, 0x00000007ff800000|100%| E|CS|TAMS 0x00000007ff600000| PB 0x00000007ff600000| Complete |  0
|1920|0x00000007ff800000, 0x00000007ffa00000, 0x00000007ffa00000|100%| O|  |TAMS 0x00000007ff800000| PB 0x00000007ff800000| Untracked |  0
|1921|0x00000007ffa00000, 0x00000007ffc00000, 0x00000007ffc00000|100%| E|CS|TAMS 0x00000007ffa00000| PB 0x00000007ffa00000| Complete |  0
|1922|0x00000007ffc00000, 0x00000007ffe00000, 0x00000007ffe00000|100%| O|  |TAMS 0x00000007ffc00000| PB 0x00000007ffc00000| Untracked |  0
|1923|0x00000007ffe00000, 0x0000000800000000, 0x0000000800000000|100%| E|CS|TAMS 0x00000007ffe00000| PB 0x00000007ffe00000| Complete |  0

Card table byte_map: [0x0000ffff25ce8000,0x0000ffff2646c000] _byte_map_base: 0x0000ffff2246c000

Marking Bits: (CMBitMap*) 0x0000ffff201874a0
 Bits: [0x0000ffff093dc000, 0x0000ffff0cffc000)

Polling page: 0x0000ffff2936c000

Metaspace:
Metaspace        used 141406K, committed 143104K, reserved 1179648K
 class space     used 24474K, committed 25152K, reserved 1048576K

Usage:
  Non-class:    114.19 MB used.
      Class:     23.90 MB used.
       Both:    138.09 MB used.

Virtual space:
  Non-class space:      128.00 MB reserved,     115.19 MB ( 90%) committed,  2 nodes.
      Class space:        1.00 GB reserved,      24.56 MB (  2%) committed,  1 nodes.
             Both:        1.12 GB reserved,     139.75 MB ( 12%) committed. 

Chunk freelists:
   Non-Class:  12.44 MB
       Class:  7.38 MB
        Both:  19.81 MB

MaxMetaspaceSize: unlimited
CompressedClassSpaceSize: 1.00 GB
Initial GC threshold: 21.00 MB
Current GC threshold: 232.81 MB
CDS: on
 - commit_granule_bytes: 65536.
 - commit_granule_words: 8192.
 - virtual_space_node_default_size: 8388608.
 - enlarge_chunks_in_place: 1.
UseCompressedClassPointers 1, UseCompactObjectHeaders 0
Narrow klass pointer bits 32, Max shift 3
Narrow klass base: 0x0000000100000000, Narrow klass shift: 0
Encoding Range: [0x0000000100000000 - 0x0000000200000000), (4294967296 bytes)
Klass Range:    [0x0000000100010000 - 0x0000000142000000), (1107230720 bytes)
Klass ID Range:  [65536 - 1107296249) (1107230713)
Protection zone: [0x0000000100000000 - 0x0000000100010000), (65536 bytes)


Internal statistics:

num_allocs_failed_limit: 24.
num_arena_births: 2960.
num_arena_deaths: 22.
num_vsnodes_births: 3.
num_vsnodes_deaths: 0.
num_space_committed: 2231.
num_space_uncommitted: 0.
num_chunks_returned_to_freelist: 52.
num_chunks_taken_from_freelist: 9294.
num_chunk_merges: 32.
num_chunk_splits: 6182.
num_chunks_enlarged: 4638.
num_inconsistent_stats: 0.

CodeHeap 'non-profiled nmethods': size=120032Kb used=12954Kb max_used=13352Kb free=107077Kb
 bounds [0x0000ffff14ac8000, 0x0000ffff157d8000, 0x0000ffff1c000000]
CodeHeap 'profiled nmethods': size=120032Kb used=25754Kb max_used=27729Kb free=94277Kb
 bounds [0x0000ffff0cffc000, 0x0000ffff0eb2c000, 0x0000ffff14534000]
CodeHeap 'non-nmethods': size=5712Kb used=3311Kb max_used=3474Kb free=2400Kb
 bounds [0x0000ffff14534000, 0x0000ffff148b4000, 0x0000ffff14ac8000]
CodeCache: size=245776Kb, used=42019Kb, max_used=44555Kb, free=203754Kb
 total_blobs=23765, nmethods=20975, adapters=2646, full_count=0
Compilation: enabled, stopped_count=0, restarted_count=0

Compilation events (20 events):
Event: 33.165 Thread 0x0000ffff20221200 31557       4       org.lwjgl.system.jemalloc.JEmalloc::nje_free (10 bytes)
Event: 33.165 Thread 0x0000fffeb81d4620 nmethod 31548 0x0000ffff154ddd48 code [0x0000ffff154dde40, 0x0000ffff154e0940]
Event: 33.165 Thread 0x0000fffeb81d4620 31558       4       org.lwjgl.system.MemoryUtil::nmemFree (10 bytes)
Event: 33.166 Thread 0x0000ffff20221200 nmethod 31557 0x0000ffff14c9ffc8 code [0x0000ffff14ca00c0, 0x0000ffff14ca01a8]
Event: 33.166 Thread 0x0000ffff20221200 31559       4       com.mojang.jtracy.Plot::setValue (16 bytes)
Event: 33.166 Thread 0x0000ffff20221200 nmethod 31559 0x0000ffff14b8fc88 code [0x0000ffff14b8fd80, 0x0000ffff14b8fe40]
Event: 33.166 Thread 0x0000fffeb81d4620 nmethod 31558 0x0000ffff1521cb08 code [0x0000ffff1521cc00, 0x0000ffff1521cce8]
Event: 33.195 Thread 0x0000ffff20222c20 31569       1       java.util.concurrent.CopyOnWriteArrayList::getArray (5 bytes)
Event: 33.195 Thread 0x0000ffff20222c20 nmethod 31569 0x0000ffff14ba0e48 code [0x0000ffff14ba0f40, 0x0000ffff14ba1028]
Event: 33.195 Thread 0x0000ffff20222c20 31570       3       java.lang.Character::toUpperCase (9 bytes)
Event: 33.195 Thread 0x0000ffff20222c20 nmethod 31570 0x0000ffff0d7575c8 code [0x0000ffff0d7576c0, 0x0000ffff0d7578e8]
Event: 33.195 Thread 0x0000ffff20222c20 31571       3       org.apache.logging.log4j.core.util.internal.InternalLoggerRegistry$$Lambda/0x0000000102119ee8::apply (8 bytes)
Event: 33.196 Thread 0x0000ffff20222c20 nmethod 31571 0x0000ffff0d435e48 code [0x0000ffff0d435f40, 0x0000ffff0d4366e8]
Event: 33.196 Thread 0x0000ffff20222c20 31573       3       org.apache.logging.log4j.core.Logger$PrivateConfig::<init> (67 bytes)
Event: 33.196 Thread 0x0000ffff20222c20 nmethod 31573 0x0000ffff0df56f08 code [0x0000ffff0df57000, 0x0000ffff0df57890]
Event: 33.196 Thread 0x0000ffff20222c20 31574       3       org.apache.logging.log4j.core.config.LoggerConfig::getLevel (35 bytes)
Event: 33.196 Thread 0x0000ffff20222c20 nmethod 31574 0x0000ffff0d1bcbc8 code [0x0000ffff0d1bccc0, 0x0000ffff0d1bd108]
Event: 33.196 Thread 0x0000ffff20222c20 31575       3       org.apache.logging.log4j.core.LoggerContext$$Lambda/0x000000010211a168::accept (12 bytes)
Event: 33.196 Thread 0x0000ffff20222c20 nmethod 31575 0x0000ffff0d7eba08 code [0x0000ffff0d7ebb00, 0x0000ffff0d7ebdc8]
Event: 33.196 Thread 0x0000ffff20222c20 31572       3       org.apache.logging.log4j.core.util.internal.InternalLoggerRegistry::lambda$getLoggers$2 (23 bytes)

GC Heap Usage History (20 events):
Event: 24.374 {heap Before GC invocations=46 (full 0):
 garbage-first heap   total reserved 3940352K, committed 688128K, used 607367K [0x000000070f800000, 0x0000000800000000)
  region size 2048K, 138 young (282624K), 9 survivors (18432K)
}
Event: 24.397 {heap After GC invocations=47 (full 0):
 garbage-first heap   total reserved 3940352K, committed 688128K, used 347237K [0x000000070f800000, 0x0000000800000000)
  region size 2048K, 12 young (24576K), 12 survivors (24576K)
}
Event: 24.846 {heap Before GC invocations=48 (full 0):
 garbage-first heap   total reserved 3940352K, committed 688128K, used 615525K [0x000000070f800000, 0x0000000800000000)
  region size 2048K, 144 young (294912K), 12 survivors (24576K)
}
Event: 24.871 {heap After GC invocations=49 (full 0):
 garbage-first heap   total reserved 3940352K, committed 688128K, used 354377K [0x000000070f800000, 0x0000000800000000)
  region size 2048K, 11 young (22528K), 11 survivors (22528K)
}
Event: 25.491 {heap Before GC invocations=49 (full 0):
 garbage-first heap   total reserved 3940352K, committed 688128K, used 624713K [0x000000070f800000, 0x0000000800000000)
  region size 2048K, 143 young (292864K), 11 survivors (22528K)
}
Event: 25.518 {heap After GC invocations=50 (full 0):
 garbage-first heap   total reserved 3940352K, committed 688128K, used 355690K [0x000000070f800000, 0x0000000800000000)
  region size 2048K, 11 young (22528K), 11 survivors (22528K)
}
Event: 26.172 {heap Before GC invocations=50 (full 0):
 garbage-first heap   total reserved 3940352K, committed 688128K, used 632170K [0x000000070f800000, 0x0000000800000000)
  region size 2048K, 147 young (301056K), 11 survivors (22528K)
}
Event: 26.175 {heap After GC invocations=51 (full 0):
 garbage-first heap   total reserved 3940352K, committed 1032192K, used 359703K [0x000000070f800000, 0x0000000800000000)
  region size 2048K, 13 young (26624K), 13 survivors (26624K)
}
Event: 27.414 {heap Before GC invocations=52 (full 0):
 garbage-first heap   total reserved 3940352K, committed 1032192K, used 912663K [0x000000070f800000, 0x0000000800000000)
  region size 2048K, 284 young (581632K), 13 survivors (26624K)
}
Event: 27.443 {heap After GC invocations=53 (full 0):
 garbage-first heap   total reserved 3940352K, committed 1032192K, used 374270K [0x000000070f800000, 0x0000000800000000)
  region size 2048K, 20 young (40960K), 20 survivors (40960K)
}
Event: 28.976 {heap Before GC invocations=53 (full 0):
 garbage-first heap   total reserved 3940352K, committed 1032192K, used 939518K [0x000000070f800000, 0x0000000800000000)
  region size 2048K, 297 young (608256K), 20 survivors (40960K)
}
Event: 28.999 {heap After GC invocations=54 (full 0):
 garbage-first heap   total reserved 3940352K, committed 1032192K, used 385309K [0x000000070f800000, 0x0000000800000000)
  region size 2048K, 28 young (57344K), 28 survivors (57344K)
}
Event: 30.341 {heap Before GC invocations=54 (full 0):
 garbage-first heap   total reserved 3940352K, committed 1032192K, used 944413K [0x000000070f800000, 0x0000000800000000)
  region size 2048K, 302 young (618496K), 28 survivors (57344K)
}
Event: 30.364 {heap After GC invocations=55 (full 0):
 garbage-first heap   total reserved 3940352K, committed 1032192K, used 396189K [0x000000070f800000, 0x0000000800000000)
  region size 2048K, 26 young (53248K), 26 survivors (53248K)
}
Event: 31.446 {heap Before GC invocations=56 (full 0):
 garbage-first heap   total reserved 3940352K, committed 1032192K, used 959389K [0x000000070f800000, 0x0000000800000000)
  region size 2048K, 302 young (618496K), 26 survivors (53248K)
}
Event: 31.454 {heap After GC invocations=57 (full 0):
 garbage-first heap   total reserved 3940352K, committed 1032192K, used 411910K [0x000000070f800000, 0x0000000800000000)
  region size 2048K, 22 young (45056K), 22 survivors (45056K)
}
Event: 32.689 {heap Before GC invocations=57 (full 0):
 garbage-first heap   total reserved 3940352K, committed 1032192K, used 966918K [0x000000070f800000, 0x0000000800000000)
  region size 2048K, 294 young (602112K), 22 survivors (45056K)
}
Event: 32.709 {heap After GC invocations=58 (full 0):
 garbage-first heap   total reserved 3940352K, committed 1036288K, used 421090K [0x000000070f800000, 0x0000000800000000)
  region size 2048K, 20 young (40960K), 20 survivors (40960K)
}
Event: 32.766 {heap Before GC invocations=58 (full 0):
 garbage-first heap   total reserved 3940352K, committed 1036288K, used 976098K [0x000000070f800000, 0x0000000800000000)
  region size 2048K, 292 young (598016K), 20 survivors (40960K)
}
Event: 32.781 {heap After GC invocations=59 (full 0):
 garbage-first heap   total reserved 3940352K, committed 1062912K, used 464290K [0x000000070f800000, 0x0000000800000000)
  region size 2048K, 37 young (75776K), 37 survivors (75776K)
}

Metaspace Usage History (20 events):
Event: 24.374 {metaspace Before GC invocations=46 (full 0):
 Metaspace       used 139624K, committed 141376K, reserved 1179648K
  class space    used 24347K, committed 25024K, reserved 1048576K
}
Event: 24.397 {metaspace After GC invocations=47 (full 0):
 Metaspace       used 139624K, committed 141376K, reserved 1179648K
  class space    used 24347K, committed 25024K, reserved 1048576K
}
Event: 24.846 {metaspace Before GC invocations=48 (full 0):
 Metaspace       used 139735K, committed 141440K, reserved 1179648K
  class space    used 24348K, committed 25024K, reserved 1048576K
}
Event: 24.871 {metaspace After GC invocations=49 (full 0):
 Metaspace       used 139735K, committed 141440K, reserved 1179648K
  class space    used 24348K, committed 25024K, reserved 1048576K
}
Event: 25.491 {metaspace Before GC invocations=49 (full 0):
 Metaspace       used 139864K, committed 141568K, reserved 1179648K
  class space    used 24351K, committed 25024K, reserved 1048576K
}
Event: 25.518 {metaspace After GC invocations=50 (full 0):
 Metaspace       used 139864K, committed 141568K, reserved 1179648K
  class space    used 24351K, committed 25024K, reserved 1048576K
}
Event: 26.172 {metaspace Before GC invocations=50 (full 0):
 Metaspace       used 140111K, committed 141888K, reserved 1179648K
  class space    used 24358K, committed 25088K, reserved 1048576K
}
Event: 26.175 {metaspace After GC invocations=51 (full 0):
 Metaspace       used 140111K, committed 141888K, reserved 1179648K
  class space    used 24358K, committed 25088K, reserved 1048576K
}
Event: 27.414 {metaspace Before GC invocations=52 (full 0):
 Metaspace       used 140361K, committed 142144K, reserved 1179648K
  class space    used 24359K, committed 25088K, reserved 1048576K
}
Event: 27.443 {metaspace After GC invocations=53 (full 0):
 Metaspace       used 140361K, committed 142144K, reserved 1179648K
  class space    used 24359K, committed 25088K, reserved 1048576K
}
Event: 28.976 {metaspace Before GC invocations=53 (full 0):
 Metaspace       used 140507K, committed 142272K, reserved 1179648K
  class space    used 24359K, committed 25088K, reserved 1048576K
}
Event: 28.999 {metaspace After GC invocations=54 (full 0):
 Metaspace       used 140507K, committed 142272K, reserved 1179648K
  class space    used 24359K, committed 25088K, reserved 1048576K
}
Event: 30.341 {metaspace Before GC invocations=54 (full 0):
 Metaspace       used 140583K, committed 142336K, reserved 1179648K
  class space    used 24359K, committed 25088K, reserved 1048576K
}
Event: 30.364 {metaspace After GC invocations=55 (full 0):
 Metaspace       used 140583K, committed 142336K, reserved 1179648K
  class space    used 24359K, committed 25088K, reserved 1048576K
}
Event: 31.446 {metaspace Before GC invocations=56 (full 0):
 Metaspace       used 140784K, committed 142592K, reserved 1179648K
  class space    used 24371K, committed 25088K, reserved 1048576K
}
Event: 31.454 {metaspace After GC invocations=57 (full 0):
 Metaspace       used 140784K, committed 142592K, reserved 1179648K
  class space    used 24371K, committed 25088K, reserved 1048576K
}
Event: 32.689 {metaspace Before GC invocations=57 (full 0):
 Metaspace       used 141208K, committed 142976K, reserved 1179648K
  class space    used 24449K, committed 25152K, reserved 1048576K
}
Event: 32.709 {metaspace After GC invocations=58 (full 0):
 Metaspace       used 141208K, committed 142976K, reserved 1179648K
  class space    used 24449K, committed 25152K, reserved 1048576K
}
Event: 32.766 {metaspace Before GC invocations=58 (full 0):
 Metaspace       used 141277K, committed 143040K, reserved 1179648K
  class space    used 24451K, committed 25152K, reserved 1048576K
}
Event: 32.781 {metaspace After GC invocations=59 (full 0):
 Metaspace       used 141277K, committed 143040K, reserved 1179648K
  class space    used 24451K, committed 25152K, reserved 1048576K
}

Dll operation events (14 events):
Event: 0.001 Loaded shared library /home/anguscrump/.jdks/jbr-25.0.3/lib/libjava.so
Event: 0.019 Loaded shared library /home/anguscrump/.jdks/jbr-25.0.3/lib/libnio.so
Event: 0.025 Loaded shared library /home/anguscrump/.jdks/jbr-25.0.3/lib/libzip.so
Event: 0.030 Loaded shared library /home/anguscrump/.jdks/jbr-25.0.3/lib/libnet.so
Event: 0.035 Loaded shared library /home/anguscrump/.jdks/jbr-25.0.3/lib/libzip.so
Event: 0.060 Loaded shared library /home/anguscrump/.jdks/jbr-25.0.3/lib/libjimage.so
Event: 0.238 Loaded shared library /home/anguscrump/.jdks/jbr-25.0.3/lib/libmanagement.so
Event: 0.239 Loaded shared library /home/anguscrump/.jdks/jbr-25.0.3/lib/libmanagement_ext.so
Event: 0.365 Loaded shared library /home/anguscrump/.jdks/jbr-25.0.3/lib/libverify.so
Event: 1.383 Loaded shared library /home/anguscrump/.cache/JNA/temp/jna13096489580604054244.tmp
Event: 3.907 Loaded shared library /home/anguscrump/.jdks/jbr-25.0.3/lib/libextnet.so
Event: 4.081 Loaded shared library /tmp/lwjgl_anguscrump/3.4.1-snapshot/arm64/liblwjgl.so
Event: 4.321 Loaded shared library /tmp/lwjgl_anguscrump/3.4.1-snapshot/arm64/liblwjgl_opengl.so
Event: 4.490 Loaded shared library /tmp/lwjgl_anguscrump/3.4.1-snapshot/arm64/liblwjgl_stb.so

Deoptimization events (20 events):
Event: 33.131 Thread 0x0000fffea4aa0450 Uncommon trap: trap_request=0xffffff45 fr.pc=0x0000ffff152a6c64 relative=0x0000000000000324
Event: 33.131 Thread 0x0000fffea4aa0450 Uncommon trap: reason=unstable_if action=reinterpret pc=0x0000ffff152a6c64 method=java.util.concurrent.SynchronousQueue.poll(JLjava/util/concurrent/TimeUnit;)Ljava/lang/Object; @ 21 c2
Event: 33.131 Thread 0x0000fffea4aa0450 DEOPT PACKING pc=0x0000ffff152a6c64 sp=0x0000fffdf2a06190
Event: 33.131 Thread 0x0000fffea4aa0450 DEOPT UNPACKING pc=0x0000ffff14647f9c sp=0x0000fffdf2a06060 mode 2
Event: 33.132 Thread 0x0000fffea5162aa0 Uncommon trap: trap_request=0xffffff45 fr.pc=0x0000ffff15351624 relative=0x0000000000000864
Event: 33.132 Thread 0x0000fffea5162aa0 Uncommon trap: reason=unstable_if action=reinterpret pc=0x0000ffff15351624 method=java.util.concurrent.LinkedTransferQueue$DualNode.await(Ljava/lang/Object;JLjava/lang/Object;Z)Ljava/lang/Object; @ 143 c2
Event: 33.132 Thread 0x0000fffea5162aa0 DEOPT PACKING pc=0x0000ffff15351624 sp=0x0000fffdf3406100
Event: 33.132 Thread 0x0000fffea5162aa0 DEOPT UNPACKING pc=0x0000ffff14647f9c sp=0x0000fffdf3405f30 mode 2
Event: 33.132 Thread 0x0000fffea5162aa0 Uncommon trap: trap_request=0xffffff45 fr.pc=0x0000ffff152a6c64 relative=0x0000000000000324
Event: 33.132 Thread 0x0000fffea5162aa0 Uncommon trap: reason=unstable_if action=reinterpret pc=0x0000ffff152a6c64 method=java.util.concurrent.SynchronousQueue.poll(JLjava/util/concurrent/TimeUnit;)Ljava/lang/Object; @ 21 c2
Event: 33.132 Thread 0x0000fffea5162aa0 DEOPT PACKING pc=0x0000ffff152a6c64 sp=0x0000fffdf3406190
Event: 33.132 Thread 0x0000fffea5162aa0 DEOPT UNPACKING pc=0x0000ffff14647f9c sp=0x0000fffdf3406060 mode 2
Event: 33.138 Thread 0x0000fffde00064c0 Uncommon trap: trap_request=0xffffff45 fr.pc=0x0000ffff15351624 relative=0x0000000000000864
Event: 33.138 Thread 0x0000fffde00064c0 Uncommon trap: reason=unstable_if action=reinterpret pc=0x0000ffff15351624 method=java.util.concurrent.LinkedTransferQueue$DualNode.await(Ljava/lang/Object;JLjava/lang/Object;Z)Ljava/lang/Object; @ 143 c2
Event: 33.138 Thread 0x0000fffde00064c0 DEOPT PACKING pc=0x0000ffff15351624 sp=0x0000fffdf3006100
Event: 33.138 Thread 0x0000fffde00064c0 DEOPT UNPACKING pc=0x0000ffff14647f9c sp=0x0000fffdf3005f30 mode 2
Event: 33.138 Thread 0x0000fffde00064c0 Uncommon trap: trap_request=0xffffff45 fr.pc=0x0000ffff152a6c64 relative=0x0000000000000324
Event: 33.138 Thread 0x0000fffde00064c0 Uncommon trap: reason=unstable_if action=reinterpret pc=0x0000ffff152a6c64 method=java.util.concurrent.SynchronousQueue.poll(JLjava/util/concurrent/TimeUnit;)Ljava/lang/Object; @ 21 c2
Event: 33.138 Thread 0x0000fffde00064c0 DEOPT PACKING pc=0x0000ffff152a6c64 sp=0x0000fffdf3006190
Event: 33.138 Thread 0x0000fffde00064c0 DEOPT UNPACKING pc=0x0000ffff14647f9c sp=0x0000fffdf3006060 mode 2

Classes loaded (20 events):
Event: 17.640 Loading class java/util/stream/Sink$ChainedLong done
Event: 17.640 Loading class java/util/stream/LongPipeline$1$1 done
Event: 17.751 Loading class java/lang/ProcessHandle$Info
Event: 17.751 Loading class java/lang/ProcessHandle$Info done
Event: 17.788 Loading class java/nio/channels/AlreadyConnectedException
Event: 17.788 Loading class java/nio/channels/AlreadyConnectedException done
Event: 17.796 Loading class java/nio/channels/UnsupportedAddressTypeException
Event: 17.796 Loading class java/nio/channels/UnsupportedAddressTypeException done
Event: 17.845 Loading class java/util/stream/FindOps$FindSink$OfInt
Event: 17.845 Loading class java/util/stream/FindOps$FindSink$OfInt done
Event: 18.142 Loading class java/util/IdentityHashMap$ValueSpliterator
Event: 18.142 Loading class java/util/IdentityHashMap$ValueSpliterator done
Event: 20.772 Loading class java/util/Spliterators$LongIteratorSpliterator
Event: 20.773 Loading class java/util/Spliterators$LongIteratorSpliterator done
Event: 20.904 Loading class java/util/zip/CRC32C
Event: 20.904 Loading class java/util/zip/CRC32C done
Event: 22.782 Loading class java/lang/runtime/SwitchBootstraps$StaticHolders
Event: 22.782 Loading class java/lang/runtime/SwitchBootstraps$StaticHolders done
Event: 22.782 Loading class java/lang/runtime/SwitchBootstraps$MappedEnumCache
Event: 22.783 Loading class java/lang/runtime/SwitchBootstraps$MappedEnumCache done

Classes unloaded (11 events):
Event: 13.671 Thread 0x0000ffff2020da80 Unloading class 0x0000000103285800 'java/lang/invoke/LambdaForm$DMH+0x0000000103285800'
Event: 13.671 Thread 0x0000ffff2020da80 Unloading class 0x0000000103285c00 'java/lang/invoke/LambdaForm$DMH+0x0000000103285c00'
Event: 13.671 Thread 0x0000ffff2020da80 Unloading class 0x0000000103285400 'java/lang/invoke/LambdaForm$DMH+0x0000000103285400'
Event: 13.671 Thread 0x0000ffff2020da80 Unloading class 0x0000000103285000 'java/lang/invoke/LambdaForm$DMH+0x0000000103285000'
Event: 13.671 Thread 0x0000ffff2020da80 Unloading class 0x0000000103284c00 'java/lang/invoke/LambdaForm$DMH+0x0000000103284c00'
Event: 13.671 Thread 0x0000ffff2020da80 Unloading class 0x0000000103284800 'java/lang/invoke/LambdaForm$DMH+0x0000000103284800'
Event: 13.671 Thread 0x0000ffff2020da80 Unloading class 0x0000000103284400 'java/lang/invoke/LambdaForm$DMH+0x0000000103284400'
Event: 18.062 Thread 0x0000ffff2020da80 Unloading class 0x00000001033bc400 'java/lang/invoke/LambdaForm$DMH+0x00000001033bc400'
Event: 19.946 Thread 0x0000ffff2020da80 Unloading class 0x000000010356cc00 'java/lang/invoke/LambdaForm$DMH+0x000000010356cc00'
Event: 19.946 Thread 0x0000ffff2020da80 Unloading class 0x000000010356c800 'java/lang/invoke/LambdaForm$DMH+0x000000010356c800'
Event: 19.946 Thread 0x0000ffff2020da80 Unloading class 0x0000000103564400 'java/lang/invoke/LambdaForm$DMH+0x0000000103564400'

Classes redefined (0 events):
No events

Internal exceptions (20 events):
Event: 33.045 Thread 0x0000fffea5162aa0 Exception <a 'sun/nio/fs/UnixException'{0x0000000739800c88}> (0x0000000739800c88) 
thrown [src/hotspot/share/prims/jni.cpp, line 535]
Event: 33.045 Thread 0x0000fffde00064c0 Exception <a 'sun/nio/fs/UnixException'{0x00000007379e14e8}> (0x00000007379e14e8) 
thrown [src/hotspot/share/prims/jni.cpp, line 535]
Event: 33.050 Thread 0x0000fffe38055a30 Exception <a 'sun/nio/fs/UnixException'{0x00000007379ef6f8}> (0x00000007379ef6f8) 
thrown [src/hotspot/share/prims/jni.cpp, line 535]
Event: 33.050 Thread 0x0000fffea5162aa0 Exception <a 'sun/nio/fs/UnixException'{0x0000000739801148}> (0x0000000739801148) 
thrown [src/hotspot/share/prims/jni.cpp, line 535]
Event: 33.054 Thread 0x0000fffdec0177f0 Exception <a 'sun/nio/fs/UnixException'{0x00000007376011e0}> (0x00000007376011e0) 
thrown [src/hotspot/share/prims/jni.cpp, line 535]
Event: 33.055 Thread 0x0000fffea5162aa0 Exception <a 'sun/nio/fs/UnixException'{0x00000007379f9940}> (0x00000007379f9940) 
thrown [src/hotspot/share/prims/jni.cpp, line 535]
Event: 33.059 Thread 0x0000ffff20819bf0 Exception <a 'sun/nio/fs/UnixException'{0x0000000737996b10}> (0x0000000737996b10) 
thrown [src/hotspot/share/prims/jni.cpp, line 535]
Event: 33.060 Thread 0x0000ffff20819bf0 Exception <a 'sun/nio/fs/UnixException'{0x0000000737996da0}> (0x0000000737996da0) 
thrown [src/hotspot/share/prims/jni.cpp, line 535]
Event: 33.060 Thread 0x0000ffff20819bf0 Exception <a 'sun/nio/fs/UnixException'{0x0000000737997050}> (0x0000000737997050) 
thrown [src/hotspot/share/prims/jni.cpp, line 535]
Event: 33.061 Thread 0x0000fffdec0177f0 Exception <a 'sun/nio/fs/UnixException'{0x0000000737614748}> (0x0000000737614748) 
thrown [src/hotspot/share/prims/jni.cpp, line 535]
Event: 33.061 Thread 0x0000fffea5162aa0 Exception <a 'sun/nio/fs/UnixException'{0x0000000737615370}> (0x0000000737615370) 
thrown [src/hotspot/share/prims/jni.cpp, line 535]
Event: 33.061 Thread 0x0000fffde00064c0 Exception <a 'sun/nio/fs/UnixException'{0x000000073760b818}> (0x000000073760b818) 
thrown [src/hotspot/share/prims/jni.cpp, line 535]
Event: 33.130 Thread 0x0000fffdec0177f0 Implicit null exception at 0x0000ffff152a6a2c to 0x0000ffff152a6c54
Event: 33.130 Thread 0x0000fffe38055a30 Implicit null exception at 0x0000ffff152a6a2c to 0x0000ffff152a6c54
Event: 33.131 Thread 0x0000fffde0004e70 Implicit null exception at 0x0000ffff152a6a2c to 0x0000ffff152a6c54
Event: 33.131 Thread 0x0000fffddc006460 Implicit null exception at 0x0000ffff152a6a2c to 0x0000ffff152a6c54
Event: 33.131 Thread 0x0000fffea4aa0450 Implicit null exception at 0x0000ffff152a6a2c to 0x0000ffff152a6c54
Event: 33.132 Thread 0x0000fffea5162aa0 Implicit null exception at 0x0000ffff152a6a2c to 0x0000ffff152a6c54
Event: 33.138 Thread 0x0000fffde00064c0 Implicit null exception at 0x0000ffff152a6a2c to 0x0000ffff152a6c54
Event: 33.196 Thread 0x0000ffff200316d0 Exception <a 'sun/nio/fs/UnixException'{0x0000000737528550}> (0x0000000737528550) 
thrown [src/hotspot/share/prims/jni.cpp, line 535]

VM Operations (20 events):
Event: 30.551 Executing safepoint VM operation: G1PauseCleanup done
Event: 30.903 Executing non-safepoint VM operation: HandshakeAllThreads (Deoptimize)
Event: 30.904 Executing non-safepoint VM operation: HandshakeAllThreads (Deoptimize) done
Event: 31.445 Executing safepoint VM operation: G1CollectForAllocation (G1 Evacuation Pause)
Event: 31.454 Executing safepoint VM operation: G1CollectForAllocation (G1 Evacuation Pause) done
Event: 31.952 Executing non-safepoint VM operation: HandshakeAllThreads (Deoptimize)
Event: 31.953 Executing non-safepoint VM operation: HandshakeAllThreads (Deoptimize) done
Event: 31.956 Executing non-safepoint VM operation: HandshakeAllThreads (Deoptimize)
Event: 31.956 Executing non-safepoint VM operation: HandshakeAllThreads (Deoptimize) done
Event: 32.626 Executing non-safepoint VM operation: HandshakeAllThreads (Deoptimize)
Event: 32.626 Executing non-safepoint VM operation: HandshakeAllThreads (Deoptimize) done
Event: 32.687 Executing safepoint VM operation: G1CollectForAllocation (G1 Evacuation Pause)
Event: 32.711 Executing safepoint VM operation: G1CollectForAllocation (G1 Evacuation Pause) done
Event: 32.766 Executing safepoint VM operation: G1CollectForAllocation (G1 Evacuation Pause)
Event: 32.781 Executing safepoint VM operation: G1CollectForAllocation (G1 Evacuation Pause) done
Event: 32.926 Executing safepoint VM operation: G1PauseRemark
Event: 32.934 Executing safepoint VM operation: G1PauseRemark done
Event: 32.985 Executing safepoint VM operation: G1PauseCleanup
Event: 32.985 Executing safepoint VM operation: G1PauseCleanup done
Event: 33.197 Executing safepoint VM operation: Exit

Memory protections (20 events):
Event: 17.771 Protecting memory [0x0000fffdf2408000,0x0000fffdf2414000] with protection modes 0
Event: 17.791 Protecting memory [0x0000fffdf2208000,0x0000fffdf2214000] with protection modes 0
Event: 17.799 Protecting memory [0x0000fffdf2008000,0x0000fffdf2014000] with protection modes 0
Event: 18.157 Protecting memory [0x0000fffed1e00000,0x0000fffed1e0c000] with protection modes 0
Event: 18.174 Protecting memory [0x0000fffdf2a08000,0x0000fffdf2a14000] with protection modes 0
Event: 20.705 Protecting memory [0x0000fffed1e00000,0x0000fffed1e0c000] with protection modes 0
Event: 20.878 Protecting memory [0x0000fffdf2a08000,0x0000fffdf2a14000] with protection modes 0
Event: 21.113 Protecting memory [0x0000fffefde00000,0x0000fffefde0c000] with protection modes 0
Event: 27.612 Protecting memory [0x0000fffdf2a08000,0x0000fffdf2a14000] with protection modes 0
Event: 28.648 Protecting memory [0x0000fffdf2a08000,0x0000fffdf2a14000] with protection modes 0
Event: 30.897 Protecting memory [0x0000fffdf2a08000,0x0000fffdf2a14000] with protection modes 0
Event: 32.104 Protecting memory [0x0000fffed1e00000,0x0000fffed1e0c000] with protection modes 0
Event: 32.552 Protecting memory [0x0000fffed1e00000,0x0000fffed1e0c000] with protection modes 0
Event: 32.636 Protecting memory [0x0000fffdf2a08000,0x0000fffdf2a14000] with protection modes 0
Event: 32.639 Protecting memory [0x0000fffefc7b0000,0x0000fffefc7bc000] with protection modes 0
Event: 33.105 Protecting memory [0x0000fffefde00000,0x0000fffefde0c000] with protection modes 0
Event: 33.125 Protecting memory [0x0000fffefde00000,0x0000fffefde0c000] with protection modes 0
Event: 33.194 Protecting memory [0x0000fffdf2e08000,0x0000fffdf2e14000] with protection modes 0
Event: 33.194 Protecting memory [0x0000fffdf3208000,0x0000fffdf3214000] with protection modes 0
Event: 33.194 Protecting memory [0x0000fffdf2808000,0x0000fffdf2814000] with protection modes 0

Nmethod flushes (20 events):
Event: 32.932 Thread 0x0000ffff2020da80 flushing  nmethod 0x0000ffff0d87db08
Event: 32.932 Thread 0x0000ffff2020da80 flushing  nmethod 0x0000ffff0d90f408
Event: 32.932 Thread 0x0000ffff2020da80 flushing  nmethod 0x0000ffff0d90fb08
Event: 32.932 Thread 0x0000ffff2020da80 flushing  nmethod 0x0000ffff0d985f48
Event: 32.932 Thread 0x0000ffff2020da80 flushing  nmethod 0x0000ffff0d9893c8
Event: 32.932 Thread 0x0000ffff2020da80 flushing  nmethod 0x0000ffff0d98b008
Event: 32.932 Thread 0x0000ffff2020da80 flushing  nmethod 0x0000ffff0da2a8c8
Event: 32.932 Thread 0x0000ffff2020da80 flushing  nmethod 0x0000ffff0df4e808
Event: 32.932 Thread 0x0000ffff2020da80 flushing  nmethod 0x0000ffff0dfe50c8
Event: 32.932 Thread 0x0000ffff2020da80 flushing  nmethod 0x0000ffff0e23d1c8
Event: 32.932 Thread 0x0000ffff2020da80 flushing  nmethod 0x0000ffff0e23d8c8
Event: 32.932 Thread 0x0000ffff2020da80 flushing  nmethod 0x0000ffff0e2414c8
Event: 32.932 Thread 0x0000ffff2020da80 flushing  nmethod 0x0000ffff0e2e51c8
Event: 32.932 Thread 0x0000ffff2020da80 flushing  nmethod 0x0000ffff0e63ae08
Event: 32.932 Thread 0x0000ffff2020da80 flushing  nmethod 0x0000ffff0e6f7648
Event: 32.932 Thread 0x0000ffff2020da80 flushing  nmethod 0x0000ffff0e6f9dc8
Event: 32.932 Thread 0x0000ffff2020da80 flushing  nmethod 0x0000ffff0e6fa848
Event: 32.932 Thread 0x0000ffff2020da80 flushing osr nmethod 0x0000ffff0e8e9288
Event: 32.932 Thread 0x0000ffff2020da80 flushing  nmethod 0x0000ffff0e9b9708
Event: 32.932 Thread 0x0000ffff2020da80 flushing osr nmethod 0x0000ffff0e9c5ec8

Events (20 events):
Event: 33.130 Thread 0x0000fffe2c000ee0 Thread exited: 0x0000fffe2c000ee0
Event: 33.130 Thread 0x0000fffe3400f290 Thread exited: 0x0000fffe3400f290
Event: 33.130 Thread 0x0000ffff23925e80 Thread exited: 0x0000ffff23925e80
Event: 33.130 Thread 0x0000ffff23926c00 Thread exited: 0x0000ffff23926c00
Event: 33.130 Thread 0x0000fffdec0177f0 Thread exited: 0x0000fffdec0177f0
Event: 33.130 Thread 0x0000fffdf85874d0 Thread exited: 0x0000fffdf85874d0
Event: 33.130 Thread 0x0000fffddc004e00 Thread exited: 0x0000fffddc004e00
Event: 33.131 Thread 0x0000fffe38055a30 Thread exited: 0x0000fffe38055a30
Event: 33.131 Thread 0x0000fffde0004e70 Thread exited: 0x0000fffde0004e70
Event: 33.131 Thread 0x0000fffddc006460 Thread exited: 0x0000fffddc006460
Event: 33.131 Thread 0x0000fffea4aa0450 Thread exited: 0x0000fffea4aa0450
Event: 33.132 Thread 0x0000fffea5162aa0 Thread exited: 0x0000fffea5162aa0
Event: 33.139 Thread 0x0000fffde00064c0 Thread exited: 0x0000fffde00064c0
Event: 33.194 Thread 0x0000ffff200316d0 Thread added: 0x0000fffdf8267bf0
Event: 33.194 Thread 0x0000ffff200316d0 Thread added: 0x0000fffdf837d6f0
Event: 33.194 Thread 0x0000ffff200316d0 Thread added: 0x0000fffdf82f3630
Event: 33.194 Thread 0x0000fffdf8267bf0 Thread exited: 0x0000fffdf8267bf0
Event: 33.194 Thread 0x0000fffdf837d6f0 Thread exited: 0x0000fffdf837d6f0
Event: 33.196 Thread 0x0000fffdf82f3630 Thread exited: 0x0000fffdf82f3630
Event: 33.196 Thread 0x0000ffff200316d0 Before exit entered


Dynamic libraries:
100000000-100010000 ---p 00000000 00:00 0 
100010000-101d00000 rw-p 00010000 00:25 8789750                          /home/anguscrump/.jdks/jbr-25.0.3/lib/server/classes.jsa
101d00000-102000000 ---p 00000000 00:00 0 
102000000-102040000 rw-p 00000000 00:00 0 
102040000-1020e0000 rw-p 00000000 00:00 0 
1020e0000-102e40000 rw-p 00000000 00:00 0 
102e40000-102e80000 rw-p 00000000 00:00 0 
102e80000-103140000 rw-p 00000000 00:00 0 
103140000-103170000 rw-p 00000000 00:00 0 
103170000-103180000 ---p 00000000 00:00 0 
103180000-1038a0000 rw-p 00000000 00:00 0 
1038a0000-142000000 ---p 00000000 00:00 0 
70f800000-74da00000 rw-p 00000000 00:00 0 
74da00000-7fd400000 ---p 00000000 00:00 0 
7fd400000-7ffc00000 rw-p 00000000 00:00 0 
7ffc00000-7ffe50000 rw-p 01d70000 00:25 8789750                          /home/anguscrump/.jdks/jbr-25.0.3/lib/server/classes.jsa
7ffe50000-800000000 rw-p 00000000 00:00 0 
aaab9b780000-aaab9b784000 r-xp 00000000 00:25 8789212                    /home/anguscrump/.jdks/jbr-25.0.3/bin/java
aaab9b79c000-aaab9b7a0000 r--p 0000c000 00:25 8789212                    /home/anguscrump/.jdks/jbr-25.0.3/bin/java
aaab9b7a0000-aaab9b7a4000 rw-p 00010000 00:25 8789212                    /home/anguscrump/.jdks/jbr-25.0.3/bin/java
aaabd9068000-aaabd9200000 rw-p 00000000 00:00 0                          [heap]
fffdad800000-fffdb4000000 rw-p 00000000 00:00 0 
fffdb4000000-fffdb4200000 rw-p 00000000 00:00 0 
fffdb4200000-fffdb8000000 ---p 00000000 00:00 0 
fffdb9800000-fffdbc000000 rw-p 00000000 00:00 0 
fffdbc000000-fffdbc200000 rw-p 00000000 00:00 0 
fffdbc200000-fffdc0000000 ---p 00000000 00:00 0 
fffdc0000000-fffdc0200000 rw-p 00000000 00:00 0 
fffdc0200000-fffdc4000000 ---p 00000000 00:00 0 
fffdc4000000-fffdc4200000 rw-p 00000000 00:00 0 
fffdc4200000-fffdc8000000 ---p 00000000 00:00 0 
fffdc8000000-fffdc8200000 rw-p 00000000 00:00 0 
fffdc8200000-fffdcc000000 ---p 00000000 00:00 0 
fffdcc000000-fffdcc200000 rw-p 00000000 00:00 0 
fffdcc200000-fffdd0000000 ---p 00000000 00:00 0 
fffdd0000000-fffdd0200000 rw-p 00000000 00:00 0 
fffdd0200000-fffdd2200000 rw-p 00000000 00:00 0 
fffdd2200000-fffdd4000000 ---p 00000000 00:00 0 
fffdd4000000-fffdd4200000 rw-p 00000000 00:00 0 
fffdd4200000-fffdd8000000 ---p 00000000 00:00 0 
fffdd8000000-fffdd8200000 rw-p 00000000 00:00 0 
fffdd8200000-fffddc000000 ---p 00000000 00:00 0 
fffddc000000-fffddc200000 rw-p 00000000 00:00 0 
fffddc200000-fffde0000000 ---p 00000000 00:00 0 
fffde0000000-fffde0200000 rw-p 00000000 00:00 0 
fffde0200000-fffde4000000 ---p 00000000 00:00 0 
fffde4000000-fffde4200000 rw-p 00000000 00:00 0 
fffde4200000-fffde4800000 rw-p 00000000 00:00 0 
fffde4800000-fffde8000000 ---p 00000000 00:00 0 
fffde8000000-fffde8200000 rw-p 00000000 00:00 0 
fffde8200000-fffde8400000 rw-p 00000000 00:00 0 
fffde8400000-fffdec000000 ---p 00000000 00:00 0 
fffdec000000-fffdec200000 rw-p 00000000 00:00 0 
fffdec200000-fffdf0000000 ---p 00000000 00:00 0 
fffdf0080000-fffdf0a00000 rw-p 00000000 00:00 0 
fffdf2008000-fffdf2014000 ---p 00000000 00:00 0 
fffdf2014000-fffdf2208000 rw-p 00000000 00:00 0 
fffdf2208000-fffdf2214000 ---p 00000000 00:00 0 
fffdf2214000-fffdf2408000 rw-p 00000000 00:00 0 
fffdf2408000-fffdf2414000 ---p 00000000 00:00 0 
fffdf2414000-fffdf2608000 rw-p 00000000 00:00 0 
fffdf2808000-fffdf2814000 ---p 00000000 00:00 0 
fffdf2814000-fffdf2a08000 rw-p 00000000 00:00 0 
fffdf2a08000-fffdf2a14000 ---p 00000000 00:00 0 
fffdf2a14000-fffdf2c08000 rw-p 00000000 00:00 0 
fffdf2e08000-fffdf2e14000 ---p 00000000 00:00 0 
fffdf2e14000-fffdf3008000 rw-p 00000000 00:00 0 
fffdf3208000-fffdf3214000 ---p 00000000 00:00 0 
fffdf3214000-fffdf3408000 rw-p 00000000 00:00 0 
fffdf8000000-fffdf8200000 rw-p 00000000 00:00 0 
fffdf8200000-fffdf8800000 rw-p 00000000 00:00 0 
fffdf8800000-fffdfc000000 ---p 00000000 00:00 0 
fffe00000000-fffe00200000 rw-p 00000000 00:00 0 
fffe00200000-fffe04000000 ---p 00000000 00:00 0 
fffe04000000-fffe04200000 rw-p 00000000 00:00 0 
fffe04200000-fffe08000000 ---p 00000000 00:00 0 
fffe08000000-fffe08200000 rw-p 00000000 00:00 0 
fffe08200000-fffe0c000000 ---p 00000000 00:00 0 
fffe0d5f0000-fffe0de00000 rw-p 00000000 00:00 0 
fffe0de00000-fffe0ff00000 rw-p 00000000 00:00 0 
fffe0ff00000-fffe0ff0c000 ---p 00000000 00:00 0 
fffe0ff0c000-fffe10100000 rw-p 00000000 00:00 0 
fffe10100000-fffe11e00000 rw-p 00000000 00:00 0 
fffe11f80000-fffe14000000 rw-p 00000000 00:00 0 
fffe14000000-fffe14200000 rw-p 00000000 00:00 0 
fffe14200000-fffe18000000 ---p 00000000 00:00 0 
fffe18000000-fffe18200000 rw-p 00000000 00:00 0 
fffe18200000-fffe1c000000 ---p 00000000 00:00 0 
fffe1c000000-fffe1c200000 rw-p 00000000 00:00 0 
fffe1c200000-fffe20000000 ---p 00000000 00:00 0 
fffe20000000-fffe20200000 rw-p 00000000 00:00 0 
fffe20200000-fffe24000000 ---p 00000000 00:00 0 
fffe24000000-fffe24200000 rw-p 00000000 00:00 0 
fffe24200000-fffe28000000 ---p 00000000 00:00 0 
fffe28000000-fffe29200000 rw-p 00000000 00:00 0 
fffe29680000-fffe2ba00000 rw-p 00000000 00:00 0 
fffe2c000000-fffe2c200000 rw-p 00000000 00:00 0 
fffe2c200000-fffe30000000 ---p 00000000 00:00 0 
fffe30000000-fffe30200000 rw-p 00000000 00:00 0 
fffe30200000-fffe34000000 ---p 00000000 00:00 0 
fffe34000000-fffe34200000 rw-p 00000000 00:00 0 
fffe34200000-fffe38000000 ---p 00000000 00:00 0 
fffe38000000-fffe38200000 rw-p 00000000 00:00 0 
fffe38200000-fffe3c000000 ---p 00000000 00:00 0 
fffe3c460000-fffe3c4f0000 r-xp 00000000 00:25 3200165                    /usr/lib64/libflite_cmulex.so.2.2
fffe3c4f0000-fffe3c4fc000 ---p 00090000 00:25 3200165                    /usr/lib64/libflite_cmulex.so.2.2
fffe3c4fc000-fffe3c500000 r--p 0008c000 00:25 3200165                    /usr/lib64/libflite_cmulex.so.2.2
fffe3c500000-fffe3c504000 rw-p 00000000 00:00 0 
fffe3c510000-fffe3c520000 r-xp 00000000 00:25 3200167                    /usr/lib64/libflite_usenglish.so.2.2
fffe3c520000-fffe3c524000 ---p 00010000 00:25 3200167                    /usr/lib64/libflite_usenglish.so.2.2
fffe3c524000-fffe3c530000 r--p 00014000 00:25 3200167                    /usr/lib64/libflite_usenglish.so.2.2
fffe3c530000-fffe3c534000 rw-p 00000000 00:00 0 
fffe3c540000-fffe3c908000 r-xp 00000000 00:25 3200159                    /usr/lib64/libflite_cmu_us_kal16.so.2.2
fffe3c908000-fffe3c918000 ---p 003c8000 00:25 3200159                    /usr/lib64/libflite_cmu_us_kal16.so.2.2
fffe3c918000-fffe3c920000 r--p 003c8000 00:25 3200159                    /usr/lib64/libflite_cmu_us_kal16.so.2.2
fffe3c920000-fffe3c924000 rw-p 003d0000 00:25 3200159                    /usr/lib64/libflite_cmu_us_kal16.so.2.2
fffe3c930000-fffe3c974000 r-xp 00000000 00:25 3101837                    /usr/lib64/libmp3lame.so.0.0.0
fffe3c974000-fffe3c98c000 ---p 00044000 00:25 3101837                    /usr/lib64/libmp3lame.so.0.0.0
fffe3c98c000-fffe3c990000 r--p 0004c000 00:25 3101837                    /usr/lib64/libmp3lame.so.0.0.0
fffe3c990000-fffe3c9c0000 rw-p 00000000 00:00 0 
fffe3c9d0000-fffe3ca20000 r-xp 00000000 00:25 3105171                    /usr/lib64/libmpg123.so.0.48.3
fffe3ca20000-fffe3ca2c000 ---p 00050000 00:25 3105171                    /usr/lib64/libmpg123.so.0.48.3
fffe3ca2c000-fffe3ca30000 r--p 0004c000 00:25 3105171                    /usr/lib64/libmpg123.so.0.48.3
fffe3ca30000-fffe3ca34000 rw-p 00050000 00:25 3105171                    /usr/lib64/libmpg123.so.0.48.3
fffe3ca40000-fffe3ca48000 r-xp 00000000 00:25 3101183                    /usr/lib64/libogg.so.0.8.6
fffe3ca48000-fffe3ca5c000 ---p 00008000 00:25 3101183                    /usr/lib64/libogg.so.0.8.6
fffe3ca5c000-fffe3ca60000 r--p 0000c000 00:25 3101183                    /usr/lib64/libogg.so.0.8.6
fffe3ca60000-fffe3ca64000 rw-p 00000000 00:00 0 
fffe3ca70000-fffe3cad8000 r-xp 00000000 00:25 3101166                    /usr/lib64/libopus.so.0.11.0
fffe3cad8000-fffe3caec000 ---p 00068000 00:25 3101166                    /usr/lib64/libopus.so.0.11.0
fffe3caec000-fffe3caf0000 r--p 0006c000 00:25 3101166                    /usr/lib64/libopus.so.0.11.0
fffe3caf0000-fffe3caf4000 rw-p 00000000 00:00 0 
fffe3cb00000-fffe3cb78000 r-xp 00000000 00:25 3101194                    /usr/lib64/libvorbisenc.so.2.0.12
fffe3cb78000-fffe3cb88000 ---p 00078000 00:25 3101194                    /usr/lib64/libvorbisenc.so.2.0.12
fffe3cb88000-fffe3cba0000 r--p 00078000 00:25 3101194                    /usr/lib64/libvorbisenc.so.2.0.12
fffe3cba0000-fffe3cba4000 rw-p 00090000 00:25 3101194                    /usr/lib64/libvorbisenc.so.2.0.12
fffe3cbb0000-fffe3cbdc000 r-xp 00000000 00:25 3101192                    /usr/lib64/libvorbis.so.0.4.9
fffe3cbdc000-fffe3cbec000 ---p 0002c000 00:25 3101192                    /usr/lib64/libvorbis.so.0.4.9
fffe3cbec000-fffe3cbf0000 r--p 0002c000 00:25 3101192                    /usr/lib64/libvorbis.so.0.4.9
fffe3cbf0000-fffe3cbf4000 rw-p 00000000 00:00 0 
fffe3cc00000-fffe40000000 rw-p 00000000 00:00 0 
fffe40000000-fffe40200000 rw-p 00000000 00:00 0 
fffe40200000-fffe44000000 ---p 00000000 00:00 0 
fffe44030000-fffe44070000 r-xp 00000000 00:25 3101748                    /usr/lib64/libFLAC.so.14.0.0
fffe44070000-fffe4407c000 ---p 00040000 00:25 3101748                    /usr/lib64/libFLAC.so.14.0.0
fffe4407c000-fffe44080000 r--p 0004c000 00:25 3101748                    /usr/lib64/libFLAC.so.14.0.0
fffe44080000-fffe44084000 rw-p 00050000 00:25 3101748                    /usr/lib64/libFLAC.so.14.0.0
fffe44090000-fffe4409c000 r-xp 00000000 00:25 3104966                    /usr/lib64/libgsm.so.1.0.24
fffe4409c000-fffe440ac000 ---p 0000c000 00:25 3104966                    /usr/lib64/libgsm.so.1.0.24
fffe440ac000-fffe440b0000 r--p 0000c000 00:25 3104966                    /usr/lib64/libgsm.so.1.0.24
fffe440b0000-fffe440b4000 rw-p 00010000 00:25 3104966                    /usr/lib64/libgsm.so.1.0.24
fffe440c0000-fffe44138000 r-xp 00000000 00:25 3105180                    /usr/lib64/libsndfile.so.1.0.37
fffe44138000-fffe4414c000 ---p 00078000 00:25 3105180                    /usr/lib64/libsndfile.so.1.0.37
fffe4414c000-fffe44150000 r--p 0007c000 00:25 3105180                    /usr/lib64/libsndfile.so.1.0.37
fffe44150000-fffe44154000 rw-p 00080000 00:25 3105180                    /usr/lib64/libsndfile.so.1.0.37
fffe44160000-fffe441dc000 r-xp 00000000 00:25 3200048                    /usr/lib64/pulseaudio/libpulsecommon-17.0.so
fffe441dc000-fffe441ec000 ---p 0007c000 00:25 3200048                    /usr/lib64/pulseaudio/libpulsecommon-17.0.so
fffe441ec000-fffe441f0000 r--p 0007c000 00:25 3200048                    /usr/lib64/pulseaudio/libpulsecommon-17.0.so
fffe441f0000-fffe441f4000 rw-p 00080000 00:25 3200048                    /usr/lib64/pulseaudio/libpulsecommon-17.0.so
fffe44200000-fffe48000000 rw-p 00000000 00:00 0 
fffe48000000-fffe48200000 rw-p 00000000 00:00 0 
fffe48200000-fffe4a000000 rw-p 00000000 00:00 0 
fffe4a000000-fffe4c000000 ---p 00000000 00:00 0 
fffe4c000000-fffe4c200000 rw-p 00000000 00:00 0 
fffe4c200000-fffe50000000 ---p 00000000 00:00 0 
fffe50000000-fffe50200000 rw-p 00000000 00:00 0 
fffe50200000-fffe54000000 ---p 00000000 00:00 0 
fffe54020000-fffe54028000 r-xp 00000000 00:25 3200036                    /usr/lib64/libasyncns.so.0.3.1
fffe54028000-fffe5403c000 ---p 00008000 00:25 3200036                    /usr/lib64/libasyncns.so.0.3.1
fffe5403c000-fffe54040000 r--p 0000c000 00:25 3200036                    /usr/lib64/libasyncns.so.0.3.1
fffe54040000-fffe54044000 rw-p 00000000 00:00 0 
fffe54050000-fffe5409c000 r-xp 00000000 00:25 3200047                    /usr/lib64/libpulse.so.0.24.3
fffe5409c000-fffe540ac000 ---p 0004c000 00:25 3200047                    /usr/lib64/libpulse.so.0.24.3
fffe540ac000-fffe540b0000 r--p 0004c000 00:25 3200047                    /usr/lib64/libpulse.so.0.24.3
fffe540b0000-fffe540b4000 rw-p 00050000 00:25 3200047                    /usr/lib64/libpulse.so.0.24.3
fffe540c0000-fffe540c4000 r-xp 00000000 00:25 3200045                    /usr/lib64/libpulse-simple.so.0.1.1
fffe540c4000-fffe540dc000 ---p 00004000 00:25 3200045                    /usr/lib64/libpulse-simple.so.0.1.1
fffe540dc000-fffe540e0000 r--p 0000c000 00:25 3200045                    /usr/lib64/libpulse-simple.so.0.1.1
fffe540e0000-fffe540e4000 rw-p 00000000 00:00 0 
fffe54110000-fffe5414c000 r-xp 00000000 00:25 3200143                    /usr/lib64/libflite.so.2.2
fffe5414c000-fffe5415c000 ---p 0003c000 00:25 3200143                    /usr/lib64/libflite.so.2.2
fffe5415c000-fffe54160000 r--p 0003c000 00:25 3200143                    /usr/lib64/libflite.so.2.2
fffe54160000-fffe54164000 rw-p 00040000 00:25 3200143                    /usr/lib64/libflite.so.2.2
fffe542a0000-fffe566a0000 rw-p 00000000 00:00 0 
fffe566a0000-fffe56eb0000 rw-p 00000000 00:00 0 
fffe56eb0000-fffe56ed4000 r-xp 00000000 00:25 3826951                    /usr/lib64/pipewire-0.3/libpipewire-module-session-manager.so
fffe56ed4000-fffe56eec000 ---p 00024000 00:25 3826951                    /usr/lib64/pipewire-0.3/libpipewire-module-session-manager.so
fffe56eec000-fffe56ef0000 r--p 0002c000 00:25 3826951                    /usr/lib64/pipewire-0.3/libpipewire-module-session-manager.so
fffe56ef0000-fffe56ef4000 rw-p 00000000 00:00 0 
fffe56f00000-fffe56f0c000 r-xp 00000000 00:25 3826933                    /usr/lib64/pipewire-0.3/libpipewire-module-metadata.so
fffe56f0c000-fffe56f1c000 ---p 0000c000 00:25 3826933                    /usr/lib64/pipewire-0.3/libpipewire-module-metadata.so
fffe56f1c000-fffe56f20000 r--p 0000c000 00:25 3826933                    /usr/lib64/pipewire-0.3/libpipewire-module-metadata.so
fffe56f20000-fffe56f24000 rw-p 00010000 00:25 3826933                    /usr/lib64/pipewire-0.3/libpipewire-module-metadata.so
fffe56f30000-fffe56f38000 r-xp 00000000 00:25 3826923                    /usr/lib64/pipewire-0.3/libpipewire-module-adapter.so
fffe56f38000-fffe56f4c000 ---p 00008000 00:25 3826923                    /usr/lib64/pipewire-0.3/libpipewire-module-adapter.so
fffe56f4c000-fffe56f50000 r--p 0000c000 00:25 3826923                    /usr/lib64/pipewire-0.3/libpipewire-module-adapter.so
fffe56f50000-fffe56f54000 rw-p 00010000 00:25 3826923                    /usr/lib64/pipewire-0.3/libpipewire-module-adapter.so
fffe56f60000-fffe56f70000 r-xp 00000000 00:25 3826925                    /usr/lib64/pipewire-0.3/libpipewire-module-client-device.so
fffe56f70000-fffe56f7c000 ---p 00010000 00:25 3826925                    /usr/lib64/pipewire-0.3/libpipewire-module-client-device.so
fffe56f7c000-fffe56f80000 r--p 0000c000 00:25 3826925                    /usr/lib64/pipewire-0.3/libpipewire-module-client-device.so
fffe56f80000-fffe56f84000 rw-p 00010000 00:25 3826925                    /usr/lib64/pipewire-0.3/libpipewire-module-client-device.so
fffe56f90000-fffe56fb4000 r-xp 00000000 00:25 3826926                    /usr/lib64/pipewire-0.3/libpipewire-module-client-node.so
fffe56fb4000-fffe56fcc000 ---p 00024000 00:25 3826926                    /usr/lib64/pipewire-0.3/libpipewire-module-client-node.so
fffe56fcc000-fffe56fd0000 r--p 0002c000 00:25 3826926                    /usr/lib64/pipewire-0.3/libpipewire-module-client-node.so
fffe56fd0000-fffe56fd4000 rw-p 00030000 00:25 3826926                    /usr/lib64/pipewire-0.3/libpipewire-module-client-node.so
fffe56fe0000-fffe5707c000 r-xp 00000000 00:25 3099166                    /usr/lib64/libpcre2-8.so.0.15.0
fffe5707c000-fffe5708c000 ---p 0009c000 00:25 3099166                    /usr/lib64/libpcre2-8.so.0.15.0
fffe5708c000-fffe57090000 r--p 0009c000 00:25 3099166                    /usr/lib64/libpcre2-8.so.0.15.0
fffe57090000-fffe57094000 rw-p 000a0000 00:25 3099166                    /usr/lib64/libpcre2-8.so.0.15.0
fffe570a0000-fffe570d0000 r-xp 00000000 00:25 3102648                    /usr/lib64/libselinux.so.1
fffe570d0000-fffe570dc000 ---p 00030000 00:25 3102648                    /usr/lib64/libselinux.so.1
fffe570dc000-fffe570e0000 r--p 0002c000 00:25 3102648                    /usr/lib64/libselinux.so.1
fffe570e0000-fffe570e4000 rw-p 00030000 00:25 3102648                    /usr/lib64/libselinux.so.1
fffe570f0000-fffe5711c000 r-xp 00000000 00:25 3826940                    /usr/lib64/pipewire-0.3/libpipewire-module-protocol-native.so
fffe5711c000-fffe57124000 ---p 0002c000 00:25 3826940                    /usr/lib64/pipewire-0.3/libpipewire-module-protocol-native.so
fffe57124000-fffe57130000 r--p 00034000 00:25 3826940                    /usr/lib64/pipewire-0.3/libpipewire-module-protocol-native.so
fffe57130000-fffe57134000 rw-p 00040000 00:25 3826940                    /usr/lib64/pipewire-0.3/libpipewire-module-protocol-native.so
fffe57140000-fffe57950000 rw-p 00000000 00:00 0 
fffe57950000-fffe579a4000 r-xp 00000000 00:25 3098658                    /usr/lib64/libdbus-1.so.3.38.3
fffe579a4000-fffe579bc000 ---p 00054000 00:25 3098658                    /usr/lib64/libdbus-1.so.3.38.3
fffe579bc000-fffe579c0000 r--p 0005c000 00:25 3098658                    /usr/lib64/libdbus-1.so.3.38.3
fffe579c0000-fffe579c4000 rw-p 00060000 00:25 3098658                    /usr/lib64/libdbus-1.so.3.38.3
fffe579d0000-fffe5bcb8000 r--p 00000000 00:25 3827814                    /usr/lib64/libLLVM.so.22.1
fffe5bcb8000-fffe5bcc4000 ---p 042e8000 00:25 3827814                    /usr/lib64/libLLVM.so.22.1
fffe5bcc4000-fffe5fcf8000 r-xp 042e4000 00:25 3827814                    /usr/lib64/libLLVM.so.22.1
fffe5fcf8000-fffe5fd04000 ---p 08328000 00:25 3827814                    /usr/lib64/libLLVM.so.22.1
fffe5fd04000-fffe5ff28000 r--p 08314000 00:25 3827814                    /usr/lib64/libLLVM.so.22.1
fffe5ff28000-fffe5ff2c000 rw-p 08538000 00:25 3827814                    /usr/lib64/libLLVM.so.22.1
fffe5ff2c000-fffe5ff38000 ---p 0855c000 00:25 3827814                    /usr/lib64/libLLVM.so.22.1
fffe5ff38000-fffe5ff44000 rw-p 08538000 00:25 3827814                    /usr/lib64/libLLVM.so.22.1
fffe5ff44000-fffe5fff0000 rw-p 00000000 00:00 0 
fffe60000000-fffe60200000 rw-p 00000000 00:00 0 
fffe60200000-fffe60400000 rw-p 00000000 00:00 0 
fffe60400000-fffe64000000 ---p 00000000 00:00 0 
fffe64020000-fffe64028000 r-xp 00000000 00:25 3826945                    /usr/lib64/pipewire-0.3/libpipewire-module-rt.so
fffe64028000-fffe6403c000 ---p 00008000 00:25 3826945                    /usr/lib64/pipewire-0.3/libpipewire-module-rt.so
fffe6403c000-fffe64040000 r--p 0000c000 00:25 3826945                    /usr/lib64/pipewire-0.3/libpipewire-module-rt.so
fffe64040000-fffe64044000 rw-p 00010000 00:25 3826945                    /usr/lib64/pipewire-0.3/libpipewire-module-rt.so
fffe64050000-fffe64058000 r-xp 00000000 00:25 3826985                    /usr/lib64/spa-0.2/support/libspa-dbus.so
fffe64058000-fffe6406c000 ---p 00008000 00:25 3826985                    /usr/lib64/spa-0.2/support/libspa-dbus.so
fffe6406c000-fffe64070000 r--p 0000c000 00:25 3826985                    /usr/lib64/spa-0.2/support/libspa-dbus.so
fffe64070000-fffe64074000 rw-p 00010000 00:25 3826985                    /usr/lib64/spa-0.2/support/libspa-dbus.so
fffe64080000-fffe6419c000 r-xp 00000000 00:25 3098609                    /usr/lib64/libsystemd.so.0.42.0
fffe6419c000-fffe641a4000 ---p 0011c000 00:25 3098609                    /usr/lib64/libsystemd.so.0.42.0
fffe641a4000-fffe641b0000 r--p 00124000 00:25 3098609                    /usr/lib64/libsystemd.so.0.42.0
fffe641b0000-fffe641b4000 rw-p 00130000 00:25 3098609                    /usr/lib64/libsystemd.so.0.42.0
fffe641c0000-fffe641c4000 r-xp 00000000 00:25 3826986                    /usr/lib64/spa-0.2/support/libspa-journal.so
fffe641c4000-fffe641dc000 ---p 00004000 00:25 3826986                    /usr/lib64/spa-0.2/support/libspa-journal.so
fffe641dc000-fffe641e0000 r--p 0000c000 00:25 3826986                    /usr/lib64/spa-0.2/support/libspa-journal.so
fffe641e0000-fffe641e4000 rw-p 00010000 00:25 3826986                    /usr/lib64/spa-0.2/support/libspa-journal.so
fffe641f0000-fffe64214000 r-xp 00000000 00:25 3826987                    /usr/lib64/spa-0.2/support/libspa-support.so
fffe64214000-fffe64228000 ---p 00024000 00:25 3826987                    /usr/lib64/spa-0.2/support/libspa-support.so
fffe64228000-fffe64230000 r--p 00028000 00:25 3826987                    /usr/lib64/spa-0.2/support/libspa-support.so
fffe64230000-fffe64234000 rw-p 00030000 00:25 3826987                    /usr/lib64/spa-0.2/support/libspa-support.so
fffe64240000-fffe642ec000 r-xp 00000000 00:25 3826921                    /usr/lib64/libpipewire-0.3.so.0.1605.0
fffe642ec000-fffe642f4000 ---p 000ac000 00:25 3826921                    /usr/lib64/libpipewire-0.3.so.0.1605.0
fffe642f4000-fffe64310000 r--p 000b4000 00:25 3826921                    /usr/lib64/libpipewire-0.3.so.0.1605.0
fffe64310000-fffe64314000 rw-p 000d0000 00:25 3826921                    /usr/lib64/libpipewire-0.3.so.0.1605.0
fffe64320000-fffe644b4000 r-xp 00000000 00:2b 2584                       /tmp/lwjgl_anguscrump/3.4.1-snapshot/arm64/libopenal.so
fffe644b4000-fffe644c0000 ---p 00194000 00:2b 2584                       /tmp/lwjgl_anguscrump/3.4.1-snapshot/arm64/libopenal.so
fffe644c0000-fffe644cc000 r--p 00190000 00:2b 2584                       /tmp/lwjgl_anguscrump/3.4.1-snapshot/arm64/libopenal.so
fffe644cc000-fffe644d0000 rw-p 0019c000 00:2b 2584                       /tmp/lwjgl_anguscrump/3.4.1-snapshot/arm64/libopenal.so
fffe644d0000-fffe645b4000 rw-p 00000000 00:00 0 
fffe646c0000-fffe64940000 rw-p 00000000 00:00 0 
fffe64940000-fffe649bc000 r-xp 00000000 00:2b 2583                       /tmp/lwjgl_anguscrump/3.4.1-snapshot/arm64/liblwjgl_stb.so
fffe649bc000-fffe649c8000 ---p 0007c000 00:2b 2583                       /tmp/lwjgl_anguscrump/3.4.1-snapshot/arm64/liblwjgl_stb.so
fffe649c8000-fffe649cc000 r--p 00078000 00:2b 2583                       /tmp/lwjgl_anguscrump/3.4.1-snapshot/arm64/liblwjgl_stb.so
fffe649cc000-fffe649d0000 rw-p 0007c000 00:2b 2583                       /tmp/lwjgl_anguscrump/3.4.1-snapshot/arm64/liblwjgl_stb.so
fffe649e0000-fffe649f0000 r-xp 00000000 00:25 3115554                    /usr/lib64/libEGL.so.1.1.0
fffe649f0000-fffe649fc000 ---p 00010000 00:25 3115554                    /usr/lib64/libEGL.so.1.1.0
fffe649fc000-fffe64a00000 r--p 0000c000 00:25 3115554                    /usr/lib64/libEGL.so.1.1.0
fffe64a00000-fffe64a04000 rw-p 00010000 00:25 3115554                    /usr/lib64/libEGL.so.1.1.0
fffe64a10000-fffe64a68000 r-xp 00000000 00:2b 2582                       /tmp/lwjgl_anguscrump/3.4.1-snapshot/arm64/liblwjgl_opengl.so
fffe64a68000-fffe64a78000 ---p 00058000 00:2b 2582                       /tmp/lwjgl_anguscrump/3.4.1-snapshot/arm64/liblwjgl_opengl.so
fffe64a78000-fffe64a7c000 rw-p 00058000 00:2b 2582                       /tmp/lwjgl_anguscrump/3.4.1-snapshot/arm64/liblwjgl_opengl.so
fffe64e8c000-fffe6569c000 rw-p 00000000 00:00 0 
fffe68000000-fffe68100000 rw-p 00000000 00:00 0 
fffe68100000-fffe68200000 rw-p 00000000 00:00 0 
fffe68200000-fffe685e0000 rw-p 00000000 00:00 0 
fffe685e0000-fffe68600000 rw-p 00000000 00:00 0 
fffe68600000-fffe68700000 rw-p 00000000 00:00 0 
fffe68700000-fffe68800000 rw-p 00000000 00:00 0 
fffe68800000-fffe69f00000 rw-p 00000000 00:00 0 
fffe69f00000-fffe69fa0000 rw-p 00000000 00:00 0 
fffe69fa0000-fffe6a000000 ---p 00000000 00:00 0 
fffe6a000000-fffe6b390000 rw-p 00000000 00:00 0 
fffe6b390000-fffe6c000000 ---p 00000000 00:00 0 
fffe6c000000-fffe6c200000 rw-p 00000000 00:00 0 
fffe6c200000-fffe70000000 ---p 00000000 00:00 0 
fffe70000000-fffe70200000 rw-p 00000000 00:00 0 
fffe70200000-fffe74000000 ---p 00000000 00:00 0 
fffe74000000-fffe74200000 rw-p 00000000 00:00 0 
fffe74200000-fffe78000000 ---p 00000000 00:00 0 
fffe78000000-fffe78200000 rw-p 00000000 00:00 0 
fffe78200000-fffe7c000000 ---p 00000000 00:00 0 
fffe7c000000-fffe7c200000 rw-p 00000000 00:00 0 
fffe7c200000-fffe80000000 ---p 00000000 00:00 0 
fffe80000000-fffe80200000 rw-p 00000000 00:00 0 
fffe80200000-fffe84000000 ---p 00000000 00:00 0 
fffe84000000-fffe84200000 rw-p 00000000 00:00 0 
fffe84200000-fffe88000000 ---p 00000000 00:00 0 
fffe88000000-fffe88200000 rw-p 00000000 00:00 0 
fffe88200000-fffe8c000000 ---p 00000000 00:00 0 
fffe8c000000-fffe8c200000 rw-p 00000000 00:00 0 
fffe8c200000-fffe90000000 ---p 00000000 00:00 0 
fffe90000000-fffe90200000 rw-p 00000000 00:00 0 
fffe90200000-fffe94000000 ---p 00000000 00:00 0 
fffe94000000-fffe94200000 rw-p 00000000 00:00 0 
fffe94200000-fffe98000000 ---p 00000000 00:00 0 
fffe98000000-fffe98200000 rw-p 00000000 00:00 0 
fffe98200000-fffe9c000000 ---p 00000000 00:00 0 
fffe9c000000-fffe9c200000 rw-p 00000000 00:00 0 
fffe9c200000-fffea0000000 ---p 00000000 00:00 0 
fffea0000000-fffea0200000 rw-p 00000000 00:00 0 
fffea0200000-fffea4000000 ---p 00000000 00:00 0 
fffea4000000-fffea4200000 rw-p 00000000 00:00 0 
fffea4200000-fffea5a00000 rw-p 00000000 00:00 0 
fffea5a00000-fffea8000000 ---p 00000000 00:00 0 
fffea8000000-fffea8200000 rw-p 00000000 00:00 0 
fffea8200000-fffeac000000 ---p 00000000 00:00 0 
fffeac000000-fffeac200000 rw-p 00000000 00:00 0 
fffeac200000-fffeb0000000 ---p 00000000 00:00 0 
fffeb0000000-fffeb0200000 rw-p 00000000 00:00 0 
fffeb0200000-fffeb1800000 rw-p 00000000 00:00 0 
fffeb1800000-fffeb4000000 ---p 00000000 00:00 0 
fffeb4000000-fffeb4200000 rw-p 00000000 00:00 0 
fffeb4200000-fffeb5c00000 rw-p 00000000 00:00 0 
fffeb5c00000-fffeb8000000 ---p 00000000 00:00 0 
fffeb8000000-fffeb8200000 rw-p 00000000 00:00 0 
fffeb8200000-fffeb9a00000 rw-p 00000000 00:00 0 
fffeb9a00000-fffebc000000 ---p 00000000 00:00 0 
fffebc000000-fffebc200000 rw-p 00000000 00:00 0 
fffebc200000-fffec0000000 ---p 00000000 00:00 0 
fffec0000000-fffec0200000 rw-p 00000000 00:00 0 
fffec0200000-fffec4000000 ---p 00000000 00:00 0 
fffec4000000-fffec4200000 rw-p 00000000 00:00 0 
fffec4200000-fffec8000000 ---p 00000000 00:00 0 
fffec8000000-fffec8200000 rw-p 00000000 00:00 0 
fffec8200000-fffecc000000 ---p 00000000 00:00 0 
fffecc000000-fffecc200000 rw-p 00000000 00:00 0 
fffecc200000-fffed0000000 ---p 00000000 00:00 0 
fffed0060000-fffed0090000 r-xp 00000000 00:25 3098672                    /usr/lib64/liblzma.so.5.8.2
fffed0090000-fffed009c000 ---p 00030000 00:25 3098672                    /usr/lib64/liblzma.so.5.8.2
fffed009c000-fffed00a0000 r--p 0003c000 00:25 3098672                    /usr/lib64/liblzma.so.5.8.2
fffed00a0000-fffed00a4000 rw-p 00000000 00:00 0 
fffed00b0000-fffed00d8000 r-xp 00000000 00:25 3098080                    /usr/lib64/libtinfo.so.6.6
fffed00d8000-fffed00ec000 ---p 00028000 00:25 3098080                    /usr/lib64/libtinfo.so.6.6
fffed00ec000-fffed00f0000 r--p 0002c000 00:25 3098080                    /usr/lib64/libtinfo.so.6.6
fffed00f0000-fffed00f4000 rw-p 00030000 00:25 3098080                    /usr/lib64/libtinfo.so.6.6
fffed0100000-fffed025c000 r-xp 00000000 00:25 3098680                    /usr/lib64/libxml2.so.2.12.10
fffed025c000-fffed0264000 ---p 0015c000 00:25 3098680                    /usr/lib64/libxml2.so.2.12.10
fffed0264000-fffed0270000 r--p 00164000 00:25 3098680                    /usr/lib64/libxml2.so.2.12.10
fffed0270000-fffed0274000 rw-p 00170000 00:25 3098680                    /usr/lib64/libxml2.so.2.12.10
fffed0280000-fffed02b4000 r-xp 00000000 00:25 3859435                    /usr/lib64/libedit.so.0.0.78
fffed02b4000-fffed02cc000 ---p 00034000 00:25 3859435                    /usr/lib64/libedit.so.0.0.78
fffed02cc000-fffed02d0000 r--p 0003c000 00:25 3859435                    /usr/lib64/libedit.so.0.0.78
fffed02d0000-fffed02d4000 rw-p 00040000 00:25 3859435                    /usr/lib64/libedit.so.0.0.78
fffed02e0000-fffed02f8000 r-xp 00000000 00:25 3099018                    /usr/lib64/libffi.so.8.2.0
fffed02f8000-fffed030c000 ---p 00018000 00:25 3099018                    /usr/lib64/libffi.so.8.2.0
fffed030c000-fffed0310000 r--p 0001c000 00:25 3099018                    /usr/lib64/libffi.so.8.2.0
fffed0310000-fffed0314000 rw-p 00020000 00:25 3099018                    /usr/lib64/libffi.so.8.2.0
fffed0320000-fffed059c000 r-xp 00000000 00:25 3565243                    /usr/lib64/libstdc++.so.6.0.35
fffed059c000-fffed05ac000 ---p 0027c000 00:25 3565243                    /usr/lib64/libstdc++.so.6.0.35
fffed05ac000-fffed05c0000 r--p 0027c000 00:25 3565243                    /usr/lib64/libstdc++.so.6.0.35
fffed05c0000-fffed05c4000 rw-p 00290000 00:25 3565243                    /usr/lib64/libstdc++.so.6.0.35
fffed05c4000-fffed05c8000 rw-p 00000000 00:00 0 
fffed08a0000-fffed0964000 r-xp 00000000 00:25 3098619                    /usr/lib64/libzstd.so.1.5.7
fffed0964000-fffed097c000 ---p 000c4000 00:25 3098619                    /usr/lib64/libzstd.so.1.5.7
fffed097c000-fffed0980000 r--p 000cc000 00:25 3098619                    /usr/lib64/libzstd.so.1.5.7
fffed0980000-fffed0984000 rw-p 000d0000 00:25 3098619                    /usr/lib64/libzstd.so.1.5.7
fffed0b90000-fffed0ca8000 r-xp 00000000 00:25 3105144                    /usr/lib64/libGLdispatch.so.0.0.0
fffed0ca8000-fffed0cb4000 ---p 00118000 00:25 3105144                    /usr/lib64/libGLdispatch.so.0.0.0
fffed0cb4000-fffed0cd0000 r--p 00124000 00:25 3105144                    /usr/lib64/libGLdispatch.so.0.0.0
fffed0cd0000-fffed0cd4000 rw-p 00140000 00:25 3105144                    /usr/lib64/libGLdispatch.so.0.0.0
fffed0cd4000-fffed0cdc000 rw-p 00000000 00:00 0 
fffed0d90000-fffed0d98000 r-xp 00000000 00:25 3101940                    /usr/lib64/libXfixes.so.3.1.0
fffed0d98000-fffed0dac000 ---p 00008000 00:25 3101940                    /usr/lib64/libXfixes.so.3.1.0
fffed0dac000-fffed0db0000 r--p 0000c000 00:25 3101940                    /usr/lib64/libXfixes.so.3.1.0
fffed0db0000-fffed0db4000 rw-p 00010000 00:25 3101940                    /usr/lib64/libXfixes.so.3.1.0
fffed0dc0000-fffed0dcc000 r-xp 00000000 00:25 3101960                    /usr/lib64/libXcursor.so.1.0.2
fffed0dcc000-fffed0ddc000 ---p 0000c000 00:25 3101960                    /usr/lib64/libXcursor.so.1.0.2
fffed0ddc000-fffed0de0000 r--p 0000c000 00:25 3101960                    /usr/lib64/libXcursor.so.1.0.2
fffed0de0000-fffed0de4000 rw-p 00000000 00:00 0 
fffed0df0000-fffed0dfc000 r-xp 00000000 00:25 3101950                    /usr/lib64/libXrender.so.1.3.0
fffed0dfc000-fffed0e0c000 ---p 0000c000 00:25 3101950                    /usr/lib64/libXrender.so.1.3.0
fffed0e0c000-fffed0e10000 r--p 0000c000 00:25 3101950                    /usr/lib64/libXrender.so.1.3.0
fffed0e10000-fffed0e14000 rw-p 00010000 00:25 3101950                    /usr/lib64/libXrender.so.1.3.0
fffed0e50000-fffed0e64000 r-xp 00000000 00:25 3101935                    /usr/lib64/libXext.so.6.4.0
fffed0e64000-fffed0e7c000 ---p 00014000 00:25 3101935                    /usr/lib64/libXext.so.6.4.0
fffed0e7c000-fffed0e80000 r--p 0001c000 00:25 3101935                    /usr/lib64/libXext.so.6.4.0
fffed0e80000-fffed0e84000 rw-p 00020000 00:25 3101935                    /usr/lib64/libXext.so.6.4.0
fffed0e90000-fffed0fd8000 r-xp 00000000 00:25 3101932                    /usr/lib64/libX11.so.6.4.0
fffed0fd8000-fffed0fec000 ---p 00148000 00:25 3101932                    /usr/lib64/libX11.so.6.4.0
fffed0fec000-fffed0ff0000 r--p 0014c000 00:25 3101932                    /usr/lib64/libX11.so.6.4.0
fffed0ff0000-fffed0ff4000 rw-p 00150000 00:25 3101932                    /usr/lib64/libX11.so.6.4.0
fffed1000000-fffed1400000 rw-p 00000000 00:00 0 
fffed1470000-fffed1474000 r-xp 00000000 00:25 3101844                    /usr/lib64/libXau.so.6.0.0
fffed1474000-fffed148c000 ---p 00004000 00:25 3101844                    /usr/lib64/libXau.so.6.0.0
fffed148c000-fffed1490000 r--p 0000c000 00:25 3101844                    /usr/lib64/libXau.so.6.0.0
fffed1490000-fffed1494000 rw-p 00000000 00:00 0 
fffed14a0000-fffed1514000 r-xp 00000000 00:2b 2581                       /tmp/lwjgl_anguscrump/3.4.1-snapshot/arm64/libjemalloc.so
fffed1514000-fffed1520000 ---p 00074000 00:2b 2581                       /tmp/lwjgl_anguscrump/3.4.1-snapshot/arm64/libjemalloc.so
fffed1520000-fffed1524000 r--p 00070000 00:2b 2581                       /tmp/lwjgl_anguscrump/3.4.1-snapshot/arm64/libjemalloc.so
fffed1524000-fffed1528000 rw-p 00074000 00:2b 2581                       /tmp/lwjgl_anguscrump/3.4.1-snapshot/arm64/libjemalloc.so
fffed1528000-fffed15b4000 rw-p 00000000 00:00 0 
fffed15c0000-fffed1e00000 rw-p 00000000 00:00 0 
fffed1e00000-fffed1e0c000 ---p 00000000 00:00 0 
fffed1e0c000-fffed2000000 rw-p 00000000 00:00 0 
fffed2000000-fffedfe94000 r--p 00000000 00:25 3810908                    /usr/lib/locale/locale-archive
fffedfea0000-fffedff14000 r-xp 00000000 00:2b 2580                       /tmp/lwjgl_anguscrump/3.4.1-snapshot/arm64/libglfw.so
fffedff14000-fffedff24000 ---p 00074000 00:2b 2580                       /tmp/lwjgl_anguscrump/3.4.1-snapshot/arm64/libglfw.so
fffedff24000-fffedff2c000 rw-p 00074000 00:2b 2580                       /tmp/lwjgl_anguscrump/3.4.1-snapshot/arm64/libglfw.so
fffedff2c000-fffedff50000 rw-p 00000000 00:00 0 
fffedff60000-fffedffe4000 r-xp 00000000 00:2b 2579                       /tmp/lwjgl_anguscrump/3.4.1-snapshot/arm64/liblwjgl.so
fffedffe4000-fffedfff0000 ---p 00084000 00:2b 2579                       /tmp/lwjgl_anguscrump/3.4.1-snapshot/arm64/liblwjgl.so
fffedfff0000-fffedfff4000 r--p 00080000 00:2b 2579                       /tmp/lwjgl_anguscrump/3.4.1-snapshot/arm64/liblwjgl.so
fffedfff4000-fffedfff8000 rw-p 00084000 00:2b 2579                       /tmp/lwjgl_anguscrump/3.4.1-snapshot/arm64/liblwjgl.so
fffee0000000-fffee0400000 rw-p 00000000 00:00 0 
fffee0400000-fffee0be0000 rw-p 00000000 00:00 0 
fffee0be0000-fffee0c00000 rw-p 00000000 00:00 0 
fffee0c00000-fffee0dc0000 rw-p 00000000 00:00 0 
fffee0dc0000-fffee0e00000 rw-p 00000000 00:00 0 
fffee0e00000-fffee1500000 rw-p 00000000 00:00 0 
fffee1500000-fffee1600000 rw-p 00000000 00:00 0 
fffee1600000-fffee4000000 rw-p 00000000 00:00 0 
fffee4000000-fffee4200000 rw-p 00000000 00:00 0 
fffee4200000-fffee8000000 ---p 00000000 00:00 0 
fffee8000000-fffee8200000 rw-p 00000000 00:00 0 
fffee8200000-fffee8600000 rw-p 00000000 00:00 0 
fffee8600000-fffeec000000 ---p 00000000 00:00 0 
fffeec000000-fffeec200000 rw-p 00000000 00:00 0 
fffeec200000-fffef0000000 ---p 00000000 00:00 0 
fffef0000000-fffef0200000 rw-p 00000000 00:00 0 
fffef0200000-fffef4000000 ---p 00000000 00:00 0 
fffef4000000-fffef4200000 rw-p 00000000 00:00 0 
fffef4200000-fffef8000000 ---p 00000000 00:00 0 
fffef8000000-fffef8200000 rw-p 00000000 00:00 0 
fffef8200000-fffefc000000 ---p 00000000 00:00 0 
fffefc010000-fffefc03c000 r-xp 00000000 00:25 3101927                    /usr/lib64/libxcb.so.1.1.0
fffefc03c000-fffefc04c000 ---p 0002c000 00:25 3101927                    /usr/lib64/libxcb.so.1.1.0
fffefc04c000-fffefc050000 r--p 0002c000 00:25 3101927                    /usr/lib64/libxcb.so.1.1.0
fffefc050000-fffefc054000 rw-p 00030000 00:25 3101927                    /usr/lib64/libxcb.so.1.1.0
fffefc060000-fffefc064000 r-xp 00000000 00:25 8789711                    /home/anguscrump/.jdks/jbr-25.0.3/lib/libextnet.so
fffefc064000-fffefc07c000 ---p 00004000 00:25 8789711                    /home/anguscrump/.jdks/jbr-25.0.3/lib/libextnet.so
fffefc07c000-fffefc080000 r--p 0000c000 00:25 8789711                    /home/anguscrump/.jdks/jbr-25.0.3/lib/libextnet.so
fffefc080000-fffefc084000 rw-p 00000000 00:00 0 
fffefc090000-fffefc0c0000 r-xp 00000000 00:25 3098606                    /usr/lib64/libnss_resolve.so.2
fffefc0c0000-fffefc0cc000 ---p 00030000 00:25 3098606                    /usr/lib64/libnss_resolve.so.2
fffefc0cc000-fffefc0d0000 r--p 0003c000 00:25 3098606                    /usr/lib64/libnss_resolve.so.2
fffefc0d0000-fffefc0d4000 rw-p 00040000 00:25 3098606                    /usr/lib64/libnss_resolve.so.2
fffefc0e0000-fffefc0e4000 r-xp 00000000 00:25 3115273                    /usr/lib64/libnss_mdns4_minimal.so.2
fffefc0e4000-fffefc0fc000 ---p 00004000 00:25 3115273                    /usr/lib64/libnss_mdns4_minimal.so.2
fffefc0fc000-fffefc100000 r--p 0000c000 00:25 3115273                    /usr/lib64/libnss_mdns4_minimal.so.2
fffefc100000-fffefc104000 rw-p 00000000 00:00 0 
fffefc110000-fffefc154000 r-xp 00000000 00:25 3098611                    /usr/lib64/libudev.so.1.7.12
fffefc154000-fffefc168000 ---p 00044000 00:25 3098611                    /usr/lib64/libudev.so.1.7.12
fffefc168000-fffefc170000 r--p 00048000 00:25 3098611                    /usr/lib64/libudev.so.1.7.12
fffefc170000-fffefc174000 rw-p 00050000 00:25 3098611                    /usr/lib64/libudev.so.1.7.12
fffefc17c000-fffefc188000 ---p 00000000 00:00 0 
fffefc188000-fffefc1b0000 rw-p 00000000 00:00 0 
fffefc1b0000-fffefc1bc000 ---p 00000000 00:00 0 
fffefc1bc000-fffefc3b0000 rw-p 00000000 00:00 0 
fffefc3b0000-fffefc3bc000 ---p 00000000 00:00 0 
fffefc3bc000-fffefc5b0000 rw-p 00000000 00:00 0 
fffefc5b0000-fffefc5bc000 ---p 00000000 00:00 0 
fffefc5bc000-fffefc7b0000 rw-p 00000000 00:00 0 
fffefc9b0000-fffefc9bc000 ---p 00000000 00:00 0 
fffefc9bc000-fffefcbb0000 rw-p 00000000 00:00 0 
fffefcbb0000-fffefcbbc000 ---p 00000000 00:00 0 
fffefcbbc000-fffefcdb0000 rw-p 00000000 00:00 0 
fffefd1b0000-fffefdc00000 rw-p 00000000 00:00 0 
fffefde00000-fffefde0c000 ---p 00000000 00:00 0 
fffefde0c000-fffefe000000 rw-p 00000000 00:00 0 
fffefe000000-ffff00000000 rw-p 00000000 00:00 0 
ffff00000000-ffff00200000 rw-p 00000000 00:00 0 
ffff00200000-ffff04000000 ---p 00000000 00:00 0 
ffff04000000-ffff04200000 rw-p 00000000 00:00 0 
ffff04200000-ffff08000000 ---p 00000000 00:00 0 
ffff08020000-ffff08044000 r-xp 00000000 00:25 8818188                    /home/anguscrump/.cache/JNA/temp/jna13096489580604054244.tmp (deleted)
ffff08044000-ffff08050000 ---p 00024000 00:25 8818188                    /home/anguscrump/.cache/JNA/temp/jna13096489580604054244.tmp (deleted)
ffff08050000-ffff08054000 r--p 00020000 00:25 8818188                    /home/anguscrump/.cache/JNA/temp/jna13096489580604054244.tmp (deleted)
ffff08054000-ffff08058000 rw-p 00024000 00:25 8818188                    /home/anguscrump/.cache/JNA/temp/jna13096489580604054244.tmp (deleted)
ffff08060000-ffff08070000 r-xp 00000000 00:25 8789741                    /home/anguscrump/.jdks/jbr-25.0.3/lib/libverify.so
ffff08070000-ffff0807c000 ---p 00010000 00:25 8789741                    /home/anguscrump/.jdks/jbr-25.0.3/lib/libverify.so
ffff0807c000-ffff08080000 r--p 0000c000 00:25 8789741                    /home/anguscrump/.jdks/jbr-25.0.3/lib/libverify.so
ffff08080000-ffff08084000 rw-p 00000000 00:00 0 
ffff08090000-ffff080b0000 r-xp 00000000 00:25 3565233                    /usr/lib64/libgcc_s-16-20260501.so.1
ffff080b0000-ffff080bc000 ---p 00020000 00:25 3565233                    /usr/lib64/libgcc_s-16-20260501.so.1
ffff080bc000-ffff080c0000 r--p 0001c000 00:25 3565233                    /usr/lib64/libgcc_s-16-20260501.so.1
ffff080c0000-ffff080c4000 rw-p 00000000 00:00 0 
ffff080d0000-ffff080fc000 r-xp 00000000 00:25 3098605                    /usr/lib64/libnss_myhostname.so.2
ffff080fc000-ffff08108000 ---p 0002c000 00:25 3098605                    /usr/lib64/libnss_myhostname.so.2
ffff08108000-ffff08110000 r--p 00028000 00:25 3098605                    /usr/lib64/libnss_myhostname.so.2
ffff08110000-ffff08114000 rw-p 00030000 00:25 3098605                    /usr/lib64/libnss_myhostname.so.2
ffff08120000-ffff08128000 r-xp 00000000 00:25 8789729                    /home/anguscrump/.jdks/jbr-25.0.3/lib/libmanagement_ext.so
ffff08128000-ffff0813c000 ---p 00008000 00:25 8789729                    /home/anguscrump/.jdks/jbr-25.0.3/lib/libmanagement_ext.so
ffff0813c000-ffff08140000 r--p 0000c000 00:25 8789729                    /home/anguscrump/.jdks/jbr-25.0.3/lib/libmanagement_ext.so
ffff08140000-ffff08144000 rw-p 00000000 00:00 0 
ffff08150000-ffff08154000 r-xp 00000000 00:25 8789728                    /home/anguscrump/.jdks/jbr-25.0.3/lib/libmanagement.so
ffff08154000-ffff0816c000 ---p 00004000 00:25 8789728                    /home/anguscrump/.jdks/jbr-25.0.3/lib/libmanagement.so
ffff0816c000-ffff08170000 r--p 0000c000 00:25 8789728                    /home/anguscrump/.jdks/jbr-25.0.3/lib/libmanagement.so
ffff08170000-ffff08174000 rw-p 00000000 00:00 0 
ffff08380000-ffff08388000 r-xp 00000000 00:25 8789743                    /home/anguscrump/.jdks/jbr-25.0.3/lib/libzip.so
ffff08388000-ffff0839c000 ---p 00008000 00:25 8789743                    /home/anguscrump/.jdks/jbr-25.0.3/lib/libzip.so
ffff0839c000-ffff083a0000 r--p 0000c000 00:25 8789743                    /home/anguscrump/.jdks/jbr-25.0.3/lib/libzip.so
ffff083a0000-ffff083a4000 rw-p 00000000 00:00 0 
ffff083b0000-ffff083bc000 r-xp 00000000 00:25 8789731                    /home/anguscrump/.jdks/jbr-25.0.3/lib/libnet.so
ffff083bc000-ffff083cc000 ---p 0000c000 00:25 8789731                    /home/anguscrump/.jdks/jbr-25.0.3/lib/libnet.so
ffff083cc000-ffff083d0000 r--p 0000c000 00:25 8789731                    /home/anguscrump/.jdks/jbr-25.0.3/lib/libnet.so
ffff083d0000-ffff083d4000 rw-p 00000000 00:00 0 
ffff083dc000-ffff083e8000 ---p 00000000 00:00 0 
ffff083e8000-ffff085dc000 rw-p 00000000 00:00 0 
ffff085dc000-ffff085e8000 ---p 00000000 00:00 0 
ffff085e8000-ffff087dc000 rw-p 00000000 00:00 0 
ffff087dc000-ffff087e8000 ---p 00000000 00:00 0 
ffff087e8000-ffff089dc000 rw-p 00000000 00:00 0 
ffff089dc000-ffff089e8000 ---p 00000000 00:00 0 
ffff089e8000-ffff08bdc000 rw-p 00000000 00:00 0 
ffff08bdc000-ffff08be8000 ---p 00000000 00:00 0 
ffff08be8000-ffff08ddc000 rw-p 00000000 00:00 0 
ffff08ddc000-ffff08de8000 ---p 00000000 00:00 0 
ffff08de8000-ffff08fdc000 rw-p 00000000 00:00 0 
ffff08fdc000-ffff08fe8000 ---p 00000000 00:00 0 
ffff08fe8000-ffff091dc000 rw-p 00000000 00:00 0 
ffff091dc000-ffff091e8000 ---p 00000000 00:00 0 
ffff091e8000-ffff093dc000 rw-p 00000000 00:00 0 
ffff093dc000-ffff0a364000 rw-p 00000000 00:00 0 
ffff0a364000-ffff0cf4c000 ---p 00000000 00:00 0 
ffff0cf4c000-ffff0cffc000 rw-p 00000000 00:00 0 
ffff0cffc000-ffff0eb2c000 rwxp 00000000 00:00 0 
ffff0eb2c000-ffff14534000 ---p 00000000 00:00 0 
ffff14534000-ffff148b4000 rwxp 00000000 00:00 0 
ffff148b4000-ffff14ac8000 ---p 00000000 00:00 0 
ffff14ac8000-ffff157d8000 rwxp 00000000 00:00 0 
ffff157d8000-ffff1c000000 ---p 00000000 00:00 0 
ffff1c000000-ffff1fff4000 r--s 00000000 00:25 8789745                    /home/anguscrump/.jdks/jbr-25.0.3/lib/modules
ffff20000000-ffff20200000 rw-p 00000000 00:00 0 
ffff20200000-ffff24000000 rw-p 00000000 00:00 0 
ffff24020000-ffff24034000 r-xp 00000000 00:25 8789733                    /home/anguscrump/.jdks/jbr-25.0.3/lib/libnio.so
ffff24034000-ffff2404c000 ---p 00014000 00:25 8789733                    /home/anguscrump/.jdks/jbr-25.0.3/lib/libnio.so
ffff2404c000-ffff24050000 r--p 0001c000 00:25 8789733                    /home/anguscrump/.jdks/jbr-25.0.3/lib/libnio.so
ffff24050000-ffff24054000 rw-p 00020000 00:25 8789733                    /home/anguscrump/.jdks/jbr-25.0.3/lib/libnio.so
ffff24058000-ffff24254000 rw-p 00000000 00:00 0 
ffff24254000-ffff24464000 rw-p 00000000 00:00 0 
ffff24464000-ffff24470000 ---p 00000000 00:00 0 
ffff24470000-ffff24884000 rw-p 00000000 00:00 0 
ffff24884000-ffff24888000 rw-p 00000000 00:00 0 
ffff24888000-ffff2488c000 r-xp 00000000 00:2b 9912                       /tmp/#9912 (deleted)
ffff2488c000-ffff24890000 rw-p 00000000 00:00 0 
ffff248f4000-ffff24d14000 rw-p 00000000 00:00 0 
ffff24d14000-ffff25638000 rw-p 00000000 00:00 0 
ffff25638000-ffff25c68000 rw-p 00000000 00:00 0 
ffff25c68000-ffff25edc000 rw-p 00000000 00:00 0 
ffff25edc000-ffff26454000 ---p 00000000 00:00 0 
ffff26454000-ffff26660000 rw-p 00000000 00:00 0 
ffff26660000-ffff26bd8000 ---p 00000000 00:00 0 
ffff26bd8000-ffff27448000 rw-p 00000000 00:00 0 
ffff27448000-ffff275e8000 ---p 00000000 00:00 0 
ffff275e8000-ffff27658000 rw-p 00000000 00:00 0 
ffff27658000-ffff277c0000 ---p 00000000 00:00 0 
ffff277c0000-ffff277e4000 r-xp 00000000 00:25 8789719                    /home/anguscrump/.jdks/jbr-25.0.3/lib/libjava.so
ffff277e4000-ffff277fc000 ---p 00024000 00:25 8789719                    /home/anguscrump/.jdks/jbr-25.0.3/lib/libjava.so
ffff277fc000-ffff27800000 r--p 0002c000 00:25 8789719                    /home/anguscrump/.jdks/jbr-25.0.3/lib/libjava.so
ffff27800000-ffff27804000 rw-p 00030000 00:25 8789719                    /home/anguscrump/.jdks/jbr-25.0.3/lib/libjava.so
ffff27810000-ffff2782c000 r-xp 00000000 00:25 8789723                    /home/anguscrump/.jdks/jbr-25.0.3/lib/libjimage.so
ffff2782c000-ffff2783c000 ---p 0001c000 00:25 8789723                    /home/anguscrump/.jdks/jbr-25.0.3/lib/libjimage.so
ffff2783c000-ffff27840000 r--p 0001c000 00:25 8789723                    /home/anguscrump/.jdks/jbr-25.0.3/lib/libjimage.so
ffff27840000-ffff27844000 rw-p 00020000 00:25 8789723                    /home/anguscrump/.jdks/jbr-25.0.3/lib/libjimage.so
ffff27850000-ffff2785c000 ---p 00000000 00:00 0 
ffff2785c000-ffff27a50000 rw-p 00000000 00:00 0 
ffff27a50000-ffff27b00000 r-xp 00000000 00:25 3800671                    /usr/lib64/libm.so.6
ffff27b00000-ffff27b0c000 ---p 000b0000 00:25 3800671                    /usr/lib64/libm.so.6
ffff27b0c000-ffff27b10000 r--p 000ac000 00:25 3800671                    /usr/lib64/libm.so.6
ffff27b10000-ffff27b14000 rw-p 000b0000 00:25 3800671                    /usr/lib64/libm.so.6
ffff27b20000-ffff27b24000 r-xp 00000000 00:25 3800679                    /usr/lib64/librt.so.1
ffff27b24000-ffff27b3c000 ---p 00004000 00:25 3800679                    /usr/lib64/librt.so.1
ffff27b3c000-ffff27b40000 r--p 0000c000 00:25 3800679                    /usr/lib64/librt.so.1
ffff27b40000-ffff27b44000 rw-p 00000000 00:00 0 
ffff27b50000-ffff28ed0000 r-xp 00000000 00:25 8789753                    /home/anguscrump/.jdks/jbr-25.0.3/lib/server/libjvm.so
ffff28ed0000-ffff28ee0000 ---p 01380000 00:25 8789753                    /home/anguscrump/.jdks/jbr-25.0.3/lib/server/libjvm.so
ffff28ee0000-ffff28fc0000 r--p 01380000 00:25 8789753                    /home/anguscrump/.jdks/jbr-25.0.3/lib/server/libjvm.so
ffff28fc0000-ffff28ff0000 rw-p 01460000 00:25 8789753                    /home/anguscrump/.jdks/jbr-25.0.3/lib/server/libjvm.so
ffff28ff0000-ffff29098000 rw-p 00000000 00:00 0 
ffff290a0000-ffff290a4000 r-xp 00000000 00:25 3800677                    /usr/lib64/libpthread.so.0
ffff290a4000-ffff290bc000 ---p 00004000 00:25 3800677                    /usr/lib64/libpthread.so.0
ffff290bc000-ffff290c0000 r--p 0000c000 00:25 3800677                    /usr/lib64/libpthread.so.0
ffff290c0000-ffff290c4000 rw-p 00000000 00:00 0 
ffff290d0000-ffff290d4000 r-xp 00000000 00:25 3800670                    /usr/lib64/libdl.so.2
ffff290d4000-ffff290ec000 ---p 00004000 00:25 3800670                    /usr/lib64/libdl.so.2
ffff290ec000-ffff290f0000 r--p 0000c000 00:25 3800670                    /usr/lib64/libdl.so.2
ffff290f0000-ffff290f4000 rw-p 00000000 00:00 0 
ffff29100000-ffff29120000 r-xp 00000000 00:25 3098599                    /usr/lib64/libz.so.1.3.1.zlib-ng
ffff29120000-ffff2912c000 ---p 00020000 00:25 3098599                    /usr/lib64/libz.so.1.3.1.zlib-ng
ffff2912c000-ffff29130000 r--p 0001c000 00:25 3098599                    /usr/lib64/libz.so.1.3.1.zlib-ng
ffff29130000-ffff29134000 rw-p 00020000 00:25 3098599                    /usr/lib64/libz.so.1.3.1.zlib-ng
ffff29140000-ffff292e8000 r-xp 00000000 00:25 3800669                    /usr/lib64/libc.so.6
ffff292e8000-ffff292fc000 ---p 001a8000 00:25 3800669                    /usr/lib64/libc.so.6
ffff292fc000-ffff29300000 r--p 001ac000 00:25 3800669                    /usr/lib64/libc.so.6
ffff29300000-ffff29304000 rw-p 001b0000 00:25 3800669                    /usr/lib64/libc.so.6
ffff29304000-ffff2930c000 rw-p 00000000 00:00 0 
ffff29318000-ffff2931c000 r--p 00000000 00:00 0 
ffff2931c000-ffff29324000 r--s 00000000 00:25 3811701                    /usr/lib64/gconv/gconv-modules.cache
ffff29324000-ffff29338000 rw-p 00000000 00:00 0 
ffff29338000-ffff29340000 ---p 00000000 00:00 0 
ffff29340000-ffff29350000 r-xp 00000000 00:25 8789724                    /home/anguscrump/.jdks/jbr-25.0.3/lib/libjli.so
ffff29350000-ffff2935c000 ---p 00010000 00:25 8789724                    /home/anguscrump/.jdks/jbr-25.0.3/lib/libjli.so
ffff2935c000-ffff29360000 r--p 0000c000 00:25 8789724                    /home/anguscrump/.jdks/jbr-25.0.3/lib/libjli.so
ffff29360000-ffff29364000 rw-p 00010000 00:25 8789724                    /home/anguscrump/.jdks/jbr-25.0.3/lib/libjli.so
ffff29364000-ffff2936c000 rw-s 00000000 00:2b 9910                       /tmp/hsperfdata_anguscrump/366922 (deleted)
ffff2936c000-ffff29370000 ---p 00000000 00:00 0 
ffff29370000-ffff29374000 r--p 00000000 00:00 0 
ffff29374000-ffff29384000 r--p 00000000 00:00 0                          [vvar]
ffff29384000-ffff29388000 r-xp 00000000 00:00 0                          [vdso]
ffff29388000-ffff293b4000 r-xp 00000000 00:25 3800657                    /usr/lib/ld-linux-aarch64.so.1
ffff293b4000-ffff293b8000 rw-p 00000000 00:00 0 
ffff293b8000-ffff293bc000 ---p 00000000 00:00 0 
ffff293bc000-ffff293c4000 rw-p 00000000 00:00 0 
ffff293c4000-ffff293c8000 r--p 0002c000 00:25 3800657                    /usr/lib/ld-linux-aarch64.so.1
ffff293c8000-ffff293cc000 rw-p 00030000 00:25 3800657                    /usr/lib/ld-linux-aarch64.so.1
ffffeca80000-ffffecaa4000 rw-p 00000000 00:00 0                          [stack]
Total number of mappings: 620

JVMTI agents: none


VM Arguments:
jvm_args: -Dfabric.dli.config=/home/anguscrump/Documents/Coding/ribbon-world/.gradle/loom-cache/launch.cfg -Dfabric.dli.env=client -Dfabric.dli.main=net.fabricmc.loader.impl.launch.knot.KnotClient --sun-misc-unsafe-memory-access=allow --enable-native-access=ALL-UNNAMED --sun-misc-unsafe-memory-access=allow --enable-native-access=ALL-UNNAMED -Dfile.encoding=UTF-8 -Duser.country=AU -Duser.language=en -Duser.variant -Dawt.toolkit.name=XToolkit 
java_command: net.fabricmc.devlaunchinjector.Main
java_class_path (initial): /home/anguscrump/Documents/Coding/ribbon-world/build/classes/java/client:/home/anguscrump/Documents/Coding/ribbon-world/build/resources/client:/home/anguscrump/.gradle/caches/modules-2/files-2.1/net.fabricmc/fabric-loader/0.19.2/cc647a5b22dbc49b9a3267cebcee25fc4882b108/fabric-loader-0.19.2.jar:/home/anguscrump/.gradle/caches/modules-2/files-2.1/net.fabricmc.fabric-api/fabric-api/0.149.0+26.1.2/1d3aa9049af831d4d7ed7fbf1b5f0fbb37d7fab4/fabric-api-0.149.0+26.1.2.jar:/home/anguscrump/.gradle/caches/modules-2/files-2.1/org.ow2.asm/asm/9.9/c29635c8a7afa03d74b33c1884df8abb2b3f3dcc/asm-9.9.jar:/home/anguscrump/.gradle/caches/modules-2/files-2.1/org.ow2.asm/asm-analysis/9.9/bf4fa6e66638851c1cd22c2caea0c3ee5d5f437/asm-analysis-9.9.jar:/home/anguscrump/.gradle/caches/modules-2/files-2.1/org.ow2.asm/asm-commons/9.9/db9165a3bf908ded6b08612d583a15d1d0c7bda0/asm-commons-9.9.jar:/home/anguscrump/.gradle/caches/modules-2/files-2.1/org.ow2.asm/asm-tree/9.9/f8de6eead6d24dd0f45bd065bbe112b2cda6ea21/asm-tree-9.9.jar:/home/anguscrump/.gradle/caches/modules-2/files-2.1/org.ow2.asm/asm-util/9.9/42fdfc0508b43807c8078d6e82ecff2ce2112ae8/asm-util-9.9.jar:/home/anguscrump/.gradle/caches/modules-2/files-2.1/net.fabricmc/sponge-mixin/0.17.2+mixin.0.8.7/edf98d1d98229e46e36c61774ae2b54dcd852981/sponge-mixin-0.17.2+mixin.0.8.7.jar:/home/anguscrump/.gradle/caches/modules-2/files-2.1/io.github.llamalad7/mixinextras-fabric/0.5.4/5e167154bcb9942111313a5e186e16cd7265f858/mixinextras-fabric-0.5.4.jar:/home/anguscrump/.gradle/caches/modules-2/files-2.1/net.fabricmc/dev-launch-injector/0.2.1+build.8/da8bef7e6e2f952da707f282bdb46882a0fce5e3/dev-launch-injector-0.2.1+build.8.jar:/home/anguscrump/.gradle/caches/modules-2/files-2.1/net.fabricmc/fabric-log4j-util/1.0.2/ef0b3fb613356feb75a67d54f2fad6f03a006648/fabric-log4j-util-1.0.2.jar:/home/anguscrump/.gradle/caches/modules-2/files-2.1/at.yawk.lz4/lz4-java/1.10.1/f541d7f910fe3d76f38f799c507c48cc81b12ecb/lz4-java-1.10.1.jar:/home/anguscrump/.gradle/caches/modules-2/files-2.1/com.azure/azure-json/1.4.0/fcc1d354dbc3e0300e5276b1bf124d0247799cd8/azure-json-1.4.0.jar:/home/anguscrump/.gradle/caches/modules-2/files-2.1/com.github.oshi/oshi-core/6.9.0/3224870731860cfcd7744581a05b559e94291e7/oshi-core-6.9.0.jar:/home/anguscrump/.gradle/caches/modules-2/files-2.1/com.google.code.gson/gson/2.13.2/48b8230771e573b54ce6e867a9001e75977fe78e/gson-2.13.2.jar:/home/anguscrump/.gradle/caches/modules-2/files-2.1/com.google.guava/failureaccess/1.0.3/aeaffd00d57023a2c947393ed251f0354f0985fc/failureaccess-1.0.3.jar:/home/anguscrump/.gradle/caches/modules-2/files-2.1/com.google.guava/guava/33.5.0-jre/8699de25f2f979108d6c1b804a7ba38cda1116bc/guava-33.5.0-jre.jar:/home/anguscrump/.gradle/caches/modules-2/files-2.1/com.ibm.icu/icu4j/77.1/38693cf0b1d7362a8b726af74dc06026a7c23809/icu4j-77.1.jar:/home/anguscrump/.gradle/caches/modules-2/files-2.1/com.microsoft.azure/msal4j/1.23.1/6c722b514873b24a4e1ce9c22dca36ea3c22bdbe/msal4j-1.23.1.jar:/home/anguscrump/.gradle/caches/modules-2/files-2.1/com.mojang/authlib/7.0.63/54895b4e25e8b9b4cbbbe25f24eccf2b71b1ac2b/authlib-7.0.63.jar:/home/anguscrump/.gradle/caches/modules-2/files-2.1/com.mojang/blocklist/1.0.10/5c685c5ffa94c4cd39496c7184c1d122e515ecef/blocklist-1.0.10.jar:/home/anguscrump/.gradle/caches/modules-2/files-2.1/com.mojang/brigadier/1.3.10/d15b53a14cf20fdcaa98f731af5dda654452c010/brigadier-1.3.10.jar:/home/anguscrump/.gradle/caches/modules-2/files-2.1/com.mojang/datafixerupper/9.0.19/4e91f9712fa1e83231d1501625381b0210a977da/datafixerupper-9.0.19.jar:/home/anguscrump/.gradle/caches/modules-2/files-2.1/com.mojang/jtracy/1.0.37/a3fb649b2e2b2288d2978f0b0bc3d83f62809d1e/jtracy-1.0.37.jar:/home/anguscrump/.gradle/caches/modules-2/files-2.1/com.mojang/jtracy/1.0.37/e1b4395227af41195da9e2ead13c48ee0b7d31cd/jtracy-1.0.37-natives-linux.jar:/home/anguscrump/.gradle/caches/modules-2/files-2.1/com.mojang/logging/1.6.11/fd147240733010c158249d986323f9ef98977fe/logging-1.6.11.jar:/home/anguscrump/.gradle/caches/modules-2/files-2.1/com.mojang/patchy/2.2.10/da05971b07cbb379d002cf7eaec6a2048211fefc/patchy-2.2.10.jar:/home/anguscrump/.gradle/caches/modules-2/files-2.1/com.mojang/text2speech/1.18.11/e853a12cdd6ba4f4836e8f4bf3b37844a13482b6/text2speech-1.18.11.jar:/home/anguscrump/.gradle/caches/modules-2/files-2.1/commons-codec/commons-codec/1.19.0/8c0dbe3ae883fceda9b50a6c76e745e548073388/commons-codec-1.19.0.jar:/home/anguscrump/.gradle/caches/modules-2/files-2.1/commons-io/commons-io/2.20.0/36f3474daec2849c149e877614e7f979b2082cd2/commons-io-2.20.0.jar:/home/anguscrump/.gradle/caches/modules-2/files-2.1/io.netty/netty-buffer/4.2.7.Final/5555ff561643bf2f8430fb57c24403c0efe15994/netty-buffer-4.2.7.Final.jar:/home/anguscrump/.gradle/caches/modules-2/files-2.1/io.netty/netty-codec-base/4.2.7.Final/915e381ebabcf115f1c7ff7032d55c48afb50210/netty-codec-base-4.2.7.Final.jar:/home/anguscrump/.gradle/caches/modules-2/files-2.1/io.netty/netty-codec-compression/4.2.7.Final/572341bc1ca90fd9d6e47f1d2694aab5258566e9/netty-codec-compression-4.2.7.Final.jar:/home/anguscrump/.gradle/caches/modules-2/files-2.1/io.netty/netty-codec-http/4.2.7.Final/b734c108854099c421fd94d92d9f865e4d4da853/netty-codec-http-4.2.7.Final.jar:/home/anguscrump/.gradle/caches/modules-2/files-2.1/io.netty/netty-common/4.2.7.Final/11aa30df26af4fca3239ac1917f303a280f301e1/netty-common-4.2.7.Final.jar:/home/anguscrump/.gradle/caches/modules-2/files-2.1/io.netty/netty-handler/4.2.7.Final/7ad8a1f851e2e6fe93cdd091871fda2b81c03b5b/netty-handler-4.2.7.Final.jar:/home/anguscrump/.gradle/caches/modules-2/files-2.1/io.netty/netty-resolver/4.2.7.Final/5f3e5ef8de03992cd4fb46960dc0085ec1a12a12/netty-resolver-4.2.7.Final.jar:/home/anguscrump/.gradle/caches/modules-2/files-2.1/io.netty/netty-transport-classes-epoll/4.2.7.Final/1075c09f48a78eef9d819fbfd9096b903fdd362a/netty-transport-classes-epoll-4.2.7.Final.jar:/home/anguscrump/.gradle/caches/modules-2/files-2.1/io.netty/netty-transport-classes-kqueue/4.2.7.Final/bdec7c23c75caabd848426d073c09568e8d5f94e/netty-transport-classes-kqueue-4.2.7.Final.jar:/home/anguscrump/.gradle/caches/modules-2/files-2.1/io.netty/netty-transport-native-epoll/4.2.7.Final/98d02251c98c8f07a23ac5ea27657d9e0ef57614/netty-transport-native-epoll-4.2.7.Final-linux-aarch_64.jar:/home/anguscrump/.gradle/caches/modules-2/files-2.1/io.netty/netty-transport-native-epoll/4.2.7.Final/e83998bfc10b5289d9bcbe807c4079ef0eed8e6f/netty-transport-native-epoll-4.2.7.Final-linux-x86_64.jar:/home/anguscrump/.gradle/caches/modules-2/files-2.1/io.netty/netty-transport-native-unix-common/4.2.7.Final/89953f04259ea7502cffb313630dd51e00e60669/netty-transport-native-unix-common-4.2.7.Final.jar:/home/anguscrump/.gradle/caches/modules-2/files-2.1/io.netty/netty-transport/4.2.7.Final/83ea548981d0d8c4a98027cc1a6f9624f902e142/netty-transport-4.2.7.Final.jar:/home/anguscrump/.gradle/caches/modules-2/files-2.1/it.unimi.dsi/fastutil/8.5.18/a6cff377eecc19c2037bf31568a6d7106b50ba1f/fastutil-8.5.18.jar:/home/anguscrump/.gradle/caches/modules-2/files-2.1/net.java.dev.jna/jna-platform/5.17.0/a4934c44d25a9d8c2ddf4203affd20330cb3426f/jna-platform-5.17.0.jar:/home/anguscrump/.gradle/caches/modules-2/files-2.1/net.java.dev.jna/jna/5.17.0/33d12735bef894440780fce64f9758d420c7bae2/jna-5.17.0.jar:/home/anguscrump/.gradle/caches/modules-2/files-2.1/net.sf.jopt-simple/jopt-simple/5.0.4/4fdac2fbe92dfad86aa6e9301736f6b4342a3f5c/jopt-simple-5.0.4.jar:/home/anguscrump/.gradle/caches/modules-2/files-2.1/org.apache.commons/commons-compress/1.28.0/e482f2c7a88dac3c497e96aa420b6a769f59c8d7/commons-compress-1.28.0.jar:/home/anguscrump/.gradle/caches/modules-2/files-2.1/org.apache.commons/commons-lang3/3.19.0/d6524b169a6574cd253760c472d419b47bfd37e6/commons-lang3-3.19.0.jar:/home/anguscrump/.gradle/caches/modules-2/files-2.1/org.apache.logging.log4j/log4j-api/2.25.2/292c1a2b1702f1e1e3adb13e1c57e5bff60335ff/log4j-api-2.25.2.jar:/home/anguscrump/.gradle/caches/modules-2/files-2.1/org.apache.logging.log4j/log4j-core/2.25.2/d4d0ad2e51e03e531f784891fbfff1bae1e13a12/log4j-core-2.25.2.jar:/home/anguscrump/.gradle/caches/modules-2/files-2.1/org.apache.logging.log4j/log4j-slf4j2-impl/2.25.2/5eec0c392661dee8a366baec17e8896900dd978f/log4j-slf4j2-impl-2.25.2.jar:/home/anguscrump/.gradle/caches/modules-2/files-2.1/org.jcraft/jorbis/0.0.17/8872d22b293e8f5d7d56ff92be966e6dc28ebdc6/jorbis-0.0.17.jar:/home/anguscrump/.gradle/caches/modules-2/files-2.1/org.joml/joml/1.10.8/fc0a71dad90a2cf41d82a76156a0e700af8e4f8d/joml-1.10.8.jar:/home/anguscrump/.gradle/caches/modules-2/files-2.1/org.jspecify/jspecify/1.0.0/7425a601c1c7ec76645a78d22b8c6a627edee507/jspecify-1.0.0.jar:/home/anguscrump/.gradle/caches/modules-2/files-2.1/org.lwjgl/lwjgl-freetype/3.4.1/caa75a37e857efc9b0686e434d708d6420c5b6ea/lwjgl-freetype-3.4.1.jar:/home/anguscrump/.gradle/caches/modules-2/files-2.1/org.lwjgl/lwjgl-freetype/3.4.1/8f37d0da3386ff602ec54cd06626881895711041/lwjgl-freetype-3.4.1-natives-linux-arm64.jar:/home/anguscrump/.gradle/caches/modules-2/files-2.1/org.lwjgl/lwjgl-freetype/3.4.1/40a29a29b1549c4cad073ccd682e3776ffb454fa/lwjgl-freetype-3.4.1-natives-linux.jar:/home/anguscrump/.gradle/caches/modules-2/files-2.1/org.lwjgl/lwjgl-glfw/3.4.1/a782b1ddd175c9107bf300fd92920579ea65e2a4/lwjgl-glfw-3.4.1.jar:/home/anguscrump/.gradle/caches/modules-2/files-2.1/org.lwjgl/lwjgl-glfw/3.4.1/e5e87034c47118960746077dba46280e8de864b3/lwjgl-glfw-3.4.1-natives-linux-arm64.jar:/home/anguscrump/.gradle/caches/modules-2/files-2.1/org.lwjgl/lwjgl-glfw/3.4.1/23cdf7655ce9f3b27ad90f08e73345e0d5b46362/lwjgl-glfw-3.4.1-natives-linux.jar:/home/anguscrump/.gradle/caches/modules-2/files-2.1/org.lwjgl/lwjgl-jemalloc/3.4.1/16b663092854fc6adfe0a941e61cae2bb2e437b6/lwjgl-jemalloc-3.4.1.jar:/home/anguscrump/.gradle/caches/modules-2/files-2.1/org.lwjgl/lwjgl-jemalloc/3.4.1/7891964dfb723209c6d02b0401432348fb707cc0/lwjgl-jemalloc-3.4.1-natives-linux-arm64.jar:/home/anguscrump/.gradle/caches/modules-2/files-2.1/org.lwjgl/lwjgl-jemalloc/3.4.1/b83c82d941f2e624d150d6d1e2efcf4ea49ff8ea/lwjgl-jemalloc-3.4.1-natives-linux.jar:/home/anguscrump/.gradle/caches/modules-2/files-2.1/org.lwjgl/lwjgl-openal/3.4.1/8508bd60589de0539aa465b78fcf838efd07ae9a/lwjgl-openal-3.4.1.jar:/home/anguscrump/.gradle/caches/modules-2/files-2.1/org.lwjgl/lwjgl-openal/3.4.1/3729b70cdd42df5571b075e051fa2fc8586dc538/lwjgl-openal-3.4.1-natives-linux-arm64.jar:/home/anguscrump/.gradle/caches/modules-2/files-2.1/org.lwjgl/lwjgl-openal/3.4.1/dbff577119266cd4312e4eb9cc2b171407c56360/lwjgl-openal-3.4.1-natives-linux.jar:/home/anguscrump/.gradle/caches/modules-2/files-2.1/org.lwjgl/lwjgl-opengl/3.4.1/830412cab823c029cda6b9729f9d2ed36cf79959/lwjgl-opengl-3.4.1.jar:/home/anguscrump/.gradle/caches/modules-2/files-2.1/org.lwjgl/lwjgl-opengl/3.4.1/61a4103e56bbaeb74ad3f19ec14299fd6891c4b0/lwjgl-opengl-3.4.1-natives-linux-arm64.jar:/home/anguscrump/.gradle/caches/modules-2/files-2.1/org.lwjgl/lwjgl-opengl/3.4.1/b750599f0e75ddb19f1d0fe993f3011334b710ae/lwjgl-opengl-3.4.1-natives-linux.jar:/home/anguscrump/.gradle/caches/modules-2/files-2.1/org.lwjgl/lwjgl-stb/3.4.1/f077c3dafc31924fbe8acb0b913f08977ba27f8e/lwjgl-stb-3.4.1.jar:/home/anguscrump/.gradle/caches/modules-2/files-2.1/org.lwjgl/lwjgl-stb/3.4.1/3bc107f901f931fea07cb0d80b1d74a34b806a2b/lwjgl-stb-3.4.1-natives-linux-arm64.jar:/home/anguscrump/.gradle/caches/modules-2/files-2.1/org.lwjgl/lwjgl-stb/3.4.1/7e1cfae909da6c68f3cb6073a9bfeb6c90e82a57/lwjgl-stb-3.4.1-natives-linux.jar:/home/anguscrump/.gradle/caches/modules-2/files-2.1/org.lwjgl/lwjgl-tinyfd/3.4.1/562697d40dbd2ed0424bf24dcf65d51170f81adf/lwjgl-tinyfd-3.4.1.jar:/home/anguscrump/.gradle/caches/modules-2/files-2.1/org.lwjgl/lwjgl-tinyfd/3.4.1/20771d2b4e01f5295156912ab62e170508aef618/lwjgl-tinyfd-3.4.1-natives-linux-arm64.jar:/home/anguscrump/.gradle/caches/modules-2/files-2.1/org.lwjgl/lwjgl-tinyfd/3.4.1/fc6a72690afc8defb60d82ad1de64dd8f537154c/lwjgl-tinyfd-3.4.1-natives-linux.jar:/home/anguscrump/.gradle/caches/modules-2/files-2.1/org.lwjgl/lwjgl/3.4.1/6105690714874b995aa7812e4f7732a21109276c/lwjgl-3.4.1.jar:/home/anguscrump/.gradle/caches/modules-2/files-2.1/org.lwjgl/lwjgl/3.4.1/46883f3b622d8b4d7f27b627ca3360cda3db0e0e/lwjgl-3.4.1-natives-linux-arm64.jar:/home/anguscrump/.gradle/caches/modules-2/files-2.1/org.lwjgl/lwjgl/3.4.1/2734e106bd95db49fe0da8cf8bf7fd96475c436c/lwjgl-3.4.1-natives-linux.jar:/home/anguscrump/.gradle/caches/modules-2/files-2.1/org.slf4j/slf4j-api/2.0.17/d9e58ac9c7779ba3bf8142aff6c830617a7fe60f/slf4j-api-2.0.17.jar:/home/anguscrump/Documents/Coding/ribbon-world/.gradle/loom-cache/minecraftMaven/net/minecraft/minecraft-clientOnly-52430b475d/26.1.2/minecraft-clientOnly-52430b475d-26.1.2.jar:/home/anguscrump/Documents/Coding/ribbon-world/.gradle/loom-cache/minecraftMaven/net/minecraft/minecraft-common-52430b475d/26.1.2/minecraft-common-52430b475d-26.1.2.jar:/home/anguscrump/.gradle/caches/modules-2/files-2.1/io.netty/netty-transport-native-kqueue/4.2.7.Final/40868fd4e43bce2798245f790624b58803dc26b6/netty-transport-native-kqueue-4.2.7.Final-osx-x86_64.jar:/home/anguscrump/.gradle/caches/modules-2/files-2.1/io.netty/netty-transport-native-kqueue/4.2.7.Final/e5a0feef41410c8a5ae00c6cb4e0c99bd0aded6a/netty-transport-native-kqueue-4.2.7.Final-osx-aarch_64.jar:/home/anguscrump/.gradle/caches/modules-2/files-2.1/net.fabricmc.fabric-api/fabric-transfer-api-v1/8.0.5+357ea7334c/2aff9d7c8e917d2a69c71aa18e28c915e0040a8e/fabric-transfer-api-v1-8.0.5+357ea7334c.jar:/home/anguscrump/.gradle/caches/modules-2/files-2.1/net.fabricmc.fabric-api/fabric-api-lookup-api-v1/2.0.11+d5a053b64c/dbb4489647b411352b735654440311d7560dc1f4/fabric-api-lookup-api-v1-2.0.11+d5a053b64c.jar:/home/anguscrump/.gradle/caches/modules-2/files-2.1/net.fabricmc.fabric-api/fabric-command-api-v2/3.0.5+e2bdee784c/d2bfa62e2f489900be2210dfb84458dcdecb75b6/fabric-command-api-v2-3.0.5+e2bdee784c.jar:/home/anguscrump/.gradle/caches/modules-2/files-2.1/net.fabricmc.fabric-api/fabric-content-registries-v0/11.1.1+1a3b26974c/8761c4bd7f8feb484746055f6ff22e387cd84e9f/fabric-content-registries-v0-11.1.1+1a3b26974c.jar:/home/anguscrump/.gradle/caches/modules-2/files-2.1/net.fabricmc.fabric-api/fabric-data-generation-api-v1/24.2.0+73b1f9054c/d5dcd98301b93a9b2470d354d150327e264797c5/fabric-data-generation-api-v1-24.2.0+73b1f9054c.jar:/home/anguscrump/.gradle/caches/modules-2/files-2.1/net.fabricmc.fabric-api/fabric-convention-tags-v2/4.6.0+e47fb87c4c/40a40554e3e4d37b5640c0198bc81a1b94735f2c/fabric-convention-tags-v2-4.6.0+e47fb87c4c.jar:/home/anguscrump/.gradle/caches/modules-2/files-2.1/net.fabricmc.fabric-api/fabric-creative-tab-api-v1/5.0.11+d871b99e4c/9e6937cef2aa7955d2ff66c9d2415118c58ec15c/fabric-creative-tab-api-v1-5.0.11+d871b99e4c.jar:/home/anguscrump/.gradle/caches/modules-2/files-2.1/net.fabricmc.fabric-api/fabric-data-attachment-api-v1/2.2.6+d602a8964c/91d2f002a7431a412cef7016c5ca7ee2b3c67718/fabric-data-attachment-api-v1-2.2.6+d602a8964c.jar:/home/anguscrump/.gradle/caches/modules-2/files-2.1/net.fabricmc.fabric-api/fabric-debug-api-v1/1.0.1+c792624d4c/3e65954340d5153face34ee7d2f9b114271bca38/fabric-debug-api-v1-1.0.1+c792624d4c.jar:/home/anguscrump/.gradle/caches/modules-2/files-2.1/net.fabricmc.fabric-api/fabric-dimensions-v1/5.1.5+9cbf5da54c/53c66317546644a3915ec20df2d77f4e3093ffab/fabric-dimensions-v1-5.1.5+9cbf5da54c.jar:/home/anguscrump/.gradle/caches/modules-2/files-2.1/net.fabricmc.fabric-api/fabric-entity-events-v1/5.0.2+e2bdee784c/3f15c7b85c55f03b5d5fa89a48a0eb1dc6461465/fabric-entity-events-v1-5.0.2+e2bdee784c.jar:/home/anguscrump/.gradle/caches/modules-2/files-2.1/net.fabricmc.fabric-api/fabric-events-interaction-v0/5.2.1+a67251b84c/cf25f4932ae4d3df49bf5ad0c69be40f8abda289/fabric-events-interaction-v0-5.2.1+a67251b84c.jar:/home/anguscrump/.gradle/caches/modules-2/files-2.1/net.fabricmc.fabric-api/fabric-game-rule-api-v1/4.0.5+d871b99e4c/8b1189ddbfe446bf9468920526ed668db253da65/fabric-game-rule-api-v1-4.0.5+d871b99e4c.jar:/home/anguscrump/.gradle/caches/modules-2/files-2.1/net.fabricmc.fabric-api/fabric-gametest-api-v1/4.0.15+00a1fba64c/99dddf025652afece2f37a5f857c6ee5f7feedb1/fabric-gametest-api-v1-4.0.15+00a1fba64c.jar:/home/anguscrump/.gradle/caches/modules-2/files-2.1/net.fabricmc.fabric-api/fabric-item-api-v1/14.1.2+73d134684c/cb7fd76b622fbc467cb65f067c212fc256d3809f/fabric-item-api-v1-14.1.2+73d134684c.jar:/home/anguscrump/.gradle/caches/modules-2/files-2.1/net.fabricmc.fabric-api/fabric-recipe-api-v1/9.0.15+be4b75ae4c/c3510ef358ce97ea4fc804cd2f75f30c574ec947/fabric-recipe-api-v1-9.0.15+be4b75ae4c.jar:/home/anguscrump/.gradle/caches/modules-2/files-2.1/net.fabricmc.fabric-api/fabric-model-loading-api-v1/8.0.6+c80601bb4c/733d4b6475fa49b58125b0b1a6a9070cc5faa8c8/fabric-model-loading-api-v1-8.0.6+c80601bb4c.jar:/home/anguscrump/.gradle/caches/modules-2/files-2.1/net.fabricmc.fabric-api/fabric-renderer-indigo/8.1.0+1403e82c4c/2a11c1c6826ec7e4254d1cfa20f2f9b50da0ec7f/fabric-renderer-indigo-8.1.0+1403e82c4c.jar:/home/anguscrump/.gradle/caches/modules-2/files-2.1/net.fabricmc.fabric-api/fabric-renderer-api-v1/13.0.3+c80601bb4c/15b7e69feefe6e4157134633f96c62a80b41f44a/fabric-renderer-api-v1-13.0.3+c80601bb4c.jar:/home/anguscrump/.gradle/caches/modules-2/files-2.1/net.fabricmc.fabric-api/fabric-rendering-v1/23.1.0+1403e82c4c/96b6c53c0f9e4497597a4a06509b143c9e345efe/fabric-rendering-v1-23.1.0+1403e82c4c.jar:/home/anguscrump/.gradle/caches/modules-2/files-2.1/net.fabricmc.fabric-api/fabric-lifecycle-events-v1/4.1.0+6d50a0854c/52281bf82f04922d65a30d3f91975feb00911826/fabric-lifecycle-events-v1-4.1.0+6d50a0854c.jar:/home/anguscrump/.gradle/caches/modules-2/files-2.1/net.fabricmc.fabric-api/fabric-loot-api-v3/3.0.12+00a1fba64c/58ffa00757774d7060115afa05742753ff26c769/fabric-loot-api-v3-3.0.12+00a1fba64c.jar:/home/anguscrump/.gradle/caches/modules-2/files-2.1/net.fabricmc.fabric-api/fabric-menu-api-v1/2.0.13+d871b99e4c/e59c4c081a5dc1afb27c0167d6e1480c670c4d29/fabric-menu-api-v1-2.0.13+d871b99e4c.jar:/home/anguscrump/.gradle/caches/modules-2/files-2.1/net.fabricmc.fabric-api/fabric-message-api-v1/7.0.5+dae8ce3e4c/6211835e1348e8b9b89defb98a616adb483b8284/fabric-message-api-v1-7.0.5+dae8ce3e4c.jar:/home/anguscrump/.gradle/caches/modules-2/files-2.1/net.fabricmc.fabric-api/fabric-particles-v1/5.0.15+b61fef434c/e9659d152cefb7255056f432234a11621ab00945/fabric-particles-v1-5.0.15+b61fef434c.jar:/home/anguscrump/.gradle/caches/modules-2/files-2.1/net.fabricmc.fabric-api/fabric-object-builder-api-v1/23.0.16+b95dd56e4c/64b623486a5962dada51cb3e8a114ee49a6ba9de/fabric-object-builder-api-v1-23.0.16+b95dd56e4c.jar:/home/anguscrump/.gradle/caches/modules-2/files-2.1/net.fabricmc.fabric-api/fabric-registry-sync-v0/7.0.13+b61fef434c/b7cd637ba58adacb2abfd54f5f438211e5c3210d/fabric-registry-sync-v0-7.0.13+b61fef434c.jar:/home/anguscrump/.gradle/caches/modules-2/files-2.1/net.fabricmc.fabric-api/fabric-networking-api-v1/6.3.1+554860db4c/38ac77944d5e0fc623a163cde9b3eca04f791296/fabric-networking-api-v1-6.3.1+554860db4c.jar:/home/anguscrump/.gradle/caches/modules-2/files-2.1/net.fabricmc.fabric-api/fabric-permission-api-v1/1.0.0+f3e738be4c/67222d8951d4e68a26f7e42697ce7fdb3c4e8ce9/fabric-permission-api-v1-1.0.0+f3e738be4c.jar:/home/anguscrump/.gradle/caches/modules-2/files-2.1/net.fabricmc.fabric-api/fabric-rendering-fluids-v1/6.0.1+d871b99e4c/fe53bab501b2a582517f39ede3e1514074e8de7/fabric-rendering-fluids-v1-6.0.1+d871b99e4c.jar:/home/anguscrump/.gradle/caches/modules-2/files-2.1/net.fabricmc.fabric-api/fabric-tag-api-v1/2.1.0+73b1f9054c/5467b88af064043d14a1cbc32ebc65bf86a4898b/fabric-tag-api-v1-2.1.0+73b1f9054c.jar:/home/anguscrump/.gradle/caches/modules-2/files-2.1/net.fabricmc.fabric-api/fabric-resource-loader-v0/3.3.17+4fc5413f4c/c2e496d77853c7fd1f2b3bd00b44e355dc6ba576/fabric-resource-loader-v0-3.3.17+4fc5413f4c.jar:/home/anguscrump/.gradle/caches/modules-2/files-2.1/net.fabricmc.fabric-api/fabric-resource-loader-v1/2.0.10+7c44c7324c/bb44ca7ae64fe82666c2cd99920cdc017b15f368/fabric-resource-loader-v1-2.0.10+7c44c7324c.jar:/home/anguscrump/.gradle/caches/modules-2/files-2.1/net.fabricmc.fabric-api/fabric-screen-api-v1/5.0.1+d871b99e4c/fecba1d91754428c2d1f5f2e4d25685de3a8f71f/fabric-screen-api-v1-5.0.1+d871b99e4c.jar:/home/anguscrump/.gradle/caches/modules-2/files-2.1/net.fabricmc.fabric-api/fabric-api-base/2.0.3+ece063234c/bdf802883d0f9c1034c436367ab2c7e04ce34ca6/fabric-api-base-2.0.3+ece063234c.jar:/home/anguscrump/.gradle/caches/modules-2/files-2.1/net.fabricmc.fabric-api/fabric-biome-api-v1/18.0.4+35c80edc4c/c82be6aa7922f3212e1bac9441b25a7faa21c057/fabric-biome-api-v1-18.0.4+35c80edc4c.jar:/home/anguscrump/.gradle/caches/modules-2/files-2.1/net.fabricmc.fabric-api/fabric-block-api-v1/3.0.2+ec56b6014c/f5f91f5b317b7acd3014677dd909b55ebc4097b2/fabric-block-api-v1-3.0.2+ec56b6014c.jar:/home/anguscrump/.gradle/caches/modules-2/files-2.1/net.fabricmc.fabric-api/fabric-block-getter-api-v2/2.0.6+ec56b6014c/caabc9eb2f3823864682da5a1c5381a035c00d5f/fabric-block-getter-api-v2-2.0.6+ec56b6014c.jar:/home/anguscrump/.gradle/caches/modules-2/files-2.1/net.fabricmc.fabric-api/fabric-client-gametest-api-v1/5.0.16+cef2a4834c/3f63763d1230c87b2c43aa84c88916fce323687a/fabric-client-gametest-api-v1-5.0.16+cef2a4834c.jar:/home/anguscrump/.gradle/caches/modules-2/files-2.1/net.fabricmc.fabric-api/fabric-crash-report-info-v1/1.0.3+9f78a5a84c/8af0277ba9afc03c6882490db447d40d55ebcedb/fabric-crash-report-info-v1-1.0.3+9f78a5a84c.jar:/home/anguscrump/.gradle/caches/modules-2/files-2.1/net.fabricmc.fabric-api/fabric-key-mapping-api-v1/2.0.4+e2bdee784c/b098e3e06b71a0fec9d18843ba9327f038b7cd5/fabric-key-mapping-api-v1-2.0.4+e2bdee784c.jar:/home/anguscrump/.gradle/caches/modules-2/files-2.1/net.fabricmc.fabric-api/fabric-resource-conditions-api-v1/6.0.5+00a1fba64c/a8ca3e526e0825ee71a36a317cf5c33f0cda0e96/fabric-resource-conditions-api-v1-6.0.5+00a1fba64c.jar:/home/anguscrump/.gradle/caches/modules-2/files-2.1/net.fabricmc.fabric-api/fabric-serialization-api-v1/2.0.3+11a26f314c/55fc25d96a2a848b93a02f48220dff0181ec3056/fabric-serialization-api-v1-2.0.3+11a26f314c.jar:/home/anguscrump/.gradle/caches/modules-2/files-2.1/net.fabricmc.fabric-api/fabric-sound-api-v1/2.0.4+11a26f314c/b63ce87810bc5aa495cb39be7efd2b07e6772822/fabric-sound-api-v1-2.0.4+11a26f314c.jar:/home/anguscrump/.gradle/caches/modules-2/files-2.1/net.fabricmc.fabric-api/fabric-transitive-access-wideners-v1/8.1.0+acd9108d4c/d03c3735d4057a1d574c6e8d51fec7d21ab63b5c/fabric-transitive-access-wideners-v1-8.1.0+acd9108d4c.jar:/home/anguscrump/Documents/Coding/ribbon-world/build/classes/java/main:/home/anguscrump/Documents/Coding/ribbon-world/build/resources/main
Launcher Type: SUN_STANDARD

[Global flags]
     intx CICompilerCount                          = 4                                         {product} {ergonomic}
     uint ConcGCThreads                            = 2                                         {product} {ergonomic}
     uint G1ConcRefinementThreads                  = 9                                         {product} {ergonomic}
   size_t G1HeapRegionSize                         = 2097152                                   {product} {ergonomic}
   size_t InitialHeapSize                          = 260046848                                 {product} {ergonomic}
   size_t MarkStackSize                            = 4194304                                   {product} {ergonomic}
   size_t MarkStackSizeMax                         = 536870912                                 {product} {ergonomic}
   size_t MaxHeapSize                              = 4034920448                                {product} {ergonomic}
   size_t MaxNewSize                               = 2420113408                                {product} {ergonomic}
   size_t MinHeapDeltaBytes                        = 2097152                                   {product} {ergonomic}
   size_t MinHeapSize                              = 8388608                                   {product} {ergonomic}
    uintx NonNMethodCodeHeapSize                   = 5849088                                {pd product} {ergonomic}
    uintx NonProfiledCodeHeapSize                  = 122912768                              {pd product} {ergonomic}
    uintx ProfiledCodeHeapSize                     = 122912768                              {pd product} {ergonomic}
    uintx ReservedCodeCacheSize                    = 251674624                              {pd product} {ergonomic}
     bool SegmentedCodeCache                       = true                                      {product} {ergonomic}
   size_t SoftMaxHeapSize                          = 4034920448                             {manageable} {ergonomic}
     bool UseCompressedOops                        = true                           {product lp64_product} {ergonomic}
     bool UseG1GC                                  = true                                      {product} {ergonomic}

Logging:
Log output configuration:
 #0: 
[error occurred during error reporting (printing log configuration), id 0xb, SIGSEGV (0xb) at pc=0x0000ffff286605b8]
Release file:
JAVA_VERSION="25.0.3"
MODULES="java.base java.compiler java.datatransfer java.xml java.prefs java.desktop java.instrument java.logging java.management java.security.sasl java.naming java.rmi java.management.rmi java.net.http java.scripting java.security.jgss java.transaction.xa java.sql java.sql.rowset java.xml.crypto java.se java.smartcardio jdk.accessibility jdk.internal.jvmstat jdk.attach jdk.charsets jdk.internal.opt jdk.zipfs jdk.compiler jdk.crypto.cryptoki jdk.crypto.ec jdk.dynalink jdk.internal.ed jdk.editpad jdk.internal.vm.ci jdk.graal.compiler jdk.graal.compiler.management jdk.hotspot.agent jdk.httpserver jdk.incubator.vector jdk.internal.le jdk.internal.md jdk.jartool jdk.javadoc jdk.jcmd jdk.management jdk.management.agent jdk.jconsole jdk.jdeps jdk.jdwp.agent jdk.jdi jdk.jfr jdk.jlink jdk.jpackage jdk.jshell jdk.jsobject jdk.jstatd jdk.localedata jdk.management.jfr jdk.naming.dns jdk.naming.rmi jdk.net jdk.nio.mapmode jdk.sctp jdk.security.auth jdk.security.jgss jdk.unsupported jdk.unsupported.desktop jdk.xml.dom"
IMPLEMENTOR="JetBrains s.r.o."
IMPLEMENTOR_VERSION="JBRSDK-25.0.3+9-480.61-nomod"
JAVA_RUNTIME_VERSION="25.0.3+9-b480.61"
LIBC="gnu"
OS_ARCH="aarch64"
OS_NAME="Linux"
SOURCE=".:git:52b04970adc8+"

Environment Variables:
PATH=/home/anguscrump/.local/bin:/home/anguscrump/bin:/usr/local/sbin:/usr/local/bin:/usr/sbin:/usr/bin:/sbin:/bin:/var/lib/snapd/snap/bin:/home/anguscrump/.cargo/bin
XDG_CACHE_HOME=/home/anguscrump/.cache
XDG_CONFIG_HOME=/home/anguscrump/.config
SHELL=/bin/bash
DISPLAY=:0
WAYLAND_DISPLAY=wayland-1
LANG=en_AU.UTF-8

Active Locale:
LC_ALL=en_AU.UTF-8
LC_COLLATE=en_AU.UTF-8
LC_CTYPE=en_AU.UTF-8
LC_MESSAGES=en_AU.UTF-8
LC_MONETARY=en_AU.UTF-8
LC_NUMERIC=en_AU.UTF-8
LC_TIME=en_AU.UTF-8

Signal Handlers:
   SIGSEGV: crash_handler in libjvm.so, mask=11100100010111111101111111111110, flags=SA_RESTART|SA_SIGINFO, unblocked
    SIGBUS: crash_handler in libjvm.so, mask=11100100010111111101111111111110, flags=SA_RESTART|SA_SIGINFO, unblocked
    SIGFPE: crash_handler in libjvm.so, mask=11100100010111111101111111111110, flags=SA_RESTART|SA_SIGINFO, unblocked
   SIGPIPE: javaSignalHandler in libjvm.so, mask=11100100010111111101111111111110, flags=SA_RESTART|SA_SIGINFO, blocked
   SIGXFSZ: javaSignalHandler in libjvm.so, mask=11100100010111111101111111111110, flags=SA_RESTART|SA_SIGINFO, blocked
    SIGILL: crash_handler in libjvm.so, mask=11100100010111111101111111111110, flags=SA_RESTART|SA_SIGINFO, unblocked
   SIGUSR2: SR_handler in libjvm.so, mask=00000000000000000000000000000000, flags=SA_RESTART|SA_SIGINFO, blocked
    SIGHUP: UserHandler in libjvm.so, mask=11100100010111111101111111111110, flags=SA_RESTART|SA_SIGINFO, blocked
    SIGINT: UserHandler in libjvm.so, mask=11100100010111111101111111111110, flags=SA_RESTART|SA_SIGINFO, blocked
   SIGTERM: UserHandler in libjvm.so, mask=11100100010111111101111111111110, flags=SA_RESTART|SA_SIGINFO, blocked
   SIGQUIT: UserHandler in libjvm.so, mask=11100100010111111101111111111110, flags=SA_RESTART|SA_SIGINFO, blocked
   SIGTRAP: crash_handler in libjvm.so, mask=11100100010111111101111111111110, flags=SA_RESTART|SA_SIGINFO, unblocked


Compilation memory statistics disabled.

Periodic native trim disabled

JNI global refs:
JNI global refs: 64, weak refs: 47

JNI global refs memory usage: 1491, weak refs: 1489

Process memory usage:
Resident Set Size: 1556896K (9% of 15755056K total physical memory with 5162176K free physical memory)

OOME stack traces (most recent first):
Classloader memory used:
Loader net.fabricmc.loader.impl.launch.knot.KnotClassLoader                            : 118 M
Loader bootstrap                                                                       : 12216 K
Loader jdk.internal.loader.ClassLoaders$AppClassLoader                                 : 7008 K
Loader jdk.internal.loader.ClassLoaders$PlatformClassLoader                            : 499 K

---------------  S Y S T E M  ---------------

OS:
Fedora Asahi Remix release 44 (Forty Four)
uname: Linux 7.0.8-fairydust+ #1 SMP PREEMPT_DYNAMIC Sun May 17 15:02:15 AEST 2026 aarch64
OS uptime: 0 days 7:31 hours
libc: glibc 2.43 NPTL 2.43 
rlimit (soft/hard): STACK 8192k/infinity , CORE infinity/infinity , NPROC 31098/31098 , NOFILE 524288/524288 , AS infinity/infinity , CPU infinity/infinity , DATA infinity/infinity , FSIZE infinity/infinity , MEMLOCK 8192k/8192k
load average: 3.06 2.34 1.66

/proc/meminfo:
MemTotal:       15755056 kB
MemFree:         1541968 kB
MemAvailable:    5158016 kB
Buffers:             480 kB
Cached:          5557280 kB
SwapCached:       895360 kB
Active:          5134144 kB
Inactive:        6706096 kB
Active(anon):    4917584 kB
Inactive(anon):  2466448 kB
Active(file):     216560 kB
Inactive(file):  4239648 kB
Unevictable:      895376 kB
Mlocked:             688 kB
SwapTotal:      33554336 kB
SwapFree:       31206128 kB
Zswap:            263520 kB
Zswapped:         918144 kB
Dirty:             18048 kB
Writeback:             0 kB
AnonPages:       6884112 kB
Mapped:           776800 kB
Shmem:           1101840 kB
KReclaimable:     303168 kB
Slab:             696208 kB
SReclaimable:     303168 kB
SUnreclaim:       393040 kB
KernelStack:       58080 kB
PageTables:        81072 kB
SecPageTables:      1744 kB
NFS_Unstable:          0 kB
Bounce:                0 kB
WritebackTmp:          0 kB
CommitLimit:    41431856 kB
Committed_AS:   36786272 kB
VmallocTotal:   136898928640 kB
VmallocUsed:      107040 kB
VmallocChunk:          0 kB
Percpu:             7200 kB
HardwareCorrupted:     0 kB
AnonHugePages:     98304 kB
ShmemHugePages:        0 kB
ShmemPmdMapped:        0 kB
FileHugePages:         0 kB
FilePmdMapped:         0 kB
CmaTotal:          65536 kB
CmaFree:           28640 kB
Balloon:               0 kB
HugePages_Total:       0
HugePages_Free:        0
HugePages_Rsvd:        0
HugePages_Surp:        0
Hugepagesize:      32768 kB
Hugetlb:               0 kB

/sys/kernel/mm/transparent_hugepage/enabled: always [madvise] never
/sys/kernel/mm/transparent_hugepage/hpage_pmd_size: 33554432
/sys/kernel/mm/transparent_hugepage/shmem_enabled: always within_size advise [never] deny force
/sys/kernel/mm/transparent_hugepage/defrag (defrag/compaction efforts parameter): always defer defer+madvise [madvise] never

Process Memory:
Virtual Size: 10937024K (peak: 11459760K)
Resident Set Size: 1558608K (peak: 1661552K) (anon: 1486064K, file: 68992K, shmem: 3552K)
Swapped out: 0K
C-Heap outstanding allocations: 130453K, retained: 250202K
glibc malloc tunables: (default)

/proc/sys/kernel/threads-max (system-wide limit on the number of threads): 62196
/proc/sys/vm/max_map_count (maximum number of memory map areas a process may have): 1048576
/proc/sys/vm/swappiness (control to define how aggressively the kernel swaps out anonymous memory): 60
/proc/sys/kernel/pid_max (system-wide limit on number of process identifiers): 4194304

container information not found.
Steal ticks since vm start: 0
Steal ticks percentage since vm start:  0.000

CPU: total 10 (initial active 10) 0x61:0x2:0x025:0(0x024), fp, asimd, evtstrm, aes, pmull, sha1, sha256, crc32, lse, fphp, asimdhp, dcpop, sha3, sha512, paca
/proc/cpuinfo:
processor	: 0
BogoMIPS	: 48.00
Features	: fp asimd evtstrm aes pmull sha1 sha2 crc32 atomics fphp asimdhp cpuid asimdrdm jscvt fcma lrcpc dcpop sha3 asimddp sha512 asimdfhm dit uscat ilrcpc flagm ssbs sb paca pacg dcpodp flagm2 frint
CPU implementer	: 0x61
CPU architecture: 8
CPU variant	: 0x2
CPU part	: 0x024
CPU revision	: 0

processor	: 1
BogoMIPS	: 48.00
Features	: fp asimd evtstrm aes pmull sha1 sha2 crc32 atomics fphp asimdhp cpuid asimdrdm jscvt fcma lrcpc dcpop sha3 asimddp sha512 asimdfhm dit uscat ilrcpc flagm ssbs sb paca pacg dcpodp flagm2 frint
CPU implementer	: 0x61
CPU architecture: 8
CPU variant	: 0x2
CPU part	: 0x024
CPU revision	: 0

processor	: 2
BogoMIPS	: 48.00
Features	: fp asimd evtstrm aes pmull sha1 sha2 crc32 atomics fphp asimdhp cpuid asimdrdm jscvt fcma lrcpc dcpop sha3 asimddp sha512 asimdfhm dit uscat ilrcpc flagm ssbs sb paca pacg dcpodp flagm2 frint
CPU implementer	: 0x61
CPU architecture: 8
CPU variant	: 0x2
CPU part	: 0x025
CPU revision	: 0

processor	: 3
BogoMIPS	: 48.00
Features	: fp asimd evtstrm aes pmull sha1 sha2 crc32 atomics fphp asimdhp cpuid asimdrdm jscvt fcma lrcpc dcpop sha3 asimddp sha512 asimdfhm dit uscat ilrcpc flagm ssbs sb paca pacg dcpodp flagm2 frint
CPU implementer	: 0x61
CPU architecture: 8
CPU variant	: 0x2
CPU part	: 0x025
CPU revision	: 0

processor	: 4
BogoMIPS	: 48.00
Features	: fp asimd evtstrm aes pmull sha1 sha2 crc32 atomics fphp asimdhp cpuid asimdrdm jscvt fcma lrcpc dcpop sha3 asimddp sha512 asimdfhm dit uscat ilrcpc flagm ssbs sb paca pacg dcpodp flagm2 frint
CPU implementer	: 0x61
CPU architecture: 8
CPU variant	: 0x2
CPU part	: 0x025
CPU revision	: 0

processor	: 5
BogoMIPS	: 48.00
Features	: fp asimd evtstrm aes pmull sha1 sha2 crc32 atomics fphp asimdhp cpuid asimdrdm jscvt fcma lrcpc dcpop sha3 asimddp sha512 asimdfhm dit uscat ilrcpc flagm ssbs sb paca pacg dcpodp flagm2 frint
CPU implementer	: 0x61
CPU architecture: 8
CPU variant	: 0x2
CPU part	: 0x025
CPU revision	: 0

processor	: 6
BogoMIPS	: 48.00
Features	: fp asimd evtstrm aes pmull sha1 sha2 crc32 atomics fphp asimdhp cpuid asimdrdm jscvt fcma lrcpc dcpop sha3 asimddp sha512 asimdfhm dit uscat ilrcpc flagm ssbs sb paca pacg dcpodp flagm2 frint
CPU implementer	: 0x61
CPU architecture: 8
CPU variant	: 0x2
CPU part	: 0x025
CPU revision	: 0

processor	: 7
BogoMIPS	: 48.00
Features	: fp asimd evtstrm aes pmull sha1 sha2 crc32 atomics fphp asimdhp cpuid asimdrdm jscvt fcma lrcpc dcpop sha3 asimddp sha512 asimdfhm dit uscat ilrcpc flagm ssbs sb paca pacg dcpodp flagm2 frint
CPU implementer	: 0x61
CPU architecture: 8
CPU variant	: 0x2
CPU part	: 0x025
CPU revision	: 0

processor	: 8
BogoMIPS	: 48.00
Features	: fp asimd evtstrm aes pmull sha1 sha2 crc32 atomics fphp asimdhp cpuid asimdrdm jscvt fcma lrcpc dcpop sha3 asimddp sha512 asimdfhm dit uscat ilrcpc flagm ssbs sb paca pacg dcpodp flagm2 frint
CPU implementer	: 0x61
CPU architecture: 8
CPU variant	: 0x2
CPU part	: 0x025
CPU revision	: 0

processor	: 9
BogoMIPS	: 48.00
Features	: fp asimd evtstrm aes pmull sha1 sha2 crc32 atomics fphp asimdhp cpuid asimdrdm jscvt fcma lrcpc dcpop sha3 asimddp sha512 asimdfhm dit uscat ilrcpc flagm ssbs sb paca pacg dcpodp flagm2 frint
CPU implementer	: 0x61
CPU architecture: 8
CPU variant	: 0x2
CPU part	: 0x025
CPU revision	: 0


Online cpus: 0-9
Offline cpus: 

Memory: 16k page, physical 15755056k(5158016k free), swap 33554336k(31206128k free)
Page Sizes: 16k

vm_info: OpenJDK 64-Bit Server VM (25.0.3+9-b480.61) for linux-aarch64 JRE (25.0.3+9-b480.61), built on 2026-05-12 with gcc 10.3.1 20210422 (Red Hat 10.3.1-1.2.0.1)

END.
