#
# A fatal error has been detected by the Java Runtime Environment:
#
#  SIGSEGV (0xb) at pc=0x0000fffe038bc670, pid=38397, tid=38417
#
# JRE version: OpenJDK Runtime Environment JBR-25.0.3+9-480.61-nomod (25.0.3+9) (build 25.0.3+9-b480.61)
# Java VM: OpenJDK 64-Bit Server VM JBR-25.0.3+9-480.61-nomod (25.0.3+9-b480.61, mixed mode, sharing, tiered, compressed oops, compressed class ptrs, g1 gc, linux-aarch64)
# Problematic frame:
# C  [libopenal.so+0x9c670]
#
# Core dump will be written. Default location: Determined by the following: "/usr/lib/systemd/systemd-coredump %P %u %g %s %t %c %h %d %F" (alternatively, falling back to /home/anguscrump/Documents/Coding/ribbon-world/run/core.38397)
#
# If you would like to submit a bug report, please visit:
#   https://youtrack.jetbrains.com/issues/JBR
#

---------------  S U M M A R Y ------------

Command Line: -Dfabric.dli.config=/home/anguscrump/Documents/Coding/ribbon-world/.gradle/loom-cache/launch.cfg -Dfabric.dli.env=client -Dfabric.dli.main=net.fabricmc.loader.impl.launch.knot.KnotClient --sun-misc-unsafe-memory-access=allow --enable-native-access=ALL-UNNAMED --sun-misc-unsafe-memory-access=allow --enable-native-access=ALL-UNNAMED -Dfile.encoding=UTF-8 -Duser.country=AU -Duser.language=en -Duser.variant -Dawt.toolkit.name=XToolkit net.fabricmc.devlaunchinjector.Main

Host: AArch64, 10 cores, 15G, Fedora Asahi Remix release 44 (Forty Four)
Time: Wed May 20 13:07:25 2026 AEST elapsed time: 107.501179 seconds (0d 0h 1m 47s)

---------------  T H R E A D  ---------------

Current thread (0x0000fffec820da80):  VMThread "VM Thread"          [id=38417, stack(0x0000fffecc1e4000,0x0000fffecc3e4000) (2048K)]

Stack: [0x0000fffecc1e4000,0x0000fffecc3e4000],  sp=0x0000fffecc3e21b0,  free space=2040k
Native frames: (J=compiled Java code, j=interpreted, Vv=VM code, C=native code)
C  [libopenal.so+0x9c670]
C  [libc.so.6+0x3eb2c]  __run_exit_handlers+0x1ac
C  [libc.so.6+0x3ec20]  internal_addseverity+0x0
V  [libjvm.so+0xc7c05c]
V  [libjvm.so+0x88dad0]  vm_exit(int)+0x0
V  [libjvm.so+0xf8e1c4]  VM_Operation::evaluate()+0xf4
V  [libjvm.so+0xf91550]  VMThread::evaluate_operation(VM_Operation*)+0xb0
V  [libjvm.so+0xf92138]  VMThread::inner_execute(VM_Operation*)+0x2d8
V  [libjvm.so+0xf92450]  VMThread::run()+0xac
V  [libjvm.so+0xef92b8]  Thread::call_run()+0xa8
V  [libjvm.so+0xc71af4]  thread_native_entry(Thread*)+0xe0
C  [libc.so.6+0x8f81c]  start_thread+0x3bc

siginfo: si_signo: 11 (SIGSEGV), si_code: 1 (SEGV_MAPERR), si_addr: 0x0000000000000000

Registers:
R0=0x0000fffe039d4c38
R1=0x0000000000000000
R2=0x0000000000000000
R3=0x0000000000000000
R4=0x0000fffdf4000030
R5=0x00000000424104fc
R6=0x0000000000000020
R7=0x0000fffe98001db0
R8=0x0000fffdf40020f0
R9=0x446997bfdbda88bc
R10=0x0000000000000055
R11=0x0000fffed0e666e8
R12=0x0000000000000030
R13=0x0000fffecc3e3880
R14=0x0000000000000000
R15=0x0000fffe98062540
R16=0x0000000000000001
R17=0x0000fffed0d41b40
R18=0x0000000000000012
R19=0x0000fffdf40020f0
R20=0x0000fffdf40021a0
R21=0x0000fffe039d4be8
R22=0x0000fffdf40020d0
R23=0x0000fffe039d4b58
R24=0x0000fffe039d4c68
R25=0x0000fffeca828790
R26=0x0000000000000b2b
R27=0x0000fffe038bc5a4
R28=0x0000fffe039d4be8
R29=0x0000fffecc3e21b0
R30=0x0000fffe038bc660


Register to memory mapping:

R0 =0x0000fffe039d4c38: <offset 0x00000000001b4c38> in /tmp/lwjgl_anguscrump/3.4.1-snapshot/arm64/libopenal.so at 0x0000fffe03820000
R1 =0x0 is null
R2 =0x0 is null
R3 =0x0 is null
R4 =0x0000fffdf4000030 points into unknown readable memory: 0x0000000200000000 | 00 00 00 00 02 00 00 00
R5 =0x00000000424104fc is an unknown value
R6 =0x0000000000000020 is an unknown value
R7 =0x0000fffe98001db0 points into unknown readable memory: 0x0000000200000002 | 02 00 00 00 02 00 00 00
R8 =0x0000fffdf40020f0 points into unknown readable memory: 0x0000000000000000 | 00 00 00 00 00 00 00 00
R9 =0x446997bfdbda88bc is an unknown value
R10=0x0000000000000055 is an unknown value
R11=0x0000fffed0e666e8: <offset 0x00000000001c66e8> in /lib64/libc.so.6 at 0x0000fffed0ca0000
R12=0x0000000000000030 is an unknown value
R13=0x0000fffecc3e3880 points into unknown readable memory: 0x0000fffec81f5930 | 30 59 1f c8 fe ff 00 00
R14=0x0 is null
R15=0x0000fffe98062540 points into unknown readable memory: 0x0000000000000040 | 40 00 00 00 00 00 00 00
R16=0x0000000000000001 is an unknown value
R17=0x0000fffed0d41b40: __libc_free+0x0000000000000000 in /lib64/libc.so.6 at 0x0000fffed0ca0000
R18=0x0000000000000012 is an unknown value
R19=0x0000fffdf40020f0 points into unknown readable memory: 0x0000000000000000 | 00 00 00 00 00 00 00 00
R20=0x0000fffdf40021a0 points into unknown readable memory: 0x0000fffdf40000c8 | c8 00 00 f4 fd ff 00 00
R21=0x0000fffe039d4be8: <offset 0x00000000001b4be8> in /tmp/lwjgl_anguscrump/3.4.1-snapshot/arm64/libopenal.so at 0x0000fffe03820000
R22=0x0000fffdf40020d0 points into unknown readable memory: 0x0000fffdf4000078 | 78 00 00 f4 fd ff 00 00
R23=0x0000fffe039d4b58: <offset 0x00000000001b4b58> in /tmp/lwjgl_anguscrump/3.4.1-snapshot/arm64/libopenal.so at 0x0000fffe03820000
R24=0x0000fffe039d4c68: <offset 0x00000000001b4c68> in /tmp/lwjgl_anguscrump/3.4.1-snapshot/arm64/libopenal.so at 0x0000fffe03820000
R25=0x0000fffeca828790 points into unknown readable memory: 0x0000fffeca7e8720 | 20 87 7e ca fe ff 00 00
R26=0x0000000000000b2b is an unknown value
R27=0x0000fffe038bc5a4: <offset 0x000000000009c5a4> in /tmp/lwjgl_anguscrump/3.4.1-snapshot/arm64/libopenal.so at 0x0000fffe03820000
R28=0x0000fffe039d4be8: <offset 0x00000000001b4be8> in /tmp/lwjgl_anguscrump/3.4.1-snapshot/arm64/libopenal.so at 0x0000fffe03820000
R29=0x0000fffecc3e21b0 points into unknown readable memory: 0x0000fffecc3e21f0 | f0 21 3e cc fe ff 00 00
R30=0x0000fffe038bc660: <offset 0x000000000009c660> in /tmp/lwjgl_anguscrump/3.4.1-snapshot/arm64/libopenal.so at 0x0000fffe03820000

Top of Stack: (sp=0x0000fffecc3e21b0)
0x0000fffecc3e21b0:   0000fffecc3e21f0 0000fffed0cdeb2c   .!>.....,.......
0x0000fffecc3e21c0:   0000fffed0e61000 0000fffed0e62210   ........."......
0x0000fffecc3e21d0:   0000fffed0f27c78 0000000000000000   x|..............
0x0000fffecc3e21e0:   0000fffed0e60658 0000fffed0e62000   X........ ......
0x0000fffecc3e21f0:   0000fffecc3e2260 0013fffed0cdec20   `">..... .......
0x0000fffecc3e2200:   0000000000000000 0000fffecf5ab938   ........8.Z.....
0x0000fffecc3e2210:   0000fffecf5ab938 0000fffec81f4f20   8.Z..... O......
0x0000fffecc3e2220:   0000fffec81f4f38 0000fffec81f5310   8O.......S......
0x0000fffecc3e2230:   00000000000003d8 0000fffed0befc18   ................
0x0000fffecc3e2240:   00000000000003d8 0000fffed0befc18   ................
0x0000fffecc3e2250:   0000fffec820e050 0000fffe00000001   P. .............
0x0000fffecc3e2260:   0000fffecc3e2270 0016fffed032c05c   p">.....\.2.....
0x0000fffecc3e2270:   0000fffecc3e2280 0000fffecff3dad0   .">.............
0x0000fffecc3e2280:   0000fffecc3e22a0 0000fffed063e1c4   .">.......c.....
0x0000fffecc3e2290:   0000fffec820e050 0000fffecfc71e60   P. .....`.......
0x0000fffecc3e22a0:   0000fffecc3e23b0 0000fffed0641550   .#>.....P.d.....
0x0000fffecc3e22b0:   0000fffec820e050 0000fffed0b1d000   P. .............
0x0000fffecc3e22c0:   0000fffecf5ab938 0000fffecc3e3880   8.Z......8>.....
0x0000fffecc3e22d0:   0000fffec81f4f20 0000fffec820da80    O........ .....
0x0000fffecc3e22e0:   0000fffec81f4f38 0000fffec81f5310   8O.......S......
0x0000fffecc3e22f0:   00000000000003d8 0000fffed0b17000   .........p......
0x0000fffecc3e2300:   ffffff0f00000000 0000000000000000   ................
0x0000fffecc3e2310:   0000000000000013 0000000000000000   ................
0x0000fffecc3e2320:   3fc9ba5e353f7cee 0000000000000000   .|?5^..?........
0x0000fffecc3e2330:   0000fffecc3e2350 0000fffed03cf3f8   P#>.......<.....
0x0000fffecc3e2340:   0000fffecc3e2380 0000000000000000   .#>.............
0x0000fffecc3e2350:   0000fffecc3e2360 0035fffed0d68b04   `#>...........5.
0x0000fffecc3e2360:   0000fffecc3e2370 0005fffed032cd64   p#>.....d.2.....
0x0000fffecc3e2370:   0000fffecc3e2390 0000fffed05b94c0   .#>.......[.....
0x0000fffecc3e2380:   00000000000015e9 000000001c0ab0ba   ................
0x0000fffecc3e2390:   0000fffecc3e23b0 0000fffed064152c   .#>.....,.d.....
0x0000fffecc3e23a0:   0000fffec820e050 1691c9a0b5c96f00   P. ......o......

Instructions: (pc=0x0000fffe038bc670)
  0x0000fffe038bc570:   80 08 00 90 00 e0 44 f9 e2 27 40 f9 01 00 40 f9
  0x0000fffe038bc580:   42 00 01 eb 01 00 80 d2 61 00 00 54 fd 7b c5 a8
  0x0000fffe038bc590:   c0 03 5f d6 df d8 fd 97 fa d8 fd 97 0d db fd 97
  0x0000fffe038bc5a0:   f4 ff ff 17 fd 7b bc a9 fd 03 00 91 f5 5b 02 a9
  0x0000fffe038bc5b0:   f5 03 00 aa 00 00 40 f9 f3 53 01 a9 f7 63 03 a9
  0x0000fffe038bc5c0:   80 00 00 b4 c1 08 00 90 21 bc 45 f9 20 00 3f d6
  0x0000fffe038bc5d0:   a0 62 43 39 80 09 00 35 b3 42 40 f9 b8 02 02 91
  0x0000fffe038bc5e0:   16 07 40 f9 7f 02 16 eb 20 03 00 54 d7 08 00 90
  0x0000fffe038bc5f0:   f7 62 2d 91 1f 20 03 d5 74 02 40 f9 14 02 00 b4
  0x0000fffe038bc600:   e0 03 14 aa 82 0e 40 f9 01 0c 41 f8 03 10 40 f9
  0x0000fffe038bc610:   41 00 00 f9 22 04 00 f9 43 00 00 b4 60 00 3f d6
  0x0000fffe038bc620:   80 06 40 f9 60 00 00 b4 e1 16 40 f9 20 00 3f d6
  0x0000fffe038bc630:   e0 03 14 aa 01 08 80 d2 ca d9 fd 97 73 22 00 91
  0x0000fffe038bc640:   df 02 13 eb a1 fd ff 54 b6 42 40 f9 b6 00 00 b4
  0x0000fffe038bc650:   01 0b 40 f9 e0 03 16 aa 21 00 16 cb c1 d9 fd 97
  0x0000fffe038bc660:   e0 03 15 aa a2 2e 40 f9 01 0c 45 f8 03 10 40 f9
=>0x0000fffe038bc670:   41 00 00 f9 22 04 00 f9 43 00 00 b4 60 00 3f d6
  0x0000fffe038bc680:   e0 03 15 aa a2 16 40 f9 01 0c 42 f8 03 10 40 f9
  0x0000fffe038bc690:   41 00 00 f9 22 04 00 f9 43 00 00 b4 60 00 3f d6
  0x0000fffe038bc6a0:   a0 0e 40 f9 80 00 00 b4 c1 08 00 90 21 c0 45 f9
  0x0000fffe038bc6b0:   20 00 3f d6 a0 0a 40 f9 80 00 00 b4 c1 08 00 90
  0x0000fffe038bc6c0:   21 c4 45 f9 20 00 3f d6 a0 06 40 f9 80 00 00 b4
  0x0000fffe038bc6d0:   c1 08 00 90 21 c8 45 f9 20 00 3f d6 a0 02 40 f9
  0x0000fffe038bc6e0:   80 00 00 b4 c1 08 00 90 21 cc 45 f9 20 00 3f d6
  0x0000fffe038bc6f0:   f3 53 41 a9 f5 5b 42 a9 f7 63 43 a9 fd 7b c4 a8
  0x0000fffe038bc700:   c0 03 5f d6 e0 03 15 aa bf 62 03 39 a2 5a 40 f9
  0x0000fffe038bc710:   01 8c 4a f8 03 10 40 f9 41 00 00 f9 22 04 00 f9
  0x0000fffe038bc720:   43 00 00 b4 60 00 3f d6 a0 52 40 f9 60 f5 ff b4
  0x0000fffe038bc730:   c1 08 00 90 21 c0 45 f9 20 00 3f d6 a7 ff ff 17
  0x0000fffe038bc740:   fd 7b bd a9 fd 03 00 91 f3 53 01 a9 53 00 01 cb
  0x0000fffe038bc750:   f4 03 00 aa f5 13 00 f9 f5 03 01 aa 7f 3e 00 f1
  0x0000fffe038bc760:   08 03 00 54 00 00 40 f9 7f 06 00 f1 41 01 00 54


Stack slot to memory mapping:

stack at sp + 0 slots: 0x0000fffecc3e21f0 points into unknown readable memory: 0x0000fffecc3e2260 | 60 22 3e cc fe ff 00 00
stack at sp + 1 slots: 0x0000fffed0cdeb2c: <offset 0x000000000003eb2c> in /lib64/libc.so.6 at 0x0000fffed0ca0000
stack at sp + 2 slots: 0x0000fffed0e61000: <offset 0x00000000001c1000> in /lib64/libc.so.6 at 0x0000fffed0ca0000
stack at sp + 3 slots: 0x0000fffed0e62210: <offset 0x00000000001c2210> in /lib64/libc.so.6 at 0x0000fffed0ca0000
stack at sp + 4 slots: 0x0000fffed0f27c78: __pointer_chk_guard+0x0000000000000000 in /lib/ld-linux-aarch64.so.1 at 0x0000fffed0ee8000
stack at sp + 5 slots: 0x0 is null
stack at sp + 6 slots: 0x0000fffed0e60658: <offset 0x00000000001c0658> in /lib64/libc.so.6 at 0x0000fffed0ca0000
stack at sp + 7 slots: 0x0000fffed0e62000: <offset 0x00000000001c2000> in /lib64/libc.so.6 at 0x0000fffed0ca0000

VM_Operation (0x0000fffecf5ab938): Exit, mode: safepoint, requested by thread 0x0000fffec80316d0


---------------  P R O C E S S  ---------------

Threads class SMR info:
_java_thread_list=0x0000fffe70000950, length=19, elements={
0x0000fffec80316d0, 0x0000fffec8215690, 0x0000fffec8218ed0, 0x0000fffec821a7b0,
0x0000fffec821db90, 0x0000fffec821f440, 0x0000fffec8221200, 0x0000fffec8222c20,
0x0000fffec8264520, 0x0000fffec976f560, 0x0000fffeca1ee8e0, 0x0000fffeca42e600,
0x0000fffeca443bf0, 0x0000fffeca446330, 0x0000fffec89e40a0, 0x0000fffec89fbe40,
0x0000fffd78007130, 0x0000fffd9c5cb950, 0x0000fffec87e38d0
}

Java Threads: ( => current thread )
  0x0000fffec80316d0 JavaThread "Render thread"                     [_thread_blocked, id=38403, stack(0x0000fffecf3b0000,0x0000fffecf5ae000) (2040K)]
  0x0000fffec8215690 JavaThread "Common-Cleaner"             daemon [_thread_blocked, id=38418, stack(0x0000fffeb0fbc000,0x0000fffeb11cc000) (2112K)]
  0x0000fffec8218ed0 JavaThread "Reference Handler"          daemon [_thread_blocked, id=38419, stack(0x0000fffeb0ca0000,0x0000fffeb0ea0000) (2048K)]
  0x0000fffec821a7b0 JavaThread "Finalizer"                  daemon [_thread_blocked, id=38420, stack(0x0000fffeb0aa0000,0x0000fffeb0ca0000) (2048K)]
  0x0000fffec821db90 JavaThread "Service Thread"             daemon [_thread_blocked, id=38422, stack(0x0000fffeb06a0000,0x0000fffeb08a0000) (2048K)]
  0x0000fffec821f440 JavaThread "Monitor Deflation Thread"   daemon [_thread_blocked, id=38423, stack(0x0000fffeb04a0000,0x0000fffeb06a0000) (2048K)]
  0x0000fffec8221200 JavaThread "C2 CompilerThread0"         daemon [_thread_blocked, id=38424, stack(0x0000fffeb02a0000,0x0000fffeb04a0000) (2048K)]
  0x0000fffec8222c20 JavaThread "C1 CompilerThread0"         daemon [_thread_blocked, id=38425, stack(0x0000fffeb00a0000,0x0000fffeb02a0000) (2048K)]
  0x0000fffec8264520 JavaThread "Notification Thread"        daemon [_thread_blocked, id=38426, stack(0x0000fffea5e00000,0x0000fffea6000000) (2048K)]
  0x0000fffec976f560 JavaThread "JNA Cleaner"                daemon [_thread_blocked, id=38461, stack(0x0000fffea4940000,0x0000fffea4b40000) (2048K)]
  0x0000fffeca1ee8e0 JavaThread "Timer hack thread"          daemon [_thread_blocked, id=38484, stack(0x0000fffea57c0000,0x0000fffea59c0000) (2048K)]
  0x0000fffeca42e600 JavaThread "Yggdrasil Key Fetcher"      daemon [_thread_blocked, id=38485, stack(0x0000fffe79a00000,0x0000fffe79c00000) (2048K)]
  0x0000fffeca443bf0 JavaThread "Download-1"                 daemon [_thread_blocked, id=38486, stack(0x0000fffea4340000,0x0000fffea4540000) (2048K)]
  0x0000fffeca446330 JavaThread "Download-2"                 daemon [_thread_blocked, id=38487, stack(0x0000fffea4140000,0x0000fffea4340000) (2048K)]
  0x0000fffec89e40a0 JavaThread "Netty Local IO #0"          daemon [_thread_blocked, id=38610, stack(0x0000fffdb4a80000,0x0000fffdb4c80000) (2048K)]
  0x0000fffec89fbe40 JavaThread "Netty Local IO #1"          daemon [_thread_blocked, id=38612, stack(0x0000fffea59c0000,0x0000fffea5bc0000) (2048K)]
  0x0000fffd78007130 JavaThread "Netty Local IO #2"          daemon [_thread_blocked, id=38613, stack(0x0000fffdb4880000,0x0000fffdb4a80000) (2048K)]
  0x0000fffd9c5cb950 JavaThread "Download-3"                 daemon [_thread_blocked, id=39071, stack(0x0000fffdb5600000,0x0000fffdb5800000) (2048K)]
  0x0000fffec87e38d0 JavaThread "Sound engine"               daemon [_thread_blocked, id=39214, stack(0x0000fffdb5080000,0x0000fffdb5280000) (2048K)]
Total: 19

Other Threads:
=>0x0000fffec820da80 VMThread "VM Thread"                           [id=38417, stack(0x0000fffecc1e4000,0x0000fffecc3e4000) (2048K)]
  0x0000fffec8186740 WorkerThread "GC Thread#0"                     [id=38404, stack(0x0000fffecd5c8000,0x0000fffecd7c8000) (2048K)]
  0x0000fffe98008cb0 WorkerThread "GC Thread#1"                     [id=38432, stack(0x0000fffea55c0000,0x0000fffea57c0000) (2048K)]
  0x0000fffe98009700 WorkerThread "GC Thread#2"                     [id=38433, stack(0x0000fffea53b0000,0x0000fffea55b0000) (2048K)]
  0x0000fffe9800a2c0 WorkerThread "GC Thread#3"                     [id=38434, stack(0x0000fffea51a0000,0x0000fffea53a0000) (2048K)]
  0x0000fffe9800b030 WorkerThread "GC Thread#4"                     [id=38435, stack(0x0000fffea4f90000,0x0000fffea5190000) (2048K)]
  0x0000fffe9800bda0 WorkerThread "GC Thread#5"                     [id=38436, stack(0x0000fffea4d80000,0x0000fffea4f80000) (2048K)]
  0x0000fffe98016910 WorkerThread "GC Thread#6"                     [id=38451, stack(0x0000fffe79800000,0x0000fffe79a00000) (2048K)]
  0x0000fffe9800e5c0 WorkerThread "GC Thread#7"                     [id=38453, stack(0x0000fffe795f0000,0x0000fffe797f0000) (2048K)]
  0x0000fffe9800f920 WorkerThread "GC Thread#8"                     [id=38454, stack(0x0000fffe793e0000,0x0000fffe795e0000) (2048K)]
  0x0000fffec819e8c0 ConcurrentGCThread "G1 Main Marker"            terminated
  0x0000fffec819fab0 WorkerThread "G1 Conc#0"                       [id=38406, stack(0x0000fffecd1a8000,0x0000fffecd3a8000) (2048K)]
  0x0000fffeac000c80 WorkerThread "G1 Conc#1"                       [id=38455, stack(0x0000fffe791d0000,0x0000fffe793d0000) (2048K)]
  0x0000fffec81ed410 ConcurrentGCThread "G1 Refine#0"               terminated
  0x0000fffec81ee620 ConcurrentGCThread "G1 Service"                terminated
Total: 15

Threads with active compile tasks:
C1 CompilerThread0  107538 37100       3       jdk.internal.misc.Unsafe::compareAndExchangeByte (114 bytes)
Total: 1

VM state: at safepoint (shutting down)

VM Mutex/Monitor currently owned by a thread:  ([mutex/lock_event])
[0x0000fffed0bb9558] Threads_lock - owner thread: 0x0000fffec820da80
[0x0000fffed0bb96f0] Heap_lock - owner thread: 0x0000fffec80316d0

Heap address: 0x000000070f800000, size: 3848 MB, Compressed Oops mode: Zero based, Oop shift amount: 3

CDS archive(s) mapped at: [0x0000008000000000-0x0000008001d00000-0x0000008001d00000), size 30408704, SharedBaseAddress: 0x0000008000000000, ArchiveRelocationMode: 1.
Compressed class space mapped at: 0x0000008002000000-0x0000008042000000, reserved size: 1073741824
UseCompressedClassPointers 1, UseCompactObjectHeaders 0
Narrow klass pointer bits 32, Max shift 3
Narrow klass base: 0x0000008000000000, Narrow klass shift: 0
Encoding Range: [0x0000008000000000 - 0x0000008100000000), (4294967296 bytes)
Klass Range:    [0x0000008000010000 - 0x0000008042000000), (1107230720 bytes)
Klass ID Range:  [65536 - 1107296249) (1107230713)
Protection zone: [0x0000008000000000 - 0x0000008000010000), (65536 bytes)

GC Precious Log:
 CardTable entry size: 512
 Card Set container configuration: InlinePtr #cards 4 size 8 Array Of Cards #cards 16 size 48 Howl #buckets 8 coarsen threshold 3686 Howl Bitmap #cards 512 size 80 coarsen threshold 460 Card regions per heap region 1 cards per card region 4096
 CPUs: 10 total, 10 available
 Memory: 15385M
 Large Page Support: Disabled
 NUMA Support: Disabled
 Compressed Oops: Enabled (Zero based)
 Heap Region Size: 2M
 Heap Min Capacity: 8M
 Heap Initial Capacity: 248M
 Heap Max Capacity: 3848M
 Pre-touch: Disabled
 Parallel Workers: 9
 Concurrent Workers: 2
 Concurrent Refinement Workers: 9
 Periodic GC: Disabled

Heap:
 garbage-first heap   total reserved 3940352K, committed 1159168K, used 625272K [0x000000070f800000, 0x0000000800000000)
  region size 2048K, 137 young (280576K), 34 survivors (69632K)

Heap Regions: E=young(eden), S=young(survivor), O=old, HS=humongous(starts), HC=humongous(continues), CS=collection set, F=free, TAMS=top-at-mark-start, PB=parsable bottom
|   0|0x000000070f800000, 0x000000070fa00000, 0x000000070fa00000|100%|HS|  |TAMS 0x000000070f800000| PB 0x000000070f800000| Complete |  0
|   1|0x000000070fa00000, 0x000000070fc00000, 0x000000070fc00000|100%|HS|  |TAMS 0x000000070fa00000| PB 0x000000070fa00000| Complete |  0
|   2|0x000000070fc00000, 0x000000070fe00000, 0x000000070fe00000|100%|HS|  |TAMS 0x000000070fc00000| PB 0x000000070fc00000| Complete |  0
|   3|0x000000070fe00000, 0x0000000710000000, 0x0000000710000000|100%| O|  |TAMS 0x000000070fe00000| PB 0x000000070fe00000| Untracked |  0
|   4|0x0000000710000000, 0x0000000710200000, 0x0000000710200000|100%| O|  |TAMS 0x0000000710000000| PB 0x0000000710000000| Untracked |  0
|   5|0x0000000710200000, 0x0000000710400000, 0x0000000710400000|100%| O|  |TAMS 0x0000000710200000| PB 0x0000000710200000| Untracked |  0
|   6|0x0000000710400000, 0x0000000710600000, 0x0000000710600000|100%| O|  |TAMS 0x0000000710400000| PB 0x0000000710400000| Untracked |  0
|   7|0x0000000710600000, 0x0000000710800000, 0x0000000710800000|100%| O|  |TAMS 0x0000000710600000| PB 0x0000000710600000| Untracked |  0
|   8|0x0000000710800000, 0x0000000710a00000, 0x0000000710a00000|100%| O|  |TAMS 0x0000000710800000| PB 0x0000000710800000| Untracked |  0
|   9|0x0000000710a00000, 0x0000000710c00000, 0x0000000710c00000|100%| O|  |TAMS 0x0000000710a00000| PB 0x0000000710a00000| Untracked |  0
|  10|0x0000000710c00000, 0x0000000710e00000, 0x0000000710e00000|100%| O|  |TAMS 0x0000000710c00000| PB 0x0000000710c00000| Untracked |  0
|  11|0x0000000710e00000, 0x0000000711000000, 0x0000000711000000|100%| O|  |TAMS 0x0000000710e00000| PB 0x0000000710e00000| Untracked |  0
|  12|0x0000000711000000, 0x0000000711200000, 0x0000000711200000|100%| O|  |TAMS 0x0000000711000000| PB 0x0000000711000000| Untracked |  0
|  13|0x0000000711200000, 0x0000000711400000, 0x0000000711400000|100%| O|  |TAMS 0x0000000711200000| PB 0x0000000711200000| Untracked |  0
|  14|0x0000000711400000, 0x0000000711600000, 0x0000000711600000|100%| O|  |TAMS 0x0000000711400000| PB 0x0000000711400000| Untracked |  0
|  15|0x0000000711600000, 0x0000000711800000, 0x0000000711800000|100%| O|  |TAMS 0x0000000711600000| PB 0x0000000711600000| Untracked |  0
|  16|0x0000000711800000, 0x0000000711a00000, 0x0000000711a00000|100%| O|  |TAMS 0x0000000711800000| PB 0x0000000711800000| Untracked |  0
|  17|0x0000000711a00000, 0x0000000711c00000, 0x0000000711c00000|100%| O|  |TAMS 0x0000000711a00000| PB 0x0000000711a00000| Untracked |  0
|  18|0x0000000711c00000, 0x0000000711e00000, 0x0000000711e00000|100%| O|  |TAMS 0x0000000711c00000| PB 0x0000000711c00000| Untracked |  0
|  19|0x0000000711e00000, 0x0000000712000000, 0x0000000712000000|100%| O|  |TAMS 0x0000000711e00000| PB 0x0000000711e00000| Untracked |  0
|  20|0x0000000712000000, 0x0000000712200000, 0x0000000712200000|100%| O|  |TAMS 0x0000000712000000| PB 0x0000000712000000| Untracked |  0
|  21|0x0000000712200000, 0x0000000712400000, 0x0000000712400000|100%| O|  |TAMS 0x0000000712200000| PB 0x0000000712200000| Untracked |  0
|  22|0x0000000712400000, 0x0000000712600000, 0x0000000712600000|100%| O|  |TAMS 0x0000000712400000| PB 0x0000000712400000| Untracked |  0
|  23|0x0000000712600000, 0x0000000712800000, 0x0000000712800000|100%| O|  |TAMS 0x0000000712600000| PB 0x0000000712600000| Untracked |  0
|  24|0x0000000712800000, 0x0000000712a00000, 0x0000000712a00000|100%| O|  |TAMS 0x0000000712800000| PB 0x0000000712800000| Untracked |  0
|  25|0x0000000712a00000, 0x0000000712c00000, 0x0000000712c00000|100%|HS|  |TAMS 0x0000000712a00000| PB 0x0000000712a00000| Complete |  0
|  26|0x0000000712c00000, 0x0000000712e00000, 0x0000000712e00000|100%|HC|  |TAMS 0x0000000712c00000| PB 0x0000000712c00000| Complete |  0
|  27|0x0000000712e00000, 0x0000000713000000, 0x0000000713000000|100%|HC|  |TAMS 0x0000000712e00000| PB 0x0000000712e00000| Complete |  0
|  28|0x0000000713000000, 0x0000000713200000, 0x0000000713200000|100%|HC|  |TAMS 0x0000000713000000| PB 0x0000000713000000| Complete |  0
|  29|0x0000000713200000, 0x0000000713400000, 0x0000000713400000|100%|HC|  |TAMS 0x0000000713200000| PB 0x0000000713200000| Complete |  0
|  30|0x0000000713400000, 0x0000000713600000, 0x0000000713600000|100%|HC|  |TAMS 0x0000000713400000| PB 0x0000000713400000| Complete |  0
|  31|0x0000000713600000, 0x0000000713800000, 0x0000000713800000|100%| O|  |TAMS 0x0000000713600000| PB 0x0000000713600000| Untracked |  0
|  32|0x0000000713800000, 0x0000000713a00000, 0x0000000713a00000|100%| O|  |TAMS 0x0000000713800000| PB 0x0000000713800000| Untracked |  0
|  33|0x0000000713a00000, 0x0000000713c00000, 0x0000000713c00000|100%| O|  |TAMS 0x0000000713a00000| PB 0x0000000713a00000| Untracked |  0
|  34|0x0000000713c00000, 0x0000000713e00000, 0x0000000713e00000|100%| O|  |TAMS 0x0000000713c00000| PB 0x0000000713c00000| Untracked |  0
|  35|0x0000000713e00000, 0x0000000714000000, 0x0000000714000000|100%| O|  |TAMS 0x0000000713e00000| PB 0x0000000713e00000| Untracked |  0
|  36|0x0000000714000000, 0x0000000714200000, 0x0000000714200000|100%| O|  |TAMS 0x0000000714000000| PB 0x0000000714000000| Untracked |  0
|  37|0x0000000714200000, 0x0000000714400000, 0x0000000714400000|100%| O|  |TAMS 0x0000000714200000| PB 0x0000000714200000| Untracked |  0
|  38|0x0000000714400000, 0x0000000714600000, 0x0000000714600000|100%| O|  |TAMS 0x0000000714400000| PB 0x0000000714400000| Untracked |  0
|  39|0x0000000714600000, 0x0000000714800000, 0x0000000714800000|100%| O|  |TAMS 0x0000000714600000| PB 0x0000000714600000| Untracked |  0
|  40|0x0000000714800000, 0x0000000714a00000, 0x0000000714a00000|100%| O|  |TAMS 0x0000000714800000| PB 0x0000000714800000| Untracked |  0
|  41|0x0000000714a00000, 0x0000000714c00000, 0x0000000714c00000|100%| O|  |TAMS 0x0000000714a00000| PB 0x0000000714a00000| Untracked |  0
|  42|0x0000000714c00000, 0x0000000714e00000, 0x0000000714e00000|100%| O|  |TAMS 0x0000000714c00000| PB 0x0000000714c00000| Untracked |  0
|  43|0x0000000714e00000, 0x0000000715000000, 0x0000000715000000|100%| O|  |TAMS 0x0000000714e00000| PB 0x0000000714e00000| Untracked |  0
|  44|0x0000000715000000, 0x0000000715200000, 0x0000000715200000|100%| O|  |TAMS 0x0000000715000000| PB 0x0000000715000000| Untracked |  0
|  45|0x0000000715200000, 0x0000000715400000, 0x0000000715400000|100%| O|  |TAMS 0x0000000715200000| PB 0x0000000715200000| Untracked |  0
|  46|0x0000000715400000, 0x0000000715600000, 0x0000000715600000|100%| O|  |TAMS 0x0000000715400000| PB 0x0000000715400000| Untracked |  0
|  47|0x0000000715600000, 0x0000000715800000, 0x0000000715800000|100%| O|  |TAMS 0x0000000715600000| PB 0x0000000715600000| Untracked |  0
|  48|0x0000000715800000, 0x0000000715a00000, 0x0000000715a00000|100%| O|  |TAMS 0x0000000715800000| PB 0x0000000715800000| Untracked |  0
|  49|0x0000000715a00000, 0x0000000715c00000, 0x0000000715c00000|100%| O|  |TAMS 0x0000000715a00000| PB 0x0000000715a00000| Untracked |  0
|  50|0x0000000715c00000, 0x0000000715e00000, 0x0000000715e00000|100%| O|  |TAMS 0x0000000715c00000| PB 0x0000000715c00000| Untracked |  0
|  51|0x0000000715e00000, 0x0000000716000000, 0x0000000716000000|100%| O|  |TAMS 0x0000000715e00000| PB 0x0000000715e00000| Untracked |  0
|  52|0x0000000716000000, 0x0000000716200000, 0x0000000716200000|100%|HS|  |TAMS 0x0000000716000000| PB 0x0000000716000000| Complete |  0
|  53|0x0000000716200000, 0x0000000716400000, 0x0000000716400000|100%|HS|  |TAMS 0x0000000716200000| PB 0x0000000716200000| Complete |  0
|  54|0x0000000716400000, 0x0000000716600000, 0x0000000716600000|100%| O|  |TAMS 0x0000000716400000| PB 0x0000000716400000| Untracked |  0
|  55|0x0000000716600000, 0x0000000716800000, 0x0000000716800000|100%| O|  |TAMS 0x0000000716600000| PB 0x0000000716600000| Untracked |  0
|  56|0x0000000716800000, 0x0000000716a00000, 0x0000000716a00000|100%| O|  |TAMS 0x0000000716800000| PB 0x0000000716800000| Untracked |  0
|  57|0x0000000716a00000, 0x0000000716c00000, 0x0000000716c00000|100%| O|  |TAMS 0x0000000716a00000| PB 0x0000000716a00000| Untracked |  0
|  58|0x0000000716c00000, 0x0000000716e00000, 0x0000000716e00000|100%| O|  |TAMS 0x0000000716c00000| PB 0x0000000716c00000| Untracked |  0
|  59|0x0000000716e00000, 0x0000000717000000, 0x0000000717000000|100%| O|  |TAMS 0x0000000716e00000| PB 0x0000000716e00000| Untracked |  0
|  60|0x0000000717000000, 0x0000000717200000, 0x0000000717200000|100%| O|  |TAMS 0x0000000717000000| PB 0x0000000717000000| Untracked |  0
|  61|0x0000000717200000, 0x0000000717400000, 0x0000000717400000|100%| O|  |TAMS 0x0000000717200000| PB 0x0000000717200000| Untracked |  0
|  62|0x0000000717400000, 0x0000000717600000, 0x0000000717600000|100%| O|  |TAMS 0x0000000717400000| PB 0x0000000717400000| Untracked |  0
|  63|0x0000000717600000, 0x0000000717800000, 0x0000000717800000|100%| O|  |TAMS 0x0000000717600000| PB 0x0000000717600000| Untracked |  0
|  64|0x0000000717800000, 0x0000000717a00000, 0x0000000717a00000|100%| O|  |TAMS 0x0000000717800000| PB 0x0000000717800000| Untracked |  0
|  65|0x0000000717a00000, 0x0000000717c00000, 0x0000000717c00000|100%| O|  |TAMS 0x0000000717a00000| PB 0x0000000717a00000| Untracked |  0
|  66|0x0000000717c00000, 0x0000000717e00000, 0x0000000717e00000|100%| O|  |TAMS 0x0000000717c00000| PB 0x0000000717c00000| Untracked |  0
|  67|0x0000000717e00000, 0x0000000718000000, 0x0000000718000000|100%| O|  |TAMS 0x0000000717e00000| PB 0x0000000717e00000| Untracked |  0
|  68|0x0000000718000000, 0x0000000718200000, 0x0000000718200000|100%| O|  |TAMS 0x0000000718000000| PB 0x0000000718000000| Untracked |  0
|  69|0x0000000718200000, 0x0000000718400000, 0x0000000718400000|100%| O|  |TAMS 0x0000000718200000| PB 0x0000000718200000| Untracked |  0
|  70|0x0000000718400000, 0x0000000718600000, 0x0000000718600000|100%| O|  |TAMS 0x0000000718400000| PB 0x0000000718400000| Untracked |  0
|  71|0x0000000718600000, 0x0000000718800000, 0x0000000718800000|100%| O|  |TAMS 0x0000000718600000| PB 0x0000000718600000| Untracked |  0
|  72|0x0000000718800000, 0x0000000718a00000, 0x0000000718a00000|100%| O|  |TAMS 0x0000000718800000| PB 0x0000000718800000| Untracked |  0
|  73|0x0000000718a00000, 0x0000000718c00000, 0x0000000718c00000|100%| O|  |TAMS 0x0000000718a00000| PB 0x0000000718a00000| Untracked |  0
|  74|0x0000000718c00000, 0x0000000718c00000, 0x0000000718e00000|  0%| F|  |TAMS 0x0000000718c00000| PB 0x0000000718c00000| Untracked |  0
|  75|0x0000000718e00000, 0x0000000719000000, 0x0000000719000000|100%| O|  |TAMS 0x0000000718e00000| PB 0x0000000718e00000| Untracked |  0
|  76|0x0000000719000000, 0x0000000719200000, 0x0000000719200000|100%| O|  |TAMS 0x0000000719000000| PB 0x0000000719000000| Untracked |  0
|  77|0x0000000719200000, 0x0000000719400000, 0x0000000719400000|100%| O|  |TAMS 0x0000000719200000| PB 0x0000000719200000| Untracked |  0
|  78|0x0000000719400000, 0x0000000719600000, 0x0000000719600000|100%| O|  |TAMS 0x0000000719400000| PB 0x0000000719400000| Untracked |  0
|  79|0x0000000719600000, 0x0000000719800000, 0x0000000719800000|100%| O|  |TAMS 0x0000000719600000| PB 0x0000000719600000| Untracked |  0
|  80|0x0000000719800000, 0x0000000719a00000, 0x0000000719a00000|100%| O|  |TAMS 0x0000000719800000| PB 0x0000000719800000| Untracked |  0
|  81|0x0000000719a00000, 0x0000000719c00000, 0x0000000719c00000|100%| O|  |TAMS 0x0000000719a00000| PB 0x0000000719a00000| Untracked |  0
|  82|0x0000000719c00000, 0x0000000719e00000, 0x0000000719e00000|100%| O|  |TAMS 0x0000000719c00000| PB 0x0000000719c00000| Untracked |  0
|  83|0x0000000719e00000, 0x000000071a000000, 0x000000071a000000|100%| O|  |TAMS 0x0000000719e00000| PB 0x0000000719e00000| Untracked |  0
|  84|0x000000071a000000, 0x000000071a200000, 0x000000071a200000|100%| O|  |TAMS 0x000000071a000000| PB 0x000000071a000000| Untracked |  0
|  85|0x000000071a200000, 0x000000071a400000, 0x000000071a400000|100%| O|  |TAMS 0x000000071a200000| PB 0x000000071a200000| Untracked |  0
|  86|0x000000071a400000, 0x000000071a600000, 0x000000071a600000|100%| O|  |TAMS 0x000000071a400000| PB 0x000000071a400000| Untracked |  0
|  87|0x000000071a600000, 0x000000071a800000, 0x000000071a800000|100%| O|  |TAMS 0x000000071a600000| PB 0x000000071a600000| Untracked |  0
|  88|0x000000071a800000, 0x000000071aa00000, 0x000000071aa00000|100%| O|  |TAMS 0x000000071a800000| PB 0x000000071a800000| Untracked |  0
|  89|0x000000071aa00000, 0x000000071ac00000, 0x000000071ac00000|100%| O|  |TAMS 0x000000071aa00000| PB 0x000000071aa00000| Untracked |  0
|  90|0x000000071ac00000, 0x000000071ae00000, 0x000000071ae00000|100%| O|  |TAMS 0x000000071ac00000| PB 0x000000071ac00000| Untracked |  0
|  91|0x000000071ae00000, 0x000000071b000000, 0x000000071b000000|100%| O|  |TAMS 0x000000071ae00000| PB 0x000000071ae00000| Untracked |  0
|  92|0x000000071b000000, 0x000000071b200000, 0x000000071b200000|100%| O|  |TAMS 0x000000071b000000| PB 0x000000071b000000| Untracked |  0
|  93|0x000000071b200000, 0x000000071b400000, 0x000000071b400000|100%| O|  |TAMS 0x000000071b200000| PB 0x000000071b200000| Untracked |  0
|  94|0x000000071b400000, 0x000000071b600000, 0x000000071b600000|100%| O|  |TAMS 0x000000071b400000| PB 0x000000071b400000| Untracked |  0
|  95|0x000000071b600000, 0x000000071b800000, 0x000000071b800000|100%| O|  |TAMS 0x000000071b600000| PB 0x000000071b600000| Untracked |  0
|  96|0x000000071b800000, 0x000000071ba00000, 0x000000071ba00000|100%| O|  |TAMS 0x000000071b800000| PB 0x000000071b800000| Untracked |  0
|  97|0x000000071ba00000, 0x000000071bc00000, 0x000000071bc00000|100%| O|  |TAMS 0x000000071ba00000| PB 0x000000071ba00000| Untracked |  0
|  98|0x000000071bc00000, 0x000000071be00000, 0x000000071be00000|100%| O|  |TAMS 0x000000071bc00000| PB 0x000000071bc00000| Untracked |  0
|  99|0x000000071be00000, 0x000000071c000000, 0x000000071c000000|100%| O|  |TAMS 0x000000071be00000| PB 0x000000071be00000| Untracked |  0
| 100|0x000000071c000000, 0x000000071c200000, 0x000000071c200000|100%| O|  |TAMS 0x000000071c000000| PB 0x000000071c000000| Untracked |  0
| 101|0x000000071c200000, 0x000000071c400000, 0x000000071c400000|100%| O|  |TAMS 0x000000071c200000| PB 0x000000071c200000| Untracked |  0
| 102|0x000000071c400000, 0x000000071c600000, 0x000000071c600000|100%| O|  |TAMS 0x000000071c400000| PB 0x000000071c400000| Untracked |  0
| 103|0x000000071c600000, 0x000000071c800000, 0x000000071c800000|100%| O|  |TAMS 0x000000071c600000| PB 0x000000071c600000| Untracked |  0
| 104|0x000000071c800000, 0x000000071ca00000, 0x000000071ca00000|100%| O|  |TAMS 0x000000071c800000| PB 0x000000071c800000| Untracked |  0
| 105|0x000000071ca00000, 0x000000071cc00000, 0x000000071cc00000|100%| O|  |TAMS 0x000000071ca00000| PB 0x000000071ca00000| Untracked |  0
| 106|0x000000071cc00000, 0x000000071ce00000, 0x000000071ce00000|100%| O|  |TAMS 0x000000071cc00000| PB 0x000000071cc00000| Untracked |  0
| 107|0x000000071ce00000, 0x000000071d000000, 0x000000071d000000|100%| O|  |TAMS 0x000000071ce00000| PB 0x000000071ce00000| Untracked |  0
| 108|0x000000071d000000, 0x000000071d200000, 0x000000071d200000|100%| O|  |TAMS 0x000000071d000000| PB 0x000000071d000000| Untracked |  0
| 109|0x000000071d200000, 0x000000071d400000, 0x000000071d400000|100%| O|  |TAMS 0x000000071d200000| PB 0x000000071d200000| Untracked |  0
| 110|0x000000071d400000, 0x000000071d600000, 0x000000071d600000|100%| O|  |TAMS 0x000000071d400000| PB 0x000000071d400000| Untracked |  0
| 111|0x000000071d600000, 0x000000071d800000, 0x000000071d800000|100%| O|  |TAMS 0x000000071d600000| PB 0x000000071d600000| Untracked |  0
| 112|0x000000071d800000, 0x000000071da00000, 0x000000071da00000|100%| O|  |TAMS 0x000000071d800000| PB 0x000000071d800000| Untracked |  0
| 113|0x000000071da00000, 0x000000071dc00000, 0x000000071dc00000|100%| O|  |TAMS 0x000000071da00000| PB 0x000000071da00000| Untracked |  0
| 114|0x000000071dc00000, 0x000000071de00000, 0x000000071de00000|100%| O|  |TAMS 0x000000071dc00000| PB 0x000000071dc00000| Untracked |  0
| 115|0x000000071de00000, 0x000000071de00000, 0x000000071e000000|  0%| F|  |TAMS 0x000000071de00000| PB 0x000000071de00000| Untracked |  0
| 116|0x000000071e000000, 0x000000071e000000, 0x000000071e200000|  0%| F|  |TAMS 0x000000071e000000| PB 0x000000071e000000| Untracked |  0
| 117|0x000000071e200000, 0x000000071e200000, 0x000000071e400000|  0%| F|  |TAMS 0x000000071e200000| PB 0x000000071e200000| Untracked |  0
| 118|0x000000071e400000, 0x000000071e400000, 0x000000071e600000|  0%| F|  |TAMS 0x000000071e400000| PB 0x000000071e400000| Untracked |  0
| 119|0x000000071e600000, 0x000000071e800000, 0x000000071e800000|100%| O|  |TAMS 0x000000071e600000| PB 0x000000071e600000| Untracked |  0
| 120|0x000000071e800000, 0x000000071ea00000, 0x000000071ea00000|100%| O|  |TAMS 0x000000071e800000| PB 0x000000071e800000| Untracked |  0
| 121|0x000000071ea00000, 0x000000071ec00000, 0x000000071ec00000|100%| O|  |TAMS 0x000000071ea00000| PB 0x000000071ea00000| Untracked |  0
| 122|0x000000071ec00000, 0x000000071ec00000, 0x000000071ee00000|  0%| F|  |TAMS 0x000000071ec00000| PB 0x000000071ec00000| Untracked |  0
| 123|0x000000071ee00000, 0x000000071f000000, 0x000000071f000000|100%| O|  |TAMS 0x000000071ee00000| PB 0x000000071ee00000| Untracked |  0
| 124|0x000000071f000000, 0x000000071f200000, 0x000000071f200000|100%| O|  |TAMS 0x000000071f000000| PB 0x000000071f000000| Untracked |  0
| 125|0x000000071f200000, 0x000000071f200000, 0x000000071f400000|  0%| F|  |TAMS 0x000000071f200000| PB 0x000000071f200000| Untracked |  0
| 126|0x000000071f400000, 0x000000071f600000, 0x000000071f600000|100%| O|  |TAMS 0x000000071f400000| PB 0x000000071f400000| Untracked |  0
| 127|0x000000071f600000, 0x000000071f800000, 0x000000071f800000|100%| O|  |TAMS 0x000000071f600000| PB 0x000000071f600000| Untracked |  0
| 128|0x000000071f800000, 0x000000071fa00000, 0x000000071fa00000|100%| O|  |TAMS 0x000000071f800000| PB 0x000000071f800000| Untracked |  0
| 129|0x000000071fa00000, 0x000000071fc00000, 0x000000071fc00000|100%| O|  |TAMS 0x000000071fa00000| PB 0x000000071fa00000| Untracked |  0
| 130|0x000000071fc00000, 0x000000071fe00000, 0x000000071fe00000|100%| O|  |TAMS 0x000000071fc00000| PB 0x000000071fc00000| Untracked |  0
| 131|0x000000071fe00000, 0x000000071fe00000, 0x0000000720000000|  0%| F|  |TAMS 0x000000071fe00000| PB 0x000000071fe00000| Untracked |  0
| 132|0x0000000720000000, 0x0000000720200000, 0x0000000720200000|100%| O|  |TAMS 0x0000000720000000| PB 0x0000000720000000| Untracked |  0
| 133|0x0000000720200000, 0x0000000720200000, 0x0000000720400000|  0%| F|  |TAMS 0x0000000720200000| PB 0x0000000720200000| Untracked |  0
| 134|0x0000000720400000, 0x0000000720600000, 0x0000000720600000|100%| O|  |TAMS 0x0000000720400000| PB 0x0000000720400000| Untracked |  0
| 135|0x0000000720600000, 0x0000000720800000, 0x0000000720800000|100%| O|  |TAMS 0x0000000720600000| PB 0x0000000720600000| Untracked |  0
| 136|0x0000000720800000, 0x0000000720800000, 0x0000000720a00000|  0%| F|  |TAMS 0x0000000720800000| PB 0x0000000720800000| Untracked |  0
| 137|0x0000000720a00000, 0x0000000720a00000, 0x0000000720c00000|  0%| F|  |TAMS 0x0000000720a00000| PB 0x0000000720a00000| Untracked |  0
| 138|0x0000000720c00000, 0x0000000720e00000, 0x0000000720e00000|100%| O|  |TAMS 0x0000000720c00000| PB 0x0000000720c00000| Untracked |  0
| 139|0x0000000720e00000, 0x0000000721000000, 0x0000000721000000|100%| O|  |TAMS 0x0000000720e00000| PB 0x0000000720e00000| Untracked |  0
| 140|0x0000000721000000, 0x0000000721000000, 0x0000000721200000|  0%| F|  |TAMS 0x0000000721000000| PB 0x0000000721000000| Untracked |  0
| 141|0x0000000721200000, 0x0000000721400000, 0x0000000721400000|100%| O|  |TAMS 0x0000000721200000| PB 0x0000000721200000| Untracked |  0
| 142|0x0000000721400000, 0x0000000721400000, 0x0000000721600000|  0%| F|  |TAMS 0x0000000721400000| PB 0x0000000721400000| Untracked |  0
| 143|0x0000000721600000, 0x0000000721800000, 0x0000000721800000|100%| O|  |TAMS 0x0000000721600000| PB 0x0000000721600000| Untracked |  0
| 144|0x0000000721800000, 0x0000000721a00000, 0x0000000721a00000|100%| O|  |TAMS 0x0000000721800000| PB 0x0000000721800000| Untracked |  0
| 145|0x0000000721a00000, 0x0000000721a00000, 0x0000000721c00000|  0%| F|  |TAMS 0x0000000721a00000| PB 0x0000000721a00000| Untracked |  0
| 146|0x0000000721c00000, 0x0000000721c00000, 0x0000000721e00000|  0%| F|  |TAMS 0x0000000721c00000| PB 0x0000000721c00000| Untracked |  0
| 147|0x0000000721e00000, 0x0000000721e00000, 0x0000000722000000|  0%| F|  |TAMS 0x0000000721e00000| PB 0x0000000721e00000| Untracked |  0
| 148|0x0000000722000000, 0x0000000722000000, 0x0000000722200000|  0%| F|  |TAMS 0x0000000722000000| PB 0x0000000722000000| Untracked |  0
| 149|0x0000000722200000, 0x0000000722200000, 0x0000000722400000|  0%| F|  |TAMS 0x0000000722200000| PB 0x0000000722200000| Untracked |  0
| 150|0x0000000722400000, 0x0000000722400000, 0x0000000722600000|  0%| F|  |TAMS 0x0000000722400000| PB 0x0000000722400000| Untracked |  0
| 151|0x0000000722600000, 0x0000000722600000, 0x0000000722800000|  0%| F|  |TAMS 0x0000000722600000| PB 0x0000000722600000| Untracked |  0
| 152|0x0000000722800000, 0x0000000722800000, 0x0000000722a00000|  0%| F|  |TAMS 0x0000000722800000| PB 0x0000000722800000| Untracked |  0
| 153|0x0000000722a00000, 0x0000000722a00000, 0x0000000722c00000|  0%| F|  |TAMS 0x0000000722a00000| PB 0x0000000722a00000| Untracked |  0
| 154|0x0000000722c00000, 0x0000000722c00000, 0x0000000722e00000|  0%| F|  |TAMS 0x0000000722c00000| PB 0x0000000722c00000| Untracked |  0
| 155|0x0000000722e00000, 0x0000000722e00000, 0x0000000723000000|  0%| F|  |TAMS 0x0000000722e00000| PB 0x0000000722e00000| Untracked |  0
| 156|0x0000000723000000, 0x0000000723200000, 0x0000000723200000|100%| O|  |TAMS 0x0000000723000000| PB 0x0000000723000000| Untracked |  0
| 157|0x0000000723200000, 0x0000000723400000, 0x0000000723400000|100%| O|  |TAMS 0x0000000723200000| PB 0x0000000723200000| Untracked |  0
| 158|0x0000000723400000, 0x0000000723400000, 0x0000000723600000|  0%| F|  |TAMS 0x0000000723400000| PB 0x0000000723400000| Untracked |  0
| 159|0x0000000723600000, 0x0000000723600000, 0x0000000723800000|  0%| F|  |TAMS 0x0000000723600000| PB 0x0000000723600000| Untracked |  0
| 160|0x0000000723800000, 0x0000000723a00000, 0x0000000723a00000|100%|HS|  |TAMS 0x0000000723800000| PB 0x0000000723800000| Complete |  0
| 161|0x0000000723a00000, 0x0000000723a00000, 0x0000000723c00000|  0%| F|  |TAMS 0x0000000723a00000| PB 0x0000000723a00000| Untracked |  0
| 162|0x0000000723c00000, 0x0000000723c00000, 0x0000000723e00000|  0%| F|  |TAMS 0x0000000723c00000| PB 0x0000000723c00000| Untracked |  0
| 163|0x0000000723e00000, 0x0000000723e00000, 0x0000000724000000|  0%| F|  |TAMS 0x0000000723e00000| PB 0x0000000723e00000| Untracked |  0
| 164|0x0000000724000000, 0x0000000724200000, 0x0000000724200000|100%| O|  |TAMS 0x0000000724000000| PB 0x0000000724000000| Untracked |  0
| 165|0x0000000724200000, 0x0000000724200000, 0x0000000724400000|  0%| F|  |TAMS 0x0000000724200000| PB 0x0000000724200000| Untracked |  0
| 166|0x0000000724400000, 0x0000000724600000, 0x0000000724600000|100%| O|  |TAMS 0x0000000724400000| PB 0x0000000724400000| Untracked |  0
| 167|0x0000000724600000, 0x0000000724800000, 0x0000000724800000|100%| O|  |TAMS 0x0000000724600000| PB 0x0000000724600000| Untracked |  0
| 168|0x0000000724800000, 0x0000000724800000, 0x0000000724a00000|  0%| F|  |TAMS 0x0000000724800000| PB 0x0000000724800000| Untracked |  0
| 169|0x0000000724a00000, 0x0000000724a00000, 0x0000000724c00000|  0%| F|  |TAMS 0x0000000724a00000| PB 0x0000000724a00000| Untracked |  0
| 170|0x0000000724c00000, 0x0000000724e00000, 0x0000000724e00000|100%| O|  |TAMS 0x0000000724c00000| PB 0x0000000724c00000| Untracked |  0
| 171|0x0000000724e00000, 0x0000000725000000, 0x0000000725000000|100%| O|  |TAMS 0x0000000724e00000| PB 0x0000000724e00000| Untracked |  0
| 172|0x0000000725000000, 0x0000000725200000, 0x0000000725200000|100%| O|  |TAMS 0x0000000725000000| PB 0x0000000725000000| Untracked |  0
| 173|0x0000000725200000, 0x0000000725400000, 0x0000000725400000|100%| O|  |TAMS 0x0000000725200000| PB 0x0000000725200000| Untracked |  0
| 174|0x0000000725400000, 0x0000000725600000, 0x0000000725600000|100%|HS|  |TAMS 0x0000000725400000| PB 0x0000000725400000| Complete |  0
| 175|0x0000000725600000, 0x0000000725800000, 0x0000000725800000|100%|HC|  |TAMS 0x0000000725600000| PB 0x0000000725600000| Complete |  0
| 176|0x0000000725800000, 0x0000000725a00000, 0x0000000725a00000|100%| O|  |TAMS 0x0000000725800000| PB 0x0000000725800000| Untracked |  0
| 177|0x0000000725a00000, 0x0000000725a00000, 0x0000000725c00000|  0%| F|  |TAMS 0x0000000725a00000| PB 0x0000000725a00000| Untracked |  0
| 178|0x0000000725c00000, 0x0000000725c00000, 0x0000000725e00000|  0%| F|  |TAMS 0x0000000725c00000| PB 0x0000000725c00000| Untracked |  0
| 179|0x0000000725e00000, 0x0000000725e00000, 0x0000000726000000|  0%| F|  |TAMS 0x0000000725e00000| PB 0x0000000725e00000| Untracked |  0
| 180|0x0000000726000000, 0x0000000726000000, 0x0000000726200000|  0%| F|  |TAMS 0x0000000726000000| PB 0x0000000726000000| Untracked |  0
| 181|0x0000000726200000, 0x0000000726200000, 0x0000000726400000|  0%| F|  |TAMS 0x0000000726200000| PB 0x0000000726200000| Untracked |  0
| 182|0x0000000726400000, 0x0000000726600000, 0x0000000726600000|100%| O|  |TAMS 0x0000000726400000| PB 0x0000000726400000| Untracked |  0
| 183|0x0000000726600000, 0x0000000726600000, 0x0000000726800000|  0%| F|  |TAMS 0x0000000726600000| PB 0x0000000726600000| Untracked |  0
| 184|0x0000000726800000, 0x0000000726a00000, 0x0000000726a00000|100%| O|  |TAMS 0x0000000726800000| PB 0x0000000726800000| Untracked |  0
| 185|0x0000000726a00000, 0x0000000726c00000, 0x0000000726c00000|100%| O|  |TAMS 0x0000000726a00000| PB 0x0000000726a00000| Untracked |  0
| 186|0x0000000726c00000, 0x0000000726c00000, 0x0000000726e00000|  0%| F|  |TAMS 0x0000000726c00000| PB 0x0000000726c00000| Untracked |  0
| 187|0x0000000726e00000, 0x0000000726e00000, 0x0000000727000000|  0%| F|  |TAMS 0x0000000726e00000| PB 0x0000000726e00000| Untracked |  0
| 188|0x0000000727000000, 0x0000000727200000, 0x0000000727200000|100%| O|  |TAMS 0x0000000727000000| PB 0x0000000727000000| Untracked |  0
| 189|0x0000000727200000, 0x0000000727400000, 0x0000000727400000|100%| O|  |TAMS 0x0000000727200000| PB 0x0000000727200000| Untracked |  0
| 190|0x0000000727400000, 0x0000000727600000, 0x0000000727600000|100%| O|  |TAMS 0x0000000727400000| PB 0x0000000727400000| Untracked |  0
| 191|0x0000000727600000, 0x0000000727800000, 0x0000000727800000|100%| O|  |TAMS 0x0000000727600000| PB 0x0000000727600000| Untracked |  0
| 192|0x0000000727800000, 0x0000000727a00000, 0x0000000727a00000|100%| O|  |TAMS 0x0000000727800000| PB 0x0000000727800000| Untracked |  0
| 193|0x0000000727a00000, 0x0000000727c00000, 0x0000000727c00000|100%| S|CS|TAMS 0x0000000727a00000| PB 0x0000000727a00000| Complete |  0
| 194|0x0000000727c00000, 0x0000000727e00000, 0x0000000727e00000|100%| S|CS|TAMS 0x0000000727c00000| PB 0x0000000727c00000| Complete |  0
| 195|0x0000000727e00000, 0x0000000728000000, 0x0000000728000000|100%| S|CS|TAMS 0x0000000727e00000| PB 0x0000000727e00000| Complete |  0
| 196|0x0000000728000000, 0x0000000728200000, 0x0000000728200000|100%| S|CS|TAMS 0x0000000728000000| PB 0x0000000728000000| Complete |  0
| 197|0x0000000728200000, 0x0000000728400000, 0x0000000728400000|100%| S|CS|TAMS 0x0000000728200000| PB 0x0000000728200000| Complete |  0
| 198|0x0000000728400000, 0x0000000728600000, 0x0000000728600000|100%| S|CS|TAMS 0x0000000728400000| PB 0x0000000728400000| Complete |  0
| 199|0x0000000728600000, 0x0000000728800000, 0x0000000728800000|100%| S|CS|TAMS 0x0000000728600000| PB 0x0000000728600000| Complete |  0
| 200|0x0000000728800000, 0x0000000728800000, 0x0000000728a00000|  0%| F|  |TAMS 0x0000000728800000| PB 0x0000000728800000| Untracked |  0
| 201|0x0000000728a00000, 0x0000000728a00000, 0x0000000728c00000|  0%| F|  |TAMS 0x0000000728a00000| PB 0x0000000728a00000| Untracked |  0
| 202|0x0000000728c00000, 0x0000000728c00000, 0x0000000728e00000|  0%| F|  |TAMS 0x0000000728c00000| PB 0x0000000728c00000| Untracked |  0
| 203|0x0000000728e00000, 0x0000000728e00000, 0x0000000729000000|  0%| F|  |TAMS 0x0000000728e00000| PB 0x0000000728e00000| Untracked |  0
| 204|0x0000000729000000, 0x0000000729000000, 0x0000000729200000|  0%| F|  |TAMS 0x0000000729000000| PB 0x0000000729000000| Untracked |  0
| 205|0x0000000729200000, 0x0000000729200000, 0x0000000729400000|  0%| F|  |TAMS 0x0000000729200000| PB 0x0000000729200000| Untracked |  0
| 206|0x0000000729400000, 0x0000000729400000, 0x0000000729600000|  0%| F|  |TAMS 0x0000000729400000| PB 0x0000000729400000| Untracked |  0
| 207|0x0000000729600000, 0x0000000729600000, 0x0000000729800000|  0%| F|  |TAMS 0x0000000729600000| PB 0x0000000729600000| Untracked |  0
| 208|0x0000000729800000, 0x0000000729800000, 0x0000000729a00000|  0%| F|  |TAMS 0x0000000729800000| PB 0x0000000729800000| Untracked |  0
| 209|0x0000000729a00000, 0x0000000729a00000, 0x0000000729c00000|  0%| F|  |TAMS 0x0000000729a00000| PB 0x0000000729a00000| Untracked |  0
| 210|0x0000000729c00000, 0x0000000729c00000, 0x0000000729e00000|  0%| F|  |TAMS 0x0000000729c00000| PB 0x0000000729c00000| Untracked |  0
| 211|0x0000000729e00000, 0x0000000729e00000, 0x000000072a000000|  0%| F|  |TAMS 0x0000000729e00000| PB 0x0000000729e00000| Untracked |  0
| 212|0x000000072a000000, 0x000000072a200000, 0x000000072a200000|100%| O|  |TAMS 0x000000072a000000| PB 0x000000072a000000| Untracked |  0
| 213|0x000000072a200000, 0x000000072a400000, 0x000000072a400000|100%| O|  |TAMS 0x000000072a200000| PB 0x000000072a200000| Untracked |  0
| 214|0x000000072a400000, 0x000000072a600000, 0x000000072a600000|100%| O|  |TAMS 0x000000072a400000| PB 0x000000072a400000| Untracked |  0
| 215|0x000000072a600000, 0x000000072a800000, 0x000000072a800000|100%| O|  |TAMS 0x000000072a600000| PB 0x000000072a600000| Untracked |  0
| 216|0x000000072a800000, 0x000000072aa00000, 0x000000072aa00000|100%| O|  |TAMS 0x000000072a800000| PB 0x000000072a800000| Untracked |  0
| 217|0x000000072aa00000, 0x000000072ac00000, 0x000000072ac00000|100%| O|  |TAMS 0x000000072aa00000| PB 0x000000072aa00000| Untracked |  0
| 218|0x000000072ac00000, 0x000000072ae00000, 0x000000072ae00000|100%| O|  |TAMS 0x000000072ac00000| PB 0x000000072ac00000| Untracked |  0
| 219|0x000000072ae00000, 0x000000072b000000, 0x000000072b000000|100%| O|  |TAMS 0x000000072ae00000| PB 0x000000072ae00000| Untracked |  0
| 220|0x000000072b000000, 0x000000072b200000, 0x000000072b200000|100%| O|  |TAMS 0x000000072b000000| PB 0x000000072b000000| Untracked |  0
| 221|0x000000072b200000, 0x000000072b200000, 0x000000072b400000|  0%| F|  |TAMS 0x000000072b200000| PB 0x000000072b200000| Untracked |  0
| 222|0x000000072b400000, 0x000000072b400000, 0x000000072b600000|  0%| F|  |TAMS 0x000000072b400000| PB 0x000000072b400000| Untracked |  0
| 223|0x000000072b600000, 0x000000072b600000, 0x000000072b800000|  0%| F|  |TAMS 0x000000072b600000| PB 0x000000072b600000| Untracked |  0
| 224|0x000000072b800000, 0x000000072b800000, 0x000000072ba00000|  0%| F|  |TAMS 0x000000072b800000| PB 0x000000072b800000| Untracked |  0
| 225|0x000000072ba00000, 0x000000072bc00000, 0x000000072bc00000|100%| S|CS|TAMS 0x000000072ba00000| PB 0x000000072ba00000| Complete |  0
| 226|0x000000072bc00000, 0x000000072be00000, 0x000000072be00000|100%| S|CS|TAMS 0x000000072bc00000| PB 0x000000072bc00000| Complete |  0
| 227|0x000000072be00000, 0x000000072c000000, 0x000000072c000000|100%| S|CS|TAMS 0x000000072be00000| PB 0x000000072be00000| Complete |  0
| 228|0x000000072c000000, 0x000000072c200000, 0x000000072c200000|100%| S|CS|TAMS 0x000000072c000000| PB 0x000000072c000000| Complete |  0
| 229|0x000000072c200000, 0x000000072c400000, 0x000000072c400000|100%| S|CS|TAMS 0x000000072c200000| PB 0x000000072c200000| Complete |  0
| 230|0x000000072c400000, 0x000000072c600000, 0x000000072c600000|100%| S|CS|TAMS 0x000000072c400000| PB 0x000000072c400000| Complete |  0
| 231|0x000000072c600000, 0x000000072c800000, 0x000000072c800000|100%| S|CS|TAMS 0x000000072c600000| PB 0x000000072c600000| Complete |  0
| 232|0x000000072c800000, 0x000000072ca00000, 0x000000072ca00000|100%| S|CS|TAMS 0x000000072c800000| PB 0x000000072c800000| Complete |  0
| 233|0x000000072ca00000, 0x000000072ca00000, 0x000000072cc00000|  0%| F|  |TAMS 0x000000072ca00000| PB 0x000000072ca00000| Untracked |  0
| 234|0x000000072cc00000, 0x000000072cc00000, 0x000000072ce00000|  0%| F|  |TAMS 0x000000072cc00000| PB 0x000000072cc00000| Untracked |  0
| 235|0x000000072ce00000, 0x000000072ce00000, 0x000000072d000000|  0%| F|  |TAMS 0x000000072ce00000| PB 0x000000072ce00000| Untracked |  0
| 236|0x000000072d000000, 0x000000072d200000, 0x000000072d200000|100%| S|CS|TAMS 0x000000072d000000| PB 0x000000072d000000| Complete |  0
| 237|0x000000072d200000, 0x000000072d400000, 0x000000072d400000|100%| S|CS|TAMS 0x000000072d200000| PB 0x000000072d200000| Complete |  0
| 238|0x000000072d400000, 0x000000072d600000, 0x000000072d600000|100%| S|CS|TAMS 0x000000072d400000| PB 0x000000072d400000| Complete |  0
| 239|0x000000072d600000, 0x000000072d800000, 0x000000072d800000|100%| S|CS|TAMS 0x000000072d600000| PB 0x000000072d600000| Complete |  0
| 240|0x000000072d800000, 0x000000072d800000, 0x000000072da00000|  0%| F|  |TAMS 0x000000072d800000| PB 0x000000072d800000| Untracked |  0
| 241|0x000000072da00000, 0x000000072da00000, 0x000000072dc00000|  0%| F|  |TAMS 0x000000072da00000| PB 0x000000072da00000| Untracked |  0
| 242|0x000000072dc00000, 0x000000072dc00000, 0x000000072de00000|  0%| F|  |TAMS 0x000000072dc00000| PB 0x000000072dc00000| Untracked |  0
| 243|0x000000072de00000, 0x000000072de00000, 0x000000072e000000|  0%| F|  |TAMS 0x000000072de00000| PB 0x000000072de00000| Untracked |  0
| 244|0x000000072e000000, 0x000000072e000000, 0x000000072e200000|  0%| F|  |TAMS 0x000000072e000000| PB 0x000000072e000000| Untracked |  0
| 245|0x000000072e200000, 0x000000072e200000, 0x000000072e400000|  0%| F|  |TAMS 0x000000072e200000| PB 0x000000072e200000| Untracked |  0
| 246|0x000000072e400000, 0x000000072e400000, 0x000000072e600000|  0%| F|  |TAMS 0x000000072e400000| PB 0x000000072e400000| Untracked |  0
| 247|0x000000072e600000, 0x000000072e600000, 0x000000072e800000|  0%| F|  |TAMS 0x000000072e600000| PB 0x000000072e600000| Untracked |  0
| 248|0x000000072e800000, 0x000000072e800000, 0x000000072ea00000|  0%| F|  |TAMS 0x000000072e800000| PB 0x000000072e800000| Untracked |  0
| 249|0x000000072ea00000, 0x000000072ea00000, 0x000000072ec00000|  0%| F|  |TAMS 0x000000072ea00000| PB 0x000000072ea00000| Untracked |  0
| 250|0x000000072ec00000, 0x000000072ec00000, 0x000000072ee00000|  0%| F|  |TAMS 0x000000072ec00000| PB 0x000000072ec00000| Untracked |  0
| 251|0x000000072ee00000, 0x000000072ee00000, 0x000000072f000000|  0%| F|  |TAMS 0x000000072ee00000| PB 0x000000072ee00000| Untracked |  0
| 252|0x000000072f000000, 0x000000072f000000, 0x000000072f200000|  0%| F|  |TAMS 0x000000072f000000| PB 0x000000072f000000| Untracked |  0
| 253|0x000000072f200000, 0x000000072f200000, 0x000000072f400000|  0%| F|  |TAMS 0x000000072f200000| PB 0x000000072f200000| Untracked |  0
| 254|0x000000072f400000, 0x000000072f400000, 0x000000072f600000|  0%| F|  |TAMS 0x000000072f400000| PB 0x000000072f400000| Untracked |  0
| 255|0x000000072f600000, 0x000000072f600000, 0x000000072f800000|  0%| F|  |TAMS 0x000000072f600000| PB 0x000000072f600000| Untracked |  0
| 256|0x000000072f800000, 0x000000072f800000, 0x000000072fa00000|  0%| F|  |TAMS 0x000000072f800000| PB 0x000000072f800000| Untracked |  0
| 257|0x000000072fa00000, 0x000000072fa00000, 0x000000072fc00000|  0%| F|  |TAMS 0x000000072fa00000| PB 0x000000072fa00000| Untracked |  0
| 258|0x000000072fc00000, 0x000000072fc00000, 0x000000072fe00000|  0%| F|  |TAMS 0x000000072fc00000| PB 0x000000072fc00000| Untracked |  0
| 259|0x000000072fe00000, 0x000000072fe00000, 0x0000000730000000|  0%| F|  |TAMS 0x000000072fe00000| PB 0x000000072fe00000| Untracked |  0
| 260|0x0000000730000000, 0x0000000730000000, 0x0000000730200000|  0%| F|  |TAMS 0x0000000730000000| PB 0x0000000730000000| Untracked |  0
| 261|0x0000000730200000, 0x0000000730200000, 0x0000000730400000|  0%| F|  |TAMS 0x0000000730200000| PB 0x0000000730200000| Untracked |  0
| 262|0x0000000730400000, 0x0000000730400000, 0x0000000730600000|  0%| F|  |TAMS 0x0000000730400000| PB 0x0000000730400000| Untracked |  0
| 263|0x0000000730600000, 0x0000000730600000, 0x0000000730800000|  0%| F|  |TAMS 0x0000000730600000| PB 0x0000000730600000| Untracked |  0
| 264|0x0000000730800000, 0x0000000730800000, 0x0000000730a00000|  0%| F|  |TAMS 0x0000000730800000| PB 0x0000000730800000| Untracked |  0
| 265|0x0000000730a00000, 0x0000000730a00000, 0x0000000730c00000|  0%| F|  |TAMS 0x0000000730a00000| PB 0x0000000730a00000| Untracked |  0
| 266|0x0000000730c00000, 0x0000000730c00000, 0x0000000730e00000|  0%| F|  |TAMS 0x0000000730c00000| PB 0x0000000730c00000| Untracked |  0
| 267|0x0000000730e00000, 0x0000000730e00000, 0x0000000731000000|  0%| F|  |TAMS 0x0000000730e00000| PB 0x0000000730e00000| Untracked |  0
| 268|0x0000000731000000, 0x0000000731000000, 0x0000000731200000|  0%| F|  |TAMS 0x0000000731000000| PB 0x0000000731000000| Untracked |  0
| 269|0x0000000731200000, 0x0000000731200000, 0x0000000731400000|  0%| F|  |TAMS 0x0000000731200000| PB 0x0000000731200000| Untracked |  0
| 270|0x0000000731400000, 0x0000000731400000, 0x0000000731600000|  0%| F|  |TAMS 0x0000000731400000| PB 0x0000000731400000| Untracked |  0
| 271|0x0000000731600000, 0x0000000731600000, 0x0000000731800000|  0%| F|  |TAMS 0x0000000731600000| PB 0x0000000731600000| Untracked |  0
| 272|0x0000000731800000, 0x0000000731800000, 0x0000000731a00000|  0%| F|  |TAMS 0x0000000731800000| PB 0x0000000731800000| Untracked |  0
| 273|0x0000000731a00000, 0x0000000731a00000, 0x0000000731c00000|  0%| F|  |TAMS 0x0000000731a00000| PB 0x0000000731a00000| Untracked |  0
| 274|0x0000000731c00000, 0x0000000731c00000, 0x0000000731e00000|  0%| F|  |TAMS 0x0000000731c00000| PB 0x0000000731c00000| Untracked |  0
| 275|0x0000000731e00000, 0x0000000731e00000, 0x0000000732000000|  0%| F|  |TAMS 0x0000000731e00000| PB 0x0000000731e00000| Untracked |  0
| 276|0x0000000732000000, 0x0000000732000000, 0x0000000732200000|  0%| F|  |TAMS 0x0000000732000000| PB 0x0000000732000000| Untracked |  0
| 277|0x0000000732200000, 0x0000000732200000, 0x0000000732400000|  0%| F|  |TAMS 0x0000000732200000| PB 0x0000000732200000| Untracked |  0
| 278|0x0000000732400000, 0x0000000732400000, 0x0000000732600000|  0%| F|  |TAMS 0x0000000732400000| PB 0x0000000732400000| Untracked |  0
| 279|0x0000000732600000, 0x0000000732600000, 0x0000000732800000|  0%| F|  |TAMS 0x0000000732600000| PB 0x0000000732600000| Untracked |  0
| 280|0x0000000732800000, 0x0000000732800000, 0x0000000732a00000|  0%| F|  |TAMS 0x0000000732800000| PB 0x0000000732800000| Untracked |  0
| 281|0x0000000732a00000, 0x0000000732a00000, 0x0000000732c00000|  0%| F|  |TAMS 0x0000000732a00000| PB 0x0000000732a00000| Untracked |  0
| 282|0x0000000732c00000, 0x0000000732c00000, 0x0000000732e00000|  0%| F|  |TAMS 0x0000000732c00000| PB 0x0000000732c00000| Untracked |  0
| 283|0x0000000732e00000, 0x0000000732e00000, 0x0000000733000000|  0%| F|  |TAMS 0x0000000732e00000| PB 0x0000000732e00000| Untracked |  0
| 284|0x0000000733000000, 0x0000000733000000, 0x0000000733200000|  0%| F|  |TAMS 0x0000000733000000| PB 0x0000000733000000| Untracked |  0
| 285|0x0000000733200000, 0x0000000733200000, 0x0000000733400000|  0%| F|  |TAMS 0x0000000733200000| PB 0x0000000733200000| Untracked |  0
| 286|0x0000000733400000, 0x0000000733400000, 0x0000000733600000|  0%| F|  |TAMS 0x0000000733400000| PB 0x0000000733400000| Untracked |  0
| 287|0x0000000733600000, 0x0000000733600000, 0x0000000733800000|  0%| F|  |TAMS 0x0000000733600000| PB 0x0000000733600000| Untracked |  0
| 288|0x0000000733800000, 0x0000000733800000, 0x0000000733a00000|  0%| F|  |TAMS 0x0000000733800000| PB 0x0000000733800000| Untracked |  0
| 289|0x0000000733a00000, 0x0000000733a00000, 0x0000000733c00000|  0%| F|  |TAMS 0x0000000733a00000| PB 0x0000000733a00000| Untracked |  0
| 290|0x0000000733c00000, 0x0000000733c00000, 0x0000000733e00000|  0%| F|  |TAMS 0x0000000733c00000| PB 0x0000000733c00000| Untracked |  0
| 291|0x0000000733e00000, 0x0000000733e00000, 0x0000000734000000|  0%| F|  |TAMS 0x0000000733e00000| PB 0x0000000733e00000| Untracked |  0
| 292|0x0000000734000000, 0x0000000734000000, 0x0000000734200000|  0%| F|  |TAMS 0x0000000734000000| PB 0x0000000734000000| Untracked |  0
| 293|0x0000000734200000, 0x0000000734200000, 0x0000000734400000|  0%| F|  |TAMS 0x0000000734200000| PB 0x0000000734200000| Untracked |  0
| 294|0x0000000734400000, 0x0000000734400000, 0x0000000734600000|  0%| F|  |TAMS 0x0000000734400000| PB 0x0000000734400000| Untracked |  0
| 295|0x0000000734600000, 0x0000000734600000, 0x0000000734800000|  0%| F|  |TAMS 0x0000000734600000| PB 0x0000000734600000| Untracked |  0
| 296|0x0000000734800000, 0x0000000734800000, 0x0000000734a00000|  0%| F|  |TAMS 0x0000000734800000| PB 0x0000000734800000| Untracked |  0
| 297|0x0000000734a00000, 0x0000000734a00000, 0x0000000734c00000|  0%| F|  |TAMS 0x0000000734a00000| PB 0x0000000734a00000| Untracked |  0
| 298|0x0000000734c00000, 0x0000000734c00000, 0x0000000734e00000|  0%| F|  |TAMS 0x0000000734c00000| PB 0x0000000734c00000| Untracked |  0
| 299|0x0000000734e00000, 0x0000000734e00000, 0x0000000735000000|  0%| F|  |TAMS 0x0000000734e00000| PB 0x0000000734e00000| Untracked |  0
| 300|0x0000000735000000, 0x0000000735000000, 0x0000000735200000|  0%| F|  |TAMS 0x0000000735000000| PB 0x0000000735000000| Untracked |  0
| 301|0x0000000735200000, 0x0000000735200000, 0x0000000735400000|  0%| F|  |TAMS 0x0000000735200000| PB 0x0000000735200000| Untracked |  0
| 302|0x0000000735400000, 0x0000000735400000, 0x0000000735600000|  0%| F|  |TAMS 0x0000000735400000| PB 0x0000000735400000| Untracked |  0
| 303|0x0000000735600000, 0x0000000735600000, 0x0000000735800000|  0%| F|  |TAMS 0x0000000735600000| PB 0x0000000735600000| Untracked |  0
| 304|0x0000000735800000, 0x0000000735800000, 0x0000000735a00000|  0%| F|  |TAMS 0x0000000735800000| PB 0x0000000735800000| Untracked |  0
| 305|0x0000000735a00000, 0x0000000735a00000, 0x0000000735c00000|  0%| F|  |TAMS 0x0000000735a00000| PB 0x0000000735a00000| Untracked |  0
| 306|0x0000000735c00000, 0x0000000735c00000, 0x0000000735e00000|  0%| F|  |TAMS 0x0000000735c00000| PB 0x0000000735c00000| Untracked |  0
| 307|0x0000000735e00000, 0x0000000735e00000, 0x0000000736000000|  0%| F|  |TAMS 0x0000000735e00000| PB 0x0000000735e00000| Untracked |  0
| 308|0x0000000736000000, 0x0000000736000000, 0x0000000736200000|  0%| F|  |TAMS 0x0000000736000000| PB 0x0000000736000000| Untracked |  0
| 309|0x0000000736200000, 0x0000000736200000, 0x0000000736400000|  0%| F|  |TAMS 0x0000000736200000| PB 0x0000000736200000| Untracked |  0
| 310|0x0000000736400000, 0x0000000736400000, 0x0000000736600000|  0%| F|  |TAMS 0x0000000736400000| PB 0x0000000736400000| Untracked |  0
| 311|0x0000000736600000, 0x0000000736600000, 0x0000000736800000|  0%| F|  |TAMS 0x0000000736600000| PB 0x0000000736600000| Untracked |  0
| 312|0x0000000736800000, 0x0000000736800000, 0x0000000736a00000|  0%| F|  |TAMS 0x0000000736800000| PB 0x0000000736800000| Untracked |  0
| 313|0x0000000736a00000, 0x0000000736a00000, 0x0000000736c00000|  0%| F|  |TAMS 0x0000000736a00000| PB 0x0000000736a00000| Untracked |  0
| 314|0x0000000736c00000, 0x0000000736c00000, 0x0000000736e00000|  0%| F|  |TAMS 0x0000000736c00000| PB 0x0000000736c00000| Untracked |  0
| 315|0x0000000736e00000, 0x0000000736e00000, 0x0000000737000000|  0%| F|  |TAMS 0x0000000736e00000| PB 0x0000000736e00000| Untracked |  0
| 316|0x0000000737000000, 0x0000000737000000, 0x0000000737200000|  0%| F|  |TAMS 0x0000000737000000| PB 0x0000000737000000| Untracked |  0
| 317|0x0000000737200000, 0x0000000737200000, 0x0000000737400000|  0%| F|  |TAMS 0x0000000737200000| PB 0x0000000737200000| Untracked |  0
| 318|0x0000000737400000, 0x0000000737400000, 0x0000000737600000|  0%| F|  |TAMS 0x0000000737400000| PB 0x0000000737400000| Untracked |  0
| 319|0x0000000737600000, 0x0000000737600000, 0x0000000737800000|  0%| F|  |TAMS 0x0000000737600000| PB 0x0000000737600000| Untracked |  0
| 320|0x0000000737800000, 0x0000000737800000, 0x0000000737a00000|  0%| F|  |TAMS 0x0000000737800000| PB 0x0000000737800000| Untracked |  0
| 321|0x0000000737a00000, 0x0000000737a00000, 0x0000000737c00000|  0%| F|  |TAMS 0x0000000737a00000| PB 0x0000000737a00000| Untracked |  0
| 322|0x0000000737c00000, 0x0000000737c00000, 0x0000000737e00000|  0%| F|  |TAMS 0x0000000737c00000| PB 0x0000000737c00000| Untracked |  0
| 323|0x0000000737e00000, 0x0000000737e00000, 0x0000000738000000|  0%| F|  |TAMS 0x0000000737e00000| PB 0x0000000737e00000| Untracked |  0
| 324|0x0000000738000000, 0x0000000738000000, 0x0000000738200000|  0%| F|  |TAMS 0x0000000738000000| PB 0x0000000738000000| Untracked |  0
| 325|0x0000000738200000, 0x0000000738200000, 0x0000000738400000|  0%| F|  |TAMS 0x0000000738200000| PB 0x0000000738200000| Untracked |  0
| 326|0x0000000738400000, 0x0000000738400000, 0x0000000738600000|  0%| F|  |TAMS 0x0000000738400000| PB 0x0000000738400000| Untracked |  0
| 327|0x0000000738600000, 0x0000000738600000, 0x0000000738800000|  0%| F|  |TAMS 0x0000000738600000| PB 0x0000000738600000| Untracked |  0
| 328|0x0000000738800000, 0x0000000738800000, 0x0000000738a00000|  0%| F|  |TAMS 0x0000000738800000| PB 0x0000000738800000| Untracked |  0
| 329|0x0000000738a00000, 0x0000000738a00000, 0x0000000738c00000|  0%| F|  |TAMS 0x0000000738a00000| PB 0x0000000738a00000| Untracked |  0
| 330|0x0000000738c00000, 0x0000000738c00000, 0x0000000738e00000|  0%| F|  |TAMS 0x0000000738c00000| PB 0x0000000738c00000| Untracked |  0
| 331|0x0000000738e00000, 0x0000000738e00000, 0x0000000739000000|  0%| F|  |TAMS 0x0000000738e00000| PB 0x0000000738e00000| Untracked |  0
| 332|0x0000000739000000, 0x0000000739000000, 0x0000000739200000|  0%| F|  |TAMS 0x0000000739000000| PB 0x0000000739000000| Untracked |  0
| 333|0x0000000739200000, 0x0000000739200000, 0x0000000739400000|  0%| F|  |TAMS 0x0000000739200000| PB 0x0000000739200000| Untracked |  0
| 334|0x0000000739400000, 0x0000000739400000, 0x0000000739600000|  0%| F|  |TAMS 0x0000000739400000| PB 0x0000000739400000| Untracked |  0
| 335|0x0000000739600000, 0x0000000739600000, 0x0000000739800000|  0%| F|  |TAMS 0x0000000739600000| PB 0x0000000739600000| Untracked |  0
| 336|0x0000000739800000, 0x0000000739800000, 0x0000000739a00000|  0%| F|  |TAMS 0x0000000739800000| PB 0x0000000739800000| Untracked |  0
| 337|0x0000000739a00000, 0x0000000739a00000, 0x0000000739c00000|  0%| F|  |TAMS 0x0000000739a00000| PB 0x0000000739a00000| Untracked |  0
| 338|0x0000000739c00000, 0x0000000739c00000, 0x0000000739e00000|  0%| F|  |TAMS 0x0000000739c00000| PB 0x0000000739c00000| Untracked |  0
| 339|0x0000000739e00000, 0x0000000739e00000, 0x000000073a000000|  0%| F|  |TAMS 0x0000000739e00000| PB 0x0000000739e00000| Untracked |  0
| 340|0x000000073a000000, 0x000000073a000000, 0x000000073a200000|  0%| F|  |TAMS 0x000000073a000000| PB 0x000000073a000000| Untracked |  0
| 341|0x000000073a200000, 0x000000073a200000, 0x000000073a400000|  0%| F|  |TAMS 0x000000073a200000| PB 0x000000073a200000| Untracked |  0
| 342|0x000000073a400000, 0x000000073a400000, 0x000000073a600000|  0%| F|  |TAMS 0x000000073a400000| PB 0x000000073a400000| Untracked |  0
| 343|0x000000073a600000, 0x000000073a600000, 0x000000073a800000|  0%| F|  |TAMS 0x000000073a600000| PB 0x000000073a600000| Untracked |  0
| 344|0x000000073a800000, 0x000000073a800000, 0x000000073aa00000|  0%| F|  |TAMS 0x000000073a800000| PB 0x000000073a800000| Untracked |  0
| 345|0x000000073aa00000, 0x000000073aa00000, 0x000000073ac00000|  0%| F|  |TAMS 0x000000073aa00000| PB 0x000000073aa00000| Untracked |  0
| 346|0x000000073ac00000, 0x000000073ac00000, 0x000000073ae00000|  0%| F|  |TAMS 0x000000073ac00000| PB 0x000000073ac00000| Untracked |  0
| 347|0x000000073ae00000, 0x000000073ae00000, 0x000000073b000000|  0%| F|  |TAMS 0x000000073ae00000| PB 0x000000073ae00000| Untracked |  0
| 348|0x000000073b000000, 0x000000073b000000, 0x000000073b200000|  0%| F|  |TAMS 0x000000073b000000| PB 0x000000073b000000| Untracked |  0
| 349|0x000000073b200000, 0x000000073b200000, 0x000000073b400000|  0%| F|  |TAMS 0x000000073b200000| PB 0x000000073b200000| Untracked |  0
| 350|0x000000073b400000, 0x000000073b400000, 0x000000073b600000|  0%| F|  |TAMS 0x000000073b400000| PB 0x000000073b400000| Untracked |  0
| 351|0x000000073b600000, 0x000000073b600000, 0x000000073b800000|  0%| F|  |TAMS 0x000000073b600000| PB 0x000000073b600000| Untracked |  0
| 352|0x000000073b800000, 0x000000073b800000, 0x000000073ba00000|  0%| F|  |TAMS 0x000000073b800000| PB 0x000000073b800000| Untracked |  0
| 353|0x000000073ba00000, 0x000000073ba00000, 0x000000073bc00000|  0%| F|  |TAMS 0x000000073ba00000| PB 0x000000073ba00000| Untracked |  0
| 354|0x000000073bc00000, 0x000000073bc00000, 0x000000073be00000|  0%| F|  |TAMS 0x000000073bc00000| PB 0x000000073bc00000| Untracked |  0
| 355|0x000000073be00000, 0x000000073be00000, 0x000000073c000000|  0%| F|  |TAMS 0x000000073be00000| PB 0x000000073be00000| Untracked |  0
| 356|0x000000073c000000, 0x000000073c000000, 0x000000073c200000|  0%| F|  |TAMS 0x000000073c000000| PB 0x000000073c000000| Untracked |  0
| 357|0x000000073c200000, 0x000000073c200000, 0x000000073c400000|  0%| F|  |TAMS 0x000000073c200000| PB 0x000000073c200000| Untracked |  0
| 358|0x000000073c400000, 0x000000073c400000, 0x000000073c600000|  0%| F|  |TAMS 0x000000073c400000| PB 0x000000073c400000| Untracked |  0
| 359|0x000000073c600000, 0x000000073c600000, 0x000000073c800000|  0%| F|  |TAMS 0x000000073c600000| PB 0x000000073c600000| Untracked |  0
| 360|0x000000073c800000, 0x000000073c800000, 0x000000073ca00000|  0%| F|  |TAMS 0x000000073c800000| PB 0x000000073c800000| Untracked |  0
| 361|0x000000073ca00000, 0x000000073ca00000, 0x000000073cc00000|  0%| F|  |TAMS 0x000000073ca00000| PB 0x000000073ca00000| Untracked |  0
| 362|0x000000073cc00000, 0x000000073cc00000, 0x000000073ce00000|  0%| F|  |TAMS 0x000000073cc00000| PB 0x000000073cc00000| Untracked |  0
| 363|0x000000073ce00000, 0x000000073ce00000, 0x000000073d000000|  0%| F|  |TAMS 0x000000073ce00000| PB 0x000000073ce00000| Untracked |  0
| 364|0x000000073d000000, 0x000000073d000000, 0x000000073d200000|  0%| F|  |TAMS 0x000000073d000000| PB 0x000000073d000000| Untracked |  0
| 365|0x000000073d200000, 0x000000073d200000, 0x000000073d400000|  0%| F|  |TAMS 0x000000073d200000| PB 0x000000073d200000| Untracked |  0
| 366|0x000000073d400000, 0x000000073d400000, 0x000000073d600000|  0%| F|  |TAMS 0x000000073d400000| PB 0x000000073d400000| Untracked |  0
| 367|0x000000073d600000, 0x000000073d600000, 0x000000073d800000|  0%| F|  |TAMS 0x000000073d600000| PB 0x000000073d600000| Untracked |  0
| 368|0x000000073d800000, 0x000000073d800000, 0x000000073da00000|  0%| F|  |TAMS 0x000000073d800000| PB 0x000000073d800000| Untracked |  0
| 369|0x000000073da00000, 0x000000073da00000, 0x000000073dc00000|  0%| F|  |TAMS 0x000000073da00000| PB 0x000000073da00000| Untracked |  0
| 370|0x000000073dc00000, 0x000000073dc00000, 0x000000073de00000|  0%| F|  |TAMS 0x000000073dc00000| PB 0x000000073dc00000| Untracked |  0
| 371|0x000000073de00000, 0x000000073de00000, 0x000000073e000000|  0%| F|  |TAMS 0x000000073de00000| PB 0x000000073de00000| Untracked |  0
| 372|0x000000073e000000, 0x000000073e000000, 0x000000073e200000|  0%| F|  |TAMS 0x000000073e000000| PB 0x000000073e000000| Untracked |  0
| 373|0x000000073e200000, 0x000000073e200000, 0x000000073e400000|  0%| F|  |TAMS 0x000000073e200000| PB 0x000000073e200000| Untracked |  0
| 374|0x000000073e400000, 0x000000073e400000, 0x000000073e600000|  0%| F|  |TAMS 0x000000073e400000| PB 0x000000073e400000| Untracked |  0
| 375|0x000000073e600000, 0x000000073e600000, 0x000000073e800000|  0%| F|  |TAMS 0x000000073e600000| PB 0x000000073e600000| Untracked |  0
| 376|0x000000073e800000, 0x000000073e800000, 0x000000073ea00000|  0%| F|  |TAMS 0x000000073e800000| PB 0x000000073e800000| Untracked |  0
| 377|0x000000073ea00000, 0x000000073ea00000, 0x000000073ec00000|  0%| F|  |TAMS 0x000000073ea00000| PB 0x000000073ea00000| Untracked |  0
| 378|0x000000073ec00000, 0x000000073ec00000, 0x000000073ee00000|  0%| F|  |TAMS 0x000000073ec00000| PB 0x000000073ec00000| Untracked |  0
| 379|0x000000073ee00000, 0x000000073ee00000, 0x000000073f000000|  0%| F|  |TAMS 0x000000073ee00000| PB 0x000000073ee00000| Untracked |  0
| 380|0x000000073f000000, 0x000000073f000000, 0x000000073f200000|  0%| F|  |TAMS 0x000000073f000000| PB 0x000000073f000000| Untracked |  0
| 381|0x000000073f200000, 0x000000073f200000, 0x000000073f400000|  0%| F|  |TAMS 0x000000073f200000| PB 0x000000073f200000| Untracked |  0
| 382|0x000000073f400000, 0x000000073f400000, 0x000000073f600000|  0%| F|  |TAMS 0x000000073f400000| PB 0x000000073f400000| Untracked |  0
| 383|0x000000073f600000, 0x000000073f600000, 0x000000073f800000|  0%| F|  |TAMS 0x000000073f600000| PB 0x000000073f600000| Untracked |  0
| 384|0x000000073f800000, 0x000000073f800000, 0x000000073fa00000|  0%| F|  |TAMS 0x000000073f800000| PB 0x000000073f800000| Untracked |  0
| 385|0x000000073fa00000, 0x000000073fa00000, 0x000000073fc00000|  0%| F|  |TAMS 0x000000073fa00000| PB 0x000000073fa00000| Untracked |  0
| 386|0x000000073fc00000, 0x000000073fc00000, 0x000000073fe00000|  0%| F|  |TAMS 0x000000073fc00000| PB 0x000000073fc00000| Untracked |  0
| 387|0x000000073fe00000, 0x000000073fe00000, 0x0000000740000000|  0%| F|  |TAMS 0x000000073fe00000| PB 0x000000073fe00000| Untracked |  0
| 388|0x0000000740000000, 0x0000000740000000, 0x0000000740200000|  0%| F|  |TAMS 0x0000000740000000| PB 0x0000000740000000| Untracked |  0
| 389|0x0000000740200000, 0x0000000740200000, 0x0000000740400000|  0%| F|  |TAMS 0x0000000740200000| PB 0x0000000740200000| Untracked |  0
| 390|0x0000000740400000, 0x0000000740400000, 0x0000000740600000|  0%| F|  |TAMS 0x0000000740400000| PB 0x0000000740400000| Untracked |  0
| 391|0x0000000740600000, 0x0000000740600000, 0x0000000740800000|  0%| F|  |TAMS 0x0000000740600000| PB 0x0000000740600000| Untracked |  0
| 392|0x0000000740800000, 0x0000000740800000, 0x0000000740a00000|  0%| F|  |TAMS 0x0000000740800000| PB 0x0000000740800000| Untracked |  0
| 393|0x0000000740a00000, 0x0000000740a00000, 0x0000000740c00000|  0%| F|  |TAMS 0x0000000740a00000| PB 0x0000000740a00000| Untracked |  0
| 394|0x0000000740c00000, 0x0000000740c00000, 0x0000000740e00000|  0%| F|  |TAMS 0x0000000740c00000| PB 0x0000000740c00000| Untracked |  0
| 395|0x0000000740e00000, 0x0000000740e00000, 0x0000000741000000|  0%| F|  |TAMS 0x0000000740e00000| PB 0x0000000740e00000| Untracked |  0
| 396|0x0000000741000000, 0x0000000741000000, 0x0000000741200000|  0%| F|  |TAMS 0x0000000741000000| PB 0x0000000741000000| Untracked |  0
| 397|0x0000000741200000, 0x0000000741200000, 0x0000000741400000|  0%| F|  |TAMS 0x0000000741200000| PB 0x0000000741200000| Untracked |  0
| 398|0x0000000741400000, 0x0000000741400000, 0x0000000741600000|  0%| F|  |TAMS 0x0000000741400000| PB 0x0000000741400000| Untracked |  0
| 399|0x0000000741600000, 0x0000000741600000, 0x0000000741800000|  0%| F|  |TAMS 0x0000000741600000| PB 0x0000000741600000| Untracked |  0
| 400|0x0000000741800000, 0x0000000741800000, 0x0000000741a00000|  0%| F|  |TAMS 0x0000000741800000| PB 0x0000000741800000| Untracked |  0
| 401|0x0000000741a00000, 0x0000000741a00000, 0x0000000741c00000|  0%| F|  |TAMS 0x0000000741a00000| PB 0x0000000741a00000| Untracked |  0
| 402|0x0000000741c00000, 0x0000000741c00000, 0x0000000741e00000|  0%| F|  |TAMS 0x0000000741c00000| PB 0x0000000741c00000| Untracked |  0
| 403|0x0000000741e00000, 0x0000000741e00000, 0x0000000742000000|  0%| F|  |TAMS 0x0000000741e00000| PB 0x0000000741e00000| Untracked |  0
| 404|0x0000000742000000, 0x0000000742000000, 0x0000000742200000|  0%| F|  |TAMS 0x0000000742000000| PB 0x0000000742000000| Untracked |  0
| 405|0x0000000742200000, 0x0000000742200000, 0x0000000742400000|  0%| F|  |TAMS 0x0000000742200000| PB 0x0000000742200000| Untracked |  0
| 406|0x0000000742400000, 0x0000000742400000, 0x0000000742600000|  0%| F|  |TAMS 0x0000000742400000| PB 0x0000000742400000| Untracked |  0
| 407|0x0000000742600000, 0x0000000742600000, 0x0000000742800000|  0%| F|  |TAMS 0x0000000742600000| PB 0x0000000742600000| Untracked |  0
| 408|0x0000000742800000, 0x0000000742800000, 0x0000000742a00000|  0%| F|  |TAMS 0x0000000742800000| PB 0x0000000742800000| Untracked |  0
| 409|0x0000000742a00000, 0x0000000742a00000, 0x0000000742c00000|  0%| F|  |TAMS 0x0000000742a00000| PB 0x0000000742a00000| Untracked |  0
| 410|0x0000000742c00000, 0x0000000742c00000, 0x0000000742e00000|  0%| F|  |TAMS 0x0000000742c00000| PB 0x0000000742c00000| Untracked |  0
| 411|0x0000000742e00000, 0x0000000742e00000, 0x0000000743000000|  0%| F|  |TAMS 0x0000000742e00000| PB 0x0000000742e00000| Untracked |  0
| 412|0x0000000743000000, 0x0000000743000000, 0x0000000743200000|  0%| F|  |TAMS 0x0000000743000000| PB 0x0000000743000000| Untracked |  0
| 413|0x0000000743200000, 0x0000000743200000, 0x0000000743400000|  0%| F|  |TAMS 0x0000000743200000| PB 0x0000000743200000| Untracked |  0
| 414|0x0000000743400000, 0x0000000743400000, 0x0000000743600000|  0%| F|  |TAMS 0x0000000743400000| PB 0x0000000743400000| Untracked |  0
| 415|0x0000000743600000, 0x0000000743600000, 0x0000000743800000|  0%| F|  |TAMS 0x0000000743600000| PB 0x0000000743600000| Untracked |  0
| 416|0x0000000743800000, 0x0000000743800000, 0x0000000743a00000|  0%| F|  |TAMS 0x0000000743800000| PB 0x0000000743800000| Untracked |  0
| 417|0x0000000743a00000, 0x0000000743a00000, 0x0000000743c00000|  0%| F|  |TAMS 0x0000000743a00000| PB 0x0000000743a00000| Untracked |  0
| 418|0x0000000743c00000, 0x0000000743c00000, 0x0000000743e00000|  0%| F|  |TAMS 0x0000000743c00000| PB 0x0000000743c00000| Untracked |  0
| 419|0x0000000743e00000, 0x0000000743e00000, 0x0000000744000000|  0%| F|  |TAMS 0x0000000743e00000| PB 0x0000000743e00000| Untracked |  0
| 420|0x0000000744000000, 0x0000000744000000, 0x0000000744200000|  0%| F|  |TAMS 0x0000000744000000| PB 0x0000000744000000| Untracked |  0
| 421|0x0000000744200000, 0x0000000744200000, 0x0000000744400000|  0%| F|  |TAMS 0x0000000744200000| PB 0x0000000744200000| Untracked |  0
| 422|0x0000000744400000, 0x0000000744400000, 0x0000000744600000|  0%| F|  |TAMS 0x0000000744400000| PB 0x0000000744400000| Untracked |  0
| 423|0x0000000744600000, 0x0000000744600000, 0x0000000744800000|  0%| F|  |TAMS 0x0000000744600000| PB 0x0000000744600000| Untracked |  0
| 424|0x0000000744800000, 0x0000000744800000, 0x0000000744a00000|  0%| F|  |TAMS 0x0000000744800000| PB 0x0000000744800000| Untracked |  0
| 425|0x0000000744a00000, 0x0000000744a00000, 0x0000000744c00000|  0%| F|  |TAMS 0x0000000744a00000| PB 0x0000000744a00000| Untracked |  0
| 426|0x0000000744c00000, 0x0000000744c00000, 0x0000000744e00000|  0%| F|  |TAMS 0x0000000744c00000| PB 0x0000000744c00000| Untracked |  0
| 427|0x0000000744e00000, 0x0000000744e00000, 0x0000000745000000|  0%| F|  |TAMS 0x0000000744e00000| PB 0x0000000744e00000| Untracked |  0
| 428|0x0000000745000000, 0x0000000745000000, 0x0000000745200000|  0%| F|  |TAMS 0x0000000745000000| PB 0x0000000745000000| Untracked |  0
| 429|0x0000000745200000, 0x0000000745200000, 0x0000000745400000|  0%| F|  |TAMS 0x0000000745200000| PB 0x0000000745200000| Untracked |  0
| 430|0x0000000745400000, 0x0000000745400000, 0x0000000745600000|  0%| F|  |TAMS 0x0000000745400000| PB 0x0000000745400000| Untracked |  0
| 431|0x0000000745600000, 0x0000000745600000, 0x0000000745800000|  0%| F|  |TAMS 0x0000000745600000| PB 0x0000000745600000| Untracked |  0
| 432|0x0000000745800000, 0x0000000745800000, 0x0000000745a00000|  0%| F|  |TAMS 0x0000000745800000| PB 0x0000000745800000| Untracked |  0
| 433|0x0000000745a00000, 0x0000000745a00000, 0x0000000745c00000|  0%| F|  |TAMS 0x0000000745a00000| PB 0x0000000745a00000| Untracked |  0
| 434|0x0000000745c00000, 0x0000000745c00000, 0x0000000745e00000|  0%| F|  |TAMS 0x0000000745c00000| PB 0x0000000745c00000| Untracked |  0
| 435|0x0000000745e00000, 0x0000000745e00000, 0x0000000746000000|  0%| F|  |TAMS 0x0000000745e00000| PB 0x0000000745e00000| Untracked |  0
| 436|0x0000000746000000, 0x0000000746000000, 0x0000000746200000|  0%| F|  |TAMS 0x0000000746000000| PB 0x0000000746000000| Untracked |  0
| 437|0x0000000746200000, 0x0000000746200000, 0x0000000746400000|  0%| F|  |TAMS 0x0000000746200000| PB 0x0000000746200000| Untracked |  0
| 438|0x0000000746400000, 0x0000000746400000, 0x0000000746600000|  0%| F|  |TAMS 0x0000000746400000| PB 0x0000000746400000| Untracked |  0
| 439|0x0000000746600000, 0x0000000746694ba8, 0x0000000746800000| 29%| E|  |TAMS 0x0000000746600000| PB 0x0000000746600000| Complete |  0
| 440|0x0000000746800000, 0x0000000746a00000, 0x0000000746a00000|100%| E|CS|TAMS 0x0000000746800000| PB 0x0000000746800000| Complete |  0
| 441|0x0000000746a00000, 0x0000000746c00000, 0x0000000746c00000|100%| E|CS|TAMS 0x0000000746a00000| PB 0x0000000746a00000| Complete |  0
| 442|0x0000000746c00000, 0x0000000746e00000, 0x0000000746e00000|100%| E|CS|TAMS 0x0000000746c00000| PB 0x0000000746c00000| Complete |  0
| 443|0x0000000746e00000, 0x0000000747000000, 0x0000000747000000|100%| E|CS|TAMS 0x0000000746e00000| PB 0x0000000746e00000| Complete |  0
| 444|0x0000000747000000, 0x0000000747200000, 0x0000000747200000|100%| E|CS|TAMS 0x0000000747000000| PB 0x0000000747000000| Complete |  0
| 445|0x0000000747200000, 0x0000000747400000, 0x0000000747400000|100%| E|CS|TAMS 0x0000000747200000| PB 0x0000000747200000| Complete |  0
| 446|0x0000000747400000, 0x0000000747600000, 0x0000000747600000|100%| E|  |TAMS 0x0000000747400000| PB 0x0000000747400000| Complete |  0
| 447|0x0000000747600000, 0x0000000747800000, 0x0000000747800000|100%| E|CS|TAMS 0x0000000747600000| PB 0x0000000747600000| Complete |  0
| 448|0x0000000747800000, 0x0000000747a00000, 0x0000000747a00000|100%| E|CS|TAMS 0x0000000747800000| PB 0x0000000747800000| Complete |  0
| 449|0x0000000747a00000, 0x0000000747c00000, 0x0000000747c00000|100%| E|CS|TAMS 0x0000000747a00000| PB 0x0000000747a00000| Complete |  0
| 450|0x0000000747c00000, 0x0000000747e00000, 0x0000000747e00000|100%| E|CS|TAMS 0x0000000747c00000| PB 0x0000000747c00000| Complete |  0
| 451|0x0000000747e00000, 0x0000000748000000, 0x0000000748000000|100%| E|CS|TAMS 0x0000000747e00000| PB 0x0000000747e00000| Complete |  0
| 452|0x0000000748000000, 0x0000000748200000, 0x0000000748200000|100%| E|CS|TAMS 0x0000000748000000| PB 0x0000000748000000| Complete |  0
| 453|0x0000000748200000, 0x0000000748400000, 0x0000000748400000|100%| E|CS|TAMS 0x0000000748200000| PB 0x0000000748200000| Complete |  0
| 454|0x0000000748400000, 0x0000000748600000, 0x0000000748600000|100%| E|CS|TAMS 0x0000000748400000| PB 0x0000000748400000| Complete |  0
| 455|0x0000000748600000, 0x0000000748800000, 0x0000000748800000|100%| E|CS|TAMS 0x0000000748600000| PB 0x0000000748600000| Complete |  0
| 456|0x0000000748800000, 0x0000000748a00000, 0x0000000748a00000|100%| E|CS|TAMS 0x0000000748800000| PB 0x0000000748800000| Complete |  0
| 457|0x0000000748a00000, 0x0000000748c00000, 0x0000000748c00000|100%| E|CS|TAMS 0x0000000748a00000| PB 0x0000000748a00000| Complete |  0
| 458|0x0000000748c00000, 0x0000000748e00000, 0x0000000748e00000|100%| E|CS|TAMS 0x0000000748c00000| PB 0x0000000748c00000| Complete |  0
| 459|0x0000000748e00000, 0x0000000749000000, 0x0000000749000000|100%| E|CS|TAMS 0x0000000748e00000| PB 0x0000000748e00000| Complete |  0
| 460|0x0000000749000000, 0x0000000749200000, 0x0000000749200000|100%| E|CS|TAMS 0x0000000749000000| PB 0x0000000749000000| Complete |  0
| 461|0x0000000749200000, 0x0000000749400000, 0x0000000749400000|100%| E|CS|TAMS 0x0000000749200000| PB 0x0000000749200000| Complete |  0
| 462|0x0000000749400000, 0x0000000749600000, 0x0000000749600000|100%| E|CS|TAMS 0x0000000749400000| PB 0x0000000749400000| Complete |  0
| 463|0x0000000749600000, 0x0000000749800000, 0x0000000749800000|100%| E|CS|TAMS 0x0000000749600000| PB 0x0000000749600000| Complete |  0
| 464|0x0000000749800000, 0x0000000749a00000, 0x0000000749a00000|100%| E|CS|TAMS 0x0000000749800000| PB 0x0000000749800000| Complete |  0
| 465|0x0000000749a00000, 0x0000000749c00000, 0x0000000749c00000|100%| E|CS|TAMS 0x0000000749a00000| PB 0x0000000749a00000| Complete |  0
| 466|0x0000000749c00000, 0x0000000749e00000, 0x0000000749e00000|100%| E|CS|TAMS 0x0000000749c00000| PB 0x0000000749c00000| Complete |  0
| 467|0x0000000749e00000, 0x000000074a000000, 0x000000074a000000|100%| E|CS|TAMS 0x0000000749e00000| PB 0x0000000749e00000| Complete |  0
| 468|0x000000074a000000, 0x000000074a200000, 0x000000074a200000|100%| E|CS|TAMS 0x000000074a000000| PB 0x000000074a000000| Complete |  0
| 469|0x000000074a200000, 0x000000074a400000, 0x000000074a400000|100%| E|CS|TAMS 0x000000074a200000| PB 0x000000074a200000| Complete |  0
| 470|0x000000074a400000, 0x000000074a600000, 0x000000074a600000|100%| E|CS|TAMS 0x000000074a400000| PB 0x000000074a400000| Complete |  0
| 471|0x000000074a600000, 0x000000074a800000, 0x000000074a800000|100%| E|CS|TAMS 0x000000074a600000| PB 0x000000074a600000| Complete |  0
| 472|0x000000074a800000, 0x000000074aa00000, 0x000000074aa00000|100%| E|CS|TAMS 0x000000074a800000| PB 0x000000074a800000| Complete |  0
| 473|0x000000074aa00000, 0x000000074ac00000, 0x000000074ac00000|100%| E|CS|TAMS 0x000000074aa00000| PB 0x000000074aa00000| Complete |  0
| 474|0x000000074ac00000, 0x000000074ae00000, 0x000000074ae00000|100%| E|CS|TAMS 0x000000074ac00000| PB 0x000000074ac00000| Complete |  0
| 475|0x000000074ae00000, 0x000000074b000000, 0x000000074b000000|100%| E|CS|TAMS 0x000000074ae00000| PB 0x000000074ae00000| Complete |  0
| 476|0x000000074b000000, 0x000000074b200000, 0x000000074b200000|100%| E|CS|TAMS 0x000000074b000000| PB 0x000000074b000000| Complete |  0
| 477|0x000000074b200000, 0x000000074b400000, 0x000000074b400000|100%| E|CS|TAMS 0x000000074b200000| PB 0x000000074b200000| Complete |  0
| 478|0x000000074b400000, 0x000000074b600000, 0x000000074b600000|100%| E|CS|TAMS 0x000000074b400000| PB 0x000000074b400000| Complete |  0
| 479|0x000000074b600000, 0x000000074b800000, 0x000000074b800000|100%| E|CS|TAMS 0x000000074b600000| PB 0x000000074b600000| Complete |  0
| 480|0x000000074b800000, 0x000000074ba00000, 0x000000074ba00000|100%| E|CS|TAMS 0x000000074b800000| PB 0x000000074b800000| Complete |  0
| 481|0x000000074ba00000, 0x000000074bc00000, 0x000000074bc00000|100%| E|CS|TAMS 0x000000074ba00000| PB 0x000000074ba00000| Complete |  0
| 482|0x000000074bc00000, 0x000000074be00000, 0x000000074be00000|100%| E|CS|TAMS 0x000000074bc00000| PB 0x000000074bc00000| Complete |  0
| 483|0x000000074be00000, 0x000000074c000000, 0x000000074c000000|100%| E|CS|TAMS 0x000000074be00000| PB 0x000000074be00000| Complete |  0
| 484|0x000000074c000000, 0x000000074c200000, 0x000000074c200000|100%| E|CS|TAMS 0x000000074c000000| PB 0x000000074c000000| Complete |  0
| 485|0x000000074c200000, 0x000000074c400000, 0x000000074c400000|100%| E|CS|TAMS 0x000000074c200000| PB 0x000000074c200000| Complete |  0
| 486|0x000000074c400000, 0x000000074c600000, 0x000000074c600000|100%| E|CS|TAMS 0x000000074c400000| PB 0x000000074c400000| Complete |  0
| 487|0x000000074c600000, 0x000000074c800000, 0x000000074c800000|100%| E|CS|TAMS 0x000000074c600000| PB 0x000000074c600000| Complete |  0
| 488|0x000000074c800000, 0x000000074ca00000, 0x000000074ca00000|100%| E|CS|TAMS 0x000000074c800000| PB 0x000000074c800000| Complete |  0
| 489|0x000000074ca00000, 0x000000074cc00000, 0x000000074cc00000|100%| E|CS|TAMS 0x000000074ca00000| PB 0x000000074ca00000| Complete |  0
| 490|0x000000074cc00000, 0x000000074ce00000, 0x000000074ce00000|100%| E|CS|TAMS 0x000000074cc00000| PB 0x000000074cc00000| Complete |  0
| 491|0x000000074ce00000, 0x000000074d000000, 0x000000074d000000|100%| E|CS|TAMS 0x000000074ce00000| PB 0x000000074ce00000| Complete |  0
| 492|0x000000074d000000, 0x000000074d200000, 0x000000074d200000|100%| E|CS|TAMS 0x000000074d000000| PB 0x000000074d000000| Complete |  0
| 493|0x000000074d200000, 0x000000074d400000, 0x000000074d400000|100%| E|CS|TAMS 0x000000074d200000| PB 0x000000074d200000| Complete |  0
| 494|0x000000074d400000, 0x000000074d600000, 0x000000074d600000|100%| E|CS|TAMS 0x000000074d400000| PB 0x000000074d400000| Complete |  0
| 495|0x000000074d600000, 0x000000074d800000, 0x000000074d800000|100%| E|CS|TAMS 0x000000074d600000| PB 0x000000074d600000| Complete |  0
| 496|0x000000074d800000, 0x000000074da00000, 0x000000074da00000|100%| E|CS|TAMS 0x000000074d800000| PB 0x000000074d800000| Complete |  0
| 497|0x000000074da00000, 0x000000074dc00000, 0x000000074dc00000|100%| E|CS|TAMS 0x000000074da00000| PB 0x000000074da00000| Complete |  0
| 498|0x000000074dc00000, 0x000000074de00000, 0x000000074de00000|100%| E|CS|TAMS 0x000000074dc00000| PB 0x000000074dc00000| Complete |  0
| 499|0x000000074de00000, 0x000000074e000000, 0x000000074e000000|100%| E|CS|TAMS 0x000000074de00000| PB 0x000000074de00000| Complete |  0
| 500|0x000000074e000000, 0x000000074e200000, 0x000000074e200000|100%| E|CS|TAMS 0x000000074e000000| PB 0x000000074e000000| Complete |  0
| 501|0x000000074e200000, 0x000000074e400000, 0x000000074e400000|100%| E|CS|TAMS 0x000000074e200000| PB 0x000000074e200000| Complete |  0
| 502|0x000000074e400000, 0x000000074e600000, 0x000000074e600000|100%| E|CS|TAMS 0x000000074e400000| PB 0x000000074e400000| Complete |  0
| 503|0x000000074e600000, 0x000000074e800000, 0x000000074e800000|100%| E|CS|TAMS 0x000000074e600000| PB 0x000000074e600000| Complete |  0
| 504|0x000000074e800000, 0x000000074ea00000, 0x000000074ea00000|100%| E|CS|TAMS 0x000000074e800000| PB 0x000000074e800000| Complete |  0
| 505|0x000000074ea00000, 0x000000074ec00000, 0x000000074ec00000|100%| E|CS|TAMS 0x000000074ea00000| PB 0x000000074ea00000| Complete |  0
| 506|0x000000074ec00000, 0x000000074ee00000, 0x000000074ee00000|100%| E|CS|TAMS 0x000000074ec00000| PB 0x000000074ec00000| Complete |  0
| 507|0x000000074ee00000, 0x000000074f000000, 0x000000074f000000|100%| E|CS|TAMS 0x000000074ee00000| PB 0x000000074ee00000| Complete |  0
| 508|0x000000074f000000, 0x000000074f200000, 0x000000074f200000|100%| E|CS|TAMS 0x000000074f000000| PB 0x000000074f000000| Complete |  0
| 509|0x000000074f200000, 0x000000074f400000, 0x000000074f400000|100%| E|CS|TAMS 0x000000074f200000| PB 0x000000074f200000| Complete |  0
| 510|0x000000074f400000, 0x000000074f600000, 0x000000074f600000|100%| E|CS|TAMS 0x000000074f400000| PB 0x000000074f400000| Complete |  0
| 511|0x000000074f600000, 0x000000074f800000, 0x000000074f800000|100%| E|CS|TAMS 0x000000074f600000| PB 0x000000074f600000| Complete |  0
| 512|0x000000074f800000, 0x000000074fa00000, 0x000000074fa00000|100%| E|CS|TAMS 0x000000074f800000| PB 0x000000074f800000| Complete |  0
| 513|0x000000074fa00000, 0x000000074fc00000, 0x000000074fc00000|100%| E|CS|TAMS 0x000000074fa00000| PB 0x000000074fa00000| Complete |  0
| 514|0x000000074fc00000, 0x000000074fe00000, 0x000000074fe00000|100%| E|CS|TAMS 0x000000074fc00000| PB 0x000000074fc00000| Complete |  0
| 515|0x000000074fe00000, 0x0000000750000000, 0x0000000750000000|100%| E|CS|TAMS 0x000000074fe00000| PB 0x000000074fe00000| Complete |  0
| 516|0x0000000750000000, 0x0000000750200000, 0x0000000750200000|100%| E|CS|TAMS 0x0000000750000000| PB 0x0000000750000000| Complete |  0
| 517|0x0000000750200000, 0x0000000750400000, 0x0000000750400000|100%| E|CS|TAMS 0x0000000750200000| PB 0x0000000750200000| Complete |  0
| 518|0x0000000750400000, 0x0000000750600000, 0x0000000750600000|100%| E|CS|TAMS 0x0000000750400000| PB 0x0000000750400000| Complete |  0
| 519|0x0000000750600000, 0x0000000750800000, 0x0000000750800000|100%| E|CS|TAMS 0x0000000750600000| PB 0x0000000750600000| Complete |  0
| 520|0x0000000750800000, 0x0000000750a00000, 0x0000000750a00000|100%| E|CS|TAMS 0x0000000750800000| PB 0x0000000750800000| Complete |  0
| 521|0x0000000750a00000, 0x0000000750c00000, 0x0000000750c00000|100%| E|CS|TAMS 0x0000000750a00000| PB 0x0000000750a00000| Complete |  0
| 522|0x0000000750c00000, 0x0000000750e00000, 0x0000000750e00000|100%| E|CS|TAMS 0x0000000750c00000| PB 0x0000000750c00000| Complete |  0
| 523|0x0000000750e00000, 0x0000000751000000, 0x0000000751000000|100%| E|CS|TAMS 0x0000000750e00000| PB 0x0000000750e00000| Complete |  0
| 524|0x0000000751000000, 0x0000000751200000, 0x0000000751200000|100%| E|CS|TAMS 0x0000000751000000| PB 0x0000000751000000| Complete |  0
| 525|0x0000000751200000, 0x0000000751400000, 0x0000000751400000|100%| E|CS|TAMS 0x0000000751200000| PB 0x0000000751200000| Complete |  0
| 526|0x0000000751400000, 0x0000000751600000, 0x0000000751600000|100%| E|CS|TAMS 0x0000000751400000| PB 0x0000000751400000| Complete |  0
| 527|0x0000000751600000, 0x0000000751800000, 0x0000000751800000|100%| E|CS|TAMS 0x0000000751600000| PB 0x0000000751600000| Complete |  0
| 528|0x0000000751800000, 0x0000000751a00000, 0x0000000751a00000|100%| E|CS|TAMS 0x0000000751800000| PB 0x0000000751800000| Complete |  0
| 529|0x0000000751a00000, 0x0000000751c00000, 0x0000000751c00000|100%| E|CS|TAMS 0x0000000751a00000| PB 0x0000000751a00000| Complete |  0
| 530|0x0000000751c00000, 0x0000000751e00000, 0x0000000751e00000|100%| E|CS|TAMS 0x0000000751c00000| PB 0x0000000751c00000| Complete |  0
| 531|0x0000000751e00000, 0x0000000752000000, 0x0000000752000000|100%| E|CS|TAMS 0x0000000751e00000| PB 0x0000000751e00000| Complete |  0
| 532|0x0000000752000000, 0x0000000752200000, 0x0000000752200000|100%| E|CS|TAMS 0x0000000752000000| PB 0x0000000752000000| Complete |  0
| 533|0x0000000752200000, 0x0000000752400000, 0x0000000752400000|100%| E|CS|TAMS 0x0000000752200000| PB 0x0000000752200000| Complete |  0
| 534|0x0000000752400000, 0x0000000752600000, 0x0000000752600000|100%| E|CS|TAMS 0x0000000752400000| PB 0x0000000752400000| Complete |  0
| 535|0x0000000752600000, 0x0000000752800000, 0x0000000752800000|100%| S|CS|TAMS 0x0000000752600000| PB 0x0000000752600000| Complete |  0
| 536|0x0000000752800000, 0x0000000752a00000, 0x0000000752a00000|100%| S|CS|TAMS 0x0000000752800000| PB 0x0000000752800000| Complete |  0
| 537|0x0000000752a00000, 0x0000000752c00000, 0x0000000752c00000|100%| S|CS|TAMS 0x0000000752a00000| PB 0x0000000752a00000| Complete |  0
| 538|0x0000000752c00000, 0x0000000752e00000, 0x0000000752e00000|100%| S|CS|TAMS 0x0000000752c00000| PB 0x0000000752c00000| Complete |  0
| 539|0x0000000752e00000, 0x0000000753000000, 0x0000000753000000|100%| S|CS|TAMS 0x0000000752e00000| PB 0x0000000752e00000| Complete |  0
| 540|0x0000000753000000, 0x0000000753200000, 0x0000000753200000|100%| S|CS|TAMS 0x0000000753000000| PB 0x0000000753000000| Complete |  0
| 541|0x0000000753200000, 0x0000000753400000, 0x0000000753400000|100%| S|CS|TAMS 0x0000000753200000| PB 0x0000000753200000| Complete |  0
| 542|0x0000000753400000, 0x0000000753600000, 0x0000000753600000|100%| S|CS|TAMS 0x0000000753400000| PB 0x0000000753400000| Complete |  0
| 543|0x0000000753600000, 0x0000000753800000, 0x0000000753800000|100%| S|CS|TAMS 0x0000000753600000| PB 0x0000000753600000| Complete |  0
| 544|0x0000000753800000, 0x0000000753a00000, 0x0000000753a00000|100%| S|CS|TAMS 0x0000000753800000| PB 0x0000000753800000| Complete |  0
| 545|0x0000000753a00000, 0x0000000753c00000, 0x0000000753c00000|100%| S|CS|TAMS 0x0000000753a00000| PB 0x0000000753a00000| Complete |  0
| 546|0x0000000753c00000, 0x0000000753e00000, 0x0000000753e00000|100%| S|CS|TAMS 0x0000000753c00000| PB 0x0000000753c00000| Complete |  0
| 547|0x0000000753e00000, 0x0000000754000000, 0x0000000754000000|100%| S|CS|TAMS 0x0000000753e00000| PB 0x0000000753e00000| Complete |  0
| 548|0x0000000754000000, 0x0000000754200000, 0x0000000754200000|100%| S|CS|TAMS 0x0000000754000000| PB 0x0000000754000000| Complete |  0
| 549|0x0000000754200000, 0x00000007542f3450, 0x0000000754400000| 47%| S|CS|TAMS 0x0000000754200000| PB 0x0000000754200000| Complete |  0
|1908|0x00000007fe000000, 0x00000007fe1aae80, 0x00000007fe200000| 83%| O|  |TAMS 0x00000007fe000000| PB 0x00000007fe000000| Untracked |  0
|1909|0x00000007fe200000, 0x00000007fe400000, 0x00000007fe400000|100%| E|CS|TAMS 0x00000007fe200000| PB 0x00000007fe200000| Complete |  0
|1910|0x00000007fe400000, 0x00000007fe600000, 0x00000007fe600000|100%| E|CS|TAMS 0x00000007fe400000| PB 0x00000007fe400000| Complete |  0
|1911|0x00000007fe600000, 0x00000007fe800000, 0x00000007fe800000|100%| E|CS|TAMS 0x00000007fe600000| PB 0x00000007fe600000| Complete |  0
|1912|0x00000007fe800000, 0x00000007fea00000, 0x00000007fea00000|100%| E|CS|TAMS 0x00000007fe800000| PB 0x00000007fe800000| Complete |  0
|1913|0x00000007fea00000, 0x00000007fec00000, 0x00000007fec00000|100%| E|CS|TAMS 0x00000007fea00000| PB 0x00000007fea00000| Complete |  0
|1914|0x00000007fec00000, 0x00000007fee00000, 0x00000007fee00000|100%| E|CS|TAMS 0x00000007fec00000| PB 0x00000007fec00000| Complete |  0
|1915|0x00000007fee00000, 0x00000007ff000000, 0x00000007ff000000|100%| O|  |TAMS 0x00000007fee00000| PB 0x00000007fee00000| Untracked |  0
|1916|0x00000007ff000000, 0x00000007ff200000, 0x00000007ff200000|100%| O|  |TAMS 0x00000007ff000000| PB 0x00000007ff000000| Untracked |  0
|1917|0x00000007ff200000, 0x00000007ff400000, 0x00000007ff400000|100%| O|  |TAMS 0x00000007ff200000| PB 0x00000007ff200000| Untracked |  0
|1918|0x00000007ff400000, 0x00000007ff600000, 0x00000007ff600000|100%| O|  |TAMS 0x00000007ff400000| PB 0x00000007ff400000| Untracked |  0
|1919|0x00000007ff600000, 0x00000007ff800000, 0x00000007ff800000|100%| O|  |TAMS 0x00000007ff600000| PB 0x00000007ff600000| Untracked |  0
|1920|0x00000007ff800000, 0x00000007ffa00000, 0x00000007ffa00000|100%| O|  |TAMS 0x00000007ff800000| PB 0x00000007ff800000| Untracked |  0
|1921|0x00000007ffa00000, 0x00000007ffc00000, 0x00000007ffc00000|100%| O|  |TAMS 0x00000007ffa00000| PB 0x00000007ffa00000| Untracked |  0
|1922|0x00000007ffc00000, 0x00000007ffe00000, 0x00000007ffe00000|100%| O|  |TAMS 0x00000007ffc00000| PB 0x00000007ffc00000| Untracked |  0
|1923|0x00000007ffe00000, 0x0000000800000000, 0x0000000800000000|100%| E|CS|TAMS 0x00000007ffe00000| PB 0x00000007ffe00000| Complete |  0

Card table byte_map: [0x0000fffecd848000,0x0000fffecdfcc000] _byte_map_base: 0x0000fffec9fcc000

Marking Bits: (CMBitMap*) 0x0000fffec81874a0
 Bits: [0x0000fffeb13dc000, 0x0000fffeb4ffc000)

Polling page: 0x0000fffed0ecc000

Metaspace:
Metaspace        used 143510K, committed 145280K, reserved 1179648K
 class space     used 24779K, committed 25472K, reserved 1048576K

Usage:
  Non-class:    115.95 MB used.
      Class:     24.20 MB used.
       Both:    140.15 MB used.

Virtual space:
  Non-class space:      128.00 MB reserved,     117.00 MB ( 91%) committed,  2 nodes.
      Class space:        1.00 GB reserved,      24.88 MB (  2%) committed,  1 nodes.
             Both:        1.12 GB reserved,     141.88 MB ( 12%) committed. 

Chunk freelists:
   Non-Class:  10.91 MB
       Class:  7.07 MB
        Both:  17.97 MB

MaxMetaspaceSize: unlimited
CompressedClassSpaceSize: 1.00 GB
Initial GC threshold: 21.00 MB
Current GC threshold: 236.19 MB
CDS: on
 - commit_granule_bytes: 65536.
 - commit_granule_words: 8192.
 - virtual_space_node_default_size: 8388608.
 - enlarge_chunks_in_place: 1.
UseCompressedClassPointers 1, UseCompactObjectHeaders 0
Narrow klass pointer bits 32, Max shift 3
Narrow klass base: 0x0000008000000000, Narrow klass shift: 0
Encoding Range: [0x0000008000000000 - 0x0000008100000000), (4294967296 bytes)
Klass Range:    [0x0000008000010000 - 0x0000008042000000), (1107230720 bytes)
Klass ID Range:  [65536 - 1107296249) (1107230713)
Protection zone: [0x0000008000000000 - 0x0000008000010000), (65536 bytes)


Internal statistics:

num_allocs_failed_limit: 42.
num_arena_births: 2980.
num_arena_deaths: 24.
num_vsnodes_births: 3.
num_vsnodes_deaths: 0.
num_space_committed: 2265.
num_space_uncommitted: 0.
num_chunks_returned_to_freelist: 70.
num_chunks_taken_from_freelist: 9475.
num_chunk_merges: 51.
num_chunk_splits: 6308.
num_chunks_enlarged: 4709.
num_inconsistent_stats: 0.

CodeHeap 'non-profiled nmethods': size=120032Kb used=13609Kb max_used=14492Kb free=106422Kb
 bounds [0x0000fffebcac8000, 0x0000fffebd948000, 0x0000fffec4000000]
CodeHeap 'profiled nmethods': size=120032Kb used=14784Kb max_used=27671Kb free=105247Kb
 bounds [0x0000fffeb4ffc000, 0x0000fffeb6b6c000, 0x0000fffebc534000]
CodeHeap 'non-nmethods': size=5712Kb used=3325Kb max_used=3464Kb free=2386Kb
 bounds [0x0000fffebc534000, 0x0000fffebc8b4000, 0x0000fffebcac8000]
CodeCache: size=245776Kb, used=31718Kb, max_used=45627Kb, free=214055Kb
 total_blobs=17040, nmethods=14235, adapters=2660, full_count=0
Compilation: enabled, stopped_count=0, restarted_count=0

Compilation events (20 events):
Event: 107.495 Thread 0x0000fffec8222c20 nmethod 37091 0x0000fffeb630c3c8 code [0x0000fffeb630c4c0, 0x0000fffeb630c6e8]
Event: 107.496 Thread 0x0000fffec8222c20 37092       3       org.apache.logging.log4j.core.util.internal.InternalLoggerRegistry$$Lambda/0x0000008002119ee8::apply (8 bytes)
Event: 107.496 Thread 0x0000fffec8222c20 nmethod 37092 0x0000fffeb50309c8 code [0x0000fffeb5030ac0, 0x0000fffeb5031268]
Event: 107.496 Thread 0x0000fffec8222c20 37093       3       org.apache.logging.log4j.core.util.internal.InternalLoggerRegistry::lambda$getLoggers$2 (23 bytes)
Event: 107.496 Thread 0x0000fffec8222c20 nmethod 37093 0x0000fffeb61bc0c8 code [0x0000fffeb61bc1c0, 0x0000fffeb61bc800]
Event: 107.496 Thread 0x0000fffec8222c20 37094       3       org.apache.logging.log4j.core.Logger$PrivateConfig::<init> (67 bytes)
Event: 107.497 Thread 0x0000fffec8222c20 nmethod 37094 0x0000fffeb519c548 code [0x0000fffeb519c640, 0x0000fffeb519ced0]
Event: 107.497 Thread 0x0000fffec8222c20 37099       3       jdk.internal.misc.Unsafe::compareAndSetBoolean (19 bytes)
Event: 107.497 Thread 0x0000fffec8221200 37101       4       jdk.internal.misc.VM::isModuleSystemInited (13 bytes)
Event: 107.498 Thread 0x0000fffec8222c20 nmethod 37099 0x0000fffeb602f6c8 code [0x0000fffeb602f7c0, 0x0000fffeb602fb20]
Event: 107.498 Thread 0x0000fffec8222c20 37095       3       org.apache.logging.log4j.core.config.LoggerConfig::getLevel (35 bytes)
Event: 107.498 Thread 0x0000fffec8222c20 nmethod 37095 0x0000fffeb6333548 code [0x0000fffeb6333640, 0x0000fffeb6333a88]
Event: 107.498 Thread 0x0000fffec8222c20 37096       3       org.apache.logging.log4j.core.LoggerContext$$Lambda/0x000000800211a168::accept (12 bytes)
Event: 107.498 Thread 0x0000fffec8222c20 nmethod 37096 0x0000fffeb6670c88 code [0x0000fffeb6670d80, 0x0000fffeb6671048]
Event: 107.498 Thread 0x0000fffec8222c20 37097       3       org.apache.logging.log4j.core.LoggerContext::lambda$updateLoggers$3 (6 bytes)
Event: 107.499 Thread 0x0000fffec8222c20 nmethod 37097 0x0000fffeb5a87848 code [0x0000fffeb5a87940, 0x0000fffeb5a87aa0]
Event: 107.499 Thread 0x0000fffec8222c20 37098       3       org.apache.logging.log4j.core.Logger::updateConfiguration (15 bytes)
Event: 107.499 Thread 0x0000fffec8222c20 nmethod 37098 0x0000fffeb63b2e48 code [0x0000fffeb63b2f40, 0x0000fffeb63b3178]
Event: 107.499 Thread 0x0000fffec8222c20 37100       3       jdk.internal.misc.Unsafe::compareAndExchangeByte (114 bytes)
Event: 107.499 Thread 0x0000fffec8221200 nmethod 37101 0x0000fffebd364bc8 code [0x0000fffebd364cc0, 0x0000fffebd364d68]

GC Heap Usage History (20 events):
Event: 91.430 {heap Before GC invocations=64 (full 0):
 garbage-first heap   total reserved 3940352K, committed 1122304K, used 1008556K [0x000000070f800000, 0x0000000800000000)
  region size 2048K, 328 young (671744K), 22 survivors (45056K)
}
Event: 91.441 {heap After GC invocations=65 (full 0):
 garbage-first heap   total reserved 3940352K, committed 1122304K, used 399276K [0x000000070f800000, 0x0000000800000000)
  region size 2048K, 29 young (59392K), 29 survivors (59392K)
}
Event: 93.148 {heap Before GC invocations=66 (full 0):
 garbage-first heap   total reserved 3940352K, committed 1122304K, used 1009580K [0x000000070f800000, 0x0000000800000000)
  region size 2048K, 328 young (671744K), 29 survivors (59392K)
}
Event: 93.167 {heap After GC invocations=67 (full 0):
 garbage-first heap   total reserved 3940352K, committed 1122304K, used 403690K [0x000000070f800000, 0x0000000800000000)
  region size 2048K, 23 young (47104K), 23 survivors (47104K)
}
Event: 99.019 {heap Before GC invocations=67 (full 0):
 garbage-first heap   total reserved 3940352K, committed 1122304K, used 1026282K [0x000000070f800000, 0x0000000800000000)
  region size 2048K, 328 young (671744K), 23 survivors (47104K)
}
Event: 99.040 {heap After GC invocations=68 (full 0):
 garbage-first heap   total reserved 3940352K, committed 1122304K, used 413628K [0x000000070f800000, 0x0000000800000000)
  region size 2048K, 26 young (53248K), 26 survivors (53248K)
}
Event: 99.976 {heap Before GC invocations=68 (full 0):
 garbage-first heap   total reserved 3940352K, committed 1122304K, used 745404K [0x000000070f800000, 0x0000000800000000)
  region size 2048K, 190 young (389120K), 26 survivors (53248K)
}
Event: 100.007 {heap After GC invocations=69 (full 0):
 garbage-first heap   total reserved 3940352K, committed 1122304K, used 419840K [0x000000070f800000, 0x0000000800000000)
  region size 2048K, 24 young (49152K), 24 survivors (49152K)
}
Event: 100.109 {heap Before GC invocations=69 (full 0):
 garbage-first heap   total reserved 3940352K, committed 1122304K, used 1046528K [0x000000070f800000, 0x0000000800000000)
  region size 2048K, 328 young (671744K), 24 survivors (49152K)
}
Event: 100.120 {heap After GC invocations=70 (full 0):
 garbage-first heap   total reserved 3940352K, committed 1126400K, used 451594K [0x000000070f800000, 0x0000000800000000)
  region size 2048K, 31 young (63488K), 31 survivors (63488K)
}
Event: 101.338 {heap Before GC invocations=71 (full 0):
 garbage-first heap   total reserved 3940352K, committed 1126400K, used 1057802K [0x000000070f800000, 0x0000000800000000)
  region size 2048K, 328 young (671744K), 31 survivors (63488K)
}
Event: 101.345 {heap After GC invocations=72 (full 0):
 garbage-first heap   total reserved 3940352K, committed 1126400K, used 430080K [0x000000070f800000, 0x0000000800000000)
  region size 2048K, 9 young (18432K), 9 survivors (18432K)
}
Event: 102.762 {heap Before GC invocations=72 (full 0):
 garbage-first heap   total reserved 3940352K, committed 1126400K, used 1058816K [0x000000070f800000, 0x0000000800000000)
  region size 2048K, 317 young (649216K), 9 survivors (18432K)
}
Event: 102.785 {heap After GC invocations=73 (full 0):
 garbage-first heap   total reserved 3940352K, committed 1126400K, used 430616K [0x000000070f800000, 0x0000000800000000)
  region size 2048K, 15 young (30720K), 15 survivors (30720K)
}
Event: 104.199 {heap Before GC invocations=73 (full 0):
 garbage-first heap   total reserved 3940352K, committed 1126400K, used 1061400K [0x000000070f800000, 0x0000000800000000)
  region size 2048K, 324 young (663552K), 15 survivors (30720K)
}
Event: 104.212 {heap After GC invocations=74 (full 0):
 garbage-first heap   total reserved 3940352K, committed 1126400K, used 441344K [0x000000070f800000, 0x0000000800000000)
  region size 2048K, 20 young (40960K), 20 survivors (40960K)
}
Event: 105.937 {heap Before GC invocations=75 (full 0):
 garbage-first heap   total reserved 3940352K, committed 1126400K, used 1063936K [0x000000070f800000, 0x0000000800000000)
  region size 2048K, 326 young (667648K), 20 survivors (40960K)
}
Event: 105.972 {heap After GC invocations=76 (full 0):
 garbage-first heap   total reserved 3940352K, committed 1126400K, used 450560K [0x000000070f800000, 0x0000000800000000)
  region size 2048K, 25 young (51200K), 25 survivors (51200K)
}
Event: 106.422 {heap Before GC invocations=76 (full 0):
 garbage-first heap   total reserved 3940352K, committed 1126400K, used 1067008K [0x000000070f800000, 0x0000000800000000)
  region size 2048K, 327 young (669696K), 25 survivors (51200K)
}
Event: 106.450 {heap After GC invocations=77 (full 0):
 garbage-first heap   total reserved 3940352K, committed 1159168K, used 418424K [0x000000070f800000, 0x0000000800000000)
  region size 2048K, 34 young (69632K), 34 survivors (69632K)
}

Metaspace Usage History (20 events):
Event: 91.430 {metaspace Before GC invocations=64 (full 0):
 Metaspace       used 142577K, committed 144320K, reserved 1179648K
  class space    used 24648K, committed 25344K, reserved 1048576K
}
Event: 91.441 {metaspace After GC invocations=65 (full 0):
 Metaspace       used 142577K, committed 144320K, reserved 1179648K
  class space    used 24648K, committed 25344K, reserved 1048576K
}
Event: 93.148 {metaspace Before GC invocations=66 (full 0):
 Metaspace       used 142620K, committed 144320K, reserved 1179648K
  class space    used 24650K, committed 25344K, reserved 1048576K
}
Event: 93.167 {metaspace After GC invocations=67 (full 0):
 Metaspace       used 142620K, committed 144320K, reserved 1179648K
  class space    used 24650K, committed 25344K, reserved 1048576K
}
Event: 99.019 {metaspace Before GC invocations=67 (full 0):
 Metaspace       used 142867K, committed 144640K, reserved 1179648K
  class space    used 24678K, committed 25408K, reserved 1048576K
}
Event: 99.040 {metaspace After GC invocations=68 (full 0):
 Metaspace       used 142867K, committed 144640K, reserved 1179648K
  class space    used 24678K, committed 25408K, reserved 1048576K
}
Event: 99.976 {metaspace Before GC invocations=68 (full 0):
 Metaspace       used 143014K, committed 144768K, reserved 1179648K
  class space    used 24699K, committed 25408K, reserved 1048576K
}
Event: 100.007 {metaspace After GC invocations=69 (full 0):
 Metaspace       used 143014K, committed 144768K, reserved 1179648K
  class space    used 24699K, committed 25408K, reserved 1048576K
}
Event: 100.109 {metaspace Before GC invocations=69 (full 0):
 Metaspace       used 143089K, committed 144832K, reserved 1179648K
  class space    used 24713K, committed 25408K, reserved 1048576K
}
Event: 100.120 {metaspace After GC invocations=70 (full 0):
 Metaspace       used 143089K, committed 144832K, reserved 1179648K
  class space    used 24713K, committed 25408K, reserved 1048576K
}
Event: 101.338 {metaspace Before GC invocations=71 (full 0):
 Metaspace       used 143114K, committed 144832K, reserved 1179648K
  class space    used 24714K, committed 25408K, reserved 1048576K
}
Event: 101.345 {metaspace After GC invocations=72 (full 0):
 Metaspace       used 143114K, committed 144832K, reserved 1179648K
  class space    used 24714K, committed 25408K, reserved 1048576K
}
Event: 102.762 {metaspace Before GC invocations=72 (full 0):
 Metaspace       used 143250K, committed 145024K, reserved 1179648K
  class space    used 24729K, committed 25472K, reserved 1048576K
}
Event: 102.785 {metaspace After GC invocations=73 (full 0):
 Metaspace       used 143250K, committed 145024K, reserved 1179648K
  class space    used 24729K, committed 25472K, reserved 1048576K
}
Event: 104.199 {metaspace Before GC invocations=73 (full 0):
 Metaspace       used 143275K, committed 145088K, reserved 1179648K
  class space    used 24732K, committed 25472K, reserved 1048576K
}
Event: 104.212 {metaspace After GC invocations=74 (full 0):
 Metaspace       used 143275K, committed 145088K, reserved 1179648K
  class space    used 24732K, committed 25472K, reserved 1048576K
}
Event: 105.937 {metaspace Before GC invocations=75 (full 0):
 Metaspace       used 143346K, committed 145152K, reserved 1179648K
  class space    used 24744K, committed 25472K, reserved 1048576K
}
Event: 105.972 {metaspace After GC invocations=76 (full 0):
 Metaspace       used 143346K, committed 145152K, reserved 1179648K
  class space    used 24744K, committed 25472K, reserved 1048576K
}
Event: 106.422 {metaspace Before GC invocations=76 (full 0):
 Metaspace       used 143418K, committed 145216K, reserved 1179648K
  class space    used 24763K, committed 25472K, reserved 1048576K
}
Event: 106.450 {metaspace After GC invocations=77 (full 0):
 Metaspace       used 143418K, committed 145216K, reserved 1179648K
  class space    used 24763K, committed 25472K, reserved 1048576K
}

Dll operation events (14 events):
Event: 0.001 Loaded shared library /home/anguscrump/.jdks/jbr-25.0.3/lib/libjava.so
Event: 0.015 Loaded shared library /home/anguscrump/.jdks/jbr-25.0.3/lib/libnio.so
Event: 0.020 Loaded shared library /home/anguscrump/.jdks/jbr-25.0.3/lib/libzip.so
Event: 0.024 Loaded shared library /home/anguscrump/.jdks/jbr-25.0.3/lib/libnet.so
Event: 0.029 Loaded shared library /home/anguscrump/.jdks/jbr-25.0.3/lib/libzip.so
Event: 0.050 Loaded shared library /home/anguscrump/.jdks/jbr-25.0.3/lib/libjimage.so
Event: 0.219 Loaded shared library /home/anguscrump/.jdks/jbr-25.0.3/lib/libmanagement.so
Event: 0.219 Loaded shared library /home/anguscrump/.jdks/jbr-25.0.3/lib/libmanagement_ext.so
Event: 0.343 Loaded shared library /home/anguscrump/.jdks/jbr-25.0.3/lib/libverify.so
Event: 1.304 Loaded shared library /home/anguscrump/.cache/JNA/temp/jna9467588986340255804.tmp
Event: 3.853 Loaded shared library /home/anguscrump/.jdks/jbr-25.0.3/lib/libextnet.so
Event: 4.068 Loaded shared library /tmp/lwjgl_anguscrump/3.4.1-snapshot/arm64/liblwjgl.so
Event: 4.249 Loaded shared library /tmp/lwjgl_anguscrump/3.4.1-snapshot/arm64/liblwjgl_opengl.so
Event: 4.377 Loaded shared library /tmp/lwjgl_anguscrump/3.4.1-snapshot/arm64/liblwjgl_stb.so

Deoptimization events (20 events):
Event: 107.421 Thread 0x0000fffd7400aa10 Uncommon trap: trap_request=0x0000002f fr.pc=0x0000fffebcb541a8 relative=0x0000000000000468
Event: 107.421 Thread 0x0000fffd7400aa10 Uncommon trap: reason=unloaded action=reinterpret pc=0x0000fffebcb541a8 method=java.util.concurrent.SynchronousQueue.poll(JLjava/util/concurrent/TimeUnit;)Ljava/lang/Object; @ 33 c2
Event: 107.421 Thread 0x0000fffd7400aa10 DEOPT PACKING pc=0x0000fffebcb541a8 sp=0x0000fffde41fe120
Event: 107.421 Thread 0x0000fffd880061a0 Uncommon trap: trap_request=0x0000002f fr.pc=0x0000fffebcb541a8 relative=0x0000000000000468
Event: 107.421 Thread 0x0000fffd7400aa10 DEOPT UNPACKING pc=0x0000fffebc648d5c sp=0x0000fffde41fe000 mode 2
Event: 107.421 Thread 0x0000fffd880061a0 Uncommon trap: reason=unloaded action=reinterpret pc=0x0000fffebcb541a8 method=java.util.concurrent.SynchronousQueue.poll(JLjava/util/concurrent/TimeUnit;)Ljava/lang/Object; @ 33 c2
Event: 107.421 Thread 0x0000fffd8801d430 Uncommon trap: trap_request=0x0000002f fr.pc=0x0000fffebcb541a8 relative=0x0000000000000468
Event: 107.421 Thread 0x0000fffd880061a0 DEOPT PACKING pc=0x0000fffebcb541a8 sp=0x0000fffdb507e120
Event: 107.421 Thread 0x0000fffd8801d430 Uncommon trap: reason=unloaded action=reinterpret pc=0x0000fffebcb541a8 method=java.util.concurrent.SynchronousQueue.poll(JLjava/util/concurrent/TimeUnit;)Ljava/lang/Object; @ 33 c2
Event: 107.421 Thread 0x0000fffdb8008570 Uncommon trap: trap_request=0x0000002f fr.pc=0x0000fffebcb541a8 relative=0x0000000000000468
Event: 107.421 Thread 0x0000fffdb8008570 Uncommon trap: reason=unloaded action=reinterpret pc=0x0000fffebcb541a8 method=java.util.concurrent.SynchronousQueue.poll(JLjava/util/concurrent/TimeUnit;)Ljava/lang/Object; @ 33 c2
Event: 107.421 Thread 0x0000fffd8801d430 DEOPT PACKING pc=0x0000fffebcb541a8 sp=0x0000fffd94f9a120
Event: 107.421 Thread 0x0000fffd880061a0 DEOPT UNPACKING pc=0x0000fffebc648d5c sp=0x0000fffdb507e000 mode 2
Event: 107.421 Thread 0x0000fffdb8008570 DEOPT PACKING pc=0x0000fffebcb541a8 sp=0x0000fffdb4e7e150
Event: 107.421 Thread 0x0000fffd8801d430 DEOPT UNPACKING pc=0x0000fffebc648d5c sp=0x0000fffd94f9a000 mode 2
Event: 107.421 Thread 0x0000fffdb8008570 DEOPT UNPACKING pc=0x0000fffebc648d5c sp=0x0000fffdb4e7e030 mode 2
Event: 107.497 Thread 0x0000fffec80316d0 Uncommon trap: trap_request=0xffffff45 fr.pc=0x0000fffebd73f908 relative=0x0000000000000c08
Event: 107.497 Thread 0x0000fffec80316d0 Uncommon trap: reason=unstable_if action=reinterpret pc=0x0000fffebd73f908 method=sun.nio.fs.UnixFileSystemProvider.implDelete(Ljava/nio/file/Path;Z)Z @ 39 c2
Event: 107.497 Thread 0x0000fffec80316d0 DEOPT PACKING pc=0x0000fffebd73f908 sp=0x0000fffecf5ab660
Event: 107.497 Thread 0x0000fffec80316d0 DEOPT UNPACKING pc=0x0000fffebc648d5c sp=0x0000fffecf5ab610 mode 2

Classes loaded (20 events):
Event: 18.661 Loading class java/util/stream/LongPipeline$1
Event: 18.661 Loading class java/util/stream/LongPipeline$1 done
Event: 18.662 Loading class java/util/stream/LongPipeline$1$1
Event: 18.662 Loading class java/util/stream/LongPipeline$1$1 done
Event: 18.699 Loading class java/util/zip/CRC32C
Event: 18.699 Loading class java/util/zip/CRC32C done
Event: 18.836 Loading class java/util/PriorityQueue$Itr
Event: 18.836 Loading class java/util/PriorityQueue$Itr done
Event: 18.944 Loading class java/util/Spliterators$LongIteratorSpliterator
Event: 18.944 Loading class java/util/Spliterators$LongIteratorSpliterator done
Event: 18.945 Loading class jdk/internal/util/NullableKeyValueHolder
Event: 18.946 Loading class jdk/internal/util/NullableKeyValueHolder done
Event: 19.061 Loading class java/lang/runtime/SwitchBootstraps$StaticHolders
Event: 19.061 Loading class java/lang/runtime/SwitchBootstraps$StaticHolders done
Event: 19.062 Loading class java/lang/runtime/SwitchBootstraps$MappedEnumCache
Event: 19.062 Loading class java/lang/runtime/SwitchBootstraps$MappedEnumCache done
Event: 28.534 Loading class java/lang/FdLibm$Atan
Event: 28.534 Loading class java/lang/FdLibm$Atan done
Event: 101.322 Loading class java/util/DualPivotQuicksort$Sorter
Event: 101.323 Loading class java/util/DualPivotQuicksort$Sorter done

Classes unloaded (12 events):
Event: 20.347 Thread 0x0000fffec820da80 Unloading class 0x0000008003805c00 'java/lang/invoke/LambdaForm$BMH+0x0000008003805c00'
Event: 20.347 Thread 0x0000fffec820da80 Unloading class 0x0000008003805800 'java/lang/invoke/LambdaForm$DMH+0x0000008003805800'
Event: 20.347 Thread 0x0000fffec820da80 Unloading class 0x0000008003804400 'java/lang/invoke/LambdaForm$DMH+0x0000008003804400'
Event: 20.347 Thread 0x0000fffec820da80 Unloading class 0x0000008003562400 'java/lang/invoke/LambdaForm$DMH+0x0000008003562400'
Event: 20.347 Thread 0x0000fffec820da80 Unloading class 0x0000008003562000 'java/lang/invoke/LambdaForm$DMH+0x0000008003562000'
Event: 20.347 Thread 0x0000fffec820da80 Unloading class 0x0000008003561c00 'java/lang/invoke/LambdaForm$DMH+0x0000008003561c00'
Event: 20.347 Thread 0x0000fffec820da80 Unloading class 0x0000008003561800 'java/lang/invoke/LambdaForm$DMH+0x0000008003561800'
Event: 20.347 Thread 0x0000fffec820da80 Unloading class 0x0000008003560c00 'java/lang/invoke/LambdaForm$DMH+0x0000008003560c00'
Event: 20.347 Thread 0x0000fffec820da80 Unloading class 0x0000008003560800 'java/lang/invoke/LambdaForm$DMH+0x0000008003560800'
Event: 20.347 Thread 0x0000fffec820da80 Unloading class 0x0000008003560400 'java/lang/invoke/LambdaForm$DMH+0x0000008003560400'
Event: 20.347 Thread 0x0000fffec820da80 Unloading class 0x0000008003561000 'java/lang/invoke/LambdaForm$DMH+0x0000008003561000'
Event: 20.347 Thread 0x0000fffec820da80 Unloading class 0x00000080033c8000 'java/lang/invoke/LambdaForm$DMH+0x00000080033c8000'

Classes redefined (0 events):
No events

Internal exceptions (20 events):
Event: 106.696 Thread 0x0000fffd7400aa10 Exception <a 'sun/nio/fs/UnixException'{0x0000000746eb7b10}> (0x0000000746eb7b10) 
thrown [src/hotspot/share/prims/jni.cpp, line 535]
Event: 106.696 Thread 0x0000fffd8801d430 Exception <a 'sun/nio/fs/UnixException'{0x0000000746ebc9b8}> (0x0000000746ebc9b8) 
thrown [src/hotspot/share/prims/jni.cpp, line 535]
Event: 106.696 Thread 0x0000fffd7400aa10 Exception <a 'sun/nio/fs/UnixException'{0x0000000746ec7e90}> (0x0000000746ec7e90) 
thrown [src/hotspot/share/prims/jni.cpp, line 535]
Event: 106.697 Thread 0x0000fffd8801d430 Exception <a 'sun/nio/fs/UnixException'{0x0000000746ece868}> (0x0000000746ece868) 
thrown [src/hotspot/share/prims/jni.cpp, line 535]
Event: 106.757 Thread 0x0000fffd880061a0 Exception <a 'sun/nio/fs/UnixException'{0x00000007492b8d90}> (0x00000007492b8d90) 
thrown [src/hotspot/share/prims/jni.cpp, line 535]
Event: 106.759 Thread 0x0000fffd8801d430 Exception <a 'sun/nio/fs/UnixException'{0x0000000746f54608}> (0x0000000746f54608) 
thrown [src/hotspot/share/prims/jni.cpp, line 535]
Event: 106.760 Thread 0x0000fffd7400aa10 Exception <a 'sun/nio/fs/UnixException'{0x0000000746f5dd20}> (0x0000000746f5dd20) 
thrown [src/hotspot/share/prims/jni.cpp, line 535]
Event: 106.760 Thread 0x0000fffd8801d430 Exception <a 'sun/nio/fs/UnixException'{0x0000000746f58e50}> (0x0000000746f58e50) 
thrown [src/hotspot/share/prims/jni.cpp, line 535]
Event: 106.760 Thread 0x0000fffd7400aa10 Exception <a 'sun/nio/fs/UnixException'{0x0000000746f62718}> (0x0000000746f62718) 
thrown [src/hotspot/share/prims/jni.cpp, line 535]
Event: 106.760 Thread 0x0000fffd8801d430 Exception <a 'sun/nio/fs/UnixException'{0x0000000746f69e80}> (0x0000000746f69e80) 
thrown [src/hotspot/share/prims/jni.cpp, line 535]
Event: 106.761 Thread 0x0000fffd84004050 Exception <a 'sun/nio/fs/UnixException'{0x000000074927f878}> (0x000000074927f878) 
thrown [src/hotspot/share/prims/jni.cpp, line 535]
Event: 106.761 Thread 0x0000fffd880061a0 Exception <a 'sun/nio/fs/UnixException'{0x00000007492b9928}> (0x00000007492b9928) 
thrown [src/hotspot/share/prims/jni.cpp, line 535]
Event: 106.761 Thread 0x0000fffd7400aa10 Exception <a 'sun/nio/fs/UnixException'{0x0000000746f63828}> (0x0000000746f63828) 
thrown [src/hotspot/share/prims/jni.cpp, line 535]
Event: 106.770 Thread 0x0000fffd880061a0 Exception <a 'sun/nio/fs/UnixException'{0x0000000746f7b8e0}> (0x0000000746f7b8e0) 
thrown [src/hotspot/share/prims/jni.cpp, line 535]
Event: 106.776 Thread 0x0000fffec87e38d0 Exception <a 'sun/nio/fs/UnixException'{0x0000000746f23bb8}> (0x0000000746f23bb8) 
thrown [src/hotspot/share/prims/jni.cpp, line 535]
Event: 106.777 Thread 0x0000fffec87e38d0 Exception <a 'sun/nio/fs/UnixException'{0x0000000746f23e48}> (0x0000000746f23e48) 
thrown [src/hotspot/share/prims/jni.cpp, line 535]
Event: 106.777 Thread 0x0000fffec87e38d0 Exception <a 'sun/nio/fs/UnixException'{0x0000000746f240f8}> (0x0000000746f240f8) 
thrown [src/hotspot/share/prims/jni.cpp, line 535]
Event: 106.849 Thread 0x0000fffec80316d0 Implicit null exception at 0x0000fffebd2387e4 to 0x0000fffebd23c268
Event: 106.858 Thread 0x0000fffec80316d0 Implicit null exception at 0x0000fffebd797d98 to 0x0000fffebd7990a8
Event: 107.497 Thread 0x0000fffec80316d0 Exception <a 'sun/nio/fs/UnixException'{0x00000007468d2a00}> (0x00000007468d2a00) 
thrown [src/hotspot/share/prims/jni.cpp, line 535]

VM Operations (20 events):
Event: 100.120 Executing safepoint VM operation: G1CollectForAllocation (G1 Evacuation Pause) done
Event: 100.167 Executing safepoint VM operation: G1PauseRemark
Event: 100.173 Executing safepoint VM operation: G1PauseRemark done
Event: 100.231 Executing safepoint VM operation: G1PauseCleanup
Event: 100.231 Executing safepoint VM operation: G1PauseCleanup done
Event: 101.338 Executing safepoint VM operation: G1CollectForAllocation (G1 Evacuation Pause)
Event: 101.345 Executing safepoint VM operation: G1CollectForAllocation (G1 Evacuation Pause) done
Event: 102.762 Executing safepoint VM operation: G1CollectForAllocation (G1 Evacuation Pause)
Event: 102.786 Executing safepoint VM operation: G1CollectForAllocation (G1 Evacuation Pause) done
Event: 104.199 Executing safepoint VM operation: G1CollectForAllocation (G1 Evacuation Pause)
Event: 104.212 Executing safepoint VM operation: G1CollectForAllocation (G1 Evacuation Pause) done
Event: 104.339 Executing safepoint VM operation: G1PauseRemark
Event: 104.345 Executing safepoint VM operation: G1PauseRemark done
Event: 104.394 Executing safepoint VM operation: G1PauseCleanup
Event: 104.394 Executing safepoint VM operation: G1PauseCleanup done
Event: 105.937 Executing safepoint VM operation: G1CollectForAllocation (G1 Evacuation Pause)
Event: 105.972 Executing safepoint VM operation: G1CollectForAllocation (G1 Evacuation Pause) done
Event: 106.422 Executing safepoint VM operation: G1CollectForAllocation (G1 Evacuation Pause)
Event: 106.450 Executing safepoint VM operation: G1CollectForAllocation (G1 Evacuation Pause) done
Event: 107.499 Executing safepoint VM operation: Exit

Memory protections (20 events):
Event: 98.906 Protecting memory [0x0000fffdb4680000,0x0000fffdb468c000] with protection modes 0
Event: 100.103 Protecting memory [0x0000fffdb4680000,0x0000fffdb468c000] with protection modes 0
Event: 101.473 Protecting memory [0x0000fffd911f0000,0x0000fffd911fc000] with protection modes 0
Event: 101.529 Protecting memory [0x0000fffdb4680000,0x0000fffdb468c000] with protection modes 0
Event: 101.567 Protecting memory [0x0000fffdb4c80000,0x0000fffdb4c8c000] with protection modes 0
Event: 103.328 Protecting memory [0x0000fffd911f0000,0x0000fffd911fc000] with protection modes 0
Event: 103.329 Protecting memory [0x0000fffdb4680000,0x0000fffdb468c000] with protection modes 0
Event: 103.852 Protecting memory [0x0000fffd911f0000,0x0000fffd911fc000] with protection modes 0
Event: 103.852 Protecting memory [0x0000fffdb4680000,0x0000fffdb468c000] with protection modes 0
Event: 105.184 Protecting memory [0x0000fffd911f0000,0x0000fffd911fc000] with protection modes 0
Event: 105.184 Protecting memory [0x0000fffdb4680000,0x0000fffdb468c000] with protection modes 0
Event: 106.372 Protecting memory [0x0000fffd911f0000,0x0000fffd911fc000] with protection modes 0
Event: 106.376 Protecting memory [0x0000fffdb4680000,0x0000fffdb468c000] with protection modes 0
Event: 106.775 Protecting memory [0x0000fffd911f0000,0x0000fffd911fc000] with protection modes 0
Event: 106.839 Protecting memory [0x0000fffdb5080000,0x0000fffdb508c000] with protection modes 0
Event: 107.378 Protecting memory [0x0000fffdb5080000,0x0000fffdb508c000] with protection modes 0
Event: 107.392 Protecting memory [0x0000fffdb5080000,0x0000fffdb508c000] with protection modes 0
Event: 107.494 Protecting memory [0x0000fffd94b9c000,0x0000fffd94ba8000] with protection modes 0
Event: 107.494 Protecting memory [0x0000fffd94d9c000,0x0000fffd94da8000] with protection modes 0
Event: 107.494 Protecting memory [0x0000fffea5c00000,0x0000fffea5c0c000] with protection modes 0

Nmethod flushes (20 events):
Event: 104.343 Thread 0x0000fffec820da80 flushing  nmethod 0x0000fffeb511c148
Event: 104.343 Thread 0x0000fffec820da80 flushing  nmethod 0x0000fffeb511c688
Event: 104.343 Thread 0x0000fffec820da80 flushing  nmethod 0x0000fffeb520f508
Event: 104.343 Thread 0x0000fffec820da80 flushing  nmethod 0x0000fffeb5211508
Event: 104.343 Thread 0x0000fffec820da80 flushing  nmethod 0x0000fffeb52c1848
Event: 104.343 Thread 0x0000fffec820da80 flushing  nmethod 0x0000fffeb547c808
Event: 104.343 Thread 0x0000fffec820da80 flushing  nmethod 0x0000fffeb55f3088
Event: 104.343 Thread 0x0000fffec820da80 flushing  nmethod 0x0000fffeb55f6a08
Event: 104.343 Thread 0x0000fffec820da80 flushing  nmethod 0x0000fffeb57acc08
Event: 104.343 Thread 0x0000fffec820da80 flushing  nmethod 0x0000fffeb57af008
Event: 104.343 Thread 0x0000fffec820da80 flushing  nmethod 0x0000fffeb5adb888
Event: 104.343 Thread 0x0000fffec820da80 flushing  nmethod 0x0000fffeb5caa5c8
Event: 104.343 Thread 0x0000fffec820da80 flushing  nmethod 0x0000fffeb5f02c08
Event: 104.343 Thread 0x0000fffec820da80 flushing  nmethod 0x0000fffeb5f06208
Event: 104.343 Thread 0x0000fffec820da80 flushing  nmethod 0x0000fffeb5f07048
Event: 104.343 Thread 0x0000fffec820da80 flushing  nmethod 0x0000fffeb5f09dc8
Event: 104.343 Thread 0x0000fffec820da80 flushing  nmethod 0x0000fffeb6816348
Event: 104.343 Thread 0x0000fffec820da80 flushing  nmethod 0x0000fffeb6818348
Event: 104.343 Thread 0x0000fffec820da80 flushing  nmethod 0x0000fffeb6818648
Event: 104.343 Thread 0x0000fffec820da80 flushing  nmethod 0x0000fffeb691bf08

Events (20 events):
Event: 107.421 Thread 0x0000fffdd8013a40 Thread exited: 0x0000fffdd8013a40
Event: 107.421 Thread 0x0000fffecb6c2190 Thread exited: 0x0000fffecb6c2190
Event: 107.421 Thread 0x0000fffecb6f84c0 Thread exited: 0x0000fffecb6f84c0
Event: 107.421 Thread 0x0000fffd840019d0 Thread exited: 0x0000fffd840019d0
Event: 107.421 Thread 0x0000fffd84004050 Thread exited: 0x0000fffd84004050
Event: 107.421 Thread 0x0000fffd880061a0 Thread exited: 0x0000fffd880061a0
Event: 107.421 Thread 0x0000fffd5c009190 Thread exited: 0x0000fffd5c009190
Event: 107.421 Thread 0x0000fffd7400aa10 Thread exited: 0x0000fffd7400aa10
Event: 107.421 Thread 0x0000fffd8801d430 Thread exited: 0x0000fffd8801d430
Event: 107.421 Thread 0x0000fffdb8002850 Thread exited: 0x0000fffdb8002850
Event: 107.421 Thread 0x0000fffd840055c0 Thread exited: 0x0000fffd840055c0
Event: 107.421 Thread 0x0000fffdb8008570 Thread exited: 0x0000fffdb8008570
Event: 107.494 Thread 0x0000fffec80316d0 Thread added: 0x0000fffec96cb200
Event: 107.494 Thread 0x0000fffec80316d0 Thread added: 0x0000fffd9c526080
Event: 107.494 Thread 0x0000fffec80316d0 Thread added: 0x0000fffd9c091e90
Event: 107.494 Thread 0x0000fffec96cb200 Thread exited: 0x0000fffec96cb200
Event: 107.494 Thread 0x0000fffd9c526080 Thread exited: 0x0000fffd9c526080
Event: 107.497 Thread 0x0000fffd9c091e90 Thread exited: 0x0000fffd9c091e90
Event: 107.497 Thread 0x0000fffec80316d0 Before exit entered
Event: 107.499 Thread 0x0000fffec821c230 Thread exited: 0x0000fffec821c230


Dynamic libraries:
70f800000-754400000 rw-p 00000000 00:00 0 
754400000-7fe000000 ---p 00000000 00:00 0 
7fe000000-7ffc00000 rw-p 00000000 00:00 0 
7ffc00000-7ffe50000 rw-p 01d70000 00:25 8789750                          /home/anguscrump/.jdks/jbr-25.0.3/lib/server/classes.jsa
7ffe50000-800000000 rw-p 00000000 00:00 0 
8000000000-8000010000 ---p 00000000 00:00 0 
8000010000-8001d00000 rw-p 00010000 00:25 8789750                        /home/anguscrump/.jdks/jbr-25.0.3/lib/server/classes.jsa
8001d00000-8002000000 ---p 00000000 00:00 0 
8002000000-8002040000 rw-p 00000000 00:00 0 
8002040000-80020e0000 rw-p 00000000 00:00 0 
80020e0000-8002e40000 rw-p 00000000 00:00 0 
8002e40000-8002e80000 rw-p 00000000 00:00 0 
8002e80000-80031c0000 rw-p 00000000 00:00 0 
80031c0000-80031f0000 rw-p 00000000 00:00 0 
80031f0000-8003200000 ---p 00000000 00:00 0 
8003200000-80038f0000 rw-p 00000000 00:00 0 
80038f0000-8042000000 ---p 00000000 00:00 0 
aaab19460000-aaab19464000 r-xp 00000000 00:25 8789212                    /home/anguscrump/.jdks/jbr-25.0.3/bin/java
aaab1947c000-aaab19480000 r--p 0000c000 00:25 8789212                    /home/anguscrump/.jdks/jbr-25.0.3/bin/java
aaab19480000-aaab19484000 rw-p 00010000 00:25 8789212                    /home/anguscrump/.jdks/jbr-25.0.3/bin/java
aaab49760000-aaab49800000 rw-p 00000000 00:00 0                          [heap]
fffd48000000-fffd48200000 rw-p 00000000 00:00 0 
fffd48200000-fffd4c000000 ---p 00000000 00:00 0 
fffd4c000000-fffd4c200000 rw-p 00000000 00:00 0 
fffd4c200000-fffd50000000 ---p 00000000 00:00 0 
fffd58000000-fffd58200000 rw-p 00000000 00:00 0 
fffd58200000-fffd5c000000 ---p 00000000 00:00 0 
fffd5c000000-fffd5c200000 rw-p 00000000 00:00 0 
fffd5c200000-fffd60000000 ---p 00000000 00:00 0 
fffd60000000-fffd60200000 rw-p 00000000 00:00 0 
fffd60200000-fffd64000000 ---p 00000000 00:00 0 
fffd67000000-fffd70000000 rw-p 00000000 00:00 0 
fffd70000000-fffd70200000 rw-p 00000000 00:00 0 
fffd70200000-fffd72200000 rw-p 00000000 00:00 0 
fffd72200000-fffd74000000 ---p 00000000 00:00 0 
fffd74000000-fffd74200000 rw-p 00000000 00:00 0 
fffd74200000-fffd78000000 ---p 00000000 00:00 0 
fffd78000000-fffd78200000 rw-p 00000000 00:00 0 
fffd78200000-fffd7c000000 ---p 00000000 00:00 0 
fffd7c000000-fffd7c200000 rw-p 00000000 00:00 0 
fffd7c200000-fffd80000000 ---p 00000000 00:00 0 
fffd80000000-fffd80200000 rw-p 00000000 00:00 0 
fffd80200000-fffd84000000 ---p 00000000 00:00 0 
fffd84000000-fffd84200000 rw-p 00000000 00:00 0 
fffd84200000-fffd88000000 ---p 00000000 00:00 0 
fffd88000000-fffd88200000 rw-p 00000000 00:00 0 
fffd88200000-fffd89200000 rw-p 00000000 00:00 0 
fffd89200000-fffd8c000000 ---p 00000000 00:00 0 
fffd8c000000-fffd8c200000 rw-p 00000000 00:00 0 
fffd8c200000-fffd8c400000 rw-p 00000000 00:00 0 
fffd8c400000-fffd90000000 ---p 00000000 00:00 0 
fffd94b9c000-fffd94ba8000 ---p 00000000 00:00 0 
fffd94ba8000-fffd94d9c000 rw-p 00000000 00:00 0 
fffd94d9c000-fffd94da8000 ---p 00000000 00:00 0 
fffd94da8000-fffd94f9c000 rw-p 00000000 00:00 0 
fffd98000000-fffd98200000 rw-p 00000000 00:00 0 
fffd98200000-fffd9c000000 ---p 00000000 00:00 0 
fffd9c000000-fffd9c200000 rw-p 00000000 00:00 0 
fffd9c200000-fffd9c800000 rw-p 00000000 00:00 0 
fffd9c800000-fffda0000000 ---p 00000000 00:00 0 
fffda0000000-fffda0200000 rw-p 00000000 00:00 0 
fffda0200000-fffda4000000 ---p 00000000 00:00 0 
fffda4000000-fffda4200000 rw-p 00000000 00:00 0 
fffda4200000-fffda8000000 ---p 00000000 00:00 0 
fffda8000000-fffda8200000 rw-p 00000000 00:00 0 
fffda8200000-fffdac000000 ---p 00000000 00:00 0 
fffdac000000-fffdac200000 rw-p 00000000 00:00 0 
fffdac200000-fffdad000000 rw-p 00000000 00:00 0 
fffdad000000-fffdb0000000 ---p 00000000 00:00 0 
fffdb3660000-fffdb3e70000 rw-p 00000000 00:00 0 
fffdb4880000-fffdb488c000 ---p 00000000 00:00 0 
fffdb488c000-fffdb4a80000 rw-p 00000000 00:00 0 
fffdb4a80000-fffdb4a8c000 ---p 00000000 00:00 0 
fffdb4a8c000-fffdb4c80000 rw-p 00000000 00:00 0 
fffdb5080000-fffdb508c000 ---p 00000000 00:00 0 
fffdb508c000-fffdb5280000 rw-p 00000000 00:00 0 
fffdb5280000-fffdb5600000 rw-p 00000000 00:00 0 
fffdb5600000-fffdb560c000 ---p 00000000 00:00 0 
fffdb560c000-fffdb5800000 rw-p 00000000 00:00 0 
fffdb5800000-fffdb8000000 rw-p 00000000 00:00 0 
fffdb8000000-fffdb8200000 rw-p 00000000 00:00 0 
fffdb8200000-fffdbc000000 ---p 00000000 00:00 0 
fffdbc000000-fffdbc200000 rw-p 00000000 00:00 0 
fffdbc200000-fffdc0000000 ---p 00000000 00:00 0 
fffdc0100000-fffdc1000000 rw-p 00000000 00:00 0 
fffdc1100000-fffdc1a00000 rw-p 00000000 00:00 0 
fffdc1b00000-fffdc3c00000 rw-p 00000000 00:00 0 
fffdc3d80000-fffdc4000000 rw-p 00000000 00:00 0 
fffdc4000000-fffdc4200000 rw-p 00000000 00:00 0 
fffdc4200000-fffdc8000000 ---p 00000000 00:00 0 
fffdc8000000-fffdc8200000 rw-p 00000000 00:00 0 
fffdc8200000-fffdcc000000 ---p 00000000 00:00 0 
fffdcc000000-fffdcc200000 rw-p 00000000 00:00 0 
fffdcc200000-fffdd0000000 ---p 00000000 00:00 0 
fffdd0000000-fffdd0200000 rw-p 00000000 00:00 0 
fffdd0200000-fffdd4000000 ---p 00000000 00:00 0 
fffdd4000000-fffdd4200000 rw-p 00000000 00:00 0 
fffdd4200000-fffdd8000000 ---p 00000000 00:00 0 
fffdd8000000-fffdd8200000 rw-p 00000000 00:00 0 
fffdd8200000-fffddc000000 ---p 00000000 00:00 0 
fffddc000000-fffddc200000 rw-p 00000000 00:00 0 
fffddc200000-fffde0000000 ---p 00000000 00:00 0 
fffde0000000-fffde0200000 rw-p 00000000 00:00 0 
fffde0200000-fffde4000000 ---p 00000000 00:00 0 
fffde4200000-fffde4e00000 rw-p 00000000 00:00 0 
fffde4e80000-fffde5480000 rw-p 00000000 00:00 0 
fffde5680000-fffde5e80000 rw-p 00000000 00:00 0 
fffde6080000-fffde6580000 rw-p 00000000 00:00 0 
fffde6780000-fffde7a00000 rw-p 00000000 00:00 0 
fffde8010000-fffde83d8000 r-xp 00000000 00:25 3200159                    /usr/lib64/libflite_cmu_us_kal16.so.2.2
fffde83d8000-fffde83e8000 ---p 003c8000 00:25 3200159                    /usr/lib64/libflite_cmu_us_kal16.so.2.2
fffde83e8000-fffde83f0000 r--p 003c8000 00:25 3200159                    /usr/lib64/libflite_cmu_us_kal16.so.2.2
fffde83f0000-fffde83f4000 rw-p 003d0000 00:25 3200159                    /usr/lib64/libflite_cmu_us_kal16.so.2.2
fffde8400000-fffdf0000000 rw-p 00000000 00:00 0 
fffdf0000000-fffdf0200000 rw-p 00000000 00:00 0 
fffdf0200000-fffdf4000000 ---p 00000000 00:00 0 
fffdf4000000-fffdf4200000 rw-p 00000000 00:00 0 
fffdf4200000-fffdf8000000 ---p 00000000 00:00 0 
fffdf8000000-fffdf8200000 rw-p 00000000 00:00 0 
fffdf8200000-fffdf8a00000 rw-p 00000000 00:00 0 
fffdf8a00000-fffdfc000000 ---p 00000000 00:00 0 
fffdfc000000-fffdfc200000 rw-p 00000000 00:00 0 
fffdfc200000-fffe00000000 ---p 00000000 00:00 0 
fffe00010000-fffe000a0000 r-xp 00000000 00:25 3200165                    /usr/lib64/libflite_cmulex.so.2.2
fffe000a0000-fffe000ac000 ---p 00090000 00:25 3200165                    /usr/lib64/libflite_cmulex.so.2.2
fffe000ac000-fffe000b0000 r--p 0008c000 00:25 3200165                    /usr/lib64/libflite_cmulex.so.2.2
fffe000b0000-fffe000b4000 rw-p 00000000 00:00 0 
fffe000c0000-fffe000d0000 r-xp 00000000 00:25 3200167                    /usr/lib64/libflite_usenglish.so.2.2
fffe000d0000-fffe000d4000 ---p 00010000 00:25 3200167                    /usr/lib64/libflite_usenglish.so.2.2
fffe000d4000-fffe000e0000 r--p 00014000 00:25 3200167                    /usr/lib64/libflite_usenglish.so.2.2
fffe000e0000-fffe000e4000 rw-p 00000000 00:00 0 
fffe000f0000-fffe00134000 r-xp 00000000 00:25 3101837                    /usr/lib64/libmp3lame.so.0.0.0
fffe00134000-fffe0014c000 ---p 00044000 00:25 3101837                    /usr/lib64/libmp3lame.so.0.0.0
fffe0014c000-fffe00150000 r--p 0004c000 00:25 3101837                    /usr/lib64/libmp3lame.so.0.0.0
fffe00150000-fffe00180000 rw-p 00000000 00:00 0 
fffe00190000-fffe001e0000 r-xp 00000000 00:25 3105171                    /usr/lib64/libmpg123.so.0.48.3
fffe001e0000-fffe001ec000 ---p 00050000 00:25 3105171                    /usr/lib64/libmpg123.so.0.48.3
fffe001ec000-fffe001f0000 r--p 0004c000 00:25 3105171                    /usr/lib64/libmpg123.so.0.48.3
fffe001f0000-fffe001f4000 rw-p 00050000 00:25 3105171                    /usr/lib64/libmpg123.so.0.48.3
fffe00200000-fffe00208000 r-xp 00000000 00:25 3101183                    /usr/lib64/libogg.so.0.8.6
fffe00208000-fffe0021c000 ---p 00008000 00:25 3101183                    /usr/lib64/libogg.so.0.8.6
fffe0021c000-fffe00220000 r--p 0000c000 00:25 3101183                    /usr/lib64/libogg.so.0.8.6
fffe00220000-fffe00224000 rw-p 00000000 00:00 0 
fffe00230000-fffe00298000 r-xp 00000000 00:25 3101166                    /usr/lib64/libopus.so.0.11.0
fffe00298000-fffe002ac000 ---p 00068000 00:25 3101166                    /usr/lib64/libopus.so.0.11.0
fffe002ac000-fffe002b0000 r--p 0006c000 00:25 3101166                    /usr/lib64/libopus.so.0.11.0
fffe002b0000-fffe002b4000 rw-p 00000000 00:00 0 
fffe002c0000-fffe00338000 r-xp 00000000 00:25 3101194                    /usr/lib64/libvorbisenc.so.2.0.12
fffe00338000-fffe00348000 ---p 00078000 00:25 3101194                    /usr/lib64/libvorbisenc.so.2.0.12
fffe00348000-fffe00360000 r--p 00078000 00:25 3101194                    /usr/lib64/libvorbisenc.so.2.0.12
fffe00360000-fffe00364000 rw-p 00090000 00:25 3101194                    /usr/lib64/libvorbisenc.so.2.0.12
fffe00370000-fffe0039c000 r-xp 00000000 00:25 3101192                    /usr/lib64/libvorbis.so.0.4.9
fffe0039c000-fffe003ac000 ---p 0002c000 00:25 3101192                    /usr/lib64/libvorbis.so.0.4.9
fffe003ac000-fffe003b0000 r--p 0002c000 00:25 3101192                    /usr/lib64/libvorbis.so.0.4.9
fffe003b0000-fffe003b4000 rw-p 00000000 00:00 0 
fffe003c0000-fffe00400000 r-xp 00000000 00:25 3101748                    /usr/lib64/libFLAC.so.14.0.0
fffe00400000-fffe0040c000 ---p 00040000 00:25 3101748                    /usr/lib64/libFLAC.so.14.0.0
fffe0040c000-fffe00410000 r--p 0004c000 00:25 3101748                    /usr/lib64/libFLAC.so.14.0.0
fffe00410000-fffe00414000 rw-p 00050000 00:25 3101748                    /usr/lib64/libFLAC.so.14.0.0
fffe00420000-fffe0042c000 r-xp 00000000 00:25 3104966                    /usr/lib64/libgsm.so.1.0.24
fffe0042c000-fffe0043c000 ---p 0000c000 00:25 3104966                    /usr/lib64/libgsm.so.1.0.24
fffe0043c000-fffe00440000 r--p 0000c000 00:25 3104966                    /usr/lib64/libgsm.so.1.0.24
fffe00440000-fffe00444000 rw-p 00010000 00:25 3104966                    /usr/lib64/libgsm.so.1.0.24
fffe00450000-fffe00458000 r-xp 00000000 00:25 3200036                    /usr/lib64/libasyncns.so.0.3.1
fffe00458000-fffe0046c000 ---p 00008000 00:25 3200036                    /usr/lib64/libasyncns.so.0.3.1
fffe0046c000-fffe00470000 r--p 0000c000 00:25 3200036                    /usr/lib64/libasyncns.so.0.3.1
fffe00470000-fffe00474000 rw-p 00000000 00:00 0 
fffe00480000-fffe004f8000 r-xp 00000000 00:25 3105180                    /usr/lib64/libsndfile.so.1.0.37
fffe004f8000-fffe0050c000 ---p 00078000 00:25 3105180                    /usr/lib64/libsndfile.so.1.0.37
fffe0050c000-fffe00510000 r--p 0007c000 00:25 3105180                    /usr/lib64/libsndfile.so.1.0.37
fffe00510000-fffe00514000 rw-p 00080000 00:25 3105180                    /usr/lib64/libsndfile.so.1.0.37
fffe00520000-fffe0059c000 r-xp 00000000 00:25 3200048                    /usr/lib64/pulseaudio/libpulsecommon-17.0.so
fffe0059c000-fffe005ac000 ---p 0007c000 00:25 3200048                    /usr/lib64/pulseaudio/libpulsecommon-17.0.so
fffe005ac000-fffe005b0000 r--p 0007c000 00:25 3200048                    /usr/lib64/pulseaudio/libpulsecommon-17.0.so
fffe005b0000-fffe005b4000 rw-p 00080000 00:25 3200048                    /usr/lib64/pulseaudio/libpulsecommon-17.0.so
fffe005c0000-fffe0060c000 r-xp 00000000 00:25 3200047                    /usr/lib64/libpulse.so.0.24.3
fffe0060c000-fffe0061c000 ---p 0004c000 00:25 3200047                    /usr/lib64/libpulse.so.0.24.3
fffe0061c000-fffe00620000 r--p 0004c000 00:25 3200047                    /usr/lib64/libpulse.so.0.24.3
fffe00620000-fffe00624000 rw-p 00050000 00:25 3200047                    /usr/lib64/libpulse.so.0.24.3
fffe00630000-fffe00634000 r-xp 00000000 00:25 3200045                    /usr/lib64/libpulse-simple.so.0.1.1
fffe00634000-fffe0064c000 ---p 00004000 00:25 3200045                    /usr/lib64/libpulse-simple.so.0.1.1
fffe0064c000-fffe00650000 r--p 0000c000 00:25 3200045                    /usr/lib64/libpulse-simple.so.0.1.1
fffe00650000-fffe00654000 rw-p 00000000 00:00 0 
fffe00660000-fffe0069c000 r-xp 00000000 00:25 3200143                    /usr/lib64/libflite.so.2.2
fffe0069c000-fffe006ac000 ---p 0003c000 00:25 3200143                    /usr/lib64/libflite.so.2.2
fffe006ac000-fffe006b0000 r--p 0003c000 00:25 3200143                    /usr/lib64/libflite.so.2.2
fffe006b0000-fffe006b4000 rw-p 00040000 00:25 3200143                    /usr/lib64/libflite.so.2.2
fffe007f0000-fffe021f0000 rw-p 00000000 00:00 0 
fffe021f0000-fffe02a00000 rw-p 00000000 00:00 0 
fffe02a00000-fffe02a24000 r-xp 00000000 00:25 3826951                    /usr/lib64/pipewire-0.3/libpipewire-module-session-manager.so
fffe02a24000-fffe02a3c000 ---p 00024000 00:25 3826951                    /usr/lib64/pipewire-0.3/libpipewire-module-session-manager.so
fffe02a3c000-fffe02a40000 r--p 0002c000 00:25 3826951                    /usr/lib64/pipewire-0.3/libpipewire-module-session-manager.so
fffe02a40000-fffe02a44000 rw-p 00000000 00:00 0 
fffe02a50000-fffe02a5c000 r-xp 00000000 00:25 3826933                    /usr/lib64/pipewire-0.3/libpipewire-module-metadata.so
fffe02a5c000-fffe02a6c000 ---p 0000c000 00:25 3826933                    /usr/lib64/pipewire-0.3/libpipewire-module-metadata.so
fffe02a6c000-fffe02a70000 r--p 0000c000 00:25 3826933                    /usr/lib64/pipewire-0.3/libpipewire-module-metadata.so
fffe02a70000-fffe02a74000 rw-p 00010000 00:25 3826933                    /usr/lib64/pipewire-0.3/libpipewire-module-metadata.so
fffe02a80000-fffe02a88000 r-xp 00000000 00:25 3826923                    /usr/lib64/pipewire-0.3/libpipewire-module-adapter.so
fffe02a88000-fffe02a9c000 ---p 00008000 00:25 3826923                    /usr/lib64/pipewire-0.3/libpipewire-module-adapter.so
fffe02a9c000-fffe02aa0000 r--p 0000c000 00:25 3826923                    /usr/lib64/pipewire-0.3/libpipewire-module-adapter.so
fffe02aa0000-fffe02aa4000 rw-p 00010000 00:25 3826923                    /usr/lib64/pipewire-0.3/libpipewire-module-adapter.so
fffe02ab0000-fffe02ac0000 r-xp 00000000 00:25 3826925                    /usr/lib64/pipewire-0.3/libpipewire-module-client-device.so
fffe02ac0000-fffe02acc000 ---p 00010000 00:25 3826925                    /usr/lib64/pipewire-0.3/libpipewire-module-client-device.so
fffe02acc000-fffe02ad0000 r--p 0000c000 00:25 3826925                    /usr/lib64/pipewire-0.3/libpipewire-module-client-device.so
fffe02ad0000-fffe02ad4000 rw-p 00010000 00:25 3826925                    /usr/lib64/pipewire-0.3/libpipewire-module-client-device.so
fffe02ae0000-fffe02b04000 r-xp 00000000 00:25 3826926                    /usr/lib64/pipewire-0.3/libpipewire-module-client-node.so
fffe02b04000-fffe02b1c000 ---p 00024000 00:25 3826926                    /usr/lib64/pipewire-0.3/libpipewire-module-client-node.so
fffe02b1c000-fffe02b20000 r--p 0002c000 00:25 3826926                    /usr/lib64/pipewire-0.3/libpipewire-module-client-node.so
fffe02b20000-fffe02b24000 rw-p 00030000 00:25 3826926                    /usr/lib64/pipewire-0.3/libpipewire-module-client-node.so
fffe02b30000-fffe02bcc000 r-xp 00000000 00:25 3099166                    /usr/lib64/libpcre2-8.so.0.15.0
fffe02bcc000-fffe02bdc000 ---p 0009c000 00:25 3099166                    /usr/lib64/libpcre2-8.so.0.15.0
fffe02bdc000-fffe02be0000 r--p 0009c000 00:25 3099166                    /usr/lib64/libpcre2-8.so.0.15.0
fffe02be0000-fffe02be4000 rw-p 000a0000 00:25 3099166                    /usr/lib64/libpcre2-8.so.0.15.0
fffe02bf0000-fffe02c20000 r-xp 00000000 00:25 3102648                    /usr/lib64/libselinux.so.1
fffe02c20000-fffe02c2c000 ---p 00030000 00:25 3102648                    /usr/lib64/libselinux.so.1
fffe02c2c000-fffe02c30000 r--p 0002c000 00:25 3102648                    /usr/lib64/libselinux.so.1
fffe02c30000-fffe02c34000 rw-p 00030000 00:25 3102648                    /usr/lib64/libselinux.so.1
fffe02c40000-fffe02c6c000 r-xp 00000000 00:25 3826940                    /usr/lib64/pipewire-0.3/libpipewire-module-protocol-native.so
fffe02c6c000-fffe02c74000 ---p 0002c000 00:25 3826940                    /usr/lib64/pipewire-0.3/libpipewire-module-protocol-native.so
fffe02c74000-fffe02c80000 r--p 00034000 00:25 3826940                    /usr/lib64/pipewire-0.3/libpipewire-module-protocol-native.so
fffe02c80000-fffe02c84000 rw-p 00040000 00:25 3826940                    /usr/lib64/pipewire-0.3/libpipewire-module-protocol-native.so
fffe02c90000-fffe034a0000 rw-p 00000000 00:00 0 
fffe034a0000-fffe034a8000 r-xp 00000000 00:25 3826945                    /usr/lib64/pipewire-0.3/libpipewire-module-rt.so
fffe034a8000-fffe034bc000 ---p 00008000 00:25 3826945                    /usr/lib64/pipewire-0.3/libpipewire-module-rt.so
fffe034bc000-fffe034c0000 r--p 0000c000 00:25 3826945                    /usr/lib64/pipewire-0.3/libpipewire-module-rt.so
fffe034c0000-fffe034c4000 rw-p 00010000 00:25 3826945                    /usr/lib64/pipewire-0.3/libpipewire-module-rt.so
fffe034d0000-fffe03524000 r-xp 00000000 00:25 3098658                    /usr/lib64/libdbus-1.so.3.38.3
fffe03524000-fffe0353c000 ---p 00054000 00:25 3098658                    /usr/lib64/libdbus-1.so.3.38.3
fffe0353c000-fffe03540000 r--p 0005c000 00:25 3098658                    /usr/lib64/libdbus-1.so.3.38.3
fffe03540000-fffe03544000 rw-p 00060000 00:25 3098658                    /usr/lib64/libdbus-1.so.3.38.3
fffe03550000-fffe03558000 r-xp 00000000 00:25 3826985                    /usr/lib64/spa-0.2/support/libspa-dbus.so
fffe03558000-fffe0356c000 ---p 00008000 00:25 3826985                    /usr/lib64/spa-0.2/support/libspa-dbus.so
fffe0356c000-fffe03570000 r--p 0000c000 00:25 3826985                    /usr/lib64/spa-0.2/support/libspa-dbus.so
fffe03570000-fffe03574000 rw-p 00010000 00:25 3826985                    /usr/lib64/spa-0.2/support/libspa-dbus.so
fffe03580000-fffe0369c000 r-xp 00000000 00:25 3098609                    /usr/lib64/libsystemd.so.0.42.0
fffe0369c000-fffe036a4000 ---p 0011c000 00:25 3098609                    /usr/lib64/libsystemd.so.0.42.0
fffe036a4000-fffe036b0000 r--p 00124000 00:25 3098609                    /usr/lib64/libsystemd.so.0.42.0
fffe036b0000-fffe036b4000 rw-p 00130000 00:25 3098609                    /usr/lib64/libsystemd.so.0.42.0
fffe036c0000-fffe036c4000 r-xp 00000000 00:25 3826986                    /usr/lib64/spa-0.2/support/libspa-journal.so
fffe036c4000-fffe036dc000 ---p 00004000 00:25 3826986                    /usr/lib64/spa-0.2/support/libspa-journal.so
fffe036dc000-fffe036e0000 r--p 0000c000 00:25 3826986                    /usr/lib64/spa-0.2/support/libspa-journal.so
fffe036e0000-fffe036e4000 rw-p 00010000 00:25 3826986                    /usr/lib64/spa-0.2/support/libspa-journal.so
fffe036f0000-fffe03714000 r-xp 00000000 00:25 3826987                    /usr/lib64/spa-0.2/support/libspa-support.so
fffe03714000-fffe03728000 ---p 00024000 00:25 3826987                    /usr/lib64/spa-0.2/support/libspa-support.so
fffe03728000-fffe03730000 r--p 00028000 00:25 3826987                    /usr/lib64/spa-0.2/support/libspa-support.so
fffe03730000-fffe03734000 rw-p 00030000 00:25 3826987                    /usr/lib64/spa-0.2/support/libspa-support.so
fffe03740000-fffe037ec000 r-xp 00000000 00:25 3826921                    /usr/lib64/libpipewire-0.3.so.0.1605.0
fffe037ec000-fffe037f4000 ---p 000ac000 00:25 3826921                    /usr/lib64/libpipewire-0.3.so.0.1605.0
fffe037f4000-fffe03810000 r--p 000b4000 00:25 3826921                    /usr/lib64/libpipewire-0.3.so.0.1605.0
fffe03810000-fffe03814000 rw-p 000d0000 00:25 3826921                    /usr/lib64/libpipewire-0.3.so.0.1605.0
fffe03820000-fffe039b4000 r-xp 00000000 00:35 332                        /tmp/lwjgl_anguscrump/3.4.1-snapshot/arm64/libopenal.so
fffe039b4000-fffe039c0000 ---p 00194000 00:35 332                        /tmp/lwjgl_anguscrump/3.4.1-snapshot/arm64/libopenal.so
fffe039c0000-fffe039cc000 r--p 00190000 00:35 332                        /tmp/lwjgl_anguscrump/3.4.1-snapshot/arm64/libopenal.so
fffe039cc000-fffe039d0000 rw-p 0019c000 00:35 332                        /tmp/lwjgl_anguscrump/3.4.1-snapshot/arm64/libopenal.so
fffe039d0000-fffe03ab4000 rw-p 00000000 00:00 0 
fffe03cc0000-fffe03f40000 rw-p 00000000 00:00 0 
fffe03f40000-fffe03fbc000 r-xp 00000000 00:35 331                        /tmp/lwjgl_anguscrump/3.4.1-snapshot/arm64/liblwjgl_stb.so
fffe03fbc000-fffe03fc8000 ---p 0007c000 00:35 331                        /tmp/lwjgl_anguscrump/3.4.1-snapshot/arm64/liblwjgl_stb.so
fffe03fc8000-fffe03fcc000 r--p 00078000 00:35 331                        /tmp/lwjgl_anguscrump/3.4.1-snapshot/arm64/liblwjgl_stb.so
fffe03fcc000-fffe03fd0000 rw-p 0007c000 00:35 331                        /tmp/lwjgl_anguscrump/3.4.1-snapshot/arm64/liblwjgl_stb.so
fffe03fe0000-fffe03ff0000 r-xp 00000000 00:25 3115554                    /usr/lib64/libEGL.so.1.1.0
fffe03ff0000-fffe03ffc000 ---p 00010000 00:25 3115554                    /usr/lib64/libEGL.so.1.1.0
fffe03ffc000-fffe04000000 r--p 0000c000 00:25 3115554                    /usr/lib64/libEGL.so.1.1.0
fffe04000000-fffe04004000 rw-p 00010000 00:25 3115554                    /usr/lib64/libEGL.so.1.1.0
fffe04010000-fffe04068000 r-xp 00000000 00:35 330                        /tmp/lwjgl_anguscrump/3.4.1-snapshot/arm64/liblwjgl_opengl.so
fffe04068000-fffe04078000 ---p 00058000 00:35 330                        /tmp/lwjgl_anguscrump/3.4.1-snapshot/arm64/liblwjgl_opengl.so
fffe04078000-fffe0407c000 rw-p 00058000 00:35 330                        /tmp/lwjgl_anguscrump/3.4.1-snapshot/arm64/liblwjgl_opengl.so
fffe04da0000-fffe04dd0000 r-xp 00000000 00:25 3098672                    /usr/lib64/liblzma.so.5.8.2
fffe04dd0000-fffe04ddc000 ---p 00030000 00:25 3098672                    /usr/lib64/liblzma.so.5.8.2
fffe04ddc000-fffe04de0000 r--p 0003c000 00:25 3098672                    /usr/lib64/liblzma.so.5.8.2
fffe04de0000-fffe04de4000 rw-p 00000000 00:00 0 
fffe04df0000-fffe04e18000 r-xp 00000000 00:25 3098080                    /usr/lib64/libtinfo.so.6.6
fffe04e18000-fffe04e2c000 ---p 00028000 00:25 3098080                    /usr/lib64/libtinfo.so.6.6
fffe04e2c000-fffe04e30000 r--p 0002c000 00:25 3098080                    /usr/lib64/libtinfo.so.6.6
fffe04e30000-fffe04e34000 rw-p 00030000 00:25 3098080                    /usr/lib64/libtinfo.so.6.6
fffe04e40000-fffe04f9c000 r-xp 00000000 00:25 3098680                    /usr/lib64/libxml2.so.2.12.10
fffe04f9c000-fffe04fa4000 ---p 0015c000 00:25 3098680                    /usr/lib64/libxml2.so.2.12.10
fffe04fa4000-fffe04fb0000 r--p 00164000 00:25 3098680                    /usr/lib64/libxml2.so.2.12.10
fffe04fb0000-fffe04fb4000 rw-p 00170000 00:25 3098680                    /usr/lib64/libxml2.so.2.12.10
fffe04fc0000-fffe0523c000 r-xp 00000000 00:25 3955255                    /usr/lib64/libstdc++.so.6.0.35
fffe0523c000-fffe0524c000 ---p 0027c000 00:25 3955255                    /usr/lib64/libstdc++.so.6.0.35
fffe0524c000-fffe05260000 r--p 0027c000 00:25 3955255                    /usr/lib64/libstdc++.so.6.0.35
fffe05260000-fffe05264000 rw-p 00290000 00:25 3955255                    /usr/lib64/libstdc++.so.6.0.35
fffe05264000-fffe05268000 rw-p 00000000 00:00 0 
fffe05270000-fffe09558000 r--p 00000000 00:25 3827814                    /usr/lib64/libLLVM.so.22.1
fffe09558000-fffe09564000 ---p 042e8000 00:25 3827814                    /usr/lib64/libLLVM.so.22.1
fffe09564000-fffe0d598000 r-xp 042e4000 00:25 3827814                    /usr/lib64/libLLVM.so.22.1
fffe0d598000-fffe0d5a4000 ---p 08328000 00:25 3827814                    /usr/lib64/libLLVM.so.22.1
fffe0d5a4000-fffe0d7c8000 r--p 08314000 00:25 3827814                    /usr/lib64/libLLVM.so.22.1
fffe0d7c8000-fffe0d7cc000 rw-p 08538000 00:25 3827814                    /usr/lib64/libLLVM.so.22.1
fffe0d7cc000-fffe0d7d8000 ---p 0855c000 00:25 3827814                    /usr/lib64/libLLVM.so.22.1
fffe0d7d8000-fffe0d7e4000 rw-p 08538000 00:25 3827814                    /usr/lib64/libLLVM.so.22.1
fffe0d7e4000-fffe0d890000 rw-p 00000000 00:00 0 
fffe10000000-fffe10200000 rw-p 00000000 00:00 0 
fffe10200000-fffe106c0000 rw-p 00000000 00:00 0 
fffe106c0000-fffe10900000 rw-p 00000000 00:00 0 
fffe10900000-fffe10a00000 rw-p 00000000 00:00 0 
fffe10a00000-fffe11de0000 rw-p 00000000 00:00 0 
fffe11de0000-fffe11ee0000 rw-p 00000000 00:00 0 
fffe11ee0000-fffe11f00000 ---p 00000000 00:00 0 
fffe11f00000-fffe13520000 rw-p 00000000 00:00 0 
fffe13520000-fffe14000000 ---p 00000000 00:00 0 
fffe14000000-fffe14200000 rw-p 00000000 00:00 0 
fffe14200000-fffe14400000 rw-p 00000000 00:00 0 
fffe14400000-fffe18000000 ---p 00000000 00:00 0 
fffe18000000-fffe18200000 rw-p 00000000 00:00 0 
fffe18200000-fffe1c000000 ---p 00000000 00:00 0 
fffe1c000000-fffe1c200000 rw-p 00000000 00:00 0 
fffe1c200000-fffe20000000 ---p 00000000 00:00 0 
fffe20000000-fffe20200000 rw-p 00000000 00:00 0 
fffe20200000-fffe20a00000 rw-p 00000000 00:00 0 
fffe20a00000-fffe24000000 ---p 00000000 00:00 0 
fffe24000000-fffe24200000 rw-p 00000000 00:00 0 
fffe24200000-fffe28000000 ---p 00000000 00:00 0 
fffe28000000-fffe28200000 rw-p 00000000 00:00 0 
fffe28200000-fffe2c000000 ---p 00000000 00:00 0 
fffe2c000000-fffe2c200000 rw-p 00000000 00:00 0 
fffe2c200000-fffe30000000 ---p 00000000 00:00 0 
fffe30000000-fffe30200000 rw-p 00000000 00:00 0 
fffe30200000-fffe34000000 ---p 00000000 00:00 0 
fffe34000000-fffe34200000 rw-p 00000000 00:00 0 
fffe34200000-fffe38000000 ---p 00000000 00:00 0 
fffe38000000-fffe38200000 rw-p 00000000 00:00 0 
fffe38200000-fffe3c000000 ---p 00000000 00:00 0 
fffe3c000000-fffe3c200000 rw-p 00000000 00:00 0 
fffe3c200000-fffe40000000 ---p 00000000 00:00 0 
fffe40000000-fffe40200000 rw-p 00000000 00:00 0 
fffe40200000-fffe44000000 ---p 00000000 00:00 0 
fffe44000000-fffe44200000 rw-p 00000000 00:00 0 
fffe44200000-fffe48000000 ---p 00000000 00:00 0 
fffe48000000-fffe48200000 rw-p 00000000 00:00 0 
fffe48200000-fffe4c000000 ---p 00000000 00:00 0 
fffe4c000000-fffe4c200000 rw-p 00000000 00:00 0 
fffe4c200000-fffe4d600000 rw-p 00000000 00:00 0 
fffe4d600000-fffe50000000 ---p 00000000 00:00 0 
fffe50000000-fffe50200000 rw-p 00000000 00:00 0 
fffe50200000-fffe54000000 ---p 00000000 00:00 0 
fffe54000000-fffe54200000 rw-p 00000000 00:00 0 
fffe54200000-fffe58000000 ---p 00000000 00:00 0 
fffe58000000-fffe58200000 rw-p 00000000 00:00 0 
fffe58200000-fffe5aa00000 rw-p 00000000 00:00 0 
fffe5aa00000-fffe5c000000 ---p 00000000 00:00 0 
fffe5c000000-fffe5c200000 rw-p 00000000 00:00 0 
fffe5c200000-fffe5e800000 rw-p 00000000 00:00 0 
fffe5e800000-fffe60000000 ---p 00000000 00:00 0 
fffe60000000-fffe60200000 rw-p 00000000 00:00 0 
fffe60200000-fffe61e00000 rw-p 00000000 00:00 0 
fffe61e00000-fffe64000000 ---p 00000000 00:00 0 
fffe64000000-fffe64200000 rw-p 00000000 00:00 0 
fffe64200000-fffe68000000 ---p 00000000 00:00 0 
fffe68000000-fffe68200000 rw-p 00000000 00:00 0 
fffe68200000-fffe6c000000 ---p 00000000 00:00 0 
fffe6c000000-fffe6c200000 rw-p 00000000 00:00 0 
fffe6c200000-fffe70000000 ---p 00000000 00:00 0 
fffe70000000-fffe70200000 rw-p 00000000 00:00 0 
fffe70200000-fffe74000000 ---p 00000000 00:00 0 
fffe74000000-fffe74200000 rw-p 00000000 00:00 0 
fffe74200000-fffe78000000 ---p 00000000 00:00 0 
fffe78040000-fffe78074000 r-xp 00000000 00:25 3859435                    /usr/lib64/libedit.so.0.0.78
fffe78074000-fffe7808c000 ---p 00034000 00:25 3859435                    /usr/lib64/libedit.so.0.0.78
fffe7808c000-fffe78090000 r--p 0003c000 00:25 3859435                    /usr/lib64/libedit.so.0.0.78
fffe78090000-fffe78094000 rw-p 00040000 00:25 3859435                    /usr/lib64/libedit.so.0.0.78
fffe780a0000-fffe780b8000 r-xp 00000000 00:25 3099018                    /usr/lib64/libffi.so.8.2.0
fffe780b8000-fffe780cc000 ---p 00018000 00:25 3099018                    /usr/lib64/libffi.so.8.2.0
fffe780cc000-fffe780d0000 r--p 0001c000 00:25 3099018                    /usr/lib64/libffi.so.8.2.0
fffe780d0000-fffe780d4000 rw-p 00020000 00:25 3099018                    /usr/lib64/libffi.so.8.2.0
fffe783b0000-fffe78474000 r-xp 00000000 00:25 3098619                    /usr/lib64/libzstd.so.1.5.7
fffe78474000-fffe7848c000 ---p 000c4000 00:25 3098619                    /usr/lib64/libzstd.so.1.5.7
fffe7848c000-fffe78490000 r--p 000cc000 00:25 3098619                    /usr/lib64/libzstd.so.1.5.7
fffe78490000-fffe78494000 rw-p 000d0000 00:25 3098619                    /usr/lib64/libzstd.so.1.5.7
fffe786a0000-fffe787b8000 r-xp 00000000 00:25 3105144                    /usr/lib64/libGLdispatch.so.0.0.0
fffe787b8000-fffe787c4000 ---p 00118000 00:25 3105144                    /usr/lib64/libGLdispatch.so.0.0.0
fffe787c4000-fffe787e0000 r--p 00124000 00:25 3105144                    /usr/lib64/libGLdispatch.so.0.0.0
fffe787e0000-fffe787e4000 rw-p 00140000 00:25 3105144                    /usr/lib64/libGLdispatch.so.0.0.0
fffe787e4000-fffe787ec000 rw-p 00000000 00:00 0 
fffe788a0000-fffe788a8000 r-xp 00000000 00:25 3101940                    /usr/lib64/libXfixes.so.3.1.0
fffe788a8000-fffe788bc000 ---p 00008000 00:25 3101940                    /usr/lib64/libXfixes.so.3.1.0
fffe788bc000-fffe788c0000 r--p 0000c000 00:25 3101940                    /usr/lib64/libXfixes.so.3.1.0
fffe788c0000-fffe788c4000 rw-p 00010000 00:25 3101940                    /usr/lib64/libXfixes.so.3.1.0
fffe788d0000-fffe788dc000 r-xp 00000000 00:25 3101960                    /usr/lib64/libXcursor.so.1.0.2
fffe788dc000-fffe788ec000 ---p 0000c000 00:25 3101960                    /usr/lib64/libXcursor.so.1.0.2
fffe788ec000-fffe788f0000 r--p 0000c000 00:25 3101960                    /usr/lib64/libXcursor.so.1.0.2
fffe788f0000-fffe788f4000 rw-p 00000000 00:00 0 
fffe78900000-fffe7890c000 r-xp 00000000 00:25 3101950                    /usr/lib64/libXrender.so.1.3.0
fffe7890c000-fffe7891c000 ---p 0000c000 00:25 3101950                    /usr/lib64/libXrender.so.1.3.0
fffe7891c000-fffe78920000 r--p 0000c000 00:25 3101950                    /usr/lib64/libXrender.so.1.3.0
fffe78920000-fffe78924000 rw-p 00010000 00:25 3101950                    /usr/lib64/libXrender.so.1.3.0
fffe78990000-fffe789a4000 r-xp 00000000 00:25 3101935                    /usr/lib64/libXext.so.6.4.0
fffe789a4000-fffe789bc000 ---p 00014000 00:25 3101935                    /usr/lib64/libXext.so.6.4.0
fffe789bc000-fffe789c0000 r--p 0001c000 00:25 3101935                    /usr/lib64/libXext.so.6.4.0
fffe789c0000-fffe789c4000 rw-p 00020000 00:25 3101935                    /usr/lib64/libXext.so.6.4.0
fffe78a00000-fffe78e00000 rw-p 00000000 00:00 0 
fffe78e20000-fffe78e4c000 r-xp 00000000 00:25 3101927                    /usr/lib64/libxcb.so.1.1.0
fffe78e4c000-fffe78e5c000 ---p 0002c000 00:25 3101927                    /usr/lib64/libxcb.so.1.1.0
fffe78e5c000-fffe78e60000 r--p 0002c000 00:25 3101927                    /usr/lib64/libxcb.so.1.1.0
fffe78e60000-fffe78e64000 rw-p 00030000 00:25 3101927                    /usr/lib64/libxcb.so.1.1.0
fffe78e70000-fffe78fb8000 r-xp 00000000 00:25 3101932                    /usr/lib64/libX11.so.6.4.0
fffe78fb8000-fffe78fcc000 ---p 00148000 00:25 3101932                    /usr/lib64/libX11.so.6.4.0
fffe78fcc000-fffe78fd0000 r--p 0014c000 00:25 3101932                    /usr/lib64/libX11.so.6.4.0
fffe78fd0000-fffe78fd4000 rw-p 00150000 00:25 3101932                    /usr/lib64/libX11.so.6.4.0
fffe78fe0000-fffe79054000 r-xp 00000000 00:35 329                        /tmp/lwjgl_anguscrump/3.4.1-snapshot/arm64/libjemalloc.so
fffe79054000-fffe79060000 ---p 00074000 00:35 329                        /tmp/lwjgl_anguscrump/3.4.1-snapshot/arm64/libjemalloc.so
fffe79060000-fffe79064000 r--p 00070000 00:35 329                        /tmp/lwjgl_anguscrump/3.4.1-snapshot/arm64/libjemalloc.so
fffe79064000-fffe79068000 rw-p 00074000 00:35 329                        /tmp/lwjgl_anguscrump/3.4.1-snapshot/arm64/libjemalloc.so
fffe79068000-fffe790f4000 rw-p 00000000 00:00 0 
fffe79100000-fffe79174000 r-xp 00000000 00:35 328                        /tmp/lwjgl_anguscrump/3.4.1-snapshot/arm64/libglfw.so
fffe79174000-fffe79184000 ---p 00074000 00:35 328                        /tmp/lwjgl_anguscrump/3.4.1-snapshot/arm64/libglfw.so
fffe79184000-fffe7918c000 rw-p 00074000 00:35 328                        /tmp/lwjgl_anguscrump/3.4.1-snapshot/arm64/libglfw.so
fffe7918c000-fffe791b0000 rw-p 00000000 00:00 0 
fffe791c0000-fffe79a00000 rw-p 00000000 00:00 0 
fffe79a00000-fffe79a0c000 ---p 00000000 00:00 0 
fffe79a0c000-fffe79c00000 rw-p 00000000 00:00 0 
fffe7a000000-fffe87e94000 r--p 00000000 00:25 3810908                    /usr/lib/locale/locale-archive
fffe87eb0000-fffe87eb4000 r-xp 00000000 00:25 3101844                    /usr/lib64/libXau.so.6.0.0
fffe87eb4000-fffe87ecc000 ---p 00004000 00:25 3101844                    /usr/lib64/libXau.so.6.0.0
fffe87ecc000-fffe87ed0000 r--p 0000c000 00:25 3101844                    /usr/lib64/libXau.so.6.0.0
fffe87ed0000-fffe87ed4000 rw-p 00000000 00:00 0 
fffe87ee0000-fffe87f64000 r-xp 00000000 00:35 327                        /tmp/lwjgl_anguscrump/3.4.1-snapshot/arm64/liblwjgl.so
fffe87f64000-fffe87f70000 ---p 00084000 00:35 327                        /tmp/lwjgl_anguscrump/3.4.1-snapshot/arm64/liblwjgl.so
fffe87f70000-fffe87f74000 r--p 00080000 00:35 327                        /tmp/lwjgl_anguscrump/3.4.1-snapshot/arm64/liblwjgl.so
fffe87f74000-fffe87f78000 rw-p 00084000 00:35 327                        /tmp/lwjgl_anguscrump/3.4.1-snapshot/arm64/liblwjgl.so
fffe87f80000-fffe87f84000 r-xp 00000000 00:25 8789711                    /home/anguscrump/.jdks/jbr-25.0.3/lib/libextnet.so
fffe87f84000-fffe87f9c000 ---p 00004000 00:25 8789711                    /home/anguscrump/.jdks/jbr-25.0.3/lib/libextnet.so
fffe87f9c000-fffe87fa0000 r--p 0000c000 00:25 8789711                    /home/anguscrump/.jdks/jbr-25.0.3/lib/libextnet.so
fffe87fa0000-fffe87fa4000 rw-p 00000000 00:00 0 
fffe87fb0000-fffe87fe0000 r-xp 00000000 00:25 3098606                    /usr/lib64/libnss_resolve.so.2
fffe87fe0000-fffe87fec000 ---p 00030000 00:25 3098606                    /usr/lib64/libnss_resolve.so.2
fffe87fec000-fffe87ff0000 r--p 0003c000 00:25 3098606                    /usr/lib64/libnss_resolve.so.2
fffe87ff0000-fffe87ff4000 rw-p 00040000 00:25 3098606                    /usr/lib64/libnss_resolve.so.2
fffe88000000-fffe88400000 rw-p 00000000 00:00 0 
fffe88400000-fffe88b80000 rw-p 00000000 00:00 0 
fffe88b80000-fffe88c00000 rw-p 00000000 00:00 0 
fffe88c00000-fffe89580000 rw-p 00000000 00:00 0 
fffe89580000-fffe89600000 rw-p 00000000 00:00 0 
fffe89600000-fffe89ce0000 rw-p 00000000 00:00 0 
fffe89ce0000-fffe8a7e0000 rw-p 00000000 00:00 0 
fffe8a7e0000-fffe8bd80000 rw-p 00000000 00:00 0 
fffe8bd80000-fffe8be00000 rw-p 00000000 00:00 0 
fffe8be00000-fffe8c000000 rw-p 00000000 00:00 0 
fffe8c000000-fffe8c200000 rw-p 00000000 00:00 0 
fffe8c200000-fffe90000000 ---p 00000000 00:00 0 
fffe90000000-fffe90200000 rw-p 00000000 00:00 0 
fffe90200000-fffe94000000 ---p 00000000 00:00 0 
fffe94000000-fffe94200000 rw-p 00000000 00:00 0 
fffe94200000-fffe98000000 ---p 00000000 00:00 0 
fffe98000000-fffe98200000 rw-p 00000000 00:00 0 
fffe98200000-fffe98600000 rw-p 00000000 00:00 0 
fffe98600000-fffe9c000000 ---p 00000000 00:00 0 
fffe9c000000-fffe9c200000 rw-p 00000000 00:00 0 
fffe9c200000-fffea0000000 ---p 00000000 00:00 0 
fffea0000000-fffea0200000 rw-p 00000000 00:00 0 
fffea0200000-fffea4000000 ---p 00000000 00:00 0 
fffea4030000-fffea4034000 r-xp 00000000 00:25 3115273                    /usr/lib64/libnss_mdns4_minimal.so.2
fffea4034000-fffea404c000 ---p 00004000 00:25 3115273                    /usr/lib64/libnss_mdns4_minimal.so.2
fffea404c000-fffea4050000 r--p 0000c000 00:25 3115273                    /usr/lib64/libnss_mdns4_minimal.so.2
fffea4050000-fffea4054000 rw-p 00000000 00:00 0 
fffea4060000-fffea40a4000 r-xp 00000000 00:25 3098611                    /usr/lib64/libudev.so.1.7.12
fffea40a4000-fffea40b8000 ---p 00044000 00:25 3098611                    /usr/lib64/libudev.so.1.7.12
fffea40b8000-fffea40c0000 r--p 00048000 00:25 3098611                    /usr/lib64/libudev.so.1.7.12
fffea40c0000-fffea40c4000 rw-p 00050000 00:25 3098611                    /usr/lib64/libudev.so.1.7.12
fffea4100000-fffea4124000 r-xp 00000000 00:25 8837971                    /home/anguscrump/.cache/JNA/temp/jna9467588986340255804.tmp (deleted)
fffea4124000-fffea4130000 ---p 00024000 00:25 8837971                    /home/anguscrump/.cache/JNA/temp/jna9467588986340255804.tmp (deleted)
fffea4130000-fffea4134000 r--p 00020000 00:25 8837971                    /home/anguscrump/.cache/JNA/temp/jna9467588986340255804.tmp (deleted)
fffea4134000-fffea4138000 rw-p 00024000 00:25 8837971                    /home/anguscrump/.cache/JNA/temp/jna9467588986340255804.tmp (deleted)
fffea4140000-fffea414c000 ---p 00000000 00:00 0 
fffea414c000-fffea4340000 rw-p 00000000 00:00 0 
fffea4340000-fffea434c000 ---p 00000000 00:00 0 
fffea434c000-fffea4540000 rw-p 00000000 00:00 0 
fffea4940000-fffea494c000 ---p 00000000 00:00 0 
fffea494c000-fffea4b40000 rw-p 00000000 00:00 0 
fffea4d40000-fffea4d50000 r-xp 00000000 00:25 8789741                    /home/anguscrump/.jdks/jbr-25.0.3/lib/libverify.so
fffea4d50000-fffea4d5c000 ---p 00010000 00:25 8789741                    /home/anguscrump/.jdks/jbr-25.0.3/lib/libverify.so
fffea4d5c000-fffea4d60000 r--p 0000c000 00:25 8789741                    /home/anguscrump/.jdks/jbr-25.0.3/lib/libverify.so
fffea4d60000-fffea4d64000 rw-p 00000000 00:00 0 
fffea4d70000-fffea57c0000 rw-p 00000000 00:00 0 
fffea57c0000-fffea57cc000 ---p 00000000 00:00 0 
fffea57cc000-fffea59c0000 rw-p 00000000 00:00 0 
fffea59c0000-fffea59cc000 ---p 00000000 00:00 0 
fffea59cc000-fffea5bc0000 rw-p 00000000 00:00 0 
fffea5bc0000-fffea5be0000 r-xp 00000000 00:25 3955245                    /usr/lib64/libgcc_s-16-20260515.so.1
fffea5be0000-fffea5bec000 ---p 00020000 00:25 3955245                    /usr/lib64/libgcc_s-16-20260515.so.1
fffea5bec000-fffea5bf0000 r--p 0001c000 00:25 3955245                    /usr/lib64/libgcc_s-16-20260515.so.1
fffea5bf0000-fffea5bf4000 rw-p 00000000 00:00 0 
fffea5c00000-fffea5c0c000 ---p 00000000 00:00 0 
fffea5c0c000-fffea5e00000 rw-p 00000000 00:00 0 
fffea5e00000-fffea5e0c000 ---p 00000000 00:00 0 
fffea5e0c000-fffea6000000 rw-p 00000000 00:00 0 
fffea6000000-fffea8000000 rw-p 00000000 00:00 0 
fffea8000000-fffea8200000 rw-p 00000000 00:00 0 
fffea8200000-fffeac000000 ---p 00000000 00:00 0 
fffeac000000-fffeac200000 rw-p 00000000 00:00 0 
fffeac200000-fffeb0000000 ---p 00000000 00:00 0 
fffeb0020000-fffeb004c000 r-xp 00000000 00:25 3098605                    /usr/lib64/libnss_myhostname.so.2
fffeb004c000-fffeb0058000 ---p 0002c000 00:25 3098605                    /usr/lib64/libnss_myhostname.so.2
fffeb0058000-fffeb0060000 r--p 00028000 00:25 3098605                    /usr/lib64/libnss_myhostname.so.2
fffeb0060000-fffeb0064000 rw-p 00030000 00:25 3098605                    /usr/lib64/libnss_myhostname.so.2
fffeb0070000-fffeb0078000 r-xp 00000000 00:25 8789729                    /home/anguscrump/.jdks/jbr-25.0.3/lib/libmanagement_ext.so
fffeb0078000-fffeb008c000 ---p 00008000 00:25 8789729                    /home/anguscrump/.jdks/jbr-25.0.3/lib/libmanagement_ext.so
fffeb008c000-fffeb0090000 r--p 0000c000 00:25 8789729                    /home/anguscrump/.jdks/jbr-25.0.3/lib/libmanagement_ext.so
fffeb0090000-fffeb0094000 rw-p 00000000 00:00 0 
fffeb00a0000-fffeb00ac000 ---p 00000000 00:00 0 
fffeb00ac000-fffeb02a0000 rw-p 00000000 00:00 0 
fffeb02a0000-fffeb02ac000 ---p 00000000 00:00 0 
fffeb02ac000-fffeb04a0000 rw-p 00000000 00:00 0 
fffeb04a0000-fffeb04ac000 ---p 00000000 00:00 0 
fffeb04ac000-fffeb06a0000 rw-p 00000000 00:00 0 
fffeb06a0000-fffeb06ac000 ---p 00000000 00:00 0 
fffeb06ac000-fffeb08a0000 rw-p 00000000 00:00 0 
fffeb08a0000-fffeb08ac000 ---p 00000000 00:00 0 
fffeb08ac000-fffeb0aa0000 rw-p 00000000 00:00 0 
fffeb0aa0000-fffeb0aac000 ---p 00000000 00:00 0 
fffeb0aac000-fffeb0ca0000 rw-p 00000000 00:00 0 
fffeb0ca0000-fffeb0cac000 ---p 00000000 00:00 0 
fffeb0cac000-fffeb0ea0000 rw-p 00000000 00:00 0 
fffeb0ea0000-fffeb0fbc000 rw-p 00000000 00:00 0 
fffeb0fbc000-fffeb0fc8000 ---p 00000000 00:00 0 
fffeb0fc8000-fffeb13dc000 rw-p 00000000 00:00 0 
fffeb13dc000-fffeb250c000 rw-p 00000000 00:00 0 
fffeb250c000-fffeb4f7c000 ---p 00000000 00:00 0 
fffeb4f7c000-fffeb4ffc000 rw-p 00000000 00:00 0 
fffeb4ffc000-fffeb6b6c000 rwxp 00000000 00:00 0 
fffeb6b6c000-fffebc534000 ---p 00000000 00:00 0 
fffebc534000-fffebc8b4000 rwxp 00000000 00:00 0 
fffebc8b4000-fffebcac8000 ---p 00000000 00:00 0 
fffebcac8000-fffebd948000 rwxp 00000000 00:00 0 
fffebd948000-fffec4000000 ---p 00000000 00:00 0 
fffec4000000-fffec7ff4000 r--s 00000000 00:25 8789745                    /home/anguscrump/.jdks/jbr-25.0.3/lib/modules
fffec8000000-fffec8200000 rw-p 00000000 00:00 0 
fffec8200000-fffecc000000 rw-p 00000000 00:00 0 
fffecc020000-fffecc024000 r-xp 00000000 00:25 8789728                    /home/anguscrump/.jdks/jbr-25.0.3/lib/libmanagement.so
fffecc024000-fffecc03c000 ---p 00004000 00:25 8789728                    /home/anguscrump/.jdks/jbr-25.0.3/lib/libmanagement.so
fffecc03c000-fffecc040000 r--p 0000c000 00:25 8789728                    /home/anguscrump/.jdks/jbr-25.0.3/lib/libmanagement.so
fffecc040000-fffecc044000 rw-p 00000000 00:00 0 
fffecc050000-fffecc058000 r-xp 00000000 00:25 8789743                    /home/anguscrump/.jdks/jbr-25.0.3/lib/libzip.so
fffecc058000-fffecc06c000 ---p 00008000 00:25 8789743                    /home/anguscrump/.jdks/jbr-25.0.3/lib/libzip.so
fffecc06c000-fffecc070000 r--p 0000c000 00:25 8789743                    /home/anguscrump/.jdks/jbr-25.0.3/lib/libzip.so
fffecc070000-fffecc074000 rw-p 00000000 00:00 0 
fffecc080000-fffecc08c000 r-xp 00000000 00:25 8789731                    /home/anguscrump/.jdks/jbr-25.0.3/lib/libnet.so
fffecc08c000-fffecc09c000 ---p 0000c000 00:25 8789731                    /home/anguscrump/.jdks/jbr-25.0.3/lib/libnet.so
fffecc09c000-fffecc0a0000 r--p 0000c000 00:25 8789731                    /home/anguscrump/.jdks/jbr-25.0.3/lib/libnet.so
fffecc0a0000-fffecc0a4000 rw-p 00000000 00:00 0 
fffecc0b0000-fffecc0c4000 r-xp 00000000 00:25 8789733                    /home/anguscrump/.jdks/jbr-25.0.3/lib/libnio.so
fffecc0c4000-fffecc0dc000 ---p 00014000 00:25 8789733                    /home/anguscrump/.jdks/jbr-25.0.3/lib/libnio.so
fffecc0dc000-fffecc0e0000 r--p 0001c000 00:25 8789733                    /home/anguscrump/.jdks/jbr-25.0.3/lib/libnio.so
fffecc0e0000-fffecc0e4000 rw-p 00020000 00:25 8789733                    /home/anguscrump/.jdks/jbr-25.0.3/lib/libnio.so
fffecc0f4000-fffecc1d4000 rw-p 00000000 00:00 0 
fffecc1d4000-fffecc3e4000 rw-p 00000000 00:00 0 
fffecc3e8000-fffecc3ec000 rw-p 00000000 00:00 0 
fffecc3ec000-fffecc3f0000 r-xp 00000000 00:35 648                        /tmp/#648 (deleted)
fffecc3f0000-fffecc3f4000 rw-p 00000000 00:00 0 
fffecc454000-fffecc874000 rw-p 00000000 00:00 0 
fffecc874000-fffecd198000 rw-p 00000000 00:00 0 
fffecd198000-fffecd7c8000 rw-p 00000000 00:00 0 
fffecd7c8000-fffecda70000 rw-p 00000000 00:00 0 
fffecda70000-fffecdfbc000 ---p 00000000 00:00 0 
fffecdfbc000-fffece1f4000 rw-p 00000000 00:00 0 
fffece1f4000-fffece740000 ---p 00000000 00:00 0 
fffece740000-fffecefac000 rw-p 00000000 00:00 0 
fffecefac000-fffecf148000 ---p 00000000 00:00 0 
fffecf148000-fffecf1b8000 rw-p 00000000 00:00 0 
fffecf1b8000-fffecf320000 ---p 00000000 00:00 0 
fffecf320000-fffecf344000 r-xp 00000000 00:25 8789719                    /home/anguscrump/.jdks/jbr-25.0.3/lib/libjava.so
fffecf344000-fffecf35c000 ---p 00024000 00:25 8789719                    /home/anguscrump/.jdks/jbr-25.0.3/lib/libjava.so
fffecf35c000-fffecf360000 r--p 0002c000 00:25 8789719                    /home/anguscrump/.jdks/jbr-25.0.3/lib/libjava.so
fffecf360000-fffecf364000 rw-p 00030000 00:25 8789719                    /home/anguscrump/.jdks/jbr-25.0.3/lib/libjava.so
fffecf370000-fffecf38c000 r-xp 00000000 00:25 8789723                    /home/anguscrump/.jdks/jbr-25.0.3/lib/libjimage.so
fffecf38c000-fffecf39c000 ---p 0001c000 00:25 8789723                    /home/anguscrump/.jdks/jbr-25.0.3/lib/libjimage.so
fffecf39c000-fffecf3a0000 r--p 0001c000 00:25 8789723                    /home/anguscrump/.jdks/jbr-25.0.3/lib/libjimage.so
fffecf3a0000-fffecf3a4000 rw-p 00020000 00:25 8789723                    /home/anguscrump/.jdks/jbr-25.0.3/lib/libjimage.so
fffecf3b0000-fffecf3bc000 ---p 00000000 00:00 0 
fffecf3bc000-fffecf5b0000 rw-p 00000000 00:00 0 
fffecf5b0000-fffecf660000 r-xp 00000000 00:25 3800671                    /usr/lib64/libm.so.6
fffecf660000-fffecf66c000 ---p 000b0000 00:25 3800671                    /usr/lib64/libm.so.6
fffecf66c000-fffecf670000 r--p 000ac000 00:25 3800671                    /usr/lib64/libm.so.6
fffecf670000-fffecf674000 rw-p 000b0000 00:25 3800671                    /usr/lib64/libm.so.6
fffecf680000-fffecf684000 r-xp 00000000 00:25 3800679                    /usr/lib64/librt.so.1
fffecf684000-fffecf69c000 ---p 00004000 00:25 3800679                    /usr/lib64/librt.so.1
fffecf69c000-fffecf6a0000 r--p 0000c000 00:25 3800679                    /usr/lib64/librt.so.1
fffecf6a0000-fffecf6a4000 rw-p 00000000 00:00 0 
fffecf6b0000-fffed0a30000 r-xp 00000000 00:25 8789753                    /home/anguscrump/.jdks/jbr-25.0.3/lib/server/libjvm.so
fffed0a30000-fffed0a40000 ---p 01380000 00:25 8789753                    /home/anguscrump/.jdks/jbr-25.0.3/lib/server/libjvm.so
fffed0a40000-fffed0b20000 r--p 01380000 00:25 8789753                    /home/anguscrump/.jdks/jbr-25.0.3/lib/server/libjvm.so
fffed0b20000-fffed0b50000 rw-p 01460000 00:25 8789753                    /home/anguscrump/.jdks/jbr-25.0.3/lib/server/libjvm.so
fffed0b50000-fffed0bf8000 rw-p 00000000 00:00 0 
fffed0c00000-fffed0c04000 r-xp 00000000 00:25 3800677                    /usr/lib64/libpthread.so.0
fffed0c04000-fffed0c1c000 ---p 00004000 00:25 3800677                    /usr/lib64/libpthread.so.0
fffed0c1c000-fffed0c20000 r--p 0000c000 00:25 3800677                    /usr/lib64/libpthread.so.0
fffed0c20000-fffed0c24000 rw-p 00000000 00:00 0 
fffed0c30000-fffed0c34000 r-xp 00000000 00:25 3800670                    /usr/lib64/libdl.so.2
fffed0c34000-fffed0c4c000 ---p 00004000 00:25 3800670                    /usr/lib64/libdl.so.2
fffed0c4c000-fffed0c50000 r--p 0000c000 00:25 3800670                    /usr/lib64/libdl.so.2
fffed0c50000-fffed0c54000 rw-p 00000000 00:00 0 
fffed0c60000-fffed0c80000 r-xp 00000000 00:25 3098599                    /usr/lib64/libz.so.1.3.1.zlib-ng
fffed0c80000-fffed0c8c000 ---p 00020000 00:25 3098599                    /usr/lib64/libz.so.1.3.1.zlib-ng
fffed0c8c000-fffed0c90000 r--p 0001c000 00:25 3098599                    /usr/lib64/libz.so.1.3.1.zlib-ng
fffed0c90000-fffed0c94000 rw-p 00020000 00:25 3098599                    /usr/lib64/libz.so.1.3.1.zlib-ng
fffed0ca0000-fffed0e48000 r-xp 00000000 00:25 3800669                    /usr/lib64/libc.so.6
fffed0e48000-fffed0e5c000 ---p 001a8000 00:25 3800669                    /usr/lib64/libc.so.6
fffed0e5c000-fffed0e60000 r--p 001ac000 00:25 3800669                    /usr/lib64/libc.so.6
fffed0e60000-fffed0e64000 rw-p 001b0000 00:25 3800669                    /usr/lib64/libc.so.6
fffed0e64000-fffed0e6c000 rw-p 00000000 00:00 0 
fffed0e78000-fffed0e7c000 r--p 00000000 00:00 0 
fffed0e7c000-fffed0e84000 r--s 00000000 00:25 3811701                    /usr/lib64/gconv/gconv-modules.cache
fffed0e84000-fffed0e98000 rw-p 00000000 00:00 0 
fffed0e98000-fffed0ea0000 ---p 00000000 00:00 0 
fffed0ea0000-fffed0eb0000 r-xp 00000000 00:25 8789724                    /home/anguscrump/.jdks/jbr-25.0.3/lib/libjli.so
fffed0eb0000-fffed0ebc000 ---p 00010000 00:25 8789724                    /home/anguscrump/.jdks/jbr-25.0.3/lib/libjli.so
fffed0ebc000-fffed0ec0000 r--p 0000c000 00:25 8789724                    /home/anguscrump/.jdks/jbr-25.0.3/lib/libjli.so
fffed0ec0000-fffed0ec4000 rw-p 00010000 00:25 8789724                    /home/anguscrump/.jdks/jbr-25.0.3/lib/libjli.so
fffed0ec4000-fffed0ecc000 rw-s 00000000 00:35 646                        /tmp/hsperfdata_anguscrump/38397 (deleted)
fffed0ecc000-fffed0ed0000 ---p 00000000 00:00 0 
fffed0ed0000-fffed0ed4000 r--p 00000000 00:00 0 
fffed0ed4000-fffed0ee4000 r--p 00000000 00:00 0                          [vvar]
fffed0ee4000-fffed0ee8000 r-xp 00000000 00:00 0                          [vdso]
fffed0ee8000-fffed0f14000 r-xp 00000000 00:25 3800657                    /usr/lib/ld-linux-aarch64.so.1
fffed0f14000-fffed0f18000 rw-p 00000000 00:00 0 
fffed0f18000-fffed0f1c000 ---p 00000000 00:00 0 
fffed0f1c000-fffed0f24000 rw-p 00000000 00:00 0 
fffed0f24000-fffed0f28000 r--p 0002c000 00:25 3800657                    /usr/lib/ld-linux-aarch64.so.1
fffed0f28000-fffed0f2c000 rw-p 00030000 00:25 3800657                    /usr/lib/ld-linux-aarch64.so.1
ffffd39a0000-ffffd39c4000 rw-p 00000000 00:00 0                          [stack]
Total number of mappings: 621

JVMTI agents: none


VM Arguments:
jvm_args: -Dfabric.dli.config=/home/anguscrump/Documents/Coding/ribbon-world/.gradle/loom-cache/launch.cfg -Dfabric.dli.env=client -Dfabric.dli.main=net.fabricmc.loader.impl.launch.knot.KnotClient --sun-misc-unsafe-memory-access=allow --enable-native-access=ALL-UNNAMED --sun-misc-unsafe-memory-access=allow --enable-native-access=ALL-UNNAMED -Dfile.encoding=UTF-8 -Duser.country=AU -Duser.language=en -Duser.variant -Dawt.toolkit.name=XToolkit 
java_command: net.fabricmc.devlaunchinjector.Main
java_class_path (initial): /home/anguscrump/Documents/Coding/ribbon-world/build/classes/java/client:/home/anguscrump/Documents/Coding/ribbon-world/build/resources/client:/home/anguscrump/.gradle/caches/modules-2/files-2.1/net.fabricmc/fabric-loader/0.19.2/cc647a5b22dbc49b9a3267cebcee25fc4882b108/fabric-loader-0.19.2.jar:/home/anguscrump/.gradle/caches/modules-2/files-2.1/net.fabricmc.fabric-api/fabric-api/0.149.0+26.1.2/1d3aa9049af831d4d7ed7fbf1b5f0fbb37d7fab4/fabric-api-0.149.0+26.1.2.jar:/home/anguscrump/.gradle/caches/modules-2/files-2.1/org.ow2.asm/asm/9.9/c29635c8a7afa03d74b33c1884df8abb2b3f3dcc/asm-9.9.jar:/home/anguscrump/.gradle/caches/modules-2/files-2.1/org.ow2.asm/asm-analysis/9.9/bf4fa6e66638851c1cd22c2caea0c3ee5d5f437/asm-analysis-9.9.jar:/home/anguscrump/.gradle/caches/modules-2/files-2.1/org.ow2.asm/asm-commons/9.9/db9165a3bf908ded6b08612d583a15d1d0c7bda0/asm-commons-9.9.jar:/home/anguscrump/.gradle/caches/modules-2/files-2.1/org.ow2.asm/asm-tree/9.9/f8de6eead6d24dd0f45bd065bbe112b2cda6ea21/asm-tree-9.9.jar:/home/anguscrump/.gradle/caches/modules-2/files-2.1/org.ow2.asm/asm-util/9.9/42fdfc0508b43807c8078d6e82ecff2ce2112ae8/asm-util-9.9.jar:/home/anguscrump/.gradle/caches/modules-2/files-2.1/net.fabricmc/sponge-mixin/0.17.2+mixin.0.8.7/edf98d1d98229e46e36c61774ae2b54dcd852981/sponge-mixin-0.17.2+mixin.0.8.7.jar:/home/anguscrump/.gradle/caches/modules-2/files-2.1/io.github.llamalad7/mixinextras-fabric/0.5.4/5e167154bcb9942111313a5e186e16cd7265f858/mixinextras-fabric-0.5.4.jar:/home/anguscrump/.gradle/caches/modules-2/files-2.1/net.fabricmc/dev-launch-injector/0.2.1+build.8/da8bef7e6e2f952da707f282bdb46882a0fce5e3/dev-launch-injector-0.2.1+build.8.jar:/home/anguscrump/.gradle/caches/modules-2/files-2.1/net.fabricmc/fabric-log4j-util/1.0.2/ef0b3fb613356feb75a67d54f2fad6f03a006648/fabric-log4j-util-1.0.2.jar:/home/anguscrump/.gradle/caches/modules-2/files-2.1/at.yawk.lz4/lz4-java/1.10.1/f541d7f910fe3d76f38f799c507c48cc81b12ecb/lz4-java-1.10.1.jar:/home/anguscrump/.gradle/caches/modules-2/files-2.1/com.azure/azure-json/1.4.0/fcc1d354dbc3e0300e5276b1bf124d0247799cd8/azure-json-1.4.0.jar:/home/anguscrump/.gradle/caches/modules-2/files-2.1/com.github.oshi/oshi-core/6.9.0/3224870731860cfcd7744581a05b559e94291e7/oshi-core-6.9.0.jar:/home/anguscrump/.gradle/caches/modules-2/files-2.1/com.google.code.gson/gson/2.13.2/48b8230771e573b54ce6e867a9001e75977fe78e/gson-2.13.2.jar:/home/anguscrump/.gradle/caches/modules-2/files-2.1/com.google.guava/failureaccess/1.0.3/aeaffd00d57023a2c947393ed251f0354f0985fc/failureaccess-1.0.3.jar:/home/anguscrump/.gradle/caches/modules-2/files-2.1/com.google.guava/guava/33.5.0-jre/8699de25f2f979108d6c1b804a7ba38cda1116bc/guava-33.5.0-jre.jar:/home/anguscrump/.gradle/caches/modules-2/files-2.1/com.ibm.icu/icu4j/77.1/38693cf0b1d7362a8b726af74dc06026a7c23809/icu4j-77.1.jar:/home/anguscrump/.gradle/caches/modules-2/files-2.1/com.microsoft.azure/msal4j/1.23.1/6c722b514873b24a4e1ce9c22dca36ea3c22bdbe/msal4j-1.23.1.jar:/home/anguscrump/.gradle/caches/modules-2/files-2.1/com.mojang/authlib/7.0.63/54895b4e25e8b9b4cbbbe25f24eccf2b71b1ac2b/authlib-7.0.63.jar:/home/anguscrump/.gradle/caches/modules-2/files-2.1/com.mojang/blocklist/1.0.10/5c685c5ffa94c4cd39496c7184c1d122e515ecef/blocklist-1.0.10.jar:/home/anguscrump/.gradle/caches/modules-2/files-2.1/com.mojang/brigadier/1.3.10/d15b53a14cf20fdcaa98f731af5dda654452c010/brigadier-1.3.10.jar:/home/anguscrump/.gradle/caches/modules-2/files-2.1/com.mojang/datafixerupper/9.0.19/4e91f9712fa1e83231d1501625381b0210a977da/datafixerupper-9.0.19.jar:/home/anguscrump/.gradle/caches/modules-2/files-2.1/com.mojang/jtracy/1.0.37/a3fb649b2e2b2288d2978f0b0bc3d83f62809d1e/jtracy-1.0.37.jar:/home/anguscrump/.gradle/caches/modules-2/files-2.1/com.mojang/jtracy/1.0.37/e1b4395227af41195da9e2ead13c48ee0b7d31cd/jtracy-1.0.37-natives-linux.jar:/home/anguscrump/.gradle/caches/modules-2/files-2.1/com.mojang/logging/1.6.11/fd147240733010c158249d986323f9ef98977fe/logging-1.6.11.jar:/home/anguscrump/.gradle/caches/modules-2/files-2.1/com.mojang/patchy/2.2.10/da05971b07cbb379d002cf7eaec6a2048211fefc/patchy-2.2.10.jar:/home/anguscrump/.gradle/caches/modules-2/files-2.1/com.mojang/text2speech/1.18.11/e853a12cdd6ba4f4836e8f4bf3b37844a13482b6/text2speech-1.18.11.jar:/home/anguscrump/.gradle/caches/modules-2/files-2.1/commons-codec/commons-codec/1.19.0/8c0dbe3ae883fceda9b50a6c76e745e548073388/commons-codec-1.19.0.jar:/home/anguscrump/.gradle/caches/modules-2/files-2.1/commons-io/commons-io/2.20.0/36f3474daec2849c149e877614e7f979b2082cd2/commons-io-2.20.0.jar:/home/anguscrump/.gradle/caches/modules-2/files-2.1/io.netty/netty-buffer/4.2.7.Final/5555ff561643bf2f8430fb57c24403c0efe15994/netty-buffer-4.2.7.Final.jar:/home/anguscrump/.gradle/caches/modules-2/files-2.1/io.netty/netty-codec-base/4.2.7.Final/915e381ebabcf115f1c7ff7032d55c48afb50210/netty-codec-base-4.2.7.Final.jar:/home/anguscrump/.gradle/caches/modules-2/files-2.1/io.netty/netty-codec-compression/4.2.7.Final/572341bc1ca90fd9d6e47f1d2694aab5258566e9/netty-codec-compression-4.2.7.Final.jar:/home/anguscrump/.gradle/caches/modules-2/files-2.1/io.netty/netty-codec-http/4.2.7.Final/b734c108854099c421fd94d92d9f865e4d4da853/netty-codec-http-4.2.7.Final.jar:/home/anguscrump/.gradle/caches/modules-2/files-2.1/io.netty/netty-common/4.2.7.Final/11aa30df26af4fca3239ac1917f303a280f301e1/netty-common-4.2.7.Final.jar:/home/anguscrump/.gradle/caches/modules-2/files-2.1/io.netty/netty-handler/4.2.7.Final/7ad8a1f851e2e6fe93cdd091871fda2b81c03b5b/netty-handler-4.2.7.Final.jar:/home/anguscrump/.gradle/caches/modules-2/files-2.1/io.netty/netty-resolver/4.2.7.Final/5f3e5ef8de03992cd4fb46960dc0085ec1a12a12/netty-resolver-4.2.7.Final.jar:/home/anguscrump/.gradle/caches/modules-2/files-2.1/io.netty/netty-transport-classes-epoll/4.2.7.Final/1075c09f48a78eef9d819fbfd9096b903fdd362a/netty-transport-classes-epoll-4.2.7.Final.jar:/home/anguscrump/.gradle/caches/modules-2/files-2.1/io.netty/netty-transport-classes-kqueue/4.2.7.Final/bdec7c23c75caabd848426d073c09568e8d5f94e/netty-transport-classes-kqueue-4.2.7.Final.jar:/home/anguscrump/.gradle/caches/modules-2/files-2.1/io.netty/netty-transport-native-epoll/4.2.7.Final/98d02251c98c8f07a23ac5ea27657d9e0ef57614/netty-transport-native-epoll-4.2.7.Final-linux-aarch_64.jar:/home/anguscrump/.gradle/caches/modules-2/files-2.1/io.netty/netty-transport-native-epoll/4.2.7.Final/e83998bfc10b5289d9bcbe807c4079ef0eed8e6f/netty-transport-native-epoll-4.2.7.Final-linux-x86_64.jar:/home/anguscrump/.gradle/caches/modules-2/files-2.1/io.netty/netty-transport-native-unix-common/4.2.7.Final/89953f04259ea7502cffb313630dd51e00e60669/netty-transport-native-unix-common-4.2.7.Final.jar:/home/anguscrump/.gradle/caches/modules-2/files-2.1/io.netty/netty-transport/4.2.7.Final/83ea548981d0d8c4a98027cc1a6f9624f902e142/netty-transport-4.2.7.Final.jar:/home/anguscrump/.gradle/caches/modules-2/files-2.1/it.unimi.dsi/fastutil/8.5.18/a6cff377eecc19c2037bf31568a6d7106b50ba1f/fastutil-8.5.18.jar:/home/anguscrump/.gradle/caches/modules-2/files-2.1/net.java.dev.jna/jna-platform/5.17.0/a4934c44d25a9d8c2ddf4203affd20330cb3426f/jna-platform-5.17.0.jar:/home/anguscrump/.gradle/caches/modules-2/files-2.1/net.java.dev.jna/jna/5.17.0/33d12735bef894440780fce64f9758d420c7bae2/jna-5.17.0.jar:/home/anguscrump/.gradle/caches/modules-2/files-2.1/net.sf.jopt-simple/jopt-simple/5.0.4/4fdac2fbe92dfad86aa6e9301736f6b4342a3f5c/jopt-simple-5.0.4.jar:/home/anguscrump/.gradle/caches/modules-2/files-2.1/org.apache.commons/commons-compress/1.28.0/e482f2c7a88dac3c497e96aa420b6a769f59c8d7/commons-compress-1.28.0.jar:/home/anguscrump/.gradle/caches/modules-2/files-2.1/org.apache.commons/commons-lang3/3.19.0/d6524b169a6574cd253760c472d419b47bfd37e6/commons-lang3-3.19.0.jar:/home/anguscrump/.gradle/caches/modules-2/files-2.1/org.apache.logging.log4j/log4j-api/2.25.2/292c1a2b1702f1e1e3adb13e1c57e5bff60335ff/log4j-api-2.25.2.jar:/home/anguscrump/.gradle/caches/modules-2/files-2.1/org.apache.logging.log4j/log4j-core/2.25.2/d4d0ad2e51e03e531f784891fbfff1bae1e13a12/log4j-core-2.25.2.jar:/home/anguscrump/.gradle/caches/modules-2/files-2.1/org.apache.logging.log4j/log4j-slf4j2-impl/2.25.2/5eec0c392661dee8a366baec17e8896900dd978f/log4j-slf4j2-impl-2.25.2.jar:/home/anguscrump/.gradle/caches/modules-2/files-2.1/org.jcraft/jorbis/0.0.17/8872d22b293e8f5d7d56ff92be966e6dc28ebdc6/jorbis-0.0.17.jar:/home/anguscrump/.gradle/caches/modules-2/files-2.1/org.joml/joml/1.10.8/fc0a71dad90a2cf41d82a76156a0e700af8e4f8d/joml-1.10.8.jar:/home/anguscrump/.gradle/caches/modules-2/files-2.1/org.jspecify/jspecify/1.0.0/7425a601c1c7ec76645a78d22b8c6a627edee507/jspecify-1.0.0.jar:/home/anguscrump/.gradle/caches/modules-2/files-2.1/org.lwjgl/lwjgl-freetype/3.4.1/caa75a37e857efc9b0686e434d708d6420c5b6ea/lwjgl-freetype-3.4.1.jar:/home/anguscrump/.gradle/caches/modules-2/files-2.1/org.lwjgl/lwjgl-freetype/3.4.1/8f37d0da3386ff602ec54cd06626881895711041/lwjgl-freetype-3.4.1-natives-linux-arm64.jar:/home/anguscrump/.gradle/caches/modules-2/files-2.1/org.lwjgl/lwjgl-freetype/3.4.1/40a29a29b1549c4cad073ccd682e3776ffb454fa/lwjgl-freetype-3.4.1-natives-linux.jar:/home/anguscrump/.gradle/caches/modules-2/files-2.1/org.lwjgl/lwjgl-glfw/3.4.1/a782b1ddd175c9107bf300fd92920579ea65e2a4/lwjgl-glfw-3.4.1.jar:/home/anguscrump/.gradle/caches/modules-2/files-2.1/org.lwjgl/lwjgl-glfw/3.4.1/e5e87034c47118960746077dba46280e8de864b3/lwjgl-glfw-3.4.1-natives-linux-arm64.jar:/home/anguscrump/.gradle/caches/modules-2/files-2.1/org.lwjgl/lwjgl-glfw/3.4.1/23cdf7655ce9f3b27ad90f08e73345e0d5b46362/lwjgl-glfw-3.4.1-natives-linux.jar:/home/anguscrump/.gradle/caches/modules-2/files-2.1/org.lwjgl/lwjgl-jemalloc/3.4.1/16b663092854fc6adfe0a941e61cae2bb2e437b6/lwjgl-jemalloc-3.4.1.jar:/home/anguscrump/.gradle/caches/modules-2/files-2.1/org.lwjgl/lwjgl-jemalloc/3.4.1/7891964dfb723209c6d02b0401432348fb707cc0/lwjgl-jemalloc-3.4.1-natives-linux-arm64.jar:/home/anguscrump/.gradle/caches/modules-2/files-2.1/org.lwjgl/lwjgl-jemalloc/3.4.1/b83c82d941f2e624d150d6d1e2efcf4ea49ff8ea/lwjgl-jemalloc-3.4.1-natives-linux.jar:/home/anguscrump/.gradle/caches/modules-2/files-2.1/org.lwjgl/lwjgl-openal/3.4.1/8508bd60589de0539aa465b78fcf838efd07ae9a/lwjgl-openal-3.4.1.jar:/home/anguscrump/.gradle/caches/modules-2/files-2.1/org.lwjgl/lwjgl-openal/3.4.1/3729b70cdd42df5571b075e051fa2fc8586dc538/lwjgl-openal-3.4.1-natives-linux-arm64.jar:/home/anguscrump/.gradle/caches/modules-2/files-2.1/org.lwjgl/lwjgl-openal/3.4.1/dbff577119266cd4312e4eb9cc2b171407c56360/lwjgl-openal-3.4.1-natives-linux.jar:/home/anguscrump/.gradle/caches/modules-2/files-2.1/org.lwjgl/lwjgl-opengl/3.4.1/830412cab823c029cda6b9729f9d2ed36cf79959/lwjgl-opengl-3.4.1.jar:/home/anguscrump/.gradle/caches/modules-2/files-2.1/org.lwjgl/lwjgl-opengl/3.4.1/61a4103e56bbaeb74ad3f19ec14299fd6891c4b0/lwjgl-opengl-3.4.1-natives-linux-arm64.jar:/home/anguscrump/.gradle/caches/modules-2/files-2.1/org.lwjgl/lwjgl-opengl/3.4.1/b750599f0e75ddb19f1d0fe993f3011334b710ae/lwjgl-opengl-3.4.1-natives-linux.jar:/home/anguscrump/.gradle/caches/modules-2/files-2.1/org.lwjgl/lwjgl-stb/3.4.1/f077c3dafc31924fbe8acb0b913f08977ba27f8e/lwjgl-stb-3.4.1.jar:/home/anguscrump/.gradle/caches/modules-2/files-2.1/org.lwjgl/lwjgl-stb/3.4.1/3bc107f901f931fea07cb0d80b1d74a34b806a2b/lwjgl-stb-3.4.1-natives-linux-arm64.jar:/home/anguscrump/.gradle/caches/modules-2/files-2.1/org.lwjgl/lwjgl-stb/3.4.1/7e1cfae909da6c68f3cb6073a9bfeb6c90e82a57/lwjgl-stb-3.4.1-natives-linux.jar:/home/anguscrump/.gradle/caches/modules-2/files-2.1/org.lwjgl/lwjgl-tinyfd/3.4.1/562697d40dbd2ed0424bf24dcf65d51170f81adf/lwjgl-tinyfd-3.4.1.jar:/home/anguscrump/.gradle/caches/modules-2/files-2.1/org.lwjgl/lwjgl-tinyfd/3.4.1/20771d2b4e01f5295156912ab62e170508aef618/lwjgl-tinyfd-3.4.1-natives-linux-arm64.jar:/home/anguscrump/.gradle/caches/modules-2/files-2.1/org.lwjgl/lwjgl-tinyfd/3.4.1/fc6a72690afc8defb60d82ad1de64dd8f537154c/lwjgl-tinyfd-3.4.1-natives-linux.jar:/home/anguscrump/.gradle/caches/modules-2/files-2.1/org.lwjgl/lwjgl/3.4.1/6105690714874b995aa7812e4f7732a21109276c/lwjgl-3.4.1.jar:/home/anguscrump/.gradle/caches/modules-2/files-2.1/org.lwjgl/lwjgl/3.4.1/46883f3b622d8b4d7f27b627ca3360cda3db0e0e/lwjgl-3.4.1-natives-linux-arm64.jar:/home/anguscrump/.gradle/caches/modules-2/files-2.1/org.lwjgl/lwjgl/3.4.1/2734e106bd95db49fe0da8cf8bf7fd96475c436c/lwjgl-3.4.1-natives-linux.jar:/home/anguscrump/.gradle/caches/modules-2/files-2.1/org.slf4j/slf4j-api/2.0.17/d9e58ac9c7779ba3bf8142aff6c830617a7fe60f/slf4j-api-2.0.17.jar:/home/anguscrump/Documents/Coding/ribbon-world/.gradle/loom-cache/minecraftMaven/net/minecraft/minecraft-clientOnly-52430b475d/26.1.2/minecraft-clientOnly-52430b475d-26.1.2.jar:/home/anguscrump/Documents/Coding/ribbon-world/.gradle/loom-cache/minecraftMaven/net/minecraft/minecraft-common-52430b475d/26.1.2/minecraft-common-52430b475d-26.1.2.jar:/home/anguscrump/.gradle/caches/modules-2/files-2.1/io.netty/netty-transport-native-kqueue/4.2.7.Final/40868fd4e43bce2798245f790624b58803dc26b6/netty-transport-native-kqueue-4.2.7.Final-osx-x86_64.jar:/home/anguscrump/.gradle/caches/modules-2/files-2.1/io.netty/netty-transport-native-kqueue/4.2.7.Final/e5a0feef41410c8a5ae00c6cb4e0c99bd0aded6a/netty-transport-native-kqueue-4.2.7.Final-osx-aarch_64.jar:/home/anguscrump/.gradle/caches/modules-2/files-2.1/net.fabricmc.fabric-api/fabric-transfer-api-v1/8.0.5+357ea7334c/2aff9d7c8e917d2a69c71aa18e28c915e0040a8e/fabric-transfer-api-v1-8.0.5+357ea7334c.jar:/home/anguscrump/.gradle/caches/modules-2/files-2.1/net.fabricmc.fabric-api/fabric-api-lookup-api-v1/2.0.11+d5a053b64c/dbb4489647b411352b735654440311d7560dc1f4/fabric-api-lookup-api-v1-2.0.11+d5a053b64c.jar:/home/anguscrump/.gradle/caches/modules-2/files-2.1/net.fabricmc.fabric-api/fabric-command-api-v2/3.0.5+e2bdee784c/d2bfa62e2f489900be2210dfb84458dcdecb75b6/fabric-command-api-v2-3.0.5+e2bdee784c.jar:/home/anguscrump/.gradle/caches/modules-2/files-2.1/net.fabricmc.fabric-api/fabric-content-registries-v0/11.1.1+1a3b26974c/8761c4bd7f8feb484746055f6ff22e387cd84e9f/fabric-content-registries-v0-11.1.1+1a3b26974c.jar:/home/anguscrump/.gradle/caches/modules-2/files-2.1/net.fabricmc.fabric-api/fabric-data-generation-api-v1/24.2.0+73b1f9054c/d5dcd98301b93a9b2470d354d150327e264797c5/fabric-data-generation-api-v1-24.2.0+73b1f9054c.jar:/home/anguscrump/.gradle/caches/modules-2/files-2.1/net.fabricmc.fabric-api/fabric-convention-tags-v2/4.6.0+e47fb87c4c/40a40554e3e4d37b5640c0198bc81a1b94735f2c/fabric-convention-tags-v2-4.6.0+e47fb87c4c.jar:/home/anguscrump/.gradle/caches/modules-2/files-2.1/net.fabricmc.fabric-api/fabric-creative-tab-api-v1/5.0.11+d871b99e4c/9e6937cef2aa7955d2ff66c9d2415118c58ec15c/fabric-creative-tab-api-v1-5.0.11+d871b99e4c.jar:/home/anguscrump/.gradle/caches/modules-2/files-2.1/net.fabricmc.fabric-api/fabric-data-attachment-api-v1/2.2.6+d602a8964c/91d2f002a7431a412cef7016c5ca7ee2b3c67718/fabric-data-attachment-api-v1-2.2.6+d602a8964c.jar:/home/anguscrump/.gradle/caches/modules-2/files-2.1/net.fabricmc.fabric-api/fabric-debug-api-v1/1.0.1+c792624d4c/3e65954340d5153face34ee7d2f9b114271bca38/fabric-debug-api-v1-1.0.1+c792624d4c.jar:/home/anguscrump/.gradle/caches/modules-2/files-2.1/net.fabricmc.fabric-api/fabric-dimensions-v1/5.1.5+9cbf5da54c/53c66317546644a3915ec20df2d77f4e3093ffab/fabric-dimensions-v1-5.1.5+9cbf5da54c.jar:/home/anguscrump/.gradle/caches/modules-2/files-2.1/net.fabricmc.fabric-api/fabric-entity-events-v1/5.0.2+e2bdee784c/3f15c7b85c55f03b5d5fa89a48a0eb1dc6461465/fabric-entity-events-v1-5.0.2+e2bdee784c.jar:/home/anguscrump/.gradle/caches/modules-2/files-2.1/net.fabricmc.fabric-api/fabric-events-interaction-v0/5.2.1+a67251b84c/cf25f4932ae4d3df49bf5ad0c69be40f8abda289/fabric-events-interaction-v0-5.2.1+a67251b84c.jar:/home/anguscrump/.gradle/caches/modules-2/files-2.1/net.fabricmc.fabric-api/fabric-game-rule-api-v1/4.0.5+d871b99e4c/8b1189ddbfe446bf9468920526ed668db253da65/fabric-game-rule-api-v1-4.0.5+d871b99e4c.jar:/home/anguscrump/.gradle/caches/modules-2/files-2.1/net.fabricmc.fabric-api/fabric-gametest-api-v1/4.0.15+00a1fba64c/99dddf025652afece2f37a5f857c6ee5f7feedb1/fabric-gametest-api-v1-4.0.15+00a1fba64c.jar:/home/anguscrump/.gradle/caches/modules-2/files-2.1/net.fabricmc.fabric-api/fabric-item-api-v1/14.1.2+73d134684c/cb7fd76b622fbc467cb65f067c212fc256d3809f/fabric-item-api-v1-14.1.2+73d134684c.jar:/home/anguscrump/.gradle/caches/modules-2/files-2.1/net.fabricmc.fabric-api/fabric-recipe-api-v1/9.0.15+be4b75ae4c/c3510ef358ce97ea4fc804cd2f75f30c574ec947/fabric-recipe-api-v1-9.0.15+be4b75ae4c.jar:/home/anguscrump/.gradle/caches/modules-2/files-2.1/net.fabricmc.fabric-api/fabric-model-loading-api-v1/8.0.6+c80601bb4c/733d4b6475fa49b58125b0b1a6a9070cc5faa8c8/fabric-model-loading-api-v1-8.0.6+c80601bb4c.jar:/home/anguscrump/.gradle/caches/modules-2/files-2.1/net.fabricmc.fabric-api/fabric-renderer-indigo/8.1.0+1403e82c4c/2a11c1c6826ec7e4254d1cfa20f2f9b50da0ec7f/fabric-renderer-indigo-8.1.0+1403e82c4c.jar:/home/anguscrump/.gradle/caches/modules-2/files-2.1/net.fabricmc.fabric-api/fabric-renderer-api-v1/13.0.3+c80601bb4c/15b7e69feefe6e4157134633f96c62a80b41f44a/fabric-renderer-api-v1-13.0.3+c80601bb4c.jar:/home/anguscrump/.gradle/caches/modules-2/files-2.1/net.fabricmc.fabric-api/fabric-rendering-v1/23.1.0+1403e82c4c/96b6c53c0f9e4497597a4a06509b143c9e345efe/fabric-rendering-v1-23.1.0+1403e82c4c.jar:/home/anguscrump/.gradle/caches/modules-2/files-2.1/net.fabricmc.fabric-api/fabric-lifecycle-events-v1/4.1.0+6d50a0854c/52281bf82f04922d65a30d3f91975feb00911826/fabric-lifecycle-events-v1-4.1.0+6d50a0854c.jar:/home/anguscrump/.gradle/caches/modules-2/files-2.1/net.fabricmc.fabric-api/fabric-loot-api-v3/3.0.12+00a1fba64c/58ffa00757774d7060115afa05742753ff26c769/fabric-loot-api-v3-3.0.12+00a1fba64c.jar:/home/anguscrump/.gradle/caches/modules-2/files-2.1/net.fabricmc.fabric-api/fabric-menu-api-v1/2.0.13+d871b99e4c/e59c4c081a5dc1afb27c0167d6e1480c670c4d29/fabric-menu-api-v1-2.0.13+d871b99e4c.jar:/home/anguscrump/.gradle/caches/modules-2/files-2.1/net.fabricmc.fabric-api/fabric-message-api-v1/7.0.5+dae8ce3e4c/6211835e1348e8b9b89defb98a616adb483b8284/fabric-message-api-v1-7.0.5+dae8ce3e4c.jar:/home/anguscrump/.gradle/caches/modules-2/files-2.1/net.fabricmc.fabric-api/fabric-particles-v1/5.0.15+b61fef434c/e9659d152cefb7255056f432234a11621ab00945/fabric-particles-v1-5.0.15+b61fef434c.jar:/home/anguscrump/.gradle/caches/modules-2/files-2.1/net.fabricmc.fabric-api/fabric-object-builder-api-v1/23.0.16+b95dd56e4c/64b623486a5962dada51cb3e8a114ee49a6ba9de/fabric-object-builder-api-v1-23.0.16+b95dd56e4c.jar:/home/anguscrump/.gradle/caches/modules-2/files-2.1/net.fabricmc.fabric-api/fabric-registry-sync-v0/7.0.13+b61fef434c/b7cd637ba58adacb2abfd54f5f438211e5c3210d/fabric-registry-sync-v0-7.0.13+b61fef434c.jar:/home/anguscrump/.gradle/caches/modules-2/files-2.1/net.fabricmc.fabric-api/fabric-networking-api-v1/6.3.1+554860db4c/38ac77944d5e0fc623a163cde9b3eca04f791296/fabric-networking-api-v1-6.3.1+554860db4c.jar:/home/anguscrump/.gradle/caches/modules-2/files-2.1/net.fabricmc.fabric-api/fabric-permission-api-v1/1.0.0+f3e738be4c/67222d8951d4e68a26f7e42697ce7fdb3c4e8ce9/fabric-permission-api-v1-1.0.0+f3e738be4c.jar:/home/anguscrump/.gradle/caches/modules-2/files-2.1/net.fabricmc.fabric-api/fabric-rendering-fluids-v1/6.0.1+d871b99e4c/fe53bab501b2a582517f39ede3e1514074e8de7/fabric-rendering-fluids-v1-6.0.1+d871b99e4c.jar:/home/anguscrump/.gradle/caches/modules-2/files-2.1/net.fabricmc.fabric-api/fabric-tag-api-v1/2.1.0+73b1f9054c/5467b88af064043d14a1cbc32ebc65bf86a4898b/fabric-tag-api-v1-2.1.0+73b1f9054c.jar:/home/anguscrump/.gradle/caches/modules-2/files-2.1/net.fabricmc.fabric-api/fabric-resource-loader-v0/3.3.17+4fc5413f4c/c2e496d77853c7fd1f2b3bd00b44e355dc6ba576/fabric-resource-loader-v0-3.3.17+4fc5413f4c.jar:/home/anguscrump/.gradle/caches/modules-2/files-2.1/net.fabricmc.fabric-api/fabric-resource-loader-v1/2.0.10+7c44c7324c/bb44ca7ae64fe82666c2cd99920cdc017b15f368/fabric-resource-loader-v1-2.0.10+7c44c7324c.jar:/home/anguscrump/.gradle/caches/modules-2/files-2.1/net.fabricmc.fabric-api/fabric-screen-api-v1/5.0.1+d871b99e4c/fecba1d91754428c2d1f5f2e4d25685de3a8f71f/fabric-screen-api-v1-5.0.1+d871b99e4c.jar:/home/anguscrump/.gradle/caches/modules-2/files-2.1/net.fabricmc.fabric-api/fabric-api-base/2.0.3+ece063234c/bdf802883d0f9c1034c436367ab2c7e04ce34ca6/fabric-api-base-2.0.3+ece063234c.jar:/home/anguscrump/.gradle/caches/modules-2/files-2.1/net.fabricmc.fabric-api/fabric-biome-api-v1/18.0.4+35c80edc4c/c82be6aa7922f3212e1bac9441b25a7faa21c057/fabric-biome-api-v1-18.0.4+35c80edc4c.jar:/home/anguscrump/.gradle/caches/modules-2/files-2.1/net.fabricmc.fabric-api/fabric-block-api-v1/3.0.2+ec56b6014c/f5f91f5b317b7acd3014677dd909b55ebc4097b2/fabric-block-api-v1-3.0.2+ec56b6014c.jar:/home/anguscrump/.gradle/caches/modules-2/files-2.1/net.fabricmc.fabric-api/fabric-block-getter-api-v2/2.0.6+ec56b6014c/caabc9eb2f3823864682da5a1c5381a035c00d5f/fabric-block-getter-api-v2-2.0.6+ec56b6014c.jar:/home/anguscrump/.gradle/caches/modules-2/files-2.1/net.fabricmc.fabric-api/fabric-client-gametest-api-v1/5.0.16+cef2a4834c/3f63763d1230c87b2c43aa84c88916fce323687a/fabric-client-gametest-api-v1-5.0.16+cef2a4834c.jar:/home/anguscrump/.gradle/caches/modules-2/files-2.1/net.fabricmc.fabric-api/fabric-crash-report-info-v1/1.0.3+9f78a5a84c/8af0277ba9afc03c6882490db447d40d55ebcedb/fabric-crash-report-info-v1-1.0.3+9f78a5a84c.jar:/home/anguscrump/.gradle/caches/modules-2/files-2.1/net.fabricmc.fabric-api/fabric-key-mapping-api-v1/2.0.4+e2bdee784c/b098e3e06b71a0fec9d18843ba9327f038b7cd5/fabric-key-mapping-api-v1-2.0.4+e2bdee784c.jar:/home/anguscrump/.gradle/caches/modules-2/files-2.1/net.fabricmc.fabric-api/fabric-resource-conditions-api-v1/6.0.5+00a1fba64c/a8ca3e526e0825ee71a36a317cf5c33f0cda0e96/fabric-resource-conditions-api-v1-6.0.5+00a1fba64c.jar:/home/anguscrump/.gradle/caches/modules-2/files-2.1/net.fabricmc.fabric-api/fabric-serialization-api-v1/2.0.3+11a26f314c/55fc25d96a2a848b93a02f48220dff0181ec3056/fabric-serialization-api-v1-2.0.3+11a26f314c.jar:/home/anguscrump/.gradle/caches/modules-2/files-2.1/net.fabricmc.fabric-api/fabric-sound-api-v1/2.0.4+11a26f314c/b63ce87810bc5aa495cb39be7efd2b07e6772822/fabric-sound-api-v1-2.0.4+11a26f314c.jar:/home/anguscrump/.gradle/caches/modules-2/files-2.1/net.fabricmc.fabric-api/fabric-transitive-access-wideners-v1/8.1.0+acd9108d4c/d03c3735d4057a1d574c6e8d51fec7d21ab63b5c/fabric-transitive-access-wideners-v1-8.1.0+acd9108d4c.jar:/home/anguscrump/Documents/Coding/ribbon-world/build/classes/java/main:/home/anguscrump/Documents/Coding/ribbon-world/build/resources/main
Launcher Type: SUN_STANDARD

[Global flags]
     intx CICompilerCount                          = 4                                         {product} {ergonomic}
     uint ConcGCThreads                            = 2                                         {product} {ergonomic}
     uint G1ConcRefinementThreads                  = 9                                         {product} {ergonomic}
   size_t G1HeapRegionSize                         = 2097152                                   {product} {ergonomic}
   size_t InitialHeapSize                          = 260046848                                 {product} {ergonomic}
   size_t MarkStackSize                            = 4194304                                   {product} {ergonomic}
   size_t MarkStackSizeMax                         = 536870912                                 {product} {ergonomic}
   size_t MaxHeapSize                              = 4034920448                                {product} {ergonomic}
   size_t MaxNewSize                               = 2420113408                                {product} {ergonomic}
   size_t MinHeapDeltaBytes                        = 2097152                                   {product} {ergonomic}
   size_t MinHeapSize                              = 8388608                                   {product} {ergonomic}
    uintx NonNMethodCodeHeapSize                   = 5849088                                {pd product} {ergonomic}
    uintx NonProfiledCodeHeapSize                  = 122912768                              {pd product} {ergonomic}
    uintx ProfiledCodeHeapSize                     = 122912768                              {pd product} {ergonomic}
    uintx ReservedCodeCacheSize                    = 251674624                              {pd product} {ergonomic}
     bool SegmentedCodeCache                       = true                                      {product} {ergonomic}
   size_t SoftMaxHeapSize                          = 4034920448                             {manageable} {ergonomic}
     bool UseCompressedOops                        = true                           {product lp64_product} {ergonomic}
     bool UseG1GC                                  = true                                      {product} {ergonomic}

Logging:
Log output configuration:
 #0: 
[error occurred during error reporting (printing log configuration), id 0xb, SIGSEGV (0xb) at pc=0x0000fffed01c05b8]
Release file:
JAVA_VERSION="25.0.3"
MODULES="java.base java.compiler java.datatransfer java.xml java.prefs java.desktop java.instrument java.logging java.management java.security.sasl java.naming java.rmi java.management.rmi java.net.http java.scripting java.security.jgss java.transaction.xa java.sql java.sql.rowset java.xml.crypto java.se java.smartcardio jdk.accessibility jdk.internal.jvmstat jdk.attach jdk.charsets jdk.internal.opt jdk.zipfs jdk.compiler jdk.crypto.cryptoki jdk.crypto.ec jdk.dynalink jdk.internal.ed jdk.editpad jdk.internal.vm.ci jdk.graal.compiler jdk.graal.compiler.management jdk.hotspot.agent jdk.httpserver jdk.incubator.vector jdk.internal.le jdk.internal.md jdk.jartool jdk.javadoc jdk.jcmd jdk.management jdk.management.agent jdk.jconsole jdk.jdeps jdk.jdwp.agent jdk.jdi jdk.jfr jdk.jlink jdk.jpackage jdk.jshell jdk.jsobject jdk.jstatd jdk.localedata jdk.management.jfr jdk.naming.dns jdk.naming.rmi jdk.net jdk.nio.mapmode jdk.sctp jdk.security.auth jdk.security.jgss jdk.unsupported jdk.unsupported.desktop jdk.xml.dom"
IMPLEMENTOR="JetBrains s.r.o."
IMPLEMENTOR_VERSION="JBRSDK-25.0.3+9-480.61-nomod"
JAVA_RUNTIME_VERSION="25.0.3+9-b480.61"
LIBC="gnu"
OS_ARCH="aarch64"
OS_NAME="Linux"
SOURCE=".:git:52b04970adc8+"

Environment Variables:
PATH=/home/anguscrump/.local/bin:/home/anguscrump/bin:/usr/local/sbin:/usr/local/bin:/usr/sbin:/usr/bin:/sbin:/bin:/var/lib/snapd/snap/bin:/home/anguscrump/.cargo/bin
XDG_CACHE_HOME=/home/anguscrump/.cache
XDG_CONFIG_HOME=/home/anguscrump/.config
SHELL=/bin/bash
DISPLAY=:0
WAYLAND_DISPLAY=wayland-1
LANG=en_AU.UTF-8

Active Locale:
LC_ALL=en_AU.UTF-8
LC_COLLATE=en_AU.UTF-8
LC_CTYPE=en_AU.UTF-8
LC_MESSAGES=en_AU.UTF-8
LC_MONETARY=en_AU.UTF-8
LC_NUMERIC=en_AU.UTF-8
LC_TIME=en_AU.UTF-8

Signal Handlers:
   SIGSEGV: crash_handler in libjvm.so, mask=11100100010111111101111111111110, flags=SA_RESTART|SA_SIGINFO, unblocked
    SIGBUS: crash_handler in libjvm.so, mask=11100100010111111101111111111110, flags=SA_RESTART|SA_SIGINFO, unblocked
    SIGFPE: crash_handler in libjvm.so, mask=11100100010111111101111111111110, flags=SA_RESTART|SA_SIGINFO, unblocked
   SIGPIPE: javaSignalHandler in libjvm.so, mask=11100100010111111101111111111110, flags=SA_RESTART|SA_SIGINFO, blocked
   SIGXFSZ: javaSignalHandler in libjvm.so, mask=11100100010111111101111111111110, flags=SA_RESTART|SA_SIGINFO, blocked
    SIGILL: crash_handler in libjvm.so, mask=11100100010111111101111111111110, flags=SA_RESTART|SA_SIGINFO, unblocked
   SIGUSR2: SR_handler in libjvm.so, mask=00000000000000000000000000000000, flags=SA_RESTART|SA_SIGINFO, blocked
    SIGHUP: UserHandler in libjvm.so, mask=11100100010111111101111111111110, flags=SA_RESTART|SA_SIGINFO, blocked
    SIGINT: UserHandler in libjvm.so, mask=11100100010111111101111111111110, flags=SA_RESTART|SA_SIGINFO, blocked
   SIGTERM: UserHandler in libjvm.so, mask=11100100010111111101111111111110, flags=SA_RESTART|SA_SIGINFO, blocked
   SIGQUIT: UserHandler in libjvm.so, mask=11100100010111111101111111111110, flags=SA_RESTART|SA_SIGINFO, blocked
   SIGTRAP: crash_handler in libjvm.so, mask=11100100010111111101111111111110, flags=SA_RESTART|SA_SIGINFO, unblocked


Compilation memory statistics disabled.

Periodic native trim disabled

JNI global refs:
JNI global refs: 63, weak refs: 45

JNI global refs memory usage: 1491, weak refs: 1489

Process memory usage:
Resident Set Size: 1675168K (10% of 15755056K total physical memory with 5980496K free physical memory)

OOME stack traces (most recent first):
Classloader memory used:
Loader net.fabricmc.loader.impl.launch.knot.KnotClassLoader                            : 120 M
Loader bootstrap                                                                       : 12436 K
Loader jdk.internal.loader.ClassLoaders$AppClassLoader                                 : 6955 K
Loader jdk.internal.loader.ClassLoaders$PlatformClassLoader                            : 498 K

---------------  S Y S T E M  ---------------

OS:
Fedora Asahi Remix release 44 (Forty Four)
uname: Linux 7.0.8-fairydust+ #1 SMP PREEMPT_DYNAMIC Sun May 17 15:02:15 AEST 2026 aarch64
OS uptime: 0 days 1:36 hours
libc: glibc 2.43 NPTL 2.43 
rlimit (soft/hard): STACK 8192k/infinity , CORE infinity/infinity , NPROC 31098/31098 , NOFILE 524288/524288 , AS infinity/infinity , CPU infinity/infinity , DATA infinity/infinity , FSIZE infinity/infinity , MEMLOCK 8192k/8192k
load average: 3.64 2.34 1.96

/proc/meminfo:
MemTotal:       15755056 kB
MemFree:         2078144 kB
MemAvailable:    5980720 kB
Buffers:            1856 kB
Cached:          5540960 kB
SwapCached:      1089840 kB
Active:          4544816 kB
Inactive:        7386160 kB
Active(anon):    3671056 kB
Inactive(anon):  3410272 kB
Active(file):     873760 kB
Inactive(file):  3975888 kB
Unevictable:      531808 kB
Mlocked:             688 kB
SwapTotal:      33554336 kB
SwapFree:       31836912 kB
Zswap:            331824 kB
Zswapped:         576384 kB
Dirty:             20560 kB
Writeback:             0 kB
AnonPages:       6838208 kB
Mapped:          1375648 kB
Shmem:            694000 kB
KReclaimable:      89344 kB
Slab:             350000 kB
SReclaimable:      89344 kB
SUnreclaim:       260656 kB
KernelStack:       42240 kB
PageTables:        54992 kB
SecPageTables:       832 kB
NFS_Unstable:          0 kB
Bounce:                0 kB
WritebackTmp:          0 kB
CommitLimit:    41431856 kB
Committed_AS:   22455152 kB
VmallocTotal:   136898928640 kB
VmallocUsed:       90224 kB
VmallocChunk:          0 kB
Percpu:             6720 kB
HardwareCorrupted:     0 kB
AnonHugePages:    557056 kB
ShmemHugePages:        0 kB
ShmemPmdMapped:        0 kB
FileHugePages:         0 kB
FilePmdMapped:         0 kB
CmaTotal:          65536 kB
CmaFree:           61408 kB
Balloon:               0 kB
HugePages_Total:       0
HugePages_Free:        0
HugePages_Rsvd:        0
HugePages_Surp:        0
Hugepagesize:      32768 kB
Hugetlb:               0 kB

/sys/kernel/mm/transparent_hugepage/enabled: always [madvise] never
/sys/kernel/mm/transparent_hugepage/hpage_pmd_size: 33554432
/sys/kernel/mm/transparent_hugepage/shmem_enabled: always within_size advise [never] deny force
/sys/kernel/mm/transparent_hugepage/defrag (defrag/compaction efforts parameter): always defer defer+madvise [madvise] never

Process Memory:
Virtual Size: 10983888K (peak: 11473552K)
Resident Set Size: 1676896K (peak: 1814784K) (anon: 1604272K, file: 69248K, shmem: 3376K)
Swapped out: 0K
C-Heap outstanding allocations: 128048K, retained: 306911K
glibc malloc tunables: (default)

/proc/sys/kernel/threads-max (system-wide limit on the number of threads): 62196
/proc/sys/vm/max_map_count (maximum number of memory map areas a process may have): 1048576
/proc/sys/vm/swappiness (control to define how aggressively the kernel swaps out anonymous memory): 60
/proc/sys/kernel/pid_max (system-wide limit on number of process identifiers): 4194304

container information not found.
Steal ticks since vm start: 0
Steal ticks percentage since vm start:  0.000

CPU: total 10 (initial active 10) 0x61:0x2:0x025:0(0x024), fp, asimd, evtstrm, aes, pmull, sha1, sha256, crc32, lse, fphp, asimdhp, dcpop, sha3, sha512, paca
/proc/cpuinfo:
processor	: 0
BogoMIPS	: 48.00
Features	: fp asimd evtstrm aes pmull sha1 sha2 crc32 atomics fphp asimdhp cpuid asimdrdm jscvt fcma lrcpc dcpop sha3 asimddp sha512 asimdfhm dit uscat ilrcpc flagm ssbs sb paca pacg dcpodp flagm2 frint
CPU implementer	: 0x61
CPU architecture: 8
CPU variant	: 0x2
CPU part	: 0x024
CPU revision	: 0

processor	: 1
BogoMIPS	: 48.00
Features	: fp asimd evtstrm aes pmull sha1 sha2 crc32 atomics fphp asimdhp cpuid asimdrdm jscvt fcma lrcpc dcpop sha3 asimddp sha512 asimdfhm dit uscat ilrcpc flagm ssbs sb paca pacg dcpodp flagm2 frint
CPU implementer	: 0x61
CPU architecture: 8
CPU variant	: 0x2
CPU part	: 0x024
CPU revision	: 0

processor	: 2
BogoMIPS	: 48.00
Features	: fp asimd evtstrm aes pmull sha1 sha2 crc32 atomics fphp asimdhp cpuid asimdrdm jscvt fcma lrcpc dcpop sha3 asimddp sha512 asimdfhm dit uscat ilrcpc flagm ssbs sb paca pacg dcpodp flagm2 frint
CPU implementer	: 0x61
CPU architecture: 8
CPU variant	: 0x2
CPU part	: 0x025
CPU revision	: 0

processor	: 3
BogoMIPS	: 48.00
Features	: fp asimd evtstrm aes pmull sha1 sha2 crc32 atomics fphp asimdhp cpuid asimdrdm jscvt fcma lrcpc dcpop sha3 asimddp sha512 asimdfhm dit uscat ilrcpc flagm ssbs sb paca pacg dcpodp flagm2 frint
CPU implementer	: 0x61
CPU architecture: 8
CPU variant	: 0x2
CPU part	: 0x025
CPU revision	: 0

processor	: 4
BogoMIPS	: 48.00
Features	: fp asimd evtstrm aes pmull sha1 sha2 crc32 atomics fphp asimdhp cpuid asimdrdm jscvt fcma lrcpc dcpop sha3 asimddp sha512 asimdfhm dit uscat ilrcpc flagm ssbs sb paca pacg dcpodp flagm2 frint
CPU implementer	: 0x61
CPU architecture: 8
CPU variant	: 0x2
CPU part	: 0x025
CPU revision	: 0

processor	: 5
BogoMIPS	: 48.00
Features	: fp asimd evtstrm aes pmull sha1 sha2 crc32 atomics fphp asimdhp cpuid asimdrdm jscvt fcma lrcpc dcpop sha3 asimddp sha512 asimdfhm dit uscat ilrcpc flagm ssbs sb paca pacg dcpodp flagm2 frint
CPU implementer	: 0x61
CPU architecture: 8
CPU variant	: 0x2
CPU part	: 0x025
CPU revision	: 0

processor	: 6
BogoMIPS	: 48.00
Features	: fp asimd evtstrm aes pmull sha1 sha2 crc32 atomics fphp asimdhp cpuid asimdrdm jscvt fcma lrcpc dcpop sha3 asimddp sha512 asimdfhm dit uscat ilrcpc flagm ssbs sb paca pacg dcpodp flagm2 frint
CPU implementer	: 0x61
CPU architecture: 8
CPU variant	: 0x2
CPU part	: 0x025
CPU revision	: 0

processor	: 7
BogoMIPS	: 48.00
Features	: fp asimd evtstrm aes pmull sha1 sha2 crc32 atomics fphp asimdhp cpuid asimdrdm jscvt fcma lrcpc dcpop sha3 asimddp sha512 asimdfhm dit uscat ilrcpc flagm ssbs sb paca pacg dcpodp flagm2 frint
CPU implementer	: 0x61
CPU architecture: 8
CPU variant	: 0x2
CPU part	: 0x025
CPU revision	: 0

processor	: 8
BogoMIPS	: 48.00
Features	: fp asimd evtstrm aes pmull sha1 sha2 crc32 atomics fphp asimdhp cpuid asimdrdm jscvt fcma lrcpc dcpop sha3 asimddp sha512 asimdfhm dit uscat ilrcpc flagm ssbs sb paca pacg dcpodp flagm2 frint
CPU implementer	: 0x61
CPU architecture: 8
CPU variant	: 0x2
CPU part	: 0x025
CPU revision	: 0

processor	: 9
BogoMIPS	: 48.00
Features	: fp asimd evtstrm aes pmull sha1 sha2 crc32 atomics fphp asimdhp cpuid asimdrdm jscvt fcma lrcpc dcpop sha3 asimddp sha512 asimdfhm dit uscat ilrcpc flagm ssbs sb paca pacg dcpodp flagm2 frint
CPU implementer	: 0x61
CPU architecture: 8
CPU variant	: 0x2
CPU part	: 0x025
CPU revision	: 0


Online cpus: 0-9
Offline cpus: 

Memory: 16k page, physical 15755056k(5980720k free), swap 33554336k(31836912k free)
Page Sizes: 16k

vm_info: OpenJDK 64-Bit Server VM (25.0.3+9-b480.61) for linux-aarch64 JRE (25.0.3+9-b480.61), built on 2026-05-12 with gcc 10.3.1 20210422 (Red Hat 10.3.1-1.2.0.1)

END.
