#
# A fatal error has been detected by the Java Runtime Environment:
#
#  SIGSEGV (0xb) at pc=0x0000ffff1c56c670, pid=121311, tid=121327
#
# JRE version: OpenJDK Runtime Environment JBR-25.0.3+9-480.61-nomod (25.0.3+9) (build 25.0.3+9-b480.61)
# Java VM: OpenJDK 64-Bit Server VM JBR-25.0.3+9-480.61-nomod (25.0.3+9-b480.61, mixed mode, sharing, tiered, compressed oops, compressed class ptrs, g1 gc, linux-aarch64)
# Problematic frame:
# C  [libopenal.so+0x9c670]
#
# Core dump will be written. Default location: Determined by the following: "/usr/lib/systemd/systemd-coredump %P %u %g %s %t %c %h %d %F" (alternatively, falling back to /home/anguscrump/Documents/Coding/ribbon-world/run/core.121311)
#
# If you would like to submit a bug report, please visit:
#   https://youtrack.jetbrains.com/issues/JBR
#

---------------  S U M M A R Y ------------

Command Line: -Dfabric.dli.config=/home/anguscrump/Documents/Coding/ribbon-world/.gradle/loom-cache/launch.cfg -Dfabric.dli.env=client -Dfabric.dli.main=net.fabricmc.loader.impl.launch.knot.KnotClient --sun-misc-unsafe-memory-access=allow --enable-native-access=ALL-UNNAMED --sun-misc-unsafe-memory-access=allow --enable-native-access=ALL-UNNAMED -Dfile.encoding=UTF-8 -Duser.country=AU -Duser.language=en -Duser.variant -Dawt.toolkit.name=XToolkit net.fabricmc.devlaunchinjector.Main

Host: AArch64, 10 cores, 15G, Fedora Asahi Remix release 44 (Forty Four)
Time: Tue May 19 18:31:00 2026 AEST elapsed time: 88.535096 seconds (0d 0h 1m 28s)

---------------  T H R E A D  ---------------

Current thread (0x0000ffff6c20dac0):  VMThread "VM Thread"          [id=121327, stack(0x0000ffff72104000,0x0000ffff72304000) (2048K)]

Stack: [0x0000ffff72104000,0x0000ffff72304000],  sp=0x0000ffff723021b0,  free space=2040k
Native frames: (J=compiled Java code, j=interpreted, Vv=VM code, C=native code)
C  [libopenal.so+0x9c670]
C  [libc.so.6+0x3eb2c]  __run_exit_handlers+0x1ac
C  [libc.so.6+0x3ec20]  internal_addseverity+0x0
V  [libjvm.so+0xc7c05c]
V  [libjvm.so+0x88dad0]  vm_exit(int)+0x0
V  [libjvm.so+0xf8e1c4]  VM_Operation::evaluate()+0xf4
V  [libjvm.so+0xf91550]  VMThread::evaluate_operation(VM_Operation*)+0xb0
V  [libjvm.so+0xf92138]  VMThread::inner_execute(VM_Operation*)+0x2d8
V  [libjvm.so+0xf92450]  VMThread::run()+0xac
V  [libjvm.so+0xef92b8]  Thread::call_run()+0xa8
V  [libjvm.so+0xc71af4]  thread_native_entry(Thread*)+0xe0
C  [libc.so.6+0x8f81c]  start_thread+0x3bc

siginfo: si_signo: 11 (SIGSEGV), si_code: 1 (SEGV_MAPERR), si_addr: 0x0000000000000000

Registers:
R0=0x0000ffff1c684c38
R1=0x0000000000000000
R2=0x0000000000000000
R3=0x0000000000000000
R4=0x0000fffe8c000030
R5=0x0000000042600dfc
R6=0x0000000000000400
R7=0x0000ffff3c001db0
R8=0x0000fffe8c0020f0
R9=0x8b6dd8bdc95a1744
R10=0x0000000000000054
R11=0x0000ffff76d866e8
R12=0x0000000000000030
R13=0x0000ffff72303880
R14=0x0000000000000000
R15=0x0000ffff3c04f900
R16=0x0000000000000001
R17=0x0000ffff76c61b40
R18=0x0000000000001931
R19=0x0000fffe8c0020f0
R20=0x0000fffe8c0021a0
R21=0x0000ffff1c684be8
R22=0x0000fffe8c0020d0
R23=0x0000ffff1c684b58
R24=0x0000ffff1c684c68
R25=0x0000ffff6ea69570
R26=0x0000000000000b2b
R27=0x0000ffff1c56c5a4
R28=0x0000ffff1c684be8
R29=0x0000ffff723021b0
R30=0x0000ffff1c56c660


Register to memory mapping:

R0 =0x0000ffff1c684c38: <offset 0x00000000001b4c38> in /tmp/lwjgl_anguscrump/3.4.1-snapshot/arm64/libopenal.so at 0x0000ffff1c4d0000
R1 =0x0 is null
R2 =0x0 is null
R3 =0x0 is null
R4 =0x0000fffe8c000030 points into unknown readable memory: 0x0000000200000000 | 00 00 00 00 02 00 00 00
R5 =0x0000000042600dfc is an unknown value
R6 =0x0000000000000400 is an unknown value
R7 =0x0000ffff3c001db0 points into unknown readable memory: 0x0000000200000002 | 02 00 00 00 02 00 00 00
R8 =0x0000fffe8c0020f0 points into unknown readable memory: 0x0000000000000000 | 00 00 00 00 00 00 00 00
R9 =0x8b6dd8bdc95a1744 is an unknown value
R10=0x0000000000000054 is an unknown value
R11=0x0000ffff76d866e8: <offset 0x00000000001c66e8> in /lib64/libc.so.6 at 0x0000ffff76bc0000
R12=0x0000000000000030 is an unknown value
R13=0x0000ffff72303880 points into unknown readable memory: 0x0000ffff6c1f5930 | 30 59 1f 6c ff ff 00 00
R14=0x0 is null
R15=0x0000ffff3c04f900 points into unknown readable memory: 0x0000000000000040 | 40 00 00 00 00 00 00 00
R16=0x0000000000000001 is an unknown value
R17=0x0000ffff76c61b40: __libc_free+0x0000000000000000 in /lib64/libc.so.6 at 0x0000ffff76bc0000
R18=0x0000000000001931 is an unknown value
R19=0x0000fffe8c0020f0 points into unknown readable memory: 0x0000000000000000 | 00 00 00 00 00 00 00 00
R20=0x0000fffe8c0021a0 points into unknown readable memory: 0x0000fffe8c0000d8 | d8 00 00 8c fe ff 00 00
R21=0x0000ffff1c684be8: <offset 0x00000000001b4be8> in /tmp/lwjgl_anguscrump/3.4.1-snapshot/arm64/libopenal.so at 0x0000ffff1c4d0000
R22=0x0000fffe8c0020d0 points into unknown readable memory: 0x0000fffe8c001ee0 | e0 1e 00 8c fe ff 00 00
R23=0x0000ffff1c684b58: <offset 0x00000000001b4b58> in /tmp/lwjgl_anguscrump/3.4.1-snapshot/arm64/libopenal.so at 0x0000ffff1c4d0000
R24=0x0000ffff1c684c68: <offset 0x00000000001b4c68> in /tmp/lwjgl_anguscrump/3.4.1-snapshot/arm64/libopenal.so at 0x0000ffff1c4d0000
R25=0x0000ffff6ea69570 points into unknown readable memory: 0x0000ffff6ea29400 | 00 94 a2 6e ff ff 00 00
R26=0x0000000000000b2b is an unknown value
R27=0x0000ffff1c56c5a4: <offset 0x000000000009c5a4> in /tmp/lwjgl_anguscrump/3.4.1-snapshot/arm64/libopenal.so at 0x0000ffff1c4d0000
R28=0x0000ffff1c684be8: <offset 0x00000000001b4be8> in /tmp/lwjgl_anguscrump/3.4.1-snapshot/arm64/libopenal.so at 0x0000ffff1c4d0000
R29=0x0000ffff723021b0 points into unknown readable memory: 0x0000ffff723021f0 | f0 21 30 72 ff ff 00 00
R30=0x0000ffff1c56c660: <offset 0x000000000009c660> in /tmp/lwjgl_anguscrump/3.4.1-snapshot/arm64/libopenal.so at 0x0000ffff1c4d0000

Top of Stack: (sp=0x0000ffff723021b0)
0x0000ffff723021b0:   0000ffff723021f0 0000ffff76bfeb2c   .!0r....,..v....
0x0000ffff723021c0:   0000ffff76d81000 0000ffff76d82210   ...v.....".v....
0x0000ffff723021d0:   0000ffff76e43c78 0000000000000000   x<.v............
0x0000ffff723021e0:   0000ffff76d80658 0000ffff76d82000   X..v..... .v....
0x0000ffff723021f0:   0000ffff72302260 0055ffff76bfec20   `"0r.... ..v..U.
0x0000ffff72302200:   0000000000000000 0000ffff754cb938   ........8.Lu....
0x0000ffff72302210:   0000ffff754cb938 0000ffff6c1f4f20   8.Lu.... O.l....
0x0000ffff72302220:   0000ffff6c1f4f38 0000ffff6c1f5310   8O.l.....S.l....
0x0000ffff72302230:   00000000000003d8 0000ffff76b0fc18   ...........v....
0x0000ffff72302240:   00000000000003d8 0000ffff76b0fc18   ...........v....
0x0000ffff72302250:   0000ffff6c20e090 0000ffff00000001   .. l............
0x0000ffff72302260:   0000ffff72302270 0052ffff7624c05c   p"0r....\.$v..R.
0x0000ffff72302270:   0000ffff72302280 0000ffff75e5dad0   ."0r.......u....
0x0000ffff72302280:   0000ffff723022a0 0000ffff7655e1c4   ."0r......Uv....
0x0000ffff72302290:   0000ffff6c20e090 0000ffff75b91e60   .. l....`..u....
0x0000ffff723022a0:   0000ffff723023b0 0000ffff76561550   .#0r....P.Vv....
0x0000ffff723022b0:   0000ffff6c20e090 0000ffff76a3d000   .. l.......v....
0x0000ffff723022c0:   0000ffff754cb938 0000ffff72303880   8.Lu.....80r....
0x0000ffff723022d0:   0000ffff6c1f4f20 0000ffff6c20dac0    O.l...... l....
0x0000ffff723022e0:   0000ffff6c1f4f38 0000ffff6c1f5310   8O.l.....S.l....
0x0000ffff723022f0:   00000000000003d8 0000ffff76a37000   .........p.v....
0x0000ffff72302300:   ffffff0f00000000 0000000000000000   ................
0x0000ffff72302310:   0000000000000015 0000000000000000   ................
0x0000ffff72302320:   3fc9ba5e353f7cee 0000000000000000   .|?5^..?........
0x0000ffff72302330:   0000ffff72302350 0000ffff762ef3f8   P#0r.......v....
0x0000ffff72302340:   0000ffff72302380 0000000000000000   .#0r............
0x0000ffff72302350:   0000ffff72302360 0015ffff76c88b04   `#0r.......v....
0x0000ffff72302360:   0000ffff72302370 005bffff7624cd64   p#0r....d.$v..[.
0x0000ffff72302370:   0000ffff72302390 0000ffff764d94c0   .#0r......Mv....
0x0000ffff72302380:   000000000000237b 000000000a60e233   {#......3.`.....
0x0000ffff72302390:   0000ffff723023b0 0000ffff7656152c   .#0r....,.Vv....
0x0000ffff723023a0:   0000ffff6c20e090 cfc3a06606226400   .. l.....d".f...

Instructions: (pc=0x0000ffff1c56c670)
  0x0000ffff1c56c570:   80 08 00 90 00 e0 44 f9 e2 27 40 f9 01 00 40 f9
  0x0000ffff1c56c580:   42 00 01 eb 01 00 80 d2 61 00 00 54 fd 7b c5 a8
  0x0000ffff1c56c590:   c0 03 5f d6 df d8 fd 97 fa d8 fd 97 0d db fd 97
  0x0000ffff1c56c5a0:   f4 ff ff 17 fd 7b bc a9 fd 03 00 91 f5 5b 02 a9
  0x0000ffff1c56c5b0:   f5 03 00 aa 00 00 40 f9 f3 53 01 a9 f7 63 03 a9
  0x0000ffff1c56c5c0:   80 00 00 b4 c1 08 00 90 21 bc 45 f9 20 00 3f d6
  0x0000ffff1c56c5d0:   a0 62 43 39 80 09 00 35 b3 42 40 f9 b8 02 02 91
  0x0000ffff1c56c5e0:   16 07 40 f9 7f 02 16 eb 20 03 00 54 d7 08 00 90
  0x0000ffff1c56c5f0:   f7 62 2d 91 1f 20 03 d5 74 02 40 f9 14 02 00 b4
  0x0000ffff1c56c600:   e0 03 14 aa 82 0e 40 f9 01 0c 41 f8 03 10 40 f9
  0x0000ffff1c56c610:   41 00 00 f9 22 04 00 f9 43 00 00 b4 60 00 3f d6
  0x0000ffff1c56c620:   80 06 40 f9 60 00 00 b4 e1 16 40 f9 20 00 3f d6
  0x0000ffff1c56c630:   e0 03 14 aa 01 08 80 d2 ca d9 fd 97 73 22 00 91
  0x0000ffff1c56c640:   df 02 13 eb a1 fd ff 54 b6 42 40 f9 b6 00 00 b4
  0x0000ffff1c56c650:   01 0b 40 f9 e0 03 16 aa 21 00 16 cb c1 d9 fd 97
  0x0000ffff1c56c660:   e0 03 15 aa a2 2e 40 f9 01 0c 45 f8 03 10 40 f9
=>0x0000ffff1c56c670:   41 00 00 f9 22 04 00 f9 43 00 00 b4 60 00 3f d6
  0x0000ffff1c56c680:   e0 03 15 aa a2 16 40 f9 01 0c 42 f8 03 10 40 f9
  0x0000ffff1c56c690:   41 00 00 f9 22 04 00 f9 43 00 00 b4 60 00 3f d6
  0x0000ffff1c56c6a0:   a0 0e 40 f9 80 00 00 b4 c1 08 00 90 21 c0 45 f9
  0x0000ffff1c56c6b0:   20 00 3f d6 a0 0a 40 f9 80 00 00 b4 c1 08 00 90
  0x0000ffff1c56c6c0:   21 c4 45 f9 20 00 3f d6 a0 06 40 f9 80 00 00 b4
  0x0000ffff1c56c6d0:   c1 08 00 90 21 c8 45 f9 20 00 3f d6 a0 02 40 f9
  0x0000ffff1c56c6e0:   80 00 00 b4 c1 08 00 90 21 cc 45 f9 20 00 3f d6
  0x0000ffff1c56c6f0:   f3 53 41 a9 f5 5b 42 a9 f7 63 43 a9 fd 7b c4 a8
  0x0000ffff1c56c700:   c0 03 5f d6 e0 03 15 aa bf 62 03 39 a2 5a 40 f9
  0x0000ffff1c56c710:   01 8c 4a f8 03 10 40 f9 41 00 00 f9 22 04 00 f9
  0x0000ffff1c56c720:   43 00 00 b4 60 00 3f d6 a0 52 40 f9 60 f5 ff b4
  0x0000ffff1c56c730:   c1 08 00 90 21 c0 45 f9 20 00 3f d6 a7 ff ff 17
  0x0000ffff1c56c740:   fd 7b bd a9 fd 03 00 91 f3 53 01 a9 53 00 01 cb
  0x0000ffff1c56c750:   f4 03 00 aa f5 13 00 f9 f5 03 01 aa 7f 3e 00 f1
  0x0000ffff1c56c760:   08 03 00 54 00 00 40 f9 7f 06 00 f1 41 01 00 54


Stack slot to memory mapping:

stack at sp + 0 slots: 0x0000ffff723021f0 points into unknown readable memory: 0x0000ffff72302260 | 60 22 30 72 ff ff 00 00
stack at sp + 1 slots: 0x0000ffff76bfeb2c: <offset 0x000000000003eb2c> in /lib64/libc.so.6 at 0x0000ffff76bc0000
stack at sp + 2 slots: 0x0000ffff76d81000: <offset 0x00000000001c1000> in /lib64/libc.so.6 at 0x0000ffff76bc0000
stack at sp + 3 slots: 0x0000ffff76d82210: <offset 0x00000000001c2210> in /lib64/libc.so.6 at 0x0000ffff76bc0000
stack at sp + 4 slots: 0x0000ffff76e43c78: __pointer_chk_guard+0x0000000000000000 in /lib/ld-linux-aarch64.so.1 at 0x0000ffff76e04000
stack at sp + 5 slots: 0x0 is null
stack at sp + 6 slots: 0x0000ffff76d80658: <offset 0x00000000001c0658> in /lib64/libc.so.6 at 0x0000ffff76bc0000
stack at sp + 7 slots: 0x0000ffff76d82000: <offset 0x00000000001c2000> in /lib64/libc.so.6 at 0x0000ffff76bc0000

VM_Operation (0x0000ffff754cb938): Exit, mode: safepoint, requested by thread 0x0000ffff6c0316d0


---------------  P R O C E S S  ---------------

Threads class SMR info:
_java_thread_list=0x0000ffff14000950, length=21, elements={
0x0000ffff6c0316d0, 0x0000ffff6c2156d0, 0x0000ffff6c218f10, 0x0000ffff6c21a7f0,
0x0000ffff6c21dbd0, 0x0000ffff6c21f480, 0x0000ffff6c221240, 0x0000ffff6c222c60,
0x0000ffff6c25ca70, 0x0000ffff6d8c0270, 0x0000ffff6e43f570, 0x0000ffff6e67f060,
0x0000ffff6e683f20, 0x0000ffff6e68c030, 0x0000ffff6c91c490, 0x0000fffe445c9160,
0x0000fffe140087e0, 0x0000fffe4464b250, 0x0000fffe4464a940, 0x0000fffeac1f5ec0,
0x0000ffff6f172020
}

Java Threads: ( => current thread )
  0x0000ffff6c0316d0 JavaThread "Render thread"                     [_thread_blocked, id=121317, stack(0x0000ffff752d0000,0x0000ffff754ce000) (2040K)]
  0x0000ffff6c2156d0 JavaThread "Common-Cleaner"             daemon [_thread_blocked, id=121329, stack(0x0000ffff71ee4000,0x0000ffff720f4000) (2112K)]
  0x0000ffff6c218f10 JavaThread "Reference Handler"          daemon [_thread_blocked, id=121330, stack(0x0000ffff718d8000,0x0000ffff71ad8000) (2048K)]
  0x0000ffff6c21a7f0 JavaThread "Finalizer"                  daemon [_thread_blocked, id=121331, stack(0x0000ffff716d8000,0x0000ffff718d8000) (2048K)]
  0x0000ffff6c21dbd0 JavaThread "Service Thread"             daemon [_thread_blocked, id=121333, stack(0x0000ffff712d8000,0x0000ffff714d8000) (2048K)]
  0x0000ffff6c21f480 JavaThread "Monitor Deflation Thread"   daemon [_thread_blocked, id=121334, stack(0x0000ffff710d8000,0x0000ffff712d8000) (2048K)]
  0x0000ffff6c221240 JavaThread "C2 CompilerThread0"         daemon [_thread_blocked, id=121335, stack(0x0000ffff70ed8000,0x0000ffff710d8000) (2048K)]
  0x0000ffff6c222c60 JavaThread "C1 CompilerThread0"         daemon [_thread_blocked, id=121336, stack(0x0000ffff70cd8000,0x0000ffff70ed8000) (2048K)]
  0x0000ffff6c25ca70 JavaThread "Notification Thread"        daemon [_thread_blocked, id=121337, stack(0x0000ffff70ad8000,0x0000ffff70cd8000) (2048K)]
  0x0000ffff6d8c0270 JavaThread "JNA Cleaner"                daemon [_thread_blocked, id=121399, stack(0x0000ffff49800000,0x0000ffff49a00000) (2048K)]
  0x0000ffff6e43f570 JavaThread "Timer hack thread"          daemon [_thread_blocked, id=121435, stack(0x0000ffff49c00000,0x0000ffff49e00000) (2048K)]
  0x0000ffff6e67f060 JavaThread "Yggdrasil Key Fetcher"      daemon [_thread_blocked, id=121436, stack(0x0000ffff49a00000,0x0000ffff49c00000) (2048K)]
  0x0000ffff6e683f20 JavaThread "Download-1"                 daemon [_thread_blocked, id=121437, stack(0x0000ffff49e00000,0x0000ffff4a000000) (2048K)]
  0x0000ffff6e68c030 JavaThread "Download-2"                 daemon [_thread_blocked, id=121438, stack(0x0000ffff5459c000,0x0000ffff5479c000) (2048K)]
  0x0000ffff6c91c490 JavaThread "Netty Local IO #0"          daemon [_thread_blocked, id=121653, stack(0x0000fffe3f848000,0x0000fffe3fa48000) (2048K)]
  0x0000fffe445c9160 JavaThread "Netty Local IO #1"          daemon [_thread_blocked, id=121655, stack(0x0000fffe3f648000,0x0000fffe3f848000) (2048K)]
  0x0000fffe140087e0 JavaThread "Netty Local IO #2"          daemon [_thread_blocked, id=121657, stack(0x0000fffe3f448000,0x0000fffe3f648000) (2048K)]
  0x0000fffe4464b250 JavaThread "Netty Local IO #3"          daemon [_thread_blocked, id=122186, stack(0x0000ffff5479c000,0x0000ffff5499c000) (2048K)]
  0x0000fffe4464a940 JavaThread "Netty Local IO #4"          daemon [_thread_blocked, id=122187, stack(0x0000fffe56a80000,0x0000fffe56c80000) (2048K)]
  0x0000fffeac1f5ec0 JavaThread "Netty Local IO #5"          daemon [_thread_blocked, id=122188, stack(0x0000fffe3c080000,0x0000fffe3c280000) (2048K)]
  0x0000ffff6f172020 JavaThread "Sound engine"               daemon [_thread_blocked, id=122513, stack(0x0000ffff5419c000,0x0000ffff5439c000) (2048K)]
Total: 21

Other Threads:
=>0x0000ffff6c20dac0 VMThread "VM Thread"                           [id=121327, stack(0x0000ffff72104000,0x0000ffff72304000) (2048K)]
  0x0000ffff6c186740 WorkerThread "GC Thread#0"                     [id=121318, stack(0x0000ffff734e8000,0x0000ffff736e8000) (2048K)]
  0x0000ffff3c008d30 WorkerThread "GC Thread#1"                     [id=121364, stack(0x0000ffff70150000,0x0000ffff70350000) (2048K)]
  0x0000ffff3c009700 WorkerThread "GC Thread#2"                     [id=121365, stack(0x0000ffff551dc000,0x0000ffff553dc000) (2048K)]
  0x0000ffff3c00a2c0 WorkerThread "GC Thread#3"                     [id=121366, stack(0x0000ffff54fcc000,0x0000ffff551cc000) (2048K)]
  0x0000ffff3c00b030 WorkerThread "GC Thread#4"                     [id=121367, stack(0x0000ffff54dbc000,0x0000ffff54fbc000) (2048K)]
  0x0000ffff3c00bda0 WorkerThread "GC Thread#5"                     [id=121368, stack(0x0000ffff54bac000,0x0000ffff54dac000) (2048K)]
  0x0000ffff3c016930 WorkerThread "GC Thread#6"                     [id=121383, stack(0x0000ffff49600000,0x0000ffff49800000) (2048K)]
  0x0000ffff3c00f4d0 WorkerThread "GC Thread#7"                     [id=121388, stack(0x0000ffff493f0000,0x0000ffff495f0000) (2048K)]
  0x0000ffff3c018d40 WorkerThread "GC Thread#8"                     [id=121389, stack(0x0000ffff491e0000,0x0000ffff493e0000) (2048K)]
  0x0000ffff6c19e8c0 ConcurrentGCThread "G1 Main Marker"            terminated
  0x0000ffff6c19fab0 WorkerThread "G1 Conc#0"                       [id=121320, stack(0x0000ffff730c8000,0x0000ffff732c8000) (2048K)]
  0x0000ffff50000c80 WorkerThread "G1 Conc#1"                       [id=121390, stack(0x0000ffff48fd0000,0x0000ffff491d0000) (2048K)]
  0x0000ffff6c1ed410 ConcurrentGCThread "G1 Refine#0"               terminated
  0x0000ffff6c1ee620 ConcurrentGCThread "G1 Service"                terminated
Total: 15

Threads with active compile tasks:
Total: 0

VM state: at safepoint (shutting down)

VM Mutex/Monitor currently owned by a thread:  ([mutex/lock_event])
[0x0000ffff76ad9558] Threads_lock - owner thread: 0x0000ffff6c20dac0
[0x0000ffff76ad96f0] Heap_lock - owner thread: 0x0000ffff6c0316d0

Heap address: 0x000000070f800000, size: 3848 MB, Compressed Oops mode: Zero based, Oop shift amount: 3

CDS archive(s) mapped at: [0x0000001f00000000-0x0000001f01d00000-0x0000001f01d00000), size 30408704, SharedBaseAddress: 0x0000001f00000000, ArchiveRelocationMode: 1.
Compressed class space mapped at: 0x0000001f02000000-0x0000001f42000000, reserved size: 1073741824
UseCompressedClassPointers 1, UseCompactObjectHeaders 0
Narrow klass pointer bits 32, Max shift 3
Narrow klass base: 0x0000001f00000000, Narrow klass shift: 0
Encoding Range: [0x0000001f00000000 - 0x0000002000000000), (4294967296 bytes)
Klass Range:    [0x0000001f00010000 - 0x0000001f42000000), (1107230720 bytes)
Klass ID Range:  [65536 - 1107296249) (1107230713)
Protection zone: [0x0000001f00000000 - 0x0000001f00010000), (65536 bytes)

GC Precious Log:
 CardTable entry size: 512
 Card Set container configuration: InlinePtr #cards 4 size 8 Array Of Cards #cards 16 size 48 Howl #buckets 8 coarsen threshold 3686 Howl Bitmap #cards 512 size 80 coarsen threshold 460 Card regions per heap region 1 cards per card region 4096
 CPUs: 10 total, 10 available
 Memory: 15385M
 Large Page Support: Disabled
 NUMA Support: Disabled
 Compressed Oops: Enabled (Zero based)
 Heap Region Size: 2M
 Heap Min Capacity: 8M
 Heap Initial Capacity: 248M
 Heap Max Capacity: 3848M
 Pre-touch: Disabled
 Parallel Workers: 9
 Concurrent Workers: 2
 Concurrent Refinement Workers: 9
 Periodic GC: Disabled

Heap:
 garbage-first heap   total reserved 3940352K, committed 1484800K, used 1127434K [0x000000070f800000, 0x0000000800000000)
  region size 2048K, 270 young (552960K), 18 survivors (36864K)

Heap Regions: E=young(eden), S=young(survivor), O=old, HS=humongous(starts), HC=humongous(continues), CS=collection set, F=free, TAMS=top-at-mark-start, PB=parsable bottom
|   0|0x000000070f800000, 0x000000070fa00000, 0x000000070fa00000|100%|HS|  |TAMS 0x000000070f800000| PB 0x000000070f800000| Complete |  0
|   1|0x000000070fa00000, 0x000000070fc00000, 0x000000070fc00000|100%|HS|  |TAMS 0x000000070fa00000| PB 0x000000070fa00000| Complete |  0
|   2|0x000000070fc00000, 0x000000070fe00000, 0x000000070fe00000|100%|HS|  |TAMS 0x000000070fc00000| PB 0x000000070fc00000| Complete |  0
|   3|0x000000070fe00000, 0x0000000710000000, 0x0000000710000000|100%| O|  |TAMS 0x000000070fe00000| PB 0x000000070fe00000| Untracked |  0
|   4|0x0000000710000000, 0x0000000710200000, 0x0000000710200000|100%| O|  |TAMS 0x0000000710000000| PB 0x0000000710000000| Untracked |  0
|   5|0x0000000710200000, 0x0000000710400000, 0x0000000710400000|100%| O|  |TAMS 0x0000000710200000| PB 0x0000000710200000| Untracked |  0
|   6|0x0000000710400000, 0x0000000710600000, 0x0000000710600000|100%| O|  |TAMS 0x0000000710400000| PB 0x0000000710400000| Untracked |  0
|   7|0x0000000710600000, 0x0000000710800000, 0x0000000710800000|100%| O|  |TAMS 0x0000000710600000| PB 0x0000000710600000| Untracked |  0
|   8|0x0000000710800000, 0x0000000710a00000, 0x0000000710a00000|100%| O|  |TAMS 0x0000000710800000| PB 0x0000000710800000| Untracked |  0
|   9|0x0000000710a00000, 0x0000000710c00000, 0x0000000710c00000|100%| O|  |TAMS 0x0000000710a00000| PB 0x0000000710a00000| Untracked |  0
|  10|0x0000000710c00000, 0x0000000710e00000, 0x0000000710e00000|100%| O|  |TAMS 0x0000000710c00000| PB 0x0000000710c00000| Untracked |  0
|  11|0x0000000710e00000, 0x0000000711000000, 0x0000000711000000|100%| O|  |TAMS 0x0000000710e00000| PB 0x0000000710e00000| Untracked |  0
|  12|0x0000000711000000, 0x0000000711200000, 0x0000000711200000|100%| O|  |TAMS 0x0000000711000000| PB 0x0000000711000000| Untracked |  0
|  13|0x0000000711200000, 0x0000000711400000, 0x0000000711400000|100%| O|  |TAMS 0x0000000711200000| PB 0x0000000711200000| Untracked |  0
|  14|0x0000000711400000, 0x0000000711600000, 0x0000000711600000|100%| O|  |TAMS 0x0000000711400000| PB 0x0000000711400000| Untracked |  0
|  15|0x0000000711600000, 0x0000000711800000, 0x0000000711800000|100%| O|  |TAMS 0x0000000711600000| PB 0x0000000711600000| Untracked |  0
|  16|0x0000000711800000, 0x0000000711a00000, 0x0000000711a00000|100%| O|  |TAMS 0x0000000711800000| PB 0x0000000711800000| Untracked |  0
|  17|0x0000000711a00000, 0x0000000711c00000, 0x0000000711c00000|100%| O|  |TAMS 0x0000000711a00000| PB 0x0000000711a00000| Untracked |  0
|  18|0x0000000711c00000, 0x0000000711e00000, 0x0000000711e00000|100%| O|  |TAMS 0x0000000711c00000| PB 0x0000000711c00000| Untracked |  0
|  19|0x0000000711e00000, 0x0000000712000000, 0x0000000712000000|100%| O|  |TAMS 0x0000000711e00000| PB 0x0000000711e00000| Untracked |  0
|  20|0x0000000712000000, 0x0000000712200000, 0x0000000712200000|100%| O|  |TAMS 0x0000000712000000| PB 0x0000000712000000| Untracked |  0
|  21|0x0000000712200000, 0x0000000712400000, 0x0000000712400000|100%| O|  |TAMS 0x0000000712200000| PB 0x0000000712200000| Untracked |  0
|  22|0x0000000712400000, 0x0000000712600000, 0x0000000712600000|100%| O|  |TAMS 0x0000000712400000| PB 0x0000000712400000| Untracked |  0
|  23|0x0000000712600000, 0x0000000712800000, 0x0000000712800000|100%| O|  |TAMS 0x0000000712600000| PB 0x0000000712600000| Untracked |  0
|  24|0x0000000712800000, 0x0000000712a00000, 0x0000000712a00000|100%| O|  |TAMS 0x0000000712800000| PB 0x0000000712800000| Untracked |  0
|  25|0x0000000712a00000, 0x0000000712c00000, 0x0000000712c00000|100%|HS|  |TAMS 0x0000000712a00000| PB 0x0000000712a00000| Complete |  0
|  26|0x0000000712c00000, 0x0000000712e00000, 0x0000000712e00000|100%|HC|  |TAMS 0x0000000712c00000| PB 0x0000000712c00000| Complete |  0
|  27|0x0000000712e00000, 0x0000000713000000, 0x0000000713000000|100%|HC|  |TAMS 0x0000000712e00000| PB 0x0000000712e00000| Complete |  0
|  28|0x0000000713000000, 0x0000000713200000, 0x0000000713200000|100%|HC|  |TAMS 0x0000000713000000| PB 0x0000000713000000| Complete |  0
|  29|0x0000000713200000, 0x0000000713400000, 0x0000000713400000|100%|HC|  |TAMS 0x0000000713200000| PB 0x0000000713200000| Complete |  0
|  30|0x0000000713400000, 0x0000000713600000, 0x0000000713600000|100%|HC|  |TAMS 0x0000000713400000| PB 0x0000000713400000| Complete |  0
|  31|0x0000000713600000, 0x0000000713800000, 0x0000000713800000|100%| O|  |TAMS 0x0000000713600000| PB 0x0000000713600000| Untracked |  0
|  32|0x0000000713800000, 0x0000000713a00000, 0x0000000713a00000|100%| O|  |TAMS 0x0000000713800000| PB 0x0000000713800000| Untracked |  0
|  33|0x0000000713a00000, 0x0000000713c00000, 0x0000000713c00000|100%| O|  |TAMS 0x0000000713a00000| PB 0x0000000713a00000| Untracked |  0
|  34|0x0000000713c00000, 0x0000000713e00000, 0x0000000713e00000|100%| O|  |TAMS 0x0000000713c00000| PB 0x0000000713c00000| Untracked |  0
|  35|0x0000000713e00000, 0x0000000714000000, 0x0000000714000000|100%| O|  |TAMS 0x0000000713e00000| PB 0x0000000713e00000| Untracked |  0
|  36|0x0000000714000000, 0x0000000714200000, 0x0000000714200000|100%| O|  |TAMS 0x0000000714000000| PB 0x0000000714000000| Untracked |  0
|  37|0x0000000714200000, 0x0000000714400000, 0x0000000714400000|100%| O|  |TAMS 0x0000000714200000| PB 0x0000000714200000| Untracked |  0
|  38|0x0000000714400000, 0x0000000714600000, 0x0000000714600000|100%| O|  |TAMS 0x0000000714400000| PB 0x0000000714400000| Untracked |  0
|  39|0x0000000714600000, 0x0000000714800000, 0x0000000714800000|100%| O|  |TAMS 0x0000000714600000| PB 0x0000000714600000| Untracked |  0
|  40|0x0000000714800000, 0x0000000714a00000, 0x0000000714a00000|100%| O|  |TAMS 0x0000000714800000| PB 0x0000000714800000| Untracked |  0
|  41|0x0000000714a00000, 0x0000000714c00000, 0x0000000714c00000|100%| O|  |TAMS 0x0000000714a00000| PB 0x0000000714a00000| Untracked |  0
|  42|0x0000000714c00000, 0x0000000714e00000, 0x0000000714e00000|100%| O|  |TAMS 0x0000000714c00000| PB 0x0000000714c00000| Untracked |  0
|  43|0x0000000714e00000, 0x0000000715000000, 0x0000000715000000|100%| O|  |TAMS 0x0000000714e00000| PB 0x0000000714e00000| Untracked |  0
|  44|0x0000000715000000, 0x0000000715200000, 0x0000000715200000|100%| O|  |TAMS 0x0000000715000000| PB 0x0000000715000000| Untracked |  0
|  45|0x0000000715200000, 0x0000000715400000, 0x0000000715400000|100%| O|  |TAMS 0x0000000715200000| PB 0x0000000715200000| Untracked |  0
|  46|0x0000000715400000, 0x0000000715600000, 0x0000000715600000|100%| O|  |TAMS 0x0000000715400000| PB 0x0000000715400000| Untracked |  0
|  47|0x0000000715600000, 0x0000000715800000, 0x0000000715800000|100%| O|  |TAMS 0x0000000715600000| PB 0x0000000715600000| Untracked |  0
|  48|0x0000000715800000, 0x0000000715a00000, 0x0000000715a00000|100%| O|  |TAMS 0x0000000715800000| PB 0x0000000715800000| Untracked |  0
|  49|0x0000000715a00000, 0x0000000715c00000, 0x0000000715c00000|100%| O|  |TAMS 0x0000000715a00000| PB 0x0000000715a00000| Untracked |  0
|  50|0x0000000715c00000, 0x0000000715e00000, 0x0000000715e00000|100%|HS|  |TAMS 0x0000000715c00000| PB 0x0000000715c00000| Complete |  0
|  51|0x0000000715e00000, 0x0000000716000000, 0x0000000716000000|100%|HS|  |TAMS 0x0000000715e00000| PB 0x0000000715e00000| Complete |  0
|  52|0x0000000716000000, 0x0000000716200000, 0x0000000716200000|100%| O|  |TAMS 0x0000000716000000| PB 0x0000000716000000| Untracked |  0
|  53|0x0000000716200000, 0x0000000716400000, 0x0000000716400000|100%| O|  |TAMS 0x0000000716200000| PB 0x0000000716200000| Untracked |  0
|  54|0x0000000716400000, 0x0000000716600000, 0x0000000716600000|100%| O|  |TAMS 0x0000000716400000| PB 0x0000000716400000| Untracked |  0
|  55|0x0000000716600000, 0x0000000716800000, 0x0000000716800000|100%| O|  |TAMS 0x0000000716600000| PB 0x0000000716600000| Untracked |  0
|  56|0x0000000716800000, 0x0000000716a00000, 0x0000000716a00000|100%| O|  |TAMS 0x0000000716800000| PB 0x0000000716800000| Untracked |  0
|  57|0x0000000716a00000, 0x0000000716c00000, 0x0000000716c00000|100%| O|  |TAMS 0x0000000716a00000| PB 0x0000000716a00000| Untracked |  0
|  58|0x0000000716c00000, 0x0000000716e00000, 0x0000000716e00000|100%| O|  |TAMS 0x0000000716c00000| PB 0x0000000716c00000| Untracked |  0
|  59|0x0000000716e00000, 0x0000000717000000, 0x0000000717000000|100%| O|  |TAMS 0x0000000716e00000| PB 0x0000000716e00000| Untracked |  0
|  60|0x0000000717000000, 0x0000000717200000, 0x0000000717200000|100%| O|  |TAMS 0x0000000717000000| PB 0x0000000717000000| Untracked |  0
|  61|0x0000000717200000, 0x0000000717400000, 0x0000000717400000|100%| O|  |TAMS 0x0000000717200000| PB 0x0000000717200000| Untracked |  0
|  62|0x0000000717400000, 0x0000000717600000, 0x0000000717600000|100%| O|  |TAMS 0x0000000717400000| PB 0x0000000717400000| Untracked |  0
|  63|0x0000000717600000, 0x0000000717800000, 0x0000000717800000|100%| O|  |TAMS 0x0000000717600000| PB 0x0000000717600000| Untracked |  0
|  64|0x0000000717800000, 0x0000000717a00000, 0x0000000717a00000|100%| O|  |TAMS 0x0000000717800000| PB 0x0000000717800000| Untracked |  0
|  65|0x0000000717a00000, 0x0000000717c00000, 0x0000000717c00000|100%| O|  |TAMS 0x0000000717a00000| PB 0x0000000717a00000| Untracked |  0
|  66|0x0000000717c00000, 0x0000000717e00000, 0x0000000717e00000|100%| O|  |TAMS 0x0000000717c00000| PB 0x0000000717c00000| Untracked |  0
|  67|0x0000000717e00000, 0x0000000718000000, 0x0000000718000000|100%| O|  |TAMS 0x0000000717e00000| PB 0x0000000717e00000| Untracked |  0
|  68|0x0000000718000000, 0x0000000718200000, 0x0000000718200000|100%| O|  |TAMS 0x0000000718000000| PB 0x0000000718000000| Untracked |  0
|  69|0x0000000718200000, 0x0000000718400000, 0x0000000718400000|100%| O|  |TAMS 0x0000000718200000| PB 0x0000000718200000| Untracked |  0
|  70|0x0000000718400000, 0x0000000718600000, 0x0000000718600000|100%| O|  |TAMS 0x0000000718400000| PB 0x0000000718400000| Untracked |  0
|  71|0x0000000718600000, 0x0000000718800000, 0x0000000718800000|100%| O|  |TAMS 0x0000000718600000| PB 0x0000000718600000| Untracked |  0
|  72|0x0000000718800000, 0x0000000718a00000, 0x0000000718a00000|100%| O|  |TAMS 0x0000000718800000| PB 0x0000000718800000| Untracked |  0
|  73|0x0000000718a00000, 0x0000000718c00000, 0x0000000718c00000|100%| O|  |TAMS 0x0000000718a00000| PB 0x0000000718a00000| Untracked |  0
|  74|0x0000000718c00000, 0x0000000718e00000, 0x0000000718e00000|100%| O|  |TAMS 0x0000000718c00000| PB 0x0000000718c00000| Untracked |  0
|  75|0x0000000718e00000, 0x0000000719000000, 0x0000000719000000|100%| O|  |TAMS 0x0000000718e00000| PB 0x0000000718e00000| Untracked |  0
|  76|0x0000000719000000, 0x0000000719200000, 0x0000000719200000|100%| O|  |TAMS 0x0000000719000000| PB 0x0000000719000000| Untracked |  0
|  77|0x0000000719200000, 0x0000000719400000, 0x0000000719400000|100%| O|  |TAMS 0x0000000719200000| PB 0x0000000719200000| Untracked |  0
|  78|0x0000000719400000, 0x0000000719600000, 0x0000000719600000|100%| O|  |TAMS 0x0000000719400000| PB 0x0000000719400000| Untracked |  0
|  79|0x0000000719600000, 0x0000000719800000, 0x0000000719800000|100%| O|  |TAMS 0x0000000719600000| PB 0x0000000719600000| Untracked |  0
|  80|0x0000000719800000, 0x0000000719a00000, 0x0000000719a00000|100%| O|  |TAMS 0x0000000719800000| PB 0x0000000719800000| Untracked |  0
|  81|0x0000000719a00000, 0x0000000719c00000, 0x0000000719c00000|100%| O|  |TAMS 0x0000000719a00000| PB 0x0000000719a00000| Untracked |  0
|  82|0x0000000719c00000, 0x0000000719e00000, 0x0000000719e00000|100%| O|  |TAMS 0x0000000719c00000| PB 0x0000000719c00000| Untracked |  0
|  83|0x0000000719e00000, 0x000000071a000000, 0x000000071a000000|100%| O|  |TAMS 0x0000000719e00000| PB 0x0000000719e00000| Untracked |  0
|  84|0x000000071a000000, 0x000000071a200000, 0x000000071a200000|100%| O|  |TAMS 0x000000071a000000| PB 0x000000071a000000| Untracked |  0
|  85|0x000000071a200000, 0x000000071a400000, 0x000000071a400000|100%| O|  |TAMS 0x000000071a200000| PB 0x000000071a200000| Untracked |  0
|  86|0x000000071a400000, 0x000000071a600000, 0x000000071a600000|100%| O|  |TAMS 0x000000071a400000| PB 0x000000071a400000| Untracked |  0
|  87|0x000000071a600000, 0x000000071a800000, 0x000000071a800000|100%| O|  |TAMS 0x000000071a600000| PB 0x000000071a600000| Untracked |  0
|  88|0x000000071a800000, 0x000000071aa00000, 0x000000071aa00000|100%| O|  |TAMS 0x000000071a800000| PB 0x000000071a800000| Untracked |  0
|  89|0x000000071aa00000, 0x000000071ac00000, 0x000000071ac00000|100%| O|  |TAMS 0x000000071aa00000| PB 0x000000071aa00000| Untracked |  0
|  90|0x000000071ac00000, 0x000000071ae00000, 0x000000071ae00000|100%| O|  |TAMS 0x000000071ac00000| PB 0x000000071ac00000| Untracked |  0
|  91|0x000000071ae00000, 0x000000071b000000, 0x000000071b000000|100%| O|  |TAMS 0x000000071ae00000| PB 0x000000071ae00000| Untracked |  0
|  92|0x000000071b000000, 0x000000071b200000, 0x000000071b200000|100%| O|  |TAMS 0x000000071b000000| PB 0x000000071b000000| Untracked |  0
|  93|0x000000071b200000, 0x000000071b400000, 0x000000071b400000|100%| O|  |TAMS 0x000000071b200000| PB 0x000000071b200000| Untracked |  0
|  94|0x000000071b400000, 0x000000071b400000, 0x000000071b600000|  0%| F|  |TAMS 0x000000071b400000| PB 0x000000071b400000| Untracked |  0
|  95|0x000000071b600000, 0x000000071b800000, 0x000000071b800000|100%| O|  |TAMS 0x000000071b600000| PB 0x000000071b600000| Untracked |  0
|  96|0x000000071b800000, 0x000000071b800000, 0x000000071ba00000|  0%| F|  |TAMS 0x000000071b800000| PB 0x000000071b800000| Untracked |  0
|  97|0x000000071ba00000, 0x000000071bc00000, 0x000000071bc00000|100%| O|  |TAMS 0x000000071ba00000| PB 0x000000071ba00000| Untracked |  0
|  98|0x000000071bc00000, 0x000000071be00000, 0x000000071be00000|100%| O|  |TAMS 0x000000071bc00000| PB 0x000000071bc00000| Untracked |  0
|  99|0x000000071be00000, 0x000000071c000000, 0x000000071c000000|100%| O|Cm|TAMS 0x000000071be00000| PB 0x000000071be00000| Complete |  0
| 100|0x000000071c000000, 0x000000071c000000, 0x000000071c200000|  0%| F|  |TAMS 0x000000071c000000| PB 0x000000071c000000| Untracked |  0
| 101|0x000000071c200000, 0x000000071c400000, 0x000000071c400000|100%| O|  |TAMS 0x000000071c200000| PB 0x000000071c200000| Untracked |  0
| 102|0x000000071c400000, 0x000000071c600000, 0x000000071c600000|100%| O|  |TAMS 0x000000071c400000| PB 0x000000071c400000| Untracked |  0
| 103|0x000000071c600000, 0x000000071c800000, 0x000000071c800000|100%| O|  |TAMS 0x000000071c600000| PB 0x000000071c600000| Untracked |  0
| 104|0x000000071c800000, 0x000000071c800000, 0x000000071ca00000|  0%| F|  |TAMS 0x000000071c800000| PB 0x000000071c800000| Untracked |  0
| 105|0x000000071ca00000, 0x000000071cc00000, 0x000000071cc00000|100%| O|  |TAMS 0x000000071ca00000| PB 0x000000071ca00000| Untracked |  0
| 106|0x000000071cc00000, 0x000000071ce00000, 0x000000071ce00000|100%| O|  |TAMS 0x000000071cc00000| PB 0x000000071cc00000| Untracked |  0
| 107|0x000000071ce00000, 0x000000071d000000, 0x000000071d000000|100%| O|  |TAMS 0x000000071ce00000| PB 0x000000071ce00000| Untracked |  0
| 108|0x000000071d000000, 0x000000071d200000, 0x000000071d200000|100%| O|Cm|TAMS 0x000000071d000000| PB 0x000000071d000000| Complete |  0
| 109|0x000000071d200000, 0x000000071d400000, 0x000000071d400000|100%| O|  |TAMS 0x000000071d200000| PB 0x000000071d200000| Untracked |  0
| 110|0x000000071d400000, 0x000000071d400000, 0x000000071d600000|  0%| F|  |TAMS 0x000000071d400000| PB 0x000000071d400000| Untracked |  0
| 111|0x000000071d600000, 0x000000071d800000, 0x000000071d800000|100%| O|  |TAMS 0x000000071d600000| PB 0x000000071d600000| Untracked |  0
| 112|0x000000071d800000, 0x000000071da00000, 0x000000071da00000|100%| O|  |TAMS 0x000000071d800000| PB 0x000000071d800000| Untracked |  0
| 113|0x000000071da00000, 0x000000071da00000, 0x000000071dc00000|  0%| F|  |TAMS 0x000000071da00000| PB 0x000000071da00000| Untracked |  0
| 114|0x000000071dc00000, 0x000000071dc00000, 0x000000071de00000|  0%| F|  |TAMS 0x000000071dc00000| PB 0x000000071dc00000| Untracked |  0
| 115|0x000000071de00000, 0x000000071e000000, 0x000000071e000000|100%| O|Cm|TAMS 0x000000071de00000| PB 0x000000071de00000| Complete |  0
| 116|0x000000071e000000, 0x000000071e000000, 0x000000071e200000|  0%| F|  |TAMS 0x000000071e000000| PB 0x000000071e000000| Untracked |  0
| 117|0x000000071e200000, 0x000000071e400000, 0x000000071e400000|100%| O|  |TAMS 0x000000071e200000| PB 0x000000071e200000| Untracked |  0
| 118|0x000000071e400000, 0x000000071e600000, 0x000000071e600000|100%| O|  |TAMS 0x000000071e400000| PB 0x000000071e400000| Untracked |  0
| 119|0x000000071e600000, 0x000000071e800000, 0x000000071e800000|100%| O|  |TAMS 0x000000071e600000| PB 0x000000071e600000| Untracked |  0
| 120|0x000000071e800000, 0x000000071ea00000, 0x000000071ea00000|100%| O|  |TAMS 0x000000071e800000| PB 0x000000071e800000| Untracked |  0
| 121|0x000000071ea00000, 0x000000071ea00000, 0x000000071ec00000|  0%| F|  |TAMS 0x000000071ea00000| PB 0x000000071ea00000| Untracked |  0
| 122|0x000000071ec00000, 0x000000071ee00000, 0x000000071ee00000|100%| O|  |TAMS 0x000000071ec00000| PB 0x000000071ec00000| Untracked |  0
| 123|0x000000071ee00000, 0x000000071f000000, 0x000000071f000000|100%| O|  |TAMS 0x000000071ee00000| PB 0x000000071ee00000| Untracked |  0
| 124|0x000000071f000000, 0x000000071f000000, 0x000000071f200000|  0%| F|  |TAMS 0x000000071f000000| PB 0x000000071f000000| Untracked |  0
| 125|0x000000071f200000, 0x000000071f400000, 0x000000071f400000|100%| O|  |TAMS 0x000000071f200000| PB 0x000000071f200000| Untracked |  0
| 126|0x000000071f400000, 0x000000071f600000, 0x000000071f600000|100%| O|  |TAMS 0x000000071f400000| PB 0x000000071f400000| Untracked |  0
| 127|0x000000071f600000, 0x000000071f800000, 0x000000071f800000|100%| O|  |TAMS 0x000000071f600000| PB 0x000000071f600000| Untracked |  0
| 128|0x000000071f800000, 0x000000071f800000, 0x000000071fa00000|  0%| F|  |TAMS 0x000000071f800000| PB 0x000000071f800000| Untracked |  0
| 129|0x000000071fa00000, 0x000000071fa00000, 0x000000071fc00000|  0%| F|  |TAMS 0x000000071fa00000| PB 0x000000071fa00000| Untracked |  0
| 130|0x000000071fc00000, 0x000000071fc00000, 0x000000071fe00000|  0%| F|  |TAMS 0x000000071fc00000| PB 0x000000071fc00000| Untracked |  0
| 131|0x000000071fe00000, 0x0000000720000000, 0x0000000720000000|100%| O|  |TAMS 0x000000071fe00000| PB 0x000000071fe00000| Untracked |  0
| 132|0x0000000720000000, 0x0000000720200000, 0x0000000720200000|100%| O|Cm|TAMS 0x0000000720000000| PB 0x0000000720000000| Complete |  0
| 133|0x0000000720200000, 0x0000000720400000, 0x0000000720400000|100%| O|Cm|TAMS 0x0000000720200000| PB 0x0000000720200000| Complete |  0
| 134|0x0000000720400000, 0x0000000720400000, 0x0000000720600000|  0%| F|  |TAMS 0x0000000720400000| PB 0x0000000720400000| Untracked |  0
| 135|0x0000000720600000, 0x0000000720800000, 0x0000000720800000|100%| O|  |TAMS 0x0000000720600000| PB 0x0000000720600000| Untracked |  0
| 136|0x0000000720800000, 0x0000000720a00000, 0x0000000720a00000|100%| O|  |TAMS 0x0000000720800000| PB 0x0000000720800000| Untracked |  0
| 137|0x0000000720a00000, 0x0000000720c00000, 0x0000000720c00000|100%| O|  |TAMS 0x0000000720a00000| PB 0x0000000720a00000| Untracked |  0
| 138|0x0000000720c00000, 0x0000000720e00000, 0x0000000720e00000|100%| O|  |TAMS 0x0000000720c00000| PB 0x0000000720c00000| Untracked |  0
| 139|0x0000000720e00000, 0x0000000721000000, 0x0000000721000000|100%| O|  |TAMS 0x0000000720e00000| PB 0x0000000720e00000| Untracked |  0
| 140|0x0000000721000000, 0x0000000721200000, 0x0000000721200000|100%| O|  |TAMS 0x0000000721000000| PB 0x0000000721000000| Untracked |  0
| 141|0x0000000721200000, 0x0000000721400000, 0x0000000721400000|100%| O|  |TAMS 0x0000000721200000| PB 0x0000000721200000| Untracked |  0
| 142|0x0000000721400000, 0x0000000721400000, 0x0000000721600000|  0%| F|  |TAMS 0x0000000721400000| PB 0x0000000721400000| Untracked |  0
| 143|0x0000000721600000, 0x0000000721800000, 0x0000000721800000|100%| O|  |TAMS 0x0000000721600000| PB 0x0000000721600000| Untracked |  0
| 144|0x0000000721800000, 0x0000000721800000, 0x0000000721a00000|  0%| F|  |TAMS 0x0000000721800000| PB 0x0000000721800000| Untracked |  0
| 145|0x0000000721a00000, 0x0000000721c00000, 0x0000000721c00000|100%| O|  |TAMS 0x0000000721a00000| PB 0x0000000721a00000| Untracked |  0
| 146|0x0000000721c00000, 0x0000000721c00000, 0x0000000721e00000|  0%| F|  |TAMS 0x0000000721c00000| PB 0x0000000721c00000| Untracked |  0
| 147|0x0000000721e00000, 0x0000000721e00000, 0x0000000722000000|  0%| F|  |TAMS 0x0000000721e00000| PB 0x0000000721e00000| Untracked |  0
| 148|0x0000000722000000, 0x0000000722000000, 0x0000000722200000|  0%| F|  |TAMS 0x0000000722000000| PB 0x0000000722000000| Untracked |  0
| 149|0x0000000722200000, 0x0000000722400000, 0x0000000722400000|100%| O|  |TAMS 0x0000000722200000| PB 0x0000000722200000| Untracked |  0
| 150|0x0000000722400000, 0x0000000722600000, 0x0000000722600000|100%| O|  |TAMS 0x0000000722400000| PB 0x0000000722400000| Untracked |  0
| 151|0x0000000722600000, 0x0000000722600000, 0x0000000722800000|  0%| F|  |TAMS 0x0000000722600000| PB 0x0000000722600000| Untracked |  0
| 152|0x0000000722800000, 0x0000000722800000, 0x0000000722a00000|  0%| F|  |TAMS 0x0000000722800000| PB 0x0000000722800000| Untracked |  0
| 153|0x0000000722a00000, 0x0000000722c00000, 0x0000000722c00000|100%| O|  |TAMS 0x0000000722a00000| PB 0x0000000722a00000| Untracked |  0
| 154|0x0000000722c00000, 0x0000000722e00000, 0x0000000722e00000|100%| O|  |TAMS 0x0000000722c00000| PB 0x0000000722c00000| Untracked |  0
| 155|0x0000000722e00000, 0x0000000722e00000, 0x0000000723000000|  0%| F|  |TAMS 0x0000000722e00000| PB 0x0000000722e00000| Untracked |  0
| 156|0x0000000723000000, 0x0000000723200000, 0x0000000723200000|100%| O|  |TAMS 0x0000000723000000| PB 0x0000000723000000| Untracked |  0
| 157|0x0000000723200000, 0x0000000723400000, 0x0000000723400000|100%| O|  |TAMS 0x0000000723200000| PB 0x0000000723200000| Untracked |  0
| 158|0x0000000723400000, 0x0000000723600000, 0x0000000723600000|100%| O|  |TAMS 0x0000000723400000| PB 0x0000000723400000| Untracked |  0
| 159|0x0000000723600000, 0x0000000723600000, 0x0000000723800000|  0%| F|  |TAMS 0x0000000723600000| PB 0x0000000723600000| Untracked |  0
| 160|0x0000000723800000, 0x0000000723a00000, 0x0000000723a00000|100%| O|  |TAMS 0x0000000723800000| PB 0x0000000723800000| Untracked |  0
| 161|0x0000000723a00000, 0x0000000723a00000, 0x0000000723c00000|  0%| F|  |TAMS 0x0000000723a00000| PB 0x0000000723a00000| Untracked |  0
| 162|0x0000000723c00000, 0x0000000723e00000, 0x0000000723e00000|100%| O|  |TAMS 0x0000000723c00000| PB 0x0000000723c00000| Untracked |  0
| 163|0x0000000723e00000, 0x0000000724000000, 0x0000000724000000|100%| O|  |TAMS 0x0000000723e00000| PB 0x0000000723e00000| Untracked |  0
| 164|0x0000000724000000, 0x0000000724200000, 0x0000000724200000|100%| O|  |TAMS 0x0000000724000000| PB 0x0000000724000000| Untracked |  0
| 165|0x0000000724200000, 0x0000000724400000, 0x0000000724400000|100%| O|  |TAMS 0x0000000724200000| PB 0x0000000724200000| Untracked |  0
| 166|0x0000000724400000, 0x0000000724600000, 0x0000000724600000|100%| O|  |TAMS 0x0000000724400000| PB 0x0000000724400000| Untracked |  0
| 167|0x0000000724600000, 0x0000000724800000, 0x0000000724800000|100%| O|  |TAMS 0x0000000724600000| PB 0x0000000724600000| Untracked |  0
| 168|0x0000000724800000, 0x0000000724800000, 0x0000000724a00000|  0%| F|  |TAMS 0x0000000724800000| PB 0x0000000724800000| Untracked |  0
| 169|0x0000000724a00000, 0x0000000724a00000, 0x0000000724c00000|  0%| F|  |TAMS 0x0000000724a00000| PB 0x0000000724a00000| Untracked |  0
| 170|0x0000000724c00000, 0x0000000724c00000, 0x0000000724e00000|  0%| F|  |TAMS 0x0000000724c00000| PB 0x0000000724c00000| Untracked |  0
| 171|0x0000000724e00000, 0x0000000724e00000, 0x0000000725000000|  0%| F|  |TAMS 0x0000000724e00000| PB 0x0000000724e00000| Untracked |  0
| 172|0x0000000725000000, 0x0000000725000000, 0x0000000725200000|  0%| F|  |TAMS 0x0000000725000000| PB 0x0000000725000000| Untracked |  0
| 173|0x0000000725200000, 0x0000000725400000, 0x0000000725400000|100%| O|  |TAMS 0x0000000725200000| PB 0x0000000725200000| Untracked |  0
| 174|0x0000000725400000, 0x0000000725600000, 0x0000000725600000|100%| O|  |TAMS 0x0000000725400000| PB 0x0000000725400000| Untracked |  0
| 175|0x0000000725600000, 0x0000000725800000, 0x0000000725800000|100%| O|  |TAMS 0x0000000725600000| PB 0x0000000725600000| Untracked |  0
| 176|0x0000000725800000, 0x0000000725a00000, 0x0000000725a00000|100%| O|  |TAMS 0x0000000725800000| PB 0x0000000725800000| Untracked |  0
| 177|0x0000000725a00000, 0x0000000725c00000, 0x0000000725c00000|100%| O|  |TAMS 0x0000000725a00000| PB 0x0000000725a00000| Untracked |  0
| 178|0x0000000725c00000, 0x0000000725c00000, 0x0000000725e00000|  0%| F|  |TAMS 0x0000000725c00000| PB 0x0000000725c00000| Untracked |  0
| 179|0x0000000725e00000, 0x0000000725e00000, 0x0000000726000000|  0%| F|  |TAMS 0x0000000725e00000| PB 0x0000000725e00000| Untracked |  0
| 180|0x0000000726000000, 0x0000000726000000, 0x0000000726200000|  0%| F|  |TAMS 0x0000000726000000| PB 0x0000000726000000| Untracked |  0
| 181|0x0000000726200000, 0x0000000726400000, 0x0000000726400000|100%| O|  |TAMS 0x0000000726200000| PB 0x0000000726200000| Untracked |  0
| 182|0x0000000726400000, 0x0000000726400000, 0x0000000726600000|  0%| F|  |TAMS 0x0000000726400000| PB 0x0000000726400000| Untracked |  0
| 183|0x0000000726600000, 0x0000000726600000, 0x0000000726800000|  0%| F|  |TAMS 0x0000000726600000| PB 0x0000000726600000| Untracked |  0
| 184|0x0000000726800000, 0x0000000726a00000, 0x0000000726a00000|100%| O|  |TAMS 0x0000000726800000| PB 0x0000000726800000| Untracked |  0
| 185|0x0000000726a00000, 0x0000000726c00000, 0x0000000726c00000|100%| O|Cm|TAMS 0x0000000726a00000| PB 0x0000000726a00000| Complete |  0
| 186|0x0000000726c00000, 0x0000000726e00000, 0x0000000726e00000|100%| O|  |TAMS 0x0000000726c00000| PB 0x0000000726c00000| Untracked |  0
| 187|0x0000000726e00000, 0x0000000727000000, 0x0000000727000000|100%| O|  |TAMS 0x0000000726e00000| PB 0x0000000726e00000| Untracked |  0
| 188|0x0000000727000000, 0x0000000727200000, 0x0000000727200000|100%| O|Cm|TAMS 0x0000000727000000| PB 0x0000000727000000| Complete |  0
| 189|0x0000000727200000, 0x0000000727400000, 0x0000000727400000|100%| O|  |TAMS 0x0000000727200000| PB 0x0000000727200000| Untracked |  0
| 190|0x0000000727400000, 0x0000000727600000, 0x0000000727600000|100%| O|  |TAMS 0x0000000727400000| PB 0x0000000727400000| Untracked |  0
| 191|0x0000000727600000, 0x0000000727800000, 0x0000000727800000|100%| O|  |TAMS 0x0000000727600000| PB 0x0000000727600000| Untracked |  0
| 192|0x0000000727800000, 0x0000000727a00000, 0x0000000727a00000|100%| O|  |TAMS 0x0000000727800000| PB 0x0000000727800000| Untracked |  0
| 193|0x0000000727a00000, 0x0000000727a00000, 0x0000000727c00000|  0%| F|  |TAMS 0x0000000727a00000| PB 0x0000000727a00000| Untracked |  0
| 194|0x0000000727c00000, 0x0000000727c00000, 0x0000000727e00000|  0%| F|  |TAMS 0x0000000727c00000| PB 0x0000000727c00000| Untracked |  0
| 195|0x0000000727e00000, 0x0000000728000000, 0x0000000728000000|100%| O|  |TAMS 0x0000000727e00000| PB 0x0000000727e00000| Untracked |  0
| 196|0x0000000728000000, 0x0000000728000000, 0x0000000728200000|  0%| F|  |TAMS 0x0000000728000000| PB 0x0000000728000000| Untracked |  0
| 197|0x0000000728200000, 0x0000000728200000, 0x0000000728400000|  0%| F|  |TAMS 0x0000000728200000| PB 0x0000000728200000| Untracked |  0
| 198|0x0000000728400000, 0x0000000728600000, 0x0000000728600000|100%| O|  |TAMS 0x0000000728400000| PB 0x0000000728400000| Untracked |  0
| 199|0x0000000728600000, 0x0000000728800000, 0x0000000728800000|100%| O|  |TAMS 0x0000000728600000| PB 0x0000000728600000| Untracked |  0
| 200|0x0000000728800000, 0x0000000728a00000, 0x0000000728a00000|100%| O|  |TAMS 0x0000000728800000| PB 0x0000000728800000| Untracked |  0
| 201|0x0000000728a00000, 0x0000000728a00000, 0x0000000728c00000|  0%| F|  |TAMS 0x0000000728a00000| PB 0x0000000728a00000| Untracked |  0
| 202|0x0000000728c00000, 0x0000000728c00000, 0x0000000728e00000|  0%| F|  |TAMS 0x0000000728c00000| PB 0x0000000728c00000| Untracked |  0
| 203|0x0000000728e00000, 0x0000000729000000, 0x0000000729000000|100%| O|Cm|TAMS 0x0000000728e00000| PB 0x0000000728e00000| Complete |  0
| 204|0x0000000729000000, 0x0000000729000000, 0x0000000729200000|  0%| F|  |TAMS 0x0000000729000000| PB 0x0000000729000000| Untracked |  0
| 205|0x0000000729200000, 0x0000000729200000, 0x0000000729400000|  0%| F|  |TAMS 0x0000000729200000| PB 0x0000000729200000| Untracked |  0
| 206|0x0000000729400000, 0x0000000729600000, 0x0000000729600000|100%| O|  |TAMS 0x0000000729400000| PB 0x0000000729400000| Untracked |  0
| 207|0x0000000729600000, 0x0000000729600000, 0x0000000729800000|  0%| F|  |TAMS 0x0000000729600000| PB 0x0000000729600000| Untracked |  0
| 208|0x0000000729800000, 0x0000000729800000, 0x0000000729a00000|  0%| F|  |TAMS 0x0000000729800000| PB 0x0000000729800000| Untracked |  0
| 209|0x0000000729a00000, 0x0000000729c00000, 0x0000000729c00000|100%| O|  |TAMS 0x0000000729a00000| PB 0x0000000729a00000| Untracked |  0
| 210|0x0000000729c00000, 0x0000000729e00000, 0x0000000729e00000|100%| O|  |TAMS 0x0000000729c00000| PB 0x0000000729c00000| Untracked |  0
| 211|0x0000000729e00000, 0x000000072a000000, 0x000000072a000000|100%| O|  |TAMS 0x0000000729e00000| PB 0x0000000729e00000| Untracked |  0
| 212|0x000000072a000000, 0x000000072a200000, 0x000000072a200000|100%| O|  |TAMS 0x000000072a000000| PB 0x000000072a000000| Untracked |  0
| 213|0x000000072a200000, 0x000000072a400000, 0x000000072a400000|100%| O|  |TAMS 0x000000072a200000| PB 0x000000072a200000| Untracked |  0
| 214|0x000000072a400000, 0x000000072a600000, 0x000000072a600000|100%| O|  |TAMS 0x000000072a400000| PB 0x000000072a400000| Untracked |  0
| 215|0x000000072a600000, 0x000000072a800000, 0x000000072a800000|100%| O|  |TAMS 0x000000072a600000| PB 0x000000072a600000| Untracked |  0
| 216|0x000000072a800000, 0x000000072aa00000, 0x000000072aa00000|100%| O|  |TAMS 0x000000072a800000| PB 0x000000072a800000| Untracked |  0
| 217|0x000000072aa00000, 0x000000072aa00000, 0x000000072ac00000|  0%| F|  |TAMS 0x000000072aa00000| PB 0x000000072aa00000| Untracked |  0
| 218|0x000000072ac00000, 0x000000072ae00000, 0x000000072ae00000|100%| O|  |TAMS 0x000000072ac00000| PB 0x000000072ac00000| Untracked |  0
| 219|0x000000072ae00000, 0x000000072b000000, 0x000000072b000000|100%| O|  |TAMS 0x000000072ae00000| PB 0x000000072ae00000| Untracked |  0
| 220|0x000000072b000000, 0x000000072b200000, 0x000000072b200000|100%| O|  |TAMS 0x000000072b000000| PB 0x000000072b000000| Untracked |  0
| 221|0x000000072b200000, 0x000000072b200000, 0x000000072b400000|  0%| F|  |TAMS 0x000000072b200000| PB 0x000000072b200000| Untracked |  0
| 222|0x000000072b400000, 0x000000072b600000, 0x000000072b600000|100%| O|  |TAMS 0x000000072b400000| PB 0x000000072b400000| Untracked |  0
| 223|0x000000072b600000, 0x000000072b800000, 0x000000072b800000|100%| O|  |TAMS 0x000000072b600000| PB 0x000000072b600000| Untracked |  0
| 224|0x000000072b800000, 0x000000072ba00000, 0x000000072ba00000|100%| O|Cm|TAMS 0x000000072b800000| PB 0x000000072b800000| Complete |  0
| 225|0x000000072ba00000, 0x000000072ba00000, 0x000000072bc00000|  0%| F|  |TAMS 0x000000072ba00000| PB 0x000000072ba00000| Untracked |  0
| 226|0x000000072bc00000, 0x000000072be00000, 0x000000072be00000|100%| O|  |TAMS 0x000000072bc00000| PB 0x000000072bc00000| Untracked |  0
| 227|0x000000072be00000, 0x000000072c000000, 0x000000072c000000|100%| O|Cm|TAMS 0x000000072be00000| PB 0x000000072be00000| Complete |  0
| 228|0x000000072c000000, 0x000000072c000000, 0x000000072c200000|  0%| F|  |TAMS 0x000000072c000000| PB 0x000000072c000000| Untracked |  0
| 229|0x000000072c200000, 0x000000072c200000, 0x000000072c400000|  0%| F|  |TAMS 0x000000072c200000| PB 0x000000072c200000| Untracked |  0
| 230|0x000000072c400000, 0x000000072c600000, 0x000000072c600000|100%| O|  |TAMS 0x000000072c400000| PB 0x000000072c400000| Untracked |  0
| 231|0x000000072c600000, 0x000000072c800000, 0x000000072c800000|100%| O|  |TAMS 0x000000072c600000| PB 0x000000072c600000| Untracked |  0
| 232|0x000000072c800000, 0x000000072c800000, 0x000000072ca00000|  0%| F|  |TAMS 0x000000072c800000| PB 0x000000072c800000| Untracked |  0
| 233|0x000000072ca00000, 0x000000072cc00000, 0x000000072cc00000|100%| O|Cm|TAMS 0x000000072ca00000| PB 0x000000072ca00000| Complete |  0
| 234|0x000000072cc00000, 0x000000072ce00000, 0x000000072ce00000|100%| O|  |TAMS 0x000000072cc00000| PB 0x000000072cc00000| Untracked |  0
| 235|0x000000072ce00000, 0x000000072d000000, 0x000000072d000000|100%| O|  |TAMS 0x000000072ce00000| PB 0x000000072ce00000| Untracked |  0
| 236|0x000000072d000000, 0x000000072d200000, 0x000000072d200000|100%| O|Cm|TAMS 0x000000072d000000| PB 0x000000072d000000| Complete |  0
| 237|0x000000072d200000, 0x000000072d400000, 0x000000072d400000|100%| O|  |TAMS 0x000000072d200000| PB 0x000000072d200000| Untracked |  0
| 238|0x000000072d400000, 0x000000072d600000, 0x000000072d600000|100%| O|  |TAMS 0x000000072d400000| PB 0x000000072d400000| Untracked |  0
| 239|0x000000072d600000, 0x000000072d800000, 0x000000072d800000|100%| O|Cm|TAMS 0x000000072d600000| PB 0x000000072d600000| Complete |  0
| 240|0x000000072d800000, 0x000000072da00000, 0x000000072da00000|100%| O|  |TAMS 0x000000072d800000| PB 0x000000072d800000| Untracked |  0
| 241|0x000000072da00000, 0x000000072dc00000, 0x000000072dc00000|100%| O|  |TAMS 0x000000072da00000| PB 0x000000072da00000| Untracked |  0
| 242|0x000000072dc00000, 0x000000072de00000, 0x000000072de00000|100%| O|  |TAMS 0x000000072dc00000| PB 0x000000072dc00000| Untracked |  0
| 243|0x000000072de00000, 0x000000072e000000, 0x000000072e000000|100%| O|  |TAMS 0x000000072de00000| PB 0x000000072de00000| Untracked |  0
| 244|0x000000072e000000, 0x000000072e200000, 0x000000072e200000|100%| O|  |TAMS 0x000000072e000000| PB 0x000000072e000000| Untracked |  0
| 245|0x000000072e200000, 0x000000072e400000, 0x000000072e400000|100%| O|  |TAMS 0x000000072e200000| PB 0x000000072e200000| Untracked |  0
| 246|0x000000072e400000, 0x000000072e600000, 0x000000072e600000|100%| O|  |TAMS 0x000000072e400000| PB 0x000000072e400000| Untracked |  0
| 247|0x000000072e600000, 0x000000072e800000, 0x000000072e800000|100%| O|  |TAMS 0x000000072e600000| PB 0x000000072e600000| Untracked |  0
| 248|0x000000072e800000, 0x000000072e800000, 0x000000072ea00000|  0%| F|  |TAMS 0x000000072e800000| PB 0x000000072e800000| Untracked |  0
| 249|0x000000072ea00000, 0x000000072ec00000, 0x000000072ec00000|100%| O|  |TAMS 0x000000072ea00000| PB 0x000000072ea00000| Untracked |  0
| 250|0x000000072ec00000, 0x000000072ec00000, 0x000000072ee00000|  0%| F|  |TAMS 0x000000072ec00000| PB 0x000000072ec00000| Untracked |  0
| 251|0x000000072ee00000, 0x000000072f000000, 0x000000072f000000|100%| O|  |TAMS 0x000000072ee00000| PB 0x000000072ee00000| Untracked |  0
| 252|0x000000072f000000, 0x000000072f200000, 0x000000072f200000|100%| O|  |TAMS 0x000000072f000000| PB 0x000000072f000000| Untracked |  0
| 253|0x000000072f200000, 0x000000072f400000, 0x000000072f400000|100%| O|  |TAMS 0x000000072f200000| PB 0x000000072f200000| Untracked |  0
| 254|0x000000072f400000, 0x000000072f600000, 0x000000072f600000|100%| O|  |TAMS 0x000000072f400000| PB 0x000000072f400000| Untracked |  0
| 255|0x000000072f600000, 0x000000072f800000, 0x000000072f800000|100%| O|  |TAMS 0x000000072f600000| PB 0x000000072f600000| Untracked |  0
| 256|0x000000072f800000, 0x000000072fa00000, 0x000000072fa00000|100%| O|  |TAMS 0x000000072f800000| PB 0x000000072f800000| Untracked |  0
| 257|0x000000072fa00000, 0x000000072fc00000, 0x000000072fc00000|100%| O|  |TAMS 0x000000072fa00000| PB 0x000000072fa00000| Untracked |  0
| 258|0x000000072fc00000, 0x000000072fe00000, 0x000000072fe00000|100%| O|  |TAMS 0x000000072fc00000| PB 0x000000072fc00000| Untracked |  0
| 259|0x000000072fe00000, 0x0000000730000000, 0x0000000730000000|100%| O|  |TAMS 0x000000072fe00000| PB 0x000000072fe00000| Untracked |  0
| 260|0x0000000730000000, 0x0000000730200000, 0x0000000730200000|100%| O|  |TAMS 0x0000000730000000| PB 0x0000000730000000| Untracked |  0
| 261|0x0000000730200000, 0x0000000730400000, 0x0000000730400000|100%| O|  |TAMS 0x0000000730200000| PB 0x0000000730200000| Untracked |  0
| 262|0x0000000730400000, 0x0000000730600000, 0x0000000730600000|100%| O|  |TAMS 0x0000000730400000| PB 0x0000000730400000| Untracked |  0
| 263|0x0000000730600000, 0x0000000730800000, 0x0000000730800000|100%| O|  |TAMS 0x0000000730600000| PB 0x0000000730600000| Untracked |  0
| 264|0x0000000730800000, 0x0000000730a00000, 0x0000000730a00000|100%| O|  |TAMS 0x0000000730800000| PB 0x0000000730800000| Untracked |  0
| 265|0x0000000730a00000, 0x0000000730c00000, 0x0000000730c00000|100%| O|  |TAMS 0x0000000730a00000| PB 0x0000000730a00000| Untracked |  0
| 266|0x0000000730c00000, 0x0000000730e00000, 0x0000000730e00000|100%| O|  |TAMS 0x0000000730c00000| PB 0x0000000730c00000| Untracked |  0
| 267|0x0000000730e00000, 0x0000000730e00000, 0x0000000731000000|  0%| F|  |TAMS 0x0000000730e00000| PB 0x0000000730e00000| Untracked |  0
| 268|0x0000000731000000, 0x0000000731200000, 0x0000000731200000|100%| O|Cm|TAMS 0x0000000731000000| PB 0x0000000731000000| Complete |  0
| 269|0x0000000731200000, 0x0000000731400000, 0x0000000731400000|100%| O|  |TAMS 0x0000000731200000| PB 0x0000000731200000| Untracked |  0
| 270|0x0000000731400000, 0x0000000731600000, 0x0000000731600000|100%| O|  |TAMS 0x0000000731400000| PB 0x0000000731400000| Untracked |  0
| 271|0x0000000731600000, 0x0000000731800000, 0x0000000731800000|100%| O|  |TAMS 0x0000000731600000| PB 0x0000000731600000| Untracked |  0
| 272|0x0000000731800000, 0x0000000731a00000, 0x0000000731a00000|100%| O|  |TAMS 0x0000000731800000| PB 0x0000000731800000| Untracked |  0
| 273|0x0000000731a00000, 0x0000000731c00000, 0x0000000731c00000|100%| O|  |TAMS 0x0000000731a00000| PB 0x0000000731a00000| Untracked |  0
| 274|0x0000000731c00000, 0x0000000731e00000, 0x0000000731e00000|100%| O|Cm|TAMS 0x0000000731c00000| PB 0x0000000731c00000| Complete |  0
| 275|0x0000000731e00000, 0x0000000732000000, 0x0000000732000000|100%| O|  |TAMS 0x0000000731e00000| PB 0x0000000731e00000| Untracked |  0
| 276|0x0000000732000000, 0x0000000732200000, 0x0000000732200000|100%| O|  |TAMS 0x0000000732000000| PB 0x0000000732000000| Untracked |  0
| 277|0x0000000732200000, 0x0000000732200000, 0x0000000732400000|  0%| F|  |TAMS 0x0000000732200000| PB 0x0000000732200000| Untracked |  0
| 278|0x0000000732400000, 0x0000000732600000, 0x0000000732600000|100%| O|  |TAMS 0x0000000732400000| PB 0x0000000732400000| Untracked |  0
| 279|0x0000000732600000, 0x0000000732800000, 0x0000000732800000|100%| O|  |TAMS 0x0000000732600000| PB 0x0000000732600000| Untracked |  0
| 280|0x0000000732800000, 0x0000000732a00000, 0x0000000732a00000|100%| O|  |TAMS 0x0000000732800000| PB 0x0000000732800000| Untracked |  0
| 281|0x0000000732a00000, 0x0000000732c00000, 0x0000000732c00000|100%| O|  |TAMS 0x0000000732a00000| PB 0x0000000732a00000| Untracked |  0
| 282|0x0000000732c00000, 0x0000000732e00000, 0x0000000732e00000|100%| O|  |TAMS 0x0000000732c00000| PB 0x0000000732c00000| Untracked |  0
| 283|0x0000000732e00000, 0x0000000733000000, 0x0000000733000000|100%| O|  |TAMS 0x0000000732e00000| PB 0x0000000732e00000| Untracked |  0
| 284|0x0000000733000000, 0x0000000733200000, 0x0000000733200000|100%| O|  |TAMS 0x0000000733000000| PB 0x0000000733000000| Untracked |  0
| 285|0x0000000733200000, 0x0000000733400000, 0x0000000733400000|100%| O|  |TAMS 0x0000000733200000| PB 0x0000000733200000| Untracked |  0
| 286|0x0000000733400000, 0x0000000733600000, 0x0000000733600000|100%| O|  |TAMS 0x0000000733400000| PB 0x0000000733400000| Untracked |  0
| 287|0x0000000733600000, 0x0000000733759ef0, 0x0000000733800000| 67%| O|  |TAMS 0x0000000733600000| PB 0x0000000733600000| Untracked |  0
| 288|0x0000000733800000, 0x0000000733a00000, 0x0000000733a00000|100%| O|  |TAMS 0x0000000733800000| PB 0x0000000733800000| Untracked |  0
| 289|0x0000000733a00000, 0x0000000733c00000, 0x0000000733c00000|100%| O|  |TAMS 0x0000000733a00000| PB 0x0000000733a00000| Untracked |  0
| 290|0x0000000733c00000, 0x0000000733e00000, 0x0000000733e00000|100%| O|  |TAMS 0x0000000733c00000| PB 0x0000000733c00000| Untracked |  0
| 291|0x0000000733e00000, 0x0000000733e00000, 0x0000000734000000|  0%| F|  |TAMS 0x0000000733e00000| PB 0x0000000733e00000| Untracked |  0
| 292|0x0000000734000000, 0x0000000734200000, 0x0000000734200000|100%| O|  |TAMS 0x0000000734000000| PB 0x0000000734000000| Untracked |  0
| 293|0x0000000734200000, 0x0000000734200000, 0x0000000734400000|  0%| F|  |TAMS 0x0000000734200000| PB 0x0000000734200000| Untracked |  0
| 294|0x0000000734400000, 0x0000000734400000, 0x0000000734600000|  0%| F|  |TAMS 0x0000000734400000| PB 0x0000000734400000| Untracked |  0
| 295|0x0000000734600000, 0x0000000734600000, 0x0000000734800000|  0%| F|  |TAMS 0x0000000734600000| PB 0x0000000734600000| Untracked |  0
| 296|0x0000000734800000, 0x0000000734800000, 0x0000000734a00000|  0%| F|  |TAMS 0x0000000734800000| PB 0x0000000734800000| Untracked |  0
| 297|0x0000000734a00000, 0x0000000734a00000, 0x0000000734c00000|  0%| F|  |TAMS 0x0000000734a00000| PB 0x0000000734a00000| Untracked |  0
| 298|0x0000000734c00000, 0x0000000734c00000, 0x0000000734e00000|  0%| F|  |TAMS 0x0000000734c00000| PB 0x0000000734c00000| Untracked |  0
| 299|0x0000000734e00000, 0x0000000734e00000, 0x0000000735000000|  0%| F|  |TAMS 0x0000000734e00000| PB 0x0000000734e00000| Untracked |  0
| 300|0x0000000735000000, 0x0000000735200000, 0x0000000735200000|100%| O|  |TAMS 0x0000000735000000| PB 0x0000000735000000| Untracked |  0
| 301|0x0000000735200000, 0x0000000735200000, 0x0000000735400000|  0%| F|  |TAMS 0x0000000735200000| PB 0x0000000735200000| Untracked |  0
| 302|0x0000000735400000, 0x0000000735400000, 0x0000000735600000|  0%| F|  |TAMS 0x0000000735400000| PB 0x0000000735400000| Untracked |  0
| 303|0x0000000735600000, 0x0000000735600000, 0x0000000735800000|  0%| F|  |TAMS 0x0000000735600000| PB 0x0000000735600000| Untracked |  0
| 304|0x0000000735800000, 0x0000000735800000, 0x0000000735a00000|  0%| F|  |TAMS 0x0000000735800000| PB 0x0000000735800000| Untracked |  0
| 305|0x0000000735a00000, 0x0000000735a00000, 0x0000000735c00000|  0%| F|  |TAMS 0x0000000735a00000| PB 0x0000000735a00000| Untracked |  0
| 306|0x0000000735c00000, 0x0000000735e00000, 0x0000000735e00000|100%| O|  |TAMS 0x0000000735c00000| PB 0x0000000735c00000| Untracked |  0
| 307|0x0000000735e00000, 0x0000000735e00000, 0x0000000736000000|  0%| F|  |TAMS 0x0000000735e00000| PB 0x0000000735e00000| Untracked |  0
| 308|0x0000000736000000, 0x0000000736000000, 0x0000000736200000|  0%| F|  |TAMS 0x0000000736000000| PB 0x0000000736000000| Untracked |  0
| 309|0x0000000736200000, 0x0000000736200000, 0x0000000736400000|  0%| F|  |TAMS 0x0000000736200000| PB 0x0000000736200000| Untracked |  0
| 310|0x0000000736400000, 0x0000000736400000, 0x0000000736600000|  0%| F|  |TAMS 0x0000000736400000| PB 0x0000000736400000| Untracked |  0
| 311|0x0000000736600000, 0x0000000736600000, 0x0000000736800000|  0%| F|  |TAMS 0x0000000736600000| PB 0x0000000736600000| Untracked |  0
| 312|0x0000000736800000, 0x0000000736800000, 0x0000000736a00000|  0%| F|  |TAMS 0x0000000736800000| PB 0x0000000736800000| Untracked |  0
| 313|0x0000000736a00000, 0x0000000736a00000, 0x0000000736c00000|  0%| F|  |TAMS 0x0000000736a00000| PB 0x0000000736a00000| Untracked |  0
| 314|0x0000000736c00000, 0x0000000736c00000, 0x0000000736e00000|  0%| F|  |TAMS 0x0000000736c00000| PB 0x0000000736c00000| Untracked |  0
| 315|0x0000000736e00000, 0x0000000736e00000, 0x0000000737000000|  0%| F|  |TAMS 0x0000000736e00000| PB 0x0000000736e00000| Untracked |  0
| 316|0x0000000737000000, 0x0000000737000000, 0x0000000737200000|  0%| F|  |TAMS 0x0000000737000000| PB 0x0000000737000000| Untracked |  0
| 317|0x0000000737200000, 0x0000000737200000, 0x0000000737400000|  0%| F|  |TAMS 0x0000000737200000| PB 0x0000000737200000| Untracked |  0
| 318|0x0000000737400000, 0x0000000737400000, 0x0000000737600000|  0%| F|  |TAMS 0x0000000737400000| PB 0x0000000737400000| Untracked |  0
| 319|0x0000000737600000, 0x0000000737600000, 0x0000000737800000|  0%| F|  |TAMS 0x0000000737600000| PB 0x0000000737600000| Untracked |  0
| 320|0x0000000737800000, 0x0000000737800000, 0x0000000737a00000|  0%| F|  |TAMS 0x0000000737800000| PB 0x0000000737800000| Untracked |  0
| 321|0x0000000737a00000, 0x0000000737a00000, 0x0000000737c00000|  0%| F|  |TAMS 0x0000000737a00000| PB 0x0000000737a00000| Untracked |  0
| 322|0x0000000737c00000, 0x0000000737c00000, 0x0000000737e00000|  0%| F|  |TAMS 0x0000000737c00000| PB 0x0000000737c00000| Untracked |  0
| 323|0x0000000737e00000, 0x0000000737e00000, 0x0000000738000000|  0%| F|  |TAMS 0x0000000737e00000| PB 0x0000000737e00000| Untracked |  0
| 324|0x0000000738000000, 0x0000000738000000, 0x0000000738200000|  0%| F|  |TAMS 0x0000000738000000| PB 0x0000000738000000| Untracked |  0
| 325|0x0000000738200000, 0x0000000738200000, 0x0000000738400000|  0%| F|  |TAMS 0x0000000738200000| PB 0x0000000738200000| Untracked |  0
| 326|0x0000000738400000, 0x0000000738400000, 0x0000000738600000|  0%| F|  |TAMS 0x0000000738400000| PB 0x0000000738400000| Untracked |  0
| 327|0x0000000738600000, 0x0000000738600000, 0x0000000738800000|  0%| F|  |TAMS 0x0000000738600000| PB 0x0000000738600000| Untracked |  0
| 328|0x0000000738800000, 0x0000000738800000, 0x0000000738a00000|  0%| F|  |TAMS 0x0000000738800000| PB 0x0000000738800000| Untracked |  0
| 329|0x0000000738a00000, 0x0000000738a00000, 0x0000000738c00000|  0%| F|  |TAMS 0x0000000738a00000| PB 0x0000000738a00000| Untracked |  0
| 330|0x0000000738c00000, 0x0000000738c00000, 0x0000000738e00000|  0%| F|  |TAMS 0x0000000738c00000| PB 0x0000000738c00000| Untracked |  0
| 331|0x0000000738e00000, 0x0000000738e00000, 0x0000000739000000|  0%| F|  |TAMS 0x0000000738e00000| PB 0x0000000738e00000| Untracked |  0
| 332|0x0000000739000000, 0x00000007391a8c90, 0x0000000739200000| 82%| S|CS|TAMS 0x0000000739000000| PB 0x0000000739000000| Complete |  0
| 333|0x0000000739200000, 0x0000000739400000, 0x0000000739400000|100%| S|CS|TAMS 0x0000000739200000| PB 0x0000000739200000| Complete |  0
| 334|0x0000000739400000, 0x0000000739600000, 0x0000000739600000|100%| S|CS|TAMS 0x0000000739400000| PB 0x0000000739400000| Complete |  0
| 335|0x0000000739600000, 0x0000000739800000, 0x0000000739800000|100%| S|CS|TAMS 0x0000000739600000| PB 0x0000000739600000| Complete |  0
| 336|0x0000000739800000, 0x0000000739a00000, 0x0000000739a00000|100%| S|CS|TAMS 0x0000000739800000| PB 0x0000000739800000| Complete |  0
| 337|0x0000000739a00000, 0x0000000739c00000, 0x0000000739c00000|100%| O|  |TAMS 0x0000000739a00000| PB 0x0000000739a00000| Untracked |  0
| 338|0x0000000739c00000, 0x0000000739e00000, 0x0000000739e00000|100%| O|  |TAMS 0x0000000739c00000| PB 0x0000000739c00000| Untracked |  0
| 339|0x0000000739e00000, 0x000000073a000000, 0x000000073a000000|100%| O|  |TAMS 0x0000000739e00000| PB 0x0000000739e00000| Untracked |  0
| 340|0x000000073a000000, 0x000000073a200000, 0x000000073a200000|100%| O|  |TAMS 0x000000073a000000| PB 0x000000073a000000| Untracked |  0
| 341|0x000000073a200000, 0x000000073a400000, 0x000000073a400000|100%| O|  |TAMS 0x000000073a200000| PB 0x000000073a200000| Untracked |  0
| 342|0x000000073a400000, 0x000000073a600000, 0x000000073a600000|100%| O|  |TAMS 0x000000073a400000| PB 0x000000073a400000| Untracked |  0
| 343|0x000000073a600000, 0x000000073a800000, 0x000000073a800000|100%| S|CS|TAMS 0x000000073a600000| PB 0x000000073a600000| Complete |  0
| 344|0x000000073a800000, 0x000000073aa00000, 0x000000073aa00000|100%| S|CS|TAMS 0x000000073a800000| PB 0x000000073a800000| Complete |  0
| 345|0x000000073aa00000, 0x000000073ac00000, 0x000000073ac00000|100%| S|CS|TAMS 0x000000073aa00000| PB 0x000000073aa00000| Complete |  0
| 346|0x000000073ac00000, 0x000000073ae00000, 0x000000073ae00000|100%| S|CS|TAMS 0x000000073ac00000| PB 0x000000073ac00000| Complete |  0
| 347|0x000000073ae00000, 0x000000073b000000, 0x000000073b000000|100%| S|CS|TAMS 0x000000073ae00000| PB 0x000000073ae00000| Complete |  0
| 348|0x000000073b000000, 0x000000073b200000, 0x000000073b200000|100%| S|CS|TAMS 0x000000073b000000| PB 0x000000073b000000| Complete |  0
| 349|0x000000073b200000, 0x000000073b400000, 0x000000073b400000|100%| S|CS|TAMS 0x000000073b200000| PB 0x000000073b200000| Complete |  0
| 350|0x000000073b400000, 0x000000073b400000, 0x000000073b600000|  0%| F|  |TAMS 0x000000073b400000| PB 0x000000073b400000| Untracked |  0
| 351|0x000000073b600000, 0x000000073b800000, 0x000000073b800000|100%| S|CS|TAMS 0x000000073b600000| PB 0x000000073b600000| Complete |  0
| 352|0x000000073b800000, 0x000000073ba00000, 0x000000073ba00000|100%| O|Cm|TAMS 0x000000073b800000| PB 0x000000073b800000| Complete |  0
| 353|0x000000073ba00000, 0x000000073bc00000, 0x000000073bc00000|100%| O|  |TAMS 0x000000073ba00000| PB 0x000000073ba00000| Untracked |  0
| 354|0x000000073bc00000, 0x000000073be00000, 0x000000073be00000|100%| S|CS|TAMS 0x000000073bc00000| PB 0x000000073bc00000| Complete |  0
| 355|0x000000073be00000, 0x000000073c000000, 0x000000073c000000|100%| O|Cm|TAMS 0x000000073be00000| PB 0x000000073be00000| Complete |  0
| 356|0x000000073c000000, 0x000000073c200000, 0x000000073c200000|100%| S|CS|TAMS 0x000000073c000000| PB 0x000000073c000000| Complete |  0
| 357|0x000000073c200000, 0x000000073c400000, 0x000000073c400000|100%| S|CS|TAMS 0x000000073c200000| PB 0x000000073c200000| Complete |  0
| 358|0x000000073c400000, 0x000000073c600000, 0x000000073c600000|100%| S|CS|TAMS 0x000000073c400000| PB 0x000000073c400000| Complete |  0
| 359|0x000000073c600000, 0x000000073c800000, 0x000000073c800000|100%| S|CS|TAMS 0x000000073c600000| PB 0x000000073c600000| Complete |  0
| 360|0x000000073c800000, 0x000000073c800000, 0x000000073ca00000|  0%| F|  |TAMS 0x000000073c800000| PB 0x000000073c800000| Untracked |  0
| 361|0x000000073ca00000, 0x000000073ca00000, 0x000000073cc00000|  0%| F|  |TAMS 0x000000073ca00000| PB 0x000000073ca00000| Untracked |  0
| 362|0x000000073cc00000, 0x000000073cc00000, 0x000000073ce00000|  0%| F|  |TAMS 0x000000073cc00000| PB 0x000000073cc00000| Untracked |  0
| 363|0x000000073ce00000, 0x000000073ce00000, 0x000000073d000000|  0%| F|  |TAMS 0x000000073ce00000| PB 0x000000073ce00000| Untracked |  0
| 364|0x000000073d000000, 0x000000073d000000, 0x000000073d200000|  0%| F|  |TAMS 0x000000073d000000| PB 0x000000073d000000| Untracked |  0
| 365|0x000000073d200000, 0x000000073d200000, 0x000000073d400000|  0%| F|  |TAMS 0x000000073d200000| PB 0x000000073d200000| Untracked |  0
| 366|0x000000073d400000, 0x000000073d400000, 0x000000073d600000|  0%| F|  |TAMS 0x000000073d400000| PB 0x000000073d400000| Untracked |  0
| 367|0x000000073d600000, 0x000000073d600000, 0x000000073d800000|  0%| F|  |TAMS 0x000000073d600000| PB 0x000000073d600000| Untracked |  0
| 368|0x000000073d800000, 0x000000073d800000, 0x000000073da00000|  0%| F|  |TAMS 0x000000073d800000| PB 0x000000073d800000| Untracked |  0
| 369|0x000000073da00000, 0x000000073da00000, 0x000000073dc00000|  0%| F|  |TAMS 0x000000073da00000| PB 0x000000073da00000| Untracked |  0
| 370|0x000000073dc00000, 0x000000073dc00000, 0x000000073de00000|  0%| F|  |TAMS 0x000000073dc00000| PB 0x000000073dc00000| Untracked |  0
| 371|0x000000073de00000, 0x000000073de00000, 0x000000073e000000|  0%| F|  |TAMS 0x000000073de00000| PB 0x000000073de00000| Untracked |  0
| 372|0x000000073e000000, 0x000000073e000000, 0x000000073e200000|  0%| F|  |TAMS 0x000000073e000000| PB 0x000000073e000000| Untracked |  0
| 373|0x000000073e200000, 0x000000073e200000, 0x000000073e400000|  0%| F|  |TAMS 0x000000073e200000| PB 0x000000073e200000| Untracked |  0
| 374|0x000000073e400000, 0x000000073e400000, 0x000000073e600000|  0%| F|  |TAMS 0x000000073e400000| PB 0x000000073e400000| Untracked |  0
| 375|0x000000073e600000, 0x000000073e600000, 0x000000073e800000|  0%| F|  |TAMS 0x000000073e600000| PB 0x000000073e600000| Untracked |  0
| 376|0x000000073e800000, 0x000000073e800000, 0x000000073ea00000|  0%| F|  |TAMS 0x000000073e800000| PB 0x000000073e800000| Untracked |  0
| 377|0x000000073ea00000, 0x000000073ea00000, 0x000000073ec00000|  0%| F|  |TAMS 0x000000073ea00000| PB 0x000000073ea00000| Untracked |  0
| 378|0x000000073ec00000, 0x000000073ec00000, 0x000000073ee00000|  0%| F|  |TAMS 0x000000073ec00000| PB 0x000000073ec00000| Untracked |  0
| 379|0x000000073ee00000, 0x000000073ee00000, 0x000000073f000000|  0%| F|  |TAMS 0x000000073ee00000| PB 0x000000073ee00000| Untracked |  0
| 380|0x000000073f000000, 0x000000073f000000, 0x000000073f200000|  0%| F|  |TAMS 0x000000073f000000| PB 0x000000073f000000| Untracked |  0
| 381|0x000000073f200000, 0x000000073f200000, 0x000000073f400000|  0%| F|  |TAMS 0x000000073f200000| PB 0x000000073f200000| Untracked |  0
| 382|0x000000073f400000, 0x000000073f400000, 0x000000073f600000|  0%| F|  |TAMS 0x000000073f400000| PB 0x000000073f400000| Untracked |  0
| 383|0x000000073f600000, 0x000000073f600000, 0x000000073f800000|  0%| F|  |TAMS 0x000000073f600000| PB 0x000000073f600000| Untracked |  0
| 384|0x000000073f800000, 0x000000073fa00000, 0x000000073fa00000|100%| O|  |TAMS 0x000000073f800000| PB 0x000000073f800000| Untracked |  0
| 385|0x000000073fa00000, 0x000000073fc00000, 0x000000073fc00000|100%| O|  |TAMS 0x000000073fa00000| PB 0x000000073fa00000| Untracked |  0
| 386|0x000000073fc00000, 0x000000073fe00000, 0x000000073fe00000|100%| O|  |TAMS 0x000000073fc00000| PB 0x000000073fc00000| Untracked |  0
| 387|0x000000073fe00000, 0x0000000740000000, 0x0000000740000000|100%| O|  |TAMS 0x000000073fe00000| PB 0x000000073fe00000| Untracked |  0
| 388|0x0000000740000000, 0x0000000740200000, 0x0000000740200000|100%| O|  |TAMS 0x0000000740000000| PB 0x0000000740000000| Untracked |  0
| 389|0x0000000740200000, 0x0000000740400000, 0x0000000740400000|100%| O|  |TAMS 0x0000000740200000| PB 0x0000000740200000| Untracked |  0
| 390|0x0000000740400000, 0x0000000740400000, 0x0000000740600000|  0%| F|  |TAMS 0x0000000740400000| PB 0x0000000740400000| Untracked |  0
| 391|0x0000000740600000, 0x0000000740800000, 0x0000000740800000|100%| O|  |TAMS 0x0000000740600000| PB 0x0000000740600000| Untracked |  0
| 392|0x0000000740800000, 0x0000000740a00000, 0x0000000740a00000|100%| O|  |TAMS 0x0000000740800000| PB 0x0000000740800000| Untracked |  0
| 393|0x0000000740a00000, 0x0000000740a00000, 0x0000000740c00000|  0%| F|  |TAMS 0x0000000740a00000| PB 0x0000000740a00000| Untracked |  0
| 394|0x0000000740c00000, 0x0000000740c00000, 0x0000000740e00000|  0%| F|  |TAMS 0x0000000740c00000| PB 0x0000000740c00000| Untracked |  0
| 395|0x0000000740e00000, 0x0000000740e00000, 0x0000000741000000|  0%| F|  |TAMS 0x0000000740e00000| PB 0x0000000740e00000| Untracked |  0
| 396|0x0000000741000000, 0x0000000741000000, 0x0000000741200000|  0%| F|  |TAMS 0x0000000741000000| PB 0x0000000741000000| Untracked |  0
| 397|0x0000000741200000, 0x0000000741200000, 0x0000000741400000|  0%| F|  |TAMS 0x0000000741200000| PB 0x0000000741200000| Untracked |  0
| 398|0x0000000741400000, 0x0000000741400000, 0x0000000741600000|  0%| F|  |TAMS 0x0000000741400000| PB 0x0000000741400000| Untracked |  0
| 399|0x0000000741600000, 0x0000000741600000, 0x0000000741800000|  0%| F|  |TAMS 0x0000000741600000| PB 0x0000000741600000| Untracked |  0
| 400|0x0000000741800000, 0x0000000741800000, 0x0000000741a00000|  0%| F|  |TAMS 0x0000000741800000| PB 0x0000000741800000| Untracked |  0
| 401|0x0000000741a00000, 0x0000000741a00000, 0x0000000741c00000|  0%| F|  |TAMS 0x0000000741a00000| PB 0x0000000741a00000| Untracked |  0
| 402|0x0000000741c00000, 0x0000000741c00000, 0x0000000741e00000|  0%| F|  |TAMS 0x0000000741c00000| PB 0x0000000741c00000| Untracked |  0
| 403|0x0000000741e00000, 0x0000000741e00000, 0x0000000742000000|  0%| F|  |TAMS 0x0000000741e00000| PB 0x0000000741e00000| Untracked |  0
| 404|0x0000000742000000, 0x0000000742000000, 0x0000000742200000|  0%| F|  |TAMS 0x0000000742000000| PB 0x0000000742000000| Untracked |  0
| 405|0x0000000742200000, 0x0000000742200000, 0x0000000742400000|  0%| F|  |TAMS 0x0000000742200000| PB 0x0000000742200000| Untracked |  0
| 406|0x0000000742400000, 0x0000000742400000, 0x0000000742600000|  0%| F|  |TAMS 0x0000000742400000| PB 0x0000000742400000| Untracked |  0
| 407|0x0000000742600000, 0x0000000742600000, 0x0000000742800000|  0%| F|  |TAMS 0x0000000742600000| PB 0x0000000742600000| Untracked |  0
| 408|0x0000000742800000, 0x0000000742800000, 0x0000000742a00000|  0%| F|  |TAMS 0x0000000742800000| PB 0x0000000742800000| Untracked |  0
| 409|0x0000000742a00000, 0x0000000742a00000, 0x0000000742c00000|  0%| F|  |TAMS 0x0000000742a00000| PB 0x0000000742a00000| Untracked |  0
| 410|0x0000000742c00000, 0x0000000742c00000, 0x0000000742e00000|  0%| F|  |TAMS 0x0000000742c00000| PB 0x0000000742c00000| Untracked |  0
| 411|0x0000000742e00000, 0x0000000742e00000, 0x0000000743000000|  0%| F|  |TAMS 0x0000000742e00000| PB 0x0000000742e00000| Untracked |  0
| 412|0x0000000743000000, 0x0000000743000000, 0x0000000743200000|  0%| F|  |TAMS 0x0000000743000000| PB 0x0000000743000000| Untracked |  0
| 413|0x0000000743200000, 0x0000000743200000, 0x0000000743400000|  0%| F|  |TAMS 0x0000000743200000| PB 0x0000000743200000| Untracked |  0
| 414|0x0000000743400000, 0x0000000743400000, 0x0000000743600000|  0%| F|  |TAMS 0x0000000743400000| PB 0x0000000743400000| Untracked |  0
| 415|0x0000000743600000, 0x0000000743600000, 0x0000000743800000|  0%| F|  |TAMS 0x0000000743600000| PB 0x0000000743600000| Untracked |  0
| 416|0x0000000743800000, 0x0000000743800000, 0x0000000743a00000|  0%| F|  |TAMS 0x0000000743800000| PB 0x0000000743800000| Untracked |  0
| 417|0x0000000743a00000, 0x0000000743a00000, 0x0000000743c00000|  0%| F|  |TAMS 0x0000000743a00000| PB 0x0000000743a00000| Untracked |  0
| 418|0x0000000743c00000, 0x0000000743c00000, 0x0000000743e00000|  0%| F|  |TAMS 0x0000000743c00000| PB 0x0000000743c00000| Untracked |  0
| 419|0x0000000743e00000, 0x0000000743e00000, 0x0000000744000000|  0%| F|  |TAMS 0x0000000743e00000| PB 0x0000000743e00000| Untracked |  0
| 420|0x0000000744000000, 0x0000000744000000, 0x0000000744200000|  0%| F|  |TAMS 0x0000000744000000| PB 0x0000000744000000| Untracked |  0
| 421|0x0000000744200000, 0x0000000744200000, 0x0000000744400000|  0%| F|  |TAMS 0x0000000744200000| PB 0x0000000744200000| Untracked |  0
| 422|0x0000000744400000, 0x0000000744400000, 0x0000000744600000|  0%| F|  |TAMS 0x0000000744400000| PB 0x0000000744400000| Untracked |  0
| 423|0x0000000744600000, 0x0000000744600000, 0x0000000744800000|  0%| F|  |TAMS 0x0000000744600000| PB 0x0000000744600000| Untracked |  0
| 424|0x0000000744800000, 0x0000000744800000, 0x0000000744a00000|  0%| F|  |TAMS 0x0000000744800000| PB 0x0000000744800000| Untracked |  0
| 425|0x0000000744a00000, 0x0000000744a00000, 0x0000000744c00000|  0%| F|  |TAMS 0x0000000744a00000| PB 0x0000000744a00000| Untracked |  0
| 426|0x0000000744c00000, 0x0000000744c00000, 0x0000000744e00000|  0%| F|  |TAMS 0x0000000744c00000| PB 0x0000000744c00000| Untracked |  0
| 427|0x0000000744e00000, 0x0000000744e00000, 0x0000000745000000|  0%| F|  |TAMS 0x0000000744e00000| PB 0x0000000744e00000| Untracked |  0
| 428|0x0000000745000000, 0x0000000745000000, 0x0000000745200000|  0%| F|  |TAMS 0x0000000745000000| PB 0x0000000745000000| Untracked |  0
| 429|0x0000000745200000, 0x0000000745200000, 0x0000000745400000|  0%| F|  |TAMS 0x0000000745200000| PB 0x0000000745200000| Untracked |  0
| 430|0x0000000745400000, 0x0000000745400000, 0x0000000745600000|  0%| F|  |TAMS 0x0000000745400000| PB 0x0000000745400000| Untracked |  0
| 431|0x0000000745600000, 0x0000000745600000, 0x0000000745800000|  0%| F|  |TAMS 0x0000000745600000| PB 0x0000000745600000| Untracked |  0
| 432|0x0000000745800000, 0x0000000745800000, 0x0000000745a00000|  0%| F|  |TAMS 0x0000000745800000| PB 0x0000000745800000| Untracked |  0
| 433|0x0000000745a00000, 0x0000000745a00000, 0x0000000745c00000|  0%| F|  |TAMS 0x0000000745a00000| PB 0x0000000745a00000| Untracked |  0
| 434|0x0000000745c00000, 0x0000000745c00000, 0x0000000745e00000|  0%| F|  |TAMS 0x0000000745c00000| PB 0x0000000745c00000| Untracked |  0
| 435|0x0000000745e00000, 0x0000000745e00000, 0x0000000746000000|  0%| F|  |TAMS 0x0000000745e00000| PB 0x0000000745e00000| Untracked |  0
| 436|0x0000000746000000, 0x0000000746000000, 0x0000000746200000|  0%| F|  |TAMS 0x0000000746000000| PB 0x0000000746000000| Untracked |  0
| 437|0x0000000746200000, 0x0000000746200000, 0x0000000746400000|  0%| F|  |TAMS 0x0000000746200000| PB 0x0000000746200000| Untracked |  0
| 438|0x0000000746400000, 0x0000000746400000, 0x0000000746600000|  0%| F|  |TAMS 0x0000000746400000| PB 0x0000000746400000| Untracked |  0
| 439|0x0000000746600000, 0x0000000746600000, 0x0000000746800000|  0%| F|  |TAMS 0x0000000746600000| PB 0x0000000746600000| Untracked |  0
| 440|0x0000000746800000, 0x0000000746800000, 0x0000000746a00000|  0%| F|  |TAMS 0x0000000746800000| PB 0x0000000746800000| Untracked |  0
| 441|0x0000000746a00000, 0x0000000746a00000, 0x0000000746c00000|  0%| F|  |TAMS 0x0000000746a00000| PB 0x0000000746a00000| Untracked |  0
| 442|0x0000000746c00000, 0x0000000746c00000, 0x0000000746e00000|  0%| F|  |TAMS 0x0000000746c00000| PB 0x0000000746c00000| Untracked |  0
| 443|0x0000000746e00000, 0x0000000746e00000, 0x0000000747000000|  0%| F|  |TAMS 0x0000000746e00000| PB 0x0000000746e00000| Untracked |  0
| 444|0x0000000747000000, 0x0000000747000000, 0x0000000747200000|  0%| F|  |TAMS 0x0000000747000000| PB 0x0000000747000000| Untracked |  0
| 445|0x0000000747200000, 0x0000000747200000, 0x0000000747400000|  0%| F|  |TAMS 0x0000000747200000| PB 0x0000000747200000| Untracked |  0
| 446|0x0000000747400000, 0x0000000747400000, 0x0000000747600000|  0%| F|  |TAMS 0x0000000747400000| PB 0x0000000747400000| Untracked |  0
| 447|0x0000000747600000, 0x0000000747765ee0, 0x0000000747800000| 69%| E|  |TAMS 0x0000000747600000| PB 0x0000000747600000| Complete |  0
| 448|0x0000000747800000, 0x0000000747a00000, 0x0000000747a00000|100%| E|CS|TAMS 0x0000000747800000| PB 0x0000000747800000| Complete |  0
| 449|0x0000000747a00000, 0x0000000747c00000, 0x0000000747c00000|100%| E|CS|TAMS 0x0000000747a00000| PB 0x0000000747a00000| Complete |  0
| 450|0x0000000747c00000, 0x0000000747e00000, 0x0000000747e00000|100%| E|CS|TAMS 0x0000000747c00000| PB 0x0000000747c00000| Complete |  0
| 451|0x0000000747e00000, 0x0000000748000000, 0x0000000748000000|100%| E|CS|TAMS 0x0000000747e00000| PB 0x0000000747e00000| Complete |  0
| 452|0x0000000748000000, 0x0000000748200000, 0x0000000748200000|100%| E|CS|TAMS 0x0000000748000000| PB 0x0000000748000000| Complete |  0
| 453|0x0000000748200000, 0x0000000748400000, 0x0000000748400000|100%| E|CS|TAMS 0x0000000748200000| PB 0x0000000748200000| Complete |  0
| 454|0x0000000748400000, 0x0000000748600000, 0x0000000748600000|100%| E|  |TAMS 0x0000000748400000| PB 0x0000000748400000| Complete |  0
| 455|0x0000000748600000, 0x0000000748800000, 0x0000000748800000|100%| E|CS|TAMS 0x0000000748600000| PB 0x0000000748600000| Complete |  0
| 456|0x0000000748800000, 0x0000000748a00000, 0x0000000748a00000|100%| E|CS|TAMS 0x0000000748800000| PB 0x0000000748800000| Complete |  0
| 457|0x0000000748a00000, 0x0000000748c00000, 0x0000000748c00000|100%| E|CS|TAMS 0x0000000748a00000| PB 0x0000000748a00000| Complete |  0
| 458|0x0000000748c00000, 0x0000000748e00000, 0x0000000748e00000|100%| E|CS|TAMS 0x0000000748c00000| PB 0x0000000748c00000| Complete |  0
| 459|0x0000000748e00000, 0x0000000749000000, 0x0000000749000000|100%| E|CS|TAMS 0x0000000748e00000| PB 0x0000000748e00000| Complete |  0
| 460|0x0000000749000000, 0x0000000749200000, 0x0000000749200000|100%| E|CS|TAMS 0x0000000749000000| PB 0x0000000749000000| Complete |  0
| 461|0x0000000749200000, 0x0000000749400000, 0x0000000749400000|100%| E|CS|TAMS 0x0000000749200000| PB 0x0000000749200000| Complete |  0
| 462|0x0000000749400000, 0x0000000749600000, 0x0000000749600000|100%| E|CS|TAMS 0x0000000749400000| PB 0x0000000749400000| Complete |  0
| 463|0x0000000749600000, 0x0000000749800000, 0x0000000749800000|100%| E|CS|TAMS 0x0000000749600000| PB 0x0000000749600000| Complete |  0
| 464|0x0000000749800000, 0x0000000749a00000, 0x0000000749a00000|100%| E|CS|TAMS 0x0000000749800000| PB 0x0000000749800000| Complete |  0
| 465|0x0000000749a00000, 0x0000000749c00000, 0x0000000749c00000|100%| E|CS|TAMS 0x0000000749a00000| PB 0x0000000749a00000| Complete |  0
| 466|0x0000000749c00000, 0x0000000749e00000, 0x0000000749e00000|100%| E|CS|TAMS 0x0000000749c00000| PB 0x0000000749c00000| Complete |  0
| 467|0x0000000749e00000, 0x000000074a000000, 0x000000074a000000|100%| E|CS|TAMS 0x0000000749e00000| PB 0x0000000749e00000| Complete |  0
| 468|0x000000074a000000, 0x000000074a200000, 0x000000074a200000|100%| E|CS|TAMS 0x000000074a000000| PB 0x000000074a000000| Complete |  0
| 469|0x000000074a200000, 0x000000074a400000, 0x000000074a400000|100%| E|CS|TAMS 0x000000074a200000| PB 0x000000074a200000| Complete |  0
| 470|0x000000074a400000, 0x000000074a600000, 0x000000074a600000|100%| E|CS|TAMS 0x000000074a400000| PB 0x000000074a400000| Complete |  0
| 471|0x000000074a600000, 0x000000074a800000, 0x000000074a800000|100%| E|CS|TAMS 0x000000074a600000| PB 0x000000074a600000| Complete |  0
| 472|0x000000074a800000, 0x000000074aa00000, 0x000000074aa00000|100%| E|CS|TAMS 0x000000074a800000| PB 0x000000074a800000| Complete |  0
| 473|0x000000074aa00000, 0x000000074ac00000, 0x000000074ac00000|100%| E|CS|TAMS 0x000000074aa00000| PB 0x000000074aa00000| Complete |  0
| 474|0x000000074ac00000, 0x000000074ae00000, 0x000000074ae00000|100%| E|CS|TAMS 0x000000074ac00000| PB 0x000000074ac00000| Complete |  0
| 475|0x000000074ae00000, 0x000000074b000000, 0x000000074b000000|100%| E|CS|TAMS 0x000000074ae00000| PB 0x000000074ae00000| Complete |  0
| 476|0x000000074b000000, 0x000000074b200000, 0x000000074b200000|100%| E|CS|TAMS 0x000000074b000000| PB 0x000000074b000000| Complete |  0
| 477|0x000000074b200000, 0x000000074b400000, 0x000000074b400000|100%| E|CS|TAMS 0x000000074b200000| PB 0x000000074b200000| Complete |  0
| 478|0x000000074b400000, 0x000000074b600000, 0x000000074b600000|100%| E|CS|TAMS 0x000000074b400000| PB 0x000000074b400000| Complete |  0
| 479|0x000000074b600000, 0x000000074b800000, 0x000000074b800000|100%| E|CS|TAMS 0x000000074b600000| PB 0x000000074b600000| Complete |  0
| 480|0x000000074b800000, 0x000000074ba00000, 0x000000074ba00000|100%| E|CS|TAMS 0x000000074b800000| PB 0x000000074b800000| Complete |  0
| 481|0x000000074ba00000, 0x000000074bc00000, 0x000000074bc00000|100%| E|CS|TAMS 0x000000074ba00000| PB 0x000000074ba00000| Complete |  0
| 482|0x000000074bc00000, 0x000000074be00000, 0x000000074be00000|100%| E|CS|TAMS 0x000000074bc00000| PB 0x000000074bc00000| Complete |  0
| 483|0x000000074be00000, 0x000000074c000000, 0x000000074c000000|100%| E|CS|TAMS 0x000000074be00000| PB 0x000000074be00000| Complete |  0
| 484|0x000000074c000000, 0x000000074c200000, 0x000000074c200000|100%| E|CS|TAMS 0x000000074c000000| PB 0x000000074c000000| Complete |  0
| 485|0x000000074c200000, 0x000000074c400000, 0x000000074c400000|100%| E|CS|TAMS 0x000000074c200000| PB 0x000000074c200000| Complete |  0
| 486|0x000000074c400000, 0x000000074c600000, 0x000000074c600000|100%| E|CS|TAMS 0x000000074c400000| PB 0x000000074c400000| Complete |  0
| 487|0x000000074c600000, 0x000000074c800000, 0x000000074c800000|100%| E|CS|TAMS 0x000000074c600000| PB 0x000000074c600000| Complete |  0
| 488|0x000000074c800000, 0x000000074ca00000, 0x000000074ca00000|100%| E|CS|TAMS 0x000000074c800000| PB 0x000000074c800000| Complete |  0
| 489|0x000000074ca00000, 0x000000074cc00000, 0x000000074cc00000|100%| E|CS|TAMS 0x000000074ca00000| PB 0x000000074ca00000| Complete |  0
| 490|0x000000074cc00000, 0x000000074ce00000, 0x000000074ce00000|100%| E|CS|TAMS 0x000000074cc00000| PB 0x000000074cc00000| Complete |  0
| 491|0x000000074ce00000, 0x000000074d000000, 0x000000074d000000|100%| E|CS|TAMS 0x000000074ce00000| PB 0x000000074ce00000| Complete |  0
| 492|0x000000074d000000, 0x000000074d200000, 0x000000074d200000|100%| E|CS|TAMS 0x000000074d000000| PB 0x000000074d000000| Complete |  0
| 493|0x000000074d200000, 0x000000074d400000, 0x000000074d400000|100%| E|CS|TAMS 0x000000074d200000| PB 0x000000074d200000| Complete |  0
| 494|0x000000074d400000, 0x000000074d600000, 0x000000074d600000|100%| E|CS|TAMS 0x000000074d400000| PB 0x000000074d400000| Complete |  0
| 495|0x000000074d600000, 0x000000074d800000, 0x000000074d800000|100%| E|CS|TAMS 0x000000074d600000| PB 0x000000074d600000| Complete |  0
| 496|0x000000074d800000, 0x000000074da00000, 0x000000074da00000|100%| E|CS|TAMS 0x000000074d800000| PB 0x000000074d800000| Complete |  0
| 497|0x000000074da00000, 0x000000074dc00000, 0x000000074dc00000|100%| E|CS|TAMS 0x000000074da00000| PB 0x000000074da00000| Complete |  0
| 498|0x000000074dc00000, 0x000000074de00000, 0x000000074de00000|100%| E|CS|TAMS 0x000000074dc00000| PB 0x000000074dc00000| Complete |  0
| 499|0x000000074de00000, 0x000000074e000000, 0x000000074e000000|100%| E|CS|TAMS 0x000000074de00000| PB 0x000000074de00000| Complete |  0
| 500|0x000000074e000000, 0x000000074e200000, 0x000000074e200000|100%| E|CS|TAMS 0x000000074e000000| PB 0x000000074e000000| Complete |  0
| 501|0x000000074e200000, 0x000000074e400000, 0x000000074e400000|100%| E|CS|TAMS 0x000000074e200000| PB 0x000000074e200000| Complete |  0
| 502|0x000000074e400000, 0x000000074e600000, 0x000000074e600000|100%| E|CS|TAMS 0x000000074e400000| PB 0x000000074e400000| Complete |  0
| 503|0x000000074e600000, 0x000000074e800000, 0x000000074e800000|100%| E|CS|TAMS 0x000000074e600000| PB 0x000000074e600000| Complete |  0
| 504|0x000000074e800000, 0x000000074ea00000, 0x000000074ea00000|100%| E|CS|TAMS 0x000000074e800000| PB 0x000000074e800000| Complete |  0
| 505|0x000000074ea00000, 0x000000074ec00000, 0x000000074ec00000|100%| E|CS|TAMS 0x000000074ea00000| PB 0x000000074ea00000| Complete |  0
| 506|0x000000074ec00000, 0x000000074ee00000, 0x000000074ee00000|100%| E|CS|TAMS 0x000000074ec00000| PB 0x000000074ec00000| Complete |  0
| 507|0x000000074ee00000, 0x000000074f000000, 0x000000074f000000|100%| E|CS|TAMS 0x000000074ee00000| PB 0x000000074ee00000| Complete |  0
| 508|0x000000074f000000, 0x000000074f200000, 0x000000074f200000|100%| E|CS|TAMS 0x000000074f000000| PB 0x000000074f000000| Complete |  0
| 509|0x000000074f200000, 0x000000074f400000, 0x000000074f400000|100%| E|CS|TAMS 0x000000074f200000| PB 0x000000074f200000| Complete |  0
| 510|0x000000074f400000, 0x000000074f600000, 0x000000074f600000|100%| E|CS|TAMS 0x000000074f400000| PB 0x000000074f400000| Complete |  0
| 511|0x000000074f600000, 0x000000074f800000, 0x000000074f800000|100%| E|CS|TAMS 0x000000074f600000| PB 0x000000074f600000| Complete |  0
| 512|0x000000074f800000, 0x000000074fa00000, 0x000000074fa00000|100%| E|CS|TAMS 0x000000074f800000| PB 0x000000074f800000| Complete |  0
| 513|0x000000074fa00000, 0x000000074fc00000, 0x000000074fc00000|100%| E|CS|TAMS 0x000000074fa00000| PB 0x000000074fa00000| Complete |  0
| 514|0x000000074fc00000, 0x000000074fe00000, 0x000000074fe00000|100%| E|CS|TAMS 0x000000074fc00000| PB 0x000000074fc00000| Complete |  0
| 515|0x000000074fe00000, 0x0000000750000000, 0x0000000750000000|100%| E|CS|TAMS 0x000000074fe00000| PB 0x000000074fe00000| Complete |  0
| 516|0x0000000750000000, 0x0000000750200000, 0x0000000750200000|100%| E|CS|TAMS 0x0000000750000000| PB 0x0000000750000000| Complete |  0
| 517|0x0000000750200000, 0x0000000750400000, 0x0000000750400000|100%| E|CS|TAMS 0x0000000750200000| PB 0x0000000750200000| Complete |  0
| 518|0x0000000750400000, 0x0000000750600000, 0x0000000750600000|100%| E|CS|TAMS 0x0000000750400000| PB 0x0000000750400000| Complete |  0
| 519|0x0000000750600000, 0x0000000750800000, 0x0000000750800000|100%| E|CS|TAMS 0x0000000750600000| PB 0x0000000750600000| Complete |  0
| 520|0x0000000750800000, 0x0000000750a00000, 0x0000000750a00000|100%| E|CS|TAMS 0x0000000750800000| PB 0x0000000750800000| Complete |  0
| 521|0x0000000750a00000, 0x0000000750c00000, 0x0000000750c00000|100%| E|CS|TAMS 0x0000000750a00000| PB 0x0000000750a00000| Complete |  0
| 522|0x0000000750c00000, 0x0000000750e00000, 0x0000000750e00000|100%| E|CS|TAMS 0x0000000750c00000| PB 0x0000000750c00000| Complete |  0
| 523|0x0000000750e00000, 0x0000000751000000, 0x0000000751000000|100%| E|CS|TAMS 0x0000000750e00000| PB 0x0000000750e00000| Complete |  0
| 524|0x0000000751000000, 0x0000000751200000, 0x0000000751200000|100%| E|CS|TAMS 0x0000000751000000| PB 0x0000000751000000| Complete |  0
| 525|0x0000000751200000, 0x0000000751400000, 0x0000000751400000|100%| E|CS|TAMS 0x0000000751200000| PB 0x0000000751200000| Complete |  0
| 526|0x0000000751400000, 0x0000000751600000, 0x0000000751600000|100%| E|CS|TAMS 0x0000000751400000| PB 0x0000000751400000| Complete |  0
| 527|0x0000000751600000, 0x0000000751800000, 0x0000000751800000|100%| E|CS|TAMS 0x0000000751600000| PB 0x0000000751600000| Complete |  0
| 528|0x0000000751800000, 0x0000000751a00000, 0x0000000751a00000|100%| E|CS|TAMS 0x0000000751800000| PB 0x0000000751800000| Complete |  0
| 529|0x0000000751a00000, 0x0000000751c00000, 0x0000000751c00000|100%| E|CS|TAMS 0x0000000751a00000| PB 0x0000000751a00000| Complete |  0
| 530|0x0000000751c00000, 0x0000000751e00000, 0x0000000751e00000|100%| E|CS|TAMS 0x0000000751c00000| PB 0x0000000751c00000| Complete |  0
| 531|0x0000000751e00000, 0x0000000752000000, 0x0000000752000000|100%| E|CS|TAMS 0x0000000751e00000| PB 0x0000000751e00000| Complete |  0
| 532|0x0000000752000000, 0x0000000752200000, 0x0000000752200000|100%| E|CS|TAMS 0x0000000752000000| PB 0x0000000752000000| Complete |  0
| 533|0x0000000752200000, 0x0000000752400000, 0x0000000752400000|100%| E|CS|TAMS 0x0000000752200000| PB 0x0000000752200000| Complete |  0
| 534|0x0000000752400000, 0x0000000752600000, 0x0000000752600000|100%| E|CS|TAMS 0x0000000752400000| PB 0x0000000752400000| Complete |  0
| 535|0x0000000752600000, 0x0000000752800000, 0x0000000752800000|100%| E|CS|TAMS 0x0000000752600000| PB 0x0000000752600000| Complete |  0
| 536|0x0000000752800000, 0x0000000752a00000, 0x0000000752a00000|100%| E|CS|TAMS 0x0000000752800000| PB 0x0000000752800000| Complete |  0
| 537|0x0000000752a00000, 0x0000000752c00000, 0x0000000752c00000|100%| E|CS|TAMS 0x0000000752a00000| PB 0x0000000752a00000| Complete |  0
| 538|0x0000000752c00000, 0x0000000752e00000, 0x0000000752e00000|100%| E|CS|TAMS 0x0000000752c00000| PB 0x0000000752c00000| Complete |  0
| 539|0x0000000752e00000, 0x0000000753000000, 0x0000000753000000|100%| E|CS|TAMS 0x0000000752e00000| PB 0x0000000752e00000| Complete |  0
| 540|0x0000000753000000, 0x0000000753200000, 0x0000000753200000|100%| E|CS|TAMS 0x0000000753000000| PB 0x0000000753000000| Complete |  0
| 541|0x0000000753200000, 0x0000000753400000, 0x0000000753400000|100%| E|CS|TAMS 0x0000000753200000| PB 0x0000000753200000| Complete |  0
| 542|0x0000000753400000, 0x0000000753600000, 0x0000000753600000|100%| E|CS|TAMS 0x0000000753400000| PB 0x0000000753400000| Complete |  0
| 543|0x0000000753600000, 0x0000000753800000, 0x0000000753800000|100%| E|CS|TAMS 0x0000000753600000| PB 0x0000000753600000| Complete |  0
| 544|0x0000000753800000, 0x0000000753a00000, 0x0000000753a00000|100%| E|CS|TAMS 0x0000000753800000| PB 0x0000000753800000| Complete |  0
| 545|0x0000000753a00000, 0x0000000753c00000, 0x0000000753c00000|100%| E|CS|TAMS 0x0000000753a00000| PB 0x0000000753a00000| Complete |  0
| 546|0x0000000753c00000, 0x0000000753e00000, 0x0000000753e00000|100%| E|CS|TAMS 0x0000000753c00000| PB 0x0000000753c00000| Complete |  0
| 547|0x0000000753e00000, 0x0000000754000000, 0x0000000754000000|100%| E|CS|TAMS 0x0000000753e00000| PB 0x0000000753e00000| Complete |  0
| 548|0x0000000754000000, 0x0000000754200000, 0x0000000754200000|100%| E|CS|TAMS 0x0000000754000000| PB 0x0000000754000000| Complete |  0
| 549|0x0000000754200000, 0x0000000754400000, 0x0000000754400000|100%| E|CS|TAMS 0x0000000754200000| PB 0x0000000754200000| Complete |  0
| 550|0x0000000754400000, 0x0000000754600000, 0x0000000754600000|100%| E|CS|TAMS 0x0000000754400000| PB 0x0000000754400000| Complete |  0
| 551|0x0000000754600000, 0x0000000754800000, 0x0000000754800000|100%| E|CS|TAMS 0x0000000754600000| PB 0x0000000754600000| Complete |  0
| 552|0x0000000754800000, 0x0000000754a00000, 0x0000000754a00000|100%| E|CS|TAMS 0x0000000754800000| PB 0x0000000754800000| Complete |  0
| 553|0x0000000754a00000, 0x0000000754c00000, 0x0000000754c00000|100%| E|CS|TAMS 0x0000000754a00000| PB 0x0000000754a00000| Complete |  0
| 554|0x0000000754c00000, 0x0000000754e00000, 0x0000000754e00000|100%| E|CS|TAMS 0x0000000754c00000| PB 0x0000000754c00000| Complete |  0
| 555|0x0000000754e00000, 0x0000000755000000, 0x0000000755000000|100%| E|CS|TAMS 0x0000000754e00000| PB 0x0000000754e00000| Complete |  0
| 556|0x0000000755000000, 0x0000000755200000, 0x0000000755200000|100%| E|CS|TAMS 0x0000000755000000| PB 0x0000000755000000| Complete |  0
| 557|0x0000000755200000, 0x0000000755400000, 0x0000000755400000|100%| E|CS|TAMS 0x0000000755200000| PB 0x0000000755200000| Complete |  0
| 558|0x0000000755400000, 0x0000000755600000, 0x0000000755600000|100%| E|CS|TAMS 0x0000000755400000| PB 0x0000000755400000| Complete |  0
| 559|0x0000000755600000, 0x0000000755800000, 0x0000000755800000|100%| E|CS|TAMS 0x0000000755600000| PB 0x0000000755600000| Complete |  0
| 560|0x0000000755800000, 0x0000000755a00000, 0x0000000755a00000|100%| E|CS|TAMS 0x0000000755800000| PB 0x0000000755800000| Complete |  0
| 561|0x0000000755a00000, 0x0000000755c00000, 0x0000000755c00000|100%| E|CS|TAMS 0x0000000755a00000| PB 0x0000000755a00000| Complete |  0
| 562|0x0000000755c00000, 0x0000000755e00000, 0x0000000755e00000|100%| E|CS|TAMS 0x0000000755c00000| PB 0x0000000755c00000| Complete |  0
| 563|0x0000000755e00000, 0x0000000756000000, 0x0000000756000000|100%| E|CS|TAMS 0x0000000755e00000| PB 0x0000000755e00000| Complete |  0
| 564|0x0000000756000000, 0x0000000756200000, 0x0000000756200000|100%| E|CS|TAMS 0x0000000756000000| PB 0x0000000756000000| Complete |  0
| 565|0x0000000756200000, 0x0000000756400000, 0x0000000756400000|100%| E|CS|TAMS 0x0000000756200000| PB 0x0000000756200000| Complete |  0
| 566|0x0000000756400000, 0x0000000756600000, 0x0000000756600000|100%| E|CS|TAMS 0x0000000756400000| PB 0x0000000756400000| Complete |  0
| 567|0x0000000756600000, 0x0000000756800000, 0x0000000756800000|100%| E|CS|TAMS 0x0000000756600000| PB 0x0000000756600000| Complete |  0
| 568|0x0000000756800000, 0x0000000756a00000, 0x0000000756a00000|100%| E|CS|TAMS 0x0000000756800000| PB 0x0000000756800000| Complete |  0
| 569|0x0000000756a00000, 0x0000000756c00000, 0x0000000756c00000|100%| E|CS|TAMS 0x0000000756a00000| PB 0x0000000756a00000| Complete |  0
| 570|0x0000000756c00000, 0x0000000756e00000, 0x0000000756e00000|100%| E|CS|TAMS 0x0000000756c00000| PB 0x0000000756c00000| Complete |  0
| 571|0x0000000756e00000, 0x0000000757000000, 0x0000000757000000|100%| E|CS|TAMS 0x0000000756e00000| PB 0x0000000756e00000| Complete |  0
| 572|0x0000000757000000, 0x0000000757200000, 0x0000000757200000|100%| E|CS|TAMS 0x0000000757000000| PB 0x0000000757000000| Complete |  0
| 573|0x0000000757200000, 0x0000000757400000, 0x0000000757400000|100%| E|CS|TAMS 0x0000000757200000| PB 0x0000000757200000| Complete |  0
| 574|0x0000000757400000, 0x0000000757600000, 0x0000000757600000|100%| E|CS|TAMS 0x0000000757400000| PB 0x0000000757400000| Complete |  0
| 575|0x0000000757600000, 0x0000000757800000, 0x0000000757800000|100%| E|CS|TAMS 0x0000000757600000| PB 0x0000000757600000| Complete |  0
| 576|0x0000000757800000, 0x0000000757a00000, 0x0000000757a00000|100%| E|CS|TAMS 0x0000000757800000| PB 0x0000000757800000| Complete |  0
| 577|0x0000000757a00000, 0x0000000757c00000, 0x0000000757c00000|100%| E|CS|TAMS 0x0000000757a00000| PB 0x0000000757a00000| Complete |  0
| 578|0x0000000757c00000, 0x0000000757e00000, 0x0000000757e00000|100%| E|CS|TAMS 0x0000000757c00000| PB 0x0000000757c00000| Complete |  0
| 579|0x0000000757e00000, 0x0000000758000000, 0x0000000758000000|100%| E|CS|TAMS 0x0000000757e00000| PB 0x0000000757e00000| Complete |  0
| 580|0x0000000758000000, 0x0000000758200000, 0x0000000758200000|100%| E|CS|TAMS 0x0000000758000000| PB 0x0000000758000000| Complete |  0
| 581|0x0000000758200000, 0x0000000758400000, 0x0000000758400000|100%| E|CS|TAMS 0x0000000758200000| PB 0x0000000758200000| Complete |  0
| 582|0x0000000758400000, 0x0000000758600000, 0x0000000758600000|100%| E|CS|TAMS 0x0000000758400000| PB 0x0000000758400000| Complete |  0
| 583|0x0000000758600000, 0x0000000758800000, 0x0000000758800000|100%| E|CS|TAMS 0x0000000758600000| PB 0x0000000758600000| Complete |  0
| 584|0x0000000758800000, 0x0000000758a00000, 0x0000000758a00000|100%| E|CS|TAMS 0x0000000758800000| PB 0x0000000758800000| Complete |  0
| 585|0x0000000758a00000, 0x0000000758c00000, 0x0000000758c00000|100%| E|CS|TAMS 0x0000000758a00000| PB 0x0000000758a00000| Complete |  0
| 586|0x0000000758c00000, 0x0000000758e00000, 0x0000000758e00000|100%| E|CS|TAMS 0x0000000758c00000| PB 0x0000000758c00000| Complete |  0
| 587|0x0000000758e00000, 0x0000000759000000, 0x0000000759000000|100%| E|CS|TAMS 0x0000000758e00000| PB 0x0000000758e00000| Complete |  0
| 588|0x0000000759000000, 0x0000000759200000, 0x0000000759200000|100%| E|CS|TAMS 0x0000000759000000| PB 0x0000000759000000| Complete |  0
| 589|0x0000000759200000, 0x0000000759400000, 0x0000000759400000|100%| E|CS|TAMS 0x0000000759200000| PB 0x0000000759200000| Complete |  0
| 590|0x0000000759400000, 0x0000000759600000, 0x0000000759600000|100%| E|CS|TAMS 0x0000000759400000| PB 0x0000000759400000| Complete |  0
| 591|0x0000000759600000, 0x0000000759800000, 0x0000000759800000|100%| E|CS|TAMS 0x0000000759600000| PB 0x0000000759600000| Complete |  0
| 592|0x0000000759800000, 0x0000000759a00000, 0x0000000759a00000|100%| E|CS|TAMS 0x0000000759800000| PB 0x0000000759800000| Complete |  0
| 593|0x0000000759a00000, 0x0000000759c00000, 0x0000000759c00000|100%| E|CS|TAMS 0x0000000759a00000| PB 0x0000000759a00000| Complete |  0
| 594|0x0000000759c00000, 0x0000000759e00000, 0x0000000759e00000|100%| E|CS|TAMS 0x0000000759c00000| PB 0x0000000759c00000| Complete |  0
| 595|0x0000000759e00000, 0x000000075a000000, 0x000000075a000000|100%| E|CS|TAMS 0x0000000759e00000| PB 0x0000000759e00000| Complete |  0
| 596|0x000000075a000000, 0x000000075a200000, 0x000000075a200000|100%| E|CS|TAMS 0x000000075a000000| PB 0x000000075a000000| Complete |  0
| 597|0x000000075a200000, 0x000000075a400000, 0x000000075a400000|100%| E|CS|TAMS 0x000000075a200000| PB 0x000000075a200000| Complete |  0
| 598|0x000000075a400000, 0x000000075a600000, 0x000000075a600000|100%| E|CS|TAMS 0x000000075a400000| PB 0x000000075a400000| Complete |  0
| 599|0x000000075a600000, 0x000000075a800000, 0x000000075a800000|100%| E|CS|TAMS 0x000000075a600000| PB 0x000000075a600000| Complete |  0
| 600|0x000000075a800000, 0x000000075aa00000, 0x000000075aa00000|100%| E|CS|TAMS 0x000000075a800000| PB 0x000000075a800000| Complete |  0
| 601|0x000000075aa00000, 0x000000075ac00000, 0x000000075ac00000|100%| E|CS|TAMS 0x000000075aa00000| PB 0x000000075aa00000| Complete |  0
| 602|0x000000075ac00000, 0x000000075ae00000, 0x000000075ae00000|100%| E|CS|TAMS 0x000000075ac00000| PB 0x000000075ac00000| Complete |  0
| 603|0x000000075ae00000, 0x000000075b000000, 0x000000075b000000|100%| E|CS|TAMS 0x000000075ae00000| PB 0x000000075ae00000| Complete |  0
| 604|0x000000075b000000, 0x000000075b200000, 0x000000075b200000|100%| E|CS|TAMS 0x000000075b000000| PB 0x000000075b000000| Complete |  0
| 605|0x000000075b200000, 0x000000075b400000, 0x000000075b400000|100%| E|CS|TAMS 0x000000075b200000| PB 0x000000075b200000| Complete |  0
| 606|0x000000075b400000, 0x000000075b600000, 0x000000075b600000|100%| E|CS|TAMS 0x000000075b400000| PB 0x000000075b400000| Complete |  0
| 607|0x000000075b600000, 0x000000075b800000, 0x000000075b800000|100%| E|CS|TAMS 0x000000075b600000| PB 0x000000075b600000| Complete |  0
| 608|0x000000075b800000, 0x000000075ba00000, 0x000000075ba00000|100%| E|CS|TAMS 0x000000075b800000| PB 0x000000075b800000| Complete |  0
| 609|0x000000075ba00000, 0x000000075bc00000, 0x000000075bc00000|100%| E|CS|TAMS 0x000000075ba00000| PB 0x000000075ba00000| Complete |  0
|1809|0x00000007f1a00000, 0x00000007f1c00000, 0x00000007f1c00000|100%| E|CS|TAMS 0x00000007f1a00000| PB 0x00000007f1a00000| Complete |  0
|1810|0x00000007f1c00000, 0x00000007f1e00000, 0x00000007f1e00000|100%| E|CS|TAMS 0x00000007f1c00000| PB 0x00000007f1c00000| Complete |  0
|1811|0x00000007f1e00000, 0x00000007f2000000, 0x00000007f2000000|100%| O|  |TAMS 0x00000007f1e00000| PB 0x00000007f1e00000| Untracked |  0
|1812|0x00000007f2000000, 0x00000007f2200000, 0x00000007f2200000|100%| O|  |TAMS 0x00000007f2000000| PB 0x00000007f2000000| Untracked |  0
|1813|0x00000007f2200000, 0x00000007f2400000, 0x00000007f2400000|100%| O|  |TAMS 0x00000007f2200000| PB 0x00000007f2200000| Untracked |  0
|1814|0x00000007f2400000, 0x00000007f2600000, 0x00000007f2600000|100%| O|  |TAMS 0x00000007f2400000| PB 0x00000007f2400000| Untracked |  0
|1815|0x00000007f2600000, 0x00000007f2800000, 0x00000007f2800000|100%| O|  |TAMS 0x00000007f2600000| PB 0x00000007f2600000| Untracked |  0
|1816|0x00000007f2800000, 0x00000007f2a00000, 0x00000007f2a00000|100%| O|  |TAMS 0x00000007f2800000| PB 0x00000007f2800000| Untracked |  0
|1817|0x00000007f2a00000, 0x00000007f2c00000, 0x00000007f2c00000|100%| E|CS|TAMS 0x00000007f2a00000| PB 0x00000007f2a00000| Complete |  0
|1818|0x00000007f2c00000, 0x00000007f2e00000, 0x00000007f2e00000|100%| E|CS|TAMS 0x00000007f2c00000| PB 0x00000007f2c00000| Complete |  0
|1819|0x00000007f2e00000, 0x00000007f3000000, 0x00000007f3000000|100%| O|  |TAMS 0x00000007f2e00000| PB 0x00000007f2e00000| Untracked |  0
|1820|0x00000007f3000000, 0x00000007f3200000, 0x00000007f3200000|100%| O|  |TAMS 0x00000007f3000000| PB 0x00000007f3000000| Untracked |  0
|1821|0x00000007f3200000, 0x00000007f3400000, 0x00000007f3400000|100%| O|  |TAMS 0x00000007f3200000| PB 0x00000007f3200000| Untracked |  0
|1822|0x00000007f3400000, 0x00000007f3600000, 0x00000007f3600000|100%| O|  |TAMS 0x00000007f3400000| PB 0x00000007f3400000| Untracked |  0
|1823|0x00000007f3600000, 0x00000007f3800000, 0x00000007f3800000|100%| O|  |TAMS 0x00000007f3600000| PB 0x00000007f3600000| Untracked |  0
|1824|0x00000007f3800000, 0x00000007f3a00000, 0x00000007f3a00000|100%| O|  |TAMS 0x00000007f3800000| PB 0x00000007f3800000| Untracked |  0
|1825|0x00000007f3a00000, 0x00000007f3c00000, 0x00000007f3c00000|100%| O|  |TAMS 0x00000007f3a00000| PB 0x00000007f3a00000| Untracked |  0
|1826|0x00000007f3c00000, 0x00000007f3e00000, 0x00000007f3e00000|100%| E|CS|TAMS 0x00000007f3c00000| PB 0x00000007f3c00000| Complete |  0
|1827|0x00000007f3e00000, 0x00000007f4000000, 0x00000007f4000000|100%| E|CS|TAMS 0x00000007f3e00000| PB 0x00000007f3e00000| Complete |  0
|1828|0x00000007f4000000, 0x00000007f4200000, 0x00000007f4200000|100%| E|CS|TAMS 0x00000007f4000000| PB 0x00000007f4000000| Complete |  0
|1829|0x00000007f4200000, 0x00000007f4400000, 0x00000007f4400000|100%| E|CS|TAMS 0x00000007f4200000| PB 0x00000007f4200000| Complete |  0
|1830|0x00000007f4400000, 0x00000007f4600000, 0x00000007f4600000|100%| E|CS|TAMS 0x00000007f4400000| PB 0x00000007f4400000| Complete |  0
|1831|0x00000007f4600000, 0x00000007f4800000, 0x00000007f4800000|100%| E|CS|TAMS 0x00000007f4600000| PB 0x00000007f4600000| Complete |  0
|1832|0x00000007f4800000, 0x00000007f4a00000, 0x00000007f4a00000|100%| E|CS|TAMS 0x00000007f4800000| PB 0x00000007f4800000| Complete |  0
|1833|0x00000007f4a00000, 0x00000007f4c00000, 0x00000007f4c00000|100%| E|CS|TAMS 0x00000007f4a00000| PB 0x00000007f4a00000| Complete |  0
|1834|0x00000007f4c00000, 0x00000007f4e00000, 0x00000007f4e00000|100%| E|CS|TAMS 0x00000007f4c00000| PB 0x00000007f4c00000| Complete |  0
|1835|0x00000007f4e00000, 0x00000007f5000000, 0x00000007f5000000|100%| E|CS|TAMS 0x00000007f4e00000| PB 0x00000007f4e00000| Complete |  0
|1836|0x00000007f5000000, 0x00000007f5200000, 0x00000007f5200000|100%| E|CS|TAMS 0x00000007f5000000| PB 0x00000007f5000000| Complete |  0
|1837|0x00000007f5200000, 0x00000007f5400000, 0x00000007f5400000|100%| E|CS|TAMS 0x00000007f5200000| PB 0x00000007f5200000| Complete |  0
|1838|0x00000007f5400000, 0x00000007f5600000, 0x00000007f5600000|100%| E|CS|TAMS 0x00000007f5400000| PB 0x00000007f5400000| Complete |  0
|1839|0x00000007f5600000, 0x00000007f5800000, 0x00000007f5800000|100%| E|CS|TAMS 0x00000007f5600000| PB 0x00000007f5600000| Complete |  0
|1840|0x00000007f5800000, 0x00000007f5a00000, 0x00000007f5a00000|100%| E|CS|TAMS 0x00000007f5800000| PB 0x00000007f5800000| Complete |  0
|1841|0x00000007f5a00000, 0x00000007f5c00000, 0x00000007f5c00000|100%| E|CS|TAMS 0x00000007f5a00000| PB 0x00000007f5a00000| Complete |  0
|1842|0x00000007f5c00000, 0x00000007f5e00000, 0x00000007f5e00000|100%| E|CS|TAMS 0x00000007f5c00000| PB 0x00000007f5c00000| Complete |  0
|1843|0x00000007f5e00000, 0x00000007f6000000, 0x00000007f6000000|100%| E|CS|TAMS 0x00000007f5e00000| PB 0x00000007f5e00000| Complete |  0
|1844|0x00000007f6000000, 0x00000007f6200000, 0x00000007f6200000|100%| E|CS|TAMS 0x00000007f6000000| PB 0x00000007f6000000| Complete |  0
|1845|0x00000007f6200000, 0x00000007f6400000, 0x00000007f6400000|100%| E|CS|TAMS 0x00000007f6200000| PB 0x00000007f6200000| Complete |  0
|1846|0x00000007f6400000, 0x00000007f6600000, 0x00000007f6600000|100%| E|CS|TAMS 0x00000007f6400000| PB 0x00000007f6400000| Complete |  0
|1847|0x00000007f6600000, 0x00000007f6800000, 0x00000007f6800000|100%| E|CS|TAMS 0x00000007f6600000| PB 0x00000007f6600000| Complete |  0
|1848|0x00000007f6800000, 0x00000007f6a00000, 0x00000007f6a00000|100%| E|CS|TAMS 0x00000007f6800000| PB 0x00000007f6800000| Complete |  0
|1849|0x00000007f6a00000, 0x00000007f6c00000, 0x00000007f6c00000|100%| E|CS|TAMS 0x00000007f6a00000| PB 0x00000007f6a00000| Complete |  0
|1850|0x00000007f6c00000, 0x00000007f6e00000, 0x00000007f6e00000|100%| E|CS|TAMS 0x00000007f6c00000| PB 0x00000007f6c00000| Complete |  0
|1851|0x00000007f6e00000, 0x00000007f7000000, 0x00000007f7000000|100%| E|CS|TAMS 0x00000007f6e00000| PB 0x00000007f6e00000| Complete |  0
|1852|0x00000007f7000000, 0x00000007f7200000, 0x00000007f7200000|100%| E|CS|TAMS 0x00000007f7000000| PB 0x00000007f7000000| Complete |  0
|1853|0x00000007f7200000, 0x00000007f7400000, 0x00000007f7400000|100%| E|CS|TAMS 0x00000007f7200000| PB 0x00000007f7200000| Complete |  0
|1854|0x00000007f7400000, 0x00000007f7600000, 0x00000007f7600000|100%| E|CS|TAMS 0x00000007f7400000| PB 0x00000007f7400000| Complete |  0
|1855|0x00000007f7600000, 0x00000007f7800000, 0x00000007f7800000|100%| E|CS|TAMS 0x00000007f7600000| PB 0x00000007f7600000| Complete |  0
|1856|0x00000007f7800000, 0x00000007f7a00000, 0x00000007f7a00000|100%| E|CS|TAMS 0x00000007f7800000| PB 0x00000007f7800000| Complete |  0
|1857|0x00000007f7a00000, 0x00000007f7c00000, 0x00000007f7c00000|100%| E|CS|TAMS 0x00000007f7a00000| PB 0x00000007f7a00000| Complete |  0
|1858|0x00000007f7c00000, 0x00000007f7e00000, 0x00000007f7e00000|100%| E|CS|TAMS 0x00000007f7c00000| PB 0x00000007f7c00000| Complete |  0
|1859|0x00000007f7e00000, 0x00000007f8000000, 0x00000007f8000000|100%| E|CS|TAMS 0x00000007f7e00000| PB 0x00000007f7e00000| Complete |  0
|1860|0x00000007f8000000, 0x00000007f8200000, 0x00000007f8200000|100%| E|CS|TAMS 0x00000007f8000000| PB 0x00000007f8000000| Complete |  0
|1861|0x00000007f8200000, 0x00000007f8400000, 0x00000007f8400000|100%| E|CS|TAMS 0x00000007f8200000| PB 0x00000007f8200000| Complete |  0
|1862|0x00000007f8400000, 0x00000007f8600000, 0x00000007f8600000|100%| E|CS|TAMS 0x00000007f8400000| PB 0x00000007f8400000| Complete |  0
|1863|0x00000007f8600000, 0x00000007f8800000, 0x00000007f8800000|100%| E|CS|TAMS 0x00000007f8600000| PB 0x00000007f8600000| Complete |  0
|1864|0x00000007f8800000, 0x00000007f8a00000, 0x00000007f8a00000|100%| E|CS|TAMS 0x00000007f8800000| PB 0x00000007f8800000| Complete |  0
|1865|0x00000007f8a00000, 0x00000007f8c00000, 0x00000007f8c00000|100%| E|CS|TAMS 0x00000007f8a00000| PB 0x00000007f8a00000| Complete |  0
|1866|0x00000007f8c00000, 0x00000007f8e00000, 0x00000007f8e00000|100%| E|CS|TAMS 0x00000007f8c00000| PB 0x00000007f8c00000| Complete |  0
|1867|0x00000007f8e00000, 0x00000007f9000000, 0x00000007f9000000|100%| E|CS|TAMS 0x00000007f8e00000| PB 0x00000007f8e00000| Complete |  0
|1868|0x00000007f9000000, 0x00000007f9200000, 0x00000007f9200000|100%| E|CS|TAMS 0x00000007f9000000| PB 0x00000007f9000000| Complete |  0
|1869|0x00000007f9200000, 0x00000007f9400000, 0x00000007f9400000|100%| E|CS|TAMS 0x00000007f9200000| PB 0x00000007f9200000| Complete |  0
|1870|0x00000007f9400000, 0x00000007f9600000, 0x00000007f9600000|100%| E|CS|TAMS 0x00000007f9400000| PB 0x00000007f9400000| Complete |  0
|1871|0x00000007f9600000, 0x00000007f9800000, 0x00000007f9800000|100%| E|CS|TAMS 0x00000007f9600000| PB 0x00000007f9600000| Complete |  0
|1872|0x00000007f9800000, 0x00000007f9a00000, 0x00000007f9a00000|100%| E|CS|TAMS 0x00000007f9800000| PB 0x00000007f9800000| Complete |  0
|1873|0x00000007f9a00000, 0x00000007f9c00000, 0x00000007f9c00000|100%| E|CS|TAMS 0x00000007f9a00000| PB 0x00000007f9a00000| Complete |  0
|1874|0x00000007f9c00000, 0x00000007f9e00000, 0x00000007f9e00000|100%| E|CS|TAMS 0x00000007f9c00000| PB 0x00000007f9c00000| Complete |  0
|1875|0x00000007f9e00000, 0x00000007fa000000, 0x00000007fa000000|100%| E|CS|TAMS 0x00000007f9e00000| PB 0x00000007f9e00000| Complete |  0
|1876|0x00000007fa000000, 0x00000007fa200000, 0x00000007fa200000|100%| E|CS|TAMS 0x00000007fa000000| PB 0x00000007fa000000| Complete |  0
|1877|0x00000007fa200000, 0x00000007fa400000, 0x00000007fa400000|100%| E|CS|TAMS 0x00000007fa200000| PB 0x00000007fa200000| Complete |  0
|1878|0x00000007fa400000, 0x00000007fa600000, 0x00000007fa600000|100%| E|CS|TAMS 0x00000007fa400000| PB 0x00000007fa400000| Complete |  0
|1879|0x00000007fa600000, 0x00000007fa800000, 0x00000007fa800000|100%| E|CS|TAMS 0x00000007fa600000| PB 0x00000007fa600000| Complete |  0
|1880|0x00000007fa800000, 0x00000007faa00000, 0x00000007faa00000|100%| E|CS|TAMS 0x00000007fa800000| PB 0x00000007fa800000| Complete |  0
|1881|0x00000007faa00000, 0x00000007fac00000, 0x00000007fac00000|100%| E|CS|TAMS 0x00000007faa00000| PB 0x00000007faa00000| Complete |  0
|1882|0x00000007fac00000, 0x00000007fae00000, 0x00000007fae00000|100%| E|CS|TAMS 0x00000007fac00000| PB 0x00000007fac00000| Complete |  0
|1883|0x00000007fae00000, 0x00000007fb000000, 0x00000007fb000000|100%| E|CS|TAMS 0x00000007fae00000| PB 0x00000007fae00000| Complete |  0
|1884|0x00000007fb000000, 0x00000007fb200000, 0x00000007fb200000|100%| E|CS|TAMS 0x00000007fb000000| PB 0x00000007fb000000| Complete |  0
|1885|0x00000007fb200000, 0x00000007fb400000, 0x00000007fb400000|100%| E|CS|TAMS 0x00000007fb200000| PB 0x00000007fb200000| Complete |  0
|1886|0x00000007fb400000, 0x00000007fb600000, 0x00000007fb600000|100%| E|CS|TAMS 0x00000007fb400000| PB 0x00000007fb400000| Complete |  0
|1887|0x00000007fb600000, 0x00000007fb800000, 0x00000007fb800000|100%| E|CS|TAMS 0x00000007fb600000| PB 0x00000007fb600000| Complete |  0
|1888|0x00000007fb800000, 0x00000007fba00000, 0x00000007fba00000|100%| O|Cm|TAMS 0x00000007fb800000| PB 0x00000007fb800000| Complete |  0
|1889|0x00000007fba00000, 0x00000007fbc00000, 0x00000007fbc00000|100%| E|CS|TAMS 0x00000007fba00000| PB 0x00000007fba00000| Complete |  0
|1890|0x00000007fbc00000, 0x00000007fbe00000, 0x00000007fbe00000|100%| E|CS|TAMS 0x00000007fbc00000| PB 0x00000007fbc00000| Complete |  0
|1891|0x00000007fbe00000, 0x00000007fc000000, 0x00000007fc000000|100%| E|CS|TAMS 0x00000007fbe00000| PB 0x00000007fbe00000| Complete |  0
|1892|0x00000007fc000000, 0x00000007fc200000, 0x00000007fc200000|100%| E|CS|TAMS 0x00000007fc000000| PB 0x00000007fc000000| Complete |  0
|1893|0x00000007fc200000, 0x00000007fc400000, 0x00000007fc400000|100%| E|CS|TAMS 0x00000007fc200000| PB 0x00000007fc200000| Complete |  0
|1894|0x00000007fc400000, 0x00000007fc600000, 0x00000007fc600000|100%| E|CS|TAMS 0x00000007fc400000| PB 0x00000007fc400000| Complete |  0
|1895|0x00000007fc600000, 0x00000007fc800000, 0x00000007fc800000|100%| E|CS|TAMS 0x00000007fc600000| PB 0x00000007fc600000| Complete |  0
|1896|0x00000007fc800000, 0x00000007fca00000, 0x00000007fca00000|100%| E|CS|TAMS 0x00000007fc800000| PB 0x00000007fc800000| Complete |  0
|1897|0x00000007fca00000, 0x00000007fcc00000, 0x00000007fcc00000|100%| E|CS|TAMS 0x00000007fca00000| PB 0x00000007fca00000| Complete |  0
|1898|0x00000007fcc00000, 0x00000007fce00000, 0x00000007fce00000|100%| E|CS|TAMS 0x00000007fcc00000| PB 0x00000007fcc00000| Complete |  0
|1899|0x00000007fce00000, 0x00000007fd000000, 0x00000007fd000000|100%| E|CS|TAMS 0x00000007fce00000| PB 0x00000007fce00000| Complete |  0
|1900|0x00000007fd000000, 0x00000007fd200000, 0x00000007fd200000|100%| E|CS|TAMS 0x00000007fd000000| PB 0x00000007fd000000| Complete |  0
|1901|0x00000007fd200000, 0x00000007fd400000, 0x00000007fd400000|100%| E|CS|TAMS 0x00000007fd200000| PB 0x00000007fd200000| Complete |  0
|1902|0x00000007fd400000, 0x00000007fd600000, 0x00000007fd600000|100%| E|CS|TAMS 0x00000007fd400000| PB 0x00000007fd400000| Complete |  0
|1903|0x00000007fd600000, 0x00000007fd800000, 0x00000007fd800000|100%| E|CS|TAMS 0x00000007fd600000| PB 0x00000007fd600000| Complete |  0
|1904|0x00000007fd800000, 0x00000007fda00000, 0x00000007fda00000|100%| E|CS|TAMS 0x00000007fd800000| PB 0x00000007fd800000| Complete |  0
|1905|0x00000007fda00000, 0x00000007fdc00000, 0x00000007fdc00000|100%| E|CS|TAMS 0x00000007fda00000| PB 0x00000007fda00000| Complete |  0
|1906|0x00000007fdc00000, 0x00000007fde00000, 0x00000007fde00000|100%| E|CS|TAMS 0x00000007fdc00000| PB 0x00000007fdc00000| Complete |  0
|1907|0x00000007fde00000, 0x00000007fe000000, 0x00000007fe000000|100%| O|  |TAMS 0x00000007fde00000| PB 0x00000007fde00000| Untracked |  0
|1908|0x00000007fe000000, 0x00000007fe200000, 0x00000007fe200000|100%| E|CS|TAMS 0x00000007fe000000| PB 0x00000007fe000000| Complete |  0
|1909|0x00000007fe200000, 0x00000007fe400000, 0x00000007fe400000|100%| E|CS|TAMS 0x00000007fe200000| PB 0x00000007fe200000| Complete |  0
|1910|0x00000007fe400000, 0x00000007fe600000, 0x00000007fe600000|100%| E|CS|TAMS 0x00000007fe400000| PB 0x00000007fe400000| Complete |  0
|1911|0x00000007fe600000, 0x00000007fe800000, 0x00000007fe800000|100%| E|CS|TAMS 0x00000007fe600000| PB 0x00000007fe600000| Complete |  0
|1912|0x00000007fe800000, 0x00000007fea00000, 0x00000007fea00000|100%| O|  |TAMS 0x00000007fe800000| PB 0x00000007fe800000| Untracked |  0
|1913|0x00000007fea00000, 0x00000007fec00000, 0x00000007fec00000|100%| O|  |TAMS 0x00000007fea00000| PB 0x00000007fea00000| Untracked |  0
|1914|0x00000007fec00000, 0x00000007fee00000, 0x00000007fee00000|100%| O|  |TAMS 0x00000007fec00000| PB 0x00000007fec00000| Untracked |  0
|1915|0x00000007fee00000, 0x00000007ff000000, 0x00000007ff000000|100%| O|  |TAMS 0x00000007fee00000| PB 0x00000007fee00000| Untracked |  0
|1916|0x00000007ff000000, 0x00000007ff200000, 0x00000007ff200000|100%| O|  |TAMS 0x00000007ff000000| PB 0x00000007ff000000| Untracked |  0
|1917|0x00000007ff200000, 0x00000007ff400000, 0x00000007ff400000|100%| O|  |TAMS 0x00000007ff200000| PB 0x00000007ff200000| Untracked |  0
|1918|0x00000007ff400000, 0x00000007ff600000, 0x00000007ff600000|100%| O|  |TAMS 0x00000007ff400000| PB 0x00000007ff400000| Untracked |  0
|1919|0x00000007ff600000, 0x00000007ff800000, 0x00000007ff800000|100%| O|  |TAMS 0x00000007ff600000| PB 0x00000007ff600000| Untracked |  0
|1920|0x00000007ff800000, 0x00000007ffa00000, 0x00000007ffa00000|100%| O|  |TAMS 0x00000007ff800000| PB 0x00000007ff800000| Untracked |  0
|1921|0x00000007ffa00000, 0x00000007ffc00000, 0x00000007ffc00000|100%| O|  |TAMS 0x00000007ffa00000| PB 0x00000007ffa00000| Untracked |  0
|1922|0x00000007ffc00000, 0x00000007ffe00000, 0x00000007ffe00000|100%| O|  |TAMS 0x00000007ffc00000| PB 0x00000007ffc00000| Untracked |  0
|1923|0x00000007ffe00000, 0x0000000800000000, 0x0000000800000000|100%| E|CS|TAMS 0x00000007ffe00000| PB 0x00000007ffe00000| Complete |  0

Card table byte_map: [0x0000ffff73768000,0x0000ffff73eec000] _byte_map_base: 0x0000ffff6feec000

Marking Bits: (CMBitMap*) 0x0000ffff6c1874a0
 Bits: [0x0000ffff553dc000, 0x0000ffff58ffc000)

Polling page: 0x0000ffff76de8000

Metaspace:
Metaspace        used 147208K, committed 149056K, reserved 1179648K
 class space     used 25182K, committed 25920K, reserved 1048576K

Usage:
  Non-class:    119.17 MB used.
      Class:     24.59 MB used.
       Both:    143.76 MB used.

Virtual space:
  Non-class space:      128.00 MB reserved,     120.25 MB ( 94%) committed,  2 nodes.
      Class space:        1.00 GB reserved,      25.31 MB (  2%) committed,  1 nodes.
             Both:        1.12 GB reserved,     145.56 MB ( 13%) committed. 

Chunk freelists:
   Non-Class:  7.72 MB
       Class:  6.52 MB
        Both:  14.23 MB

MaxMetaspaceSize: unlimited
CompressedClassSpaceSize: 1.00 GB
Initial GC threshold: 21.00 MB
Current GC threshold: 242.31 MB
CDS: on
 - commit_granule_bytes: 65536.
 - commit_granule_words: 8192.
 - virtual_space_node_default_size: 8388608.
 - enlarge_chunks_in_place: 1.
UseCompressedClassPointers 1, UseCompactObjectHeaders 0
Narrow klass pointer bits 32, Max shift 3
Narrow klass base: 0x0000001f00000000, Narrow klass shift: 0
Encoding Range: [0x0000001f00000000 - 0x0000002000000000), (4294967296 bytes)
Klass Range:    [0x0000001f00010000 - 0x0000001f42000000), (1107230720 bytes)
Klass ID Range:  [65536 - 1107296249) (1107230713)
Protection zone: [0x0000001f00000000 - 0x0000001f00010000), (65536 bytes)


Internal statistics:

num_allocs_failed_limit: 39.
num_arena_births: 3276.
num_arena_deaths: 70.
num_vsnodes_births: 3.
num_vsnodes_deaths: 0.
num_space_committed: 2324.
num_space_uncommitted: 0.
num_chunks_returned_to_freelist: 136.
num_chunks_taken_from_freelist: 9984.
num_chunk_merges: 70.
num_chunk_splits: 6611.
num_chunks_enlarged: 4925.
num_inconsistent_stats: 0.

CodeHeap 'non-profiled nmethods': size=120032Kb used=19833Kb max_used=19833Kb free=100198Kb
 bounds [0x0000ffff60ac8000, 0x0000ffff61e28000, 0x0000ffff68000000]
CodeHeap 'profiled nmethods': size=120032Kb used=31107Kb max_used=31107Kb free=88924Kb
 bounds [0x0000ffff58ffc000, 0x0000ffff5ae8c000, 0x0000ffff60534000]
CodeHeap 'non-nmethods': size=5712Kb used=3429Kb max_used=3584Kb free=2282Kb
 bounds [0x0000ffff60534000, 0x0000ffff608c4000, 0x0000ffff60ac8000]
CodeCache: size=245776Kb, used=54369Kb, max_used=54524Kb, free=191404Kb
 total_blobs=29494, nmethods=26574, adapters=2773, full_count=0
Compilation: enabled, stopped_count=0, restarted_count=0

Compilation events (20 events):
Event: 88.450 Thread 0x0000ffff6c222c60 40744       3       com.mojang.blaze3d.opengl.Uniform::close (1 bytes)
Event: 88.451 Thread 0x0000ffff6c222c60 nmethod 40744 0x0000ffff5a37bd88 code [0x0000ffff5a37be80, 0x0000ffff5a37bfa0]
Event: 88.528 Thread 0x0000ffff6c222c60 40745       3       java.lang.Character::toUpperCase (9 bytes)
Event: 88.528 Thread 0x0000ffff6c222c60 nmethod 40745 0x0000ffff59268e48 code [0x0000ffff59268f40, 0x0000ffff59269168]
Event: 88.528 Thread 0x0000ffff6c222c60 40746       1       java.util.concurrent.CopyOnWriteArrayList::getArray (5 bytes)
Event: 88.528 Thread 0x0000ffff6c222c60 nmethod 40746 0x0000ffff61e26908 code [0x0000ffff61e26a00, 0x0000ffff61e26ae8]
Event: 88.529 Thread 0x0000ffff6c222c60 40747       3       org.apache.logging.log4j.core.util.internal.InternalLoggerRegistry$$Lambda/0x0000001f02119ee8::apply (8 bytes)
Event: 88.530 Thread 0x0000ffff6c222c60 nmethod 40747 0x0000ffff5a3a8e08 code [0x0000ffff5a3a8f00, 0x0000ffff5a3a96a8]
Event: 88.530 Thread 0x0000ffff6c222c60 40748       3       org.apache.logging.log4j.core.util.internal.InternalLoggerRegistry::lambda$getLoggers$2 (23 bytes)
Event: 88.530 Thread 0x0000ffff6c222c60 nmethod 40748 0x0000ffff59fead48 code [0x0000ffff59feae40, 0x0000ffff59feb480]
Event: 88.531 Thread 0x0000ffff6c222c60 40749       3       org.apache.logging.log4j.core.Logger$PrivateConfig::<init> (67 bytes)
Event: 88.532 Thread 0x0000ffff6c222c60 nmethod 40749 0x0000ffff5a3a8448 code [0x0000ffff5a3a8540, 0x0000ffff5a3a8dd0]
Event: 88.532 Thread 0x0000ffff6c222c60 40750       3       org.apache.logging.log4j.core.config.LoggerConfig::getLevel (35 bytes)
Event: 88.532 Thread 0x0000ffff6c222c60 nmethod 40750 0x0000ffff59963008 code [0x0000ffff59963100, 0x0000ffff59963548]
Event: 88.532 Thread 0x0000ffff6c222c60 40751       3       org.apache.logging.log4j.core.LoggerContext$$Lambda/0x0000001f0211a168::accept (12 bytes)
Event: 88.532 Thread 0x0000ffff6c222c60 nmethod 40751 0x0000ffff593f9808 code [0x0000ffff593f9900, 0x0000ffff593f9bc8]
Event: 88.532 Thread 0x0000ffff6c222c60 40752       3       org.apache.logging.log4j.core.LoggerContext::lambda$updateLoggers$3 (6 bytes)
Event: 88.532 Thread 0x0000ffff6c222c60 nmethod 40752 0x0000ffff5a1a1b48 code [0x0000ffff5a1a1c40, 0x0000ffff5a1a1da0]
Event: 88.532 Thread 0x0000ffff6c222c60 40753       3       org.apache.logging.log4j.core.Logger::updateConfiguration (15 bytes)
Event: 88.532 Thread 0x0000ffff6c222c60 nmethod 40753 0x0000ffff59a24a48 code [0x0000ffff59a24b40, 0x0000ffff59a24d78]

GC Heap Usage History (20 events):
Event: 61.124 {heap Before GC invocations=113 (full 0):
 garbage-first heap   total reserved 3940352K, committed 1419264K, used 1310684K [0x000000070f800000, 0x0000000800000000)
  region size 2048K, 272 young (557056K), 29 survivors (59392K)
}
Event: 61.132 {heap After GC invocations=114 (full 0):
 garbage-first heap   total reserved 3940352K, committed 1419264K, used 783360K [0x000000070f800000, 0x0000000800000000)
  region size 2048K, 9 young (18432K), 9 survivors (18432K)
}
Event: 62.067 {heap Before GC invocations=115 (full 0):
 garbage-first heap   total reserved 3940352K, committed 1419264K, used 1319936K [0x000000070f800000, 0x0000000800000000)
  region size 2048K, 272 young (557056K), 9 survivors (18432K)
}
Event: 62.079 {heap After GC invocations=116 (full 0):
 garbage-first heap   total reserved 3940352K, committed 1419264K, used 820170K [0x000000070f800000, 0x0000000800000000)
  region size 2048K, 27 young (55296K), 27 survivors (55296K)
}
Event: 62.338 {heap Before GC invocations=116 (full 0):
 garbage-first heap   total reserved 3940352K, committed 1419264K, used 1311690K [0x000000070f800000, 0x0000000800000000)
  region size 2048K, 268 young (548864K), 27 survivors (55296K)
}
Event: 62.355 {heap After GC invocations=117 (full 0):
 garbage-first heap   total reserved 3940352K, committed 1456128K, used 760622K [0x000000070f800000, 0x0000000800000000)
  region size 2048K, 30 young (61440K), 30 survivors (61440K)
}
Event: 62.588 {heap Before GC invocations=117 (full 0):
 garbage-first heap   total reserved 3940352K, committed 1456128K, used 1321774K [0x000000070f800000, 0x0000000800000000)
  region size 2048K, 305 young (624640K), 30 survivors (61440K)
}
Event: 62.601 {heap After GC invocations=118 (full 0):
 garbage-first heap   total reserved 3940352K, committed 1484800K, used 709632K [0x000000070f800000, 0x0000000800000000)
  region size 2048K, 25 young (51200K), 25 survivors (51200K)
}
Event: 62.749 {heap Before GC invocations=118 (full 0):
 garbage-first heap   total reserved 3940352K, committed 1484800K, used 1344512K [0x000000070f800000, 0x0000000800000000)
  region size 2048K, 336 young (688128K), 25 survivors (51200K)
}
Event: 62.759 {heap After GC invocations=119 (full 0):
 garbage-first heap   total reserved 3940352K, committed 1484800K, used 722944K [0x000000070f800000, 0x0000000800000000)
  region size 2048K, 25 young (51200K), 25 survivors (51200K)
}
Event: 63.031 {heap Before GC invocations=119 (full 0):
 garbage-first heap   total reserved 3940352K, committed 1484800K, used 1341440K [0x000000070f800000, 0x0000000800000000)
  region size 2048K, 328 young (671744K), 25 survivors (51200K)
}
Event: 63.041 {heap After GC invocations=120 (full 0):
 garbage-first heap   total reserved 3940352K, committed 1484800K, used 759040K [0x000000070f800000, 0x0000000800000000)
  region size 2048K, 21 young (43008K), 21 survivors (43008K)
}
Event: 64.037 {heap Before GC invocations=120 (full 0):
 garbage-first heap   total reserved 3940352K, committed 1484800K, used 1348864K [0x000000070f800000, 0x0000000800000000)
  region size 2048K, 310 young (634880K), 21 survivors (43008K)
}
Event: 64.054 {heap After GC invocations=121 (full 0):
 garbage-first heap   total reserved 3940352K, committed 1484800K, used 793452K [0x000000070f800000, 0x0000000800000000)
  region size 2048K, 37 young (75776K), 37 survivors (75776K)
}
Event: 65.077 {heap Before GC invocations=121 (full 0):
 garbage-first heap   total reserved 3940352K, committed 1484800K, used 1352556K [0x000000070f800000, 0x0000000800000000)
  region size 2048K, 311 young (636928K), 37 survivors (75776K)
}
Event: 65.085 {heap After GC invocations=122 (full 0):
 garbage-first heap   total reserved 3940352K, committed 1484800K, used 816623K [0x000000070f800000, 0x0000000800000000)
  region size 2048K, 31 young (63488K), 31 survivors (63488K)
}
Event: 68.585 {heap Before GC invocations=123 (full 0):
 garbage-first heap   total reserved 3940352K, committed 1484800K, used 1287663K [0x000000070f800000, 0x0000000800000000)
  region size 2048K, 297 young (608256K), 31 survivors (63488K)
}
Event: 68.603 {heap After GC invocations=124 (full 0):
 garbage-first heap   total reserved 3940352K, committed 1484800K, used 752640K [0x000000070f800000, 0x0000000800000000)
  region size 2048K, 17 young (34816K), 17 survivors (34816K)
}
Event: 78.554 {heap Before GC invocations=124 (full 0):
 garbage-first heap   total reserved 3940352K, committed 1484800K, used 1371136K [0x000000070f800000, 0x0000000800000000)
  region size 2048K, 320 young (655360K), 17 survivors (34816K)
}
Event: 78.575 {heap After GC invocations=125 (full 0):
 garbage-first heap   total reserved 3940352K, committed 1484800K, used 615434K [0x000000070f800000, 0x0000000800000000)
  region size 2048K, 18 young (36864K), 18 survivors (36864K)
}

Metaspace Usage History (20 events):
Event: 61.124 {metaspace Before GC invocations=113 (full 0):
 Metaspace       used 146312K, committed 148224K, reserved 1179648K
  class space    used 25074K, committed 25856K, reserved 1048576K
}
Event: 61.132 {metaspace After GC invocations=114 (full 0):
 Metaspace       used 146312K, committed 148224K, reserved 1179648K
  class space    used 25074K, committed 25856K, reserved 1048576K
}
Event: 62.067 {metaspace Before GC invocations=115 (full 0):
 Metaspace       used 146750K, committed 148608K, reserved 1179648K
  class space    used 25141K, committed 25856K, reserved 1048576K
}
Event: 62.079 {metaspace After GC invocations=116 (full 0):
 Metaspace       used 146750K, committed 148608K, reserved 1179648K
  class space    used 25141K, committed 25856K, reserved 1048576K
}
Event: 62.338 {metaspace Before GC invocations=116 (full 0):
 Metaspace       used 146849K, committed 148736K, reserved 1179648K
  class space    used 25153K, committed 25920K, reserved 1048576K
}
Event: 62.355 {metaspace After GC invocations=117 (full 0):
 Metaspace       used 146849K, committed 148736K, reserved 1179648K
  class space    used 25153K, committed 25920K, reserved 1048576K
}
Event: 62.588 {metaspace Before GC invocations=117 (full 0):
 Metaspace       used 146878K, committed 148736K, reserved 1179648K
  class space    used 25153K, committed 25920K, reserved 1048576K
}
Event: 62.601 {metaspace After GC invocations=118 (full 0):
 Metaspace       used 146878K, committed 148736K, reserved 1179648K
  class space    used 25153K, committed 25920K, reserved 1048576K
}
Event: 62.749 {metaspace Before GC invocations=118 (full 0):
 Metaspace       used 146900K, committed 148800K, reserved 1179648K
  class space    used 25155K, committed 25920K, reserved 1048576K
}
Event: 62.759 {metaspace After GC invocations=119 (full 0):
 Metaspace       used 146900K, committed 148800K, reserved 1179648K
  class space    used 25155K, committed 25920K, reserved 1048576K
}
Event: 63.031 {metaspace Before GC invocations=119 (full 0):
 Metaspace       used 146935K, committed 148800K, reserved 1179648K
  class space    used 25156K, committed 25920K, reserved 1048576K
}
Event: 63.041 {metaspace After GC invocations=120 (full 0):
 Metaspace       used 146935K, committed 148800K, reserved 1179648K
  class space    used 25156K, committed 25920K, reserved 1048576K
}
Event: 64.037 {metaspace Before GC invocations=120 (full 0):
 Metaspace       used 146957K, committed 148800K, reserved 1179648K
  class space    used 25156K, committed 25920K, reserved 1048576K
}
Event: 64.054 {metaspace After GC invocations=121 (full 0):
 Metaspace       used 146957K, committed 148800K, reserved 1179648K
  class space    used 25156K, committed 25920K, reserved 1048576K
}
Event: 65.077 {metaspace Before GC invocations=121 (full 0):
 Metaspace       used 146986K, committed 148864K, reserved 1179648K
  class space    used 25157K, committed 25920K, reserved 1048576K
}
Event: 65.085 {metaspace After GC invocations=122 (full 0):
 Metaspace       used 146986K, committed 148864K, reserved 1179648K
  class space    used 25157K, committed 25920K, reserved 1048576K
}
Event: 68.585 {metaspace Before GC invocations=123 (full 0):
 Metaspace       used 147105K, committed 148992K, reserved 1179648K
  class space    used 25167K, committed 25920K, reserved 1048576K
}
Event: 68.603 {metaspace After GC invocations=124 (full 0):
 Metaspace       used 147105K, committed 148992K, reserved 1179648K
  class space    used 25167K, committed 25920K, reserved 1048576K
}
Event: 78.554 {metaspace Before GC invocations=124 (full 0):
 Metaspace       used 147127K, committed 148992K, reserved 1179648K
  class space    used 25167K, committed 25920K, reserved 1048576K
}
Event: 78.575 {metaspace After GC invocations=125 (full 0):
 Metaspace       used 147127K, committed 148992K, reserved 1179648K
  class space    used 25167K, committed 25920K, reserved 1048576K
}

Dll operation events (14 events):
Event: 0.001 Loaded shared library /home/anguscrump/.jdks/jbr-25.0.3/lib/libjava.so
Event: 0.016 Loaded shared library /home/anguscrump/.jdks/jbr-25.0.3/lib/libnio.so
Event: 0.022 Loaded shared library /home/anguscrump/.jdks/jbr-25.0.3/lib/libzip.so
Event: 0.027 Loaded shared library /home/anguscrump/.jdks/jbr-25.0.3/lib/libnet.so
Event: 0.032 Loaded shared library /home/anguscrump/.jdks/jbr-25.0.3/lib/libzip.so
Event: 0.054 Loaded shared library /home/anguscrump/.jdks/jbr-25.0.3/lib/libjimage.so
Event: 0.229 Loaded shared library /home/anguscrump/.jdks/jbr-25.0.3/lib/libmanagement.so
Event: 0.229 Loaded shared library /home/anguscrump/.jdks/jbr-25.0.3/lib/libmanagement_ext.so
Event: 0.354 Loaded shared library /home/anguscrump/.jdks/jbr-25.0.3/lib/libverify.so
Event: 1.372 Loaded shared library /home/anguscrump/.cache/JNA/temp/jna8959535623744468355.tmp
Event: 4.006 Loaded shared library /home/anguscrump/.jdks/jbr-25.0.3/lib/libextnet.so
Event: 4.212 Loaded shared library /tmp/lwjgl_anguscrump/3.4.1-snapshot/arm64/liblwjgl.so
Event: 4.475 Loaded shared library /tmp/lwjgl_anguscrump/3.4.1-snapshot/arm64/liblwjgl_opengl.so
Event: 4.658 Loaded shared library /tmp/lwjgl_anguscrump/3.4.1-snapshot/arm64/liblwjgl_stb.so

Deoptimization events (20 events):
Event: 88.446 Thread 0x0000fffe38005300 Uncommon trap: trap_request=0xffffff45 fr.pc=0x0000ffff612db484 relative=0x0000000000000884
Event: 88.446 Thread 0x0000fffe38005300 Uncommon trap: reason=unstable_if action=reinterpret pc=0x0000ffff612db484 method=java.util.concurrent.LinkedTransferQueue$DualNode.await(Ljava/lang/Object;JLjava/lang/Object;Z)Ljava/lang/Object; @ 143 c2
Event: 88.446 Thread 0x0000fffe38005300 DEOPT PACKING pc=0x0000ffff612db484 sp=0x0000fffe5687e100
Event: 88.446 Thread 0x0000fffe38005300 DEOPT UNPACKING pc=0x0000ffff60647f9c sp=0x0000fffe5687df30 mode 2
Event: 88.446 Thread 0x0000fffe38005300 Uncommon trap: trap_request=0xffffff45 fr.pc=0x0000ffff61528924 relative=0x0000000000000324
Event: 88.446 Thread 0x0000fffe38005300 Uncommon trap: reason=unstable_if action=reinterpret pc=0x0000ffff61528924 method=java.util.concurrent.SynchronousQueue.poll(JLjava/util/concurrent/TimeUnit;)Ljava/lang/Object; @ 21 c2
Event: 88.446 Thread 0x0000fffe38005300 DEOPT PACKING pc=0x0000ffff61528924 sp=0x0000fffe5687e190
Event: 88.446 Thread 0x0000fffe38005300 DEOPT UNPACKING pc=0x0000ffff60647f9c sp=0x0000fffe5687e060 mode 2
Event: 88.447 Thread 0x0000fffef0904d80 Uncommon trap: trap_request=0xffffff45 fr.pc=0x0000ffff612db484 relative=0x0000000000000884
Event: 88.447 Thread 0x0000fffef0904d80 Uncommon trap: reason=unstable_if action=reinterpret pc=0x0000ffff612db484 method=java.util.concurrent.LinkedTransferQueue$DualNode.await(Ljava/lang/Object;JLjava/lang/Object;Z)Ljava/lang/Object; @ 143 c2
Event: 88.447 Thread 0x0000fffef0904d80 DEOPT PACKING pc=0x0000ffff612db484 sp=0x0000fffe56a7e100
Event: 88.447 Thread 0x0000fffef0904d80 DEOPT UNPACKING pc=0x0000ffff60647f9c sp=0x0000fffe56a7df30 mode 2
Event: 88.447 Thread 0x0000fffef0904d80 Uncommon trap: trap_request=0xffffff45 fr.pc=0x0000ffff61528924 relative=0x0000000000000324
Event: 88.447 Thread 0x0000fffef0904d80 Uncommon trap: reason=unstable_if action=reinterpret pc=0x0000ffff61528924 method=java.util.concurrent.SynchronousQueue.poll(JLjava/util/concurrent/TimeUnit;)Ljava/lang/Object; @ 21 c2
Event: 88.447 Thread 0x0000fffef0904d80 DEOPT PACKING pc=0x0000ffff61528924 sp=0x0000fffe56a7e190
Event: 88.447 Thread 0x0000fffef0904d80 DEOPT UNPACKING pc=0x0000ffff60647f9c sp=0x0000fffe56a7e060 mode 2
Event: 88.531 Thread 0x0000ffff6c0316d0 Uncommon trap: trap_request=0xffffff45 fr.pc=0x0000ffff61cf4638 relative=0x0000000000000bf8
Event: 88.531 Thread 0x0000ffff6c0316d0 Uncommon trap: reason=unstable_if action=reinterpret pc=0x0000ffff61cf4638 method=sun.nio.fs.UnixFileSystemProvider.implDelete(Ljava/nio/file/Path;Z)Z @ 39 c2
Event: 88.531 Thread 0x0000ffff6c0316d0 DEOPT PACKING pc=0x0000ffff61cf4638 sp=0x0000ffff754cb660
Event: 88.531 Thread 0x0000ffff6c0316d0 DEOPT UNPACKING pc=0x0000ffff60647f9c sp=0x0000ffff754cb610 mode 2

Classes loaded (20 events):
Event: 59.904 Loading class java/time/format/DateTimeFormatterBuilder$ReducedPrinterParser
Event: 59.904 Loading class java/time/format/DateTimeFormatterBuilder$ReducedPrinterParser done
Event: 59.907 Loading class sun/util/locale/provider/FallbackLocaleProviderAdapter
Event: 59.907 Loading class sun/util/locale/provider/FallbackLocaleProviderAdapter done
Event: 59.908 Loading class sun/text/resources/FormatData_en
Event: 59.908 Loading class sun/text/resources/FormatData_en done
Event: 61.195 Loading class java/util/stream/SliceOps$3
Event: 61.195 Loading class java/util/stream/LongPipeline$StatefulOp
Event: 61.195 Loading class java/util/stream/LongPipeline$StatefulOp done
Event: 61.195 Loading class java/util/stream/SliceOps$3 done
Event: 61.199 Loading class java/util/stream/SliceOps$3$1
Event: 61.199 Loading class java/util/stream/SliceOps$3$1 done
Event: 61.847 Loading class java/util/stream/LongPipeline$9
Event: 61.847 Loading class java/util/stream/LongPipeline$9 done
Event: 61.848 Loading class java/util/stream/Nodes$LongSpinedNodeBuilder
Event: 61.848 Loading class java/util/stream/SpinedBuffer$OfLong
Event: 61.848 Loading class java/util/stream/SpinedBuffer$OfLong done
Event: 61.848 Loading class java/util/stream/Nodes$LongSpinedNodeBuilder done
Event: 61.852 Loading class java/util/stream/LongPipeline$9$1
Event: 61.852 Loading class java/util/stream/LongPipeline$9$1 done

Classes unloaded (20 events):
Event: 18.070 Thread 0x0000ffff6c20dac0 Unloading class 0x0000001f03548400 'java/lang/invoke/LambdaForm$DMH+0x0000001f03548400'
Event: 18.070 Thread 0x0000ffff6c20dac0 Unloading class 0x0000001f03544c00 'java/lang/invoke/LambdaForm$DMH+0x0000001f03544c00'
Event: 18.070 Thread 0x0000ffff6c20dac0 Unloading class 0x0000001f03545000 'java/lang/invoke/LambdaForm$DMH+0x0000001f03545000'
Event: 18.070 Thread 0x0000ffff6c20dac0 Unloading class 0x0000001f03544400 'java/lang/invoke/LambdaForm$DMH+0x0000001f03544400'
Event: 18.070 Thread 0x0000ffff6c20dac0 Unloading class 0x0000001f03544800 'java/lang/invoke/LambdaForm$DMH+0x0000001f03544800'
Event: 18.070 Thread 0x0000ffff6c20dac0 Unloading class 0x0000001f03384800 'java/lang/invoke/LambdaForm$DMH+0x0000001f03384800'
Event: 18.070 Thread 0x0000ffff6c20dac0 Unloading class 0x0000001f03384000 'java/lang/invoke/LambdaForm$DMH+0x0000001f03384000'
Event: 18.070 Thread 0x0000ffff6c20dac0 Unloading class 0x0000001f0337c400 'java/lang/invoke/LambdaForm$DMH+0x0000001f0337c400'
Event: 22.019 Thread 0x0000ffff6c20dac0 Unloading class 0x0000001f03871000 'java/lang/invoke/LambdaForm$DMH+0x0000001f03871000'
Event: 22.019 Thread 0x0000ffff6c20dac0 Unloading class 0x0000001f03870400 'java/lang/invoke/LambdaForm$MH+0x0000001f03870400'
Event: 22.019 Thread 0x0000ffff6c20dac0 Unloading class 0x0000001f03870000 'java/lang/invoke/LambdaForm$MH+0x0000001f03870000'
Event: 22.019 Thread 0x0000ffff6c20dac0 Unloading class 0x0000001f0386fc00 'java/lang/invoke/LambdaForm$MH+0x0000001f0386fc00'
Event: 22.019 Thread 0x0000ffff6c20dac0 Unloading class 0x0000001f0386f800 'java/lang/invoke/LambdaForm$MH+0x0000001f0386f800'
Event: 22.019 Thread 0x0000ffff6c20dac0 Unloading class 0x0000001f0386e800 'java/lang/invoke/LambdaForm$MH+0x0000001f0386e800'
Event: 22.019 Thread 0x0000ffff6c20dac0 Unloading class 0x0000001f0386f000 'java/lang/invoke/LambdaForm$DMH+0x0000001f0386f000'
Event: 22.019 Thread 0x0000ffff6c20dac0 Unloading class 0x0000001f0386e400 'java/lang/invoke/LambdaForm$DMH+0x0000001f0386e400'
Event: 22.019 Thread 0x0000ffff6c20dac0 Unloading class 0x0000001f0386dc00 'java/lang/invoke/LambdaForm$MH+0x0000001f0386dc00'
Event: 22.019 Thread 0x0000ffff6c20dac0 Unloading class 0x0000001f0386d800 'java/lang/invoke/LambdaForm$BMH+0x0000001f0386d800'
Event: 22.019 Thread 0x0000ffff6c20dac0 Unloading class 0x0000001f0386d400 'java/lang/invoke/LambdaForm$BMH+0x0000001f0386d400'
Event: 22.019 Thread 0x0000ffff6c20dac0 Unloading class 0x0000001f0386d000 'java/lang/invoke/LambdaForm$DMH+0x0000001f0386d000'

Classes redefined (0 events):
No events

Internal exceptions (20 events):
Event: 87.035 Thread 0x0000fffe444ec180 Exception <a 'sun/nio/fs/UnixException'{0x0000000748390600}> (0x0000000748390600) 
thrown [src/hotspot/share/prims/jni.cpp, line 535]
Event: 87.036 Thread 0x0000fffe3011cd00 Exception <a 'sun/nio/fs/UnixException'{0x000000074839e538}> (0x000000074839e538) 
thrown [src/hotspot/share/prims/jni.cpp, line 535]
Event: 87.036 Thread 0x0000fffe444ec180 Exception <a 'sun/nio/fs/UnixException'{0x0000000748392d28}> (0x0000000748392d28) 
thrown [src/hotspot/share/prims/jni.cpp, line 535]
Event: 87.036 Thread 0x0000fffe3011cd00 Exception <a 'sun/nio/fs/UnixException'{0x00000007483a2c50}> (0x00000007483a2c50) 
thrown [src/hotspot/share/prims/jni.cpp, line 535]
Event: 87.037 Thread 0x0000fffe444ec180 Exception <a 'sun/nio/fs/UnixException'{0x0000000748393480}> (0x0000000748393480) 
thrown [src/hotspot/share/prims/jni.cpp, line 535]
Event: 87.043 Thread 0x0000fffe3011b970 Exception <a 'sun/nio/fs/UnixException'{0x00000007487179f0}> (0x00000007487179f0) 
thrown [src/hotspot/share/prims/jni.cpp, line 535]
Event: 87.045 Thread 0x0000fffe6404ecb0 Exception <a 'sun/nio/fs/UnixException'{0x00000007483bd290}> (0x00000007483bd290) 
thrown [src/hotspot/share/prims/jni.cpp, line 535]
Event: 87.047 Thread 0x0000fffe4464be30 Exception <a 'sun/nio/fs/UnixException'{0x00000007484d1ae0}> (0x00000007484d1ae0) 
thrown [src/hotspot/share/prims/jni.cpp, line 535]
Event: 87.047 Thread 0x0000fffe4464be30 Exception <a 'sun/nio/fs/UnixException'{0x00000007484d1d70}> (0x00000007484d1d70) 
thrown [src/hotspot/share/prims/jni.cpp, line 535]
Event: 87.047 Thread 0x0000fffe4464be30 Exception <a 'sun/nio/fs/UnixException'{0x00000007484d2020}> (0x00000007484d2020) 
thrown [src/hotspot/share/prims/jni.cpp, line 535]
Event: 88.445 Thread 0x0000fffe6404ecb0 Implicit null exception at 0x0000ffff615286ec to 0x0000ffff61528914
Event: 88.445 Thread 0x0000fffe2c0058c0 Implicit null exception at 0x0000ffff615286ec to 0x0000ffff61528914
Event: 88.445 Thread 0x0000fffe444ec180 Implicit null exception at 0x0000ffff615286ec to 0x0000ffff61528914
Event: 88.445 Thread 0x0000fffef0262160 Implicit null exception at 0x0000ffff615286ec to 0x0000ffff61528914
Event: 88.445 Thread 0x0000fffe3011a830 Implicit null exception at 0x0000ffff615286ec to 0x0000ffff61528914
Event: 88.445 Thread 0x0000fffe3011cd00 Implicit null exception at 0x0000ffff615286ec to 0x0000ffff61528914
Event: 88.445 Thread 0x0000fffe3011b970 Implicit null exception at 0x0000ffff615286ec to 0x0000ffff61528914
Event: 88.446 Thread 0x0000fffe38005300 Implicit null exception at 0x0000ffff615286ec to 0x0000ffff61528914
Event: 88.447 Thread 0x0000fffef0904d80 Implicit null exception at 0x0000ffff615286ec to 0x0000ffff61528914
Event: 88.531 Thread 0x0000ffff6c0316d0 Exception <a 'sun/nio/fs/UnixException'{0x0000000747849468}> (0x0000000747849468) 
thrown [src/hotspot/share/prims/jni.cpp, line 535]

VM Operations (20 events):
Event: 63.041 Executing safepoint VM operation: G1CollectForAllocation (G1 Evacuation Pause) done
Event: 64.037 Executing safepoint VM operation: G1CollectForAllocation (G1 Evacuation Pause)
Event: 64.054 Executing safepoint VM operation: G1CollectForAllocation (G1 Evacuation Pause) done
Event: 65.077 Executing safepoint VM operation: G1CollectForAllocation (G1 Evacuation Pause)
Event: 65.085 Executing safepoint VM operation: G1CollectForAllocation (G1 Evacuation Pause) done
Event: 65.241 Executing safepoint VM operation: G1PauseRemark
Event: 65.251 Executing safepoint VM operation: G1PauseRemark done
Event: 65.315 Executing safepoint VM operation: G1PauseCleanup
Event: 65.315 Executing safepoint VM operation: G1PauseCleanup done
Event: 66.739 Executing non-safepoint VM operation: HandshakeAllThreads (Deoptimize)
Event: 66.739 Executing non-safepoint VM operation: HandshakeAllThreads (Deoptimize) done
Event: 66.748 Executing non-safepoint VM operation: HandshakeAllThreads (Deoptimize)
Event: 66.748 Executing non-safepoint VM operation: HandshakeAllThreads (Deoptimize) done
Event: 66.761 Executing non-safepoint VM operation: HandshakeAllThreads (Deoptimize)
Event: 66.761 Executing non-safepoint VM operation: HandshakeAllThreads (Deoptimize) done
Event: 68.585 Executing safepoint VM operation: G1CollectForAllocation (G1 Evacuation Pause)
Event: 68.606 Executing safepoint VM operation: G1CollectForAllocation (G1 Evacuation Pause) done
Event: 78.554 Executing safepoint VM operation: G1CollectForAllocation (G1 Evacuation Pause)
Event: 78.578 Executing safepoint VM operation: G1CollectForAllocation (G1 Evacuation Pause) done
Event: 88.533 Executing safepoint VM operation: Exit

Memory protections (20 events):
Event: 59.052 Protecting memory [0x0000fffe56c80000,0x0000fffe56c8c000] with protection modes 0
Event: 60.890 Protecting memory [0x0000fffe56c80000,0x0000fffe56c8c000] with protection modes 0
Event: 61.192 Protecting memory [0x0000ffff5419c000,0x0000ffff541a8000] with protection modes 0
Event: 61.212 Protecting memory [0x0000ffff70840000,0x0000ffff7084c000] with protection modes 0
Event: 61.328 Protecting memory [0x0000ffff5479c000,0x0000ffff547a8000] with protection modes 0
Event: 61.329 Protecting memory [0x0000fffe56a80000,0x0000fffe56a8c000] with protection modes 0
Event: 61.330 Protecting memory [0x0000fffe3c080000,0x0000fffe3c08c000] with protection modes 0
Event: 61.434 Protecting memory [0x0000fffe01600000,0x0000fffe0160c000] with protection modes 0
Event: 61.806 Protecting memory [0x0000fffe56c80000,0x0000fffe56c8c000] with protection modes 0
Event: 61.883 Protecting memory [0x0000fffe01600000,0x0000fffe0160c000] with protection modes 0
Event: 61.947 Protecting memory [0x0000ffff5419c000,0x0000ffff541a8000] with protection modes 0
Event: 66.796 Protecting memory [0x0000fffe70f00000,0x0000fffe70f0c000] with protection modes 0
Event: 84.850 Protecting memory [0x0000fffe70f00000,0x0000fffe70f0c000] with protection modes 0
Event: 86.718 Protecting memory [0x0000fffe70f00000,0x0000fffe70f0c000] with protection modes 0
Event: 87.082 Protecting memory [0x0000ffff5419c000,0x0000ffff541a8000] with protection modes 0
Event: 88.405 Protecting memory [0x0000ffff5419c000,0x0000ffff541a8000] with protection modes 0
Event: 88.415 Protecting memory [0x0000ffff5419c000,0x0000ffff541a8000] with protection modes 0
Event: 88.527 Protecting memory [0x0000fffe56880000,0x0000fffe5688c000] with protection modes 0
Event: 88.527 Protecting memory [0x0000fffe56680000,0x0000fffe5668c000] with protection modes 0
Event: 88.528 Protecting memory [0x0000fffe56280000,0x0000fffe5628c000] with protection modes 0

Nmethod flushes (20 events):
Event: 65.247 Thread 0x0000ffff6c20dac0 flushing  nmethod 0x0000ffff5a2faf08
Event: 65.247 Thread 0x0000ffff6c20dac0 flushing  nmethod 0x0000ffff5a2fdfc8
Event: 65.247 Thread 0x0000ffff6c20dac0 flushing  nmethod 0x0000ffff5a2fe688
Event: 65.247 Thread 0x0000ffff6c20dac0 flushing  nmethod 0x0000ffff5a3a82c8
Event: 65.247 Thread 0x0000ffff6c20dac0 flushing  nmethod 0x0000ffff5a3ab408
Event: 65.247 Thread 0x0000ffff6c20dac0 flushing  nmethod 0x0000ffff5aaa8588
Event: 65.247 Thread 0x0000ffff6c20dac0 flushing  nmethod 0x0000ffff616c7988
Event: 65.247 Thread 0x0000ffff6c20dac0 flushing  nmethod 0x0000ffff61b7e2c8
Event: 65.247 Thread 0x0000ffff6c20dac0 flushing  nmethod 0x0000ffff61bf4dc8
Event: 65.247 Thread 0x0000ffff6c20dac0 flushing  nmethod 0x0000ffff593ac308
Event: 65.247 Thread 0x0000ffff6c20dac0 flushing  nmethod 0x0000ffff593ad448
Event: 65.247 Thread 0x0000ffff6c20dac0 flushing  nmethod 0x0000ffff595ada08
Event: 65.247 Thread 0x0000ffff6c20dac0 flushing  nmethod 0x0000ffff595b0008
Event: 65.247 Thread 0x0000ffff6c20dac0 flushing  nmethod 0x0000ffff59faff88
Event: 65.247 Thread 0x0000ffff6c20dac0 flushing  nmethod 0x0000ffff59fb0648
Event: 65.247 Thread 0x0000ffff6c20dac0 flushing  nmethod 0x0000ffff59fb1348
Event: 65.247 Thread 0x0000ffff6c20dac0 flushing  nmethod 0x0000ffff5a358288
Event: 65.247 Thread 0x0000ffff6c20dac0 flushing  nmethod 0x0000ffff5a3e05c8
Event: 65.247 Thread 0x0000ffff6c20dac0 flushing  nmethod 0x0000ffff5a3e1948
Event: 65.247 Thread 0x0000ffff6c20dac0 flushing  nmethod 0x0000ffff5acb9148

Events (20 events):
Event: 88.444 Thread 0x0000ffff6d54da60 Thread exited: 0x0000ffff6d54da60
Event: 88.444 Thread 0x0000ffff6d46cf80 Thread exited: 0x0000ffff6d46cf80
Event: 88.444 Thread 0x0000ffff6f90c320 Thread exited: 0x0000ffff6f90c320
Event: 88.446 Thread 0x0000fffe2c0058c0 Thread exited: 0x0000fffe2c0058c0
Event: 88.446 Thread 0x0000fffef0262160 Thread exited: 0x0000fffef0262160
Event: 88.446 Thread 0x0000fffe6404ecb0 Thread exited: 0x0000fffe6404ecb0
Event: 88.446 Thread 0x0000fffe444ec180 Thread exited: 0x0000fffe444ec180
Event: 88.446 Thread 0x0000fffe3011a830 Thread exited: 0x0000fffe3011a830
Event: 88.446 Thread 0x0000fffe3011b970 Thread exited: 0x0000fffe3011b970
Event: 88.446 Thread 0x0000fffe3011cd00 Thread exited: 0x0000fffe3011cd00
Event: 88.446 Thread 0x0000fffe38005300 Thread exited: 0x0000fffe38005300
Event: 88.447 Thread 0x0000fffef0904d80 Thread exited: 0x0000fffef0904d80
Event: 88.527 Thread 0x0000ffff6c0316d0 Thread added: 0x0000fffe44117510
Event: 88.527 Thread 0x0000ffff6c0316d0 Thread added: 0x0000fffe4419dfd0
Event: 88.528 Thread 0x0000ffff6c0316d0 Thread added: 0x0000fffe442206f0
Event: 88.528 Thread 0x0000fffe4419dfd0 Thread exited: 0x0000fffe4419dfd0
Event: 88.528 Thread 0x0000fffe44117510 Thread exited: 0x0000fffe44117510
Event: 88.531 Thread 0x0000fffe442206f0 Thread exited: 0x0000fffe442206f0
Event: 88.531 Thread 0x0000ffff6c0316d0 Before exit entered
Event: 88.533 Thread 0x0000ffff6c21c270 Thread exited: 0x0000ffff6c21c270


Dynamic libraries:
70f800000-75bc00000 rw-p 00000000 00:00 0 
75bc00000-7f1a00000 ---p 00000000 00:00 0 
7f1a00000-7ffc00000 rw-p 00000000 00:00 0 
7ffc00000-7ffe50000 rw-p 01d70000 00:25 8789750                          /home/anguscrump/.jdks/jbr-25.0.3/lib/server/classes.jsa
7ffe50000-800000000 rw-p 00000000 00:00 0 
1f00000000-1f00010000 ---p 00000000 00:00 0 
1f00010000-1f01d00000 rw-p 00010000 00:25 8789750                        /home/anguscrump/.jdks/jbr-25.0.3/lib/server/classes.jsa
1f01d00000-1f02000000 ---p 00000000 00:00 0 
1f02000000-1f02040000 rw-p 00000000 00:00 0 
1f02040000-1f020e0000 rw-p 00000000 00:00 0 
1f020e0000-1f02e40000 rw-p 00000000 00:00 0 
1f02e40000-1f02e80000 rw-p 00000000 00:00 0 
1f02e80000-1f03160000 rw-p 00000000 00:00 0 
1f03160000-1f03180000 rw-p 00000000 00:00 0 
1f03180000-1f035c0000 rw-p 00000000 00:00 0 
1f035c0000-1f035d0000 rw-p 00000000 00:00 0 
1f035d0000-1f03600000 ---p 00000000 00:00 0 
1f03600000-1f03980000 rw-p 00000000 00:00 0 
1f03980000-1f42000000 ---p 00000000 00:00 0 
aaaab2930000-aaaab2934000 r-xp 00000000 00:25 8789212                    /home/anguscrump/.jdks/jbr-25.0.3/bin/java
aaaab294c000-aaaab2950000 r--p 0000c000 00:25 8789212                    /home/anguscrump/.jdks/jbr-25.0.3/bin/java
aaaab2950000-aaaab2954000 rw-p 00010000 00:25 8789212                    /home/anguscrump/.jdks/jbr-25.0.3/bin/java
aaaad4828000-aaaad4a00000 rw-p 00000000 00:00 0                          [heap]
fffde0000000-fffde0200000 rw-p 00000000 00:00 0 
fffde0200000-fffde4000000 ---p 00000000 00:00 0 
fffdf8000000-fffdf8200000 rw-p 00000000 00:00 0 
fffdf8200000-fffdf9600000 rw-p 00000000 00:00 0 
fffdf9600000-fffdfc000000 ---p 00000000 00:00 0 
fffe01800000-fffe08000000 rw-p 00000000 00:00 0 
fffe08000000-fffe08200000 rw-p 00000000 00:00 0 
fffe08200000-fffe0c000000 ---p 00000000 00:00 0 
fffe0c000000-fffe0c200000 rw-p 00000000 00:00 0 
fffe0c200000-fffe10000000 ---p 00000000 00:00 0 
fffe10000000-fffe10200000 rw-p 00000000 00:00 0 
fffe10200000-fffe14000000 ---p 00000000 00:00 0 
fffe14000000-fffe14200000 rw-p 00000000 00:00 0 
fffe14200000-fffe18000000 ---p 00000000 00:00 0 
fffe18000000-fffe18200000 rw-p 00000000 00:00 0 
fffe18200000-fffe1c000000 ---p 00000000 00:00 0 
fffe1c000000-fffe1c200000 rw-p 00000000 00:00 0 
fffe1c200000-fffe20000000 ---p 00000000 00:00 0 
fffe20000000-fffe20200000 rw-p 00000000 00:00 0 
fffe20200000-fffe24000000 ---p 00000000 00:00 0 
fffe24000000-fffe24200000 rw-p 00000000 00:00 0 
fffe24200000-fffe28000000 ---p 00000000 00:00 0 
fffe28000000-fffe28200000 rw-p 00000000 00:00 0 
fffe28200000-fffe2c000000 ---p 00000000 00:00 0 
fffe2c000000-fffe2c200000 rw-p 00000000 00:00 0 
fffe2c200000-fffe30000000 ---p 00000000 00:00 0 
fffe30000000-fffe30200000 rw-p 00000000 00:00 0 
fffe30200000-fffe31a00000 rw-p 00000000 00:00 0 
fffe31a00000-fffe34000000 ---p 00000000 00:00 0 
fffe34000000-fffe34200000 rw-p 00000000 00:00 0 
fffe34200000-fffe35800000 rw-p 00000000 00:00 0 
fffe35800000-fffe38000000 ---p 00000000 00:00 0 
fffe38000000-fffe38200000 rw-p 00000000 00:00 0 
fffe38200000-fffe3c000000 ---p 00000000 00:00 0 
fffe3c080000-fffe3c08c000 ---p 00000000 00:00 0 
fffe3c08c000-fffe3c280000 rw-p 00000000 00:00 0 
fffe3c280000-fffe3cc00000 rw-p 00000000 00:00 0 
fffe3cc40000-fffe3f440000 rw-p 00000000 00:00 0 
fffe3f448000-fffe3f454000 ---p 00000000 00:00 0 
fffe3f454000-fffe3f648000 rw-p 00000000 00:00 0 
fffe3f648000-fffe3f654000 ---p 00000000 00:00 0 
fffe3f654000-fffe3f848000 rw-p 00000000 00:00 0 
fffe3f848000-fffe3f854000 ---p 00000000 00:00 0 
fffe3f854000-fffe3fa48000 rw-p 00000000 00:00 0 
fffe3fa48000-fffe3fa54000 ---p 00000000 00:00 0 
fffe3fa54000-fffe3fc48000 rw-p 00000000 00:00 0 
fffe3fc48000-fffe3fc54000 ---p 00000000 00:00 0 
fffe3fc54000-fffe3fe48000 rw-p 00000000 00:00 0 
fffe4018c000-fffe40198000 ---p 00000000 00:00 0 
fffe40198000-fffe4038c000 rw-p 00000000 00:00 0 
fffe44000000-fffe44200000 rw-p 00000000 00:00 0 
fffe44200000-fffe44800000 rw-p 00000000 00:00 0 
fffe44800000-fffe48000000 ---p 00000000 00:00 0 
fffe4c000000-fffe4c200000 rw-p 00000000 00:00 0 
fffe4c200000-fffe50000000 ---p 00000000 00:00 0 
fffe50000000-fffe50200000 rw-p 00000000 00:00 0 
fffe50200000-fffe54000000 ---p 00000000 00:00 0 
fffe56280000-fffe5628c000 ---p 00000000 00:00 0 
fffe5628c000-fffe56480000 rw-p 00000000 00:00 0 
fffe56680000-fffe5668c000 ---p 00000000 00:00 0 
fffe5668c000-fffe56880000 rw-p 00000000 00:00 0 
fffe56880000-fffe5688c000 ---p 00000000 00:00 0 
fffe5688c000-fffe56a80000 rw-p 00000000 00:00 0 
fffe56a80000-fffe56a8c000 ---p 00000000 00:00 0 
fffe56a8c000-fffe56c80000 rw-p 00000000 00:00 0 
fffe56e80000-fffe58000000 rw-p 00000000 00:00 0 
fffe58000000-fffe58200000 rw-p 00000000 00:00 0 
fffe58200000-fffe58e00000 rw-p 00000000 00:00 0 
fffe58e00000-fffe5c000000 ---p 00000000 00:00 0 
fffe5c000000-fffe5c200000 rw-p 00000000 00:00 0 
fffe5c200000-fffe60000000 ---p 00000000 00:00 0 
fffe60200000-fffe64000000 rw-p 00000000 00:00 0 
fffe64000000-fffe64200000 rw-p 00000000 00:00 0 
fffe64200000-fffe68000000 ---p 00000000 00:00 0 
fffe68000000-fffe68200000 rw-p 00000000 00:00 0 
fffe68200000-fffe6c000000 ---p 00000000 00:00 0 
fffe6c000000-fffe6c200000 rw-p 00000000 00:00 0 
fffe6c200000-fffe70000000 ---p 00000000 00:00 0 
fffe70080000-fffe70c00000 rw-p 00000000 00:00 0 
fffe70c80000-fffe70f00000 rw-p 00000000 00:00 0 
fffe71100000-fffe72800000 rw-p 00000000 00:00 0 
fffe72a00000-fffe72e00000 rw-p 00000000 00:00 0 
fffe73180000-fffe73980000 rw-p 00000000 00:00 0 
fffe73b80000-fffe73e00000 rw-p 00000000 00:00 0 
fffe74000000-fffe74200000 rw-p 00000000 00:00 0 
fffe74200000-fffe78000000 ---p 00000000 00:00 0 
fffe78000000-fffe78200000 rw-p 00000000 00:00 0 
fffe78200000-fffe7c000000 ---p 00000000 00:00 0 
fffe7c000000-fffe7c200000 rw-p 00000000 00:00 0 
fffe7c200000-fffe80000000 ---p 00000000 00:00 0 
fffe80000000-fffe80200000 rw-p 00000000 00:00 0 
fffe80200000-fffe84000000 ---p 00000000 00:00 0 
fffe84000000-fffe84200000 rw-p 00000000 00:00 0 
fffe84200000-fffe88000000 ---p 00000000 00:00 0 
fffe88180000-fffe88800000 rw-p 00000000 00:00 0 
fffe88980000-fffe89400000 rw-p 00000000 00:00 0 
fffe89600000-fffe89a00000 rw-p 00000000 00:00 0 
fffe89e90000-fffe89f20000 r-xp 00000000 00:25 3200165                    /usr/lib64/libflite_cmulex.so.2.2
fffe89f20000-fffe89f2c000 ---p 00090000 00:25 3200165                    /usr/lib64/libflite_cmulex.so.2.2
fffe89f2c000-fffe89f30000 r--p 0008c000 00:25 3200165                    /usr/lib64/libflite_cmulex.so.2.2
fffe89f30000-fffe89f34000 rw-p 00000000 00:00 0 
fffe89f40000-fffe89f50000 r-xp 00000000 00:25 3200167                    /usr/lib64/libflite_usenglish.so.2.2
fffe89f50000-fffe89f54000 ---p 00010000 00:25 3200167                    /usr/lib64/libflite_usenglish.so.2.2
fffe89f54000-fffe89f60000 r--p 00014000 00:25 3200167                    /usr/lib64/libflite_usenglish.so.2.2
fffe89f60000-fffe89f64000 rw-p 00000000 00:00 0 
fffe89f70000-fffe8a338000 r-xp 00000000 00:25 3200159                    /usr/lib64/libflite_cmu_us_kal16.so.2.2
fffe8a338000-fffe8a348000 ---p 003c8000 00:25 3200159                    /usr/lib64/libflite_cmu_us_kal16.so.2.2
fffe8a348000-fffe8a350000 r--p 003c8000 00:25 3200159                    /usr/lib64/libflite_cmu_us_kal16.so.2.2
fffe8a350000-fffe8a354000 rw-p 003d0000 00:25 3200159                    /usr/lib64/libflite_cmu_us_kal16.so.2.2
fffe8a360000-fffe8a3a4000 r-xp 00000000 00:25 3101837                    /usr/lib64/libmp3lame.so.0.0.0
fffe8a3a4000-fffe8a3bc000 ---p 00044000 00:25 3101837                    /usr/lib64/libmp3lame.so.0.0.0
fffe8a3bc000-fffe8a3c0000 r--p 0004c000 00:25 3101837                    /usr/lib64/libmp3lame.so.0.0.0
fffe8a3c0000-fffe8a3f0000 rw-p 00000000 00:00 0 
fffe8a400000-fffe8c000000 rw-p 00000000 00:00 0 
fffe8c000000-fffe8c200000 rw-p 00000000 00:00 0 
fffe8c200000-fffe90000000 ---p 00000000 00:00 0 
fffe90030000-fffe90080000 r-xp 00000000 00:25 3105171                    /usr/lib64/libmpg123.so.0.48.3
fffe90080000-fffe9008c000 ---p 00050000 00:25 3105171                    /usr/lib64/libmpg123.so.0.48.3
fffe9008c000-fffe90090000 r--p 0004c000 00:25 3105171                    /usr/lib64/libmpg123.so.0.48.3
fffe90090000-fffe90094000 rw-p 00050000 00:25 3105171                    /usr/lib64/libmpg123.so.0.48.3
fffe900a0000-fffe900a8000 r-xp 00000000 00:25 3101183                    /usr/lib64/libogg.so.0.8.6
fffe900a8000-fffe900bc000 ---p 00008000 00:25 3101183                    /usr/lib64/libogg.so.0.8.6
fffe900bc000-fffe900c0000 r--p 0000c000 00:25 3101183                    /usr/lib64/libogg.so.0.8.6
fffe900c0000-fffe900c4000 rw-p 00000000 00:00 0 
fffe900d0000-fffe90138000 r-xp 00000000 00:25 3101166                    /usr/lib64/libopus.so.0.11.0
fffe90138000-fffe9014c000 ---p 00068000 00:25 3101166                    /usr/lib64/libopus.so.0.11.0
fffe9014c000-fffe90150000 r--p 0006c000 00:25 3101166                    /usr/lib64/libopus.so.0.11.0
fffe90150000-fffe90154000 rw-p 00000000 00:00 0 
fffe90160000-fffe901d8000 r-xp 00000000 00:25 3101194                    /usr/lib64/libvorbisenc.so.2.0.12
fffe901d8000-fffe901e8000 ---p 00078000 00:25 3101194                    /usr/lib64/libvorbisenc.so.2.0.12
fffe901e8000-fffe90200000 r--p 00078000 00:25 3101194                    /usr/lib64/libvorbisenc.so.2.0.12
fffe90200000-fffe90204000 rw-p 00090000 00:25 3101194                    /usr/lib64/libvorbisenc.so.2.0.12
fffe90210000-fffe9023c000 r-xp 00000000 00:25 3101192                    /usr/lib64/libvorbis.so.0.4.9
fffe9023c000-fffe9024c000 ---p 0002c000 00:25 3101192                    /usr/lib64/libvorbis.so.0.4.9
fffe9024c000-fffe90250000 r--p 0002c000 00:25 3101192                    /usr/lib64/libvorbis.so.0.4.9
fffe90250000-fffe90254000 rw-p 00000000 00:00 0 
fffe90260000-fffe902a0000 r-xp 00000000 00:25 3101748                    /usr/lib64/libFLAC.so.14.0.0
fffe902a0000-fffe902ac000 ---p 00040000 00:25 3101748                    /usr/lib64/libFLAC.so.14.0.0
fffe902ac000-fffe902b0000 r--p 0004c000 00:25 3101748                    /usr/lib64/libFLAC.so.14.0.0
fffe902b0000-fffe902b4000 rw-p 00050000 00:25 3101748                    /usr/lib64/libFLAC.so.14.0.0
fffe902c0000-fffe90338000 r-xp 00000000 00:25 3105180                    /usr/lib64/libsndfile.so.1.0.37
fffe90338000-fffe9034c000 ---p 00078000 00:25 3105180                    /usr/lib64/libsndfile.so.1.0.37
fffe9034c000-fffe90350000 r--p 0007c000 00:25 3105180                    /usr/lib64/libsndfile.so.1.0.37
fffe90350000-fffe90354000 rw-p 00080000 00:25 3105180                    /usr/lib64/libsndfile.so.1.0.37
fffe90360000-fffe903dc000 r-xp 00000000 00:25 3200048                    /usr/lib64/pulseaudio/libpulsecommon-17.0.so
fffe903dc000-fffe903ec000 ---p 0007c000 00:25 3200048                    /usr/lib64/pulseaudio/libpulsecommon-17.0.so
fffe903ec000-fffe903f0000 r--p 0007c000 00:25 3200048                    /usr/lib64/pulseaudio/libpulsecommon-17.0.so
fffe903f0000-fffe903f4000 rw-p 00080000 00:25 3200048                    /usr/lib64/pulseaudio/libpulsecommon-17.0.so
fffe90400000-fffe94000000 rw-p 00000000 00:00 0 
fffe94000000-fffe94200000 rw-p 00000000 00:00 0 
fffe94200000-fffe94600000 rw-p 00000000 00:00 0 
fffe94600000-fffe98000000 ---p 00000000 00:00 0 
fffe98000000-fffe98200000 rw-p 00000000 00:00 0 
fffe98200000-fffe9c000000 ---p 00000000 00:00 0 
fffe9c000000-fffe9c200000 rw-p 00000000 00:00 0 
fffe9c200000-fffea0000000 ---p 00000000 00:00 0 
fffea0030000-fffea003c000 r-xp 00000000 00:25 3104966                    /usr/lib64/libgsm.so.1.0.24
fffea003c000-fffea004c000 ---p 0000c000 00:25 3104966                    /usr/lib64/libgsm.so.1.0.24
fffea004c000-fffea0050000 r--p 0000c000 00:25 3104966                    /usr/lib64/libgsm.so.1.0.24
fffea0050000-fffea0054000 rw-p 00010000 00:25 3104966                    /usr/lib64/libgsm.so.1.0.24
fffea0060000-fffea00ac000 r-xp 00000000 00:25 3200047                    /usr/lib64/libpulse.so.0.24.3
fffea00ac000-fffea00bc000 ---p 0004c000 00:25 3200047                    /usr/lib64/libpulse.so.0.24.3
fffea00bc000-fffea00c0000 r--p 0004c000 00:25 3200047                    /usr/lib64/libpulse.so.0.24.3
fffea00c0000-fffea00c4000 rw-p 00050000 00:25 3200047                    /usr/lib64/libpulse.so.0.24.3
fffea00d0000-fffea39d0000 rw-p 00000000 00:00 0 
fffea39d0000-fffea7cb8000 r--p 00000000 00:25 3827814                    /usr/lib64/libLLVM.so.22.1
fffea7cb8000-fffea7cc4000 ---p 042e8000 00:25 3827814                    /usr/lib64/libLLVM.so.22.1
fffea7cc4000-fffeabcf8000 r-xp 042e4000 00:25 3827814                    /usr/lib64/libLLVM.so.22.1
fffeabcf8000-fffeabd04000 ---p 08328000 00:25 3827814                    /usr/lib64/libLLVM.so.22.1
fffeabd04000-fffeabf28000 r--p 08314000 00:25 3827814                    /usr/lib64/libLLVM.so.22.1
fffeabf28000-fffeabf2c000 rw-p 08538000 00:25 3827814                    /usr/lib64/libLLVM.so.22.1
fffeabf2c000-fffeabf38000 ---p 0855c000 00:25 3827814                    /usr/lib64/libLLVM.so.22.1
fffeabf38000-fffeabf44000 rw-p 08538000 00:25 3827814                    /usr/lib64/libLLVM.so.22.1
fffeabf44000-fffeabff0000 rw-p 00000000 00:00 0 
fffeac000000-fffeac200000 rw-p 00000000 00:00 0 
fffeac200000-fffead000000 rw-p 00000000 00:00 0 
fffead000000-fffeb0000000 ---p 00000000 00:00 0 
fffeb0020000-fffeb0028000 r-xp 00000000 00:25 3200036                    /usr/lib64/libasyncns.so.0.3.1
fffeb0028000-fffeb003c000 ---p 00008000 00:25 3200036                    /usr/lib64/libasyncns.so.0.3.1
fffeb003c000-fffeb0040000 r--p 0000c000 00:25 3200036                    /usr/lib64/libasyncns.so.0.3.1
fffeb0040000-fffeb0044000 rw-p 00000000 00:00 0 
fffeb0050000-fffeb0054000 r-xp 00000000 00:25 3200045                    /usr/lib64/libpulse-simple.so.0.1.1
fffeb0054000-fffeb006c000 ---p 00004000 00:25 3200045                    /usr/lib64/libpulse-simple.so.0.1.1
fffeb006c000-fffeb0070000 r--p 0000c000 00:25 3200045                    /usr/lib64/libpulse-simple.so.0.1.1
fffeb0070000-fffeb0074000 rw-p 00000000 00:00 0 
fffeb0080000-fffeb00bc000 r-xp 00000000 00:25 3200143                    /usr/lib64/libflite.so.2.2
fffeb00bc000-fffeb00cc000 ---p 0003c000 00:25 3200143                    /usr/lib64/libflite.so.2.2
fffeb00cc000-fffeb00d0000 r--p 0003c000 00:25 3200143                    /usr/lib64/libflite.so.2.2
fffeb00d0000-fffeb00d4000 rw-p 00040000 00:25 3200143                    /usr/lib64/libflite.so.2.2
fffeb0210000-fffeb0710000 rw-p 00000000 00:00 0 
fffeb0710000-fffeb0f20000 rw-p 00000000 00:00 0 
fffeb0f20000-fffeb0f44000 r-xp 00000000 00:25 3826951                    /usr/lib64/pipewire-0.3/libpipewire-module-session-manager.so
fffeb0f44000-fffeb0f5c000 ---p 00024000 00:25 3826951                    /usr/lib64/pipewire-0.3/libpipewire-module-session-manager.so
fffeb0f5c000-fffeb0f60000 r--p 0002c000 00:25 3826951                    /usr/lib64/pipewire-0.3/libpipewire-module-session-manager.so
fffeb0f60000-fffeb0f64000 rw-p 00000000 00:00 0 
fffeb0f70000-fffeb0f7c000 r-xp 00000000 00:25 3826933                    /usr/lib64/pipewire-0.3/libpipewire-module-metadata.so
fffeb0f7c000-fffeb0f8c000 ---p 0000c000 00:25 3826933                    /usr/lib64/pipewire-0.3/libpipewire-module-metadata.so
fffeb0f8c000-fffeb0f90000 r--p 0000c000 00:25 3826933                    /usr/lib64/pipewire-0.3/libpipewire-module-metadata.so
fffeb0f90000-fffeb0f94000 rw-p 00010000 00:25 3826933                    /usr/lib64/pipewire-0.3/libpipewire-module-metadata.so
fffeb0fa0000-fffeb0fa8000 r-xp 00000000 00:25 3826923                    /usr/lib64/pipewire-0.3/libpipewire-module-adapter.so
fffeb0fa8000-fffeb0fbc000 ---p 00008000 00:25 3826923                    /usr/lib64/pipewire-0.3/libpipewire-module-adapter.so
fffeb0fbc000-fffeb0fc0000 r--p 0000c000 00:25 3826923                    /usr/lib64/pipewire-0.3/libpipewire-module-adapter.so
fffeb0fc0000-fffeb0fc4000 rw-p 00010000 00:25 3826923                    /usr/lib64/pipewire-0.3/libpipewire-module-adapter.so
fffeb0fd0000-fffeb106c000 r-xp 00000000 00:25 3099166                    /usr/lib64/libpcre2-8.so.0.15.0
fffeb106c000-fffeb107c000 ---p 0009c000 00:25 3099166                    /usr/lib64/libpcre2-8.so.0.15.0
fffeb107c000-fffeb1080000 r--p 0009c000 00:25 3099166                    /usr/lib64/libpcre2-8.so.0.15.0
fffeb1080000-fffeb1084000 rw-p 000a0000 00:25 3099166                    /usr/lib64/libpcre2-8.so.0.15.0
fffeb1090000-fffeb18a0000 rw-p 00000000 00:00 0 
fffeb4000000-fffeb4100000 rw-p 00000000 00:00 0 
fffeb4100000-fffeb4200000 rw-p 00000000 00:00 0 
fffeb4200000-fffeb4600000 rw-p 00000000 00:00 0 
fffeb4600000-fffeb46e0000 rw-p 00000000 00:00 0 
fffeb46e0000-fffeb4980000 rw-p 00000000 00:00 0 
fffeb4980000-fffeb4a00000 rw-p 00000000 00:00 0 
fffeb4a00000-fffeb59c0000 rw-p 00000000 00:00 0 
fffeb59c0000-fffeb5a00000 rw-p 00000000 00:00 0 
fffeb5a00000-fffeb5d00000 rw-p 00000000 00:00 0 
fffeb5d00000-fffeb5e00000 rw-p 00000000 00:00 0 
fffeb5e00000-fffeb75c0000 rw-p 00000000 00:00 0 
fffeb75c0000-fffeb75f0000 rw-p 00000000 00:00 0 
fffeb75f0000-fffeb7600000 ---p 00000000 00:00 0 
fffeb7600000-fffeb7850000 rw-p 00000000 00:00 0 
fffeb7850000-fffeb8000000 ---p 00000000 00:00 0 
fffeb8000000-fffeb8200000 rw-p 00000000 00:00 0 
fffeb8200000-fffebc000000 ---p 00000000 00:00 0 
fffebc000000-fffebc200000 rw-p 00000000 00:00 0 
fffebc200000-fffec0000000 ---p 00000000 00:00 0 
fffec0000000-fffec0200000 rw-p 00000000 00:00 0 
fffec0200000-fffec4000000 ---p 00000000 00:00 0 
fffec4000000-fffec4200000 rw-p 00000000 00:00 0 
fffec4200000-fffec8000000 ---p 00000000 00:00 0 
fffec8000000-fffec8200000 rw-p 00000000 00:00 0 
fffec8200000-fffecc000000 ---p 00000000 00:00 0 
fffecc000000-fffecc200000 rw-p 00000000 00:00 0 
fffecc200000-fffed0000000 ---p 00000000 00:00 0 
fffed0000000-fffed0200000 rw-p 00000000 00:00 0 
fffed0200000-fffed4000000 ---p 00000000 00:00 0 
fffed4000000-fffed4200000 rw-p 00000000 00:00 0 
fffed4200000-fffed8000000 ---p 00000000 00:00 0 
fffed8000000-fffed8200000 rw-p 00000000 00:00 0 
fffed8200000-fffedc000000 ---p 00000000 00:00 0 
fffedc000000-fffedc200000 rw-p 00000000 00:00 0 
fffedc200000-fffee0000000 ---p 00000000 00:00 0 
fffee0000000-fffee0200000 rw-p 00000000 00:00 0 
fffee0200000-fffee4000000 ---p 00000000 00:00 0 
fffee4000000-fffee4200000 rw-p 00000000 00:00 0 
fffee4200000-fffee8000000 ---p 00000000 00:00 0 
fffee8000000-fffee8200000 rw-p 00000000 00:00 0 
fffee8200000-fffeec000000 ---p 00000000 00:00 0 
fffeec000000-fffeec200000 rw-p 00000000 00:00 0 
fffeec200000-fffef0000000 ---p 00000000 00:00 0 
fffef0000000-fffef0200000 rw-p 00000000 00:00 0 
fffef0200000-fffef1a00000 rw-p 00000000 00:00 0 
fffef1a00000-fffef4000000 ---p 00000000 00:00 0 
fffef4000000-fffef4200000 rw-p 00000000 00:00 0 
fffef4200000-fffef8000000 ---p 00000000 00:00 0 
fffef8000000-fffef8200000 rw-p 00000000 00:00 0 
fffef8200000-fffefc000000 ---p 00000000 00:00 0 
fffefc000000-fffefc200000 rw-p 00000000 00:00 0 
fffefc200000-fffefe200000 rw-p 00000000 00:00 0 
fffefe200000-ffff00000000 ---p 00000000 00:00 0 
ffff00000000-ffff00200000 rw-p 00000000 00:00 0 
ffff00200000-ffff02800000 rw-p 00000000 00:00 0 
ffff02800000-ffff04000000 ---p 00000000 00:00 0 
ffff04000000-ffff04200000 rw-p 00000000 00:00 0 
ffff04200000-ffff06200000 rw-p 00000000 00:00 0 
ffff06200000-ffff08000000 ---p 00000000 00:00 0 
ffff08000000-ffff08200000 rw-p 00000000 00:00 0 
ffff08200000-ffff0c000000 ---p 00000000 00:00 0 
ffff0c000000-ffff0c200000 rw-p 00000000 00:00 0 
ffff0c200000-ffff10000000 ---p 00000000 00:00 0 
ffff10000000-ffff10200000 rw-p 00000000 00:00 0 
ffff10200000-ffff14000000 ---p 00000000 00:00 0 
ffff14000000-ffff14200000 rw-p 00000000 00:00 0 
ffff14200000-ffff18000000 ---p 00000000 00:00 0 
ffff18000000-ffff18200000 rw-p 00000000 00:00 0 
ffff18200000-ffff1c000000 ---p 00000000 00:00 0 
ffff1c030000-ffff1c040000 r-xp 00000000 00:25 3826925                    /usr/lib64/pipewire-0.3/libpipewire-module-client-device.so
ffff1c040000-ffff1c04c000 ---p 00010000 00:25 3826925                    /usr/lib64/pipewire-0.3/libpipewire-module-client-device.so
ffff1c04c000-ffff1c050000 r--p 0000c000 00:25 3826925                    /usr/lib64/pipewire-0.3/libpipewire-module-client-device.so
ffff1c050000-ffff1c054000 rw-p 00010000 00:25 3826925                    /usr/lib64/pipewire-0.3/libpipewire-module-client-device.so
ffff1c060000-ffff1c084000 r-xp 00000000 00:25 3826926                    /usr/lib64/pipewire-0.3/libpipewire-module-client-node.so
ffff1c084000-ffff1c09c000 ---p 00024000 00:25 3826926                    /usr/lib64/pipewire-0.3/libpipewire-module-client-node.so
ffff1c09c000-ffff1c0a0000 r--p 0002c000 00:25 3826926                    /usr/lib64/pipewire-0.3/libpipewire-module-client-node.so
ffff1c0a0000-ffff1c0a4000 rw-p 00030000 00:25 3826926                    /usr/lib64/pipewire-0.3/libpipewire-module-client-node.so
ffff1c0b0000-ffff1c0e0000 r-xp 00000000 00:25 3102648                    /usr/lib64/libselinux.so.1
ffff1c0e0000-ffff1c0ec000 ---p 00030000 00:25 3102648                    /usr/lib64/libselinux.so.1
ffff1c0ec000-ffff1c0f0000 r--p 0002c000 00:25 3102648                    /usr/lib64/libselinux.so.1
ffff1c0f0000-ffff1c0f4000 rw-p 00030000 00:25 3102648                    /usr/lib64/libselinux.so.1
ffff1c100000-ffff1c12c000 r-xp 00000000 00:25 3826940                    /usr/lib64/pipewire-0.3/libpipewire-module-protocol-native.so
ffff1c12c000-ffff1c134000 ---p 0002c000 00:25 3826940                    /usr/lib64/pipewire-0.3/libpipewire-module-protocol-native.so
ffff1c134000-ffff1c140000 r--p 00034000 00:25 3826940                    /usr/lib64/pipewire-0.3/libpipewire-module-protocol-native.so
ffff1c140000-ffff1c144000 rw-p 00040000 00:25 3826940                    /usr/lib64/pipewire-0.3/libpipewire-module-protocol-native.so
ffff1c150000-ffff1c158000 r-xp 00000000 00:25 3826945                    /usr/lib64/pipewire-0.3/libpipewire-module-rt.so
ffff1c158000-ffff1c16c000 ---p 00008000 00:25 3826945                    /usr/lib64/pipewire-0.3/libpipewire-module-rt.so
ffff1c16c000-ffff1c170000 r--p 0000c000 00:25 3826945                    /usr/lib64/pipewire-0.3/libpipewire-module-rt.so
ffff1c170000-ffff1c174000 rw-p 00010000 00:25 3826945                    /usr/lib64/pipewire-0.3/libpipewire-module-rt.so
ffff1c180000-ffff1c1d4000 r-xp 00000000 00:25 3098658                    /usr/lib64/libdbus-1.so.3.38.3
ffff1c1d4000-ffff1c1ec000 ---p 00054000 00:25 3098658                    /usr/lib64/libdbus-1.so.3.38.3
ffff1c1ec000-ffff1c1f0000 r--p 0005c000 00:25 3098658                    /usr/lib64/libdbus-1.so.3.38.3
ffff1c1f0000-ffff1c1f4000 rw-p 00060000 00:25 3098658                    /usr/lib64/libdbus-1.so.3.38.3
ffff1c200000-ffff1c208000 r-xp 00000000 00:25 3826985                    /usr/lib64/spa-0.2/support/libspa-dbus.so
ffff1c208000-ffff1c21c000 ---p 00008000 00:25 3826985                    /usr/lib64/spa-0.2/support/libspa-dbus.so
ffff1c21c000-ffff1c220000 r--p 0000c000 00:25 3826985                    /usr/lib64/spa-0.2/support/libspa-dbus.so
ffff1c220000-ffff1c224000 rw-p 00010000 00:25 3826985                    /usr/lib64/spa-0.2/support/libspa-dbus.so
ffff1c230000-ffff1c34c000 r-xp 00000000 00:25 3098609                    /usr/lib64/libsystemd.so.0.42.0
ffff1c34c000-ffff1c354000 ---p 0011c000 00:25 3098609                    /usr/lib64/libsystemd.so.0.42.0
ffff1c354000-ffff1c360000 r--p 00124000 00:25 3098609                    /usr/lib64/libsystemd.so.0.42.0
ffff1c360000-ffff1c364000 rw-p 00130000 00:25 3098609                    /usr/lib64/libsystemd.so.0.42.0
ffff1c370000-ffff1c374000 r-xp 00000000 00:25 3826986                    /usr/lib64/spa-0.2/support/libspa-journal.so
ffff1c374000-ffff1c38c000 ---p 00004000 00:25 3826986                    /usr/lib64/spa-0.2/support/libspa-journal.so
ffff1c38c000-ffff1c390000 r--p 0000c000 00:25 3826986                    /usr/lib64/spa-0.2/support/libspa-journal.so
ffff1c390000-ffff1c394000 rw-p 00010000 00:25 3826986                    /usr/lib64/spa-0.2/support/libspa-journal.so
ffff1c3a0000-ffff1c3c4000 r-xp 00000000 00:25 3826987                    /usr/lib64/spa-0.2/support/libspa-support.so
ffff1c3c4000-ffff1c3d8000 ---p 00024000 00:25 3826987                    /usr/lib64/spa-0.2/support/libspa-support.so
ffff1c3d8000-ffff1c3e0000 r--p 00028000 00:25 3826987                    /usr/lib64/spa-0.2/support/libspa-support.so
ffff1c3e0000-ffff1c3e4000 rw-p 00030000 00:25 3826987                    /usr/lib64/spa-0.2/support/libspa-support.so
ffff1c3f0000-ffff1c49c000 r-xp 00000000 00:25 3826921                    /usr/lib64/libpipewire-0.3.so.0.1605.0
ffff1c49c000-ffff1c4a4000 ---p 000ac000 00:25 3826921                    /usr/lib64/libpipewire-0.3.so.0.1605.0
ffff1c4a4000-ffff1c4c0000 r--p 000b4000 00:25 3826921                    /usr/lib64/libpipewire-0.3.so.0.1605.0
ffff1c4c0000-ffff1c4c4000 rw-p 000d0000 00:25 3826921                    /usr/lib64/libpipewire-0.3.so.0.1605.0
ffff1c4d0000-ffff1c664000 r-xp 00000000 00:2b 2584                       /tmp/lwjgl_anguscrump/3.4.1-snapshot/arm64/libopenal.so
ffff1c664000-ffff1c670000 ---p 00194000 00:2b 2584                       /tmp/lwjgl_anguscrump/3.4.1-snapshot/arm64/libopenal.so
ffff1c670000-ffff1c67c000 r--p 00190000 00:2b 2584                       /tmp/lwjgl_anguscrump/3.4.1-snapshot/arm64/libopenal.so
ffff1c67c000-ffff1c680000 rw-p 0019c000 00:2b 2584                       /tmp/lwjgl_anguscrump/3.4.1-snapshot/arm64/libopenal.so
ffff1c680000-ffff1c764000 rw-p 00000000 00:00 0 
ffff1c870000-ffff1caf0000 rw-p 00000000 00:00 0 
ffff1caf0000-ffff1cb6c000 r-xp 00000000 00:2b 2583                       /tmp/lwjgl_anguscrump/3.4.1-snapshot/arm64/liblwjgl_stb.so
ffff1cb6c000-ffff1cb78000 ---p 0007c000 00:2b 2583                       /tmp/lwjgl_anguscrump/3.4.1-snapshot/arm64/liblwjgl_stb.so
ffff1cb78000-ffff1cb7c000 r--p 00078000 00:2b 2583                       /tmp/lwjgl_anguscrump/3.4.1-snapshot/arm64/liblwjgl_stb.so
ffff1cb7c000-ffff1cb80000 rw-p 0007c000 00:2b 2583                       /tmp/lwjgl_anguscrump/3.4.1-snapshot/arm64/liblwjgl_stb.so
ffff1cb90000-ffff1cba0000 r-xp 00000000 00:25 3115554                    /usr/lib64/libEGL.so.1.1.0
ffff1cba0000-ffff1cbac000 ---p 00010000 00:25 3115554                    /usr/lib64/libEGL.so.1.1.0
ffff1cbac000-ffff1cbb0000 r--p 0000c000 00:25 3115554                    /usr/lib64/libEGL.so.1.1.0
ffff1cbb0000-ffff1cbb4000 rw-p 00010000 00:25 3115554                    /usr/lib64/libEGL.so.1.1.0
ffff1cbc0000-ffff1cc18000 r-xp 00000000 00:2b 2582                       /tmp/lwjgl_anguscrump/3.4.1-snapshot/arm64/liblwjgl_opengl.so
ffff1cc18000-ffff1cc28000 ---p 00058000 00:2b 2582                       /tmp/lwjgl_anguscrump/3.4.1-snapshot/arm64/liblwjgl_opengl.so
ffff1cc28000-ffff1cc2c000 rw-p 00058000 00:2b 2582                       /tmp/lwjgl_anguscrump/3.4.1-snapshot/arm64/liblwjgl_opengl.so
ffff1d07c000-ffff1d88c000 rw-p 00000000 00:00 0 
ffff1da90000-ffff1dac0000 r-xp 00000000 00:25 3098672                    /usr/lib64/liblzma.so.5.8.2
ffff1dac0000-ffff1dacc000 ---p 00030000 00:25 3098672                    /usr/lib64/liblzma.so.5.8.2
ffff1dacc000-ffff1dad0000 r--p 0003c000 00:25 3098672                    /usr/lib64/liblzma.so.5.8.2
ffff1dad0000-ffff1dad4000 rw-p 00000000 00:00 0 
ffff1dae0000-ffff1db08000 r-xp 00000000 00:25 3098080                    /usr/lib64/libtinfo.so.6.6
ffff1db08000-ffff1db1c000 ---p 00028000 00:25 3098080                    /usr/lib64/libtinfo.so.6.6
ffff1db1c000-ffff1db20000 r--p 0002c000 00:25 3098080                    /usr/lib64/libtinfo.so.6.6
ffff1db20000-ffff1db24000 rw-p 00030000 00:25 3098080                    /usr/lib64/libtinfo.so.6.6
ffff1db30000-ffff1dc8c000 r-xp 00000000 00:25 3098680                    /usr/lib64/libxml2.so.2.12.10
ffff1dc8c000-ffff1dc94000 ---p 0015c000 00:25 3098680                    /usr/lib64/libxml2.so.2.12.10
ffff1dc94000-ffff1dca0000 r--p 00164000 00:25 3098680                    /usr/lib64/libxml2.so.2.12.10
ffff1dca0000-ffff1dca4000 rw-p 00170000 00:25 3098680                    /usr/lib64/libxml2.so.2.12.10
ffff1dcb0000-ffff1dce4000 r-xp 00000000 00:25 3859435                    /usr/lib64/libedit.so.0.0.78
ffff1dce4000-ffff1dcfc000 ---p 00034000 00:25 3859435                    /usr/lib64/libedit.so.0.0.78
ffff1dcfc000-ffff1dd00000 r--p 0003c000 00:25 3859435                    /usr/lib64/libedit.so.0.0.78
ffff1dd00000-ffff1dd04000 rw-p 00040000 00:25 3859435                    /usr/lib64/libedit.so.0.0.78
ffff1dd10000-ffff1dd28000 r-xp 00000000 00:25 3099018                    /usr/lib64/libffi.so.8.2.0
ffff1dd28000-ffff1dd3c000 ---p 00018000 00:25 3099018                    /usr/lib64/libffi.so.8.2.0
ffff1dd3c000-ffff1dd40000 r--p 0001c000 00:25 3099018                    /usr/lib64/libffi.so.8.2.0
ffff1dd40000-ffff1dd44000 rw-p 00020000 00:25 3099018                    /usr/lib64/libffi.so.8.2.0
ffff1dd50000-ffff1dfcc000 r-xp 00000000 00:25 3565243                    /usr/lib64/libstdc++.so.6.0.35
ffff1dfcc000-ffff1dfdc000 ---p 0027c000 00:25 3565243                    /usr/lib64/libstdc++.so.6.0.35
ffff1dfdc000-ffff1dff0000 r--p 0027c000 00:25 3565243                    /usr/lib64/libstdc++.so.6.0.35
ffff1dff0000-ffff1dff4000 rw-p 00290000 00:25 3565243                    /usr/lib64/libstdc++.so.6.0.35
ffff1dff4000-ffff1dff8000 rw-p 00000000 00:00 0 
ffff1e000000-ffff2be94000 r--p 00000000 00:25 3810908                    /usr/lib/locale/locale-archive
ffff2c000000-ffff2c400000 rw-p 00000000 00:00 0 
ffff2c400000-ffff2cbe0000 rw-p 00000000 00:00 0 
ffff2cbe0000-ffff2cc00000 rw-p 00000000 00:00 0 
ffff2cc00000-ffff2cdc0000 rw-p 00000000 00:00 0 
ffff2cdc0000-ffff2ce00000 rw-p 00000000 00:00 0 
ffff2ce00000-ffff2d500000 rw-p 00000000 00:00 0 
ffff2d500000-ffff2d600000 rw-p 00000000 00:00 0 
ffff2d600000-ffff2de20000 rw-p 00000000 00:00 0 
ffff2de20000-ffff30000000 rw-p 00000000 00:00 0 
ffff30000000-ffff30200000 rw-p 00000000 00:00 0 
ffff30200000-ffff34000000 ---p 00000000 00:00 0 
ffff34000000-ffff34200000 rw-p 00000000 00:00 0 
ffff34200000-ffff38000000 ---p 00000000 00:00 0 
ffff38000000-ffff38200000 rw-p 00000000 00:00 0 
ffff38200000-ffff3c000000 ---p 00000000 00:00 0 
ffff3c000000-ffff3c200000 rw-p 00000000 00:00 0 
ffff3c200000-ffff3c600000 rw-p 00000000 00:00 0 
ffff3c600000-ffff40000000 ---p 00000000 00:00 0 
ffff40000000-ffff40200000 rw-p 00000000 00:00 0 
ffff40200000-ffff44000000 ---p 00000000 00:00 0 
ffff44000000-ffff44200000 rw-p 00000000 00:00 0 
ffff44200000-ffff48000000 ---p 00000000 00:00 0 
ffff481b0000-ffff48274000 r-xp 00000000 00:25 3098619                    /usr/lib64/libzstd.so.1.5.7
ffff48274000-ffff4828c000 ---p 000c4000 00:25 3098619                    /usr/lib64/libzstd.so.1.5.7
ffff4828c000-ffff48290000 r--p 000cc000 00:25 3098619                    /usr/lib64/libzstd.so.1.5.7
ffff48290000-ffff48294000 rw-p 000d0000 00:25 3098619                    /usr/lib64/libzstd.so.1.5.7
ffff484a0000-ffff485b8000 r-xp 00000000 00:25 3105144                    /usr/lib64/libGLdispatch.so.0.0.0
ffff485b8000-ffff485c4000 ---p 00118000 00:25 3105144                    /usr/lib64/libGLdispatch.so.0.0.0
ffff485c4000-ffff485e0000 r--p 00124000 00:25 3105144                    /usr/lib64/libGLdispatch.so.0.0.0
ffff485e0000-ffff485e4000 rw-p 00140000 00:25 3105144                    /usr/lib64/libGLdispatch.so.0.0.0
ffff485e4000-ffff485ec000 rw-p 00000000 00:00 0 
ffff486a0000-ffff486a8000 r-xp 00000000 00:25 3101940                    /usr/lib64/libXfixes.so.3.1.0
ffff486a8000-ffff486bc000 ---p 00008000 00:25 3101940                    /usr/lib64/libXfixes.so.3.1.0
ffff486bc000-ffff486c0000 r--p 0000c000 00:25 3101940                    /usr/lib64/libXfixes.so.3.1.0
ffff486c0000-ffff486c4000 rw-p 00010000 00:25 3101940                    /usr/lib64/libXfixes.so.3.1.0
ffff486d0000-ffff486dc000 r-xp 00000000 00:25 3101960                    /usr/lib64/libXcursor.so.1.0.2
ffff486dc000-ffff486ec000 ---p 0000c000 00:25 3101960                    /usr/lib64/libXcursor.so.1.0.2
ffff486ec000-ffff486f0000 r--p 0000c000 00:25 3101960                    /usr/lib64/libXcursor.so.1.0.2
ffff486f0000-ffff486f4000 rw-p 00000000 00:00 0 
ffff48700000-ffff4870c000 r-xp 00000000 00:25 3101950                    /usr/lib64/libXrender.so.1.3.0
ffff4870c000-ffff4871c000 ---p 0000c000 00:25 3101950                    /usr/lib64/libXrender.so.1.3.0
ffff4871c000-ffff48720000 r--p 0000c000 00:25 3101950                    /usr/lib64/libXrender.so.1.3.0
ffff48720000-ffff48724000 rw-p 00010000 00:25 3101950                    /usr/lib64/libXrender.so.1.3.0
ffff48790000-ffff487a4000 r-xp 00000000 00:25 3101935                    /usr/lib64/libXext.so.6.4.0
ffff487a4000-ffff487bc000 ---p 00014000 00:25 3101935                    /usr/lib64/libXext.so.6.4.0
ffff487bc000-ffff487c0000 r--p 0001c000 00:25 3101935                    /usr/lib64/libXext.so.6.4.0
ffff487c0000-ffff487c4000 rw-p 00020000 00:25 3101935                    /usr/lib64/libXext.so.6.4.0
ffff48800000-ffff48c00000 rw-p 00000000 00:00 0 
ffff48c20000-ffff48c4c000 r-xp 00000000 00:25 3101927                    /usr/lib64/libxcb.so.1.1.0
ffff48c4c000-ffff48c5c000 ---p 0002c000 00:25 3101927                    /usr/lib64/libxcb.so.1.1.0
ffff48c5c000-ffff48c60000 r--p 0002c000 00:25 3101927                    /usr/lib64/libxcb.so.1.1.0
ffff48c60000-ffff48c64000 rw-p 00030000 00:25 3101927                    /usr/lib64/libxcb.so.1.1.0
ffff48c70000-ffff48db8000 r-xp 00000000 00:25 3101932                    /usr/lib64/libX11.so.6.4.0
ffff48db8000-ffff48dcc000 ---p 00148000 00:25 3101932                    /usr/lib64/libX11.so.6.4.0
ffff48dcc000-ffff48dd0000 r--p 0014c000 00:25 3101932                    /usr/lib64/libX11.so.6.4.0
ffff48dd0000-ffff48dd4000 rw-p 00150000 00:25 3101932                    /usr/lib64/libX11.so.6.4.0
ffff48de0000-ffff48e54000 r-xp 00000000 00:2b 2581                       /tmp/lwjgl_anguscrump/3.4.1-snapshot/arm64/libjemalloc.so
ffff48e54000-ffff48e60000 ---p 00074000 00:2b 2581                       /tmp/lwjgl_anguscrump/3.4.1-snapshot/arm64/libjemalloc.so
ffff48e60000-ffff48e64000 r--p 00070000 00:2b 2581                       /tmp/lwjgl_anguscrump/3.4.1-snapshot/arm64/libjemalloc.so
ffff48e64000-ffff48e68000 rw-p 00074000 00:2b 2581                       /tmp/lwjgl_anguscrump/3.4.1-snapshot/arm64/libjemalloc.so
ffff48e68000-ffff48ef4000 rw-p 00000000 00:00 0 
ffff48f00000-ffff48f74000 r-xp 00000000 00:2b 2580                       /tmp/lwjgl_anguscrump/3.4.1-snapshot/arm64/libglfw.so
ffff48f74000-ffff48f84000 ---p 00074000 00:2b 2580                       /tmp/lwjgl_anguscrump/3.4.1-snapshot/arm64/libglfw.so
ffff48f84000-ffff48f8c000 rw-p 00074000 00:2b 2580                       /tmp/lwjgl_anguscrump/3.4.1-snapshot/arm64/libglfw.so
ffff48f8c000-ffff48fb0000 rw-p 00000000 00:00 0 
ffff48fc0000-ffff49800000 rw-p 00000000 00:00 0 
ffff49800000-ffff4980c000 ---p 00000000 00:00 0 
ffff4980c000-ffff49a00000 rw-p 00000000 00:00 0 
ffff49a00000-ffff49a0c000 ---p 00000000 00:00 0 
ffff49a0c000-ffff49c00000 rw-p 00000000 00:00 0 
ffff49c00000-ffff49c0c000 ---p 00000000 00:00 0 
ffff49c0c000-ffff49e00000 rw-p 00000000 00:00 0 
ffff49e00000-ffff49e0c000 ---p 00000000 00:00 0 
ffff49e0c000-ffff4a000000 rw-p 00000000 00:00 0 
ffff4a000000-ffff4c000000 rw-p 00000000 00:00 0 
ffff4c000000-ffff4c200000 rw-p 00000000 00:00 0 
ffff4c200000-ffff50000000 ---p 00000000 00:00 0 
ffff50000000-ffff50200000 rw-p 00000000 00:00 0 
ffff50200000-ffff54000000 ---p 00000000 00:00 0 
ffff54020000-ffff54024000 r-xp 00000000 00:25 3101844                    /usr/lib64/libXau.so.6.0.0
ffff54024000-ffff5403c000 ---p 00004000 00:25 3101844                    /usr/lib64/libXau.so.6.0.0
ffff5403c000-ffff54040000 r--p 0000c000 00:25 3101844                    /usr/lib64/libXau.so.6.0.0
ffff54040000-ffff54044000 rw-p 00000000 00:00 0 
ffff54050000-ffff540d4000 r-xp 00000000 00:2b 2579                       /tmp/lwjgl_anguscrump/3.4.1-snapshot/arm64/liblwjgl.so
ffff540d4000-ffff540e0000 ---p 00084000 00:2b 2579                       /tmp/lwjgl_anguscrump/3.4.1-snapshot/arm64/liblwjgl.so
ffff540e0000-ffff540e4000 r--p 00080000 00:2b 2579                       /tmp/lwjgl_anguscrump/3.4.1-snapshot/arm64/liblwjgl.so
ffff540e4000-ffff540e8000 rw-p 00084000 00:2b 2579                       /tmp/lwjgl_anguscrump/3.4.1-snapshot/arm64/liblwjgl.so
ffff540f0000-ffff540f4000 r-xp 00000000 00:25 8789711                    /home/anguscrump/.jdks/jbr-25.0.3/lib/libextnet.so
ffff540f4000-ffff5410c000 ---p 00004000 00:25 8789711                    /home/anguscrump/.jdks/jbr-25.0.3/lib/libextnet.so
ffff5410c000-ffff54110000 r--p 0000c000 00:25 8789711                    /home/anguscrump/.jdks/jbr-25.0.3/lib/libextnet.so
ffff54110000-ffff54114000 rw-p 00000000 00:00 0 
ffff54120000-ffff54150000 r-xp 00000000 00:25 3098606                    /usr/lib64/libnss_resolve.so.2
ffff54150000-ffff5415c000 ---p 00030000 00:25 3098606                    /usr/lib64/libnss_resolve.so.2
ffff5415c000-ffff54160000 r--p 0003c000 00:25 3098606                    /usr/lib64/libnss_resolve.so.2
ffff54160000-ffff54164000 rw-p 00040000 00:25 3098606                    /usr/lib64/libnss_resolve.so.2
ffff54170000-ffff54174000 r-xp 00000000 00:25 3115273                    /usr/lib64/libnss_mdns4_minimal.so.2
ffff54174000-ffff5418c000 ---p 00004000 00:25 3115273                    /usr/lib64/libnss_mdns4_minimal.so.2
ffff5418c000-ffff54190000 r--p 0000c000 00:25 3115273                    /usr/lib64/libnss_mdns4_minimal.so.2
ffff54190000-ffff54194000 rw-p 00000000 00:00 0 
ffff5419c000-ffff541a8000 ---p 00000000 00:00 0 
ffff541a8000-ffff5439c000 rw-p 00000000 00:00 0 
ffff5459c000-ffff545a8000 ---p 00000000 00:00 0 
ffff545a8000-ffff5479c000 rw-p 00000000 00:00 0 
ffff5479c000-ffff547a8000 ---p 00000000 00:00 0 
ffff547a8000-ffff5499c000 rw-p 00000000 00:00 0 
ffff54b9c000-ffff553dc000 rw-p 00000000 00:00 0 
ffff553dc000-ffff566ec000 rw-p 00000000 00:00 0 
ffff566ec000-ffff58c64000 ---p 00000000 00:00 0 
ffff58c64000-ffff58ffc000 rw-p 00000000 00:00 0 
ffff58ffc000-ffff5ae8c000 rwxp 00000000 00:00 0 
ffff5ae8c000-ffff60534000 ---p 00000000 00:00 0 
ffff60534000-ffff608c4000 rwxp 00000000 00:00 0 
ffff608c4000-ffff60ac8000 ---p 00000000 00:00 0 
ffff60ac8000-ffff61e28000 rwxp 00000000 00:00 0 
ffff61e28000-ffff68000000 ---p 00000000 00:00 0 
ffff68000000-ffff6bff4000 r--s 00000000 00:25 8789745                    /home/anguscrump/.jdks/jbr-25.0.3/lib/modules
ffff6c000000-ffff6c200000 rw-p 00000000 00:00 0 
ffff6c200000-ffff70000000 rw-p 00000000 00:00 0 
ffff70030000-ffff70074000 r-xp 00000000 00:25 3098611                    /usr/lib64/libudev.so.1.7.12
ffff70074000-ffff70088000 ---p 00044000 00:25 3098611                    /usr/lib64/libudev.so.1.7.12
ffff70088000-ffff70090000 r--p 00048000 00:25 3098611                    /usr/lib64/libudev.so.1.7.12
ffff70090000-ffff70094000 rw-p 00050000 00:25 3098611                    /usr/lib64/libudev.so.1.7.12
ffff700d0000-ffff700f4000 r-xp 00000000 00:25 8798974                    /home/anguscrump/.cache/JNA/temp/jna8959535623744468355.tmp (deleted)
ffff700f4000-ffff70100000 ---p 00024000 00:25 8798974                    /home/anguscrump/.cache/JNA/temp/jna8959535623744468355.tmp (deleted)
ffff70100000-ffff70104000 r--p 00020000 00:25 8798974                    /home/anguscrump/.cache/JNA/temp/jna8959535623744468355.tmp (deleted)
ffff70104000-ffff70108000 rw-p 00024000 00:25 8798974                    /home/anguscrump/.cache/JNA/temp/jna8959535623744468355.tmp (deleted)
ffff70110000-ffff70120000 r-xp 00000000 00:25 8789741                    /home/anguscrump/.jdks/jbr-25.0.3/lib/libverify.so
ffff70120000-ffff7012c000 ---p 00010000 00:25 8789741                    /home/anguscrump/.jdks/jbr-25.0.3/lib/libverify.so
ffff7012c000-ffff70130000 r--p 0000c000 00:25 8789741                    /home/anguscrump/.jdks/jbr-25.0.3/lib/libverify.so
ffff70130000-ffff70134000 rw-p 00000000 00:00 0 
ffff70140000-ffff70350000 rw-p 00000000 00:00 0 
ffff70550000-ffff70570000 r-xp 00000000 00:25 3565233                    /usr/lib64/libgcc_s-16-20260501.so.1
ffff70570000-ffff7057c000 ---p 00020000 00:25 3565233                    /usr/lib64/libgcc_s-16-20260501.so.1
ffff7057c000-ffff70580000 r--p 0001c000 00:25 3565233                    /usr/lib64/libgcc_s-16-20260501.so.1
ffff70580000-ffff70584000 rw-p 00000000 00:00 0 
ffff70590000-ffff705bc000 r-xp 00000000 00:25 3098605                    /usr/lib64/libnss_myhostname.so.2
ffff705bc000-ffff705c8000 ---p 0002c000 00:25 3098605                    /usr/lib64/libnss_myhostname.so.2
ffff705c8000-ffff705d0000 r--p 00028000 00:25 3098605                    /usr/lib64/libnss_myhostname.so.2
ffff705d0000-ffff705d4000 rw-p 00030000 00:25 3098605                    /usr/lib64/libnss_myhostname.so.2
ffff705e0000-ffff705e8000 r-xp 00000000 00:25 8789729                    /home/anguscrump/.jdks/jbr-25.0.3/lib/libmanagement_ext.so
ffff705e8000-ffff705fc000 ---p 00008000 00:25 8789729                    /home/anguscrump/.jdks/jbr-25.0.3/lib/libmanagement_ext.so
ffff705fc000-ffff70600000 r--p 0000c000 00:25 8789729                    /home/anguscrump/.jdks/jbr-25.0.3/lib/libmanagement_ext.so
ffff70600000-ffff70604000 rw-p 00000000 00:00 0 
ffff70610000-ffff70614000 r-xp 00000000 00:25 8789728                    /home/anguscrump/.jdks/jbr-25.0.3/lib/libmanagement.so
ffff70614000-ffff7062c000 ---p 00004000 00:25 8789728                    /home/anguscrump/.jdks/jbr-25.0.3/lib/libmanagement.so
ffff7062c000-ffff70630000 r--p 0000c000 00:25 8789728                    /home/anguscrump/.jdks/jbr-25.0.3/lib/libmanagement.so
ffff70630000-ffff70634000 rw-p 00000000 00:00 0 
ffff70a40000-ffff70a48000 r-xp 00000000 00:25 8789743                    /home/anguscrump/.jdks/jbr-25.0.3/lib/libzip.so
ffff70a48000-ffff70a5c000 ---p 00008000 00:25 8789743                    /home/anguscrump/.jdks/jbr-25.0.3/lib/libzip.so
ffff70a5c000-ffff70a60000 r--p 0000c000 00:25 8789743                    /home/anguscrump/.jdks/jbr-25.0.3/lib/libzip.so
ffff70a60000-ffff70a64000 rw-p 00000000 00:00 0 
ffff70a70000-ffff70a7c000 r-xp 00000000 00:25 8789731                    /home/anguscrump/.jdks/jbr-25.0.3/lib/libnet.so
ffff70a7c000-ffff70a8c000 ---p 0000c000 00:25 8789731                    /home/anguscrump/.jdks/jbr-25.0.3/lib/libnet.so
ffff70a8c000-ffff70a90000 r--p 0000c000 00:25 8789731                    /home/anguscrump/.jdks/jbr-25.0.3/lib/libnet.so
ffff70a90000-ffff70a94000 rw-p 00000000 00:00 0 
ffff70aa0000-ffff70ab4000 r-xp 00000000 00:25 8789733                    /home/anguscrump/.jdks/jbr-25.0.3/lib/libnio.so
ffff70ab4000-ffff70acc000 ---p 00014000 00:25 8789733                    /home/anguscrump/.jdks/jbr-25.0.3/lib/libnio.so
ffff70acc000-ffff70ad0000 r--p 0001c000 00:25 8789733                    /home/anguscrump/.jdks/jbr-25.0.3/lib/libnio.so
ffff70ad0000-ffff70ad4000 rw-p 00020000 00:25 8789733                    /home/anguscrump/.jdks/jbr-25.0.3/lib/libnio.so
ffff70ad4000-ffff70ad8000 rw-p 00000000 00:00 0 
ffff70ad8000-ffff70ae4000 ---p 00000000 00:00 0 
ffff70ae4000-ffff70cd8000 rw-p 00000000 00:00 0 
ffff70cd8000-ffff70ce4000 ---p 00000000 00:00 0 
ffff70ce4000-ffff70ed8000 rw-p 00000000 00:00 0 
ffff70ed8000-ffff70ee4000 ---p 00000000 00:00 0 
ffff70ee4000-ffff710d8000 rw-p 00000000 00:00 0 
ffff710d8000-ffff710e4000 ---p 00000000 00:00 0 
ffff710e4000-ffff712d8000 rw-p 00000000 00:00 0 
ffff712d8000-ffff712e4000 ---p 00000000 00:00 0 
ffff712e4000-ffff714d8000 rw-p 00000000 00:00 0 
ffff714d8000-ffff714e4000 ---p 00000000 00:00 0 
ffff714e4000-ffff716d8000 rw-p 00000000 00:00 0 
ffff716d8000-ffff716e4000 ---p 00000000 00:00 0 
ffff716e4000-ffff718d8000 rw-p 00000000 00:00 0 
ffff718d8000-ffff718e4000 ---p 00000000 00:00 0 
ffff718e4000-ffff71ad8000 rw-p 00000000 00:00 0 
ffff71ad8000-ffff71cd4000 rw-p 00000000 00:00 0 
ffff71cd4000-ffff71ee4000 rw-p 00000000 00:00 0 
ffff71ee4000-ffff71ef0000 ---p 00000000 00:00 0 
ffff71ef0000-ffff72304000 rw-p 00000000 00:00 0 
ffff72304000-ffff72308000 r-xp 00000000 00:2b 3337                       /tmp/#3337 (deleted)
ffff72308000-ffff7230c000 rw-p 00000000 00:00 0 
ffff72374000-ffff72794000 rw-p 00000000 00:00 0 
ffff72794000-ffff730b8000 rw-p 00000000 00:00 0 
ffff730b8000-ffff736e8000 rw-p 00000000 00:00 0 
ffff736e8000-ffff739cc000 rw-p 00000000 00:00 0 
ffff739cc000-ffff73e78000 ---p 00000000 00:00 0 
ffff73e78000-ffff74150000 rw-p 00000000 00:00 0 
ffff74150000-ffff745fc000 ---p 00000000 00:00 0 
ffff745fc000-ffff74ee0000 rw-p 00000000 00:00 0 
ffff74ee0000-ffff75068000 ---p 00000000 00:00 0 
ffff75068000-ffff750e4000 rw-p 00000000 00:00 0 
ffff750e4000-ffff75240000 ---p 00000000 00:00 0 
ffff75240000-ffff75264000 r-xp 00000000 00:25 8789719                    /home/anguscrump/.jdks/jbr-25.0.3/lib/libjava.so
ffff75264000-ffff7527c000 ---p 00024000 00:25 8789719                    /home/anguscrump/.jdks/jbr-25.0.3/lib/libjava.so
ffff7527c000-ffff75280000 r--p 0002c000 00:25 8789719                    /home/anguscrump/.jdks/jbr-25.0.3/lib/libjava.so
ffff75280000-ffff75284000 rw-p 00030000 00:25 8789719                    /home/anguscrump/.jdks/jbr-25.0.3/lib/libjava.so
ffff75290000-ffff752ac000 r-xp 00000000 00:25 8789723                    /home/anguscrump/.jdks/jbr-25.0.3/lib/libjimage.so
ffff752ac000-ffff752bc000 ---p 0001c000 00:25 8789723                    /home/anguscrump/.jdks/jbr-25.0.3/lib/libjimage.so
ffff752bc000-ffff752c0000 r--p 0001c000 00:25 8789723                    /home/anguscrump/.jdks/jbr-25.0.3/lib/libjimage.so
ffff752c0000-ffff752c4000 rw-p 00020000 00:25 8789723                    /home/anguscrump/.jdks/jbr-25.0.3/lib/libjimage.so
ffff752d0000-ffff752dc000 ---p 00000000 00:00 0 
ffff752dc000-ffff754d0000 rw-p 00000000 00:00 0 
ffff754d0000-ffff75580000 r-xp 00000000 00:25 3800671                    /usr/lib64/libm.so.6
ffff75580000-ffff7558c000 ---p 000b0000 00:25 3800671                    /usr/lib64/libm.so.6
ffff7558c000-ffff75590000 r--p 000ac000 00:25 3800671                    /usr/lib64/libm.so.6
ffff75590000-ffff75594000 rw-p 000b0000 00:25 3800671                    /usr/lib64/libm.so.6
ffff755a0000-ffff755a4000 r-xp 00000000 00:25 3800679                    /usr/lib64/librt.so.1
ffff755a4000-ffff755bc000 ---p 00004000 00:25 3800679                    /usr/lib64/librt.so.1
ffff755bc000-ffff755c0000 r--p 0000c000 00:25 3800679                    /usr/lib64/librt.so.1
ffff755c0000-ffff755c4000 rw-p 00000000 00:00 0 
ffff755d0000-ffff76950000 r-xp 00000000 00:25 8789753                    /home/anguscrump/.jdks/jbr-25.0.3/lib/server/libjvm.so
ffff76950000-ffff76960000 ---p 01380000 00:25 8789753                    /home/anguscrump/.jdks/jbr-25.0.3/lib/server/libjvm.so
ffff76960000-ffff76a40000 r--p 01380000 00:25 8789753                    /home/anguscrump/.jdks/jbr-25.0.3/lib/server/libjvm.so
ffff76a40000-ffff76a70000 rw-p 01460000 00:25 8789753                    /home/anguscrump/.jdks/jbr-25.0.3/lib/server/libjvm.so
ffff76a70000-ffff76b18000 rw-p 00000000 00:00 0 
ffff76b20000-ffff76b24000 r-xp 00000000 00:25 3800677                    /usr/lib64/libpthread.so.0
ffff76b24000-ffff76b3c000 ---p 00004000 00:25 3800677                    /usr/lib64/libpthread.so.0
ffff76b3c000-ffff76b40000 r--p 0000c000 00:25 3800677                    /usr/lib64/libpthread.so.0
ffff76b40000-ffff76b44000 rw-p 00000000 00:00 0 
ffff76b50000-ffff76b54000 r-xp 00000000 00:25 3800670                    /usr/lib64/libdl.so.2
ffff76b54000-ffff76b6c000 ---p 00004000 00:25 3800670                    /usr/lib64/libdl.so.2
ffff76b6c000-ffff76b70000 r--p 0000c000 00:25 3800670                    /usr/lib64/libdl.so.2
ffff76b70000-ffff76b74000 rw-p 00000000 00:00 0 
ffff76b80000-ffff76ba0000 r-xp 00000000 00:25 3098599                    /usr/lib64/libz.so.1.3.1.zlib-ng
ffff76ba0000-ffff76bac000 ---p 00020000 00:25 3098599                    /usr/lib64/libz.so.1.3.1.zlib-ng
ffff76bac000-ffff76bb0000 r--p 0001c000 00:25 3098599                    /usr/lib64/libz.so.1.3.1.zlib-ng
ffff76bb0000-ffff76bb4000 rw-p 00020000 00:25 3098599                    /usr/lib64/libz.so.1.3.1.zlib-ng
ffff76bc0000-ffff76d68000 r-xp 00000000 00:25 3800669                    /usr/lib64/libc.so.6
ffff76d68000-ffff76d7c000 ---p 001a8000 00:25 3800669                    /usr/lib64/libc.so.6
ffff76d7c000-ffff76d80000 r--p 001ac000 00:25 3800669                    /usr/lib64/libc.so.6
ffff76d80000-ffff76d84000 rw-p 001b0000 00:25 3800669                    /usr/lib64/libc.so.6
ffff76d84000-ffff76d8c000 rw-p 00000000 00:00 0 
ffff76d94000-ffff76d98000 r--p 00000000 00:00 0 
ffff76d98000-ffff76da0000 r--s 00000000 00:25 3811701                    /usr/lib64/gconv/gconv-modules.cache
ffff76da0000-ffff76db0000 rw-p 00000000 00:00 0 
ffff76db0000-ffff76db8000 ---p 00000000 00:00 0 
ffff76db8000-ffff76dc0000 rw-s 00000000 00:2b 3335                       /tmp/hsperfdata_anguscrump/121311 (deleted)
ffff76dc0000-ffff76dd0000 r-xp 00000000 00:25 8789724                    /home/anguscrump/.jdks/jbr-25.0.3/lib/libjli.so
ffff76dd0000-ffff76ddc000 ---p 00010000 00:25 8789724                    /home/anguscrump/.jdks/jbr-25.0.3/lib/libjli.so
ffff76ddc000-ffff76de0000 r--p 0000c000 00:25 8789724                    /home/anguscrump/.jdks/jbr-25.0.3/lib/libjli.so
ffff76de0000-ffff76de4000 rw-p 00010000 00:25 8789724                    /home/anguscrump/.jdks/jbr-25.0.3/lib/libjli.so
ffff76de4000-ffff76de8000 rw-p 00000000 00:00 0 
ffff76de8000-ffff76dec000 ---p 00000000 00:00 0 
ffff76dec000-ffff76df0000 r--p 00000000 00:00 0 
ffff76df0000-ffff76e00000 r--p 00000000 00:00 0                          [vvar]
ffff76e00000-ffff76e04000 r-xp 00000000 00:00 0                          [vdso]
ffff76e04000-ffff76e30000 r-xp 00000000 00:25 3800657                    /usr/lib/ld-linux-aarch64.so.1
ffff76e30000-ffff76e34000 rw-p 00000000 00:00 0 
ffff76e34000-ffff76e38000 ---p 00000000 00:00 0 
ffff76e38000-ffff76e40000 rw-p 00000000 00:00 0 
ffff76e40000-ffff76e44000 r--p 0002c000 00:25 3800657                    /usr/lib/ld-linux-aarch64.so.1
ffff76e44000-ffff76e48000 rw-p 00030000 00:25 3800657                    /usr/lib/ld-linux-aarch64.so.1
ffffe8224000-ffffe8248000 rw-p 00000000 00:00 0                          [stack]
Total number of mappings: 642

JVMTI agents: none


VM Arguments:
jvm_args: -Dfabric.dli.config=/home/anguscrump/Documents/Coding/ribbon-world/.gradle/loom-cache/launch.cfg -Dfabric.dli.env=client -Dfabric.dli.main=net.fabricmc.loader.impl.launch.knot.KnotClient --sun-misc-unsafe-memory-access=allow --enable-native-access=ALL-UNNAMED --sun-misc-unsafe-memory-access=allow --enable-native-access=ALL-UNNAMED -Dfile.encoding=UTF-8 -Duser.country=AU -Duser.language=en -Duser.variant -Dawt.toolkit.name=XToolkit 
java_command: net.fabricmc.devlaunchinjector.Main
java_class_path (initial): /home/anguscrump/Documents/Coding/ribbon-world/build/classes/java/client:/home/anguscrump/Documents/Coding/ribbon-world/build/resources/client:/home/anguscrump/.gradle/caches/modules-2/files-2.1/net.fabricmc/fabric-loader/0.19.2/cc647a5b22dbc49b9a3267cebcee25fc4882b108/fabric-loader-0.19.2.jar:/home/anguscrump/.gradle/caches/modules-2/files-2.1/net.fabricmc.fabric-api/fabric-api/0.149.0+26.1.2/1d3aa9049af831d4d7ed7fbf1b5f0fbb37d7fab4/fabric-api-0.149.0+26.1.2.jar:/home/anguscrump/.gradle/caches/modules-2/files-2.1/org.ow2.asm/asm/9.9/c29635c8a7afa03d74b33c1884df8abb2b3f3dcc/asm-9.9.jar:/home/anguscrump/.gradle/caches/modules-2/files-2.1/org.ow2.asm/asm-analysis/9.9/bf4fa6e66638851c1cd22c2caea0c3ee5d5f437/asm-analysis-9.9.jar:/home/anguscrump/.gradle/caches/modules-2/files-2.1/org.ow2.asm/asm-commons/9.9/db9165a3bf908ded6b08612d583a15d1d0c7bda0/asm-commons-9.9.jar:/home/anguscrump/.gradle/caches/modules-2/files-2.1/org.ow2.asm/asm-tree/9.9/f8de6eead6d24dd0f45bd065bbe112b2cda6ea21/asm-tree-9.9.jar:/home/anguscrump/.gradle/caches/modules-2/files-2.1/org.ow2.asm/asm-util/9.9/42fdfc0508b43807c8078d6e82ecff2ce2112ae8/asm-util-9.9.jar:/home/anguscrump/.gradle/caches/modules-2/files-2.1/net.fabricmc/sponge-mixin/0.17.2+mixin.0.8.7/edf98d1d98229e46e36c61774ae2b54dcd852981/sponge-mixin-0.17.2+mixin.0.8.7.jar:/home/anguscrump/.gradle/caches/modules-2/files-2.1/io.github.llamalad7/mixinextras-fabric/0.5.4/5e167154bcb9942111313a5e186e16cd7265f858/mixinextras-fabric-0.5.4.jar:/home/anguscrump/.gradle/caches/modules-2/files-2.1/net.fabricmc/dev-launch-injector/0.2.1+build.8/da8bef7e6e2f952da707f282bdb46882a0fce5e3/dev-launch-injector-0.2.1+build.8.jar:/home/anguscrump/.gradle/caches/modules-2/files-2.1/net.fabricmc/fabric-log4j-util/1.0.2/ef0b3fb613356feb75a67d54f2fad6f03a006648/fabric-log4j-util-1.0.2.jar:/home/anguscrump/.gradle/caches/modules-2/files-2.1/at.yawk.lz4/lz4-java/1.10.1/f541d7f910fe3d76f38f799c507c48cc81b12ecb/lz4-java-1.10.1.jar:/home/anguscrump/.gradle/caches/modules-2/files-2.1/com.azure/azure-json/1.4.0/fcc1d354dbc3e0300e5276b1bf124d0247799cd8/azure-json-1.4.0.jar:/home/anguscrump/.gradle/caches/modules-2/files-2.1/com.github.oshi/oshi-core/6.9.0/3224870731860cfcd7744581a05b559e94291e7/oshi-core-6.9.0.jar:/home/anguscrump/.gradle/caches/modules-2/files-2.1/com.google.code.gson/gson/2.13.2/48b8230771e573b54ce6e867a9001e75977fe78e/gson-2.13.2.jar:/home/anguscrump/.gradle/caches/modules-2/files-2.1/com.google.guava/failureaccess/1.0.3/aeaffd00d57023a2c947393ed251f0354f0985fc/failureaccess-1.0.3.jar:/home/anguscrump/.gradle/caches/modules-2/files-2.1/com.google.guava/guava/33.5.0-jre/8699de25f2f979108d6c1b804a7ba38cda1116bc/guava-33.5.0-jre.jar:/home/anguscrump/.gradle/caches/modules-2/files-2.1/com.ibm.icu/icu4j/77.1/38693cf0b1d7362a8b726af74dc06026a7c23809/icu4j-77.1.jar:/home/anguscrump/.gradle/caches/modules-2/files-2.1/com.microsoft.azure/msal4j/1.23.1/6c722b514873b24a4e1ce9c22dca36ea3c22bdbe/msal4j-1.23.1.jar:/home/anguscrump/.gradle/caches/modules-2/files-2.1/com.mojang/authlib/7.0.63/54895b4e25e8b9b4cbbbe25f24eccf2b71b1ac2b/authlib-7.0.63.jar:/home/anguscrump/.gradle/caches/modules-2/files-2.1/com.mojang/blocklist/1.0.10/5c685c5ffa94c4cd39496c7184c1d122e515ecef/blocklist-1.0.10.jar:/home/anguscrump/.gradle/caches/modules-2/files-2.1/com.mojang/brigadier/1.3.10/d15b53a14cf20fdcaa98f731af5dda654452c010/brigadier-1.3.10.jar:/home/anguscrump/.gradle/caches/modules-2/files-2.1/com.mojang/datafixerupper/9.0.19/4e91f9712fa1e83231d1501625381b0210a977da/datafixerupper-9.0.19.jar:/home/anguscrump/.gradle/caches/modules-2/files-2.1/com.mojang/jtracy/1.0.37/a3fb649b2e2b2288d2978f0b0bc3d83f62809d1e/jtracy-1.0.37.jar:/home/anguscrump/.gradle/caches/modules-2/files-2.1/com.mojang/jtracy/1.0.37/e1b4395227af41195da9e2ead13c48ee0b7d31cd/jtracy-1.0.37-natives-linux.jar:/home/anguscrump/.gradle/caches/modules-2/files-2.1/com.mojang/logging/1.6.11/fd147240733010c158249d986323f9ef98977fe/logging-1.6.11.jar:/home/anguscrump/.gradle/caches/modules-2/files-2.1/com.mojang/patchy/2.2.10/da05971b07cbb379d002cf7eaec6a2048211fefc/patchy-2.2.10.jar:/home/anguscrump/.gradle/caches/modules-2/files-2.1/com.mojang/text2speech/1.18.11/e853a12cdd6ba4f4836e8f4bf3b37844a13482b6/text2speech-1.18.11.jar:/home/anguscrump/.gradle/caches/modules-2/files-2.1/commons-codec/commons-codec/1.19.0/8c0dbe3ae883fceda9b50a6c76e745e548073388/commons-codec-1.19.0.jar:/home/anguscrump/.gradle/caches/modules-2/files-2.1/commons-io/commons-io/2.20.0/36f3474daec2849c149e877614e7f979b2082cd2/commons-io-2.20.0.jar:/home/anguscrump/.gradle/caches/modules-2/files-2.1/io.netty/netty-buffer/4.2.7.Final/5555ff561643bf2f8430fb57c24403c0efe15994/netty-buffer-4.2.7.Final.jar:/home/anguscrump/.gradle/caches/modules-2/files-2.1/io.netty/netty-codec-base/4.2.7.Final/915e381ebabcf115f1c7ff7032d55c48afb50210/netty-codec-base-4.2.7.Final.jar:/home/anguscrump/.gradle/caches/modules-2/files-2.1/io.netty/netty-codec-compression/4.2.7.Final/572341bc1ca90fd9d6e47f1d2694aab5258566e9/netty-codec-compression-4.2.7.Final.jar:/home/anguscrump/.gradle/caches/modules-2/files-2.1/io.netty/netty-codec-http/4.2.7.Final/b734c108854099c421fd94d92d9f865e4d4da853/netty-codec-http-4.2.7.Final.jar:/home/anguscrump/.gradle/caches/modules-2/files-2.1/io.netty/netty-common/4.2.7.Final/11aa30df26af4fca3239ac1917f303a280f301e1/netty-common-4.2.7.Final.jar:/home/anguscrump/.gradle/caches/modules-2/files-2.1/io.netty/netty-handler/4.2.7.Final/7ad8a1f851e2e6fe93cdd091871fda2b81c03b5b/netty-handler-4.2.7.Final.jar:/home/anguscrump/.gradle/caches/modules-2/files-2.1/io.netty/netty-resolver/4.2.7.Final/5f3e5ef8de03992cd4fb46960dc0085ec1a12a12/netty-resolver-4.2.7.Final.jar:/home/anguscrump/.gradle/caches/modules-2/files-2.1/io.netty/netty-transport-classes-epoll/4.2.7.Final/1075c09f48a78eef9d819fbfd9096b903fdd362a/netty-transport-classes-epoll-4.2.7.Final.jar:/home/anguscrump/.gradle/caches/modules-2/files-2.1/io.netty/netty-transport-classes-kqueue/4.2.7.Final/bdec7c23c75caabd848426d073c09568e8d5f94e/netty-transport-classes-kqueue-4.2.7.Final.jar:/home/anguscrump/.gradle/caches/modules-2/files-2.1/io.netty/netty-transport-native-epoll/4.2.7.Final/98d02251c98c8f07a23ac5ea27657d9e0ef57614/netty-transport-native-epoll-4.2.7.Final-linux-aarch_64.jar:/home/anguscrump/.gradle/caches/modules-2/files-2.1/io.netty/netty-transport-native-epoll/4.2.7.Final/e83998bfc10b5289d9bcbe807c4079ef0eed8e6f/netty-transport-native-epoll-4.2.7.Final-linux-x86_64.jar:/home/anguscrump/.gradle/caches/modules-2/files-2.1/io.netty/netty-transport-native-unix-common/4.2.7.Final/89953f04259ea7502cffb313630dd51e00e60669/netty-transport-native-unix-common-4.2.7.Final.jar:/home/anguscrump/.gradle/caches/modules-2/files-2.1/io.netty/netty-transport/4.2.7.Final/83ea548981d0d8c4a98027cc1a6f9624f902e142/netty-transport-4.2.7.Final.jar:/home/anguscrump/.gradle/caches/modules-2/files-2.1/it.unimi.dsi/fastutil/8.5.18/a6cff377eecc19c2037bf31568a6d7106b50ba1f/fastutil-8.5.18.jar:/home/anguscrump/.gradle/caches/modules-2/files-2.1/net.java.dev.jna/jna-platform/5.17.0/a4934c44d25a9d8c2ddf4203affd20330cb3426f/jna-platform-5.17.0.jar:/home/anguscrump/.gradle/caches/modules-2/files-2.1/net.java.dev.jna/jna/5.17.0/33d12735bef894440780fce64f9758d420c7bae2/jna-5.17.0.jar:/home/anguscrump/.gradle/caches/modules-2/files-2.1/net.sf.jopt-simple/jopt-simple/5.0.4/4fdac2fbe92dfad86aa6e9301736f6b4342a3f5c/jopt-simple-5.0.4.jar:/home/anguscrump/.gradle/caches/modules-2/files-2.1/org.apache.commons/commons-compress/1.28.0/e482f2c7a88dac3c497e96aa420b6a769f59c8d7/commons-compress-1.28.0.jar:/home/anguscrump/.gradle/caches/modules-2/files-2.1/org.apache.commons/commons-lang3/3.19.0/d6524b169a6574cd253760c472d419b47bfd37e6/commons-lang3-3.19.0.jar:/home/anguscrump/.gradle/caches/modules-2/files-2.1/org.apache.logging.log4j/log4j-api/2.25.2/292c1a2b1702f1e1e3adb13e1c57e5bff60335ff/log4j-api-2.25.2.jar:/home/anguscrump/.gradle/caches/modules-2/files-2.1/org.apache.logging.log4j/log4j-core/2.25.2/d4d0ad2e51e03e531f784891fbfff1bae1e13a12/log4j-core-2.25.2.jar:/home/anguscrump/.gradle/caches/modules-2/files-2.1/org.apache.logging.log4j/log4j-slf4j2-impl/2.25.2/5eec0c392661dee8a366baec17e8896900dd978f/log4j-slf4j2-impl-2.25.2.jar:/home/anguscrump/.gradle/caches/modules-2/files-2.1/org.jcraft/jorbis/0.0.17/8872d22b293e8f5d7d56ff92be966e6dc28ebdc6/jorbis-0.0.17.jar:/home/anguscrump/.gradle/caches/modules-2/files-2.1/org.joml/joml/1.10.8/fc0a71dad90a2cf41d82a76156a0e700af8e4f8d/joml-1.10.8.jar:/home/anguscrump/.gradle/caches/modules-2/files-2.1/org.jspecify/jspecify/1.0.0/7425a601c1c7ec76645a78d22b8c6a627edee507/jspecify-1.0.0.jar:/home/anguscrump/.gradle/caches/modules-2/files-2.1/org.lwjgl/lwjgl-freetype/3.4.1/caa75a37e857efc9b0686e434d708d6420c5b6ea/lwjgl-freetype-3.4.1.jar:/home/anguscrump/.gradle/caches/modules-2/files-2.1/org.lwjgl/lwjgl-freetype/3.4.1/8f37d0da3386ff602ec54cd06626881895711041/lwjgl-freetype-3.4.1-natives-linux-arm64.jar:/home/anguscrump/.gradle/caches/modules-2/files-2.1/org.lwjgl/lwjgl-freetype/3.4.1/40a29a29b1549c4cad073ccd682e3776ffb454fa/lwjgl-freetype-3.4.1-natives-linux.jar:/home/anguscrump/.gradle/caches/modules-2/files-2.1/org.lwjgl/lwjgl-glfw/3.4.1/a782b1ddd175c9107bf300fd92920579ea65e2a4/lwjgl-glfw-3.4.1.jar:/home/anguscrump/.gradle/caches/modules-2/files-2.1/org.lwjgl/lwjgl-glfw/3.4.1/e5e87034c47118960746077dba46280e8de864b3/lwjgl-glfw-3.4.1-natives-linux-arm64.jar:/home/anguscrump/.gradle/caches/modules-2/files-2.1/org.lwjgl/lwjgl-glfw/3.4.1/23cdf7655ce9f3b27ad90f08e73345e0d5b46362/lwjgl-glfw-3.4.1-natives-linux.jar:/home/anguscrump/.gradle/caches/modules-2/files-2.1/org.lwjgl/lwjgl-jemalloc/3.4.1/16b663092854fc6adfe0a941e61cae2bb2e437b6/lwjgl-jemalloc-3.4.1.jar:/home/anguscrump/.gradle/caches/modules-2/files-2.1/org.lwjgl/lwjgl-jemalloc/3.4.1/7891964dfb723209c6d02b0401432348fb707cc0/lwjgl-jemalloc-3.4.1-natives-linux-arm64.jar:/home/anguscrump/.gradle/caches/modules-2/files-2.1/org.lwjgl/lwjgl-jemalloc/3.4.1/b83c82d941f2e624d150d6d1e2efcf4ea49ff8ea/lwjgl-jemalloc-3.4.1-natives-linux.jar:/home/anguscrump/.gradle/caches/modules-2/files-2.1/org.lwjgl/lwjgl-openal/3.4.1/8508bd60589de0539aa465b78fcf838efd07ae9a/lwjgl-openal-3.4.1.jar:/home/anguscrump/.gradle/caches/modules-2/files-2.1/org.lwjgl/lwjgl-openal/3.4.1/3729b70cdd42df5571b075e051fa2fc8586dc538/lwjgl-openal-3.4.1-natives-linux-arm64.jar:/home/anguscrump/.gradle/caches/modules-2/files-2.1/org.lwjgl/lwjgl-openal/3.4.1/dbff577119266cd4312e4eb9cc2b171407c56360/lwjgl-openal-3.4.1-natives-linux.jar:/home/anguscrump/.gradle/caches/modules-2/files-2.1/org.lwjgl/lwjgl-opengl/3.4.1/830412cab823c029cda6b9729f9d2ed36cf79959/lwjgl-opengl-3.4.1.jar:/home/anguscrump/.gradle/caches/modules-2/files-2.1/org.lwjgl/lwjgl-opengl/3.4.1/61a4103e56bbaeb74ad3f19ec14299fd6891c4b0/lwjgl-opengl-3.4.1-natives-linux-arm64.jar:/home/anguscrump/.gradle/caches/modules-2/files-2.1/org.lwjgl/lwjgl-opengl/3.4.1/b750599f0e75ddb19f1d0fe993f3011334b710ae/lwjgl-opengl-3.4.1-natives-linux.jar:/home/anguscrump/.gradle/caches/modules-2/files-2.1/org.lwjgl/lwjgl-stb/3.4.1/f077c3dafc31924fbe8acb0b913f08977ba27f8e/lwjgl-stb-3.4.1.jar:/home/anguscrump/.gradle/caches/modules-2/files-2.1/org.lwjgl/lwjgl-stb/3.4.1/3bc107f901f931fea07cb0d80b1d74a34b806a2b/lwjgl-stb-3.4.1-natives-linux-arm64.jar:/home/anguscrump/.gradle/caches/modules-2/files-2.1/org.lwjgl/lwjgl-stb/3.4.1/7e1cfae909da6c68f3cb6073a9bfeb6c90e82a57/lwjgl-stb-3.4.1-natives-linux.jar:/home/anguscrump/.gradle/caches/modules-2/files-2.1/org.lwjgl/lwjgl-tinyfd/3.4.1/562697d40dbd2ed0424bf24dcf65d51170f81adf/lwjgl-tinyfd-3.4.1.jar:/home/anguscrump/.gradle/caches/modules-2/files-2.1/org.lwjgl/lwjgl-tinyfd/3.4.1/20771d2b4e01f5295156912ab62e170508aef618/lwjgl-tinyfd-3.4.1-natives-linux-arm64.jar:/home/anguscrump/.gradle/caches/modules-2/files-2.1/org.lwjgl/lwjgl-tinyfd/3.4.1/fc6a72690afc8defb60d82ad1de64dd8f537154c/lwjgl-tinyfd-3.4.1-natives-linux.jar:/home/anguscrump/.gradle/caches/modules-2/files-2.1/org.lwjgl/lwjgl/3.4.1/6105690714874b995aa7812e4f7732a21109276c/lwjgl-3.4.1.jar:/home/anguscrump/.gradle/caches/modules-2/files-2.1/org.lwjgl/lwjgl/3.4.1/46883f3b622d8b4d7f27b627ca3360cda3db0e0e/lwjgl-3.4.1-natives-linux-arm64.jar:/home/anguscrump/.gradle/caches/modules-2/files-2.1/org.lwjgl/lwjgl/3.4.1/2734e106bd95db49fe0da8cf8bf7fd96475c436c/lwjgl-3.4.1-natives-linux.jar:/home/anguscrump/.gradle/caches/modules-2/files-2.1/org.slf4j/slf4j-api/2.0.17/d9e58ac9c7779ba3bf8142aff6c830617a7fe60f/slf4j-api-2.0.17.jar:/home/anguscrump/Documents/Coding/ribbon-world/.gradle/loom-cache/minecraftMaven/net/minecraft/minecraft-clientOnly-52430b475d/26.1.2/minecraft-clientOnly-52430b475d-26.1.2.jar:/home/anguscrump/Documents/Coding/ribbon-world/.gradle/loom-cache/minecraftMaven/net/minecraft/minecraft-common-52430b475d/26.1.2/minecraft-common-52430b475d-26.1.2.jar:/home/anguscrump/.gradle/caches/modules-2/files-2.1/io.netty/netty-transport-native-kqueue/4.2.7.Final/40868fd4e43bce2798245f790624b58803dc26b6/netty-transport-native-kqueue-4.2.7.Final-osx-x86_64.jar:/home/anguscrump/.gradle/caches/modules-2/files-2.1/io.netty/netty-transport-native-kqueue/4.2.7.Final/e5a0feef41410c8a5ae00c6cb4e0c99bd0aded6a/netty-transport-native-kqueue-4.2.7.Final-osx-aarch_64.jar:/home/anguscrump/.gradle/caches/modules-2/files-2.1/net.fabricmc.fabric-api/fabric-transfer-api-v1/8.0.5+357ea7334c/2aff9d7c8e917d2a69c71aa18e28c915e0040a8e/fabric-transfer-api-v1-8.0.5+357ea7334c.jar:/home/anguscrump/.gradle/caches/modules-2/files-2.1/net.fabricmc.fabric-api/fabric-api-lookup-api-v1/2.0.11+d5a053b64c/dbb4489647b411352b735654440311d7560dc1f4/fabric-api-lookup-api-v1-2.0.11+d5a053b64c.jar:/home/anguscrump/.gradle/caches/modules-2/files-2.1/net.fabricmc.fabric-api/fabric-command-api-v2/3.0.5+e2bdee784c/d2bfa62e2f489900be2210dfb84458dcdecb75b6/fabric-command-api-v2-3.0.5+e2bdee784c.jar:/home/anguscrump/.gradle/caches/modules-2/files-2.1/net.fabricmc.fabric-api/fabric-content-registries-v0/11.1.1+1a3b26974c/8761c4bd7f8feb484746055f6ff22e387cd84e9f/fabric-content-registries-v0-11.1.1+1a3b26974c.jar:/home/anguscrump/.gradle/caches/modules-2/files-2.1/net.fabricmc.fabric-api/fabric-data-generation-api-v1/24.2.0+73b1f9054c/d5dcd98301b93a9b2470d354d150327e264797c5/fabric-data-generation-api-v1-24.2.0+73b1f9054c.jar:/home/anguscrump/.gradle/caches/modules-2/files-2.1/net.fabricmc.fabric-api/fabric-convention-tags-v2/4.6.0+e47fb87c4c/40a40554e3e4d37b5640c0198bc81a1b94735f2c/fabric-convention-tags-v2-4.6.0+e47fb87c4c.jar:/home/anguscrump/.gradle/caches/modules-2/files-2.1/net.fabricmc.fabric-api/fabric-creative-tab-api-v1/5.0.11+d871b99e4c/9e6937cef2aa7955d2ff66c9d2415118c58ec15c/fabric-creative-tab-api-v1-5.0.11+d871b99e4c.jar:/home/anguscrump/.gradle/caches/modules-2/files-2.1/net.fabricmc.fabric-api/fabric-data-attachment-api-v1/2.2.6+d602a8964c/91d2f002a7431a412cef7016c5ca7ee2b3c67718/fabric-data-attachment-api-v1-2.2.6+d602a8964c.jar:/home/anguscrump/.gradle/caches/modules-2/files-2.1/net.fabricmc.fabric-api/fabric-debug-api-v1/1.0.1+c792624d4c/3e65954340d5153face34ee7d2f9b114271bca38/fabric-debug-api-v1-1.0.1+c792624d4c.jar:/home/anguscrump/.gradle/caches/modules-2/files-2.1/net.fabricmc.fabric-api/fabric-dimensions-v1/5.1.5+9cbf5da54c/53c66317546644a3915ec20df2d77f4e3093ffab/fabric-dimensions-v1-5.1.5+9cbf5da54c.jar:/home/anguscrump/.gradle/caches/modules-2/files-2.1/net.fabricmc.fabric-api/fabric-entity-events-v1/5.0.2+e2bdee784c/3f15c7b85c55f03b5d5fa89a48a0eb1dc6461465/fabric-entity-events-v1-5.0.2+e2bdee784c.jar:/home/anguscrump/.gradle/caches/modules-2/files-2.1/net.fabricmc.fabric-api/fabric-events-interaction-v0/5.2.1+a67251b84c/cf25f4932ae4d3df49bf5ad0c69be40f8abda289/fabric-events-interaction-v0-5.2.1+a67251b84c.jar:/home/anguscrump/.gradle/caches/modules-2/files-2.1/net.fabricmc.fabric-api/fabric-game-rule-api-v1/4.0.5+d871b99e4c/8b1189ddbfe446bf9468920526ed668db253da65/fabric-game-rule-api-v1-4.0.5+d871b99e4c.jar:/home/anguscrump/.gradle/caches/modules-2/files-2.1/net.fabricmc.fabric-api/fabric-gametest-api-v1/4.0.15+00a1fba64c/99dddf025652afece2f37a5f857c6ee5f7feedb1/fabric-gametest-api-v1-4.0.15+00a1fba64c.jar:/home/anguscrump/.gradle/caches/modules-2/files-2.1/net.fabricmc.fabric-api/fabric-item-api-v1/14.1.2+73d134684c/cb7fd76b622fbc467cb65f067c212fc256d3809f/fabric-item-api-v1-14.1.2+73d134684c.jar:/home/anguscrump/.gradle/caches/modules-2/files-2.1/net.fabricmc.fabric-api/fabric-recipe-api-v1/9.0.15+be4b75ae4c/c3510ef358ce97ea4fc804cd2f75f30c574ec947/fabric-recipe-api-v1-9.0.15+be4b75ae4c.jar:/home/anguscrump/.gradle/caches/modules-2/files-2.1/net.fabricmc.fabric-api/fabric-model-loading-api-v1/8.0.6+c80601bb4c/733d4b6475fa49b58125b0b1a6a9070cc5faa8c8/fabric-model-loading-api-v1-8.0.6+c80601bb4c.jar:/home/anguscrump/.gradle/caches/modules-2/files-2.1/net.fabricmc.fabric-api/fabric-renderer-indigo/8.1.0+1403e82c4c/2a11c1c6826ec7e4254d1cfa20f2f9b50da0ec7f/fabric-renderer-indigo-8.1.0+1403e82c4c.jar:/home/anguscrump/.gradle/caches/modules-2/files-2.1/net.fabricmc.fabric-api/fabric-renderer-api-v1/13.0.3+c80601bb4c/15b7e69feefe6e4157134633f96c62a80b41f44a/fabric-renderer-api-v1-13.0.3+c80601bb4c.jar:/home/anguscrump/.gradle/caches/modules-2/files-2.1/net.fabricmc.fabric-api/fabric-rendering-v1/23.1.0+1403e82c4c/96b6c53c0f9e4497597a4a06509b143c9e345efe/fabric-rendering-v1-23.1.0+1403e82c4c.jar:/home/anguscrump/.gradle/caches/modules-2/files-2.1/net.fabricmc.fabric-api/fabric-lifecycle-events-v1/4.1.0+6d50a0854c/52281bf82f04922d65a30d3f91975feb00911826/fabric-lifecycle-events-v1-4.1.0+6d50a0854c.jar:/home/anguscrump/.gradle/caches/modules-2/files-2.1/net.fabricmc.fabric-api/fabric-loot-api-v3/3.0.12+00a1fba64c/58ffa00757774d7060115afa05742753ff26c769/fabric-loot-api-v3-3.0.12+00a1fba64c.jar:/home/anguscrump/.gradle/caches/modules-2/files-2.1/net.fabricmc.fabric-api/fabric-menu-api-v1/2.0.13+d871b99e4c/e59c4c081a5dc1afb27c0167d6e1480c670c4d29/fabric-menu-api-v1-2.0.13+d871b99e4c.jar:/home/anguscrump/.gradle/caches/modules-2/files-2.1/net.fabricmc.fabric-api/fabric-message-api-v1/7.0.5+dae8ce3e4c/6211835e1348e8b9b89defb98a616adb483b8284/fabric-message-api-v1-7.0.5+dae8ce3e4c.jar:/home/anguscrump/.gradle/caches/modules-2/files-2.1/net.fabricmc.fabric-api/fabric-particles-v1/5.0.15+b61fef434c/e9659d152cefb7255056f432234a11621ab00945/fabric-particles-v1-5.0.15+b61fef434c.jar:/home/anguscrump/.gradle/caches/modules-2/files-2.1/net.fabricmc.fabric-api/fabric-object-builder-api-v1/23.0.16+b95dd56e4c/64b623486a5962dada51cb3e8a114ee49a6ba9de/fabric-object-builder-api-v1-23.0.16+b95dd56e4c.jar:/home/anguscrump/.gradle/caches/modules-2/files-2.1/net.fabricmc.fabric-api/fabric-registry-sync-v0/7.0.13+b61fef434c/b7cd637ba58adacb2abfd54f5f438211e5c3210d/fabric-registry-sync-v0-7.0.13+b61fef434c.jar:/home/anguscrump/.gradle/caches/modules-2/files-2.1/net.fabricmc.fabric-api/fabric-networking-api-v1/6.3.1+554860db4c/38ac77944d5e0fc623a163cde9b3eca04f791296/fabric-networking-api-v1-6.3.1+554860db4c.jar:/home/anguscrump/.gradle/caches/modules-2/files-2.1/net.fabricmc.fabric-api/fabric-permission-api-v1/1.0.0+f3e738be4c/67222d8951d4e68a26f7e42697ce7fdb3c4e8ce9/fabric-permission-api-v1-1.0.0+f3e738be4c.jar:/home/anguscrump/.gradle/caches/modules-2/files-2.1/net.fabricmc.fabric-api/fabric-rendering-fluids-v1/6.0.1+d871b99e4c/fe53bab501b2a582517f39ede3e1514074e8de7/fabric-rendering-fluids-v1-6.0.1+d871b99e4c.jar:/home/anguscrump/.gradle/caches/modules-2/files-2.1/net.fabricmc.fabric-api/fabric-tag-api-v1/2.1.0+73b1f9054c/5467b88af064043d14a1cbc32ebc65bf86a4898b/fabric-tag-api-v1-2.1.0+73b1f9054c.jar:/home/anguscrump/.gradle/caches/modules-2/files-2.1/net.fabricmc.fabric-api/fabric-resource-loader-v0/3.3.17+4fc5413f4c/c2e496d77853c7fd1f2b3bd00b44e355dc6ba576/fabric-resource-loader-v0-3.3.17+4fc5413f4c.jar:/home/anguscrump/.gradle/caches/modules-2/files-2.1/net.fabricmc.fabric-api/fabric-resource-loader-v1/2.0.10+7c44c7324c/bb44ca7ae64fe82666c2cd99920cdc017b15f368/fabric-resource-loader-v1-2.0.10+7c44c7324c.jar:/home/anguscrump/.gradle/caches/modules-2/files-2.1/net.fabricmc.fabric-api/fabric-screen-api-v1/5.0.1+d871b99e4c/fecba1d91754428c2d1f5f2e4d25685de3a8f71f/fabric-screen-api-v1-5.0.1+d871b99e4c.jar:/home/anguscrump/.gradle/caches/modules-2/files-2.1/net.fabricmc.fabric-api/fabric-api-base/2.0.3+ece063234c/bdf802883d0f9c1034c436367ab2c7e04ce34ca6/fabric-api-base-2.0.3+ece063234c.jar:/home/anguscrump/.gradle/caches/modules-2/files-2.1/net.fabricmc.fabric-api/fabric-biome-api-v1/18.0.4+35c80edc4c/c82be6aa7922f3212e1bac9441b25a7faa21c057/fabric-biome-api-v1-18.0.4+35c80edc4c.jar:/home/anguscrump/.gradle/caches/modules-2/files-2.1/net.fabricmc.fabric-api/fabric-block-api-v1/3.0.2+ec56b6014c/f5f91f5b317b7acd3014677dd909b55ebc4097b2/fabric-block-api-v1-3.0.2+ec56b6014c.jar:/home/anguscrump/.gradle/caches/modules-2/files-2.1/net.fabricmc.fabric-api/fabric-block-getter-api-v2/2.0.6+ec56b6014c/caabc9eb2f3823864682da5a1c5381a035c00d5f/fabric-block-getter-api-v2-2.0.6+ec56b6014c.jar:/home/anguscrump/.gradle/caches/modules-2/files-2.1/net.fabricmc.fabric-api/fabric-client-gametest-api-v1/5.0.16+cef2a4834c/3f63763d1230c87b2c43aa84c88916fce323687a/fabric-client-gametest-api-v1-5.0.16+cef2a4834c.jar:/home/anguscrump/.gradle/caches/modules-2/files-2.1/net.fabricmc.fabric-api/fabric-crash-report-info-v1/1.0.3+9f78a5a84c/8af0277ba9afc03c6882490db447d40d55ebcedb/fabric-crash-report-info-v1-1.0.3+9f78a5a84c.jar:/home/anguscrump/.gradle/caches/modules-2/files-2.1/net.fabricmc.fabric-api/fabric-key-mapping-api-v1/2.0.4+e2bdee784c/b098e3e06b71a0fec9d18843ba9327f038b7cd5/fabric-key-mapping-api-v1-2.0.4+e2bdee784c.jar:/home/anguscrump/.gradle/caches/modules-2/files-2.1/net.fabricmc.fabric-api/fabric-resource-conditions-api-v1/6.0.5+00a1fba64c/a8ca3e526e0825ee71a36a317cf5c33f0cda0e96/fabric-resource-conditions-api-v1-6.0.5+00a1fba64c.jar:/home/anguscrump/.gradle/caches/modules-2/files-2.1/net.fabricmc.fabric-api/fabric-serialization-api-v1/2.0.3+11a26f314c/55fc25d96a2a848b93a02f48220dff0181ec3056/fabric-serialization-api-v1-2.0.3+11a26f314c.jar:/home/anguscrump/.gradle/caches/modules-2/files-2.1/net.fabricmc.fabric-api/fabric-sound-api-v1/2.0.4+11a26f314c/b63ce87810bc5aa495cb39be7efd2b07e6772822/fabric-sound-api-v1-2.0.4+11a26f314c.jar:/home/anguscrump/.gradle/caches/modules-2/files-2.1/net.fabricmc.fabric-api/fabric-transitive-access-wideners-v1/8.1.0+acd9108d4c/d03c3735d4057a1d574c6e8d51fec7d21ab63b5c/fabric-transitive-access-wideners-v1-8.1.0+acd9108d4c.jar:/home/anguscrump/Documents/Coding/ribbon-world/build/classes/java/main:/home/anguscrump/Documents/Coding/ribbon-world/build/resources/main
Launcher Type: SUN_STANDARD

[Global flags]
     intx CICompilerCount                          = 4                                         {product} {ergonomic}
     uint ConcGCThreads                            = 2                                         {product} {ergonomic}
     uint G1ConcRefinementThreads                  = 9                                         {product} {ergonomic}
   size_t G1HeapRegionSize                         = 2097152                                   {product} {ergonomic}
   size_t InitialHeapSize                          = 260046848                                 {product} {ergonomic}
   size_t MarkStackSize                            = 4194304                                   {product} {ergonomic}
   size_t MarkStackSizeMax                         = 536870912                                 {product} {ergonomic}
   size_t MaxHeapSize                              = 4034920448                                {product} {ergonomic}
   size_t MaxNewSize                               = 2420113408                                {product} {ergonomic}
   size_t MinHeapDeltaBytes                        = 2097152                                   {product} {ergonomic}
   size_t MinHeapSize                              = 8388608                                   {product} {ergonomic}
    uintx NonNMethodCodeHeapSize                   = 5849088                                {pd product} {ergonomic}
    uintx NonProfiledCodeHeapSize                  = 122912768                              {pd product} {ergonomic}
    uintx ProfiledCodeHeapSize                     = 122912768                              {pd product} {ergonomic}
    uintx ReservedCodeCacheSize                    = 251674624                              {pd product} {ergonomic}
     bool SegmentedCodeCache                       = true                                      {product} {ergonomic}
   size_t SoftMaxHeapSize                          = 4034920448                             {manageable} {ergonomic}
     bool UseCompressedOops                        = true                           {product lp64_product} {ergonomic}
     bool UseG1GC                                  = true                                      {product} {ergonomic}

Logging:
Log output configuration:
 #0: 
[error occurred during error reporting (printing log configuration), id 0xb, SIGSEGV (0xb) at pc=0x0000ffff760e05b8]
Release file:
JAVA_VERSION="25.0.3"
MODULES="java.base java.compiler java.datatransfer java.xml java.prefs java.desktop java.instrument java.logging java.management java.security.sasl java.naming java.rmi java.management.rmi java.net.http java.scripting java.security.jgss java.transaction.xa java.sql java.sql.rowset java.xml.crypto java.se java.smartcardio jdk.accessibility jdk.internal.jvmstat jdk.attach jdk.charsets jdk.internal.opt jdk.zipfs jdk.compiler jdk.crypto.cryptoki jdk.crypto.ec jdk.dynalink jdk.internal.ed jdk.editpad jdk.internal.vm.ci jdk.graal.compiler jdk.graal.compiler.management jdk.hotspot.agent jdk.httpserver jdk.incubator.vector jdk.internal.le jdk.internal.md jdk.jartool jdk.javadoc jdk.jcmd jdk.management jdk.management.agent jdk.jconsole jdk.jdeps jdk.jdwp.agent jdk.jdi jdk.jfr jdk.jlink jdk.jpackage jdk.jshell jdk.jsobject jdk.jstatd jdk.localedata jdk.management.jfr jdk.naming.dns jdk.naming.rmi jdk.net jdk.nio.mapmode jdk.sctp jdk.security.auth jdk.security.jgss jdk.unsupported jdk.unsupported.desktop jdk.xml.dom"
IMPLEMENTOR="JetBrains s.r.o."
IMPLEMENTOR_VERSION="JBRSDK-25.0.3+9-480.61-nomod"
JAVA_RUNTIME_VERSION="25.0.3+9-b480.61"
LIBC="gnu"
OS_ARCH="aarch64"
OS_NAME="Linux"
SOURCE=".:git:52b04970adc8+"

Environment Variables:
PATH=/home/anguscrump/.local/bin:/home/anguscrump/bin:/usr/local/sbin:/usr/local/bin:/usr/sbin:/usr/bin:/sbin:/bin:/var/lib/snapd/snap/bin:/home/anguscrump/.cargo/bin
XDG_CACHE_HOME=/home/anguscrump/.cache
XDG_CONFIG_HOME=/home/anguscrump/.config
SHELL=/bin/bash
DISPLAY=:0
WAYLAND_DISPLAY=wayland-1
LANG=en_AU.UTF-8

Active Locale:
LC_ALL=en_AU.UTF-8
LC_COLLATE=en_AU.UTF-8
LC_CTYPE=en_AU.UTF-8
LC_MESSAGES=en_AU.UTF-8
LC_MONETARY=en_AU.UTF-8
LC_NUMERIC=en_AU.UTF-8
LC_TIME=en_AU.UTF-8

Signal Handlers:
   SIGSEGV: crash_handler in libjvm.so, mask=11100100010111111101111111111110, flags=SA_RESTART|SA_SIGINFO, unblocked
    SIGBUS: crash_handler in libjvm.so, mask=11100100010111111101111111111110, flags=SA_RESTART|SA_SIGINFO, unblocked
    SIGFPE: crash_handler in libjvm.so, mask=11100100010111111101111111111110, flags=SA_RESTART|SA_SIGINFO, unblocked
   SIGPIPE: javaSignalHandler in libjvm.so, mask=11100100010111111101111111111110, flags=SA_RESTART|SA_SIGINFO, blocked
   SIGXFSZ: javaSignalHandler in libjvm.so, mask=11100100010111111101111111111110, flags=SA_RESTART|SA_SIGINFO, blocked
    SIGILL: crash_handler in libjvm.so, mask=11100100010111111101111111111110, flags=SA_RESTART|SA_SIGINFO, unblocked
   SIGUSR2: SR_handler in libjvm.so, mask=00000000000000000000000000000000, flags=SA_RESTART|SA_SIGINFO, blocked
    SIGHUP: UserHandler in libjvm.so, mask=11100100010111111101111111111110, flags=SA_RESTART|SA_SIGINFO, blocked
    SIGINT: UserHandler in libjvm.so, mask=11100100010111111101111111111110, flags=SA_RESTART|SA_SIGINFO, blocked
   SIGTERM: UserHandler in libjvm.so, mask=11100100010111111101111111111110, flags=SA_RESTART|SA_SIGINFO, blocked
   SIGQUIT: UserHandler in libjvm.so, mask=11100100010111111101111111111110, flags=SA_RESTART|SA_SIGINFO, blocked
   SIGTRAP: crash_handler in libjvm.so, mask=11100100010111111101111111111110, flags=SA_RESTART|SA_SIGINFO, unblocked


Compilation memory statistics disabled.

Periodic native trim disabled

JNI global refs:
JNI global refs: 63, weak refs: 45

JNI global refs memory usage: 1491, weak refs: 857

Process memory usage:
Resident Set Size: 2039040K (12% of 15755056K total physical memory with 4681040K free physical memory)

OOME stack traces (most recent first):
Classloader memory used:
Loader net.fabricmc.loader.impl.launch.knot.KnotClassLoader                            : 124 M
Loader bootstrap                                                                       : 12699 K
Loader jdk.internal.loader.ClassLoaders$AppClassLoader                                 : 6992 K
Loader jdk.internal.loader.ClassLoaders$PlatformClassLoader                            : 499 K

---------------  S Y S T E M  ---------------

OS:
Fedora Asahi Remix release 44 (Forty Four)
uname: Linux 7.0.8-fairydust+ #1 SMP PREEMPT_DYNAMIC Sun May 17 15:02:15 AEST 2026 aarch64
OS uptime: 0 days 2:31 hours
libc: glibc 2.43 NPTL 2.43 
rlimit (soft/hard): STACK 8192k/infinity , CORE infinity/infinity , NPROC 31098/31098 , NOFILE 524288/524288 , AS infinity/infinity , CPU infinity/infinity , DATA infinity/infinity , FSIZE infinity/infinity , MEMLOCK 8192k/8192k
load average: 3.44 2.36 1.82

/proc/meminfo:
MemTotal:       15755056 kB
MemFree:         1643296 kB
MemAvailable:    4633152 kB
Buffers:            1200 kB
Cached:          5052320 kB
SwapCached:       960256 kB
Active:          2101312 kB
Inactive:        9623744 kB
Active(anon):    1775696 kB
Inactive(anon):  6075904 kB
Active(file):     325616 kB
Inactive(file):  3547840 kB
Unevictable:      884256 kB
Mlocked:             704 kB
SwapTotal:      33554336 kB
SwapFree:       31437392 kB
Zswap:            516256 kB
Zswapped:        1053632 kB
Dirty:              3552 kB
Writeback:             0 kB
AnonPages:       7525408 kB
Mapped:          1620336 kB
Shmem:           1181504 kB
KReclaimable:     216288 kB
Slab:             524960 kB
SReclaimable:     216288 kB
SUnreclaim:       308672 kB
KernelStack:       45856 kB
PageTables:        60672 kB
SecPageTables:       944 kB
NFS_Unstable:          0 kB
Bounce:                0 kB
WritebackTmp:          0 kB
CommitLimit:    41431856 kB
Committed_AS:   23012944 kB
VmallocTotal:   136898928640 kB
VmallocUsed:       94432 kB
VmallocChunk:          0 kB
Percpu:             7200 kB
HardwareCorrupted:     0 kB
AnonHugePages:    917504 kB
ShmemHugePages:        0 kB
ShmemPmdMapped:        0 kB
FileHugePages:         0 kB
FilePmdMapped:         0 kB
CmaTotal:          65536 kB
CmaFree:           63456 kB
Balloon:               0 kB
HugePages_Total:       0
HugePages_Free:        0
HugePages_Rsvd:        0
HugePages_Surp:        0
Hugepagesize:      32768 kB
Hugetlb:               0 kB

/sys/kernel/mm/transparent_hugepage/enabled: always [madvise] never
/sys/kernel/mm/transparent_hugepage/hpage_pmd_size: 33554432
/sys/kernel/mm/transparent_hugepage/shmem_enabled: always within_size advise [never] deny force
/sys/kernel/mm/transparent_hugepage/defrag (defrag/compaction efforts parameter): always defer defer+madvise [madvise] never

Process Memory:
Virtual Size: 11004592K (peak: 11716320K)
Resident Set Size: 2040768K (peak: 2200320K) (anon: 1968272K, file: 68944K, shmem: 3552K)
Swapped out: 0K
C-Heap outstanding allocations: 143264K, retained: 317519K
glibc malloc tunables: (default)

/proc/sys/kernel/threads-max (system-wide limit on the number of threads): 62196
/proc/sys/vm/max_map_count (maximum number of memory map areas a process may have): 1048576
/proc/sys/vm/swappiness (control to define how aggressively the kernel swaps out anonymous memory): 60
/proc/sys/kernel/pid_max (system-wide limit on number of process identifiers): 4194304

container information not found.
Steal ticks since vm start: 0
Steal ticks percentage since vm start:  0.000

CPU: total 10 (initial active 10) 0x61:0x2:0x025:0(0x024), fp, asimd, evtstrm, aes, pmull, sha1, sha256, crc32, lse, fphp, asimdhp, dcpop, sha3, sha512, paca
/proc/cpuinfo:
processor	: 0
BogoMIPS	: 48.00
Features	: fp asimd evtstrm aes pmull sha1 sha2 crc32 atomics fphp asimdhp cpuid asimdrdm jscvt fcma lrcpc dcpop sha3 asimddp sha512 asimdfhm dit uscat ilrcpc flagm ssbs sb paca pacg dcpodp flagm2 frint
CPU implementer	: 0x61
CPU architecture: 8
CPU variant	: 0x2
CPU part	: 0x024
CPU revision	: 0

processor	: 1
BogoMIPS	: 48.00
Features	: fp asimd evtstrm aes pmull sha1 sha2 crc32 atomics fphp asimdhp cpuid asimdrdm jscvt fcma lrcpc dcpop sha3 asimddp sha512 asimdfhm dit uscat ilrcpc flagm ssbs sb paca pacg dcpodp flagm2 frint
CPU implementer	: 0x61
CPU architecture: 8
CPU variant	: 0x2
CPU part	: 0x024
CPU revision	: 0

processor	: 2
BogoMIPS	: 48.00
Features	: fp asimd evtstrm aes pmull sha1 sha2 crc32 atomics fphp asimdhp cpuid asimdrdm jscvt fcma lrcpc dcpop sha3 asimddp sha512 asimdfhm dit uscat ilrcpc flagm ssbs sb paca pacg dcpodp flagm2 frint
CPU implementer	: 0x61
CPU architecture: 8
CPU variant	: 0x2
CPU part	: 0x025
CPU revision	: 0

processor	: 3
BogoMIPS	: 48.00
Features	: fp asimd evtstrm aes pmull sha1 sha2 crc32 atomics fphp asimdhp cpuid asimdrdm jscvt fcma lrcpc dcpop sha3 asimddp sha512 asimdfhm dit uscat ilrcpc flagm ssbs sb paca pacg dcpodp flagm2 frint
CPU implementer	: 0x61
CPU architecture: 8
CPU variant	: 0x2
CPU part	: 0x025
CPU revision	: 0

processor	: 4
BogoMIPS	: 48.00
Features	: fp asimd evtstrm aes pmull sha1 sha2 crc32 atomics fphp asimdhp cpuid asimdrdm jscvt fcma lrcpc dcpop sha3 asimddp sha512 asimdfhm dit uscat ilrcpc flagm ssbs sb paca pacg dcpodp flagm2 frint
CPU implementer	: 0x61
CPU architecture: 8
CPU variant	: 0x2
CPU part	: 0x025
CPU revision	: 0

processor	: 5
BogoMIPS	: 48.00
Features	: fp asimd evtstrm aes pmull sha1 sha2 crc32 atomics fphp asimdhp cpuid asimdrdm jscvt fcma lrcpc dcpop sha3 asimddp sha512 asimdfhm dit uscat ilrcpc flagm ssbs sb paca pacg dcpodp flagm2 frint
CPU implementer	: 0x61
CPU architecture: 8
CPU variant	: 0x2
CPU part	: 0x025
CPU revision	: 0

processor	: 6
BogoMIPS	: 48.00
Features	: fp asimd evtstrm aes pmull sha1 sha2 crc32 atomics fphp asimdhp cpuid asimdrdm jscvt fcma lrcpc dcpop sha3 asimddp sha512 asimdfhm dit uscat ilrcpc flagm ssbs sb paca pacg dcpodp flagm2 frint
CPU implementer	: 0x61
CPU architecture: 8
CPU variant	: 0x2
CPU part	: 0x025
CPU revision	: 0

processor	: 7
BogoMIPS	: 48.00
Features	: fp asimd evtstrm aes pmull sha1 sha2 crc32 atomics fphp asimdhp cpuid asimdrdm jscvt fcma lrcpc dcpop sha3 asimddp sha512 asimdfhm dit uscat ilrcpc flagm ssbs sb paca pacg dcpodp flagm2 frint
CPU implementer	: 0x61
CPU architecture: 8
CPU variant	: 0x2
CPU part	: 0x025
CPU revision	: 0

processor	: 8
BogoMIPS	: 48.00
Features	: fp asimd evtstrm aes pmull sha1 sha2 crc32 atomics fphp asimdhp cpuid asimdrdm jscvt fcma lrcpc dcpop sha3 asimddp sha512 asimdfhm dit uscat ilrcpc flagm ssbs sb paca pacg dcpodp flagm2 frint
CPU implementer	: 0x61
CPU architecture: 8
CPU variant	: 0x2
CPU part	: 0x025
CPU revision	: 0

processor	: 9
BogoMIPS	: 48.00
Features	: fp asimd evtstrm aes pmull sha1 sha2 crc32 atomics fphp asimdhp cpuid asimdrdm jscvt fcma lrcpc dcpop sha3 asimddp sha512 asimdfhm dit uscat ilrcpc flagm ssbs sb paca pacg dcpodp flagm2 frint
CPU implementer	: 0x61
CPU architecture: 8
CPU variant	: 0x2
CPU part	: 0x025
CPU revision	: 0


Online cpus: 0-9
Offline cpus: 

Memory: 16k page, physical 15755056k(4633152k free), swap 33554336k(31437392k free)
Page Sizes: 16k

vm_info: OpenJDK 64-Bit Server VM (25.0.3+9-b480.61) for linux-aarch64 JRE (25.0.3+9-b480.61), built on 2026-05-12 with gcc 10.3.1 20210422 (Red Hat 10.3.1-1.2.0.1)

END.
